#t    E^kin_scal0    E^grad_scal0    E^kin_cmplxscal0    E^grad_cmplxscal0    E^kin_SU2matter    E^grad_SU2matter    E^kin_U10    E^grad_U10    E^kin_SU2    E^grad_SU2    Vpot_term_0    Vpot_term_1    Vpot_term_2    E_tot
0    2.9548913138501e-13    2.76651757152095e-13    5.4557651416113e-13    5.41418588207565e-13    0.500000557913355    5.73194690779483e-12    3.67394812668184e-12    3.65557209490977e-13    1.19885323339504e-11    7.99775449100642e-13    1.00000000000018    0    0    1.50000055793776
0.3535535    5.60651153105614e-14    5.87132970772462e-14    1.09575710329659e-13    1.05541225408975e-13    0.277893243000571    2.31025750131386e-12    7.68207234769884e-13    6.34777534035381e-14    1.70822279750177e-12    1.31549390692311e-13    0.28819952144218    0    0    0.566092764448063
0.707106999999999    1.54383604689665e-14    1.40616168402401e-14    2.79877279668067e-14    2.73047383676712e-14    0.122883069750577    5.11177212089395e-13    1.38421742404936e-13    1.80336501130355e-14    4.22015845891481e-13    3.53749950350686e-14    0.0443749991233433    0    0    0.16725806887513
1.0606605    5.64600816191809e-15    5.31205379358467e-15    1.07268893906392e-14    1.00101868421907e-14    0.046383556171357    1.18903060010601e-13    3.63021992025412e-14    7.46585674637838e-15    1.09886620030422e-13    1.65078824885451e-14    0.00261207359255143    0    0    0.0489956297642292
1.414214    2.77053590283979e-15    2.79116068085248e-15    5.32593810698208e-15    5.11380195512596e-15    0.0180940496625196    1.98388348633915e-14    9.71486340371545e-15    4.96689284381989e-15    3.05778501353611e-14    1.15745355321167e-14    6.64295060624121e-06    0    0    0.0181006926132185
1.76776750000001    1.70039008543677e-15    1.64532241852223e-15    3.11207887518925e-15    3.19382532360265e-15    0.00844611784880456    3.02853102175848e-14    5.12186083433097e-15    3.25190075601252e-15    1.5093999187118e-14    6.72666397099602e-15    4.38782592901167e-05    0    0    0.00848999610816481
2.121321    1.1184468937649e-15    1.11150522531573e-15    2.16709129063487e-15    2.02176819055897e-15    0.00370356619639783    3.26947064974781e-14    7.18790214389355e-15    1.57608306816015e-15    4.55727026144337e-14    1.28716166548659e-15    0.00113145875842868    0    0    0.00483502495492125
2.4748745    7.679998482215e-16    7.83233964179513e-16    1.41237573321553e-15    1.50679659812991e-15    0.000341227376196304    3.25583975949341e-14    1.06172965734511e-14    1.00238237260519e-15    4.23454551451734e-14    2.57963831475006e-16    0.00349518395494022    0    0    0.00383641133122778
2.82842799999999    5.33736633449916e-16    5.29437064157776e-16    1.01291363340832e-15    9.87136652844884e-16    0.000732299994675937    3.45079541368223e-14    7.41764527265927e-15    6.53112215971326e-16    2.0251037490568e-14    -8.80258155636139e-17    0.00298378856206541    0    0    0.00371608855680716
3.18198149999998    3.57584044447207e-16    3.62515227307018e-16    6.73774487050964e-16    6.79329944311682e-16    0.00208264185703891    1.45807685228934e-14    3.19106521583351e-15    4.47613007322568e-16    1.45659179052859e-14    1.02669908600832e-16    0.000725968114458193    0    0    0.00280860997153207
3.53553499999997    2.563741032441e-16    2.48862688537966e-16    4.75464565814899e-16    4.76185540521932e-16    0.00172213922804903    6.10949623194977e-15    1.47202193819599e-15    4.00078099291333e-16    4.44892387163505e-15    3.34526960631713e-16    3.59362747368508e-05    0    0    0.00175807550280011
3.88908849999997    1.86902469135751e-16    1.87089927187146e-16    3.57306570397514e-16    3.46011594684468e-16    0.00111983489138837    7.91143085510921e-16    5.61075782510451e-16    4.03043381500777e-16    2.34290316033033e-15    6.1959040283404e-16    4.51929400272729e-12    0    0    0.00111983489591346
4.24264199999997    1.43805148333692e-16    1.42987655078961e-16    2.7069735896126e-16    2.68748684303778e-16    0.000733317807998002    5.28253473059978e-15    1.08912714896586e-15    2.14259432041884e-16    2.72759801996628e-15    2.54538398593357e-17    2.39287656273857e-05    0    0    0.000757246573635553
4.59619549999999    1.12587405415969e-16    1.15100392487727e-16    2.09504230664318e-16    2.18412261674097e-16    0.00032042207534413    5.63773969412355e-15    2.0558631181999e-15    1.44667678482097e-16    4.84393041317444e-15    -1.30277860396789e-16    0.000247047559924073    0    0    0.000567469635281411
4.949749    9.24805553492296e-17    8.84656400641144e-17    1.72249711759301e-16    1.6869920766728e-16    2.19555202721296e-06    6.97661217614044e-15    1.46108647433653e-15    1.12270947346099e-16    4.29541273839275e-15    -1.63382328920434e-16    0.000522496944235801    0    0    0.000524692496276218
5.30330250000002    6.99713849850731e-17    7.343417141181e-17    1.34938830060916e-16    1.3482708349961e-16    0.000194445246739047    4.22196155189724e-15    9.65430910528281e-16    8.6435239041703e-17    4.09852686023097e-15    -1.09606107961685e-16    0.000305864267682894    0    0    0.000500309514431618
5.65685600000003    5.78767737445616e-17    5.55369911100825e-17    1.07237921145638e-16    1.06034585877545e-16    0.000349548086257439    2.33309478350116e-15    6.02552024175344e-16    8.16598937104772e-17    2.17849515870639e-15    -4.60758138950894e-17    4.71361127368388e-05    0    0    0.000396684198999754
6.01040950000005    4.56419638541165e-17    4.59178827724583e-17    8.65086576340815e-17    8.56867939627786e-17    0.000290820773241212    6.58409144064716e-16    2.96035047279382e-16    8.84670950566778e-17    7.98189117981076e-16    3.0283145647095e-17    6.12216885360999e-07    0    0    0.000291432990128708
6.36396300000006    3.68606614998535e-17    3.86472768042679e-17    7.00328103507167e-17    7.20048858830557e-17    0.000217753372105757    6.82262264629978e-16    1.42419600950812e-16    1.05110147592204e-16    4.3741451183924e-16    1.21802811514725e-16    2.64803060578437e-07    0    0    0.000218018175168042
6.71751650000007    3.23975990797554e-17    3.09318829839264e-17    5.92723482155715e-17    5.96705835244943e-17    0.000147411364769908    1.08697542440707e-15    8.0571730265235e-16    5.24130709055129e-17    1.92296820474237e-15    -6.47172281100565e-17    2.14721800569624e-05    0    0    0.000168883544830856
7.07107000000009    2.68229867333018e-17    2.67172132092313e-17    5.17738328889097e-17    4.91554560666602e-17    3.92019142758567e-05    2.70526667190591e-15    4.84800679462442e-16    3.58770738283914e-17    1.88351683015998e-15    -7.45258184137191e-17    0.000106022253710538    0    0    0.000145224167991584
7.4246235000001    2.25412536452072e-17    2.28625361974955e-17    4.17237013127263e-17    4.34350199223409e-17    8.77858873992107e-06    3.30841632029858e-15    3.47569572575658e-16    3.07771378222046e-17    1.04935954397403e-15    -6.11801731066245e-17    0.000133917557990976    0    0    0.000142696146735702
7.77817700000012    1.94363736345324e-17    1.87666033067269e-17    3.66251756728058e-17    3.54231273234946e-17    8.43000571936884e-05    2.14167066445288e-15    2.2989395341428e-16    2.93156522054431e-17    8.24683084610375e-16    -4.81478073920493e-17    4.65330847694957e-05    0    0    0.000130833141966472
8.13173050000013    1.57248659485514e-17    1.67609925734082e-17    2.9834667497654e-17    3.11641209132912e-17    0.000102811880004583    8.33753720529581e-16    1.72909574701634e-16    2.85801478168657e-17    4.12534077261218e-16    -1.59790590331134e-17    3.45173589551945e-06    0    0    0.000106263615901627
8.48528400000015    1.42195729855058e-17    1.3612127360605e-17    2.66701897232146e-17    2.57018543443492e-17    8.45968017029161e-05    9.49775073509776e-17    1.36797081781591e-16    4.22689402761393e-17    3.06219451565049e-16    2.85877955654187e-17    1.00018449094764e-10    0    0    8.45969017220542e-05
8.83883750000016    1.20507431013132e-17    1.2111552528493e-17    2.22997133308919e-17    2.31538448124163e-17    6.70500801847481e-05    1.44522656193922e-15    1.62161610151147e-16    3.8969628395334e-17    3.070598609006e-16    2.64614286470995e-17    1.33887347993764e-06    0    0    6.83889536667352e-05
9.19239100000018    1.04592030815952e-17    1.06691443274359e-17    2.01776137515835e-17    1.95617038659376e-17    3.79540096468092e-05    1.7555849972591e-15    5.69464696661987e-16    1.83588864920276e-17    9.0477779594875e-16    -1.79061617717197e-17    1.9539272841483e-05    0    0    5.74932824915834e-05
9.54594450000019    9.47692481162242e-18    9.08759190519858e-18    1.76549542057435e-17    1.72573477359157e-17    2.12209436834336e-06    3.03186983373433e-15    1.48203662320304e-16    1.84633450554974e-17    4.82619706871498e-16    -2.66678233007268e-17    5.18464892884125e-05    0    0    5.39685836604638e-05
9.89949800000021    8.03257944974795e-18    8.22879993687305e-18    1.49540372662181e-17    1.56205735381124e-17    1.56248306000157e-05    2.21500990760743e-15    1.49285341831014e-16    1.67417924703536e-17    6.94865169328578e-16    -2.38686825442094e-17    3.74553611984334e-05    0    0    5.3080191801548e-05
10.2530515000002    7.03183123840925e-18    7.21183018022674e-18    1.3473091882117e-17    1.33322340572495e-17    3.9995577774966e-05    4.39073626144672e-16    5.70508228908389e-16    1.20936080868668e-17    8.74544402301426e-16    -1.4668984980969e-17    7.13528398686524e-06    0    0    4.71308617637538e-05
10.6066050000002    6.48368322036317e-18    6.07627936832356e-18    1.17841624313914e-17    1.18399238726395e-17    3.92244775920706e-05    1.43403587855846e-16    2.30800524303659e-16    1.3124689695146e-17    3.44598670814311e-16    -4.76710848923874e-18    1.42774581873766e-07    0    0    3.93672521747077e-05
10.9601585000002    5.3309380142202e-18    5.8064615976784e-18    1.05692044800552e-17    1.0383271140031e-17    3.29089057251824e-05    2.65529180577577e-16    1.0285658989297e-16    5.29178538826103e-17    1.63676921537587e-16    6.70258144105988e-17    1.89911429916178e-08    0    0    3.29278968688581e-05
11.3137120000003    5.17220177885969e-18    4.78938531459541e-18    9.27879764789707e-18    9.45447064519549e-18    2.51761829540061e-05    2.34033181861843e-16    1.06147558091118e-15    8.83185006868996e-18    1.33973205780565e-15    -1.46394720847262e-17    2.7659701283404e-06    0    0    2.79421530850046e-05
11.6672655000003    4.36483596522939e-18    4.57667747428078e-18    8.44587226246232e-18    8.37556249148873e-18    8.72940237669114e-06    3.14163133126416e-15    9.61230052672432e-17    1.94815461297312e-17    4.87412260238557e-16    -5.96946266031285e-18    1.63627053133482e-05    0    0    2.50921076938038e-05
12.0208190000003    4.02614830838794e-18    4.00124779087746e-18    7.62934468699385e-18    7.46696663077353e-18    6.33759016778031e-07    3.16587033925099e-15    2.0288818355342e-16    1.53635563584668e-17    4.14411811737185e-16    -3.12292601714657e-19    2.40547242041045e-05    0    0    2.46884832247039e-05
12.3743725000003    3.67754306945833e-18    3.52393304407033e-18    6.70861457299376e-18    6.82997615768137e-18    1.38946525005135e-05    1.62215504501652e-15    5.3723910778831e-16    1.29455786058208e-17    6.81466430370711e-16    -7.34738794993008e-19    9.68960824502452e-06    0    0    2.35842607484119e-05
12.7279260000003    3.12121824490527e-18    3.34029623742295e-18    6.05985718346554e-18    6.09823588518571e-18    1.98234131004782e-05    1.10675000682299e-15    7.4862602778188e-17    1.99458220818068e-17    1.399882994338e-16    1.49242161598389e-17    8.66644269852516e-07    0    0    2.06900573717058e-05
13.0814795000003    3.03914645001832e-18    2.79652042918859e-18    5.53093177224147e-18    5.44768567556357e-18    1.77700291795613e-05    6.43832844081002e-17    2.29830876783801e-16    2.96768211377836e-17    2.95781080684931e-16    3.16564262228364e-17    2.15047006927967e-10    0    0    1.77702442272364e-05
13.4350330000004    2.55291760654553e-18    2.73965115863138e-18    4.98506909943027e-18    4.96642102221746e-18    1.51386240226501e-05    2.09833880204853e-15    1.15622563427589e-16    6.92060790961396e-17    1.55287679258545e-16    8.89702887579118e-17    2.19828195969961e-07    0    0    1.53584522211627e-05
13.7885865000004    2.41872344402986e-18    2.40467444938579e-18    4.44639083576029e-18    4.62703694691404e-18    9.59579794830883e-06    3.63661647368803e-15    4.47465464878324e-16    2.70296499387443e-17    5.72449687325791e-16    2.59366515562851e-17    3.96712774881085e-06    0    0    1.35629257018431e-05
14.1421400000004    2.26119382157441e-18    2.14187651981027e-18    4.17506523598836e-18    4.10995285871811e-18    9.39135182546951e-07    4.42169297418871e-15    5.04173595716851e-16    2.19601295167488e-17    6.03934814475938e-16    1.77879494562474e-17    1.19374352163871e-05    0    0    1.28765704045163e-05
14.4956935000004    1.91645678648474e-18    2.0996627813749e-18    3.81223628909699e-18    3.7411602292308e-18    3.05237958945743e-06    3.41281122819983e-15    6.49736965789487e-16    1.90840625555561e-17    9.36269102968925e-16    8.15438031002146e-18    9.70976479848337e-06    0    0    1.27621443929784e-05
14.8492470000004    1.93455223581031e-18    1.7240294163023e-18    3.42628853086398e-18    3.45660055024002e-18    9.72340847688585e-06    2.66650654320525e-16    1.36785356695196e-15    3.90182324495821e-18    1.52792826305731e-15    -5.10726390033409e-19    2.09519986043949e-06    0    0    1.18186083405017e-05
15.2028005000004    1.57856509142495e-18    1.76938169047199e-18    3.18027376900327e-18    3.11286554527447e-18    1.03617994079362e-05    1.17425877806003e-16    5.27979488715776e-16    5.8015118110129e-18    6.02605603762236e-16    2.09496895829057e-18    5.47706234476169e-08    0    0    1.04165700326493e-05
15.5563540000004    1.61290133619367e-18    1.45555840093427e-18    2.83711337684681e-18    2.93697700990007e-18    9.1540495872231e-06    3.89892945654195e-16    2.61001730879652e-16    1.22129891491569e-16    2.94604153954517e-16    1.47525415799497e-16    2.69630039172549e-09    0    0    9.15674588883882e-06
15.9099075000005    1.36627337705994e-18    1.46092968884901e-18    2.6958621153139e-18    2.62134099921202e-18    7.44728979058814e-06    3.26033292827115e-16    2.8332464204312e-15    4.07433386123874e-18    3.01490410324858e-15    2.04789691383178e-18    6.6536958769136e-07    0    0    8.11265938446795e-06
16.2634610000004    1.30628986926892e-18    1.30493887731166e-18    2.41065354087178e-18    2.50077189949652e-18    2.99244771932731e-06    7.30836483467666e-15    5.62204138394123e-16    4.77599749119996e-17    8.31641283126891e-16    4.19388440033543e-17    4.46512438090053e-06    0    0    7.45757210902727e-06
16.6170145000003    1.2255630232281e-18    1.18491014670164e-18    2.32219415130329e-18    2.2110126325708e-18    7.12921640093392e-08    6.03831497518978e-15    1.61037902417926e-15    3.13065300559644e-17    1.78855157952473e-15    3.06295169890982e-17    7.27329776269765e-06    0    0    7.34458993621311e-06
16.9705680000003    1.09628752099898e-18    1.12846262622817e-18    2.0389431381326e-18    2.14604549347834e-18    3.89346029256999e-06    2.34724560000008e-15    2.52222381229364e-15    1.87987425700479e-17    2.58793685175582e-15    2.21413305593722e-17    3.24291969482349e-06    0    0    7.13637999489823e-06
17.3241215000002    1.02646685391967e-18    1.02818331422682e-18    1.96443965196246e-18    1.89923006472044e-18    6.16424223135502e-06    3.48852558199124e-15    1.03651778418946e-16    6.61996445662112e-17    1.36346613852247e-16    7.58848249421073e-17    3.31133388403287e-07    0    0    6.49537562363483e-06
17.6776750000001    9.76274810607431e-19    9.24734759156777e-19    1.78139660431885e-18    1.79607516728417e-18    5.7956235255467e-06    1.35977151321088e-16    7.71873398670017e-16    7.27261102341661e-17    8.33706932253651e-16    8.14945217946099e-17    2.49940281622319e-10    0    0    5.79587346772958e-06
18.0312285    8.55669184990134e-19    9.11080555517144e-19    1.67102495924132e-18    1.65044883022821e-18    5.13080111884577e-06    6.25299176334653e-15    1.90753302643753e-16    2.90364624505101e-16    2.0897391105523e-16    3.30644337918222e-16    5.63063285567175e-08    0    0    5.18710745468131e-06
18.384782    8.39302103170765e-19    8.03723739362371e-19    1.53149068366593e-18    1.5607567174514e-18    3.48973208139513e-06    1.34263672515076e-14    4.99529462583345e-16    1.28207211054899e-16    6.22411124482558e-16    1.37313162939828e-16    1.21693296080447e-06    0    0    4.70666505701816e-06
18.7383354999999    7.52622712671429e-19    7.81101901634735e-19    1.44798928752879e-18    1.43502218444836e-18    4.69713461605446e-07    9.9484307797782e-15    4.12597779898602e-15    5.79025073431958e-17    4.17337098381506e-15    6.80825831001946e-17    4.03201737257544e-06    0    0    4.50173085255906e-06
19.0918889999998    7.16959549455342e-19    7.1054127225352e-19    1.32403321065367e-18    1.36252301350358e-18    8.84885810413259e-07    7.58440661201677e-15    4.67811445006362e-15    4.73535157273597e-17    4.98801307663816e-15    4.46061355596842e-17    3.5904131258024e-06    0    0    4.47529895356227e-06
19.4454424999997    6.64174050251798e-19    6.66349327170993e-19    1.28120690883421e-18    1.22036910300946e-18    3.3828861985424e-06    1.32776498411481e-15    4.78128826689336e-15    9.75618462398092e-18    4.971251161197e-15    1.12678559995061e-17    8.5296265627806e-07    0    0    4.23584886592562e-06
19.7989959999997    6.27916293712235e-19    6.12643021494232e-19    1.13922790995756e-18    1.19405908106509e-18    3.81785082329911e-06    4.22972403929449e-16    1.99447504084995e-15    1.58019908649223e-17    2.08810225211742e-15    1.68585621422232e-17    2.74033290430519e-08    0    0    3.84525415688395e-06
20.1525494999996    5.74613612635946e-19    5.85024612886432e-19    1.10807300218803e-18    1.07432259757977e-18    3.47601595669058e-06    1.03968130885213e-15    1.09561205527364e-15    5.02197905925015e-16    1.13654759718216e-15    5.43889846069042e-16    5.02890485761154e-10    0    0    3.47651885149761e-06
20.5061029999995    5.49217415965836e-19    5.37412857582002e-19    1.03649868340388e-18    1.00637608330083e-18    2.93972747819107e-06    2.29479575370111e-15    1.11678690069938e-14    3.01303934466145e-17    1.13805987116029e-14    4.09053112129089e-17    2.1871075057199e-07    0    0    3.15843825368049e-06
20.8596564999994    4.98685214152535e-19    5.21596634977458e-19    9.20399466064644e-19    9.98610043291643e-19    1.31124445100362e-06    2.29808955956864e-14    5.7939922835011e-15    1.75726429907619e-16    6.10767453101359e-15    1.80236900186996e-16    1.63459233613912e-06    0    0    2.9458368223842e-06
21.2132099999994    4.85185769731656e-19    4.72431321050104e-19    9.27045822368169e-19    8.74693933243776e-19    6.43616478555288e-09    1.40830113611322e-14    1.25877954703368e-14    8.38690405963284e-17    1.28913233534095e-14    8.88875564538566e-17    2.89666414018727e-06    0    0    2.90310034471046e-06
21.5667634999993    4.54269091757705e-19    4.44425870201979e-19    8.32284678753173e-19    8.57947086988128e-19    1.44225434673121e-06    3.84955405746758e-15    1.411872073281e-14    3.41222265887385e-17    1.41524800535425e-14    5.04605377246208e-17    1.4043248795166e-06    0    0    2.84657925845573e-06
21.9203169999992    4.08674682773796e-19    4.3471431958047e-19    8.16624297684948e-19    7.69428162251216e-19    2.48747419417762e-06    1.61100557105825e-14    5.85254615697377e-16    3.29167375520867e-16    6.1027949833191e-16    3.54937118442141e-16    1.5996396456377e-07    0    0    2.64743817673351e-06
22.2738704999991    4.14327519821247e-19    3.78659074660496e-19    7.17214431132291e-19    7.74340056261866e-19    2.41702321568516e-06    5.53392951845771e-16    3.73190188344837e-15    2.85553573260355e-16    3.82962953494955e-15    2.99274660090281e-16    2.5627482029032e-10    0    0    2.41727949920749e-06
22.6274239999991    3.55806273179063e-19    3.91397206113807e-19    7.23716560994962e-19    6.81587730618021e-19    2.19190847746002e-06    2.68672841772104e-14    4.01541069006668e-16    1.59356531287671e-15    4.14096909940941e-16    1.66802857605263e-15    1.83196606569401e-08    0    0    2.21022816906363e-06
22.980977499999    3.61817538070323e-19    3.42999228105979e-19    6.45081628167901e-19    6.8066075871382e-19    1.56949797504558e-06    6.49214764915804e-14    6.10002334908963e-16    7.37109911524507e-16    8.51407597669025e-16    7.55139917017134e-16    4.70788698298217e-07    0    0    2.04028674122096e-06
23.3345309999989    3.37084702225341e-19    3.28725416437942e-19    6.3487684210125e-19    6.17646220216138e-19    2.64877741998712e-07    2.38659281315457e-14    3.22042002772164e-14    1.6003338221338e-16    3.2245352641681e-14    1.84925457873302e-16    1.69658234850481e-06    0    0    1.96146017916588e-06
23.6880844999988    3.01725408949097e-19    3.26723309544566e-19    5.92627170323048e-19    5.89670526790078e-19    3.1894869915293e-07    1.67839255755458e-14    3.41988371053286e-14    1.17473865591025e-16    3.46599598653639e-14    1.19714958568777e-16    1.63379036478252e-06    0    0    1.95273914981717e-06
24.0416379999988    3.09816491307187e-19    2.83578451776634e-19    5.54821712748451e-19    5.61006063601848e-19    1.45127562670417e-06    1.41940107820634e-14    2.060015036273e-14    1.26109436071182e-16    2.09603230092406e-14    1.30706619185139e-16    4.21782941193491e-07    0    0    1.87305862391067e-06
24.3951914999987    2.67825372998113e-19    2.92822238136773e-19    5.27898415493984e-19    5.26732428154424e-19    1.71633635502049e-06    3.16745209621328e-15    9.93219809280739e-15    1.26823632990111e-16    1.0087547395924e-14    1.33150353275644e-16    1.61219037769106e-08    0    0    1.73245828224619e-06
24.7487449999986    2.70851089224601e-19    2.59684899464609e-19    4.98305474645834e-19    4.99338181020604e-19    1.59477486996697e-06    3.48301910036138e-15    6.14834034375259e-15    2.59766457836035e-15    6.22031582134182e-15    2.67430916755573e-15    1.0261190661032e-10    0    0    1.59487750299876e-06
25.1022984999985    2.53999068714889e-19    2.48756374033732e-19    4.73341286574043e-19    4.72298693890986e-19    1.38635649651546e-06    2.20144747766621e-14    5.4926657188017e-14    4.15766187488077e-16    5.52762380737831e-14    4.50370601065335e-16    8.66200322480352e-08    0    0    1.47297666184845e-06
25.4558519999985    2.37694318523701e-19    2.39090974713298e-19    4.52760464037269e-19    4.44226252469183e-19    6.71667850935296e-07    7.82168744055725e-14    5.42202488347262e-14    6.70937382616804e-16    5.46740773062345e-14    6.90297749972778e-16    7.15811166475383e-07    0    0    1.38747920588449e-06
25.8094054999984    2.22931663037056e-19    2.29730061580073e-19    4.26804511343942e-19    4.24321683021915e-19    8.05381556719492e-13    2.67086750606985e-14    9.54919770598433e-14    1.81792408062761e-16    9.61972521148971e-14    1.8851651329662e-16    1.36794477087137e-06    0    0    1.36794579502244e-06
26.1629589999983    2.19223114597594e-19    2.10255680286003e-19    3.92343929728987e-19    4.15429946190836e-19    6.33978565635592e-07    5.19505615360575e-15    8.72981659926107e-14    4.22391485505973e-17    8.73352741496732e-14    8.1337314015213e-17    7.14822591560673e-07    0    0    1.34880133714958e-06
26.5165124999982    1.98359271596101e-19    2.08998514509119e-19    3.93486091324587e-19    3.72927796437567e-19    1.18271555372904e-06    9.09985755449736e-14    6.56987628523253e-15    1.8771912270369e-15    6.59901130932357e-15    1.9339692415968e-15    8.96946234969836e-08    0    0    1.27241028520582e-06
26.8700659999982    1.95957230443242e-19    1.91193120958348e-19    3.51647631546546e-19    3.76493268691872e-19    1.1795430848866e-06    3.14349081065376e-15    2.25052417393236e-14    1.34177582704137e-15    2.27101970123893e-14    1.3672424811013e-15    2.53609097344966e-10    0    0    1.17979674505301e-06
27.2236194999981    1.84956068472682e-19    1.83267923184631e-19    3.61037542637199e-19    3.31467241794223e-19    1.08759413958682e-06    1.40932685095533e-13    9.88471804322889e-16    1.00580495875386e-14    1.00459294208833e-15    1.02204985829792e-14    6.89361154339191e-09    0    0    1.09448791433557e-06
27.577172999998    1.75068003839183e-19    1.75317817585582e-19    3.20432756731244e-19    3.38856727222697e-19    8.11175565410793e-07    3.57357652980079e-13    9.12200812277174e-15    4.53340584399374e-15    9.71733683953255e-15    4.56268272708092e-15    2.11239438196137e-07    0    0    1.02241538890103e-06
27.9307264999979    1.67291608496954e-19    1.66947123845934e-19    3.20209453662735e-19    3.0821589485613e-19    1.6353989925892e-07    4.0136606332624e-14    2.45066927758597e-13    3.0975203106084e-16    2.45231969390496e-13    3.62395208821065e-16    8.2304715967239e-07    0    0    9.86587590039923e-07
28.2842799999979    1.57738455619857e-19    1.60471866098792e-19    2.98369054152843e-19    3.00195020456082e-19    1.31278313435216e-07    2.26088765964849e-14    2.48948591123234e-13    1.78096560858824e-16    2.49741348691823e-13    1.95044846700786e-16    8.5161594950952e-07    0    0    9.82894784617611e-07
28.6378334999978    1.52907934025737e-19    1.50355124912666e-19    2.77870621181078e-19    2.92577707182564e-19    7.14086870828975e-07    1.54519505691737e-13    9.51702211020066e-14    1.50747859595556e-15    9.59954736878132e-14    1.51432400797143e-15    2.37202577883848e-07    0    0    9.512897974207e-07
28.9913869999977    1.42602048597223e-19    1.46482547822203e-19    2.78612324098107e-19    2.65097828763925e-19    8.8078213850078e-07    3.02534878415173e-14    5.75882360301082e-14    1.23701893181759e-15    5.79050149437957e-14    1.25727052313241e-15    1.0564323510767e-08    0    0    8.91346610253409e-07
29.3449404999977    1.38847287774394e-19    1.36940858233867e-19    2.55784404845725e-19    2.63001332507093e-19    8.30939650614732e-07    1.24872098457544e-14    4.08925613460452e-14    1.54002067843338e-14    4.10581665960164e-14    1.55588006591587e-14    2.00825746098715e-11    0    0    8.30959858587081e-07
29.6984939999976    1.34742855790328e-19    1.28689468972987e-19    2.52655171368658e-19    2.42809606788691e-19    7.37619294846744e-07    2.15713474437676e-13    3.05310192211389e-13    4.9516414674119e-15    3.05959879633332e-13    5.05116617733128e-15    3.87877581756522e-08    0    0    7.76407890009509e-07
30.0520474999975    1.19482520909498e-19    1.3242195044663e-19    2.33156740661386e-19    2.40588280322423e-19    3.83059483037996e-07    2.36196914467375e-13    4.79572502243218e-13    2.24198166389076e-15    4.80302494488562e-13    2.30555739168251e-15    3.53558432073999e-07    0    0    7.36619115732171e-07
30.4056009999974    1.26433015692499e-19    1.14476363249137e-19    2.24834344386042e-19    2.28333258070202e-19    1.31616769858323e-09    2.64771711456381e-14    6.95321947481928e-13    1.84797922412594e-16    6.97140126570508e-13    1.91289819012299e-16    7.25138917223439e-07    0    0    7.26456504238049e-07
30.7591544999974    1.12649160681151e-19    1.17637616311818e-19    2.20857745783402e-19    2.12307304944112e-19    3.1253790012306e-07    7.30062903339897e-14    5.52398955408072e-13    3.92991871753851e-16    5.5255079503834e-13    4.82306037612068e-16    4.06399460716611e-07    0    0    7.18938539671673e-07
31.1127079999973    1.10716665991411e-19    1.09418587035325e-19    2.06838602086645e-19    2.07262100331578e-19    6.29378033703365e-07    5.67681269175279e-13    8.07169837990792e-14    1.14286615776387e-14    8.07729211260058e-14    1.15591552893143e-14    5.5726699266454e-08    0    0    6.85105485129445e-07
31.4662614999972    1.05957464207498e-19    1.0475922728356e-19    1.9637244359618e-19    1.99853539292326e-19    6.42031196813553e-07    2.0437722160198e-14    1.56116817273181e-13    6.96341289808942e-15    1.56609231049789e-13    7.01492302990871e-15    2.48311617993787e-10    0    0    6.4227985557426e-07
31.8198149999971    9.72562796822153e-20    1.04578009864483e-19    1.88131179634164e-19    1.91579041333501e-19    5.99250080668933e-07    8.29095772485259e-13    6.1251042948474e-15    6.99068816300344e-14    6.15658350032635e-15    7.03045338266139e-14    2.849604779837e-09    0    0    6.02100667038227e-07
32.1733684999971    1.01737013841352e-19    9.17649226035781e-20    1.82437458635318e-19    1.81502341948506e-19    4.62371950662204e-07    2.07213276813725e-12    1.87796235824848e-13    2.86406530118925e-14    1.8943964248529e-13    2.86841760431994e-14    1.05006253925508e-07    0    0    5.67380711281745e-07
32.5269219999972    8.81229017604255e-20    9.74431647937194e-20    1.77636561253584e-19    1.71459150136026e-19    1.0806098263134e-07    5.95989790597383e-14    1.78903066301716e-12    3.45835375210114e-16    1.78986758739847e-12    4.54398792799993e-16    4.40993159274414e-07    0    0    5.49057781203753e-07
32.8804754999974    9.31959637364702e-20    8.48499345560673e-20    1.63793284369225e-19    1.70983508340385e-19    5.87520123919043e-08    1.21656767085951e-13    1.73924908924735e-12    5.38528597450157e-16    1.7406606227611e-12    6.06147194468184e-16    4.88422422666068e-07    0    0    5.4717803776964e-07
33.2340289999975    8.2395411474441e-20    8.82292021802262e-20    1.6279782246594e-19    1.58305618977827e-19    3.86884892772817e-07    1.60854319162967e-12    4.20579836695792e-13    1.60933087930041e-14    4.22630185391434e-13    1.60978010442509e-14    1.46122093311758e-07    0    0    5.3300947002939e-07
33.5875824999976    8.41336263866127e-20    7.96568016118596e-20    1.55071234036256e-19    1.52869059556408e-19    4.96725041285249e-07    3.15612247970115e-13    3.62857654100448e-13    1.25481032199192e-14    3.63603373855909e-13    1.26148858531752e-14    7.47015022859651e-09    0    0    5.04196258750582e-07
33.9411359999977    7.60469118942572e-20    8.11452140473767e-20    1.44040461455969e-19    1.51686297353264e-19    4.7441782018557e-07    4.27442835344184e-14    3.02425691152675e-13    1.0027715985078e-13    3.02889054087765e-13    1.00636033926636e-13    3.22676055380562e-12    0    0    4.74421895918799e-07
34.2946894999978    7.77988786623494e-20    7.33017193689151e-20    1.45348962432409e-19    1.38849409272225e-19    4.28187072668821e-07    2.08402047954744e-12    1.81768486759317e-12    5.47562202113258e-14    1.81893661995195e-12    5.50646513648341e-14    1.89290872673496e-08    0    0    4.47121990399445e-07
34.6482429999979    7.07783714753816e-20    7.44846255880589e-20    1.35085555825242e-19    1.38099371933988e-19    2.36194664275099e-07    4.61507369331827e-13    4.05332158455934e-12    5.03200108804126e-15    4.05450540824637e-12    5.24174683608498e-15    1.90336601155764e-07    0    0    4.26539845039392e-07
35.001796499998    7.11002547844687e-20    6.86321983118733e-20    1.31835794241794e-19    1.309819881475e-19    2.96398517117211e-09    7.72197144294851e-13    4.73235923214395e-12    3.51385917906234e-15    4.7370246759228e-12    3.52068849726946e-15    4.17758441545664e-07    0    0    4.20732675332839e-07
35.3553499999981    6.68898563176734e-20    6.74364619768374e-20    1.26979177560688e-19    1.2566708749371e-19    1.67111502992228e-07    1.82912420082851e-12    3.37081179700489e-12    1.14609956857718e-14    3.37146595784142e-12    1.16663164571302e-14    2.50331655217077e-07    0    0    4.1745175273896e-07
35.7089034999982    6.45757388388817e-20    6.46337695690173e-20    1.20561441611513e-19    1.22417040565447e-19    3.63517347094329e-07    3.67849541710309e-12    9.64419374108812e-13    7.14749979520137e-14    9.64653096741246e-13    7.18036226439383e-14    3.73028374839464e-08    0    0    4.00825935425156e-07
36.0624569999983    6.25945356206798e-20    6.16613249237207e-20    1.16739741566651e-19    1.1705820723117e-19    3.78656696286613e-07    1.38412827322811e-13    1.1900045410425e-12    3.80658845160645e-14    1.19127429605352e-12    3.81614846746588e-14    2.42537192878907e-10    0    0    3.78901829398883e-07
36.4160104999984    5.91723814600327e-20    6.0547268659691e-20    1.12653638025926e-19    1.12479230483191e-19    3.56756911720997e-07    5.23464859169242e-12    8.69104082734136e-14    5.2092308579925e-13    8.70059656513616e-14    5.21911149018859e-13    1.25304709148983e-09    0    0    3.58016410212032e-07
36.7695639999985    5.70896844065656e-20    5.82345949428959e-20    1.08369026612508e-19    1.08553461740553e-19    2.83379227490419e-07    1.20906042599466e-11    2.75399245157314e-12    1.80700038394277e-13    2.75865300730881e-12    1.80774672315204e-13    5.6238441848715e-08    0    0    3.39635634063896e-07
37.1231174999986    5.73459705251249e-20    5.38264768816976e-20    1.05329290978192e-19    1.03763389562789e-19    7.51929728722075e-08    2.70027793430031e-12    1.22727021750457e-11    1.47446844898524e-14    1.22759784143205e-11    1.49629437038889e-14    2.54187209396126e-07    0    0    3.29407460934806e-07
37.4766709999987    5.14185899716016e-20    5.57659910066348e-20    9.91473118284221e-20    1.02432420799958e-19    2.76697475999182e-08    4.67223421721092e-12    1.12377107771384e-11    2.38840307877938e-14    1.12399536077315e-11    2.41274328529946e-14    3.00613177953861e-07    0    0    3.28310123464154e-07
37.8302244999988    5.28251365651512e-20    5.04563720639985e-20    9.93441239915039e-20    9.49094684455768e-20    2.25031674093173e-07    1.6005999448471e-11    1.54718999630393e-12    1.59998256436523e-13    1.55251116526838e-12    1.60023234332312e-13    9.63114379621761e-08    0    0    3.21362537777747e-07
38.1837779999989    5.12729344738238e-20    4.82949791602377e-20    9.27820364489402e-20    9.44781636383705e-20    3.00623055250129e-07    3.41245644237464e-12    2.37801393736531e-12    1.29028909541821e-13    2.37979424675159e-12    1.29238288035758e-13    5.5872273973527e-09    0    0    3.06218711179593e-07
38.537331499999    4.4408769403744e-20    5.16428902290782e-20    8.97965428788662e-20    9.08615159042506e-20    2.90190813034082e-07    1.18184915203918e-13    2.40651544422821e-12    6.98570544174935e-13    2.4077881569028e-12    6.99447319161812e-13    3.15025410663029e-13    0    0    2.90197458566149e-07
38.8908849999991    5.03427754613946e-20    4.23880382915758e-20    8.78530677277482e-20    8.656177234662e-20    2.65454585325286e-07    1.98538074240006e-11    1.12370962508849e-11    5.8539788103433e-13    1.12398149126475e-11    5.86357640850261e-13    9.83445297325318e-09    0    0    2.75332540772916e-07
39.2444384999992    4.13505455272458e-20    4.82124981247771e-20    8.32280692000824e-20    8.51866939990121e-20    1.54471349332829e-07    8.29988066960001e-13    3.27847940734197e-11    7.05613984918115e-15    3.27865208264565e-11    7.7153197553854e-15    1.09261424755587e-07    0    0    2.63799190163101e-07
39.5979919999993    4.53389064034911e-20    4.11661532164439e-20    8.16833948581368e-20    8.10595369410751e-20    3.99226274389264e-09    2.14400986757193e-11    2.90445469382507e-11    1.12515877619777e-13    2.905660184356e-11    1.12556657036182e-13    2.56164855148603e-07    0    0    2.60236884212737e-07
39.9515454999994    4.14911901982983e-20    4.20798785395575e-20    7.89316986164901e-20    7.82034581958616e-20    9.48271206761847e-08    3.0107440208599e-11    1.86413387925611e-11    1.99499618950473e-13    1.86447116297759e-11    1.99973984925713e-13    1.63790578070194e-07    0    0    2.58685491710855e-07
40.3050989999995    3.92768595974228e-20    4.14161537957931e-20    7.63276522004092e-20    7.54581081959428e-20    2.23387174611653e-07    2.36521178839719e-11    1.11374648511537e-11    4.43326110765155e-13    1.11384406393667e-11    4.441690450908e-13    2.64154298507213e-08    0    0    2.49849419981137e-07
40.6586524999996    4.06612984965846e-20    3.73348375642454e-20    7.30736504189856e-20    7.35860859001571e-20    2.37462392047867e-07    9.24641702645316e-13    9.69971760210047e-12    2.10004158170571e-13    9.70330176751077e-12    2.10215095254095e-13    2.37030033951449e-10    0    0    2.37720169962368e-07
41.0122059999997    3.62165061698909e-20    3.91846505110755e-20    6.99440261698475e-20    7.19028835528628e-20    2.25391631389968e-07    3.45405967554644e-11    1.24688342051791e-12    4.0844348226301e-12    1.24725241338199e-12    4.08713343209228e-12    5.73053549219864e-10    0    0    2.26009891240249e-07
41.3657594999998    3.73921007943565e-20    3.55498933115164e-20    6.94861388401635e-20    6.77286201863253e-20    1.83562411317662e-07    6.83061937775636e-11    3.40217447248194e-11    1.10461050954166e-12    3.40353988614851e-11    1.10472091503349e-12    3.18463543400454e-08    0    0    2.15547338326706e-07
41.7193129999999    3.48164352987325e-20    3.5784658757467e-20    6.59773396378015e-20    6.6816024526743e-20    5.44342491327479e-08    6.33790329127066e-11    7.66595864934691e-11    3.94033655669524e-13    7.66722238897797e-11    3.94447603289073e-13    1.54788183083737e-07    0    0    2.09439931541243e-07
42.0728665    3.45631618050714e-20    3.37502101690071e-20    6.51180353433715e-20    6.33757952347389e-20    1.33604837530433e-08    9.14326727269038e-11    6.33679101947984e-11    5.05592813173857e-13    6.33709832765745e-11    5.06425216472847e-13    1.95148278437299e-07    0    0    2.08727945774767e-07
42.4264200000001    3.19607464416037e-20    3.4148609091037e-20    6.0451007442613e-20    6.390265954891e-20    1.38089008464488e-07    1.52303767155011e-10    3.56271973091265e-12    1.50748335936649e-12    3.57669407602564e-12    1.50761246148978e-12    6.68291823433678e-08    0    0    2.0508064908483e-07
42.7799735000002    3.35829906363587e-20    3.04070821370337e-20    6.10617244945068e-20    5.93121448504679e-20    1.92122615298962e-07    3.77662466272849e-11    1.54538704372257e-11    1.34697504409574e-12    1.54583875314327e-11    1.34768220305878e-12    4.36073736816412e-09    0    0    1.96554725829154e-07
43.1335270000003    2.93942518143973e-20    3.25480330935394e-20    5.93114649801633e-20    5.72059201288864e-20    1.87276871864066e-07    1.60288306754417e-13    2.02435774010738e-11    5.06940634585386e-12    2.02473754079238e-11    5.07168777688906e-12    6.47500812029285e-15    0    0    1.87327670674491e-07
43.4870805000005    3.16206923341365e-20    2.83987067714997e-20    5.5175905784788e-20    5.77041612090143e-20    1.72999315888884e-07    1.86700953561319e-10    7.0087871288854e-11    6.14794379961882e-12    7.00938649397038e-11    6.15107449652581e-12    5.34604574057321e-09    0    0    1.78684543337716e-07
43.8406340000006    2.80989579513524e-20    3.00715332149825e-20    5.54456370437561e-20    5.39631601708677e-20    1.05523542057481e-07    3.95008056766807e-11    2.50936459544481e-10    3.11523235750007e-13    2.50938424041249e-10    3.1361396743601e-13    6.57426785238646e-08    0    0    1.71808221407979e-07
44.1941875000007    2.8392551745332e-20    2.79858756351558e-20    5.30960788264125e-20    5.29615369566264e-20    4.4698210763605e-09    3.54243094321613e-10    1.47237919920312e-10    1.9943925696835e-12    1.47267802651612e-10    1.99471206781002e-12    1.6437180716862e-07    0    0    1.69494366166674e-07
44.5477410000008    2.71671728117624e-20    2.75128015327591e-20    5.03446725109716e-20    5.24638351063543e-20    5.61085178500838e-08    3.99320700590745e-10    8.05223112201596e-11    2.71345771164246e-12    8.05375884902021e-11    2.71453031050361e-12    1.12028719546219e-07    0    0    1.68703045984784e-07
44.9012945000009    2.63283818980731e-20    2.6648593506102e-20    5.00189991510739e-20    4.96723069419883e-20    1.4380294290031e-07    1.37779513827838e-10    1.26920331701086e-10    2.51272492754205e-12    1.26924778631499e-10    2.51498173391548e-12    1.9514156148711e-08    0    0    1.63713751379995e-07
45.254848000001    2.6263794996145e-20    2.51088137346521e-20    4.86951615246654e-20    4.79246426429556e-20    1.56181238905059e-07    5.30620734061353e-12    8.22856599100542e-11    1.01504647962355e-12    8.22964229732917e-11    1.01547100690985e-12    2.32098914827094e-10    0    0    1.56585256627744e-07
45.6084015000011    2.47366904956654e-20    2.50991297991664e-20    4.72727140651197e-20    4.64746496560605e-20    1.49021768376985e-07    2.28978784473826e-10    1.64981499152111e-11    3.26664374309277e-11    1.64997119290836e-11    3.26740320052487e-11    2.66908582977649e-10    0    0    1.49615994075861e-07
45.9619550000012    2.38803897159706e-20    2.44750013019793e-20    4.51053093228967e-20    4.59659988301954e-20    1.2350967915006e-07    3.42609060897121e-10    3.79920082408387e-10    6.07074530792847e-12    3.79960201125924e-10    6.07083559379775e-12    1.86948562173394e-08    0    0    1.43319166292872e-07
46.3155085000013    2.3926384216695e-20    2.303619362413e-20    4.44441617030184e-20    4.39727434461622e-20    4.02711041541335e-08    9.9343561224684e-10    3.85761634964115e-10    6.72140583134924e-12    3.85808012307529e-10    6.72217541222708e-12    9.74285592657499e-08    0    0    1.39478112260781e-07
46.6690620000014    2.21221572433083e-20    2.34622965288223e-20    4.20617556898541e-20    4.37464316921391e-20    6.39220811811689e-09    1.32929258655962e-09    2.39179851826545e-10    7.73769764378018e-12    2.3918330669565e-10    7.74052317415938e-12    1.30737597554808e-07    0    0    1.38952939638956e-07
47.0226155000015    2.2806055777392e-20    2.14392489815582e-20    4.26510735183718e-20    4.06714064320177e-20    8.75925036673403e-08    1.33578120298625e-09    2.3084519965257e-11    1.31765650149576e-11    2.31195909236527e-11    1.31773587544745e-11    4.79223760861041e-08    0    0    1.36923218991217e-07
47.3761690000016    2.10374787013406e-20    2.19303651233049e-20    4.00090869041972e-20    4.09539926524282e-20    1.27726081138636e-07    4.52099426439746e-10    7.4858996473943e-11    1.5331830099675e-11    7.48692844170532e-11    1.53346235318242e-11    3.50890047041874e-09    0    0    1.31867475770141e-07
47.7297225000017    2.10387398730184e-20    2.06787731916441e-20    3.99013796967417e-20    3.87592268081784e-20    1.25841562602666e-07    8.65324723250032e-13    1.77312760038152e-10    3.29226425185901e-11    1.77324813262038e-10    3.29279892671515e-11    1.09026629897524e-16    0    0    1.26262916241622e-07
48.0832760000018    2.02998553676143e-20    2.02475285700024e-20    3.74996542876065e-20    3.89477384999067e-20    1.15490028060087e-07    1.65006554559776e-09    3.82201739977243e-10    6.188223147031e-11    3.82211870350294e-10    6.18921739761131e-11    2.95658486314887e-09    0    0    1.20984866484724e-07
48.4368295000019    1.94886027474795e-20    1.99214988118753e-20    3.73036580158473e-20    3.70182054672205e-20    7.2546073056792e-08    1.09395588264403e-09    1.58264982518928e-09    1.03285591569326e-11    1.5826557879739e-09    1.03349230449486e-11    3.9880820548101e-08    0    0    1.16706818583016e-07
48.790383000002    1.94990838886543e-20    1.88105590630838e-20    3.62665108636253e-20    3.59929448268591e-20    4.44191421782885e-09    4.50384330352853e-09    2.92506055933606e-10    2.76669571592076e-11    2.92568988053363e-10    2.76685730938901e-11    1.0552135216944e-07    0    0    1.15107520265148e-07
49.1439365000021    1.85953277402503e-20    1.86445341618462e-20    3.54037416667835e-20    3.48473430406e-20    3.31093411911854e-08    4.42595964183165e-09    6.68044842001272e-11    3.16427511566524e-11    6.68755123162673e-11    3.16438584041428e-11    7.68722695541178e-08    0    0    1.14604536993319e-07
49.4974900000022    1.76244542453289e-20    1.85815560264099e-20    3.3333952858795e-20    3.49626807431936e-20    9.38840920554675e-08    2.48026988982422e-10    1.45074354829166e-09    4.90811287480886e-12    1.45077427624063e-09    4.91314007004086e-12    1.46118901084422e-08    0    0    1.11655348230474e-07
49.8510435000023    1.82268587505751e-20    1.69711071951164e-20    3.41838135143135e-20    3.22873502584455e-20    1.05870856479559e-07    4.56843750617119e-11    5.68921994254636e-10    4.54007249454072e-12    5.68950143014413e-10    4.54085034228812e-12    2.27315458974874e-10    0    0    1.07290809373803e-07
50.2045970000024    1.64678863542155e-20    1.77806814937153e-20    3.16971055480634e-20    3.31631355997947e-20    1.0097365639743e-07    1.0315827949113e-09    2.25478435684907e-10    1.86884306010522e-10    2.2548697903044e-10    1.86900215675542e-10    1.20661250544793e-10    0    0    1.02950650379386e-07
50.5581505000025    1.70659056603061e-20    1.62519431854493e-20    3.19709984391913e-20    3.11622729870473e-20    8.14232819207141e-08    6.80594164603563e-10    3.14170914002799e-09    1.42797953535679e-11    3.14179878048654e-09    1.42804187777907e-11    1.062746428185e-08    0    0    9.90434085019101e-08
50.9117040000026    1.62594261594819e-20    1.61732361347342e-20    3.06321245453662e-20    3.10437802121383e-20    2.79264849420192e-08    9.95109471766848e-09    3.56933997268221e-10    7.93928202338248e-11    3.57083665515568e-10    7.93959424146733e-11    5.7815967170587e-08    0    0    9.6566353255801e-08
51.2652575000027    1.55810940589063e-20    1.59862512281062e-20    3.02376658487054e-20    2.97328478198909e-20    2.70253379840784e-09    1.04610909020497e-08    4.3746684322583e-10    6.98697817339294e-11    4.37492448921494e-10    6.98796996304194e-11    8.18328087650349e-08    0    0    9.60111422390956e-08
51.6188110000028    1.56315091460754e-20    1.50874558478496e-20    2.92131436642744e-20    2.90405613982769e-20    5.27184917347523e-08    3.32976032842604e-09    2.95044696814153e-09    3.69692161953314e-11    2.95047131594696e-09    3.69771064556693e-11    3.2716890770377e-08    0    0    9.47400074403837e-08
51.9723645000029    1.46172077836071e-20    1.52931226896504e-20    2.7712861534838e-20    2.92377728480374e-20    8.37774476110005e-08    3.98727380833567e-09    4.32225860000072e-10    1.40085481883333e-10    4.32237347866527e-10    1.40099800910454e-10    2.78057326832508e-09    0    0    9.16899431784086e-08
52.325918000003    1.4585490721778e-20    1.45361474771951e-20    2.81660136251671e-20    2.72757364869014e-20    8.6519732580828e-08    6.53060131788033e-11    7.59699675263685e-10    3.39353221830486e-11    7.59728302263405e-10    3.39402273315459e-11    5.10577891614635e-14    0    0    8.81723931789222e-08
52.6794715000031    1.44840509212952e-20    1.38790412981825e-20    2.71370272524565e-20    2.69671801449263e-20    7.83058999245861e-08    4.0322754850725e-09    2.36347638242336e-10    1.86584525638575e-10    2.36352189012367e-10    1.86601695442518e-10    1.63806129597927e-09    0    0    8.48221227540562e-08
53.0330250000032    1.3440523968669e-20    1.41993858322492e-20    2.64194714334766e-20    2.64913685201167e-20    4.91330871152265e-08    6.46520757319911e-09    1.26095633805614e-09    7.68184652774748e-11    1.26100310379962e-09    7.68316556515365e-11    2.38183169965879e-08    0    0    8.20922212478788e-08
53.3865785000033    1.38443704501834e-20    1.30833085014279e-20    2.5904083416372e-20    2.56757327543626e-20    4.14899077703713e-09    8.67494280862974e-09    1.11497871390863e-09    6.45920045521011e-11    1.11500612789259e-09    6.45996495508088e-11    6.57311766662059e-08    0    0    8.09142867478554e-08
53.7401320000034    1.30216541903884e-20    1.32202386394583e-20    2.48597728722417e-20    2.53674837058138e-20    1.88052328716444e-08    5.07950225847005e-09    2.63333165383404e-09    4.3514879265419e-11    2.63351757519973e-09    4.35128221685822e-11    5.12497535532853e-08    0    0    8.0488365613944e-08
54.0936855000036    1.2473933296002e-20    1.30982397946559e-20    2.43258977689078e-20    2.45449144234691e-20    6.13708140055175e-08    2.52559667524643e-09    1.96010665168605e-09    4.25405400557038e-11    1.96023812154796e-09    4.25459284001655e-11    1.07974320884695e-08    0    0    7.86992740109978e-08
54.4472390000037    1.28295011679405e-20    1.20929012973266e-20    2.41476605665729e-20    2.37578346412602e-20    7.35149782616687e-08    1.35733282253615e-09    2.71741975424612e-10    1.5564882863719e-10    2.71773364221439e-10    1.55655137518866e-10    2.22532183667402e-10    0    0    7.59496625737472e-08
54.8007925000038    1.20198500817822e-20    1.22788432836329e-20    2.31068194070146e-20    2.35020636677726e-20    7.16335553664534e-08    3.47827484573837e-10    4.73606081722041e-10    7.50264025391404e-11    4.73623971233535e-10    7.50435558205476e-11    5.71813174984706e-11    0    0    7.31358641799118e-08
55.1543460000039    1.16231440661543e-20    1.20714929156545e-20    2.31829503174667e-20    2.22205957498144e-20    5.96192653111134e-08    8.33496388472656e-10    1.65713402843115e-09    1.84928464142242e-11    1.65724899205107e-09    1.84962423505186e-11    6.75492597765436e-09    0    0    7.05590597865565e-08
55.507899500004    1.19463730585013e-20    1.11724505209843e-20    2.17647579382737e-20    2.26026476240802e-20    2.27905745523576e-08    4.52021946971202e-09    7.36503432053131e-10    4.50208245263251e-11    7.36702291466265e-10    4.50217512841428e-11    3.99776168425749e-08    0    0    6.88516591640418e-08
55.8614530000041    1.08646071231128e-20    1.16827766461218e-20    2.15689831483812e-20    2.16627842975086e-20    1.26998154101547e-09    3.6822656446449e-09    1.45796797488169e-09    3.05262163724932e-11    1.45808837282752e-09    3.05340509005215e-11    6.05390656027857e-08    0    0    6.84684294034941e-08
56.2150065000042    1.15113271846578e-20    1.0480983945115e-20    2.17301562684318e-20    2.04072021139257e-20    3.6502839702615e-08    1.31793337901389e-09    2.02129887433766e-09    1.71383574536246e-11    2.02134132208512e-09    1.71505049245951e-11    2.58266510420327e-08    0    0    6.77243531825267e-08
56.5685600000043    1.02360966162322e-20    1.12204785193884e-20    2.0104390137746e-20    2.11571364366282e-20    6.01230674026188e-08    1.89068716497162e-09    5.78888385647047e-10    7.26418907554434e-11    5.78900794692724e-10    7.26594353794717e-11    2.43318514150481e-09    0    0    6.57500302156327e-08
56.9221135000044    1.08296088520771e-20    1.01034995300284e-20    2.01338601743626e-20    2.01344158427832e-20    6.23930401366077e-08    1.36370176494914e-10    3.83381957339851e-10    6.53327901468833e-11    3.83425070425317e-10    6.53386287173796e-11    4.19740749446674e-13    0    0    6.34273085005427e-08
57.2756670000045    9.83931734035842e-21    1.05981718950275e-20    1.96626895215163e-20    1.96804959172618e-20    5.72212020584973e-08    2.2101304446465e-09    2.77982706822887e-10    1.32602130885375e-10    2.77987036362362e-10    1.32633736065458e-10    9.44026280975707e-10    0    0    6.11965643943153e-08
57.6292205000046    1.03458857951744e-20    9.60307968269474e-21    1.92634730243664e-20    1.92755541708105e-20    3.78131198753047e-08    4.01300324741878e-09    7.87617635773307e-10    5.7519968864196e-11    7.87681702110911e-10    5.75330591716585e-11    1.58200559871198e-08    0    0    5.93365314758218e-08
57.9827740000047    9.46614937875987e-21    1.00155719912192e-20    1.89818303055847e-20    1.87173407541077e-20    4.27146989880046e-09    4.70054604191719e-09    1.12593131846234e-09    4.23932880753865e-11    1.12596638122787e-09    4.24059306028155e-11    4.71803595199132e-08    0    0    5.84890723790565e-08
58.3363275000048    9.71060402737196e-21    9.30742909831218e-21    1.81419656590467e-20    1.85987089877277e-20    1.19849295520338e-08    2.9915903047999e-09    1.85204641656625e-09    3.07687589475943e-11    1.85226974820352e-09    3.07712840382916e-11    3.94964264164604e-08    0    0    5.82388024811055e-08
58.6898810000049    9.14044877121529e-21    9.43460210888328e-21    1.80097436672146e-20    1.78127301368956e-20    4.36746040768821e-08    1.74831411902407e-09    1.30461530876953e-09    3.23827613974111e-11    1.30476844132255e-09    3.23869398251774e-11    9.00642596438904e-09    0    0    5.71034976116642e-08
59.043434500005    9.13153522860946e-21    8.99999625582806e-21    1.76665044086411e-20    1.75000616422353e-20    5.33011664205301e-08    8.31061912197167e-10    3.65798026606383e-10    8.6955279490178e-11    3.65852420945352e-10    8.69653068407959e-11    2.34879435538392e-10    0    0    5.52726788022017e-08
59.3969880000051    8.95159965982935e-21    8.76731504082558e-21    1.72977696795071e-20    1.71136303431659e-20    5.19774837893667e-08    3.9968678921525e-10    3.50870218815025e-10    1.39427830586106e-10    3.50906620052029e-10    1.39455333457446e-10    2.32014468583352e-11    0    0    5.3381032028403e-08
59.7505415000052    8.41335141220138e-21    8.89281060088647e-21    1.64935517377698e-20    1.71006289908872e-20    4.2833085291052e-08    6.68136680785408e-10    2.02994691505748e-09    1.84748618371611e-11    2.03008212217636e-09    1.84833594795538e-11    4.04835271838642e-09    0    0    5.16465619488252e-08
60.1040950000053    8.65226377189553e-21    8.26608253807312e-21    1.66444220982502e-20    1.6383409775626e-20    1.76381718787307e-08    5.08285408691111e-09    8.89674383752516e-10    6.30404028108872e-11    8.89924618957135e-10    6.30509578470847e-11    2.58240477257246e-08    0    0    5.04507640547839e-08
60.4576485000054    8.17043887062203e-21    8.3623490147708e-21    1.612078408327e-20    1.61117145377416e-20    4.69246045275215e-10    3.00352110386917e-09    2.38185712998023e-09    3.29563959633542e-11    2.38204772199116e-09    3.2964524376188e-11    4.18109141679804e-08    0    0    5.01135070894845e-08
60.8112020000055    8.01486990506978e-21    8.13986773936419e-21    1.58939317009475e-20    1.55729938092233e-20    2.37798242008956e-08    1.11133454252248e-09    2.6288839586575e-09    1.74067671765004e-11    2.62888755226086e-09    1.74255268153674e-11    1.94516875171674e-08    0    0    4.96354500655433e-08
61.1647555000056    8.16614229536093e-21    7.62587902124178e-21    1.50596504017579e-20    1.57805435239126e-20    4.22056891983538e-08    1.93655732915471e-09    9.69790798688979e-10    8.27400643050094e-11    9.69818410976666e-10    8.2775019091163e-11    2.1033895086973e-09    0    0    4.83507603293142e-08
61.5183090000057    7.39972744361945e-21    8.03182745195165e-21    1.5468679627243e-20    1.48101000786848e-20    4.56032747441912e-08    1.68871260184629e-10    4.2302519016418e-10    8.34025247189811e-11    4.23101841205446e-10    8.34115771897884e-11    1.31914996100069e-12    0    0    4.67864062876609e-08
61.8718625000058    7.82603981487503e-21    7.26714904882018e-21    1.48385614389943e-20    1.48465231716852e-20    4.18938759259117e-08    1.93223910316997e-09    2.82980576820723e-10    1.72759525257296e-10    2.82982124960886e-10    1.72806236630685e-10    5.2528135283133e-10    0    0    4.52629248456273e-08
62.2254160000059    7.24558818890206e-21    7.51264425012991e-21    1.42137853067573e-20    1.48248392272171e-20    2.84249026182802e-08    4.06151947963478e-09    6.02960062681551e-10    8.29616167043105e-11    6.03100665819513e-10    8.29640526138186e-11    1.01168350384422e-08    0    0    4.39752435342202e-08
62.578969500006    7.06171147820646e-21    7.3753580353538e-21    1.4537008659488e-20    1.39548636502799e-20    4.08264013265854e-09    3.08726397836446e-09    1.87420120588966e-09    3.8993120676357e-11    1.8742527310836e-09    3.90095151849836e-11    3.2335517095054e-08    0    0    4.33318777789546e-08
62.9325230000061    7.27083256845384e-21    6.85273920580069e-21    1.34840885877975e-20    1.43164015216037e-20    7.20298557867275e-09    1.79724454476217e-09    2.43455451131384e-09    2.38604734865106e-11    2.43483192341456e-09    2.38711250470416e-11    2.92247699222803e-08    0    0    4.31421180790191e-08
63.2860765000062    6.87483199396354e-21    6.93357422655159e-21    1.4077894363958e-20    1.31568908636483e-20    3.04431583325763e-08    2.66207877688152e-09    9.13880834474002e-10    5.61932691336397e-11    9.14117431457102e-10    5.61921482679122e-11    7.36648694163312e-09    0    0    4.24121077344647e-08
63.6396300000063    6.64418219245862e-21    6.86622429493256e-21    1.33885359372657e-20    1.34195897778436e-20    3.89178309480111e-08    1.04757211803048e-09    3.68174132146167e-10    1.13336578504491e-10    3.68231157021336e-10    1.1336963131954e-10    2.46104471223986e-10    0    0    4.11746190362974e-08
63.9931835000064    6.84716301177091e-21    6.37170520637251e-21    1.28466011616086e-20    1.3536444713153e-20    3.84816380782443e-08    3.43129213413066e-10    3.4339146112744e-10    1.74670136509249e-10    3.43464469177688e-10    1.74694720835063e-10    8.57223568078261e-12    0    0    3.98695603150272e-08
64.3467370000062    6.13413142939844e-21    6.80128266796042e-21    1.3145536355131e-20    1.26614959521601e-20    3.15225090842015e-08    8.09586880050988e-10    1.92054479836481e-09    2.64923411232237e-11    1.9206037580681e-09    2.65137812387356e-11    2.44147601402934e-09    0    0    3.86677266571155e-08
64.7002905000059    6.64483406798249e-21    6.01830517497442e-21    1.25421011509439e-20    1.28596376827368e-20    1.40024026452346e-08    3.91518360596679e-09    1.40551769470024e-09    6.69428084306039e-11    1.40569225841256e-09    6.69711397247224e-11    1.69417081052936e-08    0    0    3.78044182578012e-08
65.0538440000057    5.87007334448665e-21    6.52687725221922e-21    1.24214113487661e-20    1.24227881214827e-20    1.86197072892484e-10    1.71296960208721e-09    3.05529647901124e-09    2.32024956131649e-11    3.05555075053385e-09    2.32046938312337e-11    2.9460470235715e-08    0    0    3.75168913297214e-08
65.4073975000054    6.39877645563191e-21    5.73206792283302e-21    1.2503671936832e-20    1.17997387271535e-20    1.57211787574619e-08    1.95054875545885e-09    2.24336479692487e-09    2.91832578522555e-11    2.24342123248455e-09    2.92026320386355e-11    1.4986722973813e-08    0    0    3.72036224060705e-08
65.7609510000052    5.77852607942924e-21    6.09824088537562e-21    1.1590245079577e-20    1.22805891974446e-20    3.02246445118768e-08    1.45724425577901e-09    1.32812536480483e-09    7.20468118908065e-11    1.32821527068443e-09    7.20818652253355e-11    1.86104784621562e-09    0    0    3.63434059265126e-08
66.1145045000049    5.6873998787789e-21    5.94097088383322e-21    1.19444945895107e-20    1.14934696738367e-20    3.39505165104831e-08    2.32945103822993e-10    4.23395397774581e-10    1.15011986300587e-10    4.23469902188673e-10    1.15040366040463e-10    3.2314028730207e-12    0    0    3.52636106695185e-08
66.4680580000047    6.03062112667934e-21    5.35509679774253e-21    1.13302445940993e-20    1.17201006001289e-20    3.11553887487395e-08    1.78109776963936e-09    2.79916979870013e-10    2.08376927641748e-10    2.79948703236464e-10    2.08415751516839e-10    2.83219134834753e-10    0    0    3.41963640155131e-08
66.8216115000044    5.21367768013878e-21    5.93970553544228e-21    1.14032770099771e-20    1.13378186819893e-20    2.15064152753635e-08    4.15101873383161e-09    5.08921075161395e-10    1.07485221259151e-10    5.09062722594789e-10    1.07466665671236e-10    6.39494048585184e-09    0    0    3.32853101797674e-08
67.1751650000042    5.72123562792463e-21    5.20273158806878e-21    1.11874865640964e-20    1.11202048408757e-20    3.80216721407281e-09    1.77640349999635e-09    2.62570506179221e-09    2.56176274712995e-11    2.6259169104393e-09    2.56310219229004e-11    2.19046540364022e-08    0    0    3.27860953721303e-08
67.5287185000039    5.26685787236035e-21    5.43498087600244e-21    1.08526358471266e-20    1.09618052273971e-20    4.21289700393826e-09    1.75943256342962e-09    2.5683772749524e-09    2.44274127055129e-11    2.56855270584312e-09    2.44432442619158e-11    2.1471946814298e-08    0    0    3.26300770194614e-08
67.8822720000037    5.12578590480883e-21    5.35682032003374e-21    1.06979126266796e-20    1.06747180539082e-20    2.10631615817488e-08    3.64922960452693e-09    6.09125297270373e-10    9.33007666169578e-11    6.09226219120443e-10    9.32950709432062e-11    6.03096135069695e-09    0    0    3.21482998909556e-08
68.2358255000034    5.31610521166257e-21    4.95336332975316e-21    1.06258016049846e-20    1.04616071937285e-20    2.85655262140729e-08    1.45204287596948e-09    3.41954896785099e-10    1.68266938361675e-10    3.42004146661572e-10    1.68303306317452e-10    2.58466114291587e-10    0    0    3.12965644924911e-08
68.5893790000032    4.82930430746823e-21    5.23432090450103e-21    1.0208166132241e-20    1.05126331279794e-20    2.90783224930814e-08    2.79183855584087e-10    3.54122005972705e-10    1.53680507586682e-10    3.54167253880373e-10    1.53721701043577e-10    2.81082876439296e-12    0    0    3.0376008645944e-08
68.9429325000029    5.13683835909481e-21    4.72355027731592e-21    1.03463412361812e-20    9.95633520991518e-21    2.38991654941647e-08    1.20542975818691e-09    1.40581129994499e-09    5.8263948626871e-11    1.40584908644872e-09    5.82758253191272e-11    1.48755493431898e-09    0    0    2.95203503470405e-08
69.2964860000027    4.78161082762442e-21    4.88441693618137e-21    9.92905880105928e-21    1.00850512583828e-20    1.13968622156333e-08    2.1533959476652e-09    1.92217219767295e-09    4.22363730935252e-11    1.92227863102915e-09    4.22530404409316e-11    1.14019589677976e-08    0    0    2.88811573733623e-08
69.6500395000024    4.65784356748013e-21    4.81603686720168e-21    9.68596531375802e-21    9.9741995522097e-21    1.7853141249502e-10    2.06722562201282e-09    2.4662042815131e-09    2.90181210005074e-11    2.46629460328109e-09    2.90198938915681e-11    2.14114337057859e-08    0    0    2.86477276400091e-08
70.0035930000022    4.66821117528702e-21    4.62069459898717e-21    9.74473971420062e-21    9.54265468199176e-21    1.05424801017871e-08    3.43524817113885e-09    1.21418459370092e-09    5.64892610227469e-11    1.21429438259017e-09    5.65084209184771e-11    1.19170108447171e-08    0    0    2.8436215775904e-08
70.3571465000019    4.57151188006876e-21    4.53201474264332e-21    9.37482107251011e-21    9.52793561855246e-21    2.22925422654849e-08    1.09185148115002e-09    1.32800682784139e-09    5.78369655476194e-11    1.32805112280259e-09    5.78477209005976e-11    1.68777334541412e-09    0    0    2.78439097291693e-08
70.7107000000017    4.42385831019243e-21    4.50197139070671e-21    9.4350906237652e-21    9.30124737351025e-21    2.57133486955652e-08    3.7238547707623e-10    3.22438711063605e-10    1.71502774455153e-10    3.22508472089759e-10    1.71492233751464e-10    6.65731307794799e-12    0    0    2.7080333677107e-08
71.0642535000014    4.46201573490826e-21    4.28955185529911e-21    9.4170167480444e-21    9.01022555882993e-21    2.36802817075529e-08    1.45485377427105e-09    3.38029665518747e-10    1.77621110855857e-10    3.37997178665539e-10    1.77626906835891e-10    1.48732058626877e-10    0    0    2.63151424023541e-08
71.4178070000012    4.22715850028576e-21    4.35599944897654e-21    8.88055388577596e-21    9.25697173412878e-21    1.67248625614304e-08    3.34564711006525e-09    6.62309330014035e-10    9.24593540794435e-11    6.62253962815441e-10    9.23991433802002e-11    4.07352935970757e-09    0    0    2.5653460821519e-08
71.7713605000009    4.23356448832781e-21    4.18488692206099e-21    8.95050083078593e-21    8.91726194425604e-21    3.54707296858517e-09    2.13374746984643e-09    2.20151783584745e-09    3.4969221987706e-11    2.20177111763913e-09    3.49970310952547e-11    1.51139857596597e-08    0    0    2.52680614046871e-08
72.1249140000007    4.12004385051287e-21    4.137983795236e-21    8.60988195521383e-21    8.90982914471022e-21    2.48114293409336e-09    3.17573586617474e-09    1.65416943365616e-09    4.36766219798234e-11    1.65433242738457e-09    4.36563309626733e-11    1.60862599166388e-08    0    0    2.51389735309159e-08
72.4784675000004    4.02214957462956e-21    4.07654907316789e-21    8.90281982836714e-21    8.33820129964078e-21    1.47662119774917e-08    2.98772346170589e-09    9.30511048255502e-10    8.64752531569291e-11    9.30778280766281e-10    8.63110251002893e-11    5.01853630399401e-09    0    0    2.48065473504959e-08
72.8320210000002    3.99828527925057e-21    3.94734708525486e-21    8.34617946186785e-21    8.67161530965945e-21    2.12255364408396e-08    1.37415378540229e-09    5.24142005711584e-10    1.44584824545475e-10    5.24365433027376e-10    1.4439465705477e-10    2.72472747924894e-10    0    0    2.4209649894531e-08
73.1855744999999    3.8897453893974e-21    3.90370854740895e-21    8.36763035307532e-21    8.47841453841007e-21    2.22020900436532e-08    3.19730726636042e-10    3.02015095859084e-10    2.10958580747983e-10    3.0200982976335e-10    2.1090310414596e-10    9.1221165280577e-13    0    0    2.3548619592483e-08
73.5391279999996    3.79906559713497e-21    3.85022004111324e-21    8.34243072546301e-21    8.19209955948444e-21    1.77733852927313e-08    1.483644241993e-09    1.3282866460986e-09    8.09244296557757e-11    1.32798472838471e-09    8.06919228953852e-11    8.57918459481826e-10    0    0    2.29328357212648e-08
73.8926814999994    3.8112386332231e-21    3.69362089476142e-21    8.25460809492066e-21    8.06421251158918e-21    8.86956015053823e-09    2.10859017132002e-09    2.0712511938478e-09    6.1302891816518e-11    2.0709611470255e-09    6.09107444852312e-11    7.21635824788663e-09    0    0    2.24589345469438e-08
74.2462349999991    3.64711621205149e-21    3.71956305392921e-21    7.93016853441598e-21    8.24052718359868e-21    3.67014504816586e-10    3.87760515075548e-09    1.688803121512e-09    6.43631297301933e-11    1.68973623101657e-09    6.45315075542979e-11    1.45059125996502e-08    0    0    2.22579662450589e-08
74.5997884999989    3.60762782942891e-21    3.6214556584845e-21    8.04917219573352e-21    7.84376195586226e-21    6.82147052453377e-09    3.76965821343278e-09    1.24051513015086e-09    1.03944508428985e-10    1.24173357991709e-09    1.04086375108986e-10    8.80820961126845e-09    0    0    2.2089617942864e-08
74.9533419999986    3.58277937779843e-21    3.51247892248699e-21    7.73107076036746e-21    7.9039717498398e-21    1.59632073277499e-08    1.81009148320193e-09    1.08119261077869e-09    1.52364818512458e-10    1.08622041463136e-09    1.51355022787309e-10    1.43439892363729e-09    0    0    2.16788306013216e-08
75.3068954999984    3.46225356777699e-21    3.50179086464202e-21    7.8300365629577e-21    7.70870869530266e-21    1.89909189519803e-08    6.65327800523623e-10    4.53260346871354e-10    2.76545607211232e-10    4.60235455036223e-10    2.77505054546176e-10    1.19542819626126e-11    0    0    2.1135747498154e-08
75.6604489999981    3.35525263916786e-21    3.48205368804442e-21    7.67539062421412e-21    7.70939545382023e-21    1.74029559879285e-08    1.71626138235266e-09    3.97413466789339e-10    2.95546076767721e-10    4.05619926188504e-10    2.95648665161048e-10    7.16055438473403e-11    0    0    2.05850510490574e-08
76.0140024999979    3.47041300942983e-21    3.24304854869572e-21    7.42862393004299e-21    7.73735259584707e-21    1.1986140280554e-08    3.0548498617357e-09    1.22661650934393e-09    1.56124183828333e-10    1.24622739313968e-09    1.61687593864865e-10    2.27733955567915e-09    0    0    2.01089853781676e-08
76.3675559999976    3.19299257604412e-21    3.39831970058016e-21    7.75636970905355e-21    7.26541266913216e-21    3.01461216869172e-09    4.32845988625394e-09    1.67639536256288e-09    1.05639566958894e-10    1.70939824766436e-09    1.15995733848064e-10    8.86025886260881e-09    0    0    1.98107598286103e-08
76.7211094999974    3.31687357436897e-21    3.15645019080566e-21    7.29292356138924e-21    7.54199389314389e-21    1.61839538655208e-09    4.51170643377837e-09    1.58143414455503e-09    1.37492953190208e-10    1.61517175818975e-09    1.47484154926796e-10    1.00565759062536e-08    0    0    1.96682607374671e-08
77.0746629999971    3.14907861635823e-21    3.206938741715e-21    7.2631282577562e-21    7.38857650235285e-21    9.63327499636566e-09    2.87917862202466e-09    1.48195435360725e-09    2.0353170095745e-10    1.50831513444196e-09    2.13344081532133e-10    3.50097540326804e-09    0    0    1.94205742922182e-08
77.4282164999969    3.09287225327943e-21    3.14882166078177e-21    7.43033946590514e-21    7.13509780755721e-21    1.48826140480527e-08    1.54947654221897e-09    8.55670076861421e-10    2.94990247388109e-10    8.73179611182318e-10    3.07203633614308e-10    2.42758818091068e-10    0    0    1.90058929774297e-08
77.7817699999966    3.09314488963457e-21    3.03856906767746e-21    7.03020817866386e-21    7.42781295372176e-21    1.5948150577483e-08    6.8969099684468e-10    5.13456535846158e-10    4.2072798690519e-10    5.29491551838142e-10    4.34481541605216e-10    6.49993556737037e-13    0    0    1.85366491840997e-08
78.1353234999964    3.00208032406016e-21    3.01945798887803e-21    7.35823391581298e-21    6.90184628796545e-21    1.20721602497131e-08    2.51201208507811e-09    1.26087579816849e-09    2.73720022348438e-10    1.28013434983601e-09    2.8242618372493e-10    4.17980235972716e-10    0    0    1.80993089248621e-08
78.4888769999961    2.922463887836e-21    2.99498166652813e-21    7.04389261678208e-21    7.1487683621476e-21    6.10802359070584e-09    3.96393205231728e-09    1.79206270201859e-09    2.00665104376175e-10    1.82769734004311e-09    2.09384283431354e-10    3.65292387743657e-09    0    0    1.7754688950349e-08
78.8424304999959    3.00873821866346e-21    2.8034628584937e-21    6.95197002561272e-21    7.17657653754378e-21    8.38923741387953e-10    4.8649303054908e-09    1.89923041989451e-09    1.77114411044836e-10    1.95989374985946e-09    1.90883323290941e-10    7.62826079321801e-09    0    0    1.75592367442065e-08
79.1959839999956    2.70900421466776e-21    3.00231488128036e-21    7.1263290644957e-21    6.87454132614091e-21    4.15375691924263e-09    4.00314088114628e-09    1.82882623346134e-09    2.1344369895565e-10    1.88799839826881e-09    2.31749020706293e-10    5.07703747064775e-09    0    0    1.73959526224485e-08
79.5495374999954    2.96867787390017e-21    2.64227269364006e-21    6.85795530277615e-21    7.02993580362878e-21    1.02790984749155e-08    2.73495409341662e-09    1.20355673222299e-09    3.12806478223182e-10    1.25513587465992e-09    3.37869067190491e-10    9.84071458133943e-10    0    0    1.71074921787822e-08
79.9030909999951    2.64062804625364e-21    2.87278868596531e-21    6.99032792210792e-21    6.82526566768899e-21    1.31918723975042e-08    1.22702621892796e-09    6.65994501996307e-10    4.4137519885762e-10    7.11787216717549e-10    4.74036515654842e-10    1.67687288124343e-11    0    0    1.67288607784902e-08
80.2566444999949    2.75877203208589e-21    2.65916066166326e-21    6.81452233098368e-21    6.92355768669023e-21    1.22925144195207e-08    1.78287162445836e-09    6.15294921699512e-10    4.601008723473e-10    6.57538689763217e-10    4.94735535584808e-10    3.31955113816305e-11    0    0    1.63362515747747e-08
80.6101979999946    2.62140337520035e-21    2.70489665020892e-21    6.7794009721547e-21    6.84911190131946e-21    8.11994275891387e-09    2.87392336046235e-09    1.60597207980331e-09    2.88029098342287e-10    1.68913044565013e-09    3.14646108369569e-10    1.10330806217502e-09    0    0    1.59949519137355e-08
80.9637514999944    2.6238246586956e-21    2.61055269547681e-21    6.91713546185425e-21    6.62183368406518e-21    2.72864933151089e-09    4.77991420508711e-09    1.65449576660262e-09    2.1315935616072e-10    1.76381354921203e-09    2.49700432791816e-10    4.36663801377791e-09    0    0    1.57563706551619e-08
81.3173049999941    2.6293778335843e-21    2.5162213461358e-21    6.60723150938671e-21    6.863328680837e-21    1.39198736182604e-09    4.48969540111099e-09    1.91527925822926e-09    2.08864413436366e-10    2.03053134783847e-09    2.47022023959086e-10    5.32128878715185e-09    0    0    1.56046685935707e-08
81.6708584999939    2.44868817556788e-21    2.60919246756141e-21    6.65268420859904e-21    6.73261263634351e-21    6.05627393758029e-09    3.6158235524242e-09    1.47338698238727e-09    2.61419882691208e-10    1.57605526646584e-09    3.03892528051929e-10    2.12452746444841e-09    0    0    1.54113796140676e-08
82.0244119999936    2.59501989399475e-21    2.37662553638178e-21    6.85310879951075e-21    6.51569876937386e-21    1.01024844632791e-08    2.10549828539793e-09    9.21323269079284e-10    3.70031963040814e-10    1.00306431714208e-09    4.20597013563321e-10    1.97517761161163e-10    0    0    1.51205170726821e-08
82.3779654999934    2.30447879553292e-21    2.58411649429035e-21    6.40030080394226e-21    6.94579514272919e-21    1.1324691381141e-08    1.16761593425424e-09    5.8202003999782e-10    5.01225053950135e-10    6.49864281372198e-10    5.60311309151218e-10    1.22326256436269e-12    0    0    1.47869512624492e-08
82.7315189999931    2.50532723501113e-21    2.30146533168141e-21    6.86455396399699e-21    6.35664265675421e-21    8.68308958460513e-09    2.66963423138901e-09    1.02132377924953e-09    3.60441998486643e-10    1.1103183243616e-09    4.15155603590252e-10    2.09795867225064e-10    0    0    1.44697593889253e-08
83.0850724999928    2.31462138339381e-21    2.41168156129976e-21    6.46977418589226e-21    6.69103778352932e-21    4.68556946231731e-09    4.30553247997325e-09    1.28548350007504e-09    2.73143259702703e-10    1.44551388759397e-09    3.28567289254529e-10    1.88850188761432e-09    0    0    1.4212311766549e-08
83.4386259999926    2.3436707112713e-21    2.30482489444796e-21    6.56009448417923e-21    6.48155904476942e-21    1.30376356201238e-09    4.41589602296856e-09    1.72826237204086e-09    2.42054892238295e-10    1.9249657732542e-09    3.06850264393945e-10    4.11831071792741e-09    0    0    1.40401036048533e-08
83.7921794999923    2.28865244135283e-21    2.28212365063491e-21    6.38163526658247e-21    6.61096834454002e-21    2.94321445934876e-09    4.03000384047163e-09    1.53887285600836e-09    2.80247311830746e-10    1.71210255430262e-09    3.46777728619373e-10    3.04342365114373e-09    0    0    1.38946424017428e-08
84.1457329999921    2.22570785323436e-21    2.27017510069601e-21    6.64031413519955e-21    6.33963046309959e-21    6.97471276938267e-09    2.8071589094164e-09    1.11654493115047e-09    3.57003799923978e-10    1.28048785157091e-09    4.39879206920744e-10    7.06391004215709e-10    0    0    1.36821784725984e-08
84.4992864999918    2.24767527741466e-21    2.17376476302165e-21    6.3205256288827e-21    6.59220656637392e-21    9.25841025259826e-09    1.60180337429567e-09    6.74660134396975e-10    4.65134999100808e-10    8.15599728929168e-10    5.73331075313965e-10    2.25539690527463e-11    0    0    1.34114935337049e-08
84.8528399999916    2.14343863243105e-21    2.20580529865956e-21    6.54078075300507e-21    6.29264994175423e-21    8.94317231820809e-09    1.7102658109985e-09    6.14437869185022e-10    4.88753373551639e-10    7.50805806167879e-10    6.01478182565263e-10    1.82310272041321e-11    0    0    1.31271443878977e-08
85.2063934999913    2.16020576734541e-21    2.11834702106434e-21    6.22660190268318e-21    6.50725680787137e-21    6.08161222981184e-09    2.63692048832296e-09    1.28195243127044e-09    3.36335396410968e-10    1.53703019532213e-09    4.38629890288359e-10    5.61578545235832e-10    0    0    1.28740591766795e-08
85.5599469999911    2.07300221350346e-21    2.13674018058585e-21    6.4330805148526e-21    6.24863263900186e-21    2.61649753913023e-09    3.79957706642519e-09    1.43954337364708e-09    2.64873847534951e-10    1.79899087074977e-09    3.85144582704386e-10    2.3759392547557e-09    0    0    1.26805665349642e-08
85.9135004999908    2.11058026396258e-21    2.03051979323177e-21    6.37258560368657e-21    6.26162985028885e-21    1.33081488654276e-09    4.05968295926911e-09    1.47928233200314e-09    2.47311976419268e-10    1.84350322416215e-09    3.68301411081081e-10    3.21588357690522e-09    0    0    1.25447803663995e-08
86.2670539999906    1.98821285270935e-21    2.08711543162761e-21    6.12528317836949e-21    6.47174793748324e-21    4.08746076629777e-09    3.37511625473947e-09    1.19532483171157e-09    2.8272729535605e-10    1.53371296494084e-09    4.16670438569257e-10    1.50208142981804e-09    0    0    1.23930939814497e-08
86.6206074999903    2.01898221380059e-21    1.99023215288718e-21    6.37662286175424e-21    6.20212302569038e-21    6.97960596163646e-09    2.29240832835651e-09    7.81112900782062e-10    3.57721773215659e-10    1.06098477131181e-09    5.19315134410024e-10    1.92294926866615e-10    0    0    1.21834437965957e-08
86.9741609999901    2.02843182155384e-21    1.91698503751566e-21    6.30697781748147e-21    6.19412655753195e-21    8.22961347187224e-09    1.35487536093905e-09    5.29542122254934e-10    4.36058239533776e-10    7.58201990503454e-10    6.31364779471269e-10    1.65412092131237e-12    0    0    1.19413100855125e-08
87.3277144999898    1.87027708664917e-21    2.0119361813606e-21    6.12204868824177e-21    6.29071263065401e-21    6.76431661539112e-09    2.26679297748363e-09    6.80074024907989e-10    3.82533867826121e-10    9.54662491576299e-10    5.63569248000188e-10    9.16170638687802e-11    0    0    1.17035662890704e-08
87.6812679999896    1.97600092684909e-21    1.84531284110394e-21    6.20732063915563e-21    6.18394466937547e-21    4.05634905361317e-09    3.29893834862233e-09    9.66084817977283e-10    2.91931623187245e-10    1.44649291818876e-09    4.69844496091012e-10    9.72863863879444e-10    0    0    1.15025051215755e-08
88.0348214999893    1.80837343204789e-21    1.95280603378094e-21    6.1369720369993e-21    6.14477205568438e-21    1.50394047774614e-09    3.67856386981966e-09    1.23934249356545e-09    2.46861220532405e-10    1.80284702278251e-09    4.38567233240816e-10    2.44481605618288e-09    0    0    1.13549383738859e-08
88.3883749999891    1.87589374380727e-21    1.82640696509947e-21    6.22363633196945e-21    6.01678332692695e-21    1.96004847734701e-09    3.55420998821585e-09    1.16130215800415e-09    2.53248686489826e-10    1.68915671637981e-09    4.53610760986373e-10    2.16232905816485e-09    0    0    1.12339058456038e-08
88.7419284999888    1.85217083141713e-21    1.79189136754774e-21    6.04719851857391e-21    6.16798024208465e-21    4.64654403745812e-09    2.69085781181012e-09    9.05952346478714e-10    2.99836625431058e-10    1.36495628959234e-09    5.17567741764848e-10    6.53236668477649e-10    0    0    1.10789515210287e-08
89.0954819999886    1.75006074477124e-21    1.83692832836057e-21    5.99329741857164e-21    6.15611632856797e-21    6.59138050600642e-09    1.72229386884882e-09    5.77985224320976e-10    3.729981106269e-10    9.42103637863168e-10    6.36017150453259e-10    4.01687276365562e-11    0    0    1.08829472257718e-08
89.4490354999883    1.82838371896082e-21    1.70292771877357e-21    6.09338653369352e-21    5.98827248220647e-21    6.86439404879423e-09    1.42863526899966e-09    4.68493196409972e-10    4.13926143186531e-10    7.89456231201345e-10    7.02501786030596e-10    4.17454524402014e-12    0    0    1.0671581219882e-08
89.8025889999881    1.67519648181804e-21    1.80145692893171e-21    5.95060175659889e-21    6.02993624948352e-21    5.08485847739107e-09    2.19839609762546e-09    8.02961168853842e-10    3.21923081459954e-10    1.26838905325179e-09    5.75015134338483e-10    2.23430137138485e-10    0    0    1.04749731500745e-08
90.1561424999878    1.72772642642706e-21    1.69601512217027e-21    6.00323890915262e-21    5.92485221559214e-21    2.67712125479723e-09    3.00156195011688e-09    9.86816721261312e-10    2.61127549682999e-10    1.6079033572626e-09    5.16108227750403e-10    1.26298271188094e-09    0    0    1.03136217727677e-08
90.5096959999876    1.70795169186489e-21    1.66281504667352e-21    5.95176448166044e-21    5.89210952860274e-21    1.18932975543102e-09    3.35209956990213e-09    1.01839292480141e-09    2.36799743745719e-10    1.71225379878239e-09    4.99289713949279e-10    2.18672486469869e-09    0    0    1.01948903713258e-08
90.8632494999873    1.62165490823599e-21    1.69785902399792e-21    5.76261912884163e-21    6.01316303124747e-21    2.46769947789447e-09    2.92577706196683e-09    9.41065763789968e-10    2.55519497865367e-10    1.57809438030436e-09    5.22509482460952e-10    1.38955501462474e-09    0    0    1.00802206789218e-08
91.2168029999871    1.66139118579626e-21    1.6073180130184e-21    6.04375675642894e-21    5.68404623251467e-21    4.67032311170143e-09    2.19703683756979e-09    6.74365038181923e-10    3.01356066187113e-10    1.20130690974451e-09    5.96528623162624e-10    2.90130325721429e-10    0    0    9.93104691228381e-09
91.5703564999868    1.6112820935149e-21    1.60779350329686e-21    5.71040548993284e-21    5.9495227146525e-21    5.98531145915053e-09    1.38486148219973e-09    4.56939269443714e-10    3.52317090889989e-10    8.72385723495303e-10    6.94084654098664e-10    8.25633908649118e-12    0    0    9.7541560183793e-09
91.9239099999865    1.56479245943193e-21    1.60550207468087e-21    5.84020183992548e-21    5.71988607055798e-21    5.65541618484006e-09    1.54678004084791e-09    4.4166045851641e-10    3.5696348441831e-10    8.4468233646389e-10    7.09121161248656e-10    1.70122206023332e-11    0    0    9.57163588695231e-09
92.2774634999863    1.57313365898011e-21    1.54978390524972e-21    5.64438304686445e-21    5.82443376339934e-21    3.93096049331568e-09    2.14260021973316e-09    7.31635536466264e-10    2.83978474257164e-10    1.37321685893298e-09    5.85573941232624e-10    3.59395070189297e-10    0    0    9.40736059414176e-09
92.631016999986    1.55450778751837e-21    1.52146517258369e-21    5.73143674468518e-21    5.61751964857096e-21    1.86637438571085e-09    2.84534161874963e-09    8.27055722260003e-10    2.40131696742921e-10    1.59062795960309e-09    5.42438397181288e-10    1.36396484707547e-09    0    0    9.27593462733768e-09
92.9845704999858    1.49117397109571e-21    1.53851030743855e-21    5.67139682250979e-21    5.61646305768137e-21    1.18267801057467e-09    2.90852653667325e-09    8.72826233408937e-10    2.31506661137862e-10    1.64718022017155e-09    5.34851437541616e-10    1.79710835090621e-09    0    0    9.17467745042841e-09
93.3381239999855    1.50338336753004e-21    1.48193665377653e-21    5.54781602810532e-21    5.70235955048007e-21    2.67243906654282e-09    2.5208957104818e-09    7.27621204059877e-10    2.50877764585536e-10    1.43605303235167e-09    5.62716773814695e-10    8.95470108806596e-10    0    0    9.06607366065723e-09
93.6916774999853    1.45107963890177e-21    1.48914531307398e-21    5.64600954438277e-21    5.55037430286296e-21    4.43351627071049e-09    1.80528288410133e-09    5.3363362012877e-10    2.87170672688679e-10    1.09195361368428e-09    6.38834151517783e-10    1.37403895926943e-10    0    0    8.9277951087724e-09
94.045230999985    1.47789429977648e-21    1.41938943632015e-21    5.58101025222849e-21    5.52954153088648e-21    5.30374826047774e-09    1.18952273610409e-09    3.79457835989629e-10    3.3174783920585e-10    8.29893111815158e-10    7.34121690697032e-10    1.94822021077777e-12    0    0    8.77043969451429e-09
94.3987844999848    1.3932250335948e-21    1.46110592640922e-21    5.45735441328087e-21    5.55467170433051e-21    4.6559883043935e-09    1.58267147277216e-09    4.27035807115596e-10    3.10581671808281e-10    8.97881844733862e-10    7.02700411281018e-10    3.64218669114485e-11    0    0    8.61328137902973e-09
94.7523379999845    1.45574878582771e-21    1.35667384400761e-21    5.46398337041905e-21    5.46970843569916e-21    3.09120615815363e-09    2.0915654251891e-09    6.23521499784589e-10    2.57076795106157e-10    1.36702070302526e-09    5.9537815571692e-10    4.48506449030664e-10    0    0    8.47427518602007e-09
95.1058914999843    1.33687802926899e-21    1.43474614701635e-21    5.44570423896603e-21    5.40869155967517e-21    1.37301182613315e-09    2.60141872907559e-09    7.23820942513769e-10    2.23369024987024e-10    1.56265938222893e-09    5.52348918156254e-10    1.32800630239615e-09    0    0    8.36463512550449e-09
95.459444999984    1.39139445375081e-21    1.33966098723694e-21    5.40145557022825e-21    5.38449329514619e-21    1.21041159575386e-09    2.54398398955812e-09    7.41309851827834e-10    2.21148167966234e-10    1.56790822477566e-09    5.4871868795355e-10    1.44199128744753e-09    0    0    8.2754718052963e-09
95.8129984999838    1.33078003829454e-21    1.36091483584278e-21    5.31725656532703e-21    5.41997988360142e-21    2.66421676715571e-09    2.1488299166803e-09    6.08853752117838e-10    2.38507373757651e-10    1.33177722199789e-09    5.82717278374936e-10    5.99560647633211e-10    0    0    8.17446295773096e-09
96.1665519999835    1.32829823001319e-21    1.32416732639316e-21    5.38680106714241e-21    5.29880148695055e-21    4.12763987523875e-09    1.49084511640486e-09    4.30326248355227e-10    2.76051916109377e-10    9.93602355883407e-10    6.62481822773764e-10    6.78264832020202e-11    0    0    8.04877381798075e-09
96.5201054999833    1.31500592711251e-21    1.29933569493612e-21    5.26574103189413e-21    5.34791423547133e-21    4.65538576849698e-09    1.08024480015615e-09    3.29397169459999e-10    3.09431165957646e-10    7.98483903993455e-10    7.35723455260303e-10    8.2671997527547e-13    0    0    7.90949298331305e-09
96.873658999983    1.28596739993198e-21    1.29078081128496e-21    5.22744386090524e-21    5.29551841178934e-21    3.86835498909406e-09    1.54121396740866e-09    4.17689922111551e-10    2.72381688068626e-10    9.42436437630347e-10    6.76606344257325e-10    5.50790774815392e-11    0    0    7.7737624260652e-09
97.2272124999828    1.26737059178912e-21    1.27257767542718e-21    5.30688352759715e-21    5.14868688422189e-21    2.42877959427411e-09    2.03571575190915e-09    5.45615326885113e-10    2.32233877566818e-10    1.3312999337531e-09    5.89479673086027e-10    4.92083070610791e-10    0    0    7.65520722809811e-09
97.5807659999825    1.26706225022731e-21    1.23672101935162e-21    5.13394928305827e-21    5.22010156796941e-21    1.08391077150595e-09    2.35560147053825e-09    6.44170938380567e-10    2.12276417652555e-10    1.50830090071186e-09    5.54993868597455e-10    1.20291008477247e-09    0    0    7.56216445217196e-09
97.9343194999823    1.21590306607306e-21    1.25228346931437e-21    5.17913411419233e-21    5.10667114626823e-21    1.22476120963628e-09    2.284150630456e-09    6.31266236217648e-10    2.12294945289354e-10    1.46072592670872e-09    5.50893650733181e-10    1.11794140688508e-09    0    0    7.48203400593902e-09
98.287872999982    1.21665360670054e-21    1.21665257779661e-21    5.05089568250536e-21    5.18591825617506e-21    2.5908716657065e-09    1.83545077626724e-09    5.26450729661485e-10    2.2920494071835e-10    1.22223167575978e-09    5.94159495080297e-10    3.90291863515864e-10    0    0    7.38866114672219e-09
98.6414264999818    1.19853505127293e-21    1.20055924746276e-21    5.14450377181713e-21    5.01434582782954e-21    3.74616154613266e-09    1.26595106736412e-09    3.76475317858216e-10    2.62197929279427e-10    9.25001328521132e-10    6.65355926054063e-10    3.39447580097533e-11    0    0    7.27508787323193e-09
98.9949799999815    1.1930204931417e-21    1.17206510467421e-21    5.00094627883118e-21    5.0639679982111e-21    4.05850301753416e-09    9.98877416882311e-10    3.06241891911237e-10    2.85835711340554e-10    7.794880685895e-10    7.22598968884806e-10    1.05649937897122e-12    0    0    7.15260157453397e-09
99.3485334999813    1.15706119631553e-21    1.17505059010795e-21    5.00486568952885e-21    4.97075421221539e-21    3.23659277720015e-09    1.43363001409771e-09    4.15901980658438e-10    2.47496224233936e-10    9.82345919364958e-10    6.46575564414561e-10    7.23371988308382e-11    0    0    7.0348796788129e-09
99.702086999981    1.15070497719375e-21    1.1490173447631e-21    5.00001545891649e-21    4.90541207507451e-21    1.93006344564847e-09    1.91937799872565e-09    5.03364118316258e-10    2.19304167109344e-10    1.2755960002627e-09    5.78902912292061e-10    5.0661875093479e-10    0    0    6.93322739330147e-09
100.055640499981    1.1437294487276e-21    1.1237989241045e-21    4.87504941358909e-21    4.94757378809738e-21    9.21157748757592e-10    2.11705996203847e-09    5.82326072622985e-10    1.99170420213245e-10    1.43304572361587e-09    5.46383728297602e-10    1.05355509245209e-09    0    0    6.85269874800995e-09
100.409193999981    1.12104336380993e-21    1.1151513365137e-21    4.87988358757546e-21    4.89178016587166e-21    1.21011485512303e-09    2.03620023618544e-09    5.55188915126857e-10    2.0489714154611e-10    1.3567301614029e-09    5.51041047625376e-10    8.65997547465493e-10    0    0    6.78016990448721e-09
100.76274749998    1.05961655183163e-21    1.14580291390926e-21    4.88277632000348e-21    4.82946242682651e-21    2.43182275282871e-09    1.59528237316989e-09    4.55822791658574e-10    2.17048760880358e-10    1.13503682039778e-09    5.94513937061022e-10    2.65072696225515e-10    0    0    6.69460013223377e-09
101.11630099998    1.1491352208717e-21    1.02581541533232e-21    4.82182354068512e-21    4.83636524235889e-21    3.35534639603325e-09    1.10684543954683e-09    3.27890620351518e-10    2.46560276983146e-10    8.76760153533884e-10    6.61475288124569e-10    1.81589133587729e-11    0    0    6.59303708794381e-09
101.46985449998    1.01805670302802e-21    1.12704100649686e-21    4.73666948435333e-21    4.8348960795864e-21    3.54679780713741e-09    9.2472710600447e-10    2.75222829567036e-10    2.66803493479948e-10    7.56672628539846e-10    7.13407470368266e-10    1.42822430517392e-12    0    0    6.48505955941387e-09
101.823407999979    1.09770956098679e-21    1.01801487257066e-21    4.75079401469273e-21    4.74235079297429e-21    2.72859071006501e-09    1.3387235691059e-09    3.91113237620801e-10    2.27863593984909e-10    9.85799239441398e-10    6.3020333956596e-10    8.02235166256443e-11    0    0    6.38251720642123e-09
102.176961499979    1.02395953884978e-21    1.06318320513457e-21    4.78506400037534e-21    4.65398625495208e-21    1.58495516862205e-09    1.76158153418847e-09    4.62900540973736e-10    2.02024044759785e-10    1.2429584561957e-09    5.66854503284775e-10    4.73046069401077e-10    0    0    6.29432031743712e-09
102.530514999979    1.03959730267508e-21    1.01888604495738e-21    4.61473778197406e-21    4.74271359151853e-21    7.94366682921381e-10    1.91361834738308e-09    5.19440761624935e-10    1.89529003952249e-10    1.37568477677652e-09    5.37383484772533e-10    8.93444412095749e-10    0    0    6.22346746953787e-09
102.884068499979    1.00237043920324e-21    1.02863189730389e-21    4.66957682589355e-21    4.63026609465893e-21    1.15377641327704e-09    1.81355735674432e-09    4.85348537735328e-10    1.95454573000791e-10    1.28848879704342e-09    5.40757984586307e-10    6.8034522430184e-10    0    0    6.15772888670038e-09
103.237621999978    1.01218440206844e-21    9.9125093973784e-22    4.62934684196373e-21    4.59528611387107e-21    2.22552629155105e-09    1.42305281136945e-09    3.94275281663393e-10    2.08648030420478e-10    1.05104754578577e-09    5.86835995137223e-10    1.90805831810796e-10    0    0    6.0801917877494e-09
103.591175499978    9.91177351599976e-22    9.85095438291356e-22    4.55031851783561e-21    4.59753135096257e-21    3.00663480088348e-09    9.68391381443998e-10    2.92447273041532e-10    2.32835285264728e-10    8.27703986687484e-10    6.50918962390553e-10    1.07199268783145e-11    0    0    5.98965161660122e-09
103.944728999978    9.53597725420254e-22    9.96627513875126e-22    4.53516405978295e-21    4.52594018978701e-21    3.10198014480854e-09    8.59263170840119e-10    2.55596722694497e-10    2.4760241546525e-10    7.32525547641626e-10    6.95574689534394e-10    1.6789107969297e-12    0    0    5.89422160179237e-09
104.298282499978    9.79617363615769e-22    9.44273815132271e-22    4.47075346790596e-21    4.50120205328207e-21    2.29819568795349e-09    1.24831995564153e-09    3.71707945134462e-10    2.092618047343e-10    9.94714716839317e-10    6.04064388989559e-10    7.83384228462019e-11    0    0    5.80460292214975e-09
104.651835999977    9.40253078087888e-22    9.5832111770397e-22    4.48208980593092e-21    4.42800035208625e-21    1.31602016287936e-09    1.62906984323018e-09    4.23758365796979e-10    1.91664614544884e-10    1.19459484924656e-09    5.55872546288056e-10    4.16530107654519e-10    0    0    5.72751048965134e-09
105.005389499977    9.46805140324354e-22    9.26408454008272e-22    4.43031480409294e-21    4.39625306337572e-21    6.96546558851235e-10    1.7319967438856e-09    4.82869312276782e-10    1.79808609965534e-10    1.31632720440303e-09    5.22502949517113e-10    7.34462305620427e-10    0    0    5.66451368453042e-09
105.358942999977    9.31414561635535e-22    9.16985966244763e-22    4.32307966856796e-21    4.46137434577067e-21    1.09353197072688e-09    1.63792264048565e-09    4.32661053816951e-10    1.84363749164992e-10    1.20334532464174e-09    5.30884628658601e-10    5.21962754393779e-10    0    0    5.60467212189922e-09
105.712496499977    8.87641786578226e-22    9.3646596846612e-22    4.44630326507346e-21    4.28691192692685e-21    2.02413000386962e-09    1.26109275398086e-09    3.55588646745679e-10    1.98718641855921e-10    9.88996090682469e-10    5.72224332210683e-10    1.33628197685149e-10    0    0    5.53437866704094e-09
106.066049999976    9.17292282873454e-22    8.82950204830086e-22    4.2904902682417e-21    4.39346165113441e-21    2.69909065555273e-09    8.49320558176888e-10    2.65691801643054e-10    2.25498930026897e-10    7.68982996579957e-10    6.39216714973751e-10    5.80739055564606e-12    0    0    5.45360904751941e-09
106.419603499976    8.73141699334048e-22    9.03394389273449e-22    4.29996274002709e-21    4.31725044878104e-21    2.7020788706918e-09    8.10809796345253e-10    2.46435607674836e-10    2.32186837010999e-10    7.14934651766985e-10    6.60472677145244e-10    2.24384157379251e-12    0    0    5.3691622822193e-09
106.773156999976    8.88990572747742e-22    8.6459892702317e-22    4.33339390465086e-21    4.20261594493333e-21    1.94820026642424e-09    1.16148270294788e-09    3.49757865600233e-10    2.00428627481931e-10    9.71915456737422e-10    5.77912629226981e-10    8.08946726625899e-11    0    0    5.29059222109156e-09
107.126710499976    8.68868554594494e-22    8.61649408744322e-22    4.1829407877024e-21    4.29443425785996e-21    1.09820880488351e-09    1.50340506434497e-09    3.98257900713758e-10    1.78820359369532e-10    1.13413201214088e-09    5.33309848063738e-10    3.76917992745425e-10    0    0    5.22305198227202e-09
107.480263999975    8.50243874580775e-22    8.57995226351385e-22    4.23706062229359e-21    4.17912980874598e-21    6.29144525584595e-10    1.60159506625914e-09    4.2407700983195e-10    1.72187799737938e-10    1.2214670934282e-09    5.08106479810797e-10    6.103848159962e-10    0    0    5.16696279065894e-09
107.833817499975    8.37832046137168e-22    8.48346974633141e-22    4.13872136431156e-21    4.22795372588387e-21    1.04899333261233e-09    1.4564905997551e-09    3.91365106076207e-10    1.77298414970953e-10    1.12122849126919e-09    5.18952778489589e-10    3.9798268505358e-10    0    0    5.112311408237e-09
108.187370999975    8.33940946001918e-22    8.30495512054822e-22    4.17117431175614e-21    4.15311164312774e-21    1.85728673538267e-09    1.11702557822361e-09    3.13551068020282e-10    1.91915676461624e-10    9.16344963300634e-10    5.60666855467725e-10    9.17295321995751e-11    0    0    5.0485204090661e-09
108.540924499975    8.21335968244776e-22    8.21764930624759e-22    4.14501366698509e-21    4.13054283460279e-21    2.4040173625918e-09    7.69594919890429e-10    2.42718591115225e-10    2.09829639078802e-10    7.25186772205482e-10    6.2188169739369e-10    3.08359732164463e-12    0    0    4.97631257960699e-09
108.894477999974    8.09163247166525e-22    8.12858964207229e-22    4.06434987686476e-21    4.1386669938419e-21    2.36100292798024e-09    7.69273629530437e-10    2.29003186279728e-10    2.14423598307476e-10    6.90872361799068e-10    6.33985016965879e-10    2.91573883477774e-12    0    0    4.90147645970743e-09
109.248031499974    8.02246711215914e-22    7.99177730298051e-22    4.10111468423387e-21    4.03682600254491e-21    1.65645379966236e-09    1.07601799396419e-09    3.30691599304231e-10    1.84618510251504e-10    9.46370266273309e-10    5.57093353423177e-10    8.11588884744516e-11    0    0    4.83240441136296e-09
109.601584999974    8.00034862847689e-22    7.80921638605333e-22    4.0036179229349e-21    4.08386263685881e-21    9.23385068356387e-10    1.38028760196887e-09    3.6688026565386e-10    1.71829304760252e-10    1.075886938537e-09    5.1746919497032e-10    3.37170856183767e-10    0    0    4.77290923044012e-09
109.955138499974    7.59457675199693e-22    8.01603630655647e-22    4.02270791596599e-21    4.00598707734483e-21    5.82607287515587e-10    1.45703510808553e-09    3.78334751644498e-10    1.67131735619201e-10    1.13695649564574e-09    4.99092000600577e-10    5.01519281323423e-10    0    0    4.72267666044414e-09
110.308691999973    7.96876558295046e-22    7.44361324572126e-22    4.00280752076705e-21    3.99414000388507e-21    1.00041389143545e-09    1.30333472241238e-09    3.47383692693492e-10    1.71375114906738e-10    1.0396703391113e-09    5.07982369958751e-10    3.02510880653295e-10    0    0    4.67267101118094e-09
110.662245499973    7.33252348548938e-22    7.88644817435489e-22    3.98006683483136e-21    3.97133090486097e-21    1.69346639151193e-09    9.91848053692894e-10    2.81181870748928e-10    1.85367392158169e-10    8.4614054081119e-10    5.54191742317819e-10    6.26310466042378e-11    0    0    4.61482703785464e-09
111.015798999973    7.79914331871495e-22    7.22740566471683e-22    3.89008005442524e-21    3.99831642305646e-21    2.14501606327992e-09    6.82522578559043e-10    2.2668372752139e-10    1.98911510706457e-10    6.89689573571584e-10    6.05729843208886e-10    1.56087817551793e-12    0    0    4.55011417503219e-09
111.369352499973    7.22007080999477e-22    7.61912415522794e-22    3.98150046100441e-21    3.84024681988053e-21    2.04785365845495e-09    7.28529119931134e-10    2.19652351051715e-10    2.01723876964711e-10    6.73077411216665e-10    6.09413324513681e-10    3.55623129290592e-12    0    0    4.48380597343507e-09
111.722905999972    7.28738826487814e-22    7.36723643291088e-22    3.8261799380356e-21    3.92544327213023e-21    1.43718761508201e-09    9.75169926746502e-10    3.03417897000891e-10    1.76219499578876e-10    9.14689380540733e-10    5.36969089390127e-10    7.90184907104774e-11    0    0    4.42267189905883e-09
112.076459499972    7.39356406185742e-22    7.07947056624909e-22    3.85004029858095e-21    3.84970845813734e-21    7.95967498111559e-10    1.24452347441574e-09    3.4243832470075e-10    1.64643305001278e-10    1.01707065529864e-09    5.02489717240665e-10    3.02765170917833e-10    0    0    4.36989814569562e-09
112.430012999972    7.01339408266074e-22    7.27890251643184e-22    3.83878922550623e-21    3.79738670897726e-21    5.39903708976616e-10    1.31458871246037e-09    3.49782753996998e-10    1.61069260761416e-10    1.05083117977758e-09    4.83733118861501e-10    4.2477857649891e-10    0    0    4.32468731134246e-09
112.783566499972    7.17696287365199e-22    6.93974589804828e-22    3.73076301084698e-21    3.86669630417234e-21    9.24809741429569e-10    1.16641505008778e-09    3.17607116510754e-10    1.6732766362434e-10    9.61065236253326e-10    4.96446587685955e-10    2.45517724456709e-10    0    0    4.27918912005744e-09
113.137119999971    7.0144014432305e-22    6.92624739757692e-22    3.85457628322965e-21    3.70155562513089e-21    1.53119866324253e-09    8.83074508492525e-10    2.58141680862327e-10    1.7909109198979e-10    7.95799787952137e-10    5.31424670150683e-10    4.82508780883649e-11    0    0    4.22698128078731e-09
113.490673499971    6.60343928210264e-22    7.16780887136885e-22    3.70504061116467e-21    3.80038397226265e-21    1.91498700944223e-09    6.20939878413222e-10    2.08880284364551e-10    1.91340111906413e-10    6.48270112434102e-10    5.83612183125386e-10    1.08702289284843e-12    0    0    4.16911660258763e-09
113.844226999971    7.07572561139932e-22    6.52711418777934e-22    3.76647602758537e-21    3.67506227796591e-21    1.81059503864917e-09    6.78314125800063e-10    2.0737537803161e-10    1.89685284914817e-10    6.393618097136e-10    5.81189658754491e-10    3.49696966912826e-12    0    0    4.11001826554168e-09
114.197780499971    6.51251807951639e-22    6.92350852049296e-22    3.62892189784054e-21    3.7566285649169e-21    1.25685154135759e-09    9.00923194439919e-10    2.79756254417996e-10    1.70273285628758e-10    8.61333941478445e-10    5.14951684643222e-10    7.15590029663846e-11    0    0    4.05564890494104e-09
114.55133399997    6.83876085456367e-22    6.43409028509901e-22    3.66454569828646e-21    3.67109811915095e-21    7.06135770008603e-10    1.14450134140073e-09    3.14007760597872e-10    1.57803700736941e-10    9.43582371941451e-10    4.83199652539799e-10    2.59191885239147e-10    0    0    4.0084224824732e-09
114.90488749997    6.38279319969185e-22    6.72928221020642e-22    3.64373823017651e-21    3.64030995891421e-21    4.99531890704161e-10    1.19256989602307e-09    3.17413414363377e-10    1.56025921613575e-10    9.80113541629299e-10    4.68458760641859e-10    3.53341556011332e-10    0    0    3.96745498099526e-09
115.25844099997    6.65604723271519e-22    6.29622945799153e-22    3.62041732673407e-21    3.61328443785224e-21    8.41270862121856e-10    1.05206382702364e-09    2.89467044532368e-10    1.59126261670894e-10    9.06529006897774e-10    4.77600621511659e-10    2.00030121218639e-10    0    0    3.92608774498536e-09
115.61199449997    6.24632828808422e-22    6.55093056905388e-22    3.58258039705029e-21    3.61549912536318e-21    1.36880952622679e-09    8.02444056917991e-10    2.37947543964192e-10    1.71110101804683e-10    7.44531179862983e-10    5.15457556065593e-10    3.87748467706269e-11    0    0    3.87907481162134e-09
115.965547999969    6.39905460141306e-22    6.24276852046297e-22    3.54525627678234e-21    3.59557291260374e-21    1.70384367997142e-09    5.66463677839942e-10    1.9996102479097e-10    1.79661943222746e-10    6.21879753479804e-10    5.54643977849833e-10    8.39944418826589e-13    0    0    3.82729400158195e-09
116.319101499969    6.19459300988631e-22    6.29750746842287e-22    3.56186278947667e-21    3.51846393585903e-21    1.60595999187743e-09    6.2095567750034e-10    1.97153650954131e-10    1.80212416280569e-10    6.10014246966291e-10    5.57107821381458e-10    3.12572482502773e-12    0    0    3.77452952979358e-09
116.672654999969    6.13008829989133e-22    6.21171925157199e-22    3.53560001223306e-21    3.4874623273178e-21    1.10676829720209e-09    8.23350711292912e-10    2.63622502467815e-10    1.61166046278048e-10    8.16646354714796e-10    4.93402483384835e-10    6.09950931449618e-11    0    0    3.72595148849372e-09
117.026208499969    6.26824914458078e-22    5.92680627800147e-22    3.45371316392015e-21    3.52056223009463e-21    6.31685272661898e-10    1.04072945476637e-09    2.87577519894123e-10    1.52245035084947e-10    8.86671819216524e-10    4.68706411531555e-10    2.15853484759095e-10    0    0    3.68346899792271e-09
117.379761999968    5.757973191868e-22    6.29254697464265e-22    3.47217145181237e-21    3.44681959264656e-21    4.59342378438984e-10    1.06995907398819e-09    2.94448319259548e-10    1.47672676621657e-10    9.33451895120928e-10    4.5082184996976e-10    2.90498947985594e-10    0    0    3.64619514139278e-09
117.733315499968    6.22526568314206e-22    5.68210129925845e-22    3.41412384436792e-21    3.47272607714555e-21    7.6034321185348e-10    9.51442318319311e-10    2.66988359932314e-10    1.53853838318074e-10    8.48617814962648e-10    4.63809641430677e-10    1.63552677845206e-10    0    0    3.60860786266979e-09
118.086868999968    5.76635329237054e-22    5.99989128856564e-22    3.44576220459107e-21    3.39333467746625e-21    1.22118292194666e-09    7.32092130180612e-10    2.22586694927431e-10    1.63168870698084e-10    7.00211253319236e-10    4.9545329731973e-10    3.15745592516914e-11    0    0    3.56626972765146e-09
118.440422499968    5.74081091310574e-22    5.88710159051473e-22    3.36240232027728e-21    3.41918287411214e-21    1.51758701642231e-09    5.19834282122186e-10    1.86132597045354e-10    1.73483536523832e-10    5.89611833037401e-10    5.32543331704448e-10    6.5457727878522e-13    0    0    3.51984717414227e-09
118.793975999967    5.91514419140077e-22    5.57646140338781e-22    3.40107912365004e-21    3.32939980008531e-21    1.425699120214e-09    5.72385938142955e-10    1.85882467871363e-10    1.71449704670233e-10    5.84182885447945e-10    5.30353476174422e-10    2.66151505222167e-12    0    0    3.47261510758102e-09
119.147529499967    5.45158752712442e-22    5.90552355624142e-22    3.34728650461998e-21    3.33543633668991e-21    9.85534983986481e-10    7.54540133124494e-10    2.46806237362903e-10    1.55000445633553e-10    7.60873214816335e-10    4.74960277741648e-10    5.13363662439078e-11    0    0    3.42905165891714e-09
119.501082999967    5.81641805375346e-22    5.40804699687186e-22    3.28639824030049e-21    3.35852355268918e-21    5.75410183182225e-10    9.42595085735974e-10    2.69263866008639e-10    1.44626451946252e-10    8.27702198423348e-10    4.50867105576833e-10    1.80222515172717e-10    0    0    3.39068740605376e-09
119.854636499967    5.43564413619587e-22    5.65874874692227e-22    3.31409808910882e-21    3.28301840577434e-21    4.21761957606742e-10    9.79188023209981e-10    2.74477060130146e-10    1.42935151157317e-10    8.59226915730911e-10    4.349058899004e-10    2.44273703676315e-10    0    0    3.35676870141952e-09
120.208189999966    5.55575869517723e-22    5.40834076492318e-22    3.2518999873401e-21    3.30139123228913e-21    6.87002839215349e-10    8.62706057223787e-10    2.48768133458589e-10    1.47588397553169e-10    7.90077341270661e-10    4.46923343597053e-10    1.3951208364517e-10    0    0    3.32257819597143e-09
120.561743499966    5.34032177288174e-22    5.49852888281354e-22    3.28810905567516e-21    3.22780865433152e-21    1.08911073806012e-09    6.68009195055003e-10    2.08842459484652e-10    1.56728747161793e-10    6.6049885433995e-10    4.73391222050318e-10    2.78345241193473e-11    0    0    3.28441574027878e-09
120.915296999966    5.45779075951694e-22    5.25463231065398e-22    3.18938871283153e-21    3.27790005220588e-21    1.35346372452422e-09    4.79078933665316e-10    1.7977310177169e-10    1.6312395477157e-10    5.56344706423918e-10    5.10348178971125e-10    6.17665974013304e-13    0    0    3.24275026610939e-09
121.268850499966    5.14538568462185e-22    5.44428956724272e-22    3.22073415792632e-21    3.1966773236342e-21    1.26794145783744e-09    5.29200919540167e-10    1.76076884562523e-10    1.64622443233717e-10    5.55140276692994e-10    5.05185927667061e-10    2.20312414592814e-12    0    0    3.20037103368731e-09
121.622403999965    5.40865451210184e-22    5.06004559710856e-22    3.17146721198907e-21    3.19429910681489e-21    8.88031887309443e-10    6.89260870665009e-10    2.308325691701e-10    1.46894469950256e-10    7.08539932364093e-10    4.55656476191529e-10    4.19501158139886e-11    0    0    3.16116632147183e-09
121.975957499965    4.96488060445456e-22    5.38346683802886e-22    3.15317745582521e-21    3.17514887563006e-21    5.28812932234972e-10    8.56705206841788e-10    2.49852150328803e-10    1.40264934700847e-10    7.69775818991058e-10    4.31847931886956e-10    1.49112741544913e-10    0    0    3.1263717165367e-09
122.329510999965    5.29943264585079e-22    4.93157822940673e-22    3.16069317276779e-21    3.12458070460944e-21    3.92424337974259e-10    8.80745285546822e-10    2.53226112998559e-10    1.39252394288761e-10    8.06993359094186e-10    4.1775776730054e-10    2.05000084297883e-10    0    0    3.09539934150832e-09
122.683064499965    4.93314052522884e-22    5.18149954800483e-22    3.12427046404643e-21    3.12378287131485e-21    6.18269717839198e-10    7.84214858209484e-10    2.34311113035412e-10    1.41461855467748e-10    7.40255045640822e-10    4.2614161116989e-10    1.19663209136746e-10    0    0    3.06431741050656e-09
123.036617999964    5.14114454773551e-22    4.85696215125651e-22    3.09107266777954e-21    3.11886440713853e-21    9.69747960153758e-10    6.20467337070675e-10    1.97995505642787e-10    1.47924296309725e-10    6.11755004555556e-10    4.57252806070667e-10    2.47528769529369e-11    0    0    3.02989578676332e-09
123.390171499964    4.79011572259849e-22    5.09728629337756e-22    3.06700845629687e-21    3.10399822323275e-21    1.20906534573261e-09    4.45312072755507e-10    1.69427942511246e-10    1.56452298840963e-10    5.29713300605248e-10    4.81881063476308e-10    5.89576260288729e-13    0    0    2.99244160018933e-09
123.743724999964    5.02166886147977e-22    4.75187880146391e-22    3.06918767826836e-21    3.05501713574733e-21    1.14449080419999e-09    4.81391110597199e-10    1.67982098330282e-10    1.55195622710933e-10    5.20812876496462e-10    4.82712193046986e-10    1.73551599355022e-12    0    0    2.9543202213825e-09
124.097278499964    4.7025707908441e-22    4.96295388383822e-22    3.07536589968469e-21    2.99805019283518e-21    8.00778498022793e-10    6.33343176839019e-10    2.1336558202914e-10    1.41709151188561e-10    6.62886871033113e-10    4.33003832794407e-10    3.3845623830685e-11    0    0    2.91893273574476e-09
124.450831999963    4.84379371465423e-22    4.71279098412289e-22    2.99265493046569e-21    3.04114900641567e-21    4.8502660681174e-10    7.82216445496892e-10    2.32588553885628e-10    1.34079392305384e-10    7.19685847645159e-10    4.11829056454388e-10    1.21883535455108e-10    0    0    2.88730943806129e-09
124.804385499963    4.68225233242268e-22    4.76765447152424e-22    2.99667321216261e-21    2.99074411779353e-21    3.65343358996361e-10    8.0467941847596e-10    2.35287274972374e-10    1.31656334581677e-10    7.51824270041971e-10    4.00797892120754e-10    1.69402150568888e-10    0    0    2.85899069976492e-09
125.157938999963    4.78413682212352e-22    4.55988964438227e-22    2.9571848724892e-21    3.00160151519262e-21    5.52357836164211e-10    7.24705961012832e-10    2.16711556649229e-10    1.359797362833e-10    6.92974994855796e-10    4.06808098096894e-10    1.01108792912034e-10    0    0    2.83064697598119e-09
125.511492499963    4.5121528899149e-22    4.72789873147048e-22    2.96958292332984e-21    2.95513743556724e-21    8.6407123754355e-10    5.70416771294589e-10    1.89178423596096e-10    1.4148352776347e-10    5.82895486824054e-10    4.29928855409661e-10    2.15767540887691e-11    0    0    2.79955105652704e-09
125.865045999962    4.62972889084871e-22    4.50770449994759e-22    2.94341709746896e-21    2.94411569338961e-21    1.08378266706232e-09    4.1386927150562e-10    1.61026404779786e-10    1.49491361309144e-10    4.98553944800723e-10    4.58521285746606e-10    5.63781135467794e-13    0    0    2.76580871634647e-09
126.218599499962    4.48142014971123e-22    4.55550051620417e-22    2.96864007383497e-21    2.88070841072647e-21    1.03123782535395e-09    4.41529702766361e-10    1.60123935823197e-10    1.4805976777717e-10    4.94649265155896e-10    4.54403723826024e-10    1.4413047612071e-12    0    0    2.73144552547056e-09
126.572152999962    4.38944548666548e-22    4.5476600130511e-22    2.8465770292473e-21    2.95217158533979e-21    7.3226474790438e-10    5.80307055098949e-10    1.97909477810321e-10    1.35292832863839e-10    6.11826235599353e-10    4.13442661564985e-10    2.83386114693236e-11    0    0    2.69938162231784e-09
126.925706499962    4.58015500042978e-22    4.25906600125991e-22    2.92362305153347e-21    2.83589855703604e-21    4.517207028065e-10    7.18570112100441e-10    2.10129450928663e-10    1.29923333899002e-10    6.62001256838082e-10    3.94764326532943e-10    1.03500825643038e-10    0    0    2.67061000875531e-09
127.279259999961    4.24260870929569e-22    4.49893163810187e-22    2.85747156012553e-21    2.86548792135921e-21    3.41337014090158e-10    7.32672664149809e-10    2.16599114815847e-10    1.25660702832873e-10    6.98013997171059e-10    3.8410005629037e-10    1.46317163088645e-10    0    0    2.64470071244536e-09
127.632813499961    4.4365246623129e-22    4.20949347280927e-22    2.83737576216949e-21    2.84623383571372e-21    4.97093539893601e-10    6.59308486011899e-10    2.0149808940561e-10    1.28510374155406e-10    6.51993052741662e-10    3.90157298889233e-10    9.03259068793652e-11    0    0    2.61888674798333e-09
127.986366999961    4.14959061832998e-22    4.40241022499491e-22    2.84573768174844e-21    2.80157494069028e-21    7.72582922419759e-10    5.29486031109399e-10    1.74422129526431e-10    1.34513746238333e-10    5.45894902212329e-10    4.13282940050825e-10    2.05683606984268e-11    0    0    2.59075103226201e-09
128.339920499961    4.28836971923101e-22    4.17069619295285e-22    2.80407326970733e-21    2.80306894439411e-21    9.66878250493773e-10    3.86401165803506e-10    1.51647221888237e-10    1.41603610016435e-10    4.78845499049424e-10    4.34274003867556e-10    6.63329386742097e-13    0    0    2.56031308051212e-09
128.69347399996    4.29288256776554e-22    4.0732418237184e-22    2.77280378753825e-21    2.79403549826279e-21    9.32996660047588e-10    4.02095892031236e-10    1.49594823157917e-10    1.40451261320714e-10    4.675156132379e-10    4.3556285888931e-10    1.05774234247441e-12    0    0    2.52927485103354e-09
129.04702749996    3.91244979641774e-22    4.364396387535e-22    2.74208242339909e-21    2.79188564329094e-21    6.66147556553137e-10    5.34688360464996e-10    1.83491234735451e-10    1.29289711361491e-10    5.69107727534946e-10    3.95921693364344e-10    2.15470688423657e-11    0    0    2.50019335286309e-09
129.40058099996    4.30216099217051e-22    3.88481007605748e-22    2.7596199328149e-21    2.73958287857711e-21    4.21005249063597e-10    6.5611070744252e-10    1.96367477203061e-10    1.22942793448647e-10    6.17721209227878e-10    3.78683749022948e-10    8.10829336576513e-11    0    0    2.47391411907262e-09
129.75413449996    3.89085201234908e-22    4.20846430189825e-22    2.77025014062338e-21    2.69309133467588e-21    3.17300139719429e-10    6.71848636141351e-10    1.99995919169218e-10    1.21185326193181e-10    6.55336415685123e-10    3.66508088753476e-10    1.17929216403401e-10    0    0    2.45010374207145e-09
130.107687999959    4.06713711863773e-22    3.94507589468608e-22    2.68609808758718e-21    2.74559146259545e-21    4.48677094787664e-10    6.09595622314368e-10    1.89931152878582e-10    1.23566402745225e-10    6.10015341900971e-10    3.69617937320782e-10    7.50985217166648e-11    0    0    2.42650207367049e-09
130.461241499959    3.98790435433999e-22    3.93861991678086e-22    2.71327488080953e-21    2.68286569518346e-21    6.8762114845008e-10    4.94491311196316e-10    1.66059321486138e-10    1.28375973002324e-10    5.16280035820354e-10    3.90520884763807e-10    1.7630948104922e-11    0    0    2.40097962283013e-09
130.814794999959    3.92272662409768e-22    3.91842732870215e-22    2.64758268300983e-21    2.70902928804201e-21    8.69296068673901e-10    3.61271245923351e-10    1.4446327358476e-10    1.35362935584327e-10    4.50752751652745e-10    4.11775532395391e-10    5.59902227906643e-13    0    0    2.37348171004852e-09
131.168348499959    3.85653997085261e-22    3.90155214934416e-22    2.66874128118078e-21    2.65229827262472e-21    8.4514137024949e-10    3.69426146074927e-10    1.40975736789563e-10    1.35720239398983e-10    4.40862593941083e-10    4.12461953375883e-10    7.77433532435927e-13    0    0    2.34536547336846e-09
131.521901999958    3.82757469723459e-22    3.84832100495216e-22    2.65100133505057e-21    2.62577050060134e-21    6.09823512063488e-10    4.89927969003516e-10    1.72493313773481e-10    1.24107590945417e-10    5.26604801465789e-10    3.78197710538467e-10    1.77772463920098e-11    0    0    2.31893214418821e-09
131.875455499958    3.7995682511937e-22    3.79489167068027e-22    2.60310128014161e-21    2.6328162837725e-21    3.91755172284328e-10    5.95266991411821e-10    1.80045447668581e-10    1.18731326703797e-10    5.79852023249032e-10    3.60316742779049e-10    6.89742540677263e-11    0    0    2.29494195817033e-09
132.229008999958    3.71920646836369e-22    3.79564060311808e-22    2.62631225695724e-21    2.57930417577017e-21    2.94651335491919e-10    6.17435712880538e-10    1.85606278251098e-10    1.15215195344192e-10    6.06852432678664e-10    3.51264089755685e-10    1.02113294035222e-10    0    0    2.27313833844327e-09
132.582562499958    3.8129480698075e-22    3.62192038265069e-22    2.58214009968141e-21    2.59377089740556e-21    4.05929874129876e-10    5.61620862379624e-10    1.76178475929889e-10    1.17920302599804e-10    5.69906989482555e-10    3.53961884254975e-10    6.60394046429917e-11    0    0    2.25155779342563e-09
132.936115999957    3.61487837003265e-22    3.74197989280078e-22    2.60054034689523e-21    2.5424151773533e-21    6.18510044374043e-10    4.5799702609869e-10    1.5600070478401e-10    1.20844056295323e-10    4.85688535903574e-10    3.73483300320953e-10    1.5821744124751e-11    0    0    2.22834541190722e-09
133.289669499957    3.64876002462215e-22    3.63108965896191e-22    2.5198140025882e-21    2.58721099739994e-21    7.83889972244422e-10    3.35581857244304e-10    1.3642640285149e-10    1.27669019356104e-10    4.27799860345095e-10    3.91502044756657e-10    5.28785577749652e-13    0    0    2.20339794238166e-09
133.643222999957    3.67189462439144e-22    3.53138512742932e-22    2.54414400397626e-21    2.52592749826021e-21    7.64040553768809e-10    3.42641335648852e-10    1.33449134357155e-10    1.27329703696085e-10    4.15835124274354e-10    3.94017580920569e-10    5.74170188194544e-13    0    0    2.17788760285981e-09
133.996776499957    3.39356977455586e-22    3.73536659171772e-22    2.53819998331765e-21    2.49222711772683e-21    5.54883516518966e-10    4.50033723559844e-10    1.61449881463267e-10    1.17396518921529e-10    4.93309419698008e-10    3.6232806780977e-10    1.44443453223383e-11    0    0    2.15384547329947e-09
134.350329999956    3.6878898471228e-22    3.36672902570249e-22    2.4939942508162e-21    2.50495699799766e-21    3.61368430623982e-10    5.49167696858529e-10    1.67385916148966e-10    1.11408619807031e-10    5.38805861503057e-10    3.46508183519085e-10    5.72702097274208e-11    0    0    2.13191491819377e-09
134.703883499956    3.40651820617043e-22    3.57496557164626e-22    2.51885640446036e-21    2.45162142510996e-21    2.76801258562692e-10    5.655640799427e-10    1.73431890935725e-10    1.08455919567135e-10    5.66483071392773e-10    3.35607804440729e-10    8.55411812461002e-11    0    0    2.11188520609352e-09
135.057436999956    3.49249120926237e-22    3.4162919339901e-22    2.43910864634406e-21    2.51413752793741e-21    3.74029193962492e-10    5.17055692110545e-10    1.65910811066839e-10    1.11695879070988e-10    5.28038003144962e-10    3.39803797001273e-10    5.55476031780518e-11    0    0    2.0920809795408e-09
135.410990499956    3.39031307768754e-22    3.4479234951418e-22    2.45386414357528e-21    2.4660113671564e-21    5.5938140823209e-10    4.21646461126711e-10    1.48006359912818e-10    1.15955442783559e-10    4.5757504532913e-10    3.54956710551081e-10    1.33748929226712e-11    0    0    2.07089632086366e-09
135.764543999955    3.39404889006398e-22    3.37319811705188e-22    2.46720792047055e-21    2.42266991666906e-21    7.05735273994025e-10    3.12686889593007e-10    1.30821892978395e-10    1.21293113784709e-10    4.05615193412086e-10    3.71615555343731e-10    4.49616436767392e-13    0    0    2.04821753554829e-09
136.118097499955    3.38523006056012e-22    3.31257877317145e-22    2.43884930161706e-21    2.41904037382388e-21    6.88023161500353e-10    3.18555101264727e-10    1.27647819613715e-10    1.21527619062691e-10    3.95316038236848e-10    3.7349482863751e-10    4.97715472461021e-13    0    0    2.02506228379383e-09
136.471650999955    3.248740250614e-22    3.38073283053878e-22    2.39452122326165e-21    2.42959306986905e-21    5.06869481078093e-10    4.13058948705723e-10    1.50858233716523e-10    1.13806735676574e-10    4.59114219128478e-10    3.47114358536375e-10    1.2338077484722e-11    0    0    2.00316005433198e-09
136.825204499955    3.33876096415983e-22    3.22289263339321e-22    2.40364353902513e-21    2.39293052621583e-21    3.34092018673141e-10    5.00460602356785e-10    1.58669979645301e-10    1.08070890801547e-10    5.03221045200428e-10    3.29786473072584e-10    4.88058803750394e-11    0    0    1.98310689013028e-09
137.178757999954    3.20780641911712e-22    3.28693957408458e-22    2.36722877344707e-21    2.39471794187471e-21    2.5906365022729e-10    5.20635386873046e-10    1.62543369545652e-10    1.05292657255806e-10    5.24020831100431e-10    3.20764572348883e-10    7.23816530131351e-11    0    0    1.96470212036965e-09
137.532311499954    3.20262148351282e-22    3.2267094987216e-22    2.40867172819195e-21    2.33059947889406e-21    3.43774623633557e-10    4.80553975832633e-10    1.54495271040284e-10    1.06893819583422e-10    4.86493320440933e-10    3.27407725522903e-10    4.6876138975346e-11    0    0    1.94649487503446e-09
137.885864999954    3.21775051022116e-22    3.14557095238043e-22    2.34078136922591e-21    2.37190207463577e-21    5.06167882579183e-10    3.88640544240871e-10    1.37965614944528e-10    1.10477571782381e-10    4.33562697572243e-10    3.39004884403194e-10    1.12979039866501e-11    0    0    1.9271170995144e-09
138.239418499954    3.19285115517413e-22    3.10660576548826e-22    2.33152600398858e-21    2.35295821925446e-21    6.35444836239889e-10    2.93360872750355e-10    1.23585302825161e-10    1.14701065484172e-10    3.82927567030005e-10    3.56059696435364e-10    4.03766522912968e-13    0    0    1.90648310729317e-09
138.592971999953    2.99986800731366e-22    3.23536841946122e-22    2.31601213681418e-21    2.33632154501334e-21    6.24553476264776e-10    2.94771599082226e-10    1.19479550374304e-10    1.15992591092769e-10    3.75226833866611e-10    3.54980055035625e-10    4.12633486912591e-13    0    0    1.8854167392085e-09
138.946525499953    3.20456327628758e-22    2.96906838215325e-22    2.32642415689539e-21    2.29309081395806e-21    4.67029419683373e-10    3.79960448319855e-10    1.4088311149046e-10    1.07656337307905e-10    4.28090709705616e-10    3.31355462451775e-10    1.04411831546912e-11    0    0    1.86541667211891e-09
139.300078999953    2.95222582353073e-22    3.15858205572654e-22    2.26392465002222e-21    2.32129019808984e-21    3.12182755653986e-10    4.55389792136611e-10    1.46873583918775e-10    1.03663792010878e-10    4.71852016399284e-10    3.15961895815477e-10    4.11133011710925e-11    0    0    1.8470371371113e-09
139.653632499953    3.10312371843774e-22    2.94697688843939e-22    2.31281837591368e-21    2.24219457222349e-21    2.4401763716863e-10    4.81245346833679e-10    1.50102031061945e-10    1.01896000717667e-10    4.83728551381127e-10    3.07693396817302e-10    6.13958687402313e-11    0    0    1.83007883272574e-09
140.007185999952    2.91518347705404e-22    3.07472759977686e-22    2.25128003778338e-21    2.27028917863745e-21    3.13539866965724e-10    4.42257729443524e-10    1.44777390072767e-10    1.02383931178169e-10    4.60145428159725e-10    3.09675534335405e-10    4.05520403543365e-11    0    0    1.81333192051477e-09
140.360739499952    3.04916872375093e-22    2.8804551940576e-22    2.24157165159725e-21    2.25439058981587e-21    4.57364800573009e-10    3.59741511398478e-10    1.3142452047329e-10    1.05471969846624e-10    4.09658147726749e-10    3.2177281783438e-10    1.01936715361805e-11    0    0    1.7956274393938e-09
140.714292999952    2.86784889687414e-22    3.00343302843573e-22    2.24607571566873e-21    2.21780113415279e-21    5.73455191754843e-10    2.77716616415587e-10    1.17507226078133e-10    1.08617024118451e-10    3.63948372490462e-10    3.3514709670879e-10    4.38116718773498e-13    0    0    1.77682964429009e-09
141.067846499952    2.98344054910043e-22    2.82900356097623e-22    2.18112683543102e-21    2.24919897147387e-21    5.70331652102273e-10    2.72696932554142e-10    1.14011054385914e-10    1.09458651121048e-10    3.55072585028472e-10    3.35722300433112e-10    3.36166183699059e-13    0    0    1.75762934181367e-09
141.421399999951    2.80334275689301e-22    2.9521081274441e-22    2.21871418814932e-21    2.17699389893538e-21    4.35097008687448e-10    3.49156042713596e-10    1.29939611409181e-10    1.03032391747571e-10    3.97726672830432e-10    3.15888153780862e-10    8.4611486947854e-12    0    0    1.73930102986885e-09
141.774953499951    2.90377591665738e-22    2.79466171754794e-22    2.18358359468434e-21    2.18710956598136e-21    2.97579118900946e-10    4.12862465727336e-10    1.37861082177866e-10    9.83082594291891e-11    4.41045184353728e-10    3.0002261803992e-10    3.46913111424347e-11    0    0    1.72237003977636e-09
142.128506999951    2.75468265322342e-22    2.8881933741355e-22    2.1737092457573e-21    2.16547024899707e-21    2.30346315469558e-10    4.3770997320989e-10    1.40517114253375e-10    9.61194413279834e-11    4.54958478784346e-10    2.9263194883502e-10    5.44417636190875e-11    0    0    1.70672503550416e-09
142.482060499951    2.84804119723049e-22    2.73902197514355e-22    2.16478385250242e-21    2.14767983814516e-21    2.83419189227457e-10    4.09780534323776e-10    1.36163333328268e-10    9.72671444675968e-11    4.31698621143022e-10    2.94572551707999e-10    3.84509386005427e-11    0    0    1.69135231280353e-09
142.83561399995    2.74273715652021e-22    2.78993784095792e-22    2.12676337028739e-21    2.16284445195233e-21    4.07380005264205e-10    3.38439755447731e-10    1.25632593922699e-10    9.94698255142159e-11    3.88754887687187e-10    3.0465933052916e-10    1.08673097897913e-11    0    0    1.67520370815983e-09
143.18916749995    2.73518706414634e-22    2.74324445579036e-22    2.1424078181251e-21    2.11697072993927e-21    5.16087702468768e-10    2.62585714720202e-10    1.11458110506775e-10    1.04148116127747e-10    3.4520478556276e-10    3.17981659068917e-10    6.29077600279223e-13    0    0    1.65809516606026e-09
143.54272099995    2.7839810916499e-22    2.64076097708736e-22    2.11017490292932e-21    2.12091623094289e-21    5.23270987896982e-10    2.515289836959e-10    1.07982493230192e-10    1.04352082330124e-10    3.34010144928947e-10    3.19206824656411e-10    2.13641343303963e-13    0    0    1.64056515808663e-09
143.89627449995    2.55806348879894e-22    2.81459529952301e-22    2.10604598414478e-21    2.09306536428486e-21    4.1259054941535e-10    3.17310726469782e-10    1.19717406709379e-10    9.87697910803927e-11    3.66252841515669e-10    3.03048526704437e-10    6.00457289214579e-12    0    0    1.62369441479189e-09
144.249827999949    2.78523960063112e-22    2.53475764587605e-22    2.09288550804146e-21    2.08170408127737e-21    2.88976050352322e-10    3.71549929722785e-10    1.28388309397745e-10    9.46383419482658e-11    4.09161377779023e-10    2.87947996890534e-10    2.73718158099402e-11    0    0    1.60803382190532e-09
144.603381499949    2.51203003532823e-22    2.75728010302224e-22    2.04280919739989e-21    2.10407298363358e-21    2.18185690477544e-10    4.02172324768936e-10    1.30911769459715e-10    9.205186382874e-11    4.22700167172571e-10    2.80422661815377e-10    4.70887272280998e-11    0    0    1.59353320475566e-09
144.956934999949    2.68975183492634e-22    2.52821832418054e-22    2.09750618719883e-21    2.02445714917953e-21    2.52702820689362e-10    3.83044978722025e-10    1.27813684508556e-10    9.17446098986649e-11    4.06274435275497e-10    2.80874737575623e-10    3.69508235519477e-11    0    0    1.57940609022632e-09
145.310488499949    2.58957539737152e-22    2.57822867106624e-22    2.02865292430435e-21    2.06924654295115e-21    3.59464766655557e-10    3.20671587017339e-10    1.17627842115558e-10    9.46492313663896e-11    3.71463829357402e-10    2.88601412333056e-10    1.22168436621985e-11    0    0    1.56469551251212e-09
145.664041999948    2.50716027230976e-22    2.6109198591817e-22    2.0580558921035e-21    2.01918016635943e-21    4.59241226375654e-10    2.52859137626183e-10    1.05613177826258e-10    9.84758621008425e-11    3.320854413917e-10    2.99829563171134e-10    1.02530310070809e-12    0    0    1.54912971159707e-09
146.017595499948    2.57369575345816e-22    2.49561725346515e-22    2.01410617882556e-21    2.03527313345452e-21    4.81515823617882e-10    2.30753820645277e-10    1.02012172003943e-10    9.85083283783869e-11    3.15377414156977e-10    3.04846790528679e-10    1.15658881195581e-13    0    0    1.5331300082169e-09
146.371148999948    2.509672851661e-22    2.51091436637107e-22    2.00376008705107e-21    2.01958141070083e-21    3.93376363189124e-10    2.8767968569875e-10    1.09435250840632e-10    9.43229994036801e-11    3.38007284435114e-10    2.9102649045934e-10    3.72557426417483e-12    0    0    1.51757364829534e-09
146.724702499948    2.46366082294653e-22    2.50926609733368e-22    1.9912225889782e-21    2.0081370909328e-21    2.84615147242716e-10    3.31659595433959e-10    1.19066869083455e-10    9.08272481179383e-11    3.82178807654397e-10    2.74517614781126e-10    2.01650574561956e-11    0    0    1.50303033977428e-09
147.078255999947    2.49361652744072e-22    2.431897758826e-22    1.97879396368175e-21    1.99101226975056e-21    2.09913802923903e-10    3.66042405074052e-10    1.25103931091495e-10    8.81263209503827e-11    3.92824801021175e-10    2.67780290676107e-10    3.97474608114784e-11    0    0    1.48953901255306e-09
147.431809499947    2.40265693094799e-22    2.47632546887247e-22    1.97109390270342e-21    1.97339690654081e-21    2.25667239942116e-10    3.54104782858132e-10    1.22166924042035e-10    8.80411457564029e-11    3.8310956516564e-10    2.67526748197952e-10    3.59048875413639e-11    0    0    1.47652129350807e-09
147.785362999947    2.429888564367e-22    2.40277616920778e-22    1.96701430047609e-21    1.95612123893044e-21    3.13617081291994e-10    3.04148477261869e-10    1.13644726294165e-10    8.91276801992146e-11    3.55221459634674e-10    2.72975808688118e-10    1.43848273980071e-11    0    0    1.46312006077245e-09
148.138916499947    2.3960598058566e-22    2.39111919272728e-22    1.95636765757227e-21    1.94053198089539e-21    4.06449006673379e-10    2.45632198204999e-10    1.00989032565756e-10    9.29588982716737e-11    3.17406842573019e-10    2.83783727023614e-10    1.76553163825504e-12    0    0    1.44898523695507e-09
148.492469999946    2.36237731984616e-22    2.3795385691925e-22    1.92271933859069e-21    1.94577375478025e-21    4.4113393853657e-10    2.15347574611607e-10    9.54703376308752e-11    9.42526919249879e-11    2.99230205687865e-10    2.88873592689326e-10    7.00600989281597e-14    0    0    1.4343784011845e-09
148.846023499946    2.36377264140775e-22    2.33367038633184e-22    1.93886992992032e-21    1.90316117548236e-21    3.80982713974239e-10    2.54344341341521e-10    1.00124475259661e-10    9.08328060311196e-11    3.11757704211936e-10    2.79908297826541e-10    2.05461927475483e-12    0    0    1.42000495792408e-09
149.199576999946    2.36587951303581e-22    2.28719980893662e-22    1.90207302232372e-21    1.91414587604905e-21    2.83799211264236e-10    2.95114780813734e-10    1.10575484941135e-10    8.70205793438999e-11    3.51529036254168e-10    2.64135647671331e-10    1.42809802404829e-11    0    0    1.40645572053327e-09
149.553130499945    2.18590217204672e-22    2.42406403492056e-22    1.90700345017344e-21    1.88467873066909e-21    2.05994147855381e-10    3.32098140536637e-10    1.1624813324302e-10    8.38494764936506e-11    3.64958090149601e-10    2.57228183422096e-10    3.34944261567116e-11    0    0    1.39387059786135e-09
149.906683999945    2.40551514825896e-22    2.16146982060669e-22    1.86827777587845e-21    1.8962734143683e-21    2.01265950782555e-10    3.30262518122602e-10    1.14466884631383e-10    8.34388926216423e-11    3.6228086999802e-10    2.54571773195188e-10    3.55594627434619e-11    0    0    1.38184635209907e-09
150.260237499945    2.15698908896274e-22    2.36734953522018e-22    1.86725333826538e-21    1.87455148407425e-21    2.6981331838048e-10    2.91756589077728e-10    1.08269910040142e-10    8.44037104677687e-11    3.40418931768134e-10    2.57692693481579e-10    1.7288971706419e-11    0    0    1.36964412492645e-09
150.613790999945    2.32203628497422e-22    2.16027576806157e-22    1.86256582299327e-21    1.85796076865074e-21    3.56849389048914e-10    2.39379186588234e-10    9.79440032838185e-11    8.72577813431204e-11    3.04532040146547e-10    2.67906838703703e-10    2.94280340888973e-12    0    0    1.35681204252739e-09
150.967344499944    2.2197986767171e-22    2.22085666780113e-22    1.8345173730062e-21    1.8605961316491e-21    4.03436842768044e-10    2.02473505590976e-10    9.12756019754262e-11    8.92897839078613e-11    2.84176718470981e-10    2.72750875028682e-10    7.81208361847519e-14    0    0    1.34348144858229e-09
151.320897999944    2.15669445579586e-22    2.24265087721546e-22    1.84799977599364e-21    1.81727399578566e-21    3.69678470094175e-10    2.23757933150108e-10    9.31316313829388e-11    8.73146251117045e-11    2.88638119165167e-10    2.66780671220991e-10    8.91393520644367e-13    0    0    1.33019284364983e-09
151.674451499944    2.21882847718394e-22    2.14049008980972e-22    1.7941522301573e-21    1.8372740299112e-21    2.84171388728909e-10    2.63029942909217e-10    1.04399477861499e-10    8.298915179414e-11    3.20235175264069e-10    2.53800733500481e-10    8.93525190559666e-12    0    0    1.31756112196798e-09
152.028004999944    2.07951424397374e-22    2.23951285508056e-22    1.82172153428998e-21    1.78776788312789e-21    2.05248184306958e-10    3.0327610306254e-10    1.08145035561816e-10    8.03172198941729e-11    3.37129124543489e-10    2.4568299441071e-10    2.59752728252207e-11    0    0    1.30577393460895e-09
152.381558499943    2.25978182660304e-22    2.01952973563941e-22    1.77112381121978e-21    1.81551394716344e-21    1.82905652694137e-10    3.09354044950023e-10    1.07367953456238e-10    7.91039289242488e-11    3.40874349080164e-10    2.42164235211474e-10    3.28456236735545e-11    0    0    1.29461578799385e-09
152.735111999943    1.99497237811571e-22    2.24523170070759e-22    1.80088140785607e-21    1.76507479619e-21    2.30584124153624e-10    2.81876337371092e-10    1.0246922600112e-10    8.02832049273663e-11    3.24950886299577e-10    2.43922593481217e-10    1.93754019463837e-11    0    0    1.28346177418437e-09
153.088665499943    2.21279791828044e-22    1.98845451315711e-22    1.76512624360962e-21    1.77444537111659e-21    3.07904833413914e-10    2.36430021740892e-10    9.52704256635684e-11    8.09121239575975e-11    2.95512424432677e-10    2.51314256805555e-10    4.46566979794361e-12    0    0    1.27180975581611e-09
153.442218999943    1.98892518185651e-22    2.17424008698834e-22    1.73220253092125e-21    1.78479949881546e-21    3.6259042741e-10    1.95740605290866e-10    8.714368479662e-11    8.38123938561521e-11    2.72545294572031e-10    2.57644706019379e-10    1.87728119799842e-13    0    0    1.25966484006878e-09
153.795772499942    2.12660824205521e-22    1.99847424195338e-22    1.75334140377912e-21    1.74056492203898e-21    3.54632073733855e-10    1.97512269396559e-10    8.58856809373767e-11    8.36573491779783e-11    2.6805510866568e-10    2.57375147085808e-10    2.89958463148909e-13    0    0    1.24740758746431e-09
154.149325999942    2.02418912081971e-22    2.06354555452061e-22    1.74089585048042e-21    1.72996967380779e-21    2.82318685864084e-10    2.37053912042603e-10    9.47564270417067e-11    7.96453078451034e-11    2.92847152655405e-10    2.44155616310352e-10    4.8428844291244e-12    0    0    1.23561998619226e-09
154.502879499942    2.00946166862924e-22    2.04114331391267e-22    1.72280944739418e-21    1.7292483478146e-21    2.08418576030509e-10    2.73818143425177e-10    9.9304851294848e-11    7.67550770799428e-11    3.13501126790026e-10    2.34430823673592e-10    1.83195748845277e-11    0    0    1.22454817318248e-09
154.856432999942    2.03161129011423e-22    1.98266286250485e-22    1.72467459836712e-21    1.70334308273832e-21    1.69709608140465e-10    2.88046907876747e-10    1.01025113476388e-10    7.54239907169852e-11    3.22339051597377e-10    2.29098983062131e-10    2.8498610759653e-11    0    0    1.21414226563358e-09
155.209986499941    1.96238505188152e-22    2.01533587088238e-22    1.71158826367237e-21    1.69454520278459e-21    1.97272370974215e-10    2.73332966827e-10    9.7903972761422e-11    7.51921964254607e-11    3.09634851047509e-10    2.2979859145675e-10    2.07745700247358e-11    0    0    1.2039095195209e-09
155.563539999941    1.98116886599651e-22    1.96122823681776e-22    1.6952737946645e-21    1.69480767219748e-21    2.64100130152935e-10    2.32624300377024e-10    9.11905097407861e-11    7.72083245046793e-11    2.8625792693786e-10    2.35530427884756e-10    6.41547953904214e-12    0    0    1.19332709914087e-09
155.917093499941    1.96063909524857e-22    1.94590323302502e-22    1.67749047541976e-21    1.69253283549783e-21    3.23368314396078e-10    1.90962349785162e-10    8.35629795957236e-11    7.94858295148693e-11    2.62079218647776e-10    2.42324947462944e-10    4.86445306114439e-13    0    0    1.18227008471243e-09
156.270646999941    1.94295380257135e-22    1.92880349431918e-22    1.68166162826854e-21    1.66340653438769e-21    3.36244458877866e-10    1.77300102662803e-10    8.1512661426544e-11    7.92977374663269e-11    2.51095395561778e-10    2.45473260923627e-10    6.5026803519129e-14    0    0    1.1709886437262e-09
156.62420049994    1.89044789324497e-22    1.94668556669e-22    1.65031762505597e-21    1.66843272646737e-21    2.82352448180149e-10    2.11606662087754e-10    8.56210014001652e-11    7.70532548992824e-11    2.65548486851399e-10    2.35587266429726e-10    2.2135406717368e-12    0    0    1.15998266052391e-09
156.97775399994    1.95976407652549e-22    1.84300637814049e-22    1.66770499081101e-21    1.62977612141382e-21    2.11844100039085e-10    2.43085814631991e-10    9.2307666901203e-11    7.3927903313564e-11    2.92221331346888e-10    2.24242711018731e-10    1.19510260034932e-11    0    0    1.14958055325863e-09
157.33130749994    1.79170025443479e-22    1.97753174672399e-22    1.62826332289918e-21    1.64617259407198e-21    1.62930580870507e-10    2.64584032643227e-10    9.63900770044332e-11    7.12559104840725e-11    3.022565716057e-10    2.18785115385743e-10    2.36210522342508e-11    0    0    1.13982334023158e-09
157.68486099994    1.93382796745044e-22    1.80188105994162e-22    1.61646543619885e-21    1.63871439271952e-21    1.69046971312234e-10    2.59984379844053e-10    9.40012703300143e-11    7.17842829855652e-11    2.96206372772044e-10    2.17634938928007e-10    2.1723046542707e-11    0    0    1.13038126271825e-09
158.038414499939    1.82668031593567e-22    1.87599788969818e-22    1.62165096355775e-21    1.61446055136378e-21    2.22792531730309e-10    2.28443208385247e-10    8.90452426037098e-11    7.27336856443578e-11    2.77808498077778e-10    2.20850693072986e-10    9.0807747425523e-12    0    0    1.12075463426055e-09
158.391967999939    1.83562689055202e-22    1.8340814331995e-22    1.61421132644775e-21    1.60246586995784e-21    2.83369294153615e-10    1.89578464253371e-10    8.11493381036867e-11    7.44703831729394e-11    2.5445394907912e-10    2.26458024293319e-10    1.22338303861169e-12    0    0    1.11070283609825e-09
158.745521499939    1.85983815332917e-22    1.77771389340404e-22    1.57649817099672e-21    1.61519695964832e-21    3.1214702248381e-10    1.65409739347619e-10    7.67851306315816e-11    7.55921371717817e-11    2.37866600267986e-10    2.3252799026013e-10    2.87119441075712e-14    0    0    1.10035733211057e-09
159.099074999939    1.73303197908049e-22    1.8722363993087e-22    1.59855030228736e-21    1.56943011292946e-21    2.82096707827032e-10    1.84995424572656e-10    7.87788921372748e-11    7.34392450417228e-11    2.43537517683934e-10    2.26485381369713e-10    7.61550916999548e-13    0    0    1.09009471955286e-09
159.452628499938    1.85530237981649e-22    1.71869768372263e-22    1.562753208488e-21    1.5864852033405e-21    2.17513933960643e-10    2.15153878305508e-10    8.57111838441617e-11    7.09664871442348e-11    2.68245003407205e-10    2.15975121360038e-10    6.75508551279435e-12    0    0    1.08032069353809e-09
159.806181999938    1.71634854149758e-22    1.82604835299669e-22    1.57177706940198e-21    1.55627886247706e-21    1.6376787231282e-10    2.4099386379808e-10    8.98772158153215e-11    6.87443867056355e-11    2.81515522050098e-10    2.08304823617302e-10    1.79226985124974e-11    0    0    1.07112638281524e-09
160.159735499938    1.79219144307541e-22    1.71935042564556e-22    1.55261309319046e-21    1.55484186736602e-21    1.50339543269279e-10    2.44922951703377e-10    8.86761010678439e-11    6.82852751301984e-11    2.82679230567123e-10    2.06150812827956e-10    2.12950006331243e-11    0    0    1.06234891520236e-09
160.513288999938    1.69609522164511e-22    1.78506718018379e-22    1.53630474692717e-21    1.55173427505385e-21    1.87111155076202e-10    2.24032350617215e-10    8.52637832685293e-11    6.82385757345809e-11    2.69108200279865e-10    2.07837303498745e-10    1.19631656733742e-11    0    0    1.05355453415195e-09
160.866842499937    1.78890615974787e-22    1.66147543767521e-22    1.54703913943798e-21    1.52119639510248e-21    2.43512557591292e-10    1.89966345298511e-10    7.89384802184875e-11    6.96623745410183e-11    2.45695423536693e-10    2.14047807927901e-10    2.60587748394905e-12    0    0    1.04442886660127e-09
161.220395999937    1.64519372052894e-22    1.77563905137582e-22    1.52196472959363e-21    1.52713665951566e-21    2.8375558250257e-10    1.58944736672569e-10    7.3245450546314e-11    7.15849323546786e-11    2.28354863497149e-10    2.18988315742731e-10    9.49606542898283e-14    0    0    1.03496884197369e-09
161.573949499937    1.74582196805575e-22    1.64511169623645e-22    1.51651979719049e-21    1.51075173241337e-21    2.76635256508983e-10    1.61333649483138e-10    7.26408873233253e-11    7.10163268657547e-11    2.26386686047459e-10    2.17261126368713e-10    1.70410660868198e-13    0    0    1.02544434326161e-09
161.927502999937    1.66944152364549e-22    1.69218995583902e-22    1.50155320253629e-21    1.50777968539486e-21    2.24213024197843e-10    1.91371311295888e-10    7.86147617205436e-11    6.78950073296523e-11    2.42852573630893e-10    2.081317789141e-10    3.17280278798151e-12    0    0    1.01625125988025e-09
162.281056499936    1.63955333523885e-22    1.69316014395658e-22    1.50372397539702e-21    1.48861419989793e-21    1.69431990254935e-10    2.17049244225511e-10    8.2473429253767e-11    6.56387712334277e-11    2.60675242070376e-10    2.00117039374855e-10    1.21773721949319e-11    0    0    1.00756308861113e-09
162.634609999936    1.65955399413241e-22    1.64460412344732e-22    1.48889104194646e-21    1.48478044156311e-21    1.40135080379963e-10    2.2978927864551e-10    8.35983935191162e-11    6.43364503218121e-11    2.65826129559162e-10    1.9648533611824e-10    1.91741149206362e-11    0    0    9.99344783467743e-10
162.988163499936    1.65935959521657e-22    1.61630973922811e-22    1.46526131088915e-21    1.4889264001418e-21    1.5737686184215e-10    2.19508547390285e-10    8.0846980685663e-11    6.4443378118016e-11    2.58460617383073e-10    1.96243405985283e-10    1.4384709167997e-11    0    0    9.91264500575749e-10
163.341716999936    1.60692409441612e-22    1.64048191902161e-22    1.47821548859191e-21    1.45555111211195e-21    2.05877052855459e-10    1.90157166946217e-10    7.64252975746574e-11    6.55449953493535e-11    2.40514536291192e-10    1.9975080436683e-10    4.69610583023261e-12    0    0    9.82965959217199e-10
163.695270499935    1.62113709297509e-22    1.59874974250433e-22    1.44239839559247e-21    1.47349116973028e-21    2.51555881685973e-10    1.57953143771563e-10    7.13241638474413e-11    6.69002214436285e-11    2.2123792566537e-10    2.0498262508152e-10    3.86950125311621e-13    0    0    9.74340911624046e-10
164.048823999935    1.57910109655299e-22    1.6130628599635e-22    1.46478382284163e-21    1.43203614707026e-21    2.64262406011999e-10    1.45387803672639e-10    6.8463591061116e-11    6.77328993327192e-11    2.12272602109269e-10    2.07398980789503e-10    2.64714587871917e-14    0    0    9.65544754439247e-10
164.402377499935    1.61187879036307e-22    1.55327709111269e-22    1.44079508932632e-21    1.43825897005712e-21    2.27977443589476e-10    1.69548988114836e-10    7.15474809950033e-11    6.53288435114192e-11    2.20897567296951e-10    2.00460642072492e-10    1.15041532103958e-12    0    0    9.56911380904412e-10
164.755930999935    1.5303419693962e-22    1.60777791999742e-22    1.42735838408154e-21    1.43656093869248e-21    1.75430478881475e-10    1.91533006714379e-10    7.76963124400249e-11    6.31760579509303e-11    2.41686327392047e-10    1.92033288861288e-10    7.15045889794803e-12    0    0    9.4870593114127e-10
165.109484499934    1.59457464692244e-22    1.51704095425102e-22    1.41940096146743e-21    1.42632600834158e-21    1.36401095988335e-10    2.11734257321061e-10    8.04184754116427e-11    6.15319104376345e-11    2.48953633188412e-10    1.86585381936284e-10    1.53340192201337e-11    0    0    9.40958773506659e-10
165.463037999934    1.50130189886067e-22    1.5839838913832e-22    1.41267217296442e-21    1.41628018799213e-21    1.36171498591906e-10    2.09058136487269e-10    7.9170816010325e-11    6.14468489961048e-11    2.47766398906971e-10    1.84611288757632e-10    1.52460524491672e-11    0    0    9.33471040202513e-10
165.816591499934    1.56603380386143e-22    1.49308547942189e-22    1.41217716859971e-21    1.40103029360394e-21    1.73265630740336e-10    1.88436587207568e-10    7.45624261293358e-11    6.20508625985115e-11    2.32864839039554e-10    1.87672256938516e-10    7.04382289976888e-12    0    0    9.25896425556708e-10
166.170144999934    1.47315242394979e-22    1.56046056777736e-22    1.38230262479627e-21    1.41253240700665e-21    2.19174675784917e-10    1.58177001759664e-10    6.87623455854503e-11    6.34128486564879e-11    2.15502759500821e-10    1.91914824864699e-10    1.09446258762271e-12    0    0    9.18038918742761e-10
166.523698499933    1.56100150255849e-22    1.44670474519656e-22    1.40603428079614e-21    1.37334288579723e-21    2.44960071746273e-10    1.37044287357447e-10    6.5463145577701e-11    6.40562034429778e-11    2.01167436369171e-10    1.97238757554905e-10    2.15186524574941e-14    0    0    9.09951420704012e-10
166.877251999933    1.45552713142616e-22    1.52717072930817e-22    1.38514272336873e-21    1.37857878943414e-21    2.28798253634713e-10    1.46852989806713e-10    6.5473482097912e-11    6.35373813987132e-11    2.04017099481923e-10    1.92893539479115e-10    3.05467257563906e-13    0    0    9.01878213159715e-10
167.230805499933    1.47968934974433e-22    1.47790728409794e-22    1.35868294436522e-21    1.38674113125256e-21    1.80890538607186e-10    1.71699170322433e-10    7.12503316250945e-11    6.0745347266569e-11    2.21432304369891e-10    1.84427116587063e-10    3.69627211148439e-12    0    0    8.94141080892763e-10
167.584358999933    1.48919796617345e-22    1.44380141273889e-22    1.35689577517109e-21    1.37376093704847e-21    1.38736103074539e-10    1.94184413743715e-10    7.36164270568155e-11    5.8879805266003e-11    2.31221978176403e-10    1.78958540548989e-10    1.12155399070376e-11    0    0    8.86812807776526e-10
167.937912499932    1.40169004168652e-22    1.50682236384499e-22    1.36638187722205e-21    1.34546071430481e-21    1.22655699371181e-10    1.99293295387502e-10    7.3943473522974e-11    5.80398158316259e-11    2.34648804657943e-10    1.76455955056464e-10    1.47814158650804e-11    0    0    8.79818459695774e-10
168.291465999932    1.49123427487695e-22    1.39318429776252e-22    1.34306105500282e-21    1.35323283967696e-21    1.45768226783359e-10    1.85587542272062e-10    7.17730480880199e-11    5.7826090827105e-11    2.2535189363396e-10    1.77239058079132e-10    9.31365182702884e-12    0    0    8.72859511513651e-10
168.645019499932    1.41584640288389e-22    1.4444207658226e-22    1.33700723787847e-21    1.3394501554844e-21    1.87530830729876e-10    1.59063530602733e-10    6.71049579711347e-11    5.88809928895546e-11    2.10181846698169e-10    1.80533922193167e-10    2.39898186659494e-12    0    0    8.65695062954191e-10
168.998572999932    1.41578732283591e-22    1.42080147640634e-22    1.33014035458344e-21    1.32936948007042e-21    2.21431729371392e-10    1.33842130395355e-10    6.25263529127211e-11    6.01838232579302e-11    1.95048851221375e-10    1.85135789777027e-10    1.18395379066029e-13    0    0    8.58287072317809e-10
169.352126499931    1.43899598833792e-22    1.3740848962065e-22    1.31974244809677e-21    1.32090050490569e-21    2.23576888620795e-10    1.29444158625281e-10    6.12221281538774e-11    6.02612817552908e-11    1.90701633976554e-10    1.85532532236775e-10    4.88757263142109e-14    0    0    8.5078749909781e-10
169.705679999931    1.33264158838824e-22    1.45726161098522e-22    1.31509416609323e-21    1.30761917596211e-21    1.86664188101887e-10    1.52873911826502e-10    6.49061305106088e-11    5.80343647776003e-11    2.00248429990245e-10    1.79231654883346e-10    1.52808442045924e-12    0    0    8.43486764513551e-10
170.059233499931    1.42378443703749e-22    1.34328262129925e-22    1.3173031918985e-21    1.29292744329946e-21    1.44463303326871e-10    1.7171234898713e-10    6.8993302995671e-11    5.61417649998641e-11    2.16676596507052e-10    1.71372784759827e-10    7.18307190264244e-12    0    0    8.36543173481945e-10
170.412786999931    1.3500553693838e-22    1.39427347598926e-22    1.29986400543493e-21    1.29826010207917e-21    1.17164390515674e-10    1.85297118966891e-10    7.05109054711541e-11    5.54525656626935e-11    2.21299509509282e-10    1.67279354170581e-10    1.29531680049885e-11    0    0    8.29957012304137e-10
170.76634049993    1.39187139784123e-22    1.32966432859525e-22    1.28588037049289e-21    1.29507275670548e-21    1.24857595335263e-10    1.79153151064144e-10    6.87351144057075e-11    5.50723081759734e-11    2.17687735217421e-10    1.66896184694843e-10    1.11226488110283e-11    0    0    8.23524737707234e-10
171.11989399993    1.3128801489481e-22    1.38670262053115e-22    1.28777811782888e-21    1.27788157543564e-21    1.58635888099207e-10    1.58857184644072e-10    6.47862847114756e-11    5.59520953031312e-11    2.04306552161562e-10    1.70099207515997e-10    4.34359709348074e-12    0    0    8.1698080953176e-10
171.47344749993    1.36516249760552e-22    1.31216750364008e-22    1.26768927311888e-21    1.28357960869631e-21    1.94704016198029e-10    1.33945076368098e-10    6.12869622587926e-11    5.63472097251846e-11    1.89205223398941e-10    1.74214256745973e-10    5.04319084706674e-13    0    0    8.10207063782544e-10
171.82700099993    1.32671841174014e-22    1.32874275344043e-22    1.27550772856984e-21    1.2593275693677e-21    2.11079965940386e-10    1.19685600945036e-10    5.8081672868294e-11    5.7526758678072e-11    1.80088465383574e-10    1.76805086154648e-10    1.13414993105305e-14    0    0    8.03278891472121e-10
172.180554499929    1.29367575764279e-22    1.34037948343927e-22    1.25238489728806e-21    1.26357449572052e-21    1.8998385683724e-10    1.33906503728885e-10    5.9109836108964e-11    5.64290598704015e-11    1.83620819285233e-10    1.72935253057237e-10    4.31622675402395e-13    0    0    7.96416951566142e-10
172.534107999929    1.33185833627874e-22    1.28061013074652e-22    1.24796339316251e-21    1.25244942833135e-21    1.49988604338711e-10    1.5279249527289e-10    6.45282166434713e-11    5.40093140076062e-11    1.99861449942658e-10    1.64923538537687e-10    3.7447202554425e-12    0    0    7.89848339001227e-10
172.887661499929    1.30006282342139e-22    1.29132121469728e-22    1.25185210629112e-21    1.23955719617673e-21    1.18197535132276e-10    1.69641846125416e-10    6.57476591276166e-11    5.27340952089527e-11    2.06776018412191e-10    1.60869374244897e-10    9.64040494743725e-12    0    0    7.83606933201537e-10
173.241214999929    1.23704235115527e-22    1.33337996544925e-22    1.22924449657351e-21    1.2438377338079e-21    1.11057965282769e-10    1.70595644010491e-10    6.54417408251108e-11    5.19743733544633e-11    2.08309504420686e-10    1.58988397221257e-10    1.1233712750227e-11    0    0    7.77601337867734e-10
173.594768499928    1.33712484496068e-22    1.21265378420702e-22    1.238913400481e-21    1.21662073959082e-21    1.33705760553095e-10    1.58028806128157e-10    6.32859920846668e-11    5.19262394474484e-11    1.9765322740073e-10    1.60728810028477e-10    6.26227353228759e-12    0    0    7.71591109177572e-10
173.948321999928    1.20783399280105e-22    1.32124769517579e-22    1.22588590595937e-21    1.21824486468216e-21    1.68615896182774e-10    1.35192561849474e-10    5.87536443819221e-11    5.33090053470813e-11    1.84650601915328e-10    1.63540768696467e-10    1.33599020743164e-12    0    0    7.65398468583176e-10
174.301875499928    1.30577478320613e-22    1.20308542732655e-22    1.20751145070213e-21    1.22431080119351e-21    1.93020590492783e-10    1.16156919458618e-10    5.54927992057259e-11    5.42290847767058e-11    1.72981530043763e-10    1.6709983364219e-10    4.46893831917671e-14    0    0    7.59025447005661e-10
174.655428999928    1.21349500086954e-22    1.27508627287488e-22    1.21073974248714e-21    1.20721530837195e-21    1.8828271625915e-10    1.17913622628042e-10    5.47047867881755e-11    5.41745465757621e-11    1.71159565772966e-10    1.66298286668471e-10    8.27939823228339e-14    0    0    7.52616318677556e-10
175.008982499927    1.25533663628294e-22    1.21341791511206e-22    1.1897784875406e-21    1.21162589463953e-21    1.5523935893368e-10    1.37682463012967e-10    5.84349781186726e-11    5.20898196126487e-11    1.81613671081081e-10    1.59703246182314e-10    1.6431337426071e-12    0    0    7.46406670686618e-10
175.362535999927    1.18481215246504e-22    1.26423775616273e-22    1.19284427083791e-21    1.19558621551075e-21    1.21508839157103e-10    1.52510083363911e-10    6.1523280555914e-11    5.04031237004868e-11    1.9425309256494e-10    1.53897701354946e-10    6.39161312062674e-12    0    0    7.40487733820562e-10
175.716089499927    1.24600580530282e-22    1.18362536218267e-22    1.18041571189501e-21    1.19239010312418e-21    1.03555483263266e-10    1.61600011425182e-10    6.24773481727763e-11    4.9554569038206e-11    1.95892698251172e-10    1.51524535224626e-10    1.0233791709008e-11    0    0    7.34838437086852e-10
176.069642999927    1.19269853703745e-22    1.21748607119587e-22    1.17748290784222e-21    1.1817199641009e-21    1.14248309971697e-10    1.53898472091963e-10    6.06483060989015e-11    4.9661201448911e-11    1.91281803382697e-10    1.5166586236496e-10    7.87073039417468e-12    0    0    7.29274685755904e-10
176.423196499926    1.21248594129791e-22    1.17843397870159e-22    1.16904154794172e-21    1.17606947538265e-21    1.43621664390777e-10    1.35887597635339e-10    5.75877959322076e-11    5.03344103555123e-11    1.79388079281676e-10    1.54109074626506e-10    2.67263890186555e-12    0    0    7.23601261126468e-10
176.776749999926    1.174605891123e-22    1.19757455029273e-22    1.17694238076563e-21    1.15308954624562e-21    1.72002648805893e-10    1.15313788567064e-10    5.37476571359592e-11    5.16303763360881e-11    1.67327923236392e-10    1.57490690336256e-10    2.35796734875668e-13    0    0    7.17748881155096e-10
177.130303499926    1.1655320479933e-22    1.18764098204634e-22    1.15021019866284e-21    1.16771214383682e-21    1.80502275288295e-10    1.07017559041929e-10    5.2341172108001e-11    5.16497226264296e-11    1.61531619297627e-10    1.58741746613212e-10    1.41851870125011e-14    0    0    7.11798280165061e-10
177.483856999926    1.20739684463256e-22    1.12741863951315e-22    1.15617542764038e-21    1.14859421681288e-21    1.58601166420389e-10    1.21714337132343e-10    5.37895220034378e-11    5.04920524137148e-11    1.66470401226526e-10    1.54322209947598e-10    5.5199346866081e-13    0    0    7.05941682615208e-10
177.837410499925    1.08882895193946e-22    1.22744697229707e-22    1.14594688758487e-21    1.14362256481616e-21    1.25986886116638e-10    1.36076724964209e-10    5.78621181979322e-11    4.87800066403879e-11    1.79602744680991e-10    1.48386434086121e-10    3.64064178133791e-12    0    0    7.00335556470138e-10
178.190963999925    1.22315177224619e-22    1.07501501114334e-22    1.14057054697958e-21    1.13845394072519e-21    1.01969242210214e-10    1.49279333706013e-10    5.86470276597248e-11    4.79917900113584e-11    1.84245284447768e-10    1.446463594672e-10    8.20734339324507e-12    0    0    6.94986380898032e-10
178.544517499925    1.08266647085744e-22    1.19743124019489e-22    1.12964191428898e-21    1.13496230639812e-21    1.00511168305207e-10    1.48218733911717e-10    5.80518594196552e-11    4.6808787270755e-11    1.83411920159088e-10    1.44168059712594e-10    8.62749923295417e-12    0    0    6.89798028014464e-10
178.898070999925    1.15590784104377e-22    1.10628823818013e-22    1.12256699558737e-21    1.12643814672841e-21    1.22131775846232e-10    1.35014732197445e-10    5.5673090976712e-11    4.69093032206079e-11    1.74499565304113e-10    1.46061802480493e-10    4.28828687243991e-12    0    0    6.84578556900518e-10
179.251624499924    1.14297637503892e-22    1.10155726596891e-22    1.11128072283616e-21    1.12249878707827e-21    1.50441260918955e-10    1.15959770646359e-10    5.18838284859368e-11    4.8162332055346e-11    1.62916311164213e-10    1.49086540062479e-10    7.59678198226886e-13    0    0    6.79209721533974e-10
179.605177999924    1.05830060420816e-22    1.16869721955124e-22    1.10971653253839e-21    1.11036392026896e-21    1.67171837137764e-10    1.02174658884781e-10    4.9611965141951e-11    4.87071247470462e-11    1.5505578989626e-10    1.50970574531891e-10    1.86208822930312e-14    0    0    6.73710571224429e-10
179.958731499924    1.17091298079741e-22    1.03870878374254e-22    1.11834385026092e-21    1.09083943114935e-21    1.58543434546968e-10    1.07208850836584e-10    4.96027826852971e-11    4.82431980155589e-11    1.55238677196518e-10    1.49256575071873e-10    1.22768362743633e-13    0    0    6.68216286717972e-10
180.312284999924    1.03502714463466e-22    1.15757890360876e-22    1.0925569454677e-21    1.10319904116695e-21    1.30452704010508e-10    1.22887612054484e-10    5.28797791907908e-11    4.66628581280167e-11    1.64619435220543e-10    1.43677252851568e-10    1.7239539168775e-12    0    0    6.62903595375204e-10
180.665838499923    1.12328131454057e-22    1.05208038757316e-22    1.08067695468806e-21    1.1027677350851e-21    1.0418057047917e-10    1.3513639263176e-10    5.46589874968307e-11    4.54291622840341e-11    1.73775378568974e-10    1.38875331543477e-10    5.77058039746436e-12    0    0    6.57826403404111e-10
181.019391999923    1.07209128640365e-22    1.08673390397246e-22    1.094298649845e-21    1.07706491500575e-21    9.28391223783577e-11    1.40633019031109e-10    5.53529356782976e-11    4.48276655644235e-11    1.73787245414644e-10    1.37231738764452e-10    8.27814518889877e-12    0    0    6.5294987202257e-10
181.372945499923    1.05845211332749e-22    1.08337825550314e-22    1.07782086098703e-21    1.08269053201653e-21    1.04691034832362e-10    1.33167221957779e-10    5.37094184747052e-11    4.52409016175635e-11    1.67949136678393e-10    1.37658474061557e-10    5.70134279084444e-12    0    0    6.48117530415578e-10
181.726498999923    1.08603833928898e-22    1.03948419643225e-22    1.07409808793742e-21    1.07470493376374e-21    1.29853935463333e-10    1.1663747303036e-10    5.08788091726088e-11    4.57458614551641e-11    1.58716843740704e-10    1.39688546314707e-10    1.66428651006462e-12    0    0    6.43185755689304e-10
182.080052499922    1.03983733752624e-22    1.06920497251315e-22    1.06386552600113e-21    1.07406370859046e-21    1.50991524872628e-10    1.00900229572848e-10    4.80850571725586e-11    4.64294641355897e-11    1.48739711164255e-10    1.42861258184237e-10    1.10491574729763e-13    0    0    6.38117736679195e-10
182.433605999922    1.05476508926883e-22    1.03801125721181e-22    1.07090352714339e-21    1.0552739112932e-21    1.54491830645961e-10    9.65303021949334e-11    4.71833270897706e-11    4.63250938633711e-11    1.45799600106781e-10    1.42641269010696e-10    2.13239488897246e-14    0    0    6.32992746862738e-10
182.787159499922    1.02967684750546e-22    1.04721570611631e-22    1.05566255816231e-21    1.05721782287974e-21    1.34299361305623e-10    1.09791777883809e-10    4.89193194514431e-11    4.5016731309577e-11    1.50543819804437e-10    1.38740501562463e-10    6.57464975643152e-13    0    0    6.27968976295316e-10
183.140712999922    1.02001926332152e-22    1.0409307473875e-22    1.04723589563624e-21    1.05291898073562e-21    1.08131046454363e-10    1.21658970267532e-10    5.14902412165438e-11    4.38952564976662e-11    1.60112018964366e-10    1.34342201596508e-10    3.52068445266878e-12    0    0    6.23150419451955e-10
183.494266499921    1.05304911296231e-22    9.92102860490947e-23    1.04977128115882e-21    1.03886635962671e-21    9.03842997462017e-11    1.30593617367066e-10    5.23687766578568e-11    4.30932277576636e-11    1.63869824050054e-10    1.31214209710413e-10    7.01038762137455e-12    0    0    6.18534342912923e-10
183.847819999921    9.76930862659027e-23    1.05272394609063e-22    1.0344408947059e-21    1.04175482559044e-21    9.19134007170412e-11    1.28454020246101e-10    5.14613598018527e-11    4.29746982611379e-11    1.62285018793322e-10    1.3031353763382e-10    6.62703964709911e-12    0    0    6.14029075102653e-10
184.201373499921    1.03788045632879e-22    9.76230629825133e-23    1.02800259466538e-21    1.03643969220683e-21    1.11001240805532e-10    1.16632002474647e-10    4.92791962695331e-11    4.32926361192429e-11    1.54265153746264e-10    1.32085775129103e-10    2.92833109649281e-12    0    0    6.09484335643081e-10
184.554926999921    9.81748420919963e-23    1.01714569463748e-22    1.03476208572004e-21    1.01808977811616e-21    1.33522083931038e-10    1.00868874754033e-10    4.64137816708958e-11    4.40637034272885e-11    1.45150343413151e-10    1.3436364115321e-10    4.37440127250338e-13    0    0    6.0481986847912e-10
184.90848049992    1.00715138306673e-22    9.76476615277257e-23    1.01447179737773e-21    1.02528206924087e-21    1.45156833468585e-10    9.0861213817569e-11    4.48481355799001e-11    4.42408829580524e-11    1.38949198560872e-10    1.35997042940286e-10    1.22368058753864e-14    0    0    6.00065544133377e-10
185.26203399992    9.74621297882558e-23    9.94049122577802e-23    1.02880487790197e-21    9.99785075156622e-22    1.35633754883488e-10    9.66902573444126e-11    4.50118870993143e-11    4.37575616608542e-11    1.39990914399064e-10    1.34083825144595e-10    1.66797321519028e-13    0    0    5.95334997855472e-10
185.61558749992    9.74878143780712e-23    9.78936297168961e-23    1.00236644650536e-21    1.01446207197351e-21    1.11920506329551e-10    1.09367784369644e-10    4.79799563431091e-11    4.20689064524113e-11    1.48316572442824e-10    1.29361530378114e-10    1.74297477291623e-12    0    0    5.90758231090783e-10
185.96914099992    9.66644023557175e-23    9.72476962841639e-23    1.00156049081037e-21    1.00534241623744e-21    9.1025003819249e-11    1.19372963826918e-10    4.9165523944923e-11    4.12623864836704e-11    1.54164995679017e-10    1.26290787438111e-10    5.09266920430921e-12    0    0    5.86374330398398e-10
186.322694499919    9.62785694835976e-23    9.61755720410223e-23    9.99015099528563e-22    9.97351589919094e-22    8.38807750337625e-11    1.21914043781729e-10    4.91037164727554e-11    4.08834751671494e-11    1.5492131136819e-10    1.24808736501908e-10    6.62798688862591e-12    0    0    5.82140045216309e-10
186.676247999919    9.65559645956454e-23    9.44462261264864e-23    9.87443336832426e-22    9.95272680323038e-22    9.47702781300297e-11    1.15420089545642e-10    4.80671297939684e-11    4.08068018062349e-11    1.49480744568845e-10    1.25180493386247e-10    4.20644428830378e-12    0    0    5.77931981521444e-10
187.029801499919    9.48456443517507e-23    9.47249864764868e-23    9.8288619801234e-22    9.86120012911918e-22    1.15518294800557e-10    1.01552556775253e-10    4.54103846733022e-11    4.16070364981373e-11    1.415637977315e-10    1.26873557645996e-10    1.11365586145858e-12    0    0    5.73639283988363e-10
187.383354999919    9.35228926619175e-23    9.46203984199503e-23    9.65347391300848e-22    9.90886318091196e-22    1.31635629325341e-10    8.93024306035573e-11    4.32399788476329e-11    4.21157219652737e-11    1.33851788526803e-10    1.29034035082477e-10    6.3950693837652e-14    0    0    5.69243535047068e-10
187.736908499918    9.27234197943379e-23    9.40352866836942e-23    9.88075357355741e-22    9.57007152456857e-22    1.32957231755171e-10    8.67726252231896e-11    4.22095125614365e-11    4.23762765405884e-11    1.31761253476148e-10    1.28712366792709e-10    2.48680999078384e-14    0    0    5.64814134451281e-10
188.090461999918    9.26035116761395e-23    9.27504485896039e-23    9.66044206381994e-22    9.6679493977659e-22    1.15567949655703e-10    9.7925540874183e-11    4.42258837408006e-11    4.07851439709841e-11    1.36008809516894e-10    1.25309274079642e-10    6.51748691699279e-13    0    0    5.60474350532024e-10
188.444015499918    9.36243272735158e-23    9.0352713642868e-23    9.65248501139513e-22    9.57276464991819e-22    9.4156585613671e-11    1.07961202408642e-10    4.60054808418452e-11    3.98112275239297e-11    1.44194741826267e-10    1.21062261683763e-10    3.11000286818569e-12    0    0    5.56301502768409e-10
188.797568999918    8.77031301367557e-23    9.49191173443185e-23    9.58326638280759e-22    9.54319285023635e-22    8.03728635700167e-11    1.14973219465034e-10    4.64976323624541e-11    3.92365829249076e-11    1.46248650910952e-10    1.19222971839693e-10    5.74464224198548e-12    0    0    5.52296563317137e-10
189.151122499917    9.6861496372987e-23    8.43808748059501e-23    9.39299938627363e-22    9.6236359607451e-22    8.33381602565447e-11    1.11829575785629e-10    4.59094308176679e-11    3.90188719600534e-11    1.4454823865877e-10    1.18609842406829e-10    5.11572543383126e-12    0    0    5.48369845321408e-10
189.504675999917    8.26527194777437e-23    9.72751653691555e-23    9.47435825970869e-22    9.43043047199004e-22    9.92784165012498e-11    1.01919480664022e-10    4.41903351113424e-11    3.93975905828192e-11    1.37602255664665e-10    1.19889611299396e-10    2.13157492613626e-12    0    0    5.44409264751702e-10
189.858229499917    9.50433823263179e-23    8.35389434958452e-23    9.42739444814967e-22    9.35867736266055e-22    1.17507140802441e-10    8.91423803656163e-11    4.21372642265159e-11    3.95839218796031e-11    1.30046350312596e-10    1.21645959066225e-10    2.90789519772877e-13    0    0    5.40353806174827e-10
190.211782999917    8.57052994137791e-23    9.15669814366254e-23    9.24682466955766e-22    9.4358372459329e-22    1.26352351939128e-10    8.12447092916832e-11    4.03218196176337e-11    4.02465323195515e-11    1.25032684027824e-10    1.23025364643313e-10    8.4267651467157e-15    0    0    5.36231888606327e-10
190.565336499916    8.86217568950544e-23    8.73438162435882e-23    9.34305056896163e-22    9.23462460719775e-22    1.18028617955275e-10    8.63688081744154e-11    4.06669919387646e-11    3.96524912988267e-11    1.26373100999045e-10    1.20885296418546e-10    1.5704139030202e-13    0    0    5.32132348177207e-10
190.918889999916    8.80193193867335e-23    8.66540950237614e-23    9.17954888864895e-22    9.28272290712074e-22    9.83889575406107e-11    9.69308747697704e-11    4.28520742807423e-11    3.84619601083251e-11    1.3278584245685e-10    1.17242498825796e-10    1.50190068760094e-12    0    0    5.28164108671716e-10
191.272443499916    8.52957872360032e-23    8.80982517780458e-23    9.2653235585837e-22    9.10601837083625e-22    8.12209023143402e-11    1.05313777582349e-10    4.43475957551616e-11    3.74742906816643e-11    1.37601714150676e-10    1.14246302969061e-10    4.14641785972944e-12    0    0    5.24351001314992e-10
191.625996999916    8.6961356592496e-23    8.51669634575364e-23    9.06801301043694e-22    9.19984923628972e-22    7.54449967667916e-11    1.07826377826902e-10    4.41725013347646e-11    3.71489787543696e-11    1.37901776629853e-10    1.12965974232844e-10    5.20014617417662e-12    0    0    5.206607517217e-10
191.979550499915    8.5194422185781e-23    8.5671093267525e-23    9.14794819840081e-22    9.03306452404315e-22    8.44413001610344e-11    1.02205066383966e-10    4.29630030827592e-11    3.71892479310192e-11    1.33745664635105e-10    1.13245126559571e-10    3.19831761099334e-12    0    0    5.16987726366437e-10
192.333103999915    8.51151704919172e-23    8.45082589220818e-23    8.98156930165259e-22    9.08648955228247e-22    1.01920206169066e-10    9.01247363779348e-11    4.09787640596636e-11    3.76626212593856e-11    1.27004380355486e-10    1.14740951178992e-10    8.16580981089716e-13    0    0    5.13248240383595e-10
192.686657499915    8.40487030053893e-23    8.43354856787791e-23    8.97603289608937e-22    8.99546832549798e-22    1.15415253695839e-10    7.96889353798143e-11    3.92104276970238e-11    3.8064621160721e-11    1.20641929575691e-10    1.16361992499049e-10    4.51176952256307e-14    0    0    5.09428277705329e-10
193.040210999915    8.42515970878444e-23    8.29078535951175e-23    9.02117331626863e-22    8.85805012457677e-22    1.16457376011498e-10    7.7678110935382e-11    3.82166766720528e-11    3.83689983805519e-11    1.18542217102474e-10    1.16299534032613e-10    2.02523135982029e-14    0    0    5.05583165450126e-10
193.393764499914    8.09957009761869e-23    8.49596997446539e-23    8.78751803593525e-22    8.9812841069615e-22    1.01905724327646e-10    8.71182042381676e-11    3.95973949662547e-11    3.72973447766912e-11    1.2188911497083e-10    1.13470071224482e-10    5.33806578660732e-13    0    0    5.01811661084675e-10
193.747317999914    8.25742507001443e-23    8.21818250892638e-23    8.82928947730354e-22    8.82667693492277e-22    8.36758150985361e-11    9.5578338971185e-11    4.16681568646269e-11    3.60672724226734e-11    1.29259396004457e-10    1.09477834001539e-10    2.45047527081106e-12    0    0    4.98177288635759e-10
194.100871499914    8.43968382393224e-23    7.91639838792509e-23    8.74170867948305e-22    8.82710474451587e-22    7.23377145764093e-11    1.01502648914595e-10    4.19983413173106e-11    3.56547378767002e-11    1.30732536290318e-10    1.0805061073443e-10    4.40230140883434e-12    0    0    4.94678891120519e-10
194.454424999913    7.80096768048246e-23    8.43681500459929e-23    8.73059264712844e-22    8.73929849372298e-22    7.4552124928394e-11    9.88634093672762e-11    4.13595224857802e-11    3.54993665300149e-11    1.29788615319559e-10    1.07348817287588e-10    3.83382021029253e-12    0    0    4.91245676130814e-10
194.807978499913    8.42156648600496e-23    7.69929967397191e-23    8.7339161295102e-22    8.6465360823468e-22    8.71658363787713e-11    9.09321615697402e-11    3.9973105009337e-11    3.55516726298463e-11    1.24432653495592e-10    1.0815743276966e-10    1.57718958920344e-12    0    0    4.87790051444049e-10
195.161531999913    7.68115023094982e-23    8.32412007359908e-23    8.5903903346549e-22    8.69399462254313e-22    1.02859851341123e-10    7.95109427740897e-11    3.8038325271401e-11    3.59658919341147e-11    1.17899125306481e-10    1.09768186786467e-10    2.16561060159864e-13    0    0    4.84258884475725e-10
195.515085499913    8.05255008701933e-23    7.83771854805472e-23    8.63301924545105e-22    8.5455098822725e-22    1.1023989501617e-10    7.31169213424332e-11    3.6626368307476e-11    3.63235504810405e-11    1.1338555851465e-10    1.10975066038562e-10    7.39781633708091e-15    0    0    4.80674757518545e-10
195.868638999912    7.9288588052188e-23    7.84830724094451e-23    8.45118376730294e-22    8.62167156479079e-22    1.03764520857586e-10    7.71143153226112e-11    3.68046293383933e-11    3.58987294304163e-11    1.13445202460604e-10    1.09961893858346e-10    1.18181227776124e-13    0    0    4.77107472497598e-10
196.222192499912    7.68205541331903e-23    7.98167267881685e-23    8.54875079800478e-22    8.4257314325608e-22    8.73064944437679e-11    8.6033044066992e-11    3.85112147968043e-11    3.49718053406587e-11    1.19522537649514e-10    1.06180887133257e-10    1.11940903508057e-12    0    0    4.73645392467928e-10
196.575745999912    7.9978439430114e-23    7.55444647397509e-23    8.36974542738989e-22    8.51700561622888e-22    7.26389011771729e-11    9.3363942151483e-11    3.95293283587403e-11    3.4112841231278e-11    1.24043159017713e-10    1.03588835948602e-10    3.03498312542611e-12    0    0    4.7031199101226e-10
196.929299499912    7.58023119411168e-23    7.86090159328172e-23    8.38519536925964e-22    8.40515105949781e-22    6.77391962448265e-11    9.49988750574364e-11    3.98189711252164e-11    3.36494449044994e-11    1.24865838692637e-10    1.02225991334458e-10    3.77811725611587e-12    0    0    4.67076434617024e-10
197.282852999911    7.60604619472751e-23    7.72583525653916e-23    8.35390159822074e-22    8.34334322747895e-22    7.50093880727193e-11    9.0376827411597e-11    3.87988163121111e-11    3.37612322253883e-11    1.20700440210761e-10    1.02869555416094e-10    2.34668290340768e-12    0    0    4.63862942553902e-10
197.636406499911    7.83075479188825e-23    7.39189725744758e-23    8.35871785501853e-22    8.23943152620735e-22    8.89546273473509e-11    8.07691993170738e-11    3.70727179716144e-11    3.41102536273512e-11    1.15067989684791e-10    1.03996416069395e-10    6.28693287605485e-13    0    0    4.60599897306994e-10
197.989959999911    7.36415523401636e-23    7.75063705690363e-23    8.23112490947696e-22    8.27478783604938e-22    1.00692743796816e-10    7.16394055887518e-11    3.53488824844078e-11    3.45349827955686e-11    1.09626144966183e-10    1.05387795258024e-10    4.24906319986602e-14    0    0    4.57272445523552e-10
198.343513499911    7.51124570920903e-23    7.49658738841633e-23    8.22808425702818e-22    8.18786049311817e-22    1.02036012144946e-10    6.95831261439699e-11    3.47891441156158e-11    3.44650562414862e-11    1.07938057849189e-10    1.05095563772704e-10    1.48191449671466e-14    0    0    4.53921779414669e-10
198.69706699991    7.56758395487311e-23    7.33535938603801e-23    8.14591477035779e-22    8.195463711318e-22    9.03994165887543e-11    7.72310241629388e-11    3.5646050515249e-11    3.37608401520654e-11    1.1025080734963e-10    1.02976482432765e-10    3.65688680318769e-13    0    0    4.50630309883504e-10
199.05062049991    7.2744376927059e-23    7.52154862521468e-23    8.17871077209866e-22    8.06318407401816e-22    7.51447278787577e-11    8.44734892486156e-11    3.73770676591756e-11    3.28412012914759e-11    1.15773949900688e-10    1.00155489402473e-10    1.68405579836443e-12    0    0    4.47449981181322e-10
199.40417399991    7.33564792322454e-23    7.35845887129014e-23    8.00618419608473e-22    8.15627747097827e-22    6.53204730120962e-11    8.94483872332468e-11    3.80075379871012e-11    3.21980717349498e-11    1.18450897539469e-10    9.78573757928544e-11    3.09503599903074e-12    0    0    4.44377779300511e-10
199.75772749991    7.48116152813031e-23    7.10842846837739e-23    8.02398305957385e-22    8.06576928940858e-22    6.60738010448499e-11    8.82219910160931e-11    3.7379173736006e-11    3.20713175572934e-11    1.17055012843985e-10    9.77495138373892e-11    2.8155676583723e-12    0    0    4.41366377695744e-10
200.111280999909    7.07150085393178e-23    7.41512763069892e-23    8.00469962255926e-22    7.99574110667357e-22    7.64718510906109e-11    8.12602381205978e-11    3.60831449607102e-11    3.21758400059973e-11    1.12727004842231e-10    9.83721944682934e-11    1.25106414993829e-12    0    0    4.38341337640124e-10
200.464834499909    7.34007410532932e-23    7.04664843180333e-23    7.92334870710462e-22    7.9814980607965e-22    8.92122278501832e-11    7.20657360798596e-11    3.43930819954138e-11    3.25681490721364e-11    1.06629212273728e-10    1.00190301758012e-10    2.01130097078447e-13    0    0    4.35259839128145e-10
200.818387999909    6.8884336356656e-23    7.39681094863435e-23    7.94477095628056e-22    7.87169652723065e-22    9.66733091970459e-11    6.56023898337637e-11    3.32051545811663e-11    3.28412414010165e-11    1.02736288752715e-10    1.01065586545784e-10    7.65846631440436e-15    0    0    4.3213162877953e-10
201.171941499909    7.37265842239559e-23    6.81360860290099e-23    7.82845684402064e-22    7.89608889696407e-22    9.17998229057692e-11    6.84909968388998e-11    3.32154857095175e-11    3.25521316151433e-11    1.02813021799893e-10    1.00072118852934e-10    7.28492665346698e-14    0    0    4.29016426990405e-10
201.525494999908    6.80926225427227e-23    7.2781432058908e-23    7.7722610433305e-22    7.86420116763104e-22    7.79501399693435e-11    7.65088716725655e-11    3.47115504071608e-11    3.16083646051207e-11    1.07939468846446e-10    9.65405686759951e-11    7.24715612864483e-13    0    0    4.25983679791201e-10
201.879048499908    7.12371175354624e-23    6.86549174479568e-23    7.84924815193175e-22    7.70990349805211e-22    6.57189146521018e-11    8.22641693104486e-11    3.56676423777408e-11    3.10267742965167e-11    1.11857090249562e-10    9.4441945364961e-11    2.07971076412192e-12    0    0    4.23056247017148e-10
202.232601999908    6.93553735577024e-23    6.95714207489387e-23    7.67936141531743e-22    7.78905987337713e-22    6.10693841894309e-11    8.44723057341073e-11    3.58506734648029e-11    3.06845897306797e-11    1.12106230403808e-10    9.32768451135726e-11    2.75168814626958e-12    0    0    4.20211716784357e-10
202.586155499908    6.86045109265415e-23    6.93539934115582e-23    7.71280791920389e-22    7.67721611684981e-22    6.64907662060736e-11    8.05472936164325e-11    3.5112802106347e-11    3.06334400783856e-11    1.09080774046979e-10    9.3690628447899e-11    1.83392112474843e-12    0    0    4.17389625628543e-10
202.939708999907    6.93626056234987e-23    6.76440662146404e-23    7.69886946237386e-22    7.61913977213687e-22    7.78094121732498e-11    7.28620843642885e-11    3.33903411775778e-11    3.10504211574866e-11    1.04498399265869e-10    9.43800587262292e-11    5.42210058774318e-13    0    0    4.14532926925144e-10
203.293262499907    6.72787384039697e-23    6.87804618714801e-23    7.53466220176881e-22    7.69632830082886e-22    8.81767376475262e-11    6.46748555614673e-11    3.21233879362655e-11    3.12901956400168e-11    9.96330398962935e-11    9.56832902014152e-11    4.17126696123922e-14    0    0    4.11623219554256e-10
203.646815999907    6.69805567767872e-23    6.81485349345067e-23    7.62195521965452e-22    7.53619142361936e-22    8.99155176534272e-11    6.24556883207145e-11    3.16071103463298e-11    3.12426818481277e-11    9.75399520547653e-11    9.59232011771384e-11    9.75391074906162e-15    0    0    4.08693905312903e-10
204.000369499907    6.81930177774773e-23    6.59980047336611e-23    7.43187672805342e-22    7.64122551858656e-22    8.04282885034579e-11    6.87698505683485e-11    3.21791149286702e-11    3.06640111087816e-11    9.97611368165724e-11    9.37746314434655e-11    2.31959175777385e-13    0    0    4.05808992546715e-10
204.353922999906    6.58669924172662e-23    6.74144460841329e-23    7.4836981933772e-22    7.50550397834963e-22    6.72576513524658e-11    7.50523408814337e-11    3.39076896652441e-11    2.96963381935997e-11    1.04869093799589e-10    9.10840967462437e-11    1.15042358376112e-12    0    0    4.03017634223969e-10
204.707476499906    6.66350414603215e-23    6.57162201115095e-23    7.4867550151472e-22    7.4370354244257e-22    5.91854696737169e-11    7.89241064873501e-11    3.42072232559053e-11    2.93529398950712e-11    1.06791440995614e-10    8.96356508436006e-11    2.21714279674425e-12    0    0    4.00313973949627e-10
205.061029999906    6.63366525141053e-23    6.51237203111128e-23    7.43195837417431e-22    7.40543920509827e-22    5.94145231099397e-11    7.83259296998976e-11    3.36977648821751e-11    2.93681993420338e-11    1.05701572871236e-10    8.9039042393561e-11    2.1149697468628e-12    0    0    3.97662002047322e-10
205.414583499906    6.37060306076795e-23    6.68457886462003e-23    7.38006583174899e-22    7.37112915957435e-22    6.79333729083582e-11    7.26964658914771e-11    3.29404628850393e-11    2.91894224874236e-11    1.01465058645144e-10    8.97892503904779e-11    9.8889290899938e-13    0    0    3.95002926118525e-10
205.768136999905    6.67444761887328e-23    6.29206127275226e-23    7.3279030613575e-22    7.34461203819164e-22    7.87691461834823e-11    6.46329379643299e-11    3.13117244126804e-11    2.96852734855123e-11    9.68927710850641e-11    9.08407480003276e-11    1.68749198489483e-13    0    0    3.92301350331483e-10
206.121690499905    6.17546372388185e-23    6.70351825321303e-23    7.30491483874448e-22    7.28844630771259e-22    8.47246875809761e-11    5.94835258228377e-11    3.0110205584397e-11    3.00978143011555e-11    9.36363610966002e-11    9.15022589732418e-11    6.51589742514139e-15    0    0    3.89561369258222e-10
206.475243999905    6.64051395171205e-23    6.149864071069e-23    7.24444790228504e-22    7.27450566547015e-22    8.11933526882777e-11    6.13787330306853e-11    3.03397423331839e-11    2.96085805032147e-11    9.33885483406666e-11    9.08712190260265e-11    4.91296521995235e-14    0    0    3.86829305575834e-10
206.828797499905    6.17075029790882e-23    6.53385144184735e-23    7.29127674274416e-22    7.15196140429599e-22    6.92829273941723e-11    6.86621728075063e-11    3.14900740921826e-11    2.8866700223831e-11    9.74767460965758e-11    8.78732373617647e-11    5.16596492754936e-13    0    0    3.84168454470359e-10
207.182350999904    6.45835342289929e-23    6.1595709915961e-23    7.18417268002919e-22    7.17890563507083e-22    5.93162168614522e-11    7.28951691009826e-11    3.24144447182736e-11    2.82309317033061e-11    1.0115471979718e-10    8.60654470907753e-11    1.5150660952725e-12    0    0    3.81591995368805e-10
207.535904499904    6.23251361185138e-23    6.29968832992319e-23    7.13643008559759e-22    7.1555896730513e-22    5.54167427741934e-11    7.48506278369236e-11    3.24590469825564e-11    2.79697539789967e-11    1.0130113182392e-10    8.50404488752999e-11    2.04625804910767e-12    0    0    3.79084010322552e-10
207.889457999904    6.16065058009313e-23    6.28783961606075e-23    7.14610522379789e-22    7.07181587610735e-22    5.95755632587585e-11    7.19334523769026e-11    3.17457492627557e-11    2.79464221491466e-11    9.87679151267293e-11    8.52343922145735e-11    1.39298148439034e-12    0    0    3.76596475874803e-10
208.243011499904    6.1561995522145e-23    6.208070506484e-23    7.03573493558206e-22    7.08758524889999e-22    6.95195882136404e-11    6.48579724165607e-11    3.05474844879603e-11    2.81075844918181e-11    9.44904839750857e-11    8.61370215463335e-11    4.21385830669181e-13    0    0    3.74081520963604e-10
208.596564999903    6.32750026371182e-23    5.95345969878176e-23    7.03332733562379e-22    7.00650758972264e-22    7.78199863212916e-11    5.83437819141668e-11    2.90658073449889e-11    2.86640465266626e-11    9.01714030127821e-11    8.74286003964041e-11    3.32584478384761e-14    0    0    3.71526883965661e-10
208.950118499903    5.8711789432558e-23    6.32714815591067e-23    6.97009807405057e-22    6.98678400392703e-22    7.91936805096214e-11    5.65228010201987e-11    2.87914003842358e-11    2.8427165216011e-11    8.87564257559687e-11    8.72554190629704e-11    8.36940813135256e-15    0    0    3.68955261358655e-10
209.303671999903    6.17517301653368e-23    5.94198385898399e-23    6.9429170664548e-22    6.94822446728964e-22    7.11290467425077e-11    6.19604319760279e-11    2.93589273781703e-11    2.78679601015672e-11    9.03777241034622e-11    8.55502905205736e-11    1.77863354925209e-13    0    0    3.66422244178744e-10
209.657225499903    6.02136166457644e-23    6.01406104815871e-23    6.92940301816301e-22    6.89567987428001e-22    6.04126413994959e-11    6.68092353979599e-11    3.04627866434616e-11    2.73129070827682e-11    9.52560748699696e-11    8.28383574090357e-11    8.75017973394147e-13    0    0    3.63967020777588e-10
210.010778999902    5.88180270247076e-23    6.07374254569993e-23    6.90943186620806e-22    6.85218106329937e-22    5.35389004160361e-11    7.07024844802633e-11    3.07180834830531e-11    2.68813954812945e-11    9.62784623929552e-11    8.17691498103948e-11    1.69322315547417e-12    0    0    3.61581699220967e-10
210.364332499902    6.046929550934e-23    5.82861368335845e-23    6.87169950254207e-22    6.81236008642763e-22    5.41048052224464e-11    6.93425569738013e-11    3.06265190637112e-11    2.66280255000587e-11    9.55920148999586e-11    8.13246087039646e-11    1.62130078492527e-12    0    0    3.59239831150353e-10
210.717885999902    5.98725230165219e-23    5.80860683737419e-23    6.80116956096088e-22    6.80135541514948e-22    6.09697319130187e-11    6.52104633628654e-11    2.9374402403687e-11    2.68695579197582e-11    9.16460174115633e-11    8.20639639792111e-11    7.59624098244442e-13    0    0    3.56893761089826e-10
211.071439499902    5.55741314139753e-23    6.1606309570855e-23    6.68439302594396e-22    6.83930924147415e-22    7.0164080644937e-11    5.80969072265918e-11    2.841498912656e-11    2.69484080726926e-11    8.80560148139005e-11    8.27029099243426e-11    1.28077462562804e-13    0    0    3.54511387273057e-10
211.424992999901    6.07932749346325e-23    5.56118903672083e-23    6.72673710313019e-22    6.71986239658474e-22    7.4975372027731e-11    5.38412088938132e-11    2.753238472155e-11    2.71535684555836e-11    8.52377898157249e-11    8.33553987440723e-11    5.40032322973784e-15    0    0    3.52101122983166e-10
211.778546499901    5.5883738652177e-23    5.97480418064181e-23    6.73361385032076e-22    6.64870357866016e-22    7.1559275713482e-11    5.58016802249707e-11    2.7535371132014e-11    2.69220350688944e-11    8.53759457428097e-11    8.24627737354025e-11    4.32216664740218e-14    0    0    3.49700303285501e-10
