1:binCentralValue 2:valuesAverage 3:valuesAverage 4:multiplicity
0.707107 9.207976398920991e-16 2.579807054332113e-15 18
1.41421 6.692476188133274e-15 1.602945146487874e-14 62
2.12132 9.6234340699553e-15 4.171910427028858e-14 98
2.82843 1.755048044533331e-14 1.655124960071296e-13 210
3.53554 3.063902603400552e-14 4.649249130595029e-13 350
4.24264 3.956582060598804e-14 7.852155117289837e-13 450
4.94975 5.377164717636074e-14 1.26409739524593e-12 602
5.65686 2.918739975801655e-14 9.652772891731961e-13 762
6.36396 8.137383440080766e-46 1.409402647057951e-44 1142
7.07107 8.890198930253213e-46 1.248167952668473e-44 1250
7.77818 9.626152043269706e-46 1.431538424734835e-44 1458
8.48528 1.014354136072452e-45 1.690508897086467e-44 1814
9.19239 1.074784364681801e-45 1.850236426400688e-44 2178
9.8995 1.30065387666742e-45 1.890361894397251e-44 2498
10.6066 1.267951381939372e-45 2.190565646866097e-44 2622
11.3137 1.330201389450024e-45 2.085727938603671e-44 3338
12.0208 1.452890184227827e-45 2.334965154922302e-44 3722
12.7279 1.915558831045604e-45 2.756594797574435e-44 4170
13.435 1.834587454349851e-45 3.062556059982655e-44 4358
14.1421 2.184026814765623e-45 3.761930642598519e-44 5034
14.8492 1.947249761509816e-45 3.654240916448415e-44 5714
15.5564 2.125442609490583e-45 3.131578758934627e-44 5982
16.2635 2.090035972606563e-45 3.644134852082563e-44 6602
16.9706 2.003126946140564e-45 3.616231229438321e-44 7130
17.6777 2.692736821694208e-45 4.750119542628771e-44 8034
18.3848 3.041130287243311e-45 5.675546759120877e-44 8606
19.0919 3.089881492986144e-45 5.611301779588374e-44 9066
19.799 3.966966012800154e-45 6.659625416609588e-44 9962
20.5061 4.964770815868275e-45 7.385078229559679e-44 10550
21.2132 4.843138597043232e-45 7.927575802277177e-44 11226
21.9203 5.521942939466035e-45 7.826188353793712e-44 12146
22.6274 4.345956720117627e-45 7.805612170397848e-44 12303
23.3345 3.161624122281149e-45 5.152084523132273e-44 12584
24.0416 2.593693828846068e-45 4.67892486283133e-44 12120
24.7487 2.367560460082996e-45 4.174995869372236e-44 11180
25.4559 2.340372737771134e-45 4.010800052402925e-44 11096
26.163 2.190311758466919e-45 3.931217580996811e-44 10056
26.8701 2.128914835597595e-45 3.747875516155032e-44 9716
27.5772 1.804986334976431e-45 3.056344674227146e-44 8604
28.2843 1.697140691452514e-45 2.933853414005974e-44 8060
28.9914 1.615968901085528e-45 2.924676780888001e-44 7320
29.6985 1.457143624046104e-45 2.349768596366214e-44 6356
30.4056 1.162495834438024e-45 1.964323346153518e-44 5348
31.1127 8.518779851039504e-46 1.492970980018115e-44 4308
31.8198 6.730068335723739e-46 1.094463705134455e-44 3563
32.5269 4.016951455461661e-46 7.075019452031431e-45 2448
33.234 3.413903755831192e-46 5.746385351171996e-45 1868
33.9411 2.519473063441732e-46 3.832975972317445e-45 1358
34.6482 2.009955474904602e-46 3.369597439464306e-45 1062
35.3554 1.458682570551889e-46 2.668211770323458e-45 776
36.0625 8.805447430899324e-47 1.566621069253738e-45 432
36.7696 4.243705368756273e-47 6.890589660288197e-46 200
37.4767 3.798124289688722e-47 5.021595340507258e-46 168
38.1838 1.004792809496114e-47 1.727995534813828e-46 56
38.8909 6.780360416175924e-49 1.591536006631361e-47 7

0.707107 2.403379690782625e-17 2.690166699990327e-17 18
1.41421 1.710343011562429e-16 5.418244730858883e-16 62
2.12132 2.448919272609762e-16 1.210475894625357e-15 98
2.82843 5.154284343198216e-16 4.522626707030472e-15 210
3.53554 1.027100637073956e-15 1.21219206176252e-14 350
4.24264 1.219118234332842e-15 2.196728043457183e-14 450
4.94975 1.483430281556769e-15 3.932618831479926e-14 602
5.65686 9.029276720263508e-16 2.7420757223335e-14 762
6.36396 1.124450233918537e-46 3.869654790014017e-45 1142
7.07107 1.093823913099804e-46 4.870023573507752e-45 1250
7.77818 1.301968311536358e-46 7.368685833507199e-45 1458
8.48528 1.523428591140526e-46 8.858035038034468e-45 1814
9.19239 1.88325188945168e-46 1.265311299819519e-44 2178
9.8995 1.779199663792327e-46 1.776350092416052e-44 2498
10.6066 2.127762476379508e-46 1.802499893975055e-44 2622
11.3137 2.492985355681768e-46 2.670987646091976e-44 3338
12.0208 3.090720296379153e-46 3.328681106143709e-44 3722
12.7279 3.405776384359182e-46 4.469414055326214e-44 4170
13.435 3.696506746933733e-46 4.987863790446618e-44 4358
14.1421 4.110312208964379e-46 6.410726437184671e-44 5034
14.8492 4.98810302192782e-46 7.816427740912511e-44 5714
15.5564 4.989047950702654e-46 8.928267879183925e-44 5982
16.2635 5.861969878138003e-46 1.073620650972067e-43 6602
16.9706 6.277245259364887e-46 1.245228202922816e-43 7130
17.6777 7.0290725931585e-46 1.606523485347582e-43 8034
18.3848 8.011813678322267e-46 1.789424879842618e-43 8606
19.0919 8.857049661827357e-46 1.987304487907969e-43 9066
19.799 1.020812780450045e-45 2.444531151937854e-43 9962
20.5061 1.074101262664783e-45 2.813613841834237e-43 10550
21.2132 1.137728365848228e-45 3.126895429415309e-43 11226
21.9203 1.245260598677189e-45 3.65706931470804e-43 12146
22.6274 1.300042756473274e-45 3.707807013802819e-43 12303
23.3345 1.30424352216093e-45 3.966128636671617e-43 12584
24.0416 1.258709807063463e-45 4.200762835041545e-43 12120
24.7487 1.180329733787576e-45 4.1363004896493e-43 11180
25.4559 1.201744354515706e-45 4.391312872232682e-43 11096
26.163 1.123729892676697e-45 4.23594417008641e-43 10056
26.8701 1.086864985237025e-45 4.308735742513406e-43 9716
27.5772 9.520792803099115e-46 4.056456854760123e-43 8604
28.2843 9.330885808591127e-46 4.020721025783644e-43 8060
28.9914 8.754628172631956e-46 3.838198710070644e-43 7320
29.6985 7.760828464299221e-46 3.516037554178068e-43 6356
30.4056 6.839093058221566e-46 2.977064114024355e-43 5348
31.1127 5.311487323259301e-46 2.558437450502129e-43 4308
31.8198 4.242806314090501e-46 2.25612504474184e-43 3563
32.5269 3.091631462361265e-46 1.636959104196949e-43 2448
33.234 2.487588822271259e-46 1.361920237381256e-43 1868
33.9411 1.848582350212353e-46 9.212897439287066e-44 1358
34.6482 1.436885137680051e-46 7.41354137339268e-44 1062
35.3554 9.788553127508698e-47 5.835831370668124e-44 776
36.0625 5.648808754437956e-47 3.892724343774523e-44 432
36.7696 2.796703967156016e-47 1.444266579882145e-44 200
37.4767 2.434035799203966e-47 1.385742837949571e-44 168
38.1838 5.181537138887892e-48 5.143389731509104e-45 56
38.8909 7.934697412439303e-49 1.784722810477708e-45 7

0.707107 8.671970540232773e-18 9.147491877306999e-18 18
1.41421 3.081271603831798e-17 2.11342923831347e-16 62
2.12132 7.034400206628152e-17 4.10580073401291e-16 98
2.82843 1.610494846904333e-16 1.547803687004794e-15 210
3.53554 3.730570694164802e-16 3.449512882839361e-15 350
4.24264 3.675652368728672e-16 7.632546458797844e-15 450
4.94975 5.034337760615034e-16 1.236408039206853e-14 602
5.65686 3.03609001414933e-16 8.648899894125189e-15 762
6.36396 6.536728983084181e-47 2.203514434124003e-45 1142
7.07107 6.908595426550722e-47 2.753909599373764e-45 1250
7.77818 7.680170275575547e-47 4.138412950565621e-45 1458
8.48528 8.84644847811769e-47 5.801788290977504e-45 1814
9.19239 1.066476516242652e-46 7.491890322737622e-45 2178
9.8995 1.121915800978887e-46 1.015057570620555e-44 2498
10.6066 1.244081584340667e-46 1.161136256535205e-44 2622
11.3137 1.626532884021051e-46 1.624275412467754e-44 3338
12.0208 1.808495251004085e-46 2.112052580411291e-44 3722
12.7279 2.066553978857835e-46 2.740497386793134e-44 4170
13.435 2.183985230230522e-46 3.24364311537502e-44 4358
14.1421 2.548538151571715e-46 4.032140153334249e-44 5034
14.8492 3.015367858092293e-46 4.988419563352307e-44 5714
15.5564 3.07004402912231e-46 5.765277838618654e-44 5982
16.2635 3.529900399080005e-46 6.931264650336316e-44 6602
16.9706 3.839711093440012e-46 8.033140851207221e-44 7130
17.6777 4.535261080554363e-46 1.010109496628674e-43 8034
18.3848 4.918685774059966e-46 1.142006796576382e-43 8606
19.0919 5.311656062248988e-46 1.324801150677081e-43 9066
19.799 6.242629067972625e-46 1.58780296501718e-43 9962
20.5061 6.717197451926356e-46 1.757499574830176e-43 10550
21.2132 7.252962223515029e-46 2.000392131696732e-43 11226
21.9203 7.850155827741601e-46 2.313795576730752e-43 12146
22.6274 8.064332482414917e-46 2.420759025085707e-43 12303
23.3345 8.113163633288159e-46 2.64057452786966e-43 12584
24.0416 7.87897100304886e-46 2.707859138792481e-43 12120
24.7487 7.490968292617777e-46 2.660198297685184e-43 11180
25.4559 7.66184050812235e-46 2.856117342663094e-43 11096
26.163 6.892123282750593e-46 2.744580124522862e-43 10056
26.8701 6.925974110851298e-46 2.855296707308453e-43 9716
27.5772 6.236582882155467e-46 2.640601741690563e-43 8604
28.2843 5.943584625326973e-46 2.629451658296594e-43 8060
28.9914 5.47499041541947e-46 2.5314629216291e-43 7320
29.6985 4.919816918020739e-46 2.330047111205107e-43 6356
30.4056 4.26757046662878e-46 1.976800989045236e-43 5348
31.1127 3.360374732063588e-46 1.771126511097819e-43 4308
31.8198 2.910619637252294e-46 1.493621840643485e-43 3563
32.5269 2.097677031929465e-46 1.02521356709993e-43 2448
33.234 1.581113785747424e-46 8.467573208126373e-44 1868
33.9411 1.151407166395832e-46 6.447026582149258e-44 1358
34.6482 8.922479169229015e-47 4.995874508068312e-44 1062
35.3554 6.446868852096786e-47 3.788239719761203e-44 776
36.0625 3.78856645774388e-47 2.502757778553736e-44 432
36.7696 1.652207079767597e-47 9.919641336505312e-45 200
37.4767 1.523038776512554e-47 9.839584266698322e-45 168
38.1838 3.831211918303957e-48 3.185258399749699e-45 56
38.8909 4.972738787634503e-49 6.494819356949997e-46 7

0.707107 5.593510325568451e-18 3.706314402843902e-18 18
1.41421 3.438397755635997e-17 6.865766338453622e-17 62
2.12132 4.029687744923165e-17 1.678284135747876e-16 98
2.82843 8.108098785545029e-17 7.229887124634606e-16 210
3.53554 1.37885755934057e-16 2.194768492504892e-15 350
4.24264 1.827237210801045e-16 3.632816991243183e-15 450
4.94975 2.403051766475239e-16 6.079866023918272e-15 602
5.65686 1.444695138075038e-16 4.263832896975954e-15 762
6.36396 4.500623832804269e-47 1.457401617286827e-45 1142
7.07107 4.99065378000733e-47 1.938917886713819e-45 1250
7.77818 5.189154232854241e-47 3.063654482779586e-45 1458
8.48528 6.284304799348781e-47 4.046391631413481e-45 1814
9.19239 7.642841827727499e-47 5.718239580358729e-45 2178
9.8995 8.235557343245115e-47 7.241511239620347e-45 2498
10.6066 8.785226564376622e-47 8.447927839478033e-45 2622
11.3137 1.086823523274996e-46 1.232263580532674e-44 3338
12.0208 1.234556693784601e-46 1.544165604775547e-44 3722
12.7279 1.485057052892923e-46 1.931240908992337e-44 4170
13.435 1.512885510686412e-46 2.324148729408646e-44 4358
14.1421 1.798764709642395e-46 2.989625684648392e-44 5034
14.8492 2.111077059139933e-46 3.662990161452776e-44 5714
15.5564 2.214533904414462e-46 4.163115537598211e-44 5982
16.2635 2.545782702010032e-46 4.905814621911216e-44 6602
16.9706 2.729356180503112e-46 5.766649740811366e-44 7130
17.6777 3.16415785646823e-46 7.278462753144201e-44 8034
18.3848 3.498473785083277e-46 8.300177063939346e-44 8606
19.0919 3.77443069792924e-46 9.622537168005084e-44 9066
19.799 4.434442080036366e-46 1.143689076981162e-43 9962
20.5061 4.792850277700435e-46 1.280842542183003e-43 10550
21.2132 5.107520023742058e-46 1.45928014927706e-43 11226
21.9203 5.629583048220639e-46 1.655059635587765e-43 12146
22.6274 5.952118586074379e-46 1.760681099433986e-43 12303
23.3345 5.9420152802076e-46 1.846851448882199e-43 12584
24.0416 5.791733326597101e-46 1.936839029000911e-43 12120
24.7487 5.487197923159032e-46 1.900581729808754e-43 11180
25.4559 5.478986737225391e-46 2.080075979234425e-43 11096
26.163 5.040744322732956e-46 1.984519315410901e-43 10056
26.8701 5.099366367111876e-46 2.060996843997363e-43 9716
27.5772 4.577542430222464e-46 1.905359891554962e-43 8604
28.2843 4.27884161410131e-46 1.901385482745277e-43 8060
28.9914 3.976196495986604e-46 1.802121780551327e-43 7320
29.6985 3.533232720829843e-46 1.645151779240142e-43 6356
30.4056 3.022121909140864e-46 1.473211368272694e-43 5348
31.1127 2.521223757225684e-46 1.27134971183948e-43 4308
31.8198 2.152015350854912e-46 1.116755247248245e-43 3563
32.5269 1.495173128264497e-46 7.589415780964352e-44 2448
33.234 1.160070144072251e-46 6.018109134286897e-44 1868
33.9411 8.332689792414457e-47 4.725065889155481e-44 1358
34.6482 6.367852328882531e-47 3.805663114654839e-44 1062
35.3554 4.652197849470195e-47 2.690396127098197e-44 776
36.0625 2.653364920271731e-47 1.852480726001621e-44 432
36.7696 1.271335005677525e-47 7.536302470414492e-45 200
37.4767 1.29432933614393e-47 6.120600252107448e-45 168
38.1838 3.241514378224855e-48 2.088513286610271e-45 56
38.8909 3.306929873593538e-49 4.182454410858993e-46 7

0.707107 3.345925500063102e-18 2.114519173593469e-18 18
1.41421 1.723973848456707e-17 4.425507115803406e-17 62
2.12132 2.152419755703349e-17 1.127951491056549e-16 98
2.82843 4.63734678006862e-17 4.435517459263529e-16 210
3.53554 9.472604861512007e-17 1.155494387508513e-15 350
4.24264 1.094955870883877e-16 2.124703787972186e-15 450
4.94975 1.427816230886234e-16 3.565028690904221e-15 602
5.65686 8.037318568863512e-17 2.678628254254716e-15 762
6.36396 3.304696880775231e-47 1.143281794915611e-45 1142
7.07107 3.651098322234944e-47 1.617553261899445e-45 1250
7.77818 4.043119962661399e-47 2.349333905207862e-45 1458
8.48528 4.857523728724386e-47 3.156099086261797e-45 1814
9.19239 5.824273807903053e-47 4.389155289031552e-45 2178
9.8995 6.41760990133682e-47 5.594346129764468e-45 2498
10.6066 6.94953765644134e-47 6.446142962450221e-45 2622
11.3137 8.624402531013489e-47 9.368327411307578e-45 3338
12.0208 9.568584421822048e-47 1.16608009443143e-44 3722
12.7279 1.139161941295548e-46 1.555013631902075e-44 4170
13.435 1.235871051051486e-46 1.73393490371772e-44 4358
14.1421 1.450723615001697e-46 2.305923422497316e-44 5034
14.8492 1.589234768932745e-46 2.914028199471821e-44 5714
15.5564 1.727890298526457e-46 3.283405109463862e-44 5982
16.2635 1.978881827689192e-46 3.923394868361415e-44 6602
16.9706 2.091281501482869e-46 4.597361907229409e-44 7130
17.6777 2.560287369888069e-46 5.4211692187966e-44 8034
18.3848 2.778543693414593e-46 6.475895173635346e-44 8606
19.0919 2.941265577368712e-46 7.59552344959545e-44 9066
19.799 3.475868274562535e-46 9.126569844896224e-44 9962
20.5061 3.794222865449924e-46 9.987168516923323e-44 10550
21.2132 4.018304908792185e-46 1.126679991214783e-43 11226
21.9203 4.454329152199239e-46 1.280805225381665e-43 12146
22.6274 4.62616411347413e-46 1.392704264801957e-43 12303
23.3345 4.617100340880545e-46 1.483710792407127e-43 12584
24.0416 4.549517268142039e-46 1.540990122742885e-43 12120
24.7487 4.279072152655512e-46 1.556078623243781e-43 11180
25.4559 4.379787722982457e-46 1.615552549767617e-43 11096
26.163 3.90323878825744e-46 1.577820027040881e-43 10056
26.8701 3.990965602462847e-46 1.617479316748234e-43 9716
27.5772 3.52456510669472e-46 1.496320811302294e-43 8604
28.2843 3.46299142256132e-46 1.472923470010816e-43 8060
28.9914 3.181757495814861e-46 1.406515642203231e-43 7320
29.6985 2.790669159167469e-46 1.277143404184331e-43 6356
30.4056 2.40499288554604e-46 1.144651953600348e-43 5348
31.1127 2.010634765467111e-46 9.875387972787025e-44 4308
31.8198 1.672425607438467e-46 8.938105740544122e-44 3563
32.5269 1.147985783787603e-46 5.977428793975558e-44 2448
33.234 8.593947397317982e-47 5.044112443890923e-44 1868
33.9411 6.763218205132014e-47 3.576919474019185e-44 1358
34.6482 5.413081211348198e-47 2.894044965974106e-44 1062
35.3554 3.706836339441291e-47 2.24715498990515e-44 776
36.0625 2.336977759909888e-47 1.267388698700918e-44 432
36.7696 8.44813901579728e-48 6.85614801099966e-45 200
37.4767 9.830699938767686e-48 5.069297080438579e-45 168
38.1838 2.305791252930464e-48 1.295393652748941e-45 56
38.8909 3.799038101454215e-49 1.562961558252444e-46 7

0.707107 1.626672253326484e-18 1.644925607351835e-18 18
1.41421 8.401886985162848e-18 3.38854746253089e-17 62
2.12132 1.538439989823242e-17 6.906531086749292e-17 98
2.82843 2.98505429313364e-17 2.973806707601315e-16 210
3.53554 6.778827811199625e-17 6.693502498978646e-16 350
4.24264 6.968085230542053e-17 1.439720122782528e-15 450
4.94975 9.450824553179917e-17 2.321545654735511e-15 602
5.65686 4.98451162334173e-17 1.84749361092481e-15 762
6.36396 2.646171930272308e-47 1.021497509193586e-45 1142
7.07107 2.905347196959123e-47 1.38731574999666e-45 1250
7.77818 3.292181802777254e-47 1.961993677014566e-45 1458
8.48528 4.032009905511195e-47 2.539938692774596e-45 1814
9.19239 4.828578804713859e-47 3.570669855565251e-45 2178
9.8995 5.141048848804203e-47 4.715075172528194e-45 2498
10.6066 5.885598541674788e-47 5.270531852194587e-45 2622
11.3137 7.123085982839175e-47 7.608976343228569e-45 3338
12.0208 7.881220656974817e-47 9.630494827133339e-45 3722
12.7279 9.407393795369549e-47 1.261676287850937e-44 4170
13.435 9.858452080191348e-47 1.454545668725306e-44 4358
14.1421 1.196563671751087e-46 1.876214794910486e-44 5034
14.8492 1.348122299632459e-46 2.325241577670033e-44 5714
15.5564 1.395508102981221e-46 2.692745243841167e-44 5982
16.2635 1.595735418191686e-46 3.157538935189115e-44 6602
16.9706 1.774864980872622e-46 3.665709005309394e-44 7130
17.6777 1.996515446305668e-46 4.680407101036807e-44 8034
18.3848 2.241056978384152e-46 5.382547299206489e-44 8606
19.0919 2.426586821617625e-46 6.223043927684353e-44 9066
19.799 2.832975376701475e-46 7.50027527997801e-44 9962
20.5061 3.092794234465323e-46 8.203756776398422e-44 10550
21.2132 3.322254513992971e-46 9.137517982258242e-44 11226
21.9203 3.57050145022032e-46 1.055074205198779e-43 12146
22.6274 3.797854830325767e-46 1.15181593773342e-43 12303
23.3345 3.786654958050836e-46 1.216608182099295e-43 12584
24.0416 3.609622625521773e-46 1.316570897372402e-43 12120
24.7487 3.46613887630049e-46 1.267209125493336e-43 11180
25.4559 3.541873908476593e-46 1.34304335653575e-43 11096
26.163 3.226950144396783e-46 1.293144630693245e-43 10056
26.8701 3.277086917886021e-46 1.320762417860657e-43 9716
27.5772 2.872387502880792e-46 1.221886950133606e-43 8604
28.2843 2.740640614195825e-46 1.216227443952906e-43 8060
28.9914 2.585277744862819e-46 1.152660506303223e-43 7320
29.6985 2.285133293565385e-46 1.072431830576332e-43 6356
30.4056 1.974912688994147e-46 9.518765110727421e-44 5348
31.1127 1.644202555671378e-46 8.030718647413314e-44 4308
31.8198 1.369172979149892e-46 7.147483405737117e-44 3563
32.5269 9.601401161085428e-47 4.808606422887592e-44 2448
33.234 7.198203787830123e-47 4.176475928206145e-44 1868
33.9411 5.409397049427485e-47 2.926421229699831e-44 1358
34.6482 4.221002377753376e-47 2.676098481522159e-44 1062
35.3554 3.159813218997344e-47 1.749964582308263e-44 776
36.0625 1.93906342468151e-47 9.495182571722254e-45 432
36.7696 7.575586798808857e-48 5.927579476406273e-45 200
37.4767 7.936447119649453e-48 4.891774913426144e-45 168
38.1838 2.41861151750654e-48 1.1377937801919e-45 56
38.8909 2.339689814999629e-49 5.707592720398425e-47 7

0.707107 8.850455841587248e-19 1.301266765031359e-18 18
1.41421 8.957342955984134e-18 2.027761092448745e-17 62
2.12132 1.022456442527007e-17 5.147516493677382e-17 98
2.82843 2.315098272829519e-17 1.941486608505785e-16 210
3.53554 4.205018392328264e-17 5.549772480231073e-16 350
4.24264 4.922284558262906e-17 1.024874693274519e-15 450
4.94975 7.292509723116094e-17 1.515937539997294e-15 602
5.65686 3.594060918973447e-17 1.292112273506695e-15 762
6.36396 2.308351212884949e-47 8.418026134437854e-46 1142
7.07107 2.590008371804766e-47 1.160792804206406e-45 1250
7.77818 2.888718110665138e-47 1.576266701830417e-45 1458
8.48528 3.419311846167368e-47 2.223107108381834e-45 1814
9.19239 3.984767996987452e-47 2.977337653787122e-45 2178
9.8995 4.360885071127345e-47 3.876123487264907e-45 2498
10.6066 4.776130006939983e-47 4.630069781578601e-45 2622
11.3137 6.112075873462897e-47 6.567192828235642e-45 3338
12.0208 6.548358249317832e-47 8.395368250354553e-45 3722
12.7279 7.723292563824062e-47 1.085269041762183e-44 4170
13.435 8.410137792242104e-47 1.214096013520839e-44 4358
14.1421 1.004219923729023e-46 1.604491206385188e-44 5034
14.8492 1.131930722693874e-46 1.993183129613539e-44 5714
15.5564 1.208586826846421e-46 2.310208931198835e-44 5982
16.2635 1.337972514647299e-46 2.739311815660134e-44 6602
16.9706 1.522393349792575e-46 3.185367808508569e-44 7130
17.6777 1.734347787326006e-46 3.815221656951416e-44 8034
18.3848 1.923218901596751e-46 4.480968293989352e-44 8606
19.0919 2.045172535436609e-46 5.257599848522143e-44 9066
19.799 2.382728881783889e-46 6.421073377894428e-44 9962
20.5061 2.609795866504443e-46 6.997896491869071e-44 10550
21.2132 2.848962196290624e-46 7.769163093287252e-44 11226
21.9203 3.080231272868064e-46 8.841648716090947e-44 12146
22.6274 3.212544965261365e-46 9.853526971636354e-44 12303
23.3345 3.182412143569035e-46 1.03814772213089e-43 12584
24.0416 3.134104107706027e-46 1.109482575929159e-43 12120
24.7487 2.961189932594431e-46 1.074768748285117e-43 11180
25.4559 3.026290576821283e-46 1.121092583861172e-43 11096
26.163 2.806189160392444e-46 1.089829161862373e-43 10056
26.8701 2.742145517207371e-46 1.140287912753275e-43 9716
27.5772 2.447563455874506e-46 1.045226158096304e-43 8604
28.2843 2.35228978403368e-46 1.036525837717013e-43 8060
28.9914 2.171275184506666e-46 1.000470072875557e-43 7320
29.6985 1.933860452798818e-46 9.211135259315527e-44 6356
30.4056 1.727973028013675e-46 8.140923989424665e-44 5348
31.1127 1.431170065155498e-46 6.566230639425205e-44 4308
31.8198 1.154188687905898e-46 6.167824733828265e-44 3563
32.5269 8.270094612583099e-47 4.298655133702354e-44 2448
33.234 6.23080449785329e-47 3.44935126621768e-44 1868
33.9411 4.868303051206885e-47 2.413429660211451e-44 1358
34.6482 3.805733131810862e-47 2.26884628993069e-44 1062
35.3554 2.645883238419528e-47 1.596233860396239e-44 776
36.0625 1.525776885564483e-47 9.36283101410775e-45 432
36.7696 6.43095396048727e-48 4.638164755748524e-45 200
37.4767 7.074565414857392e-48 4.406739364574569e-45 168
38.1838 2.067905272800752e-48 7.543862026555444e-46 56
38.8909 1.884611346096328e-49 1.247146819597231e-46 7

0.707107 8.84075143680103e-19 8.438752142438352e-19 18
1.41421 4.760992064986734e-18 1.681493694473811e-17 62
2.12132 7.147038531814316e-18 3.971969786507232e-17 98
2.82843 1.806473705227953e-17 1.370818312048203e-16 210
3.53554 3.21530626547933e-17 4.139174962234682e-16 350
4.24264 3.876705451435066e-17 7.259592929854495e-16 450
4.94975 4.828317385528543e-17 1.269185006429041e-15 602
5.65686 2.919100874776338e-17 8.878285517109366e-16 762
6.36396 2.095775456516774e-47 7.065391201566628e-46 1142
7.07107 2.18764686852747e-47 1.018865902943187e-45 1250
7.77818 2.431686816913116e-47 1.380748127435156e-45 1458
8.48528 2.988828608509848e-47 1.852404942688614e-45 1814
9.19239 3.49284237568182e-47 2.572147108688017e-45 2178
9.8995 3.757939031295245e-47 3.447281871508088e-45 2498
10.6066 4.164794003981841e-47 3.879687509948458e-45 2622
11.3137 5.118689107215149e-47 5.874208873177626e-45 3338
12.0208 5.83609764137593e-47 7.264496363906769e-45 3722
12.7279 6.888734775021452e-47 9.026738474105329e-45 4170
13.435 7.120594411140268e-47 1.072251903337242e-44 4358
14.1421 8.613967727915234e-47 1.426996111127899e-44 5034
14.8492 1.008028891183497e-46 1.721220427717482e-44 5714
15.5564 1.091181860247285e-46 1.954513569472584e-44 5982
16.2635 1.157228856515365e-46 2.337623263792756e-44 6602
16.9706 1.290993713770043e-46 2.842605369057078e-44 7130
17.6777 1.469563116692806e-46 3.366160225530966e-44 8034
18.3848 1.630989446250409e-46 3.879745842049455e-44 8606
19.0919 1.837034836562718e-46 4.460167565628662e-44 9066
19.799 2.063300823883928e-46 5.580130677945233e-44 9962
20.5061 2.233149262758446e-46 6.120833393363736e-44 10550
21.2132 2.403616348180426e-46 6.91468451311594e-44 11226
21.9203 2.671125628995641e-46 7.74775368179692e-44 12146
22.6274 2.779033901059657e-46 8.615813482219527e-44 12303
23.3345 2.760666783447463e-46 9.063657454960471e-44 12584
24.0416 2.730528530813031e-46 9.610934379640286e-44 12120
24.7487 2.559212991120555e-46 9.380057380387001e-44 11180
25.4559 2.607201391739976e-46 9.789676971370537e-44 11096
26.163 2.420939044562735e-46 9.627631764250397e-44 10056
26.8701 2.318750197501322e-46 1.019018166198401e-43 9716
27.5772 2.085148573043513e-46 9.174001850886116e-44 8604
28.2843 2.024537017151204e-46 9.072385895743989e-44 8060
28.9914 1.925953686722034e-46 8.64076635032367e-44 7320
29.6985 1.695941168076463e-46 7.988757946202969e-44 6356
30.4056 1.507181388740448e-46 7.016038099045419e-44 5348
31.1127 1.208747337967073e-46 6.002932982491936e-44 4308
31.8198 9.985339078198733e-47 5.252274354458065e-44 3563
32.5269 6.996394792720921e-47 3.830016011808623e-44 2448
33.234 5.405566626060268e-47 3.016194727477989e-44 1868
33.9411 4.087875719057349e-47 2.15511365105454e-44 1358
34.6482 3.370043401366016e-47 1.948127247200967e-44 1062
35.3554 2.263225204724623e-47 1.472142088237835e-44 776
36.0625 1.258104463770996e-47 8.71829628301863e-45 432
36.7696 5.873249676764696e-48 3.540151592230625e-45 200
37.4767 6.219188344723056e-48 4.036972314679207e-45 168
38.1838 2.061452538011698e-48 6.919701846952907e-46 56
38.8909 1.986690661338662e-49 8.680406902986024e-47 7

0.707107 9.694454359584199e-19 4.930045048983448e-19 18
1.41421 5.982981951804932e-18 8.309296449975287e-18 62
2.12132 6.618965199015308e-18 2.630489734353757e-17 98
2.82843 1.102662415103898e-17 1.315245517520602e-16 210
3.53554 2.454202137832859e-17 3.137042950790054e-16 350
4.24264 2.936912587406011e-17 5.702975059413239e-16 450
4.94975 3.958053808594327e-17 9.258122288174365e-16 602
5.65686 2.44083174681007e-17 6.34120959446379e-16 762
6.36396 1.85204741622187e-47 6.595258476994554e-46 1142
7.07107 2.017148352498168e-47 8.946274848009018e-46 1250
7.77818 2.079596776878565e-47 1.248326706470699e-45 1458
8.48528 2.47399022709356e-47 1.697924656403913e-45 1814
9.19239 2.965124146324329e-47 2.370768130600125e-45 2178
9.8995 3.321950412502013e-47 2.985848215035331e-45 2498
10.6066 3.58083690405516e-47 3.534341502450187e-45 2622
11.3137 4.380618509657167e-47 5.212093106919966e-45 3338
12.0208 5.133413183597709e-47 6.504911342370764e-45 3722
12.7279 5.756709448827541e-47 8.472448310524258e-45 4170
13.435 6.157694839243974e-47 9.554400498076408e-45 4358
14.1421 7.397645379277923e-47 1.297100066224672e-44 5034
14.8492 8.643005700297104e-47 1.575558613725356e-44 5714
15.5564 9.481738516543085e-47 1.771872935939644e-44 5982
16.2635 1.008591743794639e-46 2.106756289100352e-44 6602
16.9706 1.162607976102763e-46 2.481498337313888e-44 7130
17.6777 1.325264139843737e-46 2.968967892184246e-44 8034
18.3848 1.456622418341705e-46 3.399298882879979e-44 8606
19.0919 1.619150439001335e-46 3.938749686196689e-44 9066
19.799 1.847931965817741e-46 4.873734797774406e-44 9962
20.5061 2.014027330626016e-46 5.305765407340132e-44 10550
21.2132 2.128607191255742e-46 6.020901971508338e-44 11226
21.9203 2.333745102327356e-46 6.886779054913956e-44 12146
22.6274 2.445182361387503e-46 7.64698874920196e-44 12303
23.3345 2.461585824698303e-46 7.940693285855334e-44 12584
24.0416 2.415172643410606e-46 8.32530364669298e-44 12120
24.7487 2.349714335868777e-46 8.084520203185822e-44 11180
25.4559 2.278706662006439e-46 8.753350285707879e-44 11096
26.163 2.169721026580699e-46 8.55105817951364e-44 10056
26.8701 2.110963266101357e-46 8.69012812479766e-44 9716
27.5772 1.882826456591236e-46 7.992642297482136e-44 8604
28.2843 1.812511345233497e-46 7.984507112651396e-44 8060
28.9914 1.692636244136393e-46 7.721398630142687e-44 7320
29.6985 1.51158392185371e-46 7.048500933358784e-44 6356
30.4056 1.325430208421885e-46 6.151473391508089e-44 5348
31.1127 1.087576603648965e-46 5.237749665350218e-44 4308
31.8198 8.713764431577978e-47 4.686843522994556e-44 3563
32.5269 6.10551855168811e-47 3.286435486578367e-44 2448
33.234 4.999536919436381e-47 2.701223194052111e-44 1868
33.9411 3.397293160543962e-47 2.032233459142863e-44 1358
34.6482 2.807499227144636e-47 1.765464919611773e-44 1062
35.3554 2.06986593906744e-47 1.319262203648465e-44 776
36.0625 1.225871242908681e-47 7.354321713619291e-45 432
36.7696 5.506188642895331e-48 3.134814636431665e-45 200
37.4767 5.409930971273109e-48 3.660240584169526e-45 168
38.1838 1.745742003332186e-48 6.392290455456658e-46 56
38.8909 9.828861904391611e-50 6.598187118917077e-47 7

0.707107 7.864030980721869e-19 3.753991561639965e-19 18
1.41421 4.988871902890032e-18 6.343578541092107e-18 62
2.12132 4.723950622832297e-18 2.404784519369905e-17 98
2.82843 1.00533250584846e-17 9.343362392458378e-17 210
3.53554 2.114968476055635e-17 2.328825603837824e-16 350
4.24264 2.572631806206279e-17 4.131003577970021e-16 450
4.94975 3.095450784430748e-17 7.548160364694868e-16 602
5.65686 1.930559238366384e-17 5.091716393525831e-16 762
6.36396 1.573222518082596e-47 6.189301213695693e-46 1142
7.07107 1.729909697457158e-47 8.172078803638078e-46 1250
7.77818 1.8702620220715e-47 1.109690495810626e-45 1458
8.48528 2.288826857600475e-47 1.476172132756698e-45 1814
9.19239 2.740054505483959e-47 2.059160878661871e-45 2178
9.8995 3.102745681746824e-47 2.73090985691068e-45 2498
10.6066 3.256285493147722e-47 3.109350743649824e-45 2622
11.3137 3.903255565910474e-47 4.593965918329445e-45 3338
12.0208 4.708403126671643e-47 5.790217854115909e-45 3722
12.7279 5.324005802746375e-47 7.351534301202377e-45 4170
13.435 5.800947593120634e-47 8.415130430798331e-45 4358
14.1421 6.913737405289217e-47 1.118574428562606e-44 5034
14.8492 7.853021739794751e-47 1.37907242681714e-44 5714
15.5564 8.546222402894364e-47 1.551968632894496e-44 5982
16.2635 9.310227058860439e-47 1.813857358157947e-44 6602
16.9706 1.007520692311349e-46 2.259683156748582e-44 7130
17.6777 1.151950629887806e-46 2.679694978000242e-44 8034
18.3848 1.301428446975913e-46 3.049691243156696e-44 8606
19.0919 1.453696977701494e-46 3.600915752406853e-44 9066
19.799 1.64126335032863e-46 4.366322223237364e-44 9962
20.5061 1.736231410519622e-46 4.861233271353864e-44 10550
21.2132 1.901428468324682e-46 5.424217649775627e-44 11226
21.9203 2.09765919516701e-46 6.1637483389255e-44 12146
22.6274 2.253143378265971e-46 6.709994707237215e-44 12303
23.3345 2.172206833320276e-46 7.180598459791491e-44 12584
24.0416 2.140140383859478e-46 7.627495199948178e-44 12120
24.7487 2.022365960305271e-46 7.528459055475799e-44 11180
25.4559 2.080551319796455e-46 7.695743665269733e-44 11096
26.163 1.967335403538486e-46 7.663158424274649e-44 10056
26.8701 1.890383618627975e-46 7.80820709711717e-44 9716
27.5772 1.681698660285374e-46 7.2225002509259e-44 8604
28.2843 1.608851884977747e-46 7.212776289582557e-44 8060
28.9914 1.51501095456913e-46 6.918831217393832e-44 7320
29.6985 1.360466440640891e-46 6.30585135073439e-44 6356
30.4056 1.174476416177098e-46 5.585065720247199e-44 5348
31.1127 9.516061623492995e-47 4.760017381068523e-44 4308
31.8198 8.067497879161466e-47 4.051737599152012e-44 3563
32.5269 5.408585913966531e-47 3.016902755480569e-44 2448
33.234 4.413478000800109e-47 2.483709868558573e-44 1868
33.9411 3.078201958695094e-47 1.802644646229965e-44 1358
34.6482 2.635368015864914e-47 1.394947796027437e-44 1062
35.3554 2.008536415578916e-47 1.140429656186513e-44 776
36.0625 1.102658686181463e-47 6.429911119936257e-45 432
36.7696 5.252338491704514e-48 2.68050931557288e-45 200
37.4767 4.645541927092971e-48 3.234985119154127e-45 168
38.1838 1.448349961470814e-48 6.476178261420423e-46 56
38.8909 1.225230131725074e-49 6.199358204291311e-47 7

0.707107 4.648203457455685e-19 4.019972137185972e-19 18
1.41421 2.363523303190233e-18 8.054750595277725e-18 62
2.12132 3.651540404279077e-18 1.993834940399556e-17 98
2.82843 9.036949885583052e-18 6.969835524968788e-17 210
3.53554 1.653582801793198e-17 2.029395767745872e-16 350
4.24264 2.039114691104897e-17 3.463341702266636e-16 450
4.94975 2.561816581831842e-17 6.111279211835568e-16 602
5.65686 1.435664544512258e-17 4.574035631819822e-16 762
6.36396 1.336851537042106e-47 5.892585597305115e-46 1142
7.07107 1.60150217180928e-47 6.85569650628437e-46 1250
7.77818 1.674783759394857e-47 1.003023556857611e-45 1458
8.48528 2.138896245601801e-47 1.32105714960546e-45 1814
9.19239 2.47011420698982e-47 1.86181928297759e-45 2178
9.8995 2.76938569166117e-47 2.478315802756106e-45 2498
10.6066 3.029723561796906e-47 2.724104234724439e-45 2622
11.3137 3.676686731019169e-47 3.981701443060523e-45 3338
12.0208 4.271146116712813e-47 5.243390767877158e-45 3722
12.7279 4.741412771906861e-47 6.716142613399971e-45 4170
13.435 5.329799456233257e-47 7.618519442612881e-45 4358
14.1421 6.319597024742772e-47 1.013237549119347e-44 5034
14.8492 7.256324976502014e-47 1.243944163031158e-44 5714
15.5564 7.660326717805939e-47 1.4460546147874e-44 5982
16.2635 8.136648500899474e-47 1.677671634873411e-44 6602
16.9706 9.365628066014714e-47 2.019099437833059e-44 7130
17.6777 1.099038237382813e-46 2.339785826187169e-44 8034
18.3848 1.147299672154408e-46 2.830001606700911e-44 8606
19.0919 1.308035131596419e-46 3.291494632403968e-44 9066
19.799 1.504296414151693e-46 3.930307330802283e-44 9962
20.5061 1.570821755379355e-46 4.418458296612332e-44 10550
21.2132 1.730648133647946e-46 4.95495402072259e-44 11226
21.9203 1.895430169568219e-46 5.640747306255395e-44 12146
22.6274 2.037760839396694e-46 6.10395288120958e-44 12303
23.3345 1.990524354545019e-46 6.402712299465758e-44 12584
24.0416 1.970602031856347e-46 6.840362191424947e-44 12120
24.7487 1.893232475819301e-46 6.678098341032632e-44 11180
25.4559 1.840364563331813e-46 7.105170058350669e-44 11096
26.163 1.748394795872783e-46 7.017368138268641e-44 10056
26.8701 1.7209102042601e-46 6.996946969450999e-44 9716
27.5772 1.523908430015982e-46 6.633953540270569e-44 8604
28.2843 1.47976994442147e-46 6.381226177047088e-44 8060
28.9914 1.386364131463751e-46 6.287995573955457e-44 7320
29.6985 1.212388140456665e-46 5.795557854700241e-44 6356
30.4056 1.057591016780706e-46 5.152157541653212e-44 5348
31.1127 8.641291937628768e-47 4.317114555479247e-44 4308
31.8198 6.97228754608778e-47 3.723136926446444e-44 3563
32.5269 5.008098828045643e-47 2.694412528018834e-44 2448
33.234 3.974901440806701e-47 2.213880729980058e-44 1868
33.9411 2.891516914079359e-47 1.6340575967884e-44 1358
34.6482 2.221522551995029e-47 1.369686169211678e-44 1062
35.3554 1.724436877484088e-47 1.029876803039386e-44 776
36.0625 9.347746013576575e-48 5.762993229983788e-45 432
36.7696 4.806560372086559e-48 2.444856896683227e-45 200
37.4767 4.426040420562158e-48 2.796990017512278e-45 168
38.1838 1.194889389393662e-48 6.340802258662529e-46 56
38.8909 1.020415746785337e-49 6.28284896557169e-47 7

0.707107 2.831838670399756e-19 4.009236425296086e-19 18
1.41421 3.381224629602702e-18 4.437226772355345e-18 62
2.12132 3.408934785807302e-18 1.468904327966612e-17 98
2.82843 6.949726751972285e-18 6.349534112598047e-17 210
3.53554 1.183453503204951e-17 1.876263296465359e-16 350
4.24264 1.553138034548757e-17 3.12063848090209e-16 450
4.94975 1.868032956845493e-17 5.683136178575431e-16 602
5.65686 1.08164424889216e-17 4.132139554796525e-16 762
6.36396 1.268777746455099e-47 5.240450998285419e-46 1142
7.07107 1.498066672086566e-47 6.191028361402328e-46 1250
7.77818 1.572112147852843e-47 8.880703107978729e-46 1458
8.48528 1.855394635425616e-47 1.260652511912901e-45 1814
9.19239 2.349498505613803e-47 1.721004815075982e-45 2178
9.8995 2.47086817429357e-47 2.280585041905857e-45 2498
10.6066 2.741740657760476e-47 2.61282669255984e-45 2622
11.3137 3.339975339299362e-47 3.735420419901632e-45 3338
12.0208 3.931612477653282e-47 4.797529651100771e-45 3722
12.7279 4.234679225233627e-47 6.263835742019227e-45 4170
13.435 4.803547576627561e-47 7.060698460598615e-45 4358
14.1421 5.638583080688487e-47 9.349862675857914e-45 5034
14.8492 6.722643184856582e-47 1.123306882088816e-44 5714
15.5564 6.910645067422335e-47 1.303516669484688e-44 5982
16.2635 7.649848150528555e-47 1.514433888753682e-44 6602
16.9706 8.536827597966097e-47 1.862760778419008e-44 7130
17.6777 9.602691492336778e-47 2.240329703623621e-44 8034
18.3848 1.078916208294752e-46 2.539625377744941e-44 8606
19.0919 1.195894162645182e-46 2.96506895552303e-44 9066
19.799 1.373227098644501e-46 3.583941782445014e-44 9962
20.5061 1.43827357023875e-46 4.04048041814421e-44 10550
21.2132 1.614043185385914e-46 4.521034168646592e-44 11226
21.9203 1.758924094121911e-46 5.053140364424427e-44 12146
22.6274 1.831806575054675e-46 5.608938247886171e-44 12303
23.3345 1.812335162188035e-46 5.932191069284226e-44 12584
24.0416 1.806648966755819e-46 6.150742336201612e-44 12120
24.7487 1.715088142802374e-46 6.206812798790409e-44 11180
25.4559 1.710926118153121e-46 6.423074056298702e-44 11096
26.163 1.63199428369926e-46 6.324703882365978e-44 10056
26.8701 1.562232855520735e-46 6.582724114399992e-44 9716
27.5772 1.386593314688636e-46 6.035373970087963e-44 8604
28.2843 1.338679172090484e-46 5.967581213144474e-44 8060
28.9914 1.280118091368282e-46 5.669912748622443e-44 7320
29.6985 1.113507929725502e-46 5.318864232222412e-44 6356
30.4056 9.811183447948254e-47 4.617030870235588e-44 5348
31.1127 7.822820838613202e-47 3.969131928585551e-44 4308
31.8198 6.429773135742489e-47 3.324901532713225e-44 3563
32.5269 4.604467255579732e-47 2.474552365591239e-44 2448
33.234 3.820677677291428e-47 1.892283756298069e-44 1868
33.9411 2.758297315582974e-47 1.41157043121574e-44 1358
34.6482 2.166278580027968e-47 1.149845616060187e-44 1062
35.3554 1.657241448006924e-47 9.501226020157558e-45 776
36.0625 8.620328271877105e-48 5.216400105162099e-45 432
36.7696 4.057941660305156e-48 2.597043997977261e-45 200
37.4767 4.123960019420027e-48 2.532920152059944e-45 168
38.1838 9.170300863823379e-49 7.857608902151469e-46 56
38.8909 7.353955403130345e-50 4.897385413224161e-47 7

0.707107 2.973666403329591e-19 3.195271433362502e-19 18
1.41421 2.554666268429405e-18 3.82920246951977e-18 62
2.12132 2.620850180662723e-18 1.387110508995937e-17 98
2.82843 6.448370207880465e-18 4.838683448740022e-17 210
3.53554 1.213949476871514e-17 1.343262411070194e-16 350
4.24264 1.488839078202598e-17 2.32976769792397e-16 450
4.94975 1.914051973365098e-17 3.983435475482164e-16 602
5.65686 9.228111691042293e-18 3.458831761926701e-16 762
6.36396 1.239825409005391e-47 4.537336252689673e-46 1142
7.07107 1.307169464647843e-47 6.192002648346391e-46 1250
7.77818 1.354138580903848e-47 8.348901365506832e-46 1458
8.48528 1.697159791014519e-47 1.17143959497198e-45 1814
9.19239 2.117264208308375e-47 1.584391093431823e-45 2178
9.8995 2.308549202864738e-47 2.059370228703682e-45 2498
10.6066 2.637293854577092e-47 2.360273595280407e-45 2622
11.3137 3.029988301995583e-47 3.47324893817834e-45 3338
12.0208 3.533503692370702e-47 4.652509631282812e-45 3722
12.7279 4.031351717860347e-47 5.519271770946006e-45 4170
13.435 4.377794395613729e-47 6.570055364360553e-45 4358
14.1421 5.277050188939697e-47 8.54815760845392e-45 5034
14.8492 6.082250949869414e-47 1.056987139464156e-44 5714
15.5564 6.207679845289651e-47 1.211779689587914e-44 5982
16.2635 7.234205318460387e-47 1.360600561296793e-44 6602
16.9706 7.892562574678623e-47 1.735965835032009e-44 7130
17.6777 8.955109830682992e-47 2.01343235400294e-44 8034
18.3848 9.918645726934927e-47 2.335826066672255e-44 8606
19.0919 1.073716481925459e-46 2.813773215353615e-44 9066
19.799 1.251604848180453e-46 3.320806335394845e-44 9962
20.5061 1.307999058752385e-46 3.712570458533735e-44 10550
21.2132 1.468732101112986e-46 4.151527837591528e-44 11226
21.9203 1.622018752849474e-46 4.745390784498702e-44 12146
22.6274 1.682176528039082e-46 5.18227480912082e-44 12303
23.3345 1.661014042058672e-46 5.485427001716429e-44 12584
24.0416 1.664150307099157e-46 5.64444113778316e-44 12120
24.7487 1.589248582248144e-46 5.723624313165253e-44 11180
25.4559 1.583488770373044e-46 5.912432658700866e-44 11096
26.163 1.473271791403646e-46 5.995791402124426e-44 10056
26.8701 1.436309341073346e-46 6.105654345092307e-44 9716
27.5772 1.263515408671521e-46 5.613109061414161e-44 8604
28.2843 1.266401842302125e-46 5.433629710303982e-44 8060
28.9914 1.142752639811071e-46 5.376360221397642e-44 7320
29.6985 1.063808209523301e-46 4.73982766818804e-44 6356
30.4056 8.983868355978007e-47 4.336566580308341e-44 5348
31.1127 7.247610055494601e-47 3.59778071314445e-44 4308
31.8198 5.853127731105689e-47 3.121413491454471e-44 3563
32.5269 4.19652687974359e-47 2.353120259573876e-44 2448
33.234 3.194661857994469e-47 1.857892394380443e-44 1868
33.9411 2.491257897340007e-47 1.342641579175887e-44 1358
34.6482 1.856534003839654e-47 1.144185655180589e-44 1062
35.3554 1.499234316286394e-47 9.149920735942339e-45 776
36.0625 7.666010108411343e-48 4.948200904910145e-45 432
36.7696 3.91353039374759e-48 2.23774590658706e-45 200
37.4767 3.783646475217944e-48 2.131449747349718e-45 168
38.1838 6.543231161838102e-49 6.8157429411501e-46 56
38.8909 7.18016779317757e-50 8.376857711145948e-47 7

0.707107 3.459062950160861e-19 2.267162743386311e-19 18
1.41421 2.160043937988644e-18 3.196256791813185e-18 62
2.12132 2.481330566364852e-18 1.090581649865358e-17 98
2.82843 5.306070626086067e-18 4.361390924208714e-17 210
3.53554 1.010588704282389e-17 1.174750462697752e-16 350
4.24264 1.223091268722407e-17 2.071275149986669e-16 450
4.94975 1.491921387488508e-17 3.754814354355908e-16 602
5.65686 8.849514760197806e-18 2.671886806597921e-16 762
6.36396 1.135759694448995e-47 4.38869723199529e-46 1142
7.07107 1.18451442531428e-47 5.774881439861581e-46 1250
7.77818 1.339839797961046e-47 7.025809200412402e-46 1458
8.48528 1.6738199246581e-47 1.020754589464053e-45 1814
9.19239 1.909601100634119e-47 1.487790233863595e-45 2178
9.8995 2.227494802650275e-47 1.826793236203152e-45 2498
10.6066 2.405742002798639e-47 2.284685266433615e-45 2622
11.3137 2.859454535550633e-47 3.220567727291695e-45 3338
12.0208 3.432616814233292e-47 4.070224382582005e-45 3722
12.7279 3.797508471166765e-47 5.034615782154064e-45 4170
13.435 4.065166276858076e-47 5.981967097762041e-45 4358
14.1421 4.795070032156288e-47 8.026668048317305e-45 5034
14.8492 5.586080030010564e-47 9.913883616054467e-45 5714
15.5564 5.856565264855775e-47 1.118327544578725e-44 5982
16.2635 6.484345014610009e-47 1.306157423977085e-44 6602
16.9706 7.4596190764067e-47 1.590055288653862e-44 7130
17.6777 8.152423395690992e-47 1.908014999824731e-44 8034
18.3848 9.139719010308849e-47 2.166484220656844e-44 8606
19.0919 1.009990783761905e-46 2.559846047577507e-44 9066
19.799 1.159780124318075e-46 3.086708057989495e-44 9962
20.5061 1.249643801647134e-46 3.390347986242864e-44 10550
21.2132 1.342826102662332e-46 3.840966636624631e-44 11226
21.9203 1.491577305735181e-46 4.408918888376785e-44 12146
22.6274 1.569857944342836e-46 4.813542760778959e-44 12303
23.3345 1.549997316474688e-46 5.039476041572164e-44 12584
24.0416 1.516318641146223e-46 5.317640767074405e-44 12120
24.7487 1.454258963578011e-46 5.331302253456466e-44 11180
25.4559 1.483919397239802e-46 5.483671008364599e-44 11096
26.163 1.38910368948583e-46 5.430009218090597e-44 10056
26.8701 1.34899630314561e-46 5.590385457422881e-44 9716
27.5772 1.206094336510832e-46 5.003331525289208e-44 8604
28.2843 1.160802194997626e-46 5.0674189052947e-44 8060
28.9914 1.078431015338167e-46 4.942952384027737e-44 7320
29.6985 1.000433899230239e-46 4.322393603663917e-44 6356
30.4056 8.32488676409953e-47 3.955850674798273e-44 5348
31.1127 6.617178556568614e-47 3.391043712619036e-44 4308
31.8198 5.566299746332195e-47 2.811414399021844e-44 3563
32.5269 3.82164702490712e-47 2.239349805196235e-44 2448
33.234 3.10923996919159e-47 1.673953884348912e-44 1868
33.9411 2.239751335099404e-47 1.294836643920201e-44 1358
34.6482 1.805111244752594e-47 1.00638070824862e-44 1062
35.3554 1.431227347247725e-47 8.693125579032478e-45 776
36.0625 6.743890443173866e-48 4.69796296348653e-45 432
36.7696 3.99673488484969e-48 1.894299393793877e-45 200
37.4767 3.558511239728399e-48 1.894267787740839e-45 168
38.1838 5.637956751663343e-49 6.174878899851527e-46 56
38.8909 3.442614975227559e-50 9.674144402526517e-47 7

0.707107 2.988848934507023e-19 1.891488111280121e-19 18
1.41421 2.179262943088479e-18 2.637485667451422e-18 62
2.12132 2.0024712104761e-18 9.917317371025031e-18 98
2.82843 4.823873056525832e-18 3.549447063281746e-17 210
3.53554 7.844947171174483e-18 1.112751144373738e-16 350
4.24264 1.076864315098506e-17 1.76475506156106e-16 450
4.94975 1.28766382328174e-17 3.249853073621703e-16 602
5.65686 8.456510531834616e-18 2.073232587058754e-16 762
6.36396 1.036422603380141e-47 4.146180598047382e-46 1142
7.07107 1.177199372969531e-47 5.110787415215024e-46 1250
7.77818 1.206632059977231e-47 6.839084754924162e-46 1458
8.48528 1.503164040996192e-47 9.901366847632566e-46 1814
9.19239 1.771670310712444e-47 1.380732889182168e-45 2178
9.8995 1.975948392020979e-47 1.792985706967417e-45 2498
10.6066 2.191177232091776e-47 2.155944142727632e-45 2622
11.3137 2.611114534464488e-47 3.036718677125366e-45 3338
12.0208 3.007468490860008e-47 3.965294141450198e-45 3722
12.7279 3.335433130129952e-47 4.845789169962681e-45 4170
13.435 3.845179200666692e-47 5.472458126185266e-45 4358
14.1421 4.617694629885727e-47 7.189602833648299e-45 5034
14.8492 5.165910509109593e-47 9.076438032579369e-45 5714
15.5564 5.459580516921917e-47 1.037906225169274e-44 5982
16.2635 6.0621872240143e-47 1.22424971197139e-44 6602
16.9706 6.917426149046282e-47 1.472711901379569e-44 7130
17.6777 7.690828904296141e-47 1.767726236918078e-44 8034
18.3848 8.698097748992293e-47 2.024255772299149e-44 8606
19.0919 9.317521293135022e-47 2.395602486878483e-44 9066
19.799 1.097919526514249e-46 2.835499935777578e-44 9962
20.5061 1.159122170224724e-46 3.141588929899474e-44 10550
21.2132 1.251456566499063e-46 3.56388428448038e-44 11226
21.9203 1.40056956605019e-46 4.002294498108579e-44 12146
22.6274 1.450170712747251e-46 4.556134437273106e-44 12303
23.3345 1.459791965238375e-46 4.667527033456809e-44 12584
24.0416 1.439235765443027e-46 4.892479778192792e-44 12120
24.7487 1.363745722894472e-46 4.9790872567759e-44 11180
25.4559 1.374449815892154e-46 5.153854830287385e-44 11096
26.163 1.275754364231156e-46 5.102227840309211e-44 10056
26.8701 1.277082255032299e-46 5.101704457616466e-44 9716
27.5772 1.124025943927211e-46 4.69640806696125e-44 8604
28.2843 1.073646691348421e-46 4.760676297177799e-44 8060
28.9914 9.948319272008746e-47 4.620000117764936e-44 7320
29.6985 9.106735016947792e-47 4.141402131867797e-44 6356
30.4056 7.733784391619218e-47 3.730316081783686e-44 5348
31.1127 6.208962409253332e-47 3.104442645782218e-44 4308
31.8198 5.188952153774868e-47 2.59105709704126e-44 3563
32.5269 3.75775354369336e-47 1.997045372740889e-44 2448
33.234 2.917194244502843e-47 1.581578396938246e-44 1868
33.9411 2.040677108768254e-47 1.185183621569886e-44 1358
34.6482 1.603223003858852e-47 9.732147672629004e-45 1062
35.3554 1.365945449198717e-47 7.857915235191278e-45 776
36.0625 6.877626506219297e-48 4.147394136803826e-45 432
36.7696 3.274189876180347e-48 1.821671568029361e-45 200
37.4767 3.220092655268945e-48 1.825257612394538e-45 168
38.1838 5.451083427246819e-49 5.060944131236808e-46 56
38.8909 5.367061404903023e-50 1.095965209334459e-46 7

0.707107 1.980720462836877e-19 1.902745020261336e-19 18
1.41421 9.806630614294204e-19 3.937540557986065e-18 62
2.12132 1.586071964418048e-18 9.283472220500394e-18 98
2.82843 4.17070150901887e-18 3.141238825567733e-17 210
3.53554 7.693120064037045e-18 8.956189093696142e-17 350
4.24264 9.273111831202787e-18 1.566074994048436e-16 450
4.94975 1.127206896808558e-17 2.827482031861177e-16 602
5.65686 7.385943208843721e-18 1.81383549017383e-16 762
6.36396 9.636135853499367e-48 3.864384215719814e-46 1142
7.07107 1.053257473431096e-47 5.07260751323023e-46 1250
7.77818 1.071706703905242e-47 6.784728941366555e-46 1458
8.48528 1.378717477112385e-47 9.279276984511364e-46 1814
9.19239 1.676371311717982e-47 1.282734498280172e-45 2178
9.8995 1.809173987097631e-47 1.716743099458086e-45 2498
10.6066 2.055363837206883e-47 2.066021411144112e-45 2622
11.3137 2.48986982032186e-47 2.76736228425558e-45 3338
12.0208 2.885151146170497e-47 3.700878247151667e-45 3722
12.7279 3.357407206611787e-47 4.301031630091658e-45 4170
13.435 3.446351022180201e-47 5.342345082209671e-45 4358
14.1421 4.22112802361427e-47 6.896414236005812e-45 5034
14.8492 5.001618768879999e-47 8.255852220894121e-45 5714
15.5564 5.136987124276869e-47 9.77376852953863e-45 5982
16.2635 5.703315443282175e-47 1.162906126242975e-44 6602
16.9706 6.35825203097069e-47 1.410814126055469e-44 7130
17.6777 7.487419400413069e-47 1.579538404236818e-44 8034
18.3848 8.065448946537489e-47 1.905161029849955e-44 8606
19.0919 8.750893165434478e-47 2.253069724663959e-44 9066
19.799 1.034399393939884e-46 2.644283156230051e-44 9962
20.5061 1.069531228008969e-46 2.987869823717248e-44 10550
21.2132 1.181591549799426e-46 3.306490736422987e-44 11226
21.9203 1.300965880405606e-46 3.807223137910971e-44 12146
22.6274 1.351469596245021e-46 4.268570774415626e-44 12303
23.3345 1.349953838166326e-46 4.38502077638274e-44 12584
24.0416 1.316441334030402e-46 4.626911866032507e-44 12120
24.7487 1.264940152203051e-46 4.691185003438704e-44 11180
25.4559 1.306257470186081e-46 4.750209470035781e-44 11096
26.163 1.198099742611718e-46 4.741472599397011e-44 10056
26.8701 1.195753544295343e-46 4.732140459028401e-44 9716
27.5772 1.028886720448611e-46 4.472437064640645e-44 8604
28.2843 1.008087805600475e-46 4.529740530708795e-44 8060
28.9914 9.52006317161112e-47 4.22619716576175e-44 7320
29.6985 8.314973315696419e-47 3.957075414377109e-44 6356
30.4056 7.300832672563944e-47 3.428064385872571e-44 5348
31.1127 5.737321089623429e-47 2.932594403824148e-44 4308
31.8198 4.958080869513754e-47 2.415506300094733e-44 3563
32.5269 3.417344325949612e-47 1.877871859928087e-44 2448
33.234 2.69070752715861e-47 1.497400758927156e-44 1868
33.9411 1.863945074412976e-47 1.177118854821378e-44 1358
34.6482 1.507098693975579e-47 9.018928410081938e-45 1062
35.3554 1.268858541259892e-47 7.342513081222751e-45 776
36.0625 7.055140472998811e-48 3.59531048273763e-45 432
36.7696 2.878907769412667e-48 1.911084651676475e-45 200
37.4767 2.879028514733242e-48 1.835235109331566e-45 168
38.1838 6.52507159573297e-49 4.839275140646994e-46 56
38.8909 6.195380093849598e-50 8.090424362944463e-47 7

0.707107 1.527542673066889e-19 1.759315937208761e-19 18
1.41421 1.415242864355106e-18 2.55109659686315e-18 62
2.12132 1.769862088992246e-18 6.586244170139817e-18 98
2.82843 3.424797261242243e-18 2.973736196413445e-17 210
3.53554 6.378436864976632e-18 8.229831024868644e-17 350
4.24264 8.141847529862559e-18 1.384972459037798e-16 450
4.94975 1.130481617891399e-17 2.169604280798001e-16 602
5.65686 5.897457408574099e-18 1.781205355524443e-16 762
6.36396 9.298818921124943e-48 3.446615763794181e-46 1142
7.07107 1.048366904073553e-47 4.596624926272207e-46 1250
7.77818 1.077486082563969e-47 5.97000617249079e-46 1458
8.48528 1.295185903780664e-47 8.580953702991876e-46 1814
9.19239 1.537163433670814e-47 1.194290089340511e-45 2178
9.8995 1.736606011305346e-47 1.581570273607937e-45 2498
10.6066 2.007019311729081e-47 1.863182794774296e-45 2622
11.3137 2.331391984385727e-47 2.615878577527158e-45 3338
12.0208 2.844106900365669e-47 3.368127412773003e-45 3722
12.7279 3.034110620640446e-47 4.200028935808464e-45 4170
13.435 3.243610604015875e-47 4.91691584156778e-45 4358
14.1421 3.79527909032586e-47 6.56151860320371e-45 5034
14.8492 4.554824684935658e-47 8.014505794672984e-45 5714
15.5564 4.865980018525619e-47 8.989722917730765e-45 5982
16.2635 5.349743122858802e-47 1.078592095952338e-44 6602
16.9706 6.034278971790091e-47 1.317621317771113e-44 7130
17.6777 6.765156428026795e-47 1.549294049428287e-44 8034
18.3848 7.382801409369402e-47 1.836836541878097e-44 8606
19.0919 8.292101535008918e-47 2.07811363353814e-44 9066
19.799 9.764060716418837e-47 2.472316238557092e-44 9962
20.5061 1.009573008319186e-46 2.794996507687038e-44 10550
21.2132 1.10343172583792e-46 3.112587866109902e-44 11226
21.9203 1.236652835981558e-46 3.583803516235794e-44 12146
22.6274 1.283577950977601e-46 3.9184921649533e-44 12303
23.3345 1.277902980898474e-46 4.097032695501682e-44 12584
24.0416 1.260942902432679e-46 4.271804017361783e-44 12120
24.7487 1.184737500580684e-46 4.420733703515978e-44 11180
25.4559 1.212022491101988e-46 4.528051706824872e-44 11096
26.163 1.121651781661791e-46 4.486549993949255e-44 10056
26.8701 1.100333676982351e-46 4.558654772491855e-44 9716
27.5772 9.751178815720848e-47 4.174818533831063e-44 8604
28.2843 9.38868200730192e-47 4.349676576263822e-44 8060
28.9914 8.906745287746099e-47 3.963828709636247e-44 7320
29.6985 7.739304155139191e-47 3.748161543942728e-44 6356
30.4056 6.763631222775864e-47 3.281227931722879e-44 5348
31.1127 5.379895014264696e-47 2.67705447032717e-44 4308
31.8198 4.453552847393256e-47 2.35353479258999e-44 3563
32.5269 3.371768359999586e-47 1.708507646822775e-44 2448
33.234 2.613953779832706e-47 1.360059471911101e-44 1868
33.9411 1.769099179648608e-47 1.075603764262748e-44 1358
34.6482 1.49576318480742e-47 8.464989219633487e-45 1062
35.3554 1.166373888775028e-47 6.961854693287995e-45 776
36.0625 6.829498337879058e-48 3.422037558635894e-45 432
36.7696 2.642583305222039e-48 1.782759662868085e-45 200
37.4767 2.55857779543095e-48 1.667312157217382e-45 168
38.1838 7.499523769485998e-49 4.646646949563168e-46 56
38.8909 1.154979577299795e-49 4.07379775064981e-47 7

0.707107 1.80652573322873e-19 1.342996956276395e-19 18
1.41421 1.348145605775066e-18 2.078849156019271e-18 62
2.12132 1.313716443912714e-18 7.201799669339388e-18 98
2.82843 3.143718157586896e-18 2.580644126902586e-17 210
3.53554 6.095856835335169e-18 6.71602162271169e-17 350
4.24264 7.481000969493166e-18 1.185661081711632e-16 450
4.94975 8.202543209868726e-18 2.367466525420209e-16 602
5.65686 4.674989057929346e-18 1.748154142943897e-16 762
6.36396 8.651133005790402e-48 3.299087592994664e-46 1142
7.07107 9.563654703718544e-48 4.387590981527402e-46 1250
7.77818 9.964394239823578e-48 5.512933224220121e-46 1458
8.48528 1.206495960831822e-47 8.328028697065536e-46 1814
9.19239 1.473585065755274e-47 1.089386257723212e-45 2178
9.8995 1.651949353904423e-47 1.469099474330787e-45 2498
10.6066 1.888496974981668e-47 1.789497273309285e-45 2622
11.3137 2.230926692332715e-47 2.446530624531739e-45 3338
12.0208 2.599787911921933e-47 3.264570762217048e-45 3722
12.7279 2.851692307283768e-47 4.008873279921638e-45 4170
13.435 3.011208752324891e-47 4.667550639650112e-45 4358
14.1421 3.751883897591703e-47 5.926430365718121e-45 5034
14.8492 4.325744086241264e-47 7.401893650983101e-45 5714
15.5564 4.515736544932336e-47 8.548461740054733e-45 5982
16.2635 5.049160806055635e-47 1.029592592325861e-44 6602
16.9706 5.679366037206913e-47 1.233239383134896e-44 7130
17.6777 6.411120382241942e-47 1.455525671565518e-44 8034
18.3848 7.038583032387547e-47 1.690533827044094e-44 8606
19.0919 7.906173997643613e-47 1.935292804931087e-44 9066
19.799 9.069896193383845e-47 2.393998550897916e-44 9962
20.5061 9.588205921827089e-47 2.638081475307358e-44 10550
21.2132 1.036732893861155e-46 2.952928361819583e-44 11226
21.9203 1.157787078118832e-46 3.436651937862206e-44 12146
22.6274 1.19897898323468e-46 3.742911390722268e-44 12303
23.3345 1.208841770888799e-46 3.848278253921447e-44 12584
24.0416 1.167483914858748e-46 4.086572985967552e-44 12120
24.7487 1.110791033425072e-46 4.148858101600652e-44 11180
25.4559 1.134492369392778e-46 4.341648980333931e-44 11096
26.163 1.052542495448084e-46 4.250581687191827e-44 10056
26.8701 1.053412831960077e-46 4.21609213938118e-44 9716
27.5772 9.234132894196221e-47 3.932032059383842e-44 8604
28.2843 9.025257845665849e-47 4.007015322482726e-44 8060
28.9914 8.424810166037153e-47 3.708946792645182e-44 7320
29.6985 7.373198683163066e-47 3.52935696651891e-44 6356
30.4056 6.402636143811447e-47 3.113296979810782e-44 5348
31.1127 4.99084811076829e-47 2.53572296233498e-44 4308
31.8198 4.232241728726129e-47 2.22938090356093e-44 3563
32.5269 3.128470985466094e-47 1.607509971892139e-44 2448
33.234 2.404126552032479e-47 1.288950648433036e-44 1868
33.9411 1.728541980875759e-47 9.922914880303821e-45 1358
34.6482 1.42225127032247e-47 8.071666248221518e-45 1062
35.3554 1.117508690514597e-47 6.597911090861186e-45 776
36.0625 5.812530752716647e-48 3.666036121107041e-45 432
36.7696 2.589926262564597e-48 1.69248644082607e-45 200
37.4767 2.443511555663765e-48 1.454573412974206e-45 168
38.1838 7.209591974501699e-49 3.828555235180525e-46 56
38.8909 1.093714208583407e-49 1.651497976456033e-47 7

0.707107 2.025505663489783e-19 1.016210550884959e-19 18
1.41421 7.289116394748083e-19 2.707325906541219e-18 62
2.12132 1.211586861882967e-18 6.089948919222884e-18 98
2.82843 3.404142960512557e-18 1.799134312792218e-17 210
3.53554 5.305601417054782e-18 6.337348954033757e-17 350
4.24264 6.605590916578434e-18 1.0734540645562e-16 450
4.94975 8.382596287042174e-18 1.86236716315433e-16 602
5.65686 4.09180860185406e-18 1.585709327019927e-16 762
6.36396 7.81789319558873e-48 3.316806901304593e-46 1142
7.07107 8.916617553665696e-48 4.192723896037458e-46 1250
7.77818 8.769312750990427e-48 5.62027916775992e-46 1458
8.48528 1.20639441119469e-47 7.424130017634331e-46 1814
9.19239 1.373910577973407e-47 1.029176291811477e-45 2178
9.8995 1.541952754125649e-47 1.404115087672556e-45 2498
10.6066 1.763543278341491e-47 1.717355964777592e-45 2622
11.3137 2.09285971232597e-47 2.354849855394926e-45 3338
12.0208 2.438462375974566e-47 3.139656716987002e-45 3722
12.7279 2.65569851026366e-47 3.805717411756397e-45 4170
13.435 2.90064617820057e-47 4.362589791002775e-45 4358
14.1421 3.474740990973047e-47 5.797147833602635e-45 5034
14.8492 4.056814855021733e-47 7.071991748410791e-45 5714
15.5564 4.26551052079514e-47 7.997044755765645e-45 5982
16.2635 4.780145480395819e-47 9.745307703237646e-45 6602
16.9706 5.43239867343592e-47 1.155248769678274e-44 7130
17.6777 6.201154973598358e-47 1.357494784121226e-44 8034
18.3848 6.616158380974097e-47 1.620278368441126e-44 8606
19.0919 7.418160444186106e-47 1.867905881839231e-44 9066
19.799 8.561243601578637e-47 2.264557287895666e-44 9962
20.5061 9.304092000502517e-47 2.465686893277071e-44 10550
21.2132 9.876125610360782e-47 2.808171879720416e-44 11226
21.9203 1.100309774176125e-46 3.199399429265411e-44 12146
22.6274 1.152969723773053e-46 3.528062763108815e-44 12303
23.3345 1.131100059373356e-46 3.732652988754951e-44 12584
24.0416 1.119383248281635e-46 3.845401188226308e-44 12120
24.7487 1.078225792912151e-46 3.835651656873423e-44 11180
25.4559 1.087299501522355e-46 4.023564596080329e-44 11096
26.163 1.002963081733661e-46 3.928801053952507e-44 10056
26.8701 9.748906030032063e-47 4.048141884965854e-44 9716
27.5772 8.563130846949682e-47 3.802128611843873e-44 8604
28.2843 8.669106043606214e-47 3.731760098949537e-44 8060
28.9914 7.626587901852906e-47 3.705343330338419e-44 7320
29.6985 7.091166439432045e-47 3.268811883912086e-44 6356
30.4056 5.989362314061692e-47 2.93382784221231e-44 5348
31.1127 4.731593525932981e-47 2.37685060032489e-44 4308
31.8198 4.071281365875418e-47 2.093990822329797e-44 3563
32.5269 2.870657447107812e-47 1.538857045191738e-44 2448
33.234 2.336340687214484e-47 1.224056782992281e-44 1868
33.9411 1.65589728038037e-47 9.199923811990365e-45 1358
34.6482 1.318616443950016e-47 8.047236203380379e-45 1062
35.3554 1.072593539321865e-47 6.179143610755439e-45 776
36.0625 5.57023508808779e-48 3.265766650226799e-45 432
36.7696 2.438783298490655e-48 1.606507004428273e-45 200
37.4767 2.393643313396871e-48 1.3478533306921e-45 168
38.1838 7.073673489238982e-49 3.631914542458287e-46 56
38.8909 9.674751477529524e-50 1.129903657038747e-47 7

0.707107 1.627617689172903e-19 1.039563115414808e-19 18
1.41421 9.175480214730016e-19 2.247417021211079e-18 62
2.12132 1.136542274119675e-18 5.196027488559064e-18 98
2.82843 2.614807461007067e-18 2.023966536208173e-17 210
3.53554 3.866455052650215e-18 6.774038900075288e-17 350
4.24264 5.652748167200448e-18 1.016467002604606e-16 450
4.94975 6.922631788989024e-18 1.827882762621478e-16 602
5.65686 3.962154614233779e-18 1.339810061499748e-16 762
6.36396 7.33531607496084e-48 3.15933492112963e-46 1142
7.07107 8.542131315812611e-48 4.034506949335744e-46 1250
7.77818 8.805703340041567e-48 5.12986812681421e-46 1458
8.48528 1.124489420626025e-47 7.12190827744577e-46 1814
9.19239 1.322686319769366e-47 9.761349589440891e-46 2178
9.8995 1.477211565897223e-47 1.310296554474104e-45 2498
10.6066 1.594666969816608e-47 1.650245460038901e-45 2622
11.3137 1.980753917474032e-47 2.259200113401753e-45 3338
12.0208 2.320927733144303e-47 2.990491673632275e-45 3722
12.7279 2.65619338163921e-47 3.464060057677198e-45 4170
13.435 2.710384542671486e-47 4.229596488862372e-45 4358
14.1421 3.360814272891255e-47 5.443814705028325e-45 5034
14.8492 3.785510093902319e-47 6.810628731892213e-45 5714
15.5564 4.035573372933008e-47 7.604842084777151e-45 5982
16.2635 4.606492815676823e-47 9.185218668840354e-45 6602
16.9706 5.116702883789554e-47 1.100331213077033e-44 7130
17.6777 5.774875474395179e-47 1.327661127418102e-44 8034
18.3848 6.35170875525119e-47 1.536939730474351e-44 8606
19.0919 7.101637928047095e-47 1.755218911766409e-44 9066
19.799 8.001436378775788e-47 2.144734082442075e-44 9962
20.5061 8.566630756708141e-47 2.408228240082224e-44 10550
21.2132 9.369266309083377e-47 2.677157701315372e-44 11226
21.9203 1.029464607558948e-46 3.082158897110713e-44 12146
22.6274 1.095586626867108e-46 3.347022964151742e-44 12303
23.3345 1.082082034009272e-46 3.552925488207829e-44 12584
24.0416 1.093758479115915e-46 3.57319105092063e-44 12120
24.7487 1.007551080851114e-46 3.688935675081412e-44 11180
25.4559 1.006969373476199e-46 3.924075138726262e-44 11096
26.163 9.308277858891119e-47 3.811631590467322e-44 10056
26.8701 9.276934871282097e-47 3.854898533453195e-44 9716
27.5772 8.357784602552e-47 3.514238324866188e-44 8604
28.2843 8.09346103686265e-47 3.586114575348031e-44 8060
28.9914 7.472948162529373e-47 3.408059164983565e-44 7320
29.6985 6.429725688808753e-47 3.23326881458221e-44 6356
30.4056 5.782780543426269e-47 2.769588410093416e-44 5348
31.1127 4.469566961379957e-47 2.248483378886644e-44 4308
31.8198 3.85391907908208e-47 2.016234600653064e-44 3563
32.5269 2.745327235460476e-47 1.471725467897574e-44 2448
33.234 2.12907361034499e-47 1.228090686246491e-44 1868
33.9411 1.502708658503599e-47 9.118224913949947e-45 1358
34.6482 1.322626425789354e-47 7.288721139159007e-45 1062
35.3554 1.040065730452624e-47 5.929121641670272e-45 776
36.0625 4.668873989993925e-48 3.458422859697393e-45 432
36.7696 2.252383252408566e-48 1.576836274445542e-45 200
37.4767 2.24053133031754e-48 1.266599528140492e-45 168
38.1838 6.207889010665527e-49 3.867288731297808e-46 56
38.8909 6.500448561818421e-50 2.225862951789782e-47 7

0.707107 9.797118933968505e-20 1.211851334821205e-19 18
1.41421 5.192478498533407e-19 2.53368973898723e-18 62
2.12132 9.678253034687622e-19 5.059159844867467e-18 98
2.82843 2.426219936600464e-18 1.759452677838979e-17 210
3.53554 4.478129643015014e-18 4.892170455587134e-17 350
4.24264 5.141027988834698e-18 9.138406298147133e-17 450
4.94975 6.446316084269951e-18 1.608829778270282e-16 602
5.65686 3.848501522715217e-18 1.13104186136016e-16 762
6.36396 7.329712233891958e-48 2.867862902818285e-46 1142
7.07107 8.442355649514064e-48 3.664922700781021e-46 1250
7.77818 8.753453014028509e-48 4.569180026594999e-46 1458
8.48528 1.069270729969229e-47 6.784360532073394e-46 1814
9.19239 1.300732221816503e-47 9.006578375777029e-46 2178
9.8995 1.390509537716991e-47 1.264615497961165e-45 2498
10.6066 1.479489629722288e-47 1.602636486851114e-45 2622
11.3137 1.89772791626618e-47 2.14842721674265e-45 3338
12.0208 2.184099058431288e-47 2.919941038280838e-45 3722
12.7279 2.484667547352735e-47 3.369207313837854e-45 4170
13.435 2.614153225625823e-47 3.92837584507251e-45 4358
14.1421 3.185857891713407e-47 5.194807481390955e-45 5034
14.8492 3.565642055242015e-47 6.55039543254082e-45 5714
15.5564 3.924390353837659e-47 7.15205862587767e-45 5982
16.2635 4.319557631444429e-47 8.9147490244358e-45 6602
16.9706 4.792858051067126e-47 1.064454170605838e-44 7130
17.6777 5.543662888001645e-47 1.247950227539959e-44 8034
18.3848 6.164413850117573e-47 1.434567107485761e-44 8606
19.0919 6.655257590981551e-47 1.710405965266764e-44 9066
19.799 7.654855947150547e-47 2.025560234277925e-44 9962
20.5061 8.179155710770167e-47 2.264438851895663e-44 10550
21.2132 8.985044649555521e-47 2.5293305582287e-44 11226
21.9203 9.928486907367547e-47 2.890469992227812e-44 12146
22.6274 1.041737436394601e-46 3.172714771318377e-44 12303
23.3345 1.014312322746797e-46 3.420792736904623e-44 12584
24.0416 1.020479520668368e-46 3.510742547315676e-44 12120
24.7487 9.635630500152266e-47 3.460422637290452e-44 11180
25.4559 9.616466307974296e-47 3.726149498964832e-44 11096
26.163 9.130418060808277e-47 3.525474379989239e-44 10056
26.8701 8.968581235994592e-47 3.552324270837074e-44 9716
27.5772 8.020711845741146e-47 3.346694523395299e-44 8604
28.2843 7.713879911606164e-47 3.440908134287675e-44 8060
28.9914 7.294365279113913e-47 3.205828751915517e-44 7320
29.6985 6.141399812501214e-47 3.042718880495363e-44 6356
30.4056 5.4886759596593e-47 2.659395209700578e-44 5348
31.1127 4.337738185465864e-47 2.120302999180304e-44 4308
31.8198 3.820548215026272e-47 1.851171277975369e-44 3563
32.5269 2.563367061430667e-47 1.457052845007575e-44 2448
33.234 2.032808651088213e-47 1.154149120302465e-44 1868
33.9411 1.476025590928668e-47 8.226619469408159e-45 1358
34.6482 1.273905448037271e-47 6.919162982194485e-45 1062
35.3554 9.640832423453222e-48 5.714497963975413e-45 776
36.0625 4.690840443709019e-48 3.045967021738645e-45 432
36.7696 2.13497038600302e-48 1.518178685661753e-45 200
37.4767 2.095791462392807e-48 1.250593854196422e-45 168
38.1838 6.232079417641945e-49 3.288743937431518e-46 56
38.8909 3.935252439847597e-50 4.082741024303566e-47 7

0.707107 7.53132012858484e-20 1.179746156784886e-19 18
1.41421 6.303359408172937e-19 1.930552320497966e-18 62
2.12132 9.743414088138445e-19 4.241552478335702e-18 98
2.82843 2.286871866856259e-18 1.521250221491904e-17 210
3.53554 3.917189468427856e-18 4.591579644137376e-17 350
4.24264 4.81317156621933e-18 8.051559066733815e-17 450
4.94975 5.659981849562753e-18 1.504206856634047e-16 602
5.65686 3.517905116103445e-18 1.022199737010419e-16 762
6.36396 7.17853940196782e-48 2.655148131254073e-46 1142
7.07107 7.766972407401564e-48 3.689219064840222e-46 1250
7.77818 7.830025713450273e-48 4.687385327533673e-46 1458
8.48528 1.026740957641786e-47 6.575670504839678e-46 1814
9.19239 1.187389390842021e-47 8.87261775665254e-46 2178
9.8995 1.292961481386305e-47 1.246335034764309e-45 2498
10.6066 1.47561688495469e-47 1.459344506414857e-45 2622
11.3137 1.800299807411626e-47 2.092183544840908e-45 3338
12.0208 2.151890181464373e-47 2.659498647462633e-45 3722
12.7279 2.329479131917045e-47 3.268925511624926e-45 4170
13.435 2.548982694329828e-47 3.704828731095797e-45 4358
14.1421 3.025300008563921e-47 5.018061573746296e-45 5034
14.8492 3.489430537131538e-47 6.054809413350694e-45 5714
15.5564 3.634231016290542e-47 6.970924245396361e-45 5982
16.2635 4.125194639612555e-47 8.526354203718526e-45 6602
16.9706 4.571128277762708e-47 1.010139119389716e-44 7130
17.6777 5.270721844346039e-47 1.204151363619309e-44 8034
18.3848 5.706698904244609e-47 1.38928291067321e-44 8606
19.0919 6.45383059778781e-47 1.598366129506685e-44 9066
19.799 7.302871273986788e-47 1.932534974684823e-44 9962
20.5061 7.876693453486312e-47 2.130070760240886e-44 10550
21.2132 8.445965864643011e-47 2.456820295537033e-44 11226
21.9203 9.406635131058513e-47 2.773243290169831e-44 12146
22.6274 9.723620048206615e-47 3.09858090019847e-44 12303
23.3345 9.796899414644552e-47 3.205273887545286e-44 12584
24.0416 9.777636133612201e-47 3.359419782582482e-44 12120
24.7487 9.330696558162308e-47 3.282545506485308e-44 11180
25.4559 9.355690379685911e-47 3.474611972503573e-44 11096
26.163 8.628416681728477e-47 3.428421071463521e-44 10056
26.8701 8.372163008273987e-47 3.466123601598909e-44 9716
27.5772 7.538918359788277e-47 3.242475613299078e-44 8604
28.2843 7.313118166478874e-47 3.326786334772389e-44 8060
28.9914 6.767820506245e-47 3.128181289936787e-44 7320
29.6985 5.957083841962846e-47 2.848920076801689e-44 6356
30.4056 5.286857068120173e-47 2.475109351095685e-44 5348
31.1127 4.063943828181871e-47 2.041318246033846e-44 4308
31.8198 3.449358278262595e-47 1.855081987745889e-44 3563
32.5269 2.500577819301447e-47 1.367885282372972e-44 2448
33.234 2.042117020547433e-47 1.067883186398985e-44 1868
33.9411 1.430807729628759e-47 7.686862568661528e-45 1358
34.6482 1.120401324830355e-47 7.024522772411565e-45 1062
35.3554 8.919821841181019e-48 5.517447257348358e-45 776
36.0625 4.618236553667126e-48 2.642051857703346e-45 432
36.7696 2.41476999791444e-48 1.242041634104326e-45 200
37.4767 2.009836571550051e-48 1.163000618579261e-45 168
38.1838 6.271649641570385e-49 2.932955868610602e-46 56
38.8909 1.45185462932209e-50 4.041894809251983e-47 7

0.707107 1.017104487033118e-19 8.964446108563526e-20 18
1.41421 8.058228476288071e-19 1.397264307968099e-18 62
2.12132 8.255501216623205e-19 4.068827423608437e-18 98
2.82843 1.959821855843088e-18 1.498328078750543e-17 210
3.53554 2.786784206682521e-18 5.203824175314663e-17 350
4.24264 4.379757786549035e-18 7.372642560551384e-17 450
4.94975 5.662519890163181e-18 1.255073354895727e-16 602
5.65686 3.065693638767485e-18 9.767366899620734e-17 762
6.36396 6.742412872775553e-48 2.640938053367751e-46 1142
7.07107 7.405337714718157e-48 3.483414566120516e-46 1250
7.77818 7.452697395309868e-48 4.491787173705669e-46 1458
8.48528 9.965492756818102e-48 6.352502774657168e-46 1814
9.19239 1.116190171985221e-47 8.493110062275817e-46 2178
9.8995 1.270877166938815e-47 1.174785020783945e-45 2498
10.6066 1.397612563517717e-47 1.401903804583287e-45 2622
11.3137 1.793407589703955e-47 1.952664571470534e-45 3338
12.0208 2.051288027918976e-47 2.572718506748754e-45 3722
12.7279 2.266494069351745e-47 3.082182374745611e-45 4170
13.435 2.378274657619732e-47 3.623388998865602e-45 4358
14.1421 2.982073108983909e-47 4.72824484791634e-45 5034
14.8492 3.330710924176264e-47 5.847010432786729e-45 5714
15.5564 3.447407644700442e-47 6.708263385817715e-45 5982
16.2635 4.015750642246118e-47 7.993589082608013e-45 6602
16.9706 4.400198772909054e-47 9.611485342438343e-45 7130
17.6777 5.107137872058498e-47 1.139291227506499e-44 8034
18.3848 5.600359407139015e-47 1.300414381484544e-44 8606
19.0919 6.14789883675727e-47 1.534724423284824e-44 9066
19.799 6.886838266886011e-47 1.86459606812448e-44 9962
20.5061 7.429597225717511e-47 2.048400811709042e-44 10550
21.2132 8.020828579415447e-47 2.37851242229375e-44 11226
21.9203 9.082013007281616e-47 2.626490502379838e-44 12146
22.6274 9.494667348221334e-47 2.882058980336626e-44 12303
23.3345 9.430009730517446e-47 3.067641844592543e-44 12584
24.0416 9.36653345383976e-47 3.211419745427598e-44 12120
24.7487 8.727056975659132e-47 3.200252177005936e-44 11180
25.4559 8.842226120722313e-47 3.355158114148126e-44 11096
26.163 8.155231835592056e-47 3.329557331700439e-44 10056
26.8701 8.15051775731455e-47 3.29651456323932e-44 9716
27.5772 7.351593686097322e-47 3.059405935616798e-44 8604
28.2843 7.039556962793332e-47 3.165777075092379e-44 8060
28.9914 6.379131507831244e-47 3.024104113900697e-44 7320
29.6985 5.669523452312011e-47 2.711882047963177e-44 6356
30.4056 4.942467414649712e-47 2.425591778653623e-44 5348
31.1127 3.949907169874601e-47 1.941587635686674e-44 4308
31.8198 3.412905815810291e-47 1.715525257251437e-44 3563
32.5269 2.347185233526087e-47 1.327609190970036e-44 2448
33.234 1.848281848816267e-47 1.082789065971358e-44 1868
33.9411 1.340645007186894e-47 7.382681898996476e-45 1358
34.6482 1.166347150655727e-47 6.0990544972813e-45 1062
35.3554 8.518631538403133e-48 5.297680191217893e-45 776
36.0625 4.483572599139999e-48 2.395425544457957e-45 432
36.7696 2.280119319932196e-48 1.168170552305819e-45 200
37.4767 1.928976410022757e-48 1.132424291714721e-45 168
38.1838 5.827168401504546e-49 2.793123497328094e-46 56
38.8909 7.127031486742143e-51 3.329691541934384e-47 7

0.707107 1.243285906998178e-19 6.353798870972882e-20 18
1.41421 3.505949458439404e-19 1.94038191903967e-18 62
2.12132 6.755198383017465e-19 4.053661677928945e-18 98
2.82843 1.864458533343426e-18 1.299771268038643e-17 210
3.53554 3.300663963882111e-18 3.896991787532105e-17 350
4.24264 3.861134712091753e-18 7.044069438546709e-17 450
4.94975 4.780627587380716e-18 1.2429698319381e-16 602
5.65686 2.709015970899343e-18 9.252082404230506e-17 762
6.36396 6.631855579077051e-48 2.423974033466519e-46 1142
7.07107 7.094406376406317e-48 3.285634706946477e-46 1250
7.77818 7.626887539726818e-48 4.08828246363855e-46 1458
8.48528 9.326258141779637e-48 6.151986440858125e-46 1814
9.19239 1.047993906833388e-47 8.128121590889873e-46 2178
9.8995 1.234610689330031e-47 1.102946745470561e-45 2498
10.6066 1.327682401870907e-47 1.343828968898761e-45 2622
11.3137 1.737225092144437e-47 1.870201289472036e-45 3338
12.0208 1.905902518175533e-47 2.533798863192382e-45 3722
12.7279 2.257798867815495e-47 2.846667862703565e-45 4170
13.435 2.23105726289287e-47 3.572472660915424e-45 4358
14.1421 2.774813746311509e-47 4.704130381568661e-45 5034
14.8492 3.104650321903328e-47 5.697287989668903e-45 5714
15.5564 3.41657981310988e-47 6.201386610688759e-45 5982
16.2635 3.817205886875584e-47 7.601044409866564e-45 6602
16.9706 4.192472641659781e-47 9.257117953121836e-45 7130
17.6777 4.904569714537215e-47 1.088257824965788e-44 8034
18.3848 5.322514689051138e-47 1.259122854060796e-44 8606
19.0919 5.834501506436942e-47 1.484317084486826e-44 9066
19.799 6.662533076111214e-47 1.771266388837525e-44 9962
20.5061 7.099770628020836e-47 1.966530047387332e-44 10550
21.2132 7.879173621406341e-47 2.221400275903953e-44 11226
21.9203 8.618558840197512e-47 2.554395107276989e-44 12146
22.6274 9.052248011757763e-47 2.806611682241072e-44 12303
23.3345 8.948117926387305e-47 2.960084014944766e-44 12584
24.0416 8.933227445336152e-47 3.08843799609665e-44 12120
24.7487 8.408216667166308e-47 3.042141028257715e-44 11180
25.4559 8.40349535234509e-47 3.239627994816087e-44 11096
26.163 7.843738358502043e-47 3.164448343356317e-44 10056
26.8701 7.787357472248882e-47 3.198250087937062e-44 9716
27.5772 7.016931118928587e-47 2.940313317655378e-44 8604
28.2843 6.872247413583551e-47 2.992634216573913e-44 8060
28.9914 6.332145965378091e-47 2.79110468373195e-44 7320
29.6985 5.535653729006283e-47 2.577832931901358e-44 6356
30.4056 4.795834494467491e-47 2.288315132762851e-44 5348
31.1127 3.709166720874501e-47 1.891998310834414e-44 4308
31.8198 3.278705267180456e-47 1.668643725157488e-44 3563
32.5269 2.287498566485494e-47 1.237491830562345e-44 2448
33.234 1.816639930262205e-47 1.000854869546772e-44 1868
33.9411 1.276707270928328e-47 7.13055393070874e-45 1358
34.6482 1.044305800682852e-47 6.206689759972079e-45 1062
35.3554 8.376208399710685e-48 4.980622934207389e-45 776
36.0625 4.412047972229979e-48 2.237874920251592e-45 432
36.7696 1.979542713585355e-48 1.231086400972499e-45 200
37.4767 1.800664838343333e-48 1.071582493612431e-45 168
38.1838 6.199805831360413e-49 2.703651170527719e-46 56
38.8909 8.868987729121101e-51 2.24926535517657e-47 7

0.707107 1.068213558306197e-19 5.977887267092586e-20 18
1.41421 5.13017006770634e-19 1.516141299189757e-18 62
2.12132 8.090640315665695e-19 2.900888200369575e-18 98
2.82843 1.611252456218566e-18 1.292249355235298e-17 210
3.53554 3.052994090983448e-18 3.426698959798128e-17 350
4.24264 3.406140753051948e-18 6.731468909827904e-17 450
4.94975 4.841223429399394e-18 1.031451861945878e-16 602
5.65686 2.529032986983537e-18 8.393288418418866e-17 762
6.36396 6.140129360662806e-48 2.373608373272474e-46 1142
7.07107 6.663929307398776e-48 3.256620695770298e-46 1250
7.77818 6.942810579503196e-48 4.20690272818343e-46 1458
8.48528 9.564778341918405e-48 5.610388700236048e-46 1814
9.19239 1.061064236884334e-47 7.294177840642457e-46 2178
9.8995 1.173352863531231e-47 1.056626820677635e-45 2498
10.6066 1.261930887899124e-47 1.295927176357995e-45 2622
11.3137 1.592645597152156e-47 1.878469776384407e-45 3338
12.0208 1.907221186796734e-47 2.35329191489388e-45 3722
12.7279 2.058489117653611e-47 2.869533659211276e-45 4170
13.435 2.240879730942179e-47 3.311729683554094e-45 4358
14.1421 2.69733833484351e-47 4.458172791153054e-45 5034
14.8492 3.054040599686312e-47 5.324831273187307e-45 5714
15.5564 3.176654764079666e-47 6.106587915072928e-45 5982
16.2635 3.629726324615241e-47 7.393537323053783e-45 6602
16.9706 4.002719632829423e-47 8.87653774603786e-45 7130
17.6777 4.608087968380599e-47 1.056996113024429e-44 8034
18.3848 4.975308893986015e-47 1.242930631413606e-44 8606
19.0919 5.590600962336052e-47 1.420107164493055e-44 9066
19.799 6.507289776438112e-47 1.673360386806393e-44 9962
20.5061 6.893582466842943e-47 1.885336819124636e-44 10550
21.2132 7.474762343370646e-47 2.142117354618448e-44 11226
21.9203 8.505227163033036e-47 2.392600805927657e-44 12146
22.6274 8.725105393111275e-47 2.683895052841764e-44 12303
23.3345 8.768292082971976e-47 2.756329881081966e-44 12584
24.0416 8.496527917987357e-47 2.999302726290696e-44 12120
24.7487 8.078900611606869e-47 2.927248479450351e-44 11180
25.4559 8.148448658190305e-47 3.05800286070067e-44 11096
26.163 7.473740469828122e-47 3.049665452479188e-44 10056
26.8701 7.501871682727969e-47 3.046085329106618e-44 9716
27.5772 6.752285781664389e-47 2.813915344716167e-44 8604
28.2843 6.690849877740588e-47 2.837971664654795e-44 8060
28.9914 6.059137930987902e-47 2.656500249927762e-44 7320
29.6985 5.238302626590249e-47 2.491256189148264e-44 6356
30.4056 4.453555544911267e-47 2.249564831850097e-44 5348
31.1127 3.581566521034282e-47 1.819583717979182e-44 4308
31.8198 3.105241895576762e-47 1.632032984168723e-44 3563
32.5269 2.268269237230661e-47 1.133010064973985e-44 2448
33.234 1.760317680464908e-47 9.568663004573402e-45 1868
33.9411 1.183280545636327e-47 7.05666711056266e-45 1358
34.6482 9.893283761030149e-48 5.993483776464908e-45 1062
35.3554 8.1654422141698e-48 4.63357862134913e-45 776
36.0625 3.558263942259987e-48 2.549383982581712e-45 432
36.7696 1.803269575755517e-48 1.24918328813304e-45 200
37.4767 1.710621261883659e-48 1.052741114514772e-45 168
38.1838 6.228634326887443e-49 2.333769237458375e-46 56
38.8909 1.603876158655326e-50 1.714325873456713e-47 7

0.707107 7.1327623444325e-20 6.857176190454402e-20 18
1.41421 5.274029482568021e-19 1.223880143638948e-18 62
2.12132 5.949286034118748e-19 3.457651284684557e-18 98
2.82843 1.557063964183198e-18 1.131205270532492e-17 210
3.53554 2.549938793082125e-18 3.546370249226738e-17 350
4.24264 3.384162334601945e-18 5.814077360223573e-17 450
4.94975 4.043988685652006e-18 1.056984112155852e-16 602
5.65686 2.438927031859176e-18 7.430288354843525e-17 762
6.36396 5.443320503030128e-48 2.486524689193792e-46 1142
7.07107 6.382460625218059e-48 3.156265598544437e-46 1250
7.77818 7.026633332274551e-48 3.803596766807078e-46 1458
8.48528 9.239936775075676e-48 5.489447460512688e-46 1814
9.19239 1.018057090765286e-47 7.100120030873194e-46 2178
9.8995 1.124777923006102e-47 1.018092221929662e-45 2498
10.6066 1.202234870663565e-47 1.256888643705791e-45 2622
11.3137 1.497059587673028e-47 1.831560974542567e-45 3338
12.0208 1.775377283391624e-47 2.329426304860929e-45 3722
12.7279 1.960429561624296e-47 2.735926162189668e-45 4170
13.435 2.161724155110883e-47 3.197355747742078e-45 4358
14.1421 2.567604008967328e-47 4.329622459684116e-45 5034
14.8492 2.879445830578274e-47 5.185063108482385e-45 5714
15.5564 3.044401531268006e-47 5.873699025010344e-45 5982
16.2635 3.480430807429532e-47 7.19209946268581e-45 6602
16.9706 3.835440066951863e-47 8.649367254124129e-45 7130
17.6777 4.467261161186236e-47 1.00553092621168e-44 8034
18.3848 4.920322502681586e-47 1.151799890969193e-44 8606
19.0919 5.459890813651848e-47 1.348247180188257e-44 9066
19.799 6.191454498746466e-47 1.626601112337547e-44 9962
20.5061 6.692996734450736e-47 1.803255319745762e-44 10550
21.2132 7.24648173470817e-47 2.048466791593466e-44 11226
21.9203 8.055909014087265e-47 2.348669442278579e-44 12146
22.6274 8.209402598770287e-47 2.634758235719897e-44 12303
23.3345 8.207017950568598e-47 2.71944841562418e-44 12584
24.0416 8.325573631189217e-47 2.854289111237232e-44 12120
24.7487 7.718322013398052e-47 2.814134117609599e-44 11180
25.4559 7.637252927572392e-47 3.005391116143067e-44 11096
26.163 7.312143599746563e-47 2.878845986796553e-44 10056
26.8701 7.189411953857636e-47 2.939177099405295e-44 9716
27.5772 6.474954685650025e-47 2.716479366907619e-44 8604
28.2843 6.304140335266034e-47 2.790935388325332e-44 8060
28.9914 5.643615694806247e-47 2.629416354339444e-44 7320
29.6985 5.277150966782819e-47 2.310143611945128e-44 6356
30.4056 4.382730859239678e-47 2.14089455588934e-44 5348
31.1127 3.47848816751795e-47 1.752423454458241e-44 4308
31.8198 3.036049631757717e-47 1.537323368840124e-44 3563
32.5269 2.029718912938555e-47 1.181446970834676e-44 2448
33.234 1.720038242917554e-47 9.09822634434579e-45 1868
33.9411 1.209329609460632e-47 6.4326832727524e-45 1358
34.6482 1.019708225877223e-47 5.546575949472645e-45 1062
35.3554 7.341488595566607e-48 4.660548877774585e-45 776
36.0625 3.547627141759528e-48 2.392502975832668e-45 432
36.7696 1.712174856911514e-48 1.199853553600084e-45 200
37.4767 1.624876885919352e-48 1.074877676618155e-45 168
38.1838 5.687210401406802e-49 2.291205836991722e-46 56
38.8909 2.922837833850923e-50 5.903227403418313e-48 7

0.707107 5.875368770468377e-20 6.879184666231475e-20 18
1.41421 4.460825415323227e-19 1.081680066406017e-18 62
2.12132 6.132037861563174e-19 2.837874444388616e-18 98
2.82843 1.532032023684182e-18 9.737172363516837e-18 210
3.53554 2.519557357233666e-18 3.16087401460185e-17 350
4.24264 2.830075714025348e-18 5.89557880370129e-17 450
4.94975 4.081891092003111e-18 8.983642669147466e-17 602
5.65686 2.326937551535894e-18 6.672606323547081e-17 762
6.36396 4.985715697848158e-48 2.444623447378515e-46 1142
7.07107 6.135865268893548e-48 2.991881363423212e-46 1250
7.77818 6.304109332590742e-48 3.821670797797266e-46 1458
8.48528 8.85127934882455e-48 5.381106277874172e-46 1814
9.19239 9.350697177476956e-48 7.128492345423012e-46 2178
9.8995 1.088338267642027e-47 9.727505997448258e-46 2498
10.6066 1.209478103448228e-47 1.155850282919474e-45 2622
11.3137 1.577670892195267e-47 1.605026684869014e-45 3338
12.0208 1.807262460745067e-47 2.120434518723379e-45 3722
12.7279 1.87170838615109e-47 2.65938461065312e-45 4170
13.435 2.031434722354474e-47 3.110924566210717e-45 4358
14.1421 2.483173536612102e-47 4.135166717487088e-45 5034
14.8492 2.828403124458765e-47 4.917509422459226e-45 5714
15.5564 2.94856401940274e-47 5.63195855208667e-45 5982
16.2635 3.347230621585171e-47 6.855262457697138e-45 6602
16.9706 3.797292250091809e-47 8.124483727335469e-45 7130
17.6777 4.263807780854445e-47 9.831648098007918e-45 8034
18.3848 4.714585991808035e-47 1.121428039502961e-44 8606
19.0919 5.124078385032919e-47 1.332990705717865e-44 9066
19.799 5.949725887947885e-47 1.57912854633687e-44 9962
20.5061 6.374476689386258e-47 1.751561476318633e-44 10550
21.2132 6.867120925192883e-47 1.999121961329253e-44 11226
21.9203 7.787512761910987e-47 2.261560487530085e-44 12146
22.6274 8.134436875256191e-47 2.485878814663581e-44 12303
23.3345 8.043000592910955e-47 2.551246676436167e-44 12584
24.0416 7.847475103596968e-47 2.805355260707971e-44 12120
24.7487 7.339161094169178e-47 2.721644677646642e-44 11180
25.4559 7.518247336301447e-47 2.844398447963656e-44 11096
26.163 7.158157115327464e-47 2.718150889194723e-44 10056
26.8701 6.836661735392206e-47 2.863599367571624e-44 9716
27.5772 6.262228909198677e-47 2.611846061223916e-44 8604
28.2843 6.162900586706105e-47 2.659756815540129e-44 8060
28.9914 5.366321130435196e-47 2.573885514975955e-44 7320
29.6985 5.006877704649611e-47 2.263723753744567e-44 6356
30.4056 4.280375268743545e-47 2.013452287170742e-44 5348
31.1127 3.36350820159742e-47 1.68848824478401e-44 4308
31.8198 2.883936866772167e-47 1.478101162411438e-44 3563
32.5269 2.038229121560435e-47 1.06536437247458e-44 2448
33.234 1.619030134668533e-47 8.958533581399683e-45 1868
33.9411 1.160767204583448e-47 6.261308810390467e-45 1358
34.6482 9.359587016540316e-48 5.708603728292723e-45 1062
35.3554 7.518857092050474e-48 4.132813296499582e-45 776
36.0625 3.570867253468069e-48 2.142331696003437e-45 432
36.7696 1.658845334058804e-48 1.149086434458049e-45 200
37.4767 1.47513150213486e-48 1.100271579564575e-45 168
38.1838 5.47871117525739e-49 2.20653622450741e-46 56
38.8909 3.451835418662853e-50 8.310201529193088e-48 7

0.707107 7.214103796253362e-20 5.714542360159601e-20 18
1.41421 6.067131673685907e-19 7.234422030936434e-19 62
2.12132 5.475528008876535e-19 2.692402308115764e-18 98
2.82843 1.30103685032428e-18 9.964000332188352e-18 210
3.53554 2.202970911522326e-18 3.002865164967962e-17 350
4.24264 2.713356415945374e-18 5.337939155927375e-17 450
4.94975 3.418051203190721e-18 9.227251895508091e-17 602
5.65686 2.176411530740289e-18 6.149176723763944e-17 762
6.36396 5.333339578287519e-48 2.114238479085739e-46 1142
7.07107 5.690818002392728e-48 2.979767691083102e-46 1250
7.77818 6.532559321372165e-48 3.46028349700816e-46 1458
8.48528 8.350113028646087e-48 5.466322722802218e-46 1814
9.19239 9.157576031285689e-48 6.758602382964915e-46 2178
9.8995 1.042580518403618e-47 9.40484126605836e-46 2498
10.6066 1.106546625341349e-47 1.17291039470202e-45 2622
11.3137 1.425907615060957e-47 1.67877182846426e-45 3338
12.0208 1.713885589859417e-47 2.069041637528231e-45 3722
12.7279 1.843537637540235e-47 2.508405837119117e-45 4170
13.435 1.962160962409431e-47 3.015543284040473e-45 4358
14.1421 2.488216166378145e-47 3.901620294743168e-45 5034
14.8492 2.712704506489129e-47 4.728966212532197e-45 5714
15.5564 2.843627548098952e-47 5.423630514643985e-45 5982
16.2635 3.184095126048757e-47 6.637397125334412e-45 6602
16.9706 3.669143617856005e-47 7.796095344204348e-45 7130
17.6777 4.074827834196765e-47 9.560168497569494e-45 8034
18.3848 4.47426765339664e-47 1.08970282691402e-44 8606
19.0919 4.960364124021815e-47 1.262833847927764e-44 9066
19.799 5.788466283828246e-47 1.501200234329194e-44 9962
20.5061 6.133924942805567e-47 1.693391500141259e-44 10550
21.2132 6.764331896154114e-47 1.898675026400893e-44 11226
21.9203 7.448928290525474e-47 2.196588682275252e-44 12146
22.6274 7.723241276037018e-47 2.416983036347886e-44 12303
23.3345 7.47834576664068e-47 2.560947353737344e-44 12584
24.0416 7.591006030626472e-47 2.697415356431823e-44 12120
24.7487 7.241957004524117e-47 2.561042835719771e-44 11180
25.4559 7.080789241862816e-47 2.801131678003437e-44 11096
26.163 6.663059308876309e-47 2.714757244409572e-44 10056
26.8701 6.784717566311805e-47 2.681435836431807e-44 9716
27.5772 5.969592033976414e-47 2.543138739702443e-44 8604
28.2843 5.875925414869841e-47 2.594491727347647e-44 8060
28.9914 5.319232182711033e-47 2.414610989957095e-44 7320
29.6985 4.679768403966834e-47 2.2641415230995e-44 6356
30.4056 3.983044003152681e-47 2.030560447328534e-44 5348
31.1127 3.218161822091277e-47 1.636793252003506e-44 4308
31.8198 2.810431475942474e-47 1.438212264219849e-44 3563
32.5269 1.893430267444383e-47 1.073242043787917e-44 2448
33.234 1.620456598412898e-47 8.273099603786672e-45 1868
33.9411 1.113759165567641e-47 6.102633401378652e-45 1358
34.6482 9.614733533867907e-48 5.214224657605888e-45 1062
35.3554 7.040581932645614e-48 4.170358817825181e-45 776
36.0625 3.682961086390775e-48 1.876899732149045e-45 432
36.7696 1.640905352548363e-48 1.077747331219426e-45 200
37.4767 1.257286941954287e-48 1.121767339950435e-45 168
38.1838 5.091264992136824e-49 2.551754068993789e-46 56
38.8909 3.606301445708374e-50 9.68249370521241e-48 7

0.707107 7.958777250462635e-20 4.813137574622185e-20 18
1.41421 3.48640290707371e-19 1.039074126458553e-18 62
2.12132 5.055531003532235e-19 2.562377075352595e-18 98
2.82843 1.040352762829651e-18 1.074218610772808e-17 210
3.53554 2.185155207368376e-18 2.666786936736209e-17 350
4.24264 2.49147631829671e-18 5.026205827112084e-17 450
4.94975 3.393351654038072e-18 8.077048498609952e-17 602
5.65686 2.037666424178077e-18 5.68786320327489e-17 762
6.36396 5.396035779071746e-48 1.923803617564329e-46 1142
7.07107 5.952746126019487e-48 2.665184943583371e-46 1250
7.77818 6.033025039366115e-48 3.515776523135782e-46 1458
8.48528 8.134399280891835e-48 5.243903594743986e-46 1814
9.19239 8.672184851972895e-48 6.684451501491962e-46 2178
9.8995 1.034483675086068e-47 8.846062626257385e-46 2498
10.6066 1.155052522131069e-47 1.062341460049293e-45 2622
11.3137 1.408995207999651e-47 1.593903768409323e-45 3338
12.0208 1.611656550026609e-47 2.052448432866994e-45 3722
12.7279 1.767150355471372e-47 2.408162463897904e-45 4170
13.435 1.904020162488472e-47 2.88635522845597e-45 4358
14.1421 2.379534233215298e-47 3.794190038724854e-45 5034
14.8492 2.621958321842286e-47 4.560634835254432e-45 5714
15.5564 2.777884981643421e-47 5.260169531048938e-45 5982
16.2635 3.111396482535212e-47 6.323137175537922e-45 6602
16.9706 3.459615509638642e-47 7.679968863361654e-45 7130
17.6777 4.002860162912474e-47 8.914775019099257e-45 8034
18.3848 4.350168651484157e-47 1.049985799237058e-44 8606
19.0919 4.82239745897849e-47 1.204968941152067e-44 9066
19.799 5.474331651747929e-47 1.469588954763403e-44 9962
20.5061 5.955835023156596e-47 1.629202129239127e-44 10550
21.2132 6.583433481108924e-47 1.809947255184645e-44 11226
21.9203 7.193219169098939e-47 2.126456217964838e-44 12146
22.6274 7.624815551054381e-47 2.272021348099638e-44 12303
23.3345 7.456621365811657e-47 2.389552982446439e-44 12584
24.0416 7.47379197231114e-47 2.554065098695187e-44 12120
24.7487 6.897942637054123e-47 2.507726325843576e-44 11180
25.4559 6.980148981427358e-47 2.665502344131253e-44 11096
26.163 6.395302919027453e-47 2.624318056174353e-44 10056
26.8701 6.367989252864208e-47 2.645456849484035e-44 9716
27.5772 5.772445782671566e-47 2.464142168121304e-44 8604
28.2843 5.635094493389758e-47 2.509234900237695e-44 8060
28.9914 5.169189294709835e-47 2.331046317474403e-44 7320
29.6985 4.557884477708843e-47 2.17703770577143e-44 6356
30.4056 4.051740230930962e-47 1.873520497335635e-44 5348
31.1127 3.182375536658993e-47 1.5535549072289e-44 4308
31.8198 2.69767749613267e-47 1.383310083716392e-44 3563
32.5269 1.917531459673532e-47 9.839274380958678e-45 2448
33.234 1.544593236921588e-47 8.242049013991609e-45 1868
33.9411 1.039529301252753e-47 6.121073956771814e-45 1358
34.6482 8.604379442202703e-48 5.383487734232952e-45 1062
35.3554 6.631212538047162e-48 4.207915724043134e-45 776
36.0625 3.228472999114907e-48 2.018123956941959e-45 432
36.7696 1.587463460961459e-48 1.041802520417809e-45 200
37.4767 1.157915190166681e-48 1.111432090797334e-45 168
38.1838 4.815749754075852e-49 2.427268998031177e-46 56
38.8909 2.778933998032037e-50 1.50637998268371e-47 7

0.707107 6.317961529272294e-20 5.03787017424748e-20 18
1.41421 3.899678931391599e-19 8.366693983026276e-19 62
2.12132 5.155656716873105e-19 2.245999610346176e-18 98
2.82843 1.199408174544692e-18 7.919850349916654e-18 210
3.53554 1.918424326632099e-18 2.649867192200163e-17 350
4.24264 2.211551492701355e-18 4.879316417907073e-17 450
4.94975 3.128414091548131e-18 7.643945214669456e-17 602
5.65686 1.93333638045038e-18 5.208667497769018e-17 762
6.36396 4.94921102317562e-48 1.949242947853312e-46 1142
7.07107 5.834108360260547e-48 2.540484522157478e-46 1250
7.77818 5.609491386886533e-48 3.439844364229705e-46 1458
8.48528 8.014592217275052e-48 4.960704269103133e-46 1814
9.19239 8.131385265817428e-48 6.688448778771543e-46 2178
9.8995 9.794013948749229e-48 8.749233950058006e-46 2498
10.6066 1.03733299092912e-47 1.110649515224668e-45 2622
11.3137 1.385377656608654e-47 1.522922541302541e-45 3338
12.0208 1.535518225274755e-47 2.004644420757487e-45 3722
12.7279 1.699248779448799e-47 2.334071805203414e-45 4170
13.435 1.881022041762446e-47 2.713140419929685e-45 4358
14.1421 2.276316583499838e-47 3.696030119472084e-45 5034
14.8492 2.511918051591893e-47 4.500936431471575e-45 5714
15.5564 2.726195950685945e-47 5.037563491878153e-45 5982
16.2635 3.031420293564038e-47 6.03072782591497e-45 6602
16.9706 3.432601249726877e-47 7.265657860402146e-45 7130
17.6777 3.950928481811197e-47 8.366894820592665e-45 8034
18.3848 4.265744457486306e-47 9.951408134566073e-45 8606
19.0919 4.539455821368347e-47 1.190001833646148e-44 9066
19.799 5.254322128423127e-47 1.417298916531339e-44 9962
20.5061 5.651079571923331e-47 1.592190708039484e-44 10550
21.2132 6.35379903932624e-47 1.774270031392687e-44 11226
21.9203 6.975600756421868e-47 2.048759904857585e-44 12146
22.6274 7.308010693530407e-47 2.235882484891355e-44 12303
23.3345 7.202356354805986e-47 2.30508778900746e-44 12584
24.0416 7.150066010133952e-47 2.501521131393821e-44 12120
24.7487 6.648626090006158e-47 2.418446586540805e-44 11180
25.4559 6.820666867078441e-47 2.537844104693076e-44 11096
26.163 6.194740144037812e-47 2.521968721094417e-44 10056
26.8701 6.161374702960012e-47 2.543965593607802e-44 9716
27.5772 5.532728341511968e-47 2.433197589185613e-44 8604
28.2843 5.415194797792574e-47 2.441241238463594e-44 8060
28.9914 5.016374949821458e-47 2.251782003874758e-44 7320
29.6985 4.408967859566843e-47 2.104973715896862e-44 6356
30.4056 3.938394426627804e-47 1.797414424045668e-44 5348
31.1127 3.021098897048975e-47 1.517137008166471e-44 4308
31.8198 2.601726020740982e-47 1.330485803979627e-44 3563
32.5269 1.817030248808509e-47 9.759857446333336e-45 2448
33.234 1.451379364286265e-47 8.100552412829718e-45 1868
33.9411 1.07109088386166e-47 5.657541177593218e-45 1358
34.6482 8.565463100161337e-48 5.055218774701471e-45 1062
35.3554 6.389600991066351e-48 4.092305481029069e-45 776
36.0625 2.965134232070245e-48 2.105466985654368e-45 432
36.7696 1.450044967722939e-48 1.062996945250622e-45 200
37.4767 1.150557249719496e-48 1.007793905723898e-45 168
38.1838 4.612652688626289e-49 2.387651500217282e-46 56
38.8909 1.991555349142001e-50 1.947881049919427e-47 7

0.707107 4.198024223128915e-20 5.473360836415239e-20 18
1.41421 5.295694080897233e-19 4.647265368564316e-19 62
2.12132 4.461503646628244e-19 2.208672902103462e-18 98
2.82843 9.817610361825693e-19 8.671208399992389e-18 210
3.53554 1.618696716119346e-18 2.662177755130305e-17 350
4.24264 2.253867878550337e-18 4.242316911255439e-17 450
4.94975 2.83466311169782e-18 7.378240499398145e-17 602
5.65686 1.82734478810272e-18 4.810094955647532e-17 762
6.36396 4.789821588013918e-48 1.869618691766193e-46 1142
7.07107 5.307473853799313e-48 2.553069308387881e-46 1250
7.77818 5.791756870193724e-48 3.089671107017069e-46 1458
8.48528 7.86562633815633e-48 4.670259265706189e-46 1814
9.19239 8.227044021368173e-48 6.222733447984153e-46 2178
9.8995 9.1957182377234e-48 8.69931560829908e-46 2498
10.6066 1.030539180292621e-47 1.051728603711597e-45 2622
11.3137 1.364425803697308e-47 1.460829215834785e-45 3338
12.0208 1.525956357250444e-47 1.89168708143394e-45 3722
12.7279 1.664670401098965e-47 2.231278181945558e-45 4170
13.435 1.773599354285894e-47 2.682346327084639e-45 4358
14.1421 2.21195406546626e-47 3.533989226572364e-45 5034
14.8492 2.48092589439913e-47 4.261270198250878e-45 5714
15.5564 2.649261696329024e-47 4.852417230560313e-45 5982
16.2635 2.880004290712822e-47 5.975395172666142e-45 6602
16.9706 3.291870400649578e-47 7.06658446048676e-45 7130
17.6777 3.696889073293225e-47 8.424568395591353e-45 8034
18.3848 4.132736332341235e-47 9.651726305868762e-45 8606
19.0919 4.491068249556271e-47 1.116359655653035e-44 9066
19.799 5.154252549952307e-47 1.356437850530426e-44 9962
20.5061 5.595701334539676e-47 1.503502379415624e-44 10550
21.2132 6.056614519298558e-47 1.746255442067689e-44 11226
21.9203 6.687215966743808e-47 1.990821447443418e-44 12146
22.6274 7.004661256263224e-47 2.18284949312432e-44 12303
23.3345 7.057129337989699e-47 2.229644633068795e-44 12584
24.0416 7.044129318466566e-47 2.360957918269732e-44 12120
24.7487 6.41771655715563e-47 2.333223128756854e-44 11180
25.4559 6.597981760542248e-47 2.475585150678687e-44 11096
26.163 6.029073192078768e-47 2.418987512125722e-44 10056
26.8701 5.99551665110578e-47 2.431559720743695e-44 9716
27.5772 5.338338702394958e-47 2.357951830190653e-44 8604
28.2843 5.40851958131751e-47 2.301122831772692e-44 8060
28.9914 4.75428919884638e-47 2.230880425720704e-44 7320
29.6985 4.299285498143488e-47 2.039012451241153e-44 6356
30.4056 3.722785205471945e-47 1.778746498713367e-44 5348
31.1127 2.883086967661731e-47 1.477446517807262e-44 4308
31.8198 2.455358323675555e-47 1.337382865054499e-44 3563
32.5269 1.734978891163783e-47 9.42133096236841e-45 2448
33.234 1.376949685802191e-47 8.101457350909653e-45 1868
33.9411 9.802539772385225e-48 5.877023085036185e-45 1358
34.6482 8.792243714750217e-48 4.638938578480766e-45 1062
35.3554 6.698939604051352e-48 3.513286645506841e-45 776
36.0625 3.332534998994458e-48 1.724836464246571e-45 432
36.7696 1.37306786196363e-48 1.040369786136937e-45 200
37.4767 1.178517427723762e-48 9.861847260800033e-46 168
38.1838 3.849420393206828e-49 2.266274014874804e-46 56
38.8909 1.381163227416946e-50 1.759695256331692e-47 7

0.707107 4.150650621445905e-20 4.898001346542257e-20 18
1.41421 3.47628897398847e-19 6.42525417278188e-19 62
2.12132 3.76123462870471e-19 2.243385590605921e-18 98
2.82843 9.079360805091125e-19 8.156859220429779e-18 210
3.53554 1.77958948677229e-18 2.217905428028027e-17 350
4.24264 2.093298094431699e-18 4.005379156363896e-17 450
4.94975 2.632768958989112e-18 6.93468682285271e-17 602
5.65686 1.685777795968796e-18 4.587675356157264e-17 762
6.36396 4.507873594146461e-48 1.818975860345445e-46 1142
7.07107 5.134480205937597e-48 2.481334902908652e-46 1250
7.77818 5.356525134384754e-48 3.106109693031968e-46 1458
8.48528 7.218785027136762e-48 4.709702630894141e-46 1814
9.19239 7.911900459851397e-48 6.106446963191856e-46 2178
9.8995 9.271863020356118e-48 8.186744364545529e-46 2498
10.6066 1.006882119442372e-47 1.013143218148806e-45 2622
11.3137 1.261099017881582e-47 1.491459709423544e-45 3338
12.0208 1.502913965846434e-47 1.825742546139183e-45 3722
12.7279 1.586719097574385e-47 2.18786533172014e-45 4170
13.435 1.73263445287519e-47 2.572505025821879e-45 4358
14.1421 2.131445773985265e-47 3.462863054941905e-45 5034
14.8492 2.358248936854586e-47 4.22201646696286e-45 5714
15.5564 2.520862080529067e-47 4.746731685011272e-45 5982
16.2635 2.821189269502135e-47 5.730435634562957e-45 6602
16.9706 3.178495484950559e-47 6.897239550883664e-45 7130
17.6777 3.627134180020371e-47 8.03883989575194e-45 8034
18.3848 3.922187816532054e-47 9.657540557897905e-45 8606
19.0919 4.347599776862913e-47 1.084998980797748e-44 9066
19.799 4.990663835776568e-47 1.310970689731809e-44 9962
20.5061 5.438596221013778e-47 1.455907993615545e-44 10550
21.2132 5.881031889229298e-47 1.68053826301544e-44 11226
21.9203 6.512840792831249e-47 1.923442810520499e-44 12146
22.6274 6.806622273614252e-47 2.109928774555604e-44 12303
23.3345 6.669407968197203e-47 2.219723999032946e-44 12584
24.0416 6.789605050374736e-47 2.313219226513922e-44 12120
24.7487 6.277222657598875e-47 2.252391919843671e-44 11180
25.4559 6.314728589125847e-47 2.436171110130495e-44 11096
26.163 5.948155102084109e-47 2.296990039203219e-44 10056
26.8701 5.627583697261998e-47 2.405975533294753e-44 9716
27.5772 5.180467501599608e-47 2.264644407942272e-44 8604
28.2843 5.156718514746861e-47 2.252832608572219e-44 8060
28.9914 4.643680452241134e-47 2.132439294919078e-44 7320
29.6985 4.091575534258406e-47 1.991331090042778e-44 6356
30.4056 3.555415070684961e-47 1.750093472948215e-44 5348
31.1127 2.871013716129931e-47 1.420568717943801e-44 4308
31.8198 2.473093400018805e-47 1.238141448505158e-44 3563
32.5269 1.769692109279817e-47 8.583175345355257e-45 2448
33.234 1.398378877272319e-47 7.506361833533455e-45 1868
33.9411 9.938709524658487e-48 5.37887712858216e-45 1358
34.6482 7.648887350804795e-48 5.061047308026064e-45 1062
35.3554 6.26494580370259e-48 3.530641324978005e-45 776
36.0625 3.003613344475049e-48 1.85502194450937e-45 432
36.7696 1.483207962617489e-48 9.244552238143881e-46 200
37.4767 1.196481171212806e-48 9.073147670841816e-46 168
38.1838 3.34105958676282e-49 2.381334843835135e-46 56
38.8909 9.363595590992003e-51 1.816593101950655e-47 7

0.707107 5.751885523469208e-20 3.570575204849618e-20 18
1.41421 3.981510188638573e-19 5.57066640522119e-19 62
2.12132 4.57142044610974e-19 1.641654754829392e-18 98
2.82843 8.577121936716608e-19 7.632366434573499e-18 210
3.53554 1.577811167614414e-18 2.145231091821589e-17 350
4.24264 1.856436238956252e-18 3.958611969771956e-17 450
4.94975 2.642665998088663e-18 6.084971725450114e-17 602
5.65686 1.532825230726065e-18 4.460194965627682e-17 762
6.36396 4.206052514315955e-48 1.814662918654444e-46 1142
7.07107 4.823430781205362e-48 2.469592422393704e-46 1250
7.77818 5.082248425405103e-48 3.06946691961666e-46 1458
8.48528 6.841928438880053e-48 4.751443640097822e-46 1814
9.19239 7.630242174950378e-48 6.012419546479428e-46 2178
9.8995 8.914916780888463e-48 7.854983373728977e-46 2498
10.6066 9.866031491007615e-48 9.661367420062276e-46 2622
11.3137 1.254458300770438e-47 1.426818817925876e-45 3338
12.0208 1.422393100199288e-47 1.815728660978303e-45 3722
12.7279 1.539173919464827e-47 2.14853375356194e-45 4170
13.435 1.651566530951915e-47 2.534750086743689e-45 4358
14.1421 2.026901156653092e-47 3.416927243422392e-45 5034
14.8492 2.272562553549541e-47 4.069416877426071e-45 5714
15.5564 2.524450770108248e-47 4.496613848598237e-45 5982
16.2635 2.741635986056034e-47 5.582278117111092e-45 6602
16.9706 3.112099776477331e-47 6.645411675101982e-45 7130
17.6777 3.412929327995098e-47 7.932407375026969e-45 8034
18.3848 3.859041952972597e-47 9.291230964808231e-45 8606
19.0919 4.210247036913783e-47 1.060954581180705e-44 9066
19.799 4.872095277301404e-47 1.2592957165728e-44 9962
20.5061 5.199327393305314e-47 1.431316481878256e-44 10550
21.2132 5.62996395191676e-47 1.637027766936992e-44 11226
21.9203 6.259893540741715e-47 1.874372042172884e-44 12146
22.6274 6.458449475040032e-47 2.071850147480368e-44 12303
23.3345 6.520411637152303e-47 2.165208599408123e-44 12584
24.0416 6.49188233108229e-47 2.266985998695775e-44 12120
24.7487 6.106734613917874e-47 2.169680357505088e-44 11180
25.4559 6.099878908842285e-47 2.365437222551274e-44 11096
26.163 5.662415141624156e-47 2.275867494438171e-44 10056
26.8701 5.465386110139144e-47 2.317509458923727e-44 9716
27.5772 5.093024348984363e-47 2.159511536103125e-44 8604
28.2843 4.960262669965649e-47 2.208528740364507e-44 8060
28.9914 4.475185282710124e-47 2.080785491216803e-44 7320
29.6985 4.027613413114901e-47 1.905102033715141e-44 6356
30.4056 3.39196486514985e-47 1.714972434249283e-44 5348
31.1127 2.752345985474372e-47 1.393161067271748e-44 4308
31.8198 2.420156360305134e-47 1.199712926023681e-44 3563
32.5269 1.596092237803675e-47 9.02849892658547e-45 2448
33.234 1.313432018406577e-47 7.481154435516946e-45 1868
33.9411 9.414071567038764e-48 5.27589313361428e-45 1358
34.6482 8.437083226199363e-48 4.185728221190289e-45 1062
35.3554 5.583967484191781e-48 3.718087564985512e-45 776
36.0625 2.995903539252992e-48 1.778475560114574e-45 432
36.7696 1.522607726973923e-48 8.020502835586905e-46 200
37.4767 1.192876645165737e-48 8.987616711931023e-46 168
38.1838 3.068951689330742e-49 2.492738114991044e-46 56
38.8909 9.877567947522681e-51 1.509750963235845e-47 7

0.707107 6.383443867193554e-20 2.842227417426918e-20 18
1.41421 3.047994944159173e-19 6.690456109613315e-19 62
2.12132 3.379347988871319e-19 2.020398614668166e-18 98
2.82843 8.09388137130677e-19 7.190906814683152e-18 210
3.53554 1.502977530381375e-18 1.994866006236343e-17 350
4.24264 1.794069682770564e-18 3.647684187489405e-17 450
4.94975 2.621450084450393e-18 5.411297991795578e-17 602
5.65686 1.426955320026284e-18 4.244109225304123e-17 762
6.36396 4.157011958799794e-48 1.725810807387837e-46 1142
7.07107 4.775127758442179e-48 2.345477670934945e-46 1250
7.77818 5.076195423689898e-48 2.890613605970442e-46 1458
8.48528 6.636935014889495e-48 4.61564247672175e-46 1814
9.19239 7.555494600977272e-48 5.697456655388462e-46 2178
9.8995 8.496043533475986e-48 7.820858377753773e-46 2498
10.6066 9.354505446344365e-48 9.452663898698365e-46 2622
11.3137 1.238953336333771e-47 1.354969619160091e-45 3338
12.0208 1.390994311326764e-47 1.752786681239265e-45 3722
12.7279 1.512763263908124e-47 2.0461310251173e-45 4170
13.435 1.577527038909899e-47 2.51009902455921e-45 4358
14.1421 2.019930520433377e-47 3.218614144144781e-45 5034
14.8492 2.244250772997585e-47 3.868956609116003e-45 5714
15.5564 2.309496498599578e-47 4.634587891411114e-45 5982
16.2635 2.643451077890208e-47 5.458133941871154e-45 6602
16.9706 3.020457966370907e-47 6.40983665882432e-45 7130
17.6777 3.342396539066605e-47 7.562159544375397e-45 8034
18.3848 3.78496880626755e-47 9.002774261775377e-45 8606
19.0919 4.02148241541847e-47 1.039883050008026e-44 9066
19.799 4.639258468442915e-47 1.234814954063378e-44 9962
20.5061 5.028221211011781e-47 1.392740039670341e-44 10550
21.2132 5.504122378868903e-47 1.575451632946427e-44 11226
21.9203 6.228428893357086e-47 1.781989394010796e-44 12146
22.6274 6.331730466155792e-47 1.997353992419547e-44 12303
23.3345 6.321867557801895e-47 2.10120991358766e-44 12584
24.0416 6.339999895143863e-47 2.195808226655104e-44 12120
24.7487 5.851168470892176e-47 2.11928369943651e-44 11180
25.4559 6.033162307639877e-47 2.252719286625295e-44 11096
26.163 5.552830890297692e-47 2.195845364194147e-44 10056
26.8701 5.341174577683951e-47 2.225117257979143e-44 9716
27.5772 4.986838355553916e-47 2.099225934291925e-44 8604
28.2843 4.814366255470715e-47 2.138867994030574e-44 8060
28.9914 4.391565314881137e-47 1.981869650014652e-44 7320
29.6985 3.91600249733925e-47 1.852980622443976e-44 6356
30.4056 3.386780551048389e-47 1.607536775756106e-44 5348
31.1127 2.699674182088533e-47 1.338077668554621e-44 4308
31.8198 2.332365817127376e-47 1.164204081007714e-44 3563
32.5269 1.627103080770047e-47 8.270579374780732e-45 2448
33.234 1.287184558386906e-47 7.144087335804035e-45 1868
33.9411 8.762709136263426e-48 5.421552754915746e-45 1358
34.6482 7.398893881761891e-48 4.519522754430343e-45 1062
35.3554 5.924920691467757e-48 3.277811851844039e-45 776
36.0625 2.756780836409435e-48 1.780586096416159e-45 432
36.7696 1.484400671382685e-48 8.301698449267929e-46 200
37.4767 1.200571580572525e-48 8.213866083476474e-46 168
38.1838 3.365321840396094e-49 2.365000350975301e-46 56
38.8909 1.225366541708953e-50 1.313335335230084e-47 7

0.707107 4.920638973320298e-20 3.288881222485298e-20 18
1.41421 2.467134734084976e-19 6.686121396492342e-19 62
2.12132 3.735521792749608e-19 1.615291062637468e-18 98
2.82843 7.94052214072896e-19 6.47785446343965e-18 210
3.53554 1.517925654565424e-18 1.816315759520697e-17 350
4.24264 1.667376154441772e-18 3.481879199331783e-17 450
4.94975 2.223927420210517e-18 5.69818527187041e-17 602
5.65686 1.388227922826708e-18 3.871962701418637e-17 762
6.36396 4.115972347367391e-48 1.609857417280774e-46 1142
7.07107 4.746109815712427e-48 2.138604655440821e-46 1250
7.77818 4.885992554986759e-48 2.823825803856516e-46 1458
8.48528 6.58351119427472e-48 4.355011525641358e-46 1814
9.19239 7.677575358628776e-48 5.370966117167599e-46 2178
9.8995 8.551143199840866e-48 7.422909887239973e-46 2498
10.6066 9.100420846401555e-48 9.081123015609466e-46 2622
11.3137 1.177162548423168e-47 1.360268194295192e-45 3338
12.0208 1.326974767093112e-47 1.712354042745667e-45 3722
12.7279 1.461814994825788e-47 2.003455818194218e-45 4170
13.435 1.564307831746417e-47 2.369247333858863e-45 4358
14.1421 1.861253780889331e-47 3.247615173377521e-45 5034
14.8492 2.185934548566621e-47 3.761281699097259e-45 5714
15.5564 2.318548667233501e-47 4.340204026709132e-45 5982
16.2635 2.602602303804372e-47 5.203045819843909e-45 6602
16.9706 2.891615272296969e-47 6.249438018166238e-45 7130
17.6777 3.272168053547402e-47 7.276041541936717e-45 8034
18.3848 3.712838593683923e-47 8.670332613292893e-45 8606
19.0919 4.010180587437447e-47 9.812026221599567e-45 9066
19.799 4.490241607488319e-47 1.202706963706914e-44 9962
20.5061 4.861840508819962e-47 1.360963948186024e-44 10550
21.2132 5.355274230403047e-47 1.527216225152319e-44 11226
21.9203 5.9607726570445e-47 1.758938200774515e-44 12146
22.6274 6.26629784754356e-47 1.915785135448611e-44 12303
23.3345 6.168380280891026e-47 2.042150502982451e-44 12584
24.0416 6.223367625774291e-47 2.103521921233687e-44 12120
24.7487 5.658414949359555e-47 2.083947807882874e-44 11180
25.4559 5.887555097394195e-47 2.186648033949965e-44 11096
26.163 5.308066400334072e-47 2.14680892633578e-44 10056
26.8701 5.194967975386998e-47 2.13705647172967e-44 9716
27.5772 4.711324991800663e-47 2.077165309348282e-44 8604
28.2843 4.752106898542822e-47 2.032231451612721e-44 8060
28.9914 4.271007731929706e-47 1.941752861211217e-44 7320
29.6985 3.876937508353563e-47 1.78555815780746e-44 6356
30.4056 3.187567946808723e-47 1.612321920980767e-44 5348
31.1127 2.655062256137467e-47 1.303078747219372e-44 4308
31.8198 2.180994062558072e-47 1.173892899330189e-44 3563
32.5269 1.522492845741753e-47 8.335039388862378e-45 2448
33.234 1.258708216319217e-47 6.777500850664467e-45 1868
33.9411 8.950583492352491e-48 5.077051960344765e-45 1358
34.6482 7.302037326689351e-48 4.251222896408796e-45 1062
35.3554 5.555657354175213e-48 3.309144898410259e-45 776
36.0625 2.588515556926198e-48 1.727465687770067e-45 432
36.7696 1.355431954272832e-48 8.073737031246703e-46 200
37.4767 1.223175018983824e-48 7.820783838737594e-46 168
38.1838 3.145307506316111e-49 2.223708992871038e-46 56
38.8909 1.402256827883616e-50 1.257674275476284e-47 7

0.707107 3.080642451429689e-20 4.009278779335867e-20 18
1.41421 3.80110369355154e-19 3.961052515936842e-19 62
2.12132 3.148594958872612e-19 1.66843326853153e-18 98
2.82843 6.806071624626769e-19 6.69209192466636e-18 210
3.53554 1.292548024155759e-18 1.831603472651442e-17 350
4.24264 1.519373979544594e-18 3.373917554675712e-17 450
4.94975 2.075599005303429e-18 5.442223678459794e-17 602
5.65686 1.369866104433001e-18 3.478683576846934e-17 762
6.36396 4.072892265209934e-48 1.538898338680096e-46 1142
7.07107 4.464850444926734e-48 2.120926856123298e-46 1250
7.77818 4.678055588519379e-48 2.694151333640016e-46 1458
8.48528 6.516076747751156e-48 4.188428916272925e-46 1814
9.19239 7.651249486771794e-48 5.072504303167825e-46 2178
9.8995 8.253505611479551e-48 7.210687822525154e-46 2498
10.6066 8.784363234824822e-48 9.017196355007602e-46 2622
11.3137 1.172584855045292e-47 1.276673624119504e-45 3338
12.0208 1.345295791704968e-47 1.581366604264876e-45 3722
12.7279 1.38777036847565e-47 1.990060066859429e-45 4170
13.435 1.559172514088745e-47 2.238788267892428e-45 4358
14.1421 1.867286655133081e-47 3.077862486307799e-45 5034
14.8492 2.115531368576645e-47 3.681675292175941e-45 5714
15.5564 2.198068036957891e-47 4.30374120876277e-45 5982
16.2635 2.509696350596377e-47 5.140776276068198e-45 6602
16.9706 2.770618940577111e-47 6.164154118006207e-45 7130
17.6777 3.097882441971928e-47 7.219875827736226e-45 8034
18.3848 3.542962445500658e-47 8.609929167818176e-45 8606
19.0919 3.890387957089775e-47 9.476081711660143e-45 9066
19.799 4.408148763767009e-47 1.160687534313622e-44 9962
20.5061 4.822342383882873e-47 1.298374370251122e-44 10550
21.2132 5.21131640820366e-47 1.475521910978209e-44 11226
21.9203 5.818161090108662e-47 1.704283963977528e-44 12146
22.6274 6.106779355481797e-47 1.863568712198147e-44 12303
23.3345 6.100941166473769e-47 1.93385689468148e-44 12584
24.0416 5.903190018248656e-47 2.095992708758699e-44 12120
24.7487 5.446160084717185e-47 2.057784382160903e-44 11180
25.4559 5.668600973803617e-47 2.155088531207072e-44 11096
26.163 5.186770846615478e-47 2.08943372214642e-44 10056
26.8701 5.069386656831573e-47 2.068858721113554e-44 9716
27.5772 4.753880119020178e-47 1.946954958316752e-44 8604
28.2843 4.633110203763943e-47 1.975211794113763e-44 8060
28.9914 4.230638952216542e-47 1.871666014034464e-44 7320
29.6985 3.843615554407579e-47 1.734632404442111e-44 6356
30.4056 3.099558512025874e-47 1.567628349250784e-44 5348
31.1127 2.606398556562048e-47 1.26173516751652e-44 4308
31.8198 2.155292105902305e-47 1.138343875649534e-44 3563
32.5269 1.47281249924738e-47 8.25725231732333e-45 2448
33.234 1.244538830221627e-47 6.502949244164645e-45 1868
33.9411 8.548442078684509e-48 5.143828018886869e-45 1358
34.6482 7.113275598835826e-48 4.131838442697867e-45 1062
35.3554 5.522611721306868e-48 3.073287081100719e-45 776
36.0625 2.663108672969335e-48 1.663011161209694e-45 432
36.7696 1.371692127670311e-48 7.559966783593176e-46 200
37.4767 1.206517637007767e-48 7.170343116408885e-46 168
38.1838 3.168858336607141e-49 2.240782576124213e-46 56
38.8909 1.334274228663669e-50 8.35221901240314e-48 7

0.707107 2.872211672560121e-20 3.914093904042683e-20 18
1.41421 2.122615445623861e-19 6.38133674442068e-19 62
2.12132 3.13836137564175e-19 1.523502829311924e-18 98
2.82843 6.131482407943765e-19 6.557101311808926e-18 210
3.53554 1.418850864705366e-18 1.485622186047832e-17 350
4.24264 1.560737644288744e-18 2.975281739255332e-17 450
4.94975 2.118470930652896e-18 4.781843799351126e-17 602
5.65686 1.308129151526798e-18 3.251445374050827e-17 762
6.36396 4.181674743216208e-48 1.430772996534271e-46 1142
7.07107 4.404936407517031e-48 1.984719275239505e-46 1250
7.77818 4.605262465632432e-48 2.615354748769125e-46 1458
8.48528 6.245168064396663e-48 4.116528092107892e-46 1814
9.19239 6.830936005056754e-48 5.421688162488418e-46 2178
9.8995 7.651619774295254e-48 7.259407091019927e-46 2498
10.6066 8.951043572761203e-48 8.414555608828485e-46 2622
11.3137 1.12847568198408e-47 1.264994534559104e-45 3338
12.0208 1.264187000042471e-47 1.594091365532436e-45 3722
12.7279 1.401154196066074e-47 1.881737312486112e-45 4170
13.435 1.458905066133703e-47 2.270269537816012e-45 4358
14.1421 1.827763838788911e-47 2.981304200788759e-45 5034
14.8492 2.090200064716472e-47 3.502535601471246e-45 5714
15.5564 2.164448462629933e-47 4.182371436788218e-45 5982
16.2635 2.45325985459268e-47 4.931755228032783e-45 6602
16.9706 2.703458755914235e-47 5.891031478809743e-45 7130
17.6777 3.017927665358531e-47 7.038831425320029e-45 8034
18.3848 3.503017518234491e-47 8.225632705277729e-45 8606
19.0919 3.75690287645421e-47 9.316094988412718e-45 9066
19.799 4.278819872208454e-47 1.133566403844854e-44 9962
20.5061 4.602071990430236e-47 1.275713919642243e-44 10550
21.2132 5.061142758414269e-47 1.432310064944305e-44 11226
21.9203 5.638813740197693e-47 1.671798626249985e-44 12146
22.6274 5.882074026921154e-47 1.826281870283318e-44 12303
23.3345 5.948708092162888e-47 1.883340743832397e-44 12584
24.0416 5.867491151047496e-47 1.990764958192475e-44 12120
24.7487 5.392923923340021e-47 1.957612374147916e-44 11180
25.4559 5.494981463001395e-47 2.100620540579893e-44 11096
26.163 5.199464982651665e-47 1.97327242736425e-44 10056
26.8701 4.951801285007767e-47 1.99785146227762e-44 9716
27.5772 4.492636513040955e-47 1.951104068029797e-44 8604
28.2843 4.395083305269151e-47 1.966092689189039e-44 8060
28.9914 4.049061550702997e-47 1.854595572944638e-44 7320
29.6985 3.680130425063709e-47 1.720571681196122e-44 6356
30.4056 3.140656263158303e-47 1.460976251603393e-44 5348
31.1127 2.500679747281461e-47 1.246064602427134e-44 4308
31.8198 2.120735808670524e-47 1.103375119399907e-44 3563
32.5269 1.460494693885999e-47 7.860167640517269e-45 2448
33.234 1.10317914596311e-47 6.814422324780441e-45 1868
33.9411 8.719698863619096e-48 4.710601401997263e-45 1358
34.6482 7.077847566291581e-48 3.920440531382429e-45 1062
35.3554 5.086083180961512e-48 3.193674675226167e-45 776
36.0625 2.715015563237374e-48 1.535186350009781e-45 432
36.7696 1.447915183559959e-48 6.742539023757633e-46 200
37.4767 1.181477202320601e-48 6.653922881523737e-46 168
38.1838 3.42167637097823e-49 2.133781312018136e-46 56
38.8909 1.261576698669072e-50 8.118223893070101e-48 7

0.707107 3.956824179293204e-20 3.104527443290056e-20 18
1.41421 1.86116295370239e-19 6.835925595190867e-19 62
2.12132 3.167483591902363e-19 1.395198607974521e-18 98
2.82843 6.662983095964355e-19 5.494016644276394e-18 210
3.53554 1.264488462402202e-18 1.542799901105218e-17 350
4.24264 1.424982842813072e-18 2.892613261945457e-17 450
4.94975 1.943167487284859e-18 4.672452413675933e-17 602
5.65686 1.190059836436405e-18 3.22477566129769e-17 762
6.36396 3.922083410611383e-48 1.442739844208155e-46 1142
7.07107 4.201432445549192e-48 1.92915777846099e-46 1250
7.77818 4.391169846733905e-48 2.651463854375897e-46 1458
8.48528 5.985693005120109e-48 4.151962797787186e-46 1814
9.19239 6.730117367168257e-48 5.184913848484148e-46 2178
9.8995 7.747116141992333e-48 6.735951253088287e-46 2498
10.6066 8.420764164009351e-48 8.480749240387549e-46 2622
11.3137 1.102597593533907e-47 1.250838584933397e-45 3338
12.0208 1.271712437656824e-47 1.495549088710234e-45 3722
12.7279 1.375494514253377e-47 1.816306530561012e-45 4170
13.435 1.389159719048064e-47 2.271385650467426e-45 4358
14.1421 1.76143628213859e-47 2.944717540228861e-45 5034
14.8492 1.967513106604296e-47 3.562895347465272e-45 5714
15.5564 2.153095523164386e-47 3.998749377593722e-45 5982
16.2635 2.3480571362242e-47 4.887396500216897e-45 6602
16.9706 2.644804536724724e-47 5.755835192480728e-45 7130
17.6777 2.999843412751212e-47 6.726921622304779e-45 8034
18.3848 3.422830981336967e-47 7.950739975080326e-45 8606
19.0919 3.640072476842149e-47 9.07492536890106e-45 9066
19.799 4.161415841581383e-47 1.095598864497263e-44 9962
20.5061 4.624816399976001e-47 1.210403920941897e-44 10550
21.2132 4.9126651794127e-47 1.409388255267907e-44 11226
21.9203 5.470333526521853e-47 1.630076870122466e-44 12146
22.6274 5.639261281512843e-47 1.796528797842212e-44 12303
23.3345 5.671023198373625e-47 1.854394882210128e-44 12584
24.0416 5.735977858749293e-47 1.936482051858289e-44 12120
24.7487 5.145685908625127e-47 1.942393693646888e-44 11180
25.4559 5.389100062204797e-47 2.037908253995508e-44 11096
26.163 4.98094342060974e-47 1.938857710051807e-44 10056
26.8701 4.732142855537129e-47 1.976759456666846e-44 9716
27.5772 4.431158808364066e-47 1.860659382511869e-44 8604
28.2843 4.307825804192663e-47 1.903021664327738e-44 8060
28.9914 3.964630140367119e-47 1.798949147700774e-44 7320
29.6985 3.616243227030988e-47 1.65618304339472e-44 6356
30.4056 2.984653487296791e-47 1.453881468168109e-44 5348
31.1127 2.396585811621275e-47 1.232043095373894e-44 4308
31.8198 2.107589057756117e-47 1.054209817940343e-44 3563
32.5269 1.388269274977179e-47 7.731326737607956e-45 2448
33.234 1.119859256139963e-47 6.400160711952049e-45 1868
33.9411 8.169257064377274e-48 4.757354209982353e-45 1358
34.6482 6.42131504143576e-48 4.040854237106855e-45 1062
35.3554 4.940798966222528e-48 3.175024781020573e-45 776
36.0625 2.803022718491133e-48 1.412046763783392e-45 432
36.7696 1.423811696283661e-48 6.403241939263908e-46 200
37.4767 1.105388250356989e-48 6.750675821225736e-46 168
38.1838 3.660348077920972e-49 1.987799392262339e-46 56
38.8909 1.77564973535407e-50 5.458603043730566e-48 7

0.707107 4.424742432791725e-20 2.536635402902889e-20 18
1.41421 2.273691288672094e-19 5.770662415780804e-19 62
2.12132 2.778013718211535e-19 1.389639439165347e-18 98
2.82843 6.318587883553726e-19 5.179867596232696e-18 210
3.53554 1.010881613276437e-18 1.679324817970497e-17 350
4.24264 1.450956463096851e-18 2.570399644391863e-17 450
4.94975 1.69107235159261e-18 4.800983375757015e-17 602
5.65686 1.062821948388018e-18 3.253823196321458e-17 762
6.36396 3.562504319992984e-48 1.486405533017413e-46 1142
7.07107 3.956511629639093e-48 1.935582640843611e-46 1250
7.77818 4.462337160430668e-48 2.479447768562746e-46 1458
8.48528 5.866915043413438e-48 4.039712906680283e-46 1814
9.19239 6.582107479560317e-48 5.109626867823164e-46 2178
9.8995 7.655162199459208e-48 6.532557678858839e-46 2498
10.6066 8.191778114321488e-48 8.262426420416329e-46 2622
11.3137 1.077943851568314e-47 1.211695657222179e-45 3338
12.0208 1.245324557802243e-47 1.458566763610037e-45 3722
12.7279 1.316273799743912e-47 1.798672557237307e-45 4170
13.435 1.440924379389189e-47 2.087614323841638e-45 4358
14.1421 1.736109371937598e-47 2.830987418427731e-45 5034
14.8492 1.938569868509844e-47 3.397862305376108e-45 5714
15.5564 2.021029576458043e-47 4.030544114220043e-45 5982
16.2635 2.277526609208861e-47 4.738163110424542e-45 6602
16.9706 2.545987951207513e-47 5.696294143425901e-45 7130
17.6777 2.912571382572541e-47 6.615302653747998e-45 8034
18.3848 3.270056925481239e-47 7.878193638387858e-45 8606
19.0919 3.485099538330365e-47 8.922420258672047e-45 9066
19.799 4.11875191439093e-47 1.050755744867685e-44 9962
20.5061 4.392259332242134e-47 1.215716597075294e-44 10550
21.2132 4.835067331384189e-47 1.362457528406492e-44 11226
21.9203 5.466832072944853e-47 1.549820497976511e-44 12146
22.6274 5.586605037760476e-47 1.726750618425392e-44 12303
23.3345 5.563947379204071e-47 1.804180896497922e-44 12584
24.0416 5.505766460372555e-47 1.909221741460048e-44 12120
24.7487 4.974261647834998e-47 1.910011736064908e-44 11180
25.4559 5.302769664551347e-47 1.962689822763551e-44 11096
26.163 4.873868329357963e-47 1.867180258489241e-44 10056
26.8701 4.595805038465538e-47 1.934270326508431e-44 9716
27.5772 4.298006052269052e-47 1.826534306094407e-44 8604
28.2843 4.277512635341552e-47 1.814930335656881e-44 8060
28.9914 3.898371725899512e-47 1.736682794388031e-44 7320
29.6985 3.438477123087626e-47 1.659269436300084e-44 6356
30.4056 2.943640352611389e-47 1.401766042250292e-44 5348
31.1127 2.392443591972247e-47 1.174990853612376e-44 4308
31.8198 1.970972851842848e-47 1.07162373200131e-44 3563
32.5269 1.361151899447703e-47 7.495283710713065e-45 2448
33.234 1.167036471587635e-47 5.888666908312402e-45 1868
33.9411 8.202190845234328e-48 4.461213439785049e-45 1358
34.6482 6.622345831509784e-48 3.719168878138028e-45 1062
35.3554 5.3645675428748e-48 2.793783961225559e-45 776
36.0625 2.520981771713598e-48 1.514700508898624e-45 432
36.7696 1.254383097899961e-48 7.004698384675725e-46 200
37.4767 1.066103649045051e-48 7.058819282665362e-46 168
38.1838 3.680023046364773e-49 1.965118263281321e-46 56
38.8909 1.840333172864194e-50 8.260386053088563e-48 7

0.707107 3.542745622115631e-20 2.637422573209094e-20 18
1.41421 1.469014633218585e-19 6.224513630100989e-19 62
2.12132 2.43422302522163e-19 1.403275689472747e-18 98
2.82843 4.756473020977501e-19 6.047765779043621e-18 210
3.53554 1.224302188482626e-18 1.263405871632055e-17 350
4.24264 1.373471490122625e-18 2.438883405644299e-17 450
4.94975 1.742633874659027e-18 4.258145265646333e-17 602
5.65686 9.798797601482075e-19 3.175753227418894e-17 762
6.36396 3.548543909439583e-48 1.433053441094964e-46 1142
7.07107 3.860653389835607e-48 1.820766360895092e-46 1250
7.77818 4.202298246422784e-48 2.481584564689284e-46 1458
8.48528 5.705675118674746e-48 3.947096667344403e-46 1814
9.19239 6.305114219158062e-48 5.038245755181414e-46 2178
9.8995 6.931457234100501e-48 6.752107077201721e-46 2498
10.6066 7.911235768878539e-48 8.076581970500105e-46 2622
11.3137 1.05120018395711e-47 1.180060856633912e-45 3338
12.0208 1.149526160946774e-47 1.499408775085077e-45 3722
12.7279 1.306130459524997e-47 1.71240109092661e-45 4170
13.435 1.445150297069149e-47 1.970651139841626e-45 4358
14.1421 1.713740861833302e-47 2.717663463572718e-45 5034
14.8492 1.897835087942294e-47 3.309605951232383e-45 5714
15.5564 2.016084562233519e-47 3.853609816234562e-45 5982
16.2635 2.22889789536726e-47 4.62298071268614e-45 6602
16.9706 2.515140103353191e-47 5.498344126692584e-45 7130
17.6777 2.812283300230349e-47 6.547319549467995e-45 8034
18.3848 3.211724661266141e-47 7.667288936645137e-45 8606
19.0919 3.439920655140473e-47 8.64094200222259e-45 9066
19.799 3.904989375159004e-47 1.045385137222691e-44 9962
20.5061 4.343343949971911e-47 1.179285995275987e-44 10550
21.2132 4.675369712371815e-47 1.346861248728289e-44 11226
21.9203 5.104273570773464e-47 1.578039190621699e-44 12146
22.6274 5.449804852602213e-47 1.678465555336874e-44 12303
23.3345 5.505251740565585e-47 1.734642568229525e-44 12584
24.0416 5.41288830958044e-47 1.836040026723661e-44 12120
24.7487 4.961070068428785e-47 1.823535548962943e-44 11180
25.4559 5.08474899466417e-47 1.937106025808089e-44 11096
26.163 4.661573662433777e-47 1.857653288080466e-44 10056
26.8701 4.569782032880819e-47 1.862780677738458e-44 9716
27.5772 4.260483076848973e-47 1.765238233494406e-44 8604
28.2843 4.125706100076394e-47 1.777729199059785e-44 8060
28.9914 3.775904788709034e-47 1.70800987617961e-44 7320
29.6985 3.476246825956229e-47 1.565575415766528e-44 6356
30.4056 2.905433742539907e-47 1.352481794818769e-44 5348
31.1127 2.330471461365716e-47 1.145721846893146e-44 4308
31.8198 1.977818031055556e-47 1.022675194610041e-44 3563
32.5269 1.348665851139581e-47 7.170838387474273e-45 2448
33.234 1.142774665232751e-47 5.69019717995386e-45 1868
33.9411 8.364268210334058e-48 4.137581772468966e-45 1358
34.6482 6.379219213491245e-48 3.716225912077082e-45 1062
35.3554 4.779157229932845e-48 2.967389049720554e-45 776
36.0625 2.399770959594687e-48 1.513607501622275e-45 432
36.7696 1.196707617993449e-48 7.157518611168555e-46 200
37.4767 9.864795425094893e-49 6.739092710682507e-46 168
38.1838 3.598542209993748e-49 1.907951185983592e-46 56
38.8909 1.238706591539565e-50 1.2599491179297e-47 7

0.707107 2.559430352067598e-20 2.847723645566954e-20 18
1.41421 2.362258835389431e-19 4.449553984053828e-19 62
2.12132 2.879407570428428e-19 1.078522916452301e-18 98
2.82843 5.797263243636328e-19 4.623319202988445e-18 210
3.53554 1.066776437280792e-18 1.314628980275019e-17 350
4.24264 1.341079720275493e-18 2.263137287316085e-17 450
4.94975 1.732777126664508e-18 3.848329365635716e-17 602
5.65686 9.495897777003501e-19 2.96453230297049e-17 762
6.36396 3.434843404985251e-48 1.434958595353616e-46 1142
7.07107 3.922111588492513e-48 1.712606623230329e-46 1250
7.77818 4.135580197508532e-48 2.419222745586759e-46 1458
8.48528 5.696487939022653e-48 3.80647931079079e-46 1814
9.19239 6.115375960994788e-48 4.944606591659644e-46 2178
9.8995 7.056126001660591e-48 6.339171172190546e-46 2498
10.6066 7.930044263397714e-48 7.646034699368862e-46 2622
11.3137 1.054630792607271e-47 1.108651914453461e-45 3338
12.0208 1.165822902105171e-47 1.408526272113394e-45 3722
12.7279 1.215644179087446e-47 1.740474432712779e-45 4170
13.435 1.357792320501703e-47 2.001257402225383e-45 4358
14.1421 1.656852137302462e-47 2.647214437178717e-45 5034
14.8492 1.857331115483501e-47 3.243948449696009e-45 5714
15.5564 1.953516295972734e-47 3.79002098980147e-45 5982
16.2635 2.21140279357043e-47 4.393202174582917e-45 6602
16.9706 2.518549790573915e-47 5.195258493444544e-45 7130
17.6777 2.737810205310263e-47 6.353848806102867e-45 8034
18.3848 3.107480986061683e-47 7.48587109403424e-45 8606
19.0919 3.391724578965844e-47 8.37123168810056e-45 9066
19.799 3.765150827899854e-47 1.027682272159199e-44 9962
20.5061 4.18089191012731e-47 1.166397436287617e-44 10550
21.2132 4.524920588838741e-47 1.322463355150622e-44 11226
21.9203 5.139269424267839e-47 1.493629963027719e-44 12146
22.6274 5.285411554806987e-47 1.642569628603957e-44 12303
23.3345 5.346129264522948e-47 1.702791696760691e-44 12584
24.0416 5.192004258796516e-47 1.816016947446523e-44 12120
24.7487 4.903707258675398e-47 1.751420942714698e-44 11180
25.4559 4.904994815337738e-47 1.907586913434274e-44 11096
26.163 4.498192689506738e-47 1.836029751259143e-44 10056
26.8701 4.414736182714905e-47 1.836982419218842e-44 9716
27.5772 4.147773565156288e-47 1.729961902247954e-44 8604
28.2843 4.004031829036977e-47 1.743940912330474e-44 8060
28.9914 3.724437067878394e-47 1.646430485059684e-44 7320
29.6985 3.394400031307768e-47 1.534042259856492e-44 6356
30.4056 2.750324210440114e-47 1.363969624659352e-44 5348
31.1127 2.286064837932856e-47 1.093925337278073e-44 4308
31.8198 1.925844091873945e-47 9.97961099557252e-45 3563
32.5269 1.262888472681098e-47 7.226116338181724e-45 2448
33.234 1.059699444622619e-47 5.881875072369472e-45 1868
33.9411 7.489555008508492e-48 4.422889174833026e-45 1358
34.6482 6.274149066640746e-48 3.597030588045259e-45 1062
35.3554 4.65655837824579e-48 2.876730306353954e-45 776
36.0625 2.301639986055285e-48 1.520129538742724e-45 432
36.7696 1.190029869514296e-48 6.73144495142087e-46 200
37.4767 8.749639627217836e-49 6.903805500739519e-46 168
38.1838 3.406441439817709e-49 1.807644510920857e-46 56
38.8909 5.761181701197069e-51 1.609602701132648e-47 7

0.707107 2.717284872984841e-20 2.570656283326626e-20 18
1.41421 1.55042726694774e-19 5.60538220957055e-19 62
2.12132 2.20760936769308e-19 1.307298108699024e-18 98
2.82843 5.389920411413162e-19 4.592752593467668e-18 210
3.53554 9.126600900186054e-19 1.399778485412746e-17 350
4.24264 1.222882186323409e-18 2.25374313774395e-17 450
4.94975 1.513817081138253e-18 3.961167517663095e-17 602
5.65686 9.384773099299192e-19 2.719519865098749e-17 762
6.36396 3.431068196269776e-48 1.357625668959017e-46 1142
7.07107 3.604898991177531e-48 1.774943957814266e-46 1250
7.77818 4.22016478430115e-48 2.192219278253615e-46 1458
8.48528 5.744255207216362e-48 3.583719975915641e-46 1814
9.19239 5.892556228340197e-48 4.905700800390895e-46 2178
9.8995 7.020952349865108e-48 5.914138584451857e-46 2498
10.6066 7.733205376596332e-48 7.482430342549347e-46 2622
11.3137 9.946461160052058e-48 1.120240535711983e-45 3338
12.0208 1.113458837561738e-47 1.402347714010095e-45 3722
12.7279 1.210824024138756e-47 1.667836268036599e-45 4170
13.435 1.305895728406168e-47 1.971676150341579e-45 4358
14.1421 1.619933422932558e-47 2.588512602158639e-45 5034
14.8492 1.800190193515987e-47 3.222747351126624e-45 5714
15.5564 1.931379823375684e-47 3.653000964659763e-45 5982
16.2635 2.1261718621863e-47 4.381198984322564e-45 6602
16.9706 2.437070516002265e-47 5.10707702417126e-45 7130
17.6777 2.666940852751872e-47 6.262887030841245e-45 8034
18.3848 3.098867194445011e-47 7.193376855887591e-45 8606
19.0919 3.210336678778329e-47 8.382618451894577e-45 9066
19.799 3.786000065982242e-47 9.766701144757253e-45 9962
20.5061 4.141591649443513e-47 1.105214107337886e-44 10550
21.2132 4.420051615454041e-47 1.303340253295194e-44 11226
21.9203 5.07276199215276e-47 1.450952489191657e-44 12146
22.6274 5.214110536878366e-47 1.577181265929798e-44 12303
23.3345 5.126043902578177e-47 1.686326071215736e-44 12584
24.0416 5.121288552002522e-47 1.759978680890699e-44 12120
24.7487 4.797404725078558e-47 1.714996779895079e-44 11180
25.4559 4.759692361426392e-47 1.867435234171838e-44 11096
26.163 4.479302663108904e-47 1.760043567538782e-44 10056
26.8701 4.326663530622675e-47 1.784926660767469e-44 9716
27.5772 3.938537528334687e-47 1.749142889981635e-44 8604
28.2843 3.846576522223717e-47 1.708276991003113e-44 8060
28.9914 3.57577415028678e-47 1.637179266458118e-44 7320
29.6985 3.244644494899635e-47 1.525995584479731e-44 6356
30.4056 2.750734851394692e-47 1.292723473887675e-44 5348
31.1127 2.187860188528316e-47 1.089752133015582e-44 4308
31.8198 1.873905583598851e-47 9.826817708638736e-45 3563
32.5269 1.270853010153632e-47 6.878741886760467e-45 2448
33.234 1.073535842029025e-47 5.517251499241679e-45 1868
33.9411 7.524623701352029e-48 4.194025693265902e-45 1358
34.6482 5.946212405414365e-48 3.613457338336004e-45 1062
35.3554 4.791694044802937e-48 2.614553416740275e-45 776
36.0625 2.393291194636247e-48 1.374863303128775e-45 432
36.7696 1.261753211753753e-48 5.885268738621864e-46 200
37.4767 8.229468983762419e-49 6.633907175228099e-46 168
38.1838 3.316157064246396e-49 1.601630143924917e-46 56
38.8909 6.553958501971232e-51 1.385688985706896e-47 7

0.707107 3.497377006593942e-20 2.047263135424114e-20 18
1.41421 1.03640705490635e-19 6.086000878481203e-19 62
2.12132 2.510676328236349e-19 1.041452404871367e-18 98
2.82843 5.20441413770969e-19 4.286622874063435e-18 210
3.53554 1.056266341532113e-18 1.108500137433837e-17 350
4.24264 1.102277898973335e-18 2.261308313460293e-17 450
4.94975 1.494800820011459e-18 3.659461144542903e-17 602
5.65686 9.141375377901305e-19 2.535669617490439e-17 762
6.36396 3.399339385874424e-48 1.331413178424959e-46 1142
7.07107 3.578468908577361e-48 1.757534819692874e-46 1250
7.77818 3.903317881761072e-48 2.236349696741442e-46 1458
8.48528 5.471152427050244e-48 3.620685997827271e-46 1814
9.19239 6.129795720559355e-48 4.535018665636716e-46 2178
9.8995 6.794463953646983e-48 5.82382871982499e-46 2498
10.6066 7.578242451440652e-48 7.280296506676102e-46 2622
11.3137 9.740097989367634e-48 1.081348241286797e-45 3338
12.0208 1.097257457880309e-47 1.356937608630478e-45 3722
12.7279 1.176466402495559e-47 1.664686587674454e-45 4170
13.435 1.276174659315076e-47 1.932770474560058e-45 4358
14.1421 1.547829531702958e-47 2.573307884459561e-45 5034
14.8492 1.748236295884237e-47 3.147206378416932e-45 5714
15.5564 1.900162422841283e-47 3.545678118901594e-45 5982
16.2635 2.109809807582367e-47 4.207738268977935e-45 6602
16.9706 2.296170726984017e-47 5.127037091883423e-45 7130
17.6777 2.638923769000062e-47 6.052124413677322e-45 8034
18.3848 2.937715622838241e-47 7.201099825726959e-45 8606
19.0919 3.157264448220698e-47 8.114922574375797e-45 9066
19.799 3.633980980906704e-47 9.721000611171671e-45 9962
20.5061 3.953680788353321e-47 1.107336944750087e-44 10550
21.2132 4.384593822225575e-47 1.254617026074741e-44 11226
21.9203 4.903755556424841e-47 1.433498402976969e-44 12146
22.6274 5.101952742861167e-47 1.528371004728225e-44 12303
23.3345 5.044304370438184e-47 1.642329847235477e-44 12584
24.0416 5.122288027740792e-47 1.680253037685483e-44 12120
24.7487 4.798998980034156e-47 1.629484918962936e-44 11180
25.4559 4.758507015611101e-47 1.783729836707879e-44 11096
26.163 4.38805800054265e-47 1.713667614319551e-44 10056
26.8701 4.185634919794607e-47 1.74953180625177e-44 9716
27.5772 3.950637124891047e-47 1.665740212299946e-44 8604
28.2843 3.856026762203744e-47 1.623139283967313e-44 8060
28.9914 3.538045954161605e-47 1.571826474746165e-44 7320
29.6985 3.128424017394546e-47 1.501837114369858e-44 6356
30.4056 2.725859073593841e-47 1.249207481798223e-44 5348
31.1127 2.192762086413832e-47 1.031696332748125e-44 4308
31.8198 1.798293794175649e-47 9.705192941952082e-45 3563
32.5269 1.222740215190153e-47 6.888264855620047e-45 2448
33.234 9.831631622376485e-48 5.682392465039585e-45 1868
33.9411 7.490351678474882e-48 3.990284985597968e-45 1358
34.6482 5.992398831770919e-48 3.442879995501978e-45 1062
35.3554 4.420273118440229e-48 2.703323735584925e-45 776
36.0625 2.437173401952339e-48 1.281034130872437e-45 432
36.7696 1.206464750543432e-48 5.740288816257319e-46 200
37.4767 8.079794067694483e-49 6.317316491369111e-46 168
38.1838 3.275376363432392e-49 1.669465423800307e-46 56
38.8909 1.532934130384514e-50 1.10790054568876e-47 7

0.707107 3.492754670283067e-20 1.944713804655184e-20 18
1.41421 2.140424958896325e-19 3.718609938466645e-19 62
2.12132 2.02029654368702e-19 1.14192894277245e-18 98
2.82843 4.670516496667668e-19 4.349691613948274e-18 210
3.53554 9.186589321522043e-19 1.132975935986623e-17 350
4.24264 1.125054971570459e-18 2.030791360852359e-17 450
4.94975 1.568477093349461e-18 3.169197097659088e-17 602
5.65686 8.736805274996229e-19 2.418586938992427e-17 762
6.36396 3.208140432900716e-48 1.339766764780776e-46 1142
7.07107 3.651865412742919e-48 1.676620724683892e-46 1250
7.77818 3.731337421523943e-48 2.232696973465487e-46 1458
8.48528 5.292651253684756e-48 3.592407210919371e-46 1814
9.19239 5.739588270472577e-48 4.676608615393566e-46 2178
9.8995 6.453715363172347e-48 5.822806659274681e-46 2498
10.6066 7.350535889812344e-48 7.230365392102132e-46 2622
11.3137 9.3618520552013e-48 1.073748842046005e-45 3338
12.0208 1.066024881430497e-47 1.339195652913309e-45 3722
12.7279 1.195231982170508e-47 1.576365034135661e-45 4170
13.435 1.245234502371006e-47 1.902839151583384e-45 4358
14.1421 1.507858798376276e-47 2.52719429080099e-45 5034
14.8492 1.788786509149129e-47 2.956445267471825e-45 5714
15.5564 1.879023541981978e-47 3.428864133146869e-45 5982
16.2635 2.061179670919594e-47 4.108177946558309e-45 6602
16.9706 2.268448843466388e-47 4.869958894618287e-45 7130
17.6777 2.620874431752022e-47 5.840026484638464e-45 8034
18.3848 2.9074085516828e-47 6.922346568739451e-45 8606
19.0919 3.071914418295914e-47 8.013995383158386e-45 9066
19.799 3.594366967096238e-47 9.391885717437754e-45 9962
20.5061 3.894781222613665e-47 1.073800337283328e-44 10550
21.2132 4.286203786664209e-47 1.2290121196141e-44 11226
21.9203 4.771906284288662e-47 1.397836076637933e-44 12146
22.6274 4.940183208081791e-47 1.515458586345413e-44 12303
23.3345 4.885078758468037e-47 1.617112549765101e-44 12584
24.0416 4.844142060643243e-47 1.707280637869877e-44 12120
24.7487 4.560042570743067e-47 1.637675197234311e-44 11180
25.4559 4.625236206127373e-47 1.752633382211705e-44 11096
26.163 4.283325651947025e-47 1.679089730382747e-44 10056
26.8701 4.074742547612588e-47 1.723306452618065e-44 9716
27.5772 3.774029750761319e-47 1.661846785183267e-44 8604
28.2843 3.751106485577924e-47 1.592422140452935e-44 8060
28.9914 3.360533919049897e-47 1.567923148550252e-44 7320
29.6985 3.088679395564533e-47 1.47869466523565e-44 6356
30.4056 2.597495235275517e-47 1.250002914659362e-44 5348
31.1127 2.078957665993218e-47 1.032948635330148e-44 4308
31.8198 1.778100460328155e-47 9.350438210008872e-45 3563
32.5269 1.233679443774498e-47 6.47717290426893e-45 2448
33.234 9.758671389952623e-48 5.495179209979589e-45 1868
33.9411 7.020920546470488e-48 4.093065609481388e-45 1358
34.6482 5.834361877120353e-48 3.31805193456536e-45 1062
35.3554 4.187513893870757e-48 2.721522088955901e-45 776
36.0625 2.24043285260667e-48 1.336444061751074e-45 432
36.7696 1.059447711813088e-48 6.398474534702591e-46 200
37.4767 8.175341712324353e-49 6.138853392480901e-46 168
38.1838 3.122815504777905e-49 1.700620665862229e-46 56
38.8909 1.578372736607342e-50 8.409070953246205e-48 7

0.707107 2.46875778164727e-20 2.345614144735759e-20 18
1.41421 1.513990361248414e-19 4.029371804664205e-19 62
2.12132 2.1561244873675e-19 9.98238196274042e-19 98
2.82843 4.622876248588075e-19 4.014871390998335e-18 210
3.53554 8.944361800164234e-19 1.091524680710955e-17 350
4.24264 1.090103447829291e-18 1.905991311085252e-17 450
4.94975 1.294635596477756e-18 3.509102089747083e-17 602
5.65686 8.324861097098672e-19 2.319277640999893e-17 762
6.36396 3.207336084050746e-48 1.267582649409783e-46 1142
7.07107 3.50053427277661e-48 1.664976290282706e-46 1250
7.77818 3.827680850395195e-48 2.094551081842606e-46 1458
8.48528 5.15785163473255e-48 3.558007841807852e-46 1814
9.19239 5.568645303250407e-48 4.635250501272248e-46 2178
9.8995 6.540902642653929e-48 5.525937348439879e-46 2498
10.6066 7.082789511469671e-48 7.154953333038712e-46 2622
11.3137 9.401224982855056e-48 1.015626342431128e-45 3338
12.0208 1.048235293773932e-47 1.297053598250457e-45 3722
12.7279 1.128919429368305e-47 1.595906870090639e-45 4170
13.435 1.2340082834601e-47 1.827793724084246e-45 4358
14.1421 1.495337759846366e-47 2.413272933685852e-45 5034
14.8492 1.708877961597114e-47 2.963255383403107e-45 5714
15.5564 1.778158686765623e-47 3.48095448165636e-45 5982
16.2635 1.963304089464846e-47 4.102110249626013e-45 6602
16.9706 2.251175547078581e-47 4.69705280828896e-45 7130
17.6777 2.500187939025478e-47 5.876196272703979e-45 8034
18.3848 2.825030277946887e-47 6.847185715535639e-45 8606
19.0919 3.087223668927472e-47 7.649744543526822e-45 9066
19.799 3.545757151922298e-47 9.089429424875283e-45 9962
20.5061 3.772425997488301e-47 1.055048508756569e-44 10550
21.2132 4.183252162756899e-47 1.206610308780087e-44 11226
21.9203 4.679407107646727e-47 1.373746183810038e-44 12146
22.6274 4.774644145526893e-47 1.487606918631367e-44 12303
23.3345 4.841227812903386e-47 1.562943305120678e-44 12584
24.0416 4.681163339830995e-47 1.680853894894146e-44 12120
24.7487 4.435858902657353e-47 1.608278958882888e-44 11180
25.4559 4.409480969055822e-47 1.761829155941255e-44 11096
26.163 4.122968958191906e-47 1.667043547106787e-44 10056
26.8701 3.988464472115866e-47 1.673832124435375e-44 9716
27.5772 3.743063696205098e-47 1.601865392272688e-44 8604
28.2843 3.597233248350618e-47 1.582041648523173e-44 8060
28.9914 3.325959080427551e-47 1.508211684777556e-44 7320
29.6985 3.017018793112512e-47 1.457256915081239e-44 6356
30.4056 2.469828305478248e-47 1.251526056585135e-44 5348
31.1127 2.024759958459659e-47 1.021144177849015e-44 4308
31.8198 1.763782816519985e-47 8.880067072198779e-45 3563
32.5269 1.184897935929926e-47 6.447557845351765e-45 2448
33.234 9.1760888712451e-48 5.52936098442062e-45 1868
33.9411 7.002239744248586e-48 3.898337443022456e-45 1358
34.6482 5.374473417385094e-48 3.428118322127928e-45 1062
35.3554 4.257539605091857e-48 2.53271005345539e-45 776
36.0625 2.102353688158634e-48 1.327226847558856e-45 432
36.7696 1.013385887855891e-48 6.578115452898344e-46 200
37.4767 8.429968254415398e-49 5.874768145247337e-46 168
38.1838 3.317977586829711e-49 1.805539416346744e-46 56
38.8909 1.831540918573265e-50 6.608299095218002e-48 7

0.707107 1.653940699576963e-20 2.610672033613634e-20 18
1.41421 1.752807561163349e-19 3.415229608467562e-19 62
2.12132 2.127581896237749e-19 9.558719827329777e-19 98
2.82843 4.752123565304245e-19 3.573070877826078e-18 210
3.53554 9.008648685417363e-19 9.92782957142264e-18 350
4.24264 1.054802054278458e-18 1.796499946844743e-17 450
4.94975 1.34874110305458e-18 3.09063364041389e-17 602
5.65686 7.989270162213231e-19 2.21114677283537e-17 762
6.36396 2.983574070582759e-48 1.290766751547161e-46 1142
7.07107 3.583587261885056e-48 1.586936945701398e-46 1250
7.77818 3.571681781589126e-48 2.150846881693013e-46 1458
8.48528 5.084951162229291e-48 3.423734686906971e-46 1814
9.19239 5.780631338908151e-48 4.24948931224638e-46 2178
9.8995 5.851513004909704e-48 5.805253506622133e-46 2498
10.6066 6.885856057942929e-48 7.043296238005463e-46 2622
11.3137 9.221024667907554e-48 9.992590935159417e-46 3338
12.0208 1.033733807931213e-47 1.254429245883376e-45 3722
12.7279 1.098823808738517e-47 1.572898404449727e-45 4170
13.435 1.187321265012007e-47 1.833632423555327e-45 4358
14.1421 1.467831886590144e-47 2.363634046434032e-45 5034
14.8492 1.650184411008995e-47 2.91087848360465e-45 5714
15.5564 1.744412432781727e-47 3.378272411261684e-45 5982
16.2635 1.968877083592341e-47 3.915931556142774e-45 6602
16.9706 2.174290815309601e-47 4.691478584378929e-45 7130
17.6777 2.523918457497053e-47 5.57347733798238e-45 8034
18.3848 2.804097553343655e-47 6.651866950911356e-45 8606
19.0919 3.003386749784499e-47 7.518147217524729e-45 9066
19.799 3.478668804843055e-47 8.849013389614965e-45 9962
20.5061 3.752559169286262e-47 1.020639073069482e-44 10550
21.2132 4.169119854571763e-47 1.155667214937973e-44 11226
21.9203 4.626918646393419e-47 1.322325352767984e-44 12146
22.6274 4.697792996801022e-47 1.442411279429887e-44 12303
23.3345 4.712252951539704e-47 1.536907136878858e-44 12584
24.0416 4.661106418493103e-47 1.609763151184181e-44 12120
24.7487 4.379126214297332e-47 1.569667627561187e-44 11180
25.4559 4.499423841019569e-47 1.656572106702483e-44 11096
26.163 4.016980612317794e-47 1.638794294419984e-44 10056
26.8701 3.962938917367554e-47 1.613936697002712e-44 9716
27.5772 3.62839345612032e-47 1.573244288568636e-44 8604
28.2843 3.486299585134942e-47 1.554043742453857e-44 8060
28.9914 3.236015080276742e-47 1.477834028549165e-44 7320
29.6985 2.959940474757531e-47 1.409559413132198e-44 6356
30.4056 2.429742894988946e-47 1.224303067713756e-44 5348
31.1127 1.967689916574416e-47 1.004474124142182e-44 4308
31.8198 1.727495257107122e-47 8.694834641612573e-45 3563
32.5269 1.156929485777962e-47 6.321710575832508e-45 2448
33.234 9.360840910699563e-48 5.174834931298153e-45 1868
33.9411 6.430299874162294e-48 4.083261545397084e-45 1358
34.6482 5.579147461744247e-48 3.191718208566961e-45 1062
35.3554 4.243384402888472e-48 2.426274412469351e-45 776
36.0625 2.075533791385662e-48 1.222895793599203e-45 432
36.7696 1.011188022010707e-48 6.153767087637599e-46 200
37.4767 8.074504851412215e-49 5.737466966707481e-46 168
38.1838 3.084416577189491e-49 1.814641360160783e-46 56
38.8909 2.06573749188013e-50 8.057279393754826e-48 7

0.707107 1.978605785501772e-20 2.267247283091861e-20 18
1.41421 1.721741268572928e-19 3.347556759686171e-19 62
2.12132 1.890391228255084e-19 9.570353615148866e-19 98
2.82843 4.477949131628375e-19 3.490717630342046e-18 210
3.53554 7.658921106050264e-19 1.039492171753191e-17 350
4.24264 1.042429700419934e-18 1.661220517112512e-17 450
4.94975 1.160627165799778e-18 3.298246200876445e-17 602
5.65686 7.692803589511719e-19 2.10472729890779e-17 762
6.36396 2.99690087245344e-48 1.255874520160879e-46 1142
7.07107 3.433432565631509e-48 1.551154426226444e-46 1250
7.77818 3.51618364000975e-48 2.08808783339066e-46 1458
8.48528 4.902294534422878e-48 3.400801475737988e-46 1814
9.19239 5.470533522575205e-48 4.31851448715175e-46 2178
9.8995 6.087114347649314e-48 5.508849909219554e-46 2498
10.6066 6.899702560986127e-48 6.723602863815798e-46 2622
11.3137 8.702991751607175e-48 1.009527064316185e-45 3338
12.0208 1.01762669854366e-47 1.219378576092241e-45 3722
12.7279 1.111531047454213e-47 1.495712602250927e-45 4170
13.435 1.176652335636722e-47 1.780583188362698e-45 4358
14.1421 1.403277841755589e-47 2.358173304481102e-45 5034
14.8492 1.613668559094164e-47 2.851161214774272e-45 5714
15.5564 1.738182534186819e-47 3.275876348492325e-45 5982
16.2635 1.949270639052498e-47 3.766647400207019e-45 6602
16.9706 2.130761146900964e-47 4.591946992408771e-45 7130
17.6777 2.452674035951077e-47 5.5228535738368e-45 8034
18.3848 2.780985434033342e-47 6.448545753032238e-45 8606
19.0919 2.949172447825737e-47 7.352193259686649e-45 9066
19.799 3.317788599473939e-47 8.890538763789392e-45 9962
20.5061 3.642032219871496e-47 1.007201656282273e-44 10550
21.2132 4.056427405741206e-47 1.143894481491334e-44 11226
21.9203 4.418207549267531e-47 1.329037193227623e-44 12146
22.6274 4.605738622200609e-47 1.409846984904454e-44 12303
23.3345 4.664889331185076e-47 1.49031402941606e-44 12584
24.0416 4.559232253845942e-47 1.583180547152409e-44 12120
24.7487 4.33523647486154e-47 1.523703154535501e-44 11180
25.4559 4.305590457324677e-47 1.65677735458632e-44 11096
26.163 3.945253369511051e-47 1.608088459540704e-44 10056
26.8701 3.823116337834759e-47 1.602023990454186e-44 9716
27.5772 3.574684732182164e-47 1.532260389721033e-44 8604
28.2843 3.413202312933803e-47 1.533947926812997e-44 8060
28.9914 3.14545277361698e-47 1.471744030800829e-44 7320
29.6985 2.962654546825292e-47 1.349773192759275e-44 6356
30.4056 2.451613791893987e-47 1.169289952914492e-44 5348
31.1127 1.920839707072047e-47 9.848972912136565e-45 4308
31.8198 1.67327114323933e-47 8.618183466729492e-45 3563
32.5269 1.159828824621423e-47 6.010577387848245e-45 2448
33.234 9.462590748527587e-48 4.938637081433534e-45 1868
33.9411 6.650734762646429e-48 3.811551315769882e-45 1358
34.6482 5.58319732514826e-48 3.062291608575998e-45 1062
35.3554 4.046174838159299e-48 2.375304924790523e-45 776
36.0625 1.996109517237268e-48 1.192344097219068e-45 432
36.7696 1.07618582024289e-48 5.687156130072417e-46 200
37.4767 7.723829482979219e-49 5.690014836996486e-46 168
38.1838 3.005628817307012e-49 1.796606615740014e-46 56
38.8909 1.916060368402248e-50 6.56506259520826e-48 7

0.707107 2.822881517484688e-20 1.644148120054695e-20 18
1.41421 1.135742741226634e-19 3.812329195789135e-19 62
2.12132 1.732515008431605e-19 9.458479974501487e-19 98
2.82843 3.891276836711208e-19 3.709294945423778e-18 210
3.53554 8.205658881897573e-19 9.126337935783051e-18 350
4.24264 9.609595570599539e-19 1.655245145022468e-17 450
4.94975 1.243074334666724e-18 2.824822771441453e-17 602
5.65686 7.420422787270736e-19 2.003588948558278e-17 762
6.36396 3.15000798167002e-48 1.126272113168798e-46 1142
7.07107 3.256119646971125e-48 1.548839401576906e-46 1250
7.77818 3.414744491407146e-48 2.055681535436686e-46 1458
8.48528 4.845620649950152e-48 3.25812778965638e-46 1814
9.19239 5.190860977498119e-48 4.317507357147022e-46 2178
9.8995 6.078907439517557e-48 5.349882256809022e-46 2498
10.6066 6.892413762994135e-48 6.480167983398054e-46 2622
11.3137 8.77428831571904e-48 9.586206129384821e-46 3338
12.0208 9.729855673423042e-48 1.226273650974006e-45 3722
12.7279 1.07056208507872e-47 1.493258918824625e-45 4170
13.435 1.191346984931778e-47 1.673565069947238e-45 4358
14.1421 1.356048859614297e-47 2.312101129768443e-45 5034
14.8492 1.557660132424411e-47 2.857262817742823e-45 5714
15.5564 1.716394122748145e-47 3.173917633373833e-45 5982
16.2635 1.889984949925368e-47 3.721869081344121e-45 6602
16.9706 2.093475894416289e-47 4.485898811996939e-45 7130
17.6777 2.439242531772296e-47 5.359915107772963e-45 8034
18.3848 2.680105373303335e-47 6.411994539102476e-45 8606
19.0919 2.86287110807865e-47 7.232406342674978e-45 9066
19.799 3.237667944715998e-47 8.633767298433542e-45 9962
20.5061 3.674470996772569e-47 9.675791538987956e-45 10550
21.2132 3.950856158077681e-47 1.136958799356229e-44 11226
21.9203 4.382862139924514e-47 1.279667869029448e-44 12146
22.6274 4.520204836857362e-47 1.375848390417534e-44 12303
23.3345 4.561813831340261e-47 1.471736182164524e-44 12584
24.0416 4.438721583789205e-47 1.557743401633372e-44 12120
24.7487 4.209538211285327e-47 1.51197041181948e-44 11180
25.4559 4.244024919953355e-47 1.626195912331886e-44 11096
26.163 3.9089446811528e-47 1.558296220311435e-44 10056
26.8701 3.818502578598781e-47 1.543900055066576e-44 9716
27.5772 3.424074810075614e-47 1.529806490929915e-44 8604
28.2843 3.424851877452268e-47 1.471348209367453e-44 8060
28.9914 3.067909551548149e-47 1.440799645796645e-44 7320
29.6985 2.879772547715893e-47 1.327503901935136e-44 6356
30.4056 2.418662006024569e-47 1.150454717222311e-44 5348
31.1127 1.976497910097591e-47 9.267550221062044e-45 4308
31.8198 1.675494622045541e-47 8.300658821897441e-45 3563
32.5269 1.083038824644782e-47 6.1194640120637e-45 2448
33.234 9.399606063521652e-48 4.756246420900873e-45 1868
33.9411 6.805603307780662e-48 3.701651105170599e-45 1358
34.6482 5.060331027376708e-48 3.232149864307858e-45 1062
35.3554 3.89692370047955e-48 2.364722575267699e-45 776
36.0625 1.984897585592444e-48 1.155093116131555e-45 432
36.7696 1.00329886948653e-48 5.791978143607216e-46 200
37.4767 7.610167351203176e-49 5.429841288609021e-46 168
38.1838 2.821132327814439e-49 1.812272767370683e-46 56
38.8909 1.574269264030276e-50 8.28631933169904e-48 7

0.707107 2.949745927729107e-20 1.399754500577218e-20 18
1.41421 2.095362832886573e-19 1.812321415365077e-19 62
2.12132 1.933719996275043e-19 7.821590107648612e-19 98
2.82843 4.391912846512507e-19 3.023406923612388e-18 210
3.53554 7.594847114361657e-19 9.023049626645141e-18 350
4.24264 9.55155377880237e-19 1.52826123654303e-17 450
4.94975 1.139955727505261e-18 2.821034038216101e-17 602
5.65686 7.239846750660512e-19 1.885832626786446e-17 762
6.36396 3.005695547138814e-48 1.137029493233323e-46 1142
7.07107 3.336720690109429e-48 1.460660486726113e-46 1250
7.77818 3.390959088827261e-48 2.007571874194816e-46 1458
8.48528 4.582975995379938e-48 3.270212870800324e-46 1814
9.19239 5.291597299808212e-48 4.093601618387042e-46 2178
9.8995 5.779365718555275e-48 5.322107940123407e-46 2498
10.6066 6.478578291202002e-48 6.652241530766617e-46 2622
11.3137 8.502969861636059e-48 9.450416851294278e-46 3338
12.0208 9.45676921864228e-48 1.215925698989142e-45 3722
12.7279 1.058789903063898e-47 1.463683528889851e-45 4170
13.435 1.114368224832984e-47 1.706169105002974e-45 4358
14.1421 1.356048392277183e-47 2.222241399788789e-45 5034
14.8492 1.554844670702879e-47 2.762032774249443e-45 5714
15.5564 1.685453563020313e-47 3.125975943428831e-45 5982
16.2635 1.835734118457503e-47 3.686471194311814e-45 6602
16.9706 2.019310474376421e-47 4.430580104476845e-45 7130
17.6777 2.33512894939598e-47 5.367365177744661e-45 8034
18.3848 2.627400466995506e-47 6.269023675807398e-45 8606
19.0919 2.802900756890039e-47 7.101296205317277e-45 9066
19.799 3.147958947816143e-47 8.589020738008893e-45 9962
20.5061 3.576886722592848e-47 9.592240604332195e-45 10550
21.2132 3.876825595656997e-47 1.116845769222807e-44 11226
21.9203 4.327180147862755e-47 1.251291174553301e-44 12146
22.6274 4.428822366028742e-47 1.347468390247622e-44 12303
23.3345 4.398302348189266e-47 1.459265530379273e-44 12584
24.0416 4.317588849298145e-47 1.529668611427643e-44 12120
24.7487 4.116589865353347e-47 1.485842024201813e-44 11180
25.4559 4.153666603836663e-47 1.58815362846271e-44 11096
26.163 3.833298605027607e-47 1.518136139483031e-44 10056
26.8701 3.718861480083607e-47 1.524631205427569e-44 9716
27.5772 3.48819248555651e-47 1.444175044366652e-44 8604
28.2843 3.254352452211569e-47 1.490529340500096e-44 8060
28.9914 3.099421322976402e-47 1.368225085292642e-44 7320
29.6985 2.768946176768998e-47 1.318765832910686e-44 6356
30.4056 2.325463353860062e-47 1.148183169089454e-44 5348
31.1127 1.913737143584251e-47 9.220691547139355e-45 4308
31.8198 1.602809802602952e-47 8.238873124335504e-45 3563
32.5269 1.104262459469651e-47 5.78478550444471e-45 2448
33.234 8.716107473883561e-48 4.940940783840995e-45 1868
33.9411 6.389171977041634e-48 3.720860847691947e-45 1358
34.6482 5.391793084075246e-48 2.950108552779908e-45 1062
35.3554 3.763577268150029e-48 2.368488615340386e-45 776
36.0625 1.779500578927259e-48 1.216549280118136e-45 432
36.7696 9.138493336216624e-49 6.080609945762346e-46 200
37.4767 7.519705419444741e-49 5.243989105001675e-46 168
38.1838 2.622397202335514e-49 1.848837677560017e-46 56
38.8909 9.298270602093553e-51 1.088434546484246e-47 7

0.707107 2.191606619297152e-20 1.652419621488069e-20 18
1.41421 1.667221976090558e-19 2.22176019815949e-19 62
2.12132 1.58962693997387e-19 8.974439676320373e-19 98
2.82843 4.654359323700983e-19 2.51184809913453e-18 210
3.53554 6.698522654707466e-19 9.339730682960079e-18 350
4.24264 9.398414344185415e-19 1.43336266146769e-17 450
4.94975 1.074427184106631e-18 2.783243411261198e-17 602
5.65686 7.164415656971975e-19 1.745774556658138e-17 762
6.36396 2.771132767459556e-48 1.192555070370605e-46 1142
7.07107 3.090909326516798e-48 1.521118792747897e-46 1250
7.77818 3.429952239201012e-48 1.880116428979602e-46 1458
8.48528 4.492168411651239e-48 3.209770348741815e-46 1814
9.19239 5.387914771456059e-48 3.913528494565115e-46 2178
9.8995 5.850366150346825e-48 5.106502651010646e-46 2498
10.6066 6.361710795077613e-48 6.505315424091704e-46 2622
11.3137 8.458495972148721e-48 9.134704722975659e-46 3338
12.0208 9.376963860518122e-48 1.155399720014519e-45 3722
12.7279 1.082215019377104e-47 1.376378890908012e-45 4170
13.435 1.072036826303693e-47 1.712156919754991e-45 4358
14.1421 1.309632067860262e-47 2.179460204072031e-45 5034
14.8492 1.572855459308275e-47 2.622485394555535e-45 5714
15.5564 1.658302975294817e-47 3.063801430764761e-45 5982
16.2635 1.819276508980882e-47 3.561224501684544e-45 6602
16.9706 1.981816066116017e-47 4.341780846044378e-45 7130
17.6777 2.235764039471056e-47 5.354702529894442e-45 8034
18.3848 2.56888466645413e-47 6.123478474297612e-45 8606
19.0919 2.768873987797594e-47 6.964493457247812e-45 9066
19.799 3.111725105960359e-47 8.353955523972921e-45 9962
20.5061 3.48308685031775e-47 9.458861870481256e-45 10550
21.2132 3.857482861756379e-47 1.087104325196466e-44 11226
21.9203 4.17620861901638e-47 1.243296690021127e-44 12146
22.6274 4.318976404986689e-47 1.329278629555551e-44 12303
23.3345 4.324052197432058e-47 1.440382494870422e-44 12584
24.0416 4.296973357979454e-47 1.473770552799353e-44 12120
24.7487 4.018495697478167e-47 1.470962963898584e-44 11180
25.4559 4.102047748142553e-47 1.550802909601951e-44 11096
26.163 3.764065517443306e-47 1.476058483316118e-44 10056
26.8701 3.65094149404023e-47 1.503168285897752e-44 9716
27.5772 3.35650515542651e-47 1.440950974437092e-44 8604
28.2843 3.255122647580365e-47 1.438025984013464e-44 8060
28.9914 2.959377377506191e-47 1.374798399462463e-44 7320
29.6985 2.694482991560639e-47 1.306074171999696e-44 6356
30.4056 2.303932122582405e-47 1.109735414691649e-44 5348
31.1127 1.842247263231618e-47 9.164517727183816e-45 4308
31.8198 1.583271560213473e-47 8.033560991252133e-45 3563
32.5269 1.079589429946377e-47 5.702783377896735e-45 2448
33.234 9.071258054008772e-48 4.561718622566875e-45 1868
33.9411 6.721664140996977e-48 3.412021429259163e-45 1358
34.6482 5.132443245676898e-48 3.008539625587068e-45 1062
35.3554 3.780516008921449e-48 2.297492877062517e-45 776
36.0625 1.927183384969879e-48 1.074792458300742e-45 432
36.7696 8.817765973523541e-49 6.292040486345012e-46 200
37.4767 7.531345091372806e-49 4.839209021900414e-46 168
38.1838 2.236037602541841e-49 1.89617312450377e-46 56
38.8909 7.263515292667881e-51 1.256084867978884e-47 7

0.707107 1.550883972369163e-20 1.903291946039559e-20 18
1.41421 1.251674882162298e-19 2.867504716417814e-19 62
2.12132 1.786117269152011e-19 7.347639871245543e-19 98
2.82843 3.547145838924953e-19 3.224281862136929e-18 210
3.53554 7.062398181159756e-19 8.382879988552193e-18 350
4.24264 7.852601926979972e-19 1.580620470187743e-17 450
4.94975 1.04303224405985e-18 2.642353074715177e-17 602
5.65686 7.03459720735417e-19 1.630451699748165e-17 762
6.36396 2.844058262211335e-48 1.107509250956305e-46 1142
7.07107 3.172527521305322e-48 1.432955544116511e-46 1250
7.77818 3.251433821042169e-48 1.875526685674039e-46 1458
8.48528 4.414824675655934e-48 3.150453352458733e-46 1814
9.19239 5.477595391878299e-48 3.736953384765234e-46 2178
9.8995 5.643396854983698e-48 5.08942900263707e-46 2498
10.6066 6.292574655673138e-48 6.307375573384457e-46 2622
11.3137 8.417608567831421e-48 8.764588494959319e-46 3338
12.0208 9.136976203284742e-48 1.144402719039083e-45 3722
12.7279 1.020178229418748e-47 1.412661723720935e-45 4170
13.435 1.067018587754188e-47 1.646554035004492e-45 4358
14.1421 1.301086692691005e-47 2.115262572962815e-45 5034
14.8492 1.516076510621462e-47 2.621132221634357e-45 5714
15.5564 1.601686510000669e-47 3.063906872478751e-45 5982
16.2635 1.726412904400492e-47 3.58418149225981e-45 6602
16.9706 1.989272005773972e-47 4.142258651432397e-45 7130
17.6777 2.234304156218735e-47 5.130818720153911e-45 8034
18.3848 2.50724517021239e-47 6.054575637817423e-45 8606
19.0919 2.676334389642651e-47 6.874824430424158e-45 9066
19.799 3.077796603343291e-47 8.136611805639275e-45 9962
20.5061 3.417464845252092e-47 9.279687365598207e-45 10550
21.2132 3.737128416915001e-47 1.080073029018301e-44 11226
21.9203 4.222777699504937e-47 1.187666130714136e-44 12146
22.6274 4.225644665521931e-47 1.303873938217226e-44 12303
23.3345 4.306128628030688e-47 1.387557531356088e-44 12584
24.0416 4.087017881450182e-47 1.481680998954522e-44 12120
24.7487 3.979290658890793e-47 1.431647694402797e-44 11180
25.4559 4.047977633550287e-47 1.517766638907606e-44 11096
26.163 3.6650027171428e-47 1.450236386320492e-44 10056
26.8701 3.61025423179251e-47 1.459245272077887e-44 9716
27.5772 3.280205760386884e-47 1.414363796044046e-44 8604
28.2843 3.181314109514917e-47 1.417266300295872e-44 8060
28.9914 2.921234839001703e-47 1.324131826077396e-44 7320
29.6985 2.743982076808646e-47 1.226360288428116e-44 6356
30.4056 2.258465139018685e-47 1.094953938452887e-44 5348
31.1127 1.821241233733892e-47 8.909811261083616e-45 4308
31.8198 1.521048727242751e-47 7.891571689731735e-45 3563
32.5269 1.011168819246105e-47 5.824770252602428e-45 2448
33.234 8.509926922827044e-48 4.64739395943444e-45 1868
33.9411 6.511559893428452e-48 3.355024761964334e-45 1358
34.6482 5.095160194360408e-48 2.951961433842671e-45 1062
35.3554 3.831492781886991e-48 2.211260010266933e-45 776
36.0625 1.817608551968005e-48 1.073786120349962e-45 432
36.7696 8.454656105529197e-49 6.072952097120387e-46 200
37.4767 7.774401691174929e-49 4.704982512691697e-46 168
38.1838 2.084830682685304e-49 1.954151587434283e-46 56
38.8909 8.050736826247896e-51 1.065214403886376e-47 7

0.707107 1.726265640770241e-20 1.77160813271352e-20 18
1.41421 1.606644519742112e-19 2.283426892947818e-19 62
2.12132 1.404707222470404e-19 8.292916465079104e-19 98
2.82843 3.76120128217418e-19 2.749048352713179e-18 210
3.53554 6.364842064138972e-19 8.359819063174404e-18 350
4.24264 8.220499987323588e-19 1.407745679369005e-17 450
4.94975 1.093209770371086e-18 2.293819858554822e-17 602
5.65686 6.649495608380966e-19 1.600312238022078e-17 762
6.36396 2.823518181331978e-48 1.083803878156002e-46 1142
7.07107 3.19523894132822e-48 1.345059377267841e-46 1250
7.77818 3.229910372128328e-48 1.824274689013313e-46 1458
8.48528 4.520858596731511e-48 2.962571405092016e-46 1814
9.19239 5.125337371635632e-48 3.905911240334772e-46 2178
9.8995 5.504198624613247e-48 4.928062480712355e-46 2498
10.6066 6.35942086053776e-48 5.981333077432355e-46 2622
11.3137 8.035604019869479e-48 8.833425490618876e-46 3338
12.0208 9.11142534379309e-48 1.09900091853004e-45 3722
12.7279 1.015120289122782e-47 1.3748140721628e-45 4170
13.435 1.082213518639769e-47 1.569776243253059e-45 4358
14.1421 1.284053465180357e-47 2.030863566567873e-45 5034
14.8492 1.471469593845059e-47 2.56972856576158e-45 5714
15.5564 1.584890924516712e-47 2.970272350770809e-45 5982
16.2635 1.688304486723404e-47 3.551362581610803e-45 6602
16.9706 1.974713237138063e-47 4.033698728901575e-45 7130
17.6777 2.175612065856415e-47 5.042697662994085e-45 8034
18.3848 2.449607587533926e-47 5.978316565619345e-45 8606
19.0919 2.637375225524616e-47 6.724999453658703e-45 9066
19.799 3.033124368014346e-47 7.946647193115048e-45 9962
20.5061 3.309807246064233e-47 9.223286287757625e-45 10550
21.2132 3.707069262864568e-47 1.04289365492592e-44 11226
21.9203 4.085299356489825e-47 1.181274444231342e-44 12146
22.6274 4.087340752678365e-47 1.292426912298735e-44 12303
23.3345 4.244264045567275e-47 1.364216854915825e-44 12584
24.0416 4.128229776128222e-47 1.414749868567643e-44 12120
24.7487 3.868941117863885e-47 1.41014020774664e-44 11180
25.4559 3.96132851593567e-47 1.486100675999392e-44 11096
26.163 3.624898217885924e-47 1.420332984548656e-44 10056
26.8701 3.572344265425914e-47 1.413443075032544e-44 9716
27.5772 3.238410282587803e-47 1.377574611870252e-44 8604
28.2843 3.122706206284891e-47 1.389648756723552e-44 8060
28.9914 2.867344960364551e-47 1.293965681971384e-44 7320
29.6985 2.590080055988512e-47 1.245706475899722e-44 6356
30.4056 2.25652066945167e-47 1.042650590639138e-44 5348
31.1127 1.775101417140835e-47 8.76890479086773e-45 4308
31.8198 1.469946038230742e-47 7.808036116879283e-45 3563
32.5269 1.017787751233075e-47 5.49537336470803e-45 2448
33.234 8.050500249268456e-48 4.762995281043473e-45 1868
33.9411 5.813268300077659e-48 3.607838082945433e-45 1358
34.6482 4.954458749847539e-48 2.902110833785587e-45 1062
35.3554 3.658060736676965e-48 2.217270254740187e-45 776
36.0625 1.654920633042096e-48 1.10214715096133e-45 432
36.7696 8.866284783297494e-49 5.474923866973856e-46 200
37.4767 7.886596805625224e-49 4.558262654030485e-46 168
38.1838 2.029781382088115e-49 1.898997159698748e-46 56
38.8909 9.175553411872472e-51 8.553484985627783e-48 7

0.707107 2.211927986154718e-20 1.470314212543433e-20 18
1.41421 1.093119024542228e-19 2.756898623176232e-19 62
2.12132 1.578728823954931e-19 7.003560811100489e-19 98
2.82843 3.63464923566096e-19 2.669675875298074e-18 210
3.53554 6.322391490604531e-19 7.909716464613986e-18 350
4.24264 8.125517680483265e-19 1.311376053696224e-17 450
4.94975 1.005589454805494e-18 2.319755894509484e-17 602
5.65686 6.037478329053961e-19 1.647110971103145e-17 762
6.36396 2.813521200303431e-48 1.040198314552894e-46 1142
7.07107 3.033680766836216e-48 1.384320913812253e-46 1250
7.77818 3.248045214080061e-48 1.741279796568296e-46 1458
8.48528 4.256465161806353e-48 3.04438544062185e-46 1814
9.19239 4.980789149011005e-48 3.868050686355081e-46 2178
9.8995 5.645058010465071e-48 4.644376742047415e-46 2498
10.6066 6.283876109199376e-48 5.925674631417587e-46 2622
11.3137 7.77266857417464e-48 8.733585066304648e-46 3338
12.0208 9.032541960210853e-48 1.063865708299959e-45 3722
12.7279 1.00461871892793e-47 1.339074088356489e-45 4170
13.435 1.031825784029594e-47 1.586749294149741e-45 4358
14.1421 1.25770591144326e-47 2.000095475985712e-45 5034
14.8492 1.422940181370561e-47 2.559727640958529e-45 5714
15.5564 1.58282112674555e-47 2.871577304788876e-45 5982
16.2635 1.666283607160281e-47 3.449978770514299e-45 6602
16.9706 1.886072600533468e-47 4.072266912996278e-45 7130
17.6777 2.161227018450131e-47 4.884295304250432e-45 8034
18.3848 2.420253574431965e-47 5.7944473265008e-45 8606
19.0919 2.570197561252177e-47 6.663377058090221e-45 9066
19.799 2.942492486915578e-47 7.917407289421197e-45 9962
20.5061 3.236899080679267e-47 9.091784267144766e-45 10550
21.2132 3.702190037156247e-47 1.01019831848695e-44 11226
21.9203 3.966411176879446e-47 1.166034159541836e-44 12146
22.6274 4.022341259483403e-47 1.255617945452101e-44 12303
23.3345 4.07230263380062e-47 1.356974171131024e-44 12584
24.0416 4.038384799039585e-47 1.387304389054312e-44 12120
24.7487 3.797835281030655e-47 1.378879379907358e-44 11180
25.4559 3.864378306886089e-47 1.471805376358011e-44 11096
26.163 3.523302019447023e-47 1.415954423497875e-44 10056
26.8701 3.503035377066445e-47 1.390387939910582e-44 9716
27.5772 3.178983725094752e-47 1.355876070441407e-44 8604
28.2843 3.058693539075264e-47 1.370759411570641e-44 8060
28.9914 2.814473307896856e-47 1.272652501387973e-44 7320
29.6985 2.572271039080737e-47 1.208698332141334e-44 6356
30.4056 2.246744192985175e-47 1.006465894212437e-44 5348
31.1127 1.763440862148596e-47 8.576627704043564e-45 4308
31.8198 1.427210381623608e-47 7.718104087305314e-45 3563
32.5269 9.957070053932802e-48 5.365460600797857e-45 2448
33.234 8.209742364141518e-48 4.490290422818972e-45 1868
33.9411 5.918704061487854e-48 3.41058068553431e-45 1358
34.6482 4.870758203745015e-48 2.838416444210076e-45 1062
35.3554 3.705781688724968e-48 2.155334878266827e-45 776
36.0625 1.66076936851902e-48 1.031691265846713e-45 432
36.7696 8.345572504575233e-49 5.452222242272907e-46 200
37.4767 7.943582124405451e-49 4.499029601490701e-46 168
38.1838 1.899690041878817e-49 1.928930340610782e-46 56
38.8909 9.671003675568346e-51 5.005802508615361e-48 7

0.707107 2.140137283579509e-20 1.412720479400694e-20 18
1.41421 1.493588910428464e-19 1.914559528381794e-19 62
2.12132 1.5171556062822e-19 6.991456770067229e-19 98
2.82843 3.707677855032045e-19 2.379110029342436e-18 210
3.53554 5.874037657944417e-19 8.017869011108372e-18 350
4.24264 7.667516416850141e-19 1.287737040700224e-17 450
4.94975 9.316501365399098e-19 2.346888514905294e-17 602
5.65686 5.512828338212777e-19 1.67614378641502e-17 762
6.36396 2.683412360772739e-48 1.066290155282052e-46 1142
7.07107 2.873654568224786e-48 1.442211137285071e-46 1250
7.77818 2.992884203042605e-48 1.819032311532921e-46 1458
8.48528 4.324773939294119e-48 2.899594202185865e-46 1814
9.19239 4.931632439634521e-48 3.777993121629074e-46 2178
9.8995 5.481598170074609e-48 4.696992718997365e-46 2498
10.6066 5.861549214113646e-48 6.088488052457874e-46 2622
11.3137 7.528764620876755e-48 8.717710150195755e-46 3338
12.0208 8.620000221683856e-48 1.079901518415533e-45 3722
12.7279 9.686482989595121e-48 1.343252607075826e-45 4170
13.435 1.001522987605588e-47 1.578544451936629e-45 4358
14.1421 1.240658690998206e-47 1.963516504265644e-45 5034
14.8492 1.430711382002564e-47 2.453673202313807e-45 5714
15.5564 1.488469495646136e-47 2.935573630828693e-45 5982
16.2635 1.664678111442579e-47 3.31936519955757e-45 6602
16.9706 1.827766316159073e-47 4.039251378253746e-45 7130
17.6777 2.127959419425331e-47 4.798175782476092e-45 8034
18.3848 2.360590319970434e-47 5.698074641473891e-45 8606
19.0919 2.509523513087316e-47 6.578707560176235e-45 9066
19.799 2.925674874108183e-47 7.695363918914164e-45 9962
20.5061 3.227634861062549e-47 8.850965514988761e-45 10550
21.2132 3.589754347802182e-47 1.006785982341989e-44 11226
21.9203 3.911062396060782e-47 1.140238608249744e-44 12146
22.6274 3.998203437996055e-47 1.215191702697015e-44 12303
23.3345 4.019710624924534e-47 1.32617035329623e-44 12584
24.0416 3.917740295451466e-47 1.380333278638169e-44 12120
24.7487 3.73453765808423e-47 1.351120216951781e-44 11180
25.4559 3.810600154917335e-47 1.437958692728919e-44 11096
26.163 3.544627171988397e-47 1.354018272955426e-44 10056
26.8701 3.391235862122179e-47 1.379209615247229e-44 9716
27.5772 3.163230697738144e-47 1.310039028284373e-44 8604
28.2843 2.986485494090142e-47 1.35368624122736e-44 8060
28.9914 2.757150893297687e-47 1.262604290371092e-44 7320
29.6985 2.562332469035606e-47 1.16976990501525e-44 6356
30.4056 2.114768931971132e-47 1.034720749773588e-44 5348
31.1127 1.683396568902771e-47 8.736231429652204e-45 4308
31.8198 1.455290060795835e-47 7.400620099593985e-45 3563
32.5269 9.563735821292811e-48 5.38134893733944e-45 2448
33.234 8.306940758616532e-48 4.255783455604946e-45 1868
33.9411 5.709279041677124e-48 3.368163817821129e-45 1358
34.6482 4.771536133597073e-48 2.840461031485709e-45 1062
35.3554 3.662734390276694e-48 2.096538253180243e-45 776
36.0625 1.55021969337524e-48 1.068679803777396e-45 432
36.7696 7.801892321980021e-49 5.758518924289655e-46 200
37.4767 7.590721593740077e-49 4.456263251426597e-46 168
38.1838 1.902716258602437e-49 1.959300951139687e-46 56
38.8909 1.401346959265648e-50 4.144718533589421e-48 7

0.707107 1.543151279590103e-20 1.589312678585623e-20 18
1.41421 1.318229533286318e-19 2.249858905327604e-19 62
2.12132 1.369356742078282e-19 6.997534514099916e-19 98
2.82843 3.287868099847088e-19 2.559734064281227e-18 210
3.53554 5.297958102616252e-19 7.898461072766969e-18 350
4.24264 7.586960953857157e-19 1.20707402755229e-17 450
4.94975 8.743118036164969e-19 2.318728293844961e-17 602
5.65686 5.377789542231942e-19 1.595689443824512e-17 762
6.36396 2.549366967278182e-48 1.083723095112333e-46 1142
7.07107 2.823211515229141e-48 1.430206124966588e-46 1250
7.77818 3.003309216008796e-48 1.749517099145381e-46 1458
8.48528 4.00712522170111e-48 2.984262851599227e-46 1814
9.19239 4.757462708996227e-48 3.793266004328466e-46 2178
9.8995 5.228331816997454e-48 4.753082410677908e-46 2498
10.6066 5.71409468710306e-48 5.961562921731634e-46 2622
11.3137 7.363698487764013e-48 8.543373223313242e-46 3338
12.0208 8.514720988285191e-48 1.051411292485406e-45 3722
12.7279 9.537292920401936e-48 1.301453654302866e-45 4170
13.435 1.009882857165243e-47 1.504747329008179e-45 4358
14.1421 1.240386838960283e-47 1.903231204807835e-45 5034
14.8492 1.398744482041168e-47 2.418779024913124e-45 5714
15.5564 1.495315656470559e-47 2.802824741044773e-45 5982
16.2635 1.585391230099501e-47 3.368757625410109e-45 6602
16.9706 1.808253703604071e-47 3.942815568801523e-45 7130
17.6777 2.043250038273671e-47 4.825756298969744e-45 8034
18.3848 2.395382396770576e-47 5.414019010360589e-45 8606
19.0919 2.516043944753975e-47 6.3618790331692e-45 9066
19.799 2.860984974115954e-47 7.57286367623322e-45 9962
20.5061 3.170199975508021e-47 8.687292752966993e-45 10550
21.2132 3.480546405946914e-47 1.000947570467081e-44 11226
21.9203 3.867736871935387e-47 1.114836840796913e-44 12146
22.6274 3.883948927429664e-47 1.203103515760008e-44 12303
23.3345 3.953182097649688e-47 1.295097352817612e-44 12584
24.0416 3.871604381602588e-47 1.342706973809679e-44 12120
24.7487 3.674981401766329e-47 1.337138845252561e-44 11180
25.4559 3.745876070930774e-47 1.41824249713999e-44 11096
26.163 3.464008759581749e-47 1.337747140773734e-44 10056
26.8701 3.299086296851353e-47 1.369993937721238e-44 9716
27.5772 3.106656264381502e-47 1.289589392602625e-44 8604
28.2843 2.942605369749088e-47 1.326231348751868e-44 8060
28.9914 2.618688586408433e-47 1.283375409803893e-44 7320
29.6985 2.497635502283984e-47 1.167870237275165e-44 6356
30.4056 2.087118603660276e-47 1.009914293727187e-44 5348
31.1127 1.697722793218445e-47 8.399725334754358e-45 4308
31.8198 1.382151492982463e-47 7.382054096205769e-45 3563
32.5269 9.523226668312478e-48 5.233979000138484e-45 2448
33.234 7.804369439961018e-48 4.313876276383838e-45 1868
33.9411 5.718605302841853e-48 3.246850451122549e-45 1358
34.6482 4.867101899916349e-48 2.680263476758051e-45 1062
35.3554 3.376443082420073e-48 2.203381131926599e-45 776
36.0625 1.767837510428939e-48 9.048333806601326e-46 432
36.7696 7.372383875345516e-49 5.919229251297112e-46 200
37.4767 7.32502166500128e-49 4.401368441666935e-46 168
38.1838 2.059231502560387e-49 1.932900653144693e-46 56
38.8909 1.922019187081085e-50 3.215559615864483e-48 7

0.707107 1.243676630946973e-20 1.610831372529501e-20 18
1.41421 6.354483260146891e-20 3.364766359567853e-19 62
2.12132 1.312166868314835e-19 6.716703285044371e-19 98
2.82843 3.292242628255136e-19 2.356182759321195e-18 210
3.53554 6.182522203357298e-19 6.396515162443024e-18 350
4.24264 6.974890946920805e-19 1.222599423003885e-17 450
4.94975 8.92348728873435e-19 2.105240037578431e-17 602
5.65686 5.57163272116943e-19 1.422904345174163e-17 762
6.36396 2.800826749620038e-48 9.514530679555077e-47 1142
7.07107 2.726579319070098e-48 1.422293038514821e-46 1250
7.77818 2.969308100472186e-48 1.702919254618902e-46 1458
8.48528 4.235479986413183e-48 2.712888714875395e-46 1814
9.19239 4.907361681552901e-48 3.561104816301056e-46 2178
9.8995 5.099189380252219e-48 4.71204189377275e-46 2498
10.6066 5.570603510744169e-48 5.864565724508793e-46 2622
11.3137 7.100352418001079e-48 8.483600371486869e-46 3338
12.0208 8.275433053094764e-48 1.044260078608221e-45 3722
12.7279 9.306968751404273e-48 1.291831170448281e-45 4170
13.435 9.95792012642548e-48 1.461127172315298e-45 4358
14.1421 1.184165628802276e-47 1.908952755810161e-45 5034
14.8492 1.359762218656891e-47 2.391836244347753e-45 5714
15.5564 1.435962866498768e-47 2.8169149216282e-45 5982
16.2635 1.575303948782051e-47 3.295527750693983e-45 6602
16.9706 1.789369997212065e-47 3.83336969690071e-45 7130
17.6777 2.050614533075953e-47 4.641897367970616e-45 8034
18.3848 2.28713895415732e-47 5.48343524084438e-45 8606
19.0919 2.448427621958634e-47 6.271593204410127e-45 9066
19.799 2.808718994691884e-47 7.486800984127531e-45 9962
20.5061 3.105771288851791e-47 8.560735720041431e-45 10550
21.2132 3.406861908759437e-47 9.844413944301043e-45 11226
21.9203 3.714419279876584e-47 1.109502916005238e-44 12146
22.6274 3.846913286413453e-47 1.172902947455094e-44 12303
23.3345 3.871568279538088e-47 1.270109088715928e-44 12584
24.0416 3.719841273070683e-47 1.346320447199616e-44 12120
24.7487 3.588452703468887e-47 1.318087658830886e-44 11180
25.4559 3.617893280399893e-47 1.413195911024046e-44 11096
26.163 3.364696951239271e-47 1.322969408642912e-44 10056
26.8701 3.265736640481276e-47 1.337317684316922e-44 9716
27.5772 3.001069603752683e-47 1.30082879701327e-44 8604
28.2843 2.953861153580092e-47 1.278501604775747e-44 8060
28.9914 2.664053810634882e-47 1.215450312809606e-44 7320
29.6985 2.466412453695913e-47 1.136385288617328e-44 6356
30.4056 2.072143703199383e-47 9.774721554544186e-45 5348
31.1127 1.749314153131991e-47 7.830870264737043e-45 4308
31.8198 1.335548640453069e-47 7.388182533991277e-45 3563
32.5269 9.199901966173174e-48 5.300618357155779e-45 2448
33.234 7.78717089194525e-48 4.271805698144636e-45 1868
33.9411 5.836213062105344e-48 3.039270399986329e-45 1358
34.6482 4.603489328996773e-48 2.769607834519267e-45 1062
35.3554 3.395229897833357e-48 2.082999675863013e-45 776
36.0625 1.653674780529386e-48 9.370057925368348e-46 432
36.7696 8.034693202605014e-49 5.18940618290462e-46 200
37.4767 7.155376239302369e-49 4.447157819749035e-46 168
38.1838 2.290280692991835e-49 1.850721917511682e-46 56
38.8909 2.215337329275011e-50 5.306388151403139e-48 7

0.707107 1.626966483821465e-20 1.307284611782954e-20 18
1.41421 1.128179348544175e-19 2.496975829690499e-19 62
2.12132 1.35589053241612e-19 6.060775655840227e-19 98
2.82843 3.329987023684872e-19 2.15442010393125e-18 210
3.53554 5.153980484049629e-19 7.25933592116826e-18 350
4.24264 6.829037487435452e-19 1.164420199893481e-17 450
4.94975 8.238458052198466e-19 2.123827084865631e-17 602
5.65686 5.687442034010187e-19 1.279278187996867e-17 762
6.36396 2.665798185914713e-48 9.708057170396568e-47 1142
7.07107 2.828642592020551e-48 1.303349430000685e-46 1250
7.77818 2.89271900430432e-48 1.671695174085378e-46 1458
8.48528 4.037072897587445e-48 2.741455582207999e-46 1814
9.19239 4.847643923622381e-48 3.494898774623287e-46 2178
9.8995 5.199774214020831e-48 4.439608244678059e-46 2498
10.6066 5.615168018482634e-48 5.608005225045157e-46 2622
11.3137 7.573081287675784e-48 7.646671936109014e-46 3338
12.0208 8.283215001048693e-48 1.012783122074777e-45 3722
12.7279 9.146272464357858e-48 1.270258291140232e-45 4170
13.435 9.394614800356667e-48 1.487108342686922e-45 4358
14.1421 1.143692834673911e-47 1.893789890487215e-45 5034
14.8492 1.345171573198508e-47 2.328662899867965e-45 5714
15.5564 1.427267017569553e-47 2.750948395447876e-45 5982
16.2635 1.553440332829656e-47 3.187672619696282e-45 6602
16.9706 1.775610350305656e-47 3.714497322360104e-45 7130
17.6777 2.023507504074441e-47 4.53131309465397e-45 8034
18.3848 2.184682152676605e-47 5.576632409198459e-45 8606
19.0919 2.382081199822375e-47 6.222203492982601e-45 9066
19.799 2.750112450427329e-47 7.375658177385767e-45 9962
20.5061 3.117082879713267e-47 8.247305885100667e-45 10550
21.2132 3.412287633511004e-47 9.533320645588785e-45 11226
21.9203 3.691787620768672e-47 1.082467542455944e-44 12146
22.6274 3.781363623220133e-47 1.14504703023139e-44 12303
23.3345 3.809623982824144e-47 1.253565232221043e-44 12584
24.0416 3.711908430432149e-47 1.303744512025413e-44 12120
24.7487 3.5361615058824e-47 1.286372734182557e-44 11180
25.4559 3.580275332827411e-47 1.377836637338454e-44 11096
26.163 3.253887060318596e-47 1.314675667738148e-44 10056
26.8701 3.204378364743756e-47 1.314225830599168e-44 9716
27.5772 3.04301627849516e-47 1.241893218176218e-44 8604
28.2843 2.893048983726669e-47 1.260278043867139e-44 8060
28.9914 2.661909066133208e-47 1.181848907674812e-44 7320
29.6985 2.33855333581074e-47 1.148475422887238e-44 6356
30.4056 2.060482522374763e-47 9.504389285239241e-45 5348
31.1127 1.638002348642367e-47 8.060793147042622e-45 4308
31.8198 1.348305701169307e-47 7.068269072130408e-45 3563
32.5269 9.341609444998551e-48 5.11617824779069e-45 2448
33.234 7.186362688678604e-48 4.370956906262349e-45 1868
33.9411 5.476241788646181e-48 3.112675531033549e-45 1358
34.6482 4.828518340181539e-48 2.523760569671779e-45 1062
35.3554 3.508757777038528e-48 1.933946077793949e-45 776
36.0625 1.729366120320067e-48 8.861978974890756e-46 432
36.7696 8.480380887089421e-49 4.673122317253817e-46 200
37.4767 6.799638455116069e-49 4.451557706124201e-46 168
38.1838 2.507959521791496e-49 1.765461110823973e-46 56
38.8909 1.446311546067031e-50 1.080164062620815e-47 7

0.707107 2.091612285235077e-20 9.941074260622616e-21 18
1.41421 9.1285644349866e-20 2.556998899062987e-19 62
2.12132 1.226713268897337e-19 6.399819410892599e-19 98
2.82843 3.267239462394042e-19 2.005456857074475e-18 210
3.53554 4.670990358910867e-19 7.256898476942393e-18 350
4.24264 6.586052848354768e-19 1.129147931539191e-17 450
4.94975 8.474201113404511e-19 1.931460258707611e-17 602
5.65686 5.384810058969558e-19 1.26666684082295e-17 762
6.36396 2.558636677364808e-48 9.777774573006489e-47 1142
7.07107 2.753015374324376e-48 1.285995803557386e-46 1250
7.77818 2.844967773839975e-48 1.608370685953002e-46 1458
8.48528 4.097784988176807e-48 2.60239596945718e-46 1814
9.19239 4.633227299876922e-48 3.532243221895943e-46 2178
9.8995 4.9887740811935e-48 4.474173878611573e-46 2498
10.6066 5.641487060768049e-48 5.475977364601573e-46 2622
11.3137 7.253905861938423e-48 7.745866959470796e-46 3338
12.0208 8.201938150583094e-48 9.791022281745967e-46 3722
12.7279 8.907565497663264e-48 1.246155395007163e-45 4170
13.435 9.490061207640516e-48 1.426865893815783e-45 4358
14.1421 1.120122708908412e-47 1.879950598047825e-45 5034
14.8492 1.344240301008356e-47 2.25315911769901e-45 5714
15.5564 1.421740520452601e-47 2.684462320266391e-45 5982
16.2635 1.502949550627448e-47 3.172129047156481e-45 6602
16.9706 1.735873455884062e-47 3.652490740878429e-45 7130
17.6777 1.960743744950782e-47 4.540519661504831e-45 8034
18.3848 2.235470472994482e-47 5.261051901472588e-45 8606
19.0919 2.357098524348164e-47 6.077252566986345e-45 9066
19.799 2.71487454519799e-47 7.230977709783862e-45 9962
20.5061 2.979860714736323e-47 8.309131894325475e-45 10550
21.2132 3.307756885335843e-47 9.497812282558907e-45 11226
21.9203 3.667040262265668e-47 1.060312617448769e-44 12146
22.6274 3.705980715701826e-47 1.132849142047585e-44 12303
23.3345 3.7242545939336e-47 1.23346984215528e-44 12584
24.0416 3.628863395419069e-47 1.293102115941872e-44 12120
24.7487 3.434740948784742e-47 1.281958472778215e-44 11180
25.4559 3.553447805922732e-47 1.338116530269888e-44 11096
26.163 3.20159405815556e-47 1.286429237964807e-44 10056
26.8701 3.102757730800538e-47 1.313566116885023e-44 9716
27.5772 2.958685077131951e-47 1.247252063183431e-44 8604
28.2843 2.838952778910453e-47 1.242390551991867e-44 8060
28.9914 2.59410383349199e-47 1.185648308244082e-44 7320
29.6985 2.365698324060216e-47 1.093665286100614e-44 6356
30.4056 1.949928611007473e-47 9.621281767941776e-45 5348
31.1127 1.595385010080251e-47 7.93758674885782e-45 4308
31.8198 1.321100033600701e-47 6.925346037414574e-45 3563
32.5269 9.315637553419082e-48 4.998617904595428e-45 2448
33.234 7.17606444033741e-48 4.240187665855464e-45 1868
33.9411 5.544737214453379e-48 2.918939609425476e-45 1358
34.6482 4.425570775467626e-48 2.617625559124342e-45 1062
35.3554 3.315002795071549e-48 1.960556324684787e-45 776
36.0625 1.657916711505057e-48 8.780207727506769e-46 432
36.7696 7.937775918069909e-49 4.843372931078756e-46 200
37.4767 6.699737360306313e-49 4.382885672489628e-46 168
38.1838 2.690053941458874e-49 1.714470344089452e-46 56
38.8909 8.954422996312215e-51 1.496678729967297e-47 7

0.707107 1.91744410847997e-20 1.033803501519324e-20 18
1.41421 8.311690479541767e-20 2.566802189143449e-19 62
2.12132 1.315942269887013e-19 5.55379007116474e-19 98
2.82843 2.516518229296885e-19 2.471681998981707e-18 210
3.53554 5.813243407932947e-19 5.438355647616278e-18 350
4.24264 5.936692798345321e-19 1.168837636280247e-17 450
4.94975 7.397188161498697e-19 2.050372341859991e-17 602
5.65686 4.761155766642695e-19 1.355457451768636e-17 762
6.36396 2.588038605140461e-48 9.311655091840439e-47 1142
7.07107 2.766040914768099e-48 1.229798101640347e-46 1250
7.77818 2.821231032923726e-48 1.575987288981011e-46 1458
8.48528 4.009918101813905e-48 2.565009471143035e-46 1814
9.19239 4.632758523302206e-48 3.382291162420319e-46 2178
9.8995 5.007432615930273e-48 4.315622978276711e-46 2498
10.6066 5.530818402705142e-48 5.421623769387496e-46 2622
11.3137 6.983990994631439e-48 7.802342207930012e-46 3338
12.0208 8.147271202518258e-48 9.52773822921614e-46 3722
12.7279 8.93392187083696e-48 1.205156613119749e-45 4170
13.435 9.117527279185353e-48 1.426257098468953e-45 4358
14.1421 1.123154014642152e-47 1.823639689477237e-45 5034
14.8492 1.296017887863395e-47 2.254277044767496e-45 5714
15.5564 1.403756343560545e-47 2.616531454968376e-45 5982
16.2635 1.494879593940019e-47 3.102959590344552e-45 6602
16.9706 1.676729156638081e-47 3.653725183572548e-45 7130
17.6777 1.953158248442615e-47 4.406358236914776e-45 8034
18.3848 2.162570264132831e-47 5.240169214654881e-45 8606
19.0919 2.335681904328747e-47 5.926295527498501e-45 9066
19.799 2.648569991121679e-47 7.186038565870306e-45 9962
20.5061 2.968520051086882e-47 8.08205380216343e-45 10550
21.2132 3.251645963143397e-47 9.289680549066187e-45 11226
21.9203 3.475629588033409e-47 1.076749202816851e-44 12146
22.6274 3.690785574918794e-47 1.095256975304887e-44 12303
23.3345 3.664235078406686e-47 1.211708761765281e-44 12584
24.0416 3.59609248934047e-47 1.264867246308753e-44 12120
24.7487 3.452573822242432e-47 1.228078983296296e-44 11180
25.4559 3.481416161000382e-47 1.31556140121337e-44 11096
26.163 3.144992889808094e-47 1.263436232838317e-44 10056
26.8701 3.105440330571362e-47 1.267192097254447e-44 9716
27.5772 2.893758837070394e-47 1.237704049324644e-44 8604
28.2843 2.80255295663842e-47 1.231845270361377e-44 8060
28.9914 2.52512454381712e-47 1.164504645460283e-44 7320
29.6985 2.337853974877182e-47 1.068125595674574e-44 6356
30.4056 1.886548484675067e-47 9.58849439240548e-45 5348
31.1127 1.545798779716913e-47 7.912424114847173e-45 4308
31.8198 1.303322185237344e-47 6.805235009872572e-45 3563
32.5269 8.950648159133247e-48 5.014919565104194e-45 2448
33.234 7.206267820565956e-48 4.082185104441042e-45 1868
33.9411 4.952081208134179e-48 3.143707193888867e-45 1358
34.6482 4.343160715803096e-48 2.564367561439236e-45 1062
35.3554 3.171162357371308e-48 1.940327483153269e-45 776
36.0625 1.412417501582257e-48 9.986980397280781e-46 432
36.7696 7.988078352131111e-49 4.761817000601572e-46 200
37.4767 6.413071792647925e-49 4.203750499689939e-46 168
38.1838 2.697299731045104e-49 1.585420003488357e-46 56
38.8909 3.561989642083116e-51 1.626463253522382e-47 7

0.707107 1.269672201005772e-20 1.331115326327767e-20 18
1.41421 9.66759091939177e-20 2.422246162847436e-19 62
2.12132 1.042297443030345e-19 6.247496612547247e-19 98
2.82843 2.575080289276391e-19 2.262479691954857e-18 210
3.53554 4.70546563142504e-19 6.386748804621391e-18 350
4.24264 5.605999309737581e-19 1.158873610936243e-17 450
4.94975 7.771385419569189e-19 1.82422596543825e-17 602
5.65686 4.261263804989376e-19 1.411683496983634e-17 762
6.36396 2.347100403666506e-48 9.776434205239199e-47 1142
7.07107 2.616972766447532e-48 1.264084475048254e-46 1250
7.77818 2.6073114619079e-48 1.642888278699413e-46 1458
8.48528 3.972140545475876e-48 2.507231425461122e-46 1814
9.19239 4.631041197587034e-48 3.284434225891927e-46 2178
9.8995 4.761888009592488e-48 4.366719944399746e-46 2498
10.6066 5.171436501488387e-48 5.592856646108182e-46 2622
11.3137 6.844086231885876e-48 7.703723113597646e-46 3338
12.0208 7.789507013824409e-48 9.518582426418983e-46 3722
12.7279 8.67692986556383e-48 1.192631594512999e-45 4170
13.435 9.049816020041319e-48 1.391284658253005e-45 4358
14.1421 1.101700784197564e-47 1.802459995994576e-45 5034
14.8492 1.270841029324024e-47 2.213489689225967e-45 5714
15.5564 1.382725737277555e-47 2.582191150396361e-45 5982
16.2635 1.505130580045771e-47 2.99588535776019e-45 6602
16.9706 1.674944557797558e-47 3.55143621548775e-45 7130
17.6777 1.907398913786434e-47 4.373023942937223e-45 8034
18.3848 2.114876021029442e-47 5.166428082888e-45 8606
19.0919 2.272263649805236e-47 5.866689198677264e-45 9066
19.799 2.606480454695937e-47 7.06071036124207e-45 9962
20.5061 2.882902537865903e-47 8.014307068998059e-45 10550
21.2132 3.173955487499395e-47 9.185385548284475e-45 11226
21.9203 3.516326014201892e-47 1.031880547768478e-44 12146
22.6274 3.533827454050095e-47 1.110065150776805e-44 12303
23.3345 3.654749053730226e-47 1.178234961616413e-44 12584
24.0416 3.59940877748397e-47 1.224009301066706e-44 12120
24.7487 3.320842550558383e-47 1.228820488318315e-44 11180
25.4559 3.436906800632596e-47 1.29126325662299e-44 11096
26.163 3.102157766029826e-47 1.237548915749905e-44 10056
26.8701 3.042391404212666e-47 1.252796885962547e-44 9716
27.5772 2.785639296871992e-47 1.248833874963036e-44 8604
28.2843 2.712188445475169e-47 1.227906866873147e-44 8060
28.9914 2.438949506396724e-47 1.160933454591828e-44 7320
29.6985 2.264060405269772e-47 1.067010998971788e-44 6356
30.4056 1.896764348252299e-47 9.179537408217155e-45 5348
31.1127 1.50163813144495e-47 7.854054879464111e-45 4308
31.8198 1.303704622472168e-47 6.583271163175639e-45 3563
32.5269 8.781165065860507e-48 4.937209992274114e-45 2448
33.234 6.901738995120132e-48 4.116878908139953e-45 1868
33.9411 5.115605678818692e-48 2.954082475873262e-45 1358
34.6482 4.297106525830385e-48 2.52472470772508e-45 1062
35.3554 3.209606930524011e-48 1.826058031753056e-45 776
36.0625 1.527904555446766e-48 9.094250301018353e-46 432
36.7696 8.210740598462045e-49 4.670537118133818e-46 200
37.4767 6.503222807867795e-49 4.045588617462398e-46 168
38.1838 2.732875203708875e-49 1.506524893283961e-46 56
38.8909 5.496331213491987e-51 1.258950644360832e-47 7

