#t    E^kin_scal0    E^grad_scal0    E^kin_scal1    E^grad_scal1    Vpot_term_0    Vpot_term_1    E_tot
0    0.125000208327257    5.99749602514328e-14    2.43082251294073e-13    1.87466119434509e-14    0.250000000000022    2.41877546590495e-13    0.375000208327843
0.5    0.0694732610601796    1.19159239753121e-14    5.2124991915574e-14    3.47892902791681e-15    0.0720499151730538    5.35748284429485e-14    0.141523176233354
1    0.0307207421041665    3.03553744074921e-15    1.20232809731936e-14    1.01380239448321e-15    0.0110937681102814    1.19695528780321e-14    0.0418145102144759
1.5    0.0115958787756252    1.2952358390264e-15    3.29187934359702e-15    5.2150367046906e-16    0.000653020997519687    2.48998290761625e-15    0.0122488997731525
2    0.00452350675793125    6.82215647285167e-16    8.19114491452576e-16    5.42209727842427e-16    1.66076910866956e-06    1.90642988381181e-16    0.00452516752704216
2.49999999999999    0.00211152606309392    4.19176989483146e-16    4.86491195472965e-16    3.97333424386804e-16    1.09694207675247e-05    5.48019430789842e-16    0.00212249548386329
2.99999999999998    0.000925890701155491    2.54811352937293e-16    6.11144352675427e-16    1.32693465352975e-16    0.000282862954587137    1.09724431617397e-15    0.00120875365574472
3.49999999999997    8.53073686116075e-05    1.64203167524032e-16    1.02997574927762e-15    5.42438619835673e-17    0.00087379276958291    6.98397638799425e-16    0.000959100138196465
3.99999999999996    0.000183073682170406    1.11486852732554e-16    7.40325373313921e-16    3.56896630986594e-17    0.000745945948101235    5.16469749132037e-16    0.000929019630273045
4.49999999999995    0.000520658819592069    7.90125698250192e-17    3.98830836560028e-16    2.53681090576224e-17    0.000181492109084923    2.65261700290221e-16    0.000702150928677761
4.99999999999994    0.00043053381801015    6.1495955928287e-17    1.4987430804839e-16    3.83693923284063e-17    8.98410419463815e-06    9.33502398426368e-17    0.000439517922205131
5.49999999999993    0.000279958080897832    4.6752869272586e-17    5.25476177540282e-17    5.28370226009462e-17    1.1294712954884e-12    8.0585909853248e-20    0.000279958082027456
5.99999999999992    0.000183329044664796    3.5458075655207e-17    1.50637084223498e-16    1.68659776344985e-17    5.98214147698264e-06    8.79389584637864e-17    0.00018931118614207
6.49999999999991    8.0105447709803e-05    2.53068894906732e-17    2.32568483464819e-16    8.57808207150404e-18    6.17615812074076e-05    8.42251340656245e-17    0.000141867028917561
6.9999999999999    5.48905441684744e-07    1.83535193637009e-17    1.85902905204538e-16    5.10443202081453e-18    0.000130623831201988    1.36984530229994e-16    0.000131172736644019
7.49999999999988    4.86110698164875e-05    1.59687583355128e-17    1.20534146060549e-16    4.65754575617416e-18    7.64659624812247e-05    1.14004588109064e-16    0.000125077032297967
7.99999999999987    8.73867601157289e-05    1.25602766832681e-17    6.29244438626569e-17    6.9265513148546e-18    1.17840344659202e-05    6.22924135153456e-17    9.91707945817938e-05
8.49999999999986    7.27050040520627e-05    1.17204074335182e-17    3.27539580926855e-17    1.02165409603297e-17    1.53055241330467e-07    9.99852494971183e-18    7.28580592934578e-05
8.99999999999985    5.44382002056751e-05    9.46861079826379e-18    1.1997381620885e-17    1.68510304193644e-17    6.61998791134692e-08    2.52895702689886e-17    5.45044000848522e-05
9.49999999999984    3.68527578835011e-05    7.44794202380479e-18    9.33027454390089e-17    5.11245766924294e-18    5.36801360321438e-06    4.07110061432985e-17    4.2220771486862e-05
9.99999999999983    9.80047847637691e-06    5.76942691318612e-18    6.67161860122622e-17    2.56299574547593e-18    2.65054580145774e-05    1.21721411825552e-16    3.63059364911511e-05
10.4999999999998    2.19462634871935e-06    4.6733662687664e-18    4.51374851443196e-17    2.1841699850036e-18    3.34793045820563e-05    1.28189383615192e-16    3.56739309309559e-05
10.9999999999998    2.10749360892773e-05    4.28018407488995e-18    2.96802435892177e-17    2.53856308380073e-18    1.16332574240666e-05    8.79123846425545e-17    3.27081935134683e-05
11.4999999999998    2.57028960926495e-05    3.92213045925177e-18    1.92310246723917e-17    3.29246690931544e-18    8.6293467749074e-07    3.12063003375438e-17    2.65658307701979e-05
11.9999999999998    2.11491416618483e-05    3.48332193925801e-18    1.81671517994891e-17    6.91656364363883e-18    2.50057046646477e-11    3.45904470053822e-19    2.11491666675818e-05
12.4999999999998    1.67624743042391e-05    3.00697345696391e-18    2.97336532523546e-17    6.59339614416166e-18    3.34716091088263e-07    7.7413731931906e-17    1.70971903954441e-05
12.9999999999998    9.4884826499989e-06    2.39042619639692e-18    9.29018336738674e-17    1.87670662051955e-18    4.88479653005994e-06    8.94479881454839e-17    1.43732791802455e-05
13.4999999999998    5.30525481665297e-07    1.89424621766228e-18    2.04458920317169e-17    2.22696675284367e-18    1.29615800989257e-05    1.80327430771585e-16    1.34921055807959e-05
13.9999999999997    3.9061894998614e-06    1.7523880904327e-18    2.04556671835753e-17    2.05158217148538e-18    9.36381930220106e-06    1.47363627782203e-16    1.32700088022341e-05
14.4999999999997    9.99886272739594e-06    1.65967514377138e-18    8.94532482566134e-17    1.24464994535717e-18    1.78381882394472e-06    1.42488685604006e-17    1.17826815514473e-05
14.9999999999997    9.80609106223734e-06    1.5469100283815e-18    3.63973038533409e-17    1.74919844558727e-18    3.56937005961148e-08    3.24443835866674e-18    9.84178476287639e-06
15.4999999999997    8.22720268475099e-06    1.44032653748906e-18    1.33352594537727e-17    1.13636312413249e-17    4.74773996585428e-09    2.15673203851374e-17    8.23195042476455e-06
15.9999999999997    6.29402855996582e-06    1.17243941481649e-18    1.88403024395455e-16    1.00153652238059e-18    6.91489348820682e-07    9.02845937043765e-18    6.98551790898611e-06
16.4999999999998    2.18234657817142e-06    9.35413398834415e-19    1.4385712115461e-17    3.59598844489686e-18    4.0906616895644e-06    2.65074520610206e-16    6.27300826801981e-06
16.9999999999999    1.58438493842788e-07    8.80145647648643e-19    3.21511545924177e-17    2.81259207649077e-18    6.01366377873709e-06    2.52418741747934e-16    6.17210227286814e-06
17.4999999999999    3.47365117863727e-06    7.56224194717555e-19    9.58561780531937e-17    2.30607373123241e-18    2.42239655290187e-06    1.18899928204172e-16    5.89604773175696e-06
18    4.95583838095306e-06    7.83325488071641e-19    1.0439583214418e-17    4.16464734456602e-18    2.16660737720799e-07    8.81222942855647e-17    5.17249911877736e-06
18.5000000000001    4.4424941804025e-06    7.61694400399145e-19    4.28746591590423e-17    6.38283019915934e-18    5.37621425127951e-11    1.55529347968379e-18    4.44254794259659e-06
19.0000000000002    3.78464487780418e-06    6.36507890356862e-19    2.72789900666203e-17    1.64507524436116e-17    5.49568003470096e-08    1.91378525514731e-16    3.83960167838693e-06
19.5000000000002    2.39894287291257e-06    5.67744640679822e-19    9.6217894090324e-17    6.13332820332096e-18    9.917784377668e-07    3.34679938113484e-16    3.39072131111697e-06
20.0000000000003    2.34783413243213e-07    4.52442549756974e-19    9.3022972331535e-17    4.81429415170308e-18    2.98434950155837e-06    4.12545495988564e-16    3.21913291531242e-06
20.5000000000004    7.63092212326376e-07    4.22028840044875e-19    1.26160054589623e-16    4.19285504192419e-18    2.427434298853e-06    3.30894519047896e-16    3.19052651164105e-06
21.0000000000005    2.43084466585764e-06    4.2364085568941e-19    2.75925077835976e-16    5.22413825190436e-19    5.23798570621094e-07    1.53072550442647e-17    2.95464323677091e-06
21.5000000000006    2.59044207498513e-06    4.21221818726067e-19    1.07589470228586e-16    1.06215682639195e-18    1.36926235247737e-08    7.60796479659808e-18    2.60413469862659e-06
22.0000000000006    2.28850551796773e-06    3.80718035884927e-19    4.90691547211675e-17    2.9320646024601e-17    6.74072538708245e-10    4.37797538677502e-17    2.28917959062899e-06
22.5000000000007    1.86181684820448e-06    3.60758293552022e-19    6.22078900382323e-16    6.61617856078717e-19    1.66341886360076e-07    2.02868731876117e-17    2.02815873520795e-06
23.0000000000008    7.48109639254168e-07    2.62859691932877e-19    1.104613120031e-16    1.13742457032338e-17    1.11627776216794e-06    7.88315762062176e-16    1.86438740233252e-06
23.5000000000009    1.78230074603827e-08    2.61492962555723e-19    3.4117932122895e-16    7.29706975893412e-18    1.81831893784532e-06    6.36222555745831e-16    1.83614194629067e-06
24.000000000001    9.73362261126455e-07    2.43781928477252e-19    5.48672039813692e-16    4.23067984431657e-18    8.10727342310195e-07    2.26469574160177e-16    1.78408960421627e-06
24.500000000001    1.5410559243109e-06    2.45241658726774e-19    1.93033516980032e-17    1.61025078559096e-17    8.27830534471607e-08    3.66561531680346e-16    1.62383897816028e-06
25.0000000000011    1.44890147609397e-06    2.39385002911041e-19    1.70930084232654e-16    1.7159484475826e-17    6.24846287319149e-11    8.53766027481243e-18    1.44896396091956e-06
25.5000000000012    1.2826963568609e-06    2.32758474448122e-19    4.70617412610984e-17    7.16289566404229e-17    1.40765568585123e-08    6.99849924859659e-16    1.29677291453819e-06
26.0000000000013    8.72430189867774e-07    1.84140378141991e-19    1.17896801045694e-16    3.15298396691076e-17    3.04232493021356e-07    1.51307602803451e-15    1.17666268455182e-06
26.5000000000013    1.17427826315903e-07    1.60625633018411e-19    9.31199993812854e-16    1.3925639504395e-17    1.00800148236005e-06    1.10612013131329e-15    1.12542931072736e-06
27.0000000000014    2.21221037849932e-07    1.58225104217854e-19    1.06841992530276e-15    1.136113570693e-17    8.97600311313537e-07    8.5782117758347e-16    1.11882135110123e-06
27.5000000000015    8.45719156585154e-07    1.45640682877983e-19    1.09876480053053e-15    2.30977921960185e-18    2.13239822537854e-07    1.44135056659366e-16    1.05895898036836e-06
28.0000000000016    9.54459795196163e-07    1.61590383231611e-19    4.60051307383874e-16    3.81830282969525e-18    6.85079364720647e-09    4.63108029978332e-17    9.61310589353712e-07
28.5000000000017    8.6900131883711e-07    1.4578871307718e-19    2.44180036066111e-16    1.22744258437425e-16    1.25723191188053e-10    1.26589869791106e-16    8.69127042521958e-07
29.0000000000017    7.34929520252134e-07    1.35950781643953e-19    2.67767776441762e-15    7.53567093835399e-18    5.46776144704428e-08    2.40652441768884e-16    7.89607137648578e-07
29.5000000000018    3.27809801106548e-07    1.10240746481501e-19    1.34910500472372e-15    4.31068413097832e-17    4.08647155764054e-07    2.72140098966658e-15    7.36456960984325e-07
30.0000000000019    1.60907194317693e-09    1.01297371071274e-19    2.97935044447374e-15    2.03168618015143e-17    7.24163816002947e-07    1.64566379440771e-15    7.25772892591556e-07
30.500000000002    3.60562812319829e-07    9.86877275473534e-20    3.35812244057141e-15    7.97436523455102e-18    3.51079823791463e-07    4.04461189063771e-16    7.11642639881948e-07
31.000000000002    6.2186672175687e-07    1.01247029263037e-19    1.34608685289466e-16    8.15246311930987e-17    3.99907765482877e-08    1.88808104451592e-15    6.61857500409473e-07
31.5000000000021    6.04253935844532e-07    1.02601981687892e-19    8.89326276305665e-16    6.84989617804992e-17    6.40677136494802e-11    5.34008454223283e-17    6.0431800456951e-07
32.0000000000022    5.4797540607151e-07    9.52190293645982e-20    9.71389341547932e-17    3.9484497758813e-16    4.57992138592698e-09    3.23936196591496e-15    5.52555331188878e-07
32.5000000000021    3.92373077102877e-07    8.46471331860494e-20    1.33846940236573e-16    1.82922729320901e-16    1.17697027588375e-07    7.85363115198191e-15    5.10070112861737e-07
33.000000000002    6.62189942700975e-08    6.90793319079934e-20    7.79721063237846e-15    3.88176545061032e-17    4.2414455133683e-07    2.81803850134455e-15    4.90363556261064e-07
33.5000000000019    7.97371980129636e-08    6.66618312114209e-20    8.30122268536183e-15    2.82753326167457e-17    4.08446096131888e-07    1.99485502160862e-15    4.88183304469271e-07
34.0000000000018    3.62818004203604e-07    7.09197209062367e-20    4.99735834616558e-15    3.18116658995168e-17    1.05445197376111e-07    1.7279206238699e-15    4.68263208336876e-07
34.5000000000017    4.29082777774107e-07    6.77931685382986e-20    2.41238170609585e-15    3.17899173942993e-17    4.03044180292584e-09    3.87137016185616e-16    4.3311322240841e-07
35.0000000000016    3.98692477589502e-07    7.14194922631105e-20    1.4623707306081e-15    6.40736340738031e-16    2.56534043727432e-11    4.3212189251535e-16    3.98718133529176e-07
35.5000000000015    3.46587981700152e-07    6.27537989946249e-20    1.35975116582836e-14    1.04683482840316e-16    2.16550212241284e-08    2.63661228010232e-15    3.6824301926315e-07
36.0000000000014    1.67916172040877e-07    5.14528586649391e-20    1.32758285298452e-14    1.65116784128233e-16    1.78952540383204e-07    9.56563591594035e-15    3.46868735430714e-07
36.5000000000013    2.01838659328781e-13    4.92391531413946e-20    2.34833470723442e-14    4.38399717501644e-17    3.41985185245632e-07    3.21844732781578e-15    3.41985413829975e-07
37.0000000000012    1.58494454604632e-07    4.78568906066149e-20    2.1487249533108e-14    9.52661449611951e-18    1.78704821803201e-07    5.26688947760053e-16    3.37199298431346e-07
37.5000000000011    2.95678066130999e-07    4.81050415293932e-20    1.59788503222673e-15    4.6709180200741e-16    2.24234989800156e-08    1.1123659259445e-14    3.18101578299699e-07
38.000000000001    2.94884855599028e-07    5.11157624617884e-20    5.52323989877481e-15    3.25920986458946e-16    6.34009286450041e-11    3.57719405603831e-16    2.94948262734604e-07
38.5000000000009    2.71897689650722e-07    4.91382531970783e-20    2.25012286595606e-16    2.50972787886514e-15    1.72341161135448e-09    1.74476138929862e-14    2.73621121444479e-07
39.0000000000008    2.02793130808032e-07    4.15733113452e-20    2.15434057016293e-15    1.13119029359873e-15    5.28098721081789e-08    4.42990075981608e-14    2.55603050500791e-07
39.5000000000007    4.0884646256695e-08    3.90136326158781e-20    6.07712189016002e-14    7.44847913096602e-17    2.05761433396432e-07    4.77521159490124e-15    2.46646145274081e-07
40.0000000000006    3.28196865228911e-08    3.67594846047721e-20    6.17710985287349e-14    4.18436336817132e-17    2.12903198665552e-07    2.66388210101722e-15    2.45722949665304e-07
40.5000000000005    1.78521378436618e-07    3.35159308202485e-20    2.36300096944658e-14    3.79695026657668e-16    5.93002883257654e-08    1.92039594057317e-14    2.37821709976081e-07
41.0000000000004    2.20194882046168e-07    3.8259128873629e-20    1.43206975373334e-14    3.1071394175279e-16    2.64105201038561e-09    3.76046341826226e-15    2.22835952448467e-07
41.5000000000003    2.07734274661553e-07    3.78405634174231e-20    9.97193475498624e-15    3.83423063082663e-15    5.02082466193661e-12    1.56023963469701e-15    2.07739310852658e-07
42.0000000000002    1.84404286167154e-07    3.59501858594128e-20    7.66113050393682e-14    1.24784570442191e-15    9.69697054540257e-09    2.66998380905163e-14    1.94101361271582e-07
42.5000000000001    9.57644251958867e-08    4.96873427983168e-20    1.19413747709239e-13    5.53396808607069e-16    8.83896316942441e-08    2.92608066096929e-14    1.84154206118132e-07
43    3.29018353903284e-10    3.98712510885693e-20    1.73568128613198e-13    4.16042016969293e-17    1.81284381180624e-07    3.08943762046768e-15    1.81613576233738e-07
43.4999999999999    7.81345297124607e-08    2.91747058625694e-20    1.38009225582779e-13    9.61653190216964e-17    1.01599408123247e-07    8.78427655131379e-15    1.79734084725404e-07
43.9999999999998    1.57344179250138e-07    2.84999186978873e-20    1.9882225788425e-14    2.86293159726103e-15    1.39315613588041e-08    7.06794843822865e-14    1.71275834033612e-07
44.4999999999997    1.60507337449741e-07    3.62157259503551e-20    3.8846393158108e-14    1.70786104611469e-15    6.20763029950205e-11    2.47716197537686e-15    1.60569456784188e-07
44.9999999999996    1.49812158601905e-07    3.37212016249355e-20    1.32552559652957e-15    1.7586713715811e-14    7.12408604861945e-10    1.03874245379516e-13    1.50524689993285e-07
45.4999999999995    1.15592746337698e-07    1.11468926731889e-19    4.61008947418754e-14    7.20001995628608e-15    2.62516659035091e-08    2.59837327464974e-13    1.4184472537956e-07
45.9999999999994    2.70150695125994e-08    2.39240722385135e-19    4.48721181701276e-13    7.6528950020964e-17    1.10248495018618e-07    6.70922350281631e-15    1.37264020038391e-07
46.4999999999993    1.46881519866592e-08    9.43177166682757e-20    4.36476680862108e-13    1.26701102659243e-16    1.22105497308198e-07    1.44698038208657e-14    1.36794100368137e-07
46.9999999999992    9.67213032352174e-08    3.92427646383438e-20    1.05939758031138e-13    4.06830320816958e-15    3.65303441638599e-08    2.01414063202458e-13    1.33251958821241e-07
47.4999999999991    1.24181019731491e-07    6.58920134195352e-20    9.15340357945413e-14    3.16474246403266e-15    1.86751404702778e-09    3.93482724549151e-14    1.26048667825635e-07
47.999999999999    1.18604184103938e-07    1.19160846445492e-19    7.46819525536804e-14    2.52160518081528e-14    8.06753617302946e-13    5.37535830836667e-15    1.18605096131037e-07
48.4999999999989    1.07047072936212e-07    1.79758748328244e-19    4.60509242382858e-13    1.38785790205603e-14    4.73232639881107e-09    2.6095979745877e-13    1.11780134682822e-07
48.9999999999988    5.90488656636681e-08    1.81311639633052e-18    1.01905158689491e-12    1.22952461530913e-15    4.75846649853765e-08    5.71618023479194e-14    1.06634608093772e-07
49.4999999999987    7.40966028023557e-10    1.55317252834759e-18    1.19328777315532e-12    8.72432162497355e-16    1.04440595996364e-07    9.49200290329404e-14    1.05182851106175e-07
49.9999999999986    4.17783726075763e-08    2.93602241795439e-19    8.51295598536657e-13    2.89388951191339e-15    6.25831873347049e-08    2.27509951892165e-13    1.04362641642015e-07
50.4999999999985    9.08797904060218e-08    2.39761255813345e-19    2.3953716915978e-13    1.80571478776915e-14    9.32566630359813e-09    4.6347801399986e-13    1.00206177782191e-07
50.9999999999984    9.46641976922958e-08    8.15133216144989e-19    2.99028826843415e-13    9.40730393337325e-15    6.06323291670261e-11    1.72488863780879e-14    9.47251557072951e-08
51.4999999999983    8.91897240079833e-08    6.27384688365632e-19    1.97375946351643e-14    1.32239696287422e-13    3.13271146828528e-10    6.61611881494506e-13    8.95038087446117e-08
51.9999999999982    7.08462543585718e-08    7.82579346427371e-18    6.86073297461299e-13    4.58291005583832e-14    1.40600747287391e-08    1.53045542605714e-12    8.49085914529607e-08
52.4999999999981    1.87987702659943e-08    2.11104750540201e-17    3.10832969901625e-12    3.70158971297929e-15    6.35493571574084e-08    3.33428629104448e-13    8.2351572904431e-08
52.999999999998    6.91782223324404e-09    7.34275876735106e-18    2.8492350554188e-12    6.03435870945884e-15    7.51560685821193e-08    5.80786449801998e-13    8.207732687857e-08
53.4999999999979    5.62596241173492e-08    1.8864981498682e-18    3.94740804270402e-13    4.07443046091244e-14    2.40783588533055e-08    2.01864252842501e-12    8.03404371001785e-08
53.9999999999978    7.51565849730763e-08    4.19099780463013e-18    6.07281181817709e-13    3.27671462534234e-14    1.39679755515586e-09    4.2725839688846e-13    7.65544498391481e-08
54.4999999999977    7.2548248434062e-08    9.92030902355774e-18    6.00148008418135e-13    1.77521259229351e-13    7.87829029389888e-14    1.49606638746762e-14    7.25491198568168e-08
54.9999999999976    6.63684992644958e-08    1.22149199747819e-17    2.87545688692289e-12    1.49547372686668e-13    2.45882694774475e-09    2.5068605356939e-12    6.88328580892508e-08
55.4999999999975    3.86221311728823e-08    1.72752260915129e-16    8.32047534415614e-12    1.54737700565143e-15    2.73189006552318e-08    9.34704354419129e-14    6.5949447494023e-08
55.9999999999974    9.98153863578016e-10    1.59109176439483e-16    7.40423896212864e-12    2.86419607009117e-14    6.40507433596253e-08    2.68691757788944e-12    6.50590171808132e-08
56.4999999999973    2.37100557219488e-08    3.02352160906892e-17    4.76569829751163e-12    5.08891411711154e-14    4.09526865266251e-08    3.78639488102461e-12    6.46713452611288e-08
56.9999999999972    5.58520699947823e-08    2.15421467179517e-17    2.79076332945915e-12    1.13114387863353e-13    6.60424776371265e-09    3.01593213855657e-12    6.24622375898929e-08
57.4999999999971    5.93679670056646e-08    8.11117638424457e-17    2.46106704665045e-12    5.2303985335396e-14    5.92536344581819e-11    1.17157468446307e-13    5.9429851249735e-08
57.999999999997    5.63531857732229e-08    6.90919672238363e-17    2.94442601602736e-13    1.04743487552952e-12    1.43294838814493e-10    4.40698301149785e-12    5.6502229541618e-08
58.4999999999969    4.59041647069704e-08    7.38211217935233e-16    8.57347244034201e-12    2.82998287443523e-13    7.96456561792826e-09    8.74287627723919e-12    5.38863304101149e-08
58.9999999999968    1.36150753333674e-08    2.16655263899691e-15    1.96517135592971e-11    1.00655323253876e-13    3.87167172849622e-08    7.9665966521038e-12    5.23595137504169e-08
59.4999999999967    3.34203059719516e-09    8.04718717277577e-16    1.62953691421252e-11    1.29188009841713e-13    4.88121448527141e-08    1.15109328705557e-11    5.21821117446505e-08
59.9999999999966    3.45363908522349e-08    1.99386288253223e-16    9.18479177968665e-13    3.87049584516753e-13    1.67133143668602e-08    1.9375736260983e-11    5.12703866835049e-08
60.4999999999965    4.80392408767341e-08    4.16844849026107e-16    4.01766809654891e-12    3.43820223819625e-13    1.09029545865689e-09    4.74838276042034e-12    4.91386466233167e-08
60.9999999999964    4.6825247507248e-08    1.05466844562443e-15    5.09806740093898e-12    1.30661456745037e-12    1.6282365607207e-15    1.96127453182317e-14    4.68316744848668e-08
61.4999999999963    4.32892331438034e-08    1.00541405146591e-15    1.8194382097784e-11    1.58488903879602e-12    1.33779837386661e-09    2.37991554038896e-11    4.46706109496246e-08
61.9999999999962    2.64198577818179e-08    1.74319795601708e-14    6.45168199718074e-11    7.76475212088993e-14    1.64616072776379e-08    4.81820351685495e-12    4.29508951624452e-08
62.4999999999961    1.11933220199423e-09    1.73777744057436e-14    3.83605189388251e-11    5.10861681242842e-13    4.11702415726213e-08    4.47958388984778e-11    4.23732583719084e-08
62.999999999996    1.40513824615598e-08    3.43772890434541e-15    2.12788578083728e-11    6.94577758628443e-13    2.80529064765551e-08    5.05420218542715e-11    4.21768078332651e-08
63.4999999999959    3.59952229573644e-08    2.21718297233783e-15    3.1930259850788e-11    6.58525059285483e-13    4.88302308917027e-09    1.81199098644507e-11    4.09289569584922e-08
63.9999999999958    3.90660586202256e-08    8.58896050591956e-15    2.11675393996906e-11    2.64646910008958e-13    5.80078958727752e-11    7.01901497027844e-13    3.91462091928656e-08
64.4999999999961    3.72942514261012e-08    8.18169073736986e-15    3.96609844649124e-12    8.52512363901683e-12    6.68936743938581e-11    2.979664598468e-11    3.7403441150256e-08
64.9999999999963    3.09889941907872e-08    7.1828328136904e-14    9.69555320062657e-11    1.59575496419649e-12    4.69456913937454e-09    4.51733438728991e-11    3.58273597893332e-08
65.4999999999966    1.01284382368768e-08    2.29489659388529e-13    1.02807467727735e-10    1.71864665097193e-12    2.45080114408716e-08    1.25671011541633e-10    3.48668762933282e-08
65.9999999999969    1.60912809606226e-09    9.2155996049461e-14    6.61880185402777e-11    1.968499683353e-12    3.2894478605755e-08    1.6786868559034e-10    3.47397240616273e-08
66.4999999999971    2.2014816277991e-08    2.18783640229494e-14    4.59273476484096e-12    3.43710502996039e-12    1.20369511881643e-08    1.73678722782098e-10    3.42334979070963e-08
66.9999999999974    3.20073262468179e-08    4.31329154628503e-14    2.19395815442793e-11    3.82415821008801e-12    8.78709165841888e-10    5.58972795693019e-11    3.2967739564899e-08
67.4999999999976    3.15105251786869e-08    1.18008117275725e-13    4.52593600135397e-11    9.09469744357295e-12    2.23739641576704e-17    1.49097187439958e-14    3.1565012176354e-08
67.9999999999979    2.9158060403299e-08    8.28937135313118e-14    1.06277948392691e-10    1.62568469932136e-11    7.46827844660751e-10    2.16270707928261e-10    3.02437766449874e-08
68.4999999999981    1.8452494186728e-08    1.7002763377958e-12    4.32162616054752e-10    2.53718342328062e-12    1.01477362327934e-08    1.32869934792096e-10    2.91695004301293e-08
68.9999999999984    1.13250124666824e-09    1.84838621937147e-12    9.61987772550522e-11    7.11562858428498e-12    2.69556512965661e-08    5.80494682034377e-10    2.87738100173274e-08
69.4999999999986    8.44923643218995e-09    3.93727558055981e-13    2.69854452660963e-11    8.20762544518612e-12    1.95951378199534e-08    5.7828596248766e-10    2.86582470129003e-08
69.9999999999989    2.37971565570031e-08    2.22754567162794e-13    3.70643755111956e-10    1.95728665477678e-12    3.69806888811171e-09    5.09497913896264e-11    2.79189990328383e-08
70.4999999999992    2.65972659010132e-08    9.37109663635996e-13    1.6399392304731e-10    8.99104344062818e-13    5.69222222629996e-11    3.25238963297753e-12    2.68232706499642e-08
70.9999999999994    2.54302790453378e-08    1.04767600208784e-12    5.3966767111386e-11    5.73808159071803e-11    3.07580918880897e-11    1.6176652352826e-10    2.57351989197748e-08
71.4999999999997    2.0975354775553e-08    5.19863447607662e-12    8.89178263250403e-10    5.17435120746364e-12    2.75101135891329e-09    1.23869078975182e-10    2.47497864623755e-08
71.9999999999999    7.3283252525465e-09    1.79887736293306e-11    1.57460779323417e-10    2.2383081193321e-11    1.51896967588686e-08    1.41135790357366e-09    2.41272125491348e-08
72.5000000000002    7.15390867118983e-10    8.18126233358829e-12    9.72541249093781e-11    2.05650611301499e-11    2.15916286617762e-08    1.57419615763511e-09    2.40072161349034e-08
73.0000000000004    1.37763513963458e-08    1.96821601190523e-12    6.84477130506958e-10    1.48016941386298e-11    8.5451645621135e-09    6.76735406579417e-10    2.36994984056962e-08
73.5000000000007    2.14920478016075e-08    3.83515087975584e-12    7.13341058588199e-11    4.1806990757409e-11    7.12436028134034e-10    6.06128450291211e-10    2.29275885275287e-08
74.000000000001    2.17372503980957e-08    1.32141682873641e-11    2.73902882687047e-10    1.7784340886992e-11    1.24845648252813e-14    4.6120232377632e-13    2.20426254768458e-08
74.5000000000012    1.96765098840525e-08    8.34007000595765e-12    1.5827596072406e-10    7.95012300339598e-11    4.11244373903623e-10    8.72687294518861e-10    2.12065588132389e-08
75.0000000000015    1.24727195882586e-08    3.92727977171622e-11    7.18660282295972e-10    3.03577388243189e-11    6.03514740553537e-09    1.2250429306718e-09    2.05212007433032e-08
75.5000000000017    1.06259901188211e-09    4.46365476267176e-11    3.92140332495391e-10    2.91325140584748e-11    1.67468174883552e-08    1.94982396082317e-09    2.02251498552411e-08
76.000000000002    4.7946982418257e-09    1.59205302292883e-11    1.13323981490677e-09    1.98739492144724e-11    1.30446684152255e-08    1.11523642065008e-09    2.01236373720519e-08
76.5000000000022    1.54879703056981e-08    1.23307496118804e-11    8.82859616363805e-10    2.31490443055289e-11    2.73775008409234e-09    5.35341408630038e-10    1.96794012087017e-08
77.0000000000025    1.84350147106828e-08    3.25938252882661e-11    1.31663780608588e-10    7.58723586622051e-11    5.66181390137273e-11    2.5712734837799e-10    1.89888901626335e-08
77.5000000000027    1.79088232047938e-08    4.36521240423897e-11    2.17503139035544e-10    4.08058956634366e-11    1.44408797929937e-11    5.86908658452334e-11    1.82839161091734e-08
78.000000000003    1.50145078861929e-08    3.58910796144878e-11    7.32948211259952e-10    1.09230730516019e-11    1.68736857072383e-09    1.57979123349735e-10    1.76396179441925e-08
78.5000000000033    5.81007332775031e-09    5.63521361780568e-11    3.41726277404075e-10    2.02698547045245e-11    1.00539742241172e-08    9.27350636079723e-10    1.72097464562339e-08
79.0000000000035    3.37220061823511e-10    3.88527344055957e-11    7.58963793102453e-10    1.27042727213421e-11    1.53029691891881e-08    6.64280713714853e-10    1.71149907649558e-08
79.5000000000038    9.18565502358829e-09    3.04935918084076e-11    8.95186438252066e-10    1.0381355914346e-11    6.54874905110929e-09    2.6192397875787e-10    1.69323894394303e-08
80.000000000004    1.50792412536547e-08    4.12700309051569e-11    3.08114219175767e-10    3.02876956215631e-11    6.23316982181751e-10    3.55418692401025e-10    1.64376488739399e-08
80.5000000000043    1.56099468807051e-08    5.48473381127171e-11    1.43519032535577e-10    4.52034682850313e-11    1.63273643740778e-13    4.15477259717816e-12    1.58578347658793e-08
81.0000000000045    1.44679164069596e-08    3.78921369632925e-11    1.52828334139438e-10    5.33622692432332e-11    2.32196029639437e-10    3.55629341823609e-10    1.52998245187686e-08
81.5000000000048    9.74441620610589e-09    5.97673009220333e-11    3.60545074333123e-10    2.32554489119298e-11    3.98989609103911e-09    6.52656719117804e-10    1.48305368404299e-08
82.000000000005    1.18436306980616e-09    3.79789977472348e-11    4.71637827946006e-10    1.88912658705895e-11    1.20924462616858e-08    8.11514736030289e-10    1.46168321590861e-08
82.5000000000053    3.02520149199981e-09    4.28179806133018e-11    6.62052170579416e-10    1.56871247944675e-11    1.02364882871792e-08    5.78766842838556e-10    1.45610138980047e-08
83.0000000000056    1.10574426054404e-08    3.49780590538945e-11    5.11124912572132e-10    1.50814659936546e-11    2.35262804561632e-09    3.08784653252548e-10    1.4280039741929e-08
83.5000000000058    1.33610075951821e-08    5.81487078804751e-11    1.78152079349886e-10    3.72069049078897e-11    6.49531709482841e-11    1.20988229572852e-10    1.38204566878415e-08
84.0000000000061    1.30124296376787e-08    4.65208394407312e-11    1.20298218546102e-10    8.60699945887156e-11    5.29240382191208e-12    7.59158936918302e-11    1.3346526987768e-08
84.5000000000063    1.08900059358076e-08    5.87213245987766e-11    8.58917871335304e-10    1.09015265437236e-11    9.84581787438265e-10    1.08757907483134e-10    1.29118863532068e-08
85.0000000000066    4.63161039367095e-09    6.9146419044591e-11    4.13123747030335e-10    3.1533030615891e-11    6.45568150082035e-09    1.00694163011176e-09    1.26080367212939e-08
85.5000000000068    1.36292761251905e-10    4.50272671150395e-11    1.07814024302325e-09    1.80008126982681e-11    1.06771312386605e-08    5.69286459446421e-10    1.25238787821954e-08
86.0000000000071    5.92679515021729e-09    4.37859334165748e-11    1.02182840128833e-09    1.65102234442376e-11    5.06660596439266e-09    3.35063601067582e-10    1.24105892738267e-08
86.5000000000073    1.06223018024285e-08    5.40928154136291e-11    4.411346972674e-10    4.2090792053571e-11    5.67559037832717e-10    3.62221031767875e-10    1.20894001767637e-08
87.0000000000076    1.13573380168137e-08    7.08304654689348e-11    1.7827526613982e-10    8.07933478232959e-11    6.73101201321082e-13    1.12465763014391e-11    1.16991567737485e-08
87.5000000000079    1.0481969268795e-08    5.55798927030034e-11    1.82941299378311e-10    9.30865862421059e-11    1.17723982361356e-10    3.88248290485973e-10    1.13195493199657e-08
88.0000000000081    7.26003539344431e-09    9.0704737844725e-11    2.95050571270526e-10    4.8804099890215e-11    2.40969621486373e-09    8.9070546618209e-10    1.09949964834956e-08
88.5000000000084    1.19509299707387e-09    7.15463409355777e-11    1.04748737789669e-09    2.07179530844761e-11    7.95129517777597e-09    5.4138342901849e-10    1.08275232757851e-08
89.0000000000086    1.69084925875895e-09    5.42756610906409e-11    1.16000760694049e-09    1.82642598575535e-11    7.4380977525239e-09    4.19274633466143e-10    1.07807691726377e-08
89.5000000000089    7.46585049594485e-09    6.06891942999957e-11    3.93090344065221e-10    3.96016373695142e-11    1.96142484109284e-09    6.8308915019661e-10    1.0603745662969e-08
90.0000000000091    9.63515494005584e-09    7.79758361437696e-11    1.90669945589295e-10    7.92032530317124e-11    7.57501261400334e-11    2.37624688702337e-10    1.0296378789663e-08
90.5000000000094    9.5733197388632e-09    7.61736952358216e-11    1.60156795846414e-10    1.08743904741972e-10    1.65192036030986e-12    5.08444428792069e-11    9.97089049792692e-09
91.0000000000096    8.03637761089156e-09    9.14725543066415e-11    7.60768692183946e-10    2.96837222764419e-11    5.49323326088559e-10    2.02745184938219e-10    9.67037109068537e-09
91.5000000000099    3.80348615443858e-09    1.07644319390184e-10    8.53385153446638e-10    3.17002292613666e-11    4.0716835035812e-09    5.79243470381367e-10    9.44714283049934e-09
92.0000000000102    1.06774252676367e-10    8.11670276641079e-11    1.20659426814751e-09    2.51430593613093e-11    7.46348164251266e-09    4.8991036078534e-10    9.37307061114729e-09
92.5000000000104    3.75050867895201e-09    7.22612832425127e-11    7.68575600476202e-10    3.35050454591015e-11    4.01592338371104e-09    6.59279581562037e-10    9.30005357340291e-09
93.0000000000107    7.51552861924965e-09    9.10127685099582e-11    5.93056116749874e-10    5.18687282288931e-11    5.48477592203979e-10    2.88541020645525e-10    9.08848484558788e-09
93.5000000000109    8.36393558328997e-09    9.26664036470146e-11    2.19071513734695e-10    1.08256390633708e-10    2.3145884997654e-12    3.40401741496339e-11    8.82028465395479e-09
94.0000000000112    7.74579370978424e-09    9.20683133409023e-11    1.88987813753439e-10    1.4033893840482e-10    5.25210582937515e-11    3.35693442261759e-10    8.55540327583891e-09
94.5000000000114    5.59565077514948e-09    1.38359981362112e-10    3.66435490987928e-10    7.08729851470202e-11    1.38294755656166e-09    7.69344339970933e-10    8.32361112917914e-09
95.0000000000117    1.24019281492854e-09    1.45058879569967e-10    1.07744269392911e-09    3.79641261946214e-11    5.14212448224897e-09    5.49022463404926e-10    8.19180546027613e-09
95.500000000012    8.89392287722471e-10    1.10846427900698e-10    9.12372086078204e-10    4.96631797338287e-11    5.4593428167286e-09    7.28230114292178e-10    8.14984691245598e-09
96.0000000000122    4.91911354652189e-09    1.15630215779034e-10    5.28405168401771e-10    8.61017868210173e-11    1.70510498754728e-09    6.80379206295636e-10    8.03473491136663e-09
96.5000000000125    6.88575574329667e-09    1.15354331052394e-10    3.25007535625194e-10    1.35614579397639e-10    9.78122546703151e-11    2.68111184295228e-10    7.82765562833744e-09
97.0000000000127    7.05816737404371e-09    1.07924713469613e-10    2.23710092010594e-10    1.85845669568614e-10    3.11651514620017e-13    2.4788075854299e-11    7.60074757646145e-09
97.500000000013    5.95404443219245e-09    1.36011775786871e-10    6.32276882788306e-10    9.8531505463705e-11    2.63810244773012e-10    3.04139662644276e-10    7.38881450364862e-09
98.0000000000132    3.18793996024622e-09    1.54083325461473e-10    9.66739641870769e-10    6.77195744995656e-11    2.34787099074386e-09    4.97356641102927e-10    7.22171013392482e-09
98.5000000000135    2.02734599705389e-10    1.42975422889653e-10    9.062858045065e-10    5.66703581004335e-11    4.98940074611939e-09    8.53169366205889e-10    7.15123629752725e-09
99.0000000000137    2.13948782645938e-09    1.14486514108765e-10    6.79751585609841e-10    7.29017590336922e-11    3.20299896661478e-09    8.89658794707145e-10    7.0992854465336e-09
99.500000000014    5.16063726325195e-09    1.31974368081203e-10    5.78116465896151e-10    1.06912280720255e-10    5.72540901482423e-10    4.12377747492159e-10    6.96255902692414e-09
100.000000000014    6.08356340499829e-09    1.32471438778239e-10    2.79807857871008e-10    1.86805998134042e-10    7.84269416694785e-12    8.62514415715754e-11    6.7767428355201e-09
100.500000000015    5.76222542691941e-09    1.24548975521816e-10    2.33799154346928e-10    2.12162585149492e-10    1.60345207580033e-11    2.40040410767046e-10    6.5888110734627e-09
101.000000000015    4.28524760232728e-09    1.8651085888146e-10    7.03412976539715e-10    9.7623261940079e-11    6.68162887727195e-10    4.79801054825089e-10    6.42075864224082e-09
101.500000000015    1.33967757557008e-09    1.95507597751553e-10    7.95283136172331e-10    7.34244781249199e-11    2.96530312852235e-09    9.43937267678395e-10    6.31313318381963e-09
102.000000000015    3.842929785734e-10    1.64523190553378e-10    9.4008395758151e-10    7.7218191731058e-11    3.79453702045192e-09    9.07150500319055e-10    6.26780583921032e-09
102.500000000016    2.97953190383905e-09    1.63878951614275e-10    8.3146659624095e-10    1.11829359722877e-10    1.50614502645084e-09    6.01649701243017e-10    6.19450153911101e-09
103.000000000016    4.81241402875024e-09    1.58719436759451e-10    5.12839672219089e-10    1.73031297193908e-10    1.36463416832487e-10    2.62967748902476e-10    6.05643560065765e-09
103.500000000016    5.16288100785891e-09    1.55357724961876e-10    3.07850115401209e-10    2.56395608800269e-10    1.48413269446232e-13    1.40631520682511e-11    5.89669602235996e-09
104.000000000016    4.31988679656082e-09    1.76901915085549e-10    5.07614874155738e-10    2.02021674556514e-10    9.40375823625396e-11    4.45613898792186e-10    5.74607674151335e-09
104.500000000017    2.5476368344542e-09    2.55539141617495e-10    6.51744925886816e-10    1.33711142705694e-10    1.11406221009467e-09    9.17997737218298e-10    5.62069199197717e-09
105.000000000017    3.82909347307788e-10    2.46300079232366e-10    1.06002961835103e-09    1.17923998559673e-10    2.82709803260007e-09    9.16568360825352e-10    5.55082943687628e-09
105.500000000017    1.04420755820351e-09    2.08441517833505e-10    1.00056679543906e-09    1.35623523790871e-10    2.25726530763135e-09    8.59966026732539e-10    5.50607072963084e-09
106.000000000017    3.19363309938298e-09    2.19768984553311e-10    7.34242837854881e-10    2.04093282955525e-10    5.53433420860586e-10    5.12556562987772e-10    5.41772818859506e-09
106.500000000018    4.1869235201873e-09    1.98860499692746e-10    4.38425683114635e-10    3.21570333405324e-10    1.96723773435312e-11    1.25830434992695e-10    5.29128284873623e-09
107.000000000018    4.14661286320063e-09    1.7929235193359e-10    3.61379784546903e-10    3.59763836091478e-10    3.14042133282864e-12    1.07805983360013e-10    5.15799524046544e-09
107.500000000018    3.15871568548619e-09    2.6123366390927e-10    8.32829365803825e-10    1.9560319685422e-10    2.53851789857753e-10    3.3461235418655e-10    5.03684605609781e-09
108.000000000018    1.35708032410496e-09    3.1232988717254e-10    1.0045218264712e-09    1.57051446080727e-10    1.44322018587142e-09    6.72162823040885e-10    4.94636649274174e-09
108.500000000019    2.66569595816142e-10    2.83889766795441e-10    9.97429973405323e-10    1.45865901314061e-10    2.31714558707581e-09    8.87480369730272e-10    4.89838119413705e-09
109.000000000019    1.58499887897045e-09    2.48241998323091e-10    9.14177089734106e-10    1.7196982425218e-10    1.22816959914581e-09    6.99148388212316e-10    4.84670577863795e-09
109.500000000019    3.11735087127255e-09    2.2988992436464e-10    6.19083085311923e-10    2.45484933571033e-10    1.82319397046665e-10    3.62200914942922e-10    4.75632912650974e-09
110.000000000019    3.6262027850409e-09    2.21237373792545e-10    3.96417474146794e-10    3.62374270944615e-10    1.78879147379532e-12    3.69468992171151e-11    4.64496759461576e-09
110.50000000002    3.23741612398433e-09    2.23862911060159e-10    4.38436468138364e-10    3.24405512727872e-10    2.39306896752815e-11    2.87451758161217e-10    4.53550346374722e-09
111.00000000002    2.1991992590994e-09    3.15753767745017e-10    7.12201285920311e-10    2.07638632192368e-10    4.49055976289711e-10    5.55030441300813e-10    4.43887936254762e-09
111.50000000002    6.43711976174589e-10    3.72903813556411e-10    9.09015097169045e-10    1.84868243257948e-10    1.52481611159141e-09    7.39752653577777e-10    4.37506789532718e-09
112.00000000002    5.08291644805008e-10    3.40687381173216e-10    8.86992357517973e-10    2.23460421221606e-10    1.6412633384627e-09    7.34417737998858e-10    4.33511288117936e-09
112.500000000021    1.8787521727698e-09    3.03744435522963e-10    7.52963529733596e-10    2.69580870127335e-10    5.82485814185448e-10    4.89518170471552e-10    4.2770449928107e-09
113.000000000021    2.82187176646043e-09    2.50916561529298e-10    5.36796685197238e-10    3.49779780532308e-10    4.69781764054751e-11    1.84876194202375e-10    4.19121916432712e-09
113.500000000021    2.99579755721631e-09    2.33300284489995e-10    4.27666696906074e-10    4.11574218026629e-10    3.99021452241069e-13    2.73858002543454e-11    4.0961235783456e-09
114.000000000021    2.49705806629587e-09    2.66555624549629e-10    5.8379432941988e-10    3.27729398227113e-10    7.44817112977244e-11    2.56301777945901e-10    4.00592090773611e-09
114.500000000022    1.43228087520037e-09    3.5482043918475e-10    7.27526066512633e-10    2.33098630242189e-10    6.49405495280078e-10    5.33640865610655e-10    3.93077237203067e-09
115.000000000022    3.56371932996088e-10    3.58351634122181e-10    8.64965860347659e-10    2.0888679158393e-10    1.44626301544788e-09    6.48647936695124e-10    3.88348717119286e-09
115.500000000022    7.85728299999615e-10    3.19193322735488e-10    7.98092629795684e-10    2.4010155363622e-10    1.0988936277366e-09    6.03537023512171e-10    3.84554645741578e-09
116.000000000022    1.93876508330701e-09    2.79715392444985e-10    6.45232589620997e-10    2.86310291130402e-10    2.73046617289881e-10    3.63667831545569e-10    3.78673780533884e-09
116.500000000023    2.52759159620051e-09    2.49792475828713e-10    4.59439824774236e-10    3.63450298362898e-10    1.19318703100733e-11    9.69591450731389e-11    3.70916521054957e-09
117.000000000023    2.51339612909978e-09    2.44498957940067e-10    3.98674968042571e-10    3.97174003360247e-10    2.97513781096375e-12    7.15631519236202e-11    3.62828234817724e-09
117.500000000023    1.96252497200513e-09    2.79267861639554e-10    6.32038422936876e-10    2.76800653115383e-10    1.39344606214287e-10    2.63350942779636e-10    3.55332745869086e-09
118.000000000023    9.39406704872154e-10    3.40617417646919e-10    7.47829646743777e-10    2.2267922282354e-10    7.56270387564578e-10    4.87646140442071e-10    3.49444952009304e-09
118.500000000024    3.07396237999458e-10    3.33094753573585e-10    7.87071187512699e-10    2.15293587886701e-10    1.24845061116e-09    5.66032011487229e-10    3.45733838961967e-09
119.000000000024    9.59995914885376e-10    3.21930890733702e-10    7.06295940260903e-10    2.42264089786033e-10    7.30235745441164e-10    4.59625850590767e-10    3.42034843169795e-09
119.500000000024    1.89024605138869e-09    2.60516367885006e-10    5.24834359613266e-10    3.10370260765999e-10    1.30787810763793e-10    2.47016757192746e-10    3.3637716076095e-09
120.000000000024    2.21376756518725e-09    2.61098813297417e-10    4.09761146852879e-10    3.66752112296031e-10    3.12904518376341e-12    4.08394164315116e-11    3.29534809924885e-09
120.500000000025    2.09513118691912e-09    2.37273509048586e-10    3.98566548626005e-10    3.64698260258646e-10    9.53311246976138e-12    1.21433242537378e-10    3.2266358598595e-09
121.000000000025    1.52496257133929e-09    2.9779568744964e-10    5.87901131508869e-10    2.57560052290383e-10    2.0412204493223e-10    2.91773038050575e-10    3.16411452557099e-09
121.500000000025    6.29439044612479e-10    3.35654847643018e-10    6.64952714413504e-10    2.26243639112769e-10    7.89483738627996e-10    4.7217239209517e-10    3.11794637650493e-09
122.000000000026    3.40934599911418e-10    3.2335170862644e-10    7.07765051377293e-10    2.24818386948952e-10    1.01780422241139e-09    4.72063032183089e-10    3.08673700145858e-09
122.500000000026    1.05447357765569e-09    2.94195133874204e-10    6.31921366522983e-10    2.45532490527858e-10    4.68777814342695e-10    3.55600359401945e-10    3.05050074232538e-09
123.000000000026    1.74600483673876e-09    2.48998741729683e-10    4.86375989015944e-10    2.94213691928566e-10    6.14093509924624e-11    1.61150493471042e-10    2.99815310387646e-09
123.500000000026    1.92982470218723e-09    2.52433670927533e-10    3.67780919312463e-10    3.63175863973541e-10    7.4899476367699e-13    2.45502387590115e-11    2.93851438992345e-09
124.000000000027    1.7430051438918e-09    2.3226223303252e-10    4.15468434498749e-10    3.23940615709691e-10    1.95629813721021e-11    1.45679481069552e-10    2.87991888957441e-09
124.500000000027    1.16252170148214e-09    2.95611872436523e-10    5.34957041721415e-10    2.48829818318572e-10    2.53690427238891e-10    3.32405791003743e-10    2.82801665220128e-09
125.000000000027    4.45878958693539e-10    3.01151870049672e-10    6.50527574217842e-10    2.20904843815988e-10    7.49554770184628e-10    4.2267032732707e-10    2.79068834428874e-09
125.500000000027    3.78270823374524e-10    3.04956684220415e-10    6.37286820745498e-10    2.2317406336002e-10    7.90378874606679e-10    4.29125775397021e-10    2.76319304170416e-09
126.000000000028    1.06989409098157e-09    2.6568289675399e-10    5.48707723678193e-10    2.5239469711046e-10    2.95659366608472e-10    2.96099669734882e-10    2.72843844486757e-09
126.500000000028    1.56882754949492e-09    2.42001847826894e-10    4.25333837525763e-10    2.969036994198e-10    2.97911023030951e-11    1.18170391506868e-10    2.68102842807734e-09
127.000000000028    1.6860631794134e-09    2.34714359933346e-10    3.4664354425935e-10    3.41441164780669e-10    4.35796302678672e-13    1.99024863460101e-11    2.62920053103545e-09
127.500000000028    1.44438199942263e-09    2.33178039141837e-10    4.28389691320489e-10    2.92493911296921e-10    3.26053960951882e-11    1.4806931240081e-10    2.57911834967787e-09
128.000000000029    8.93113718061072e-10    2.87283551042984e-10    5.28190237266652e-10    2.3567633361299e-10    2.84672754305688e-10    3.07008014410706e-10    2.53594460870009e-09
128.500000000028    3.31831455664528e-10    2.81315984067892e-10    6.18158584802715e-10    2.15548503867696e-10    6.74641824432952e-10    3.83471593887982e-10    2.50496794672376e-09
129.000000000028    4.24890007064248e-10    2.78094881395454e-10    5.94484802209561e-10    2.20131498153484e-10    5.92416364541163e-10    3.70127991497466e-10    2.48014554486138e-09
129.500000000027    1.0293564539401e-09    2.40516808529511e-10    5.01537933159283e-10    2.46109695670034e-10    1.85525995430997e-10    2.44127723615861e-10    2.44717461034579e-09
130.000000000027    1.38888071168142e-09    2.39251639302201e-10    3.7372362537067e-10    3.00289813462991e-10    1.45809838212265e-11    8.83663010352078e-11    2.40509307467372e-09
130.500000000026    1.48067376144765e-09    2.04325376768708e-10    3.258887069291e-10    3.24760215306108e-10    6.31170328813931e-13    2.35937381815765e-11    2.35987296896195e-09
131.000000000026    1.19280465139306e-09    2.42104852367507e-10    4.37160838676419e-10    2.60858633019005e-10    4.42071360994301e-11    1.39785040992101e-10    2.31692115254752e-09
131.500000000025    7.19118778381939e-10    2.51698692907783e-10    5.10875926677959e-10    2.21456812866223e-10    2.90919514040942e-10    2.86510266711336e-10    2.28057999158618e-09
132.000000000025    2.6389346717431e-10    2.65892784445828e-10    5.66450016434158e-10    2.01260990276008e-10    5.98322563655316e-10    3.58466372351029e-10    2.25428619433665e-09
132.500000000024    4.53412013471567e-10    2.48275025469801e-10    5.28432679245341e-10    2.10372685961345e-10    4.60793723462494e-10    3.30473989982916e-10    2.23176011759346e-09
133.000000000024    9.58737604619504e-10    2.30056155950416e-10    4.52500819435599e-10    2.31624788134027e-10    1.28676432543828e-10    1.99811150251421e-10    2.20140695093479e-09
133.500000000024    1.25611938095125e-09    2.17337751543695e-10    3.46216064565208e-10    2.73906638652805e-10    8.2493934512074e-12    6.23085462163651e-11    2.16413777538053e-09
134.000000000023    1.28849860478742e-09    2.00497386923262e-10    2.99854807765251e-10    3.00499417497908e-10    1.20030175103306e-12    3.40958544108738e-11    2.12464637313575e-09
134.500000000023    1.02180156319168e-09    2.2671877869099e-10    4.08804450836613e-10    2.42837654726988e-10    5.05468672460193e-11    1.36876455023232e-10    2.08758576971553e-09
135.000000000022    5.87104850889732e-10    2.36895088876038e-10    4.77110529179446e-10    2.0656275948648e-10    2.81384211236729e-10    2.67489355046673e-10    2.0565467947151e-09
135.500000000022    2.34442518815326e-10    2.48494170480362e-10    5.10534480914834e-10    1.94672825901155e-10    5.19752120154586e-10    3.26059113077766e-10    2.03395522934403e-09
136.000000000021    4.48890269473107e-10    2.32337548358481e-10    4.82440551312633e-10    2.05268699964429e-10    3.64928209251819e-10    2.79425283741816e-10    2.01329056210228e-09
136.500000000021    8.84310635449151e-10    2.14392460350608e-10    3.97870027156553e-10    2.31620840548277e-10    9.23194580775045e-11    1.6529572418607e-10    1.98580914576816e-09
137.00000000002    1.11987903853407e-09    2.02403363625801e-10    3.18359807481105e-10    2.63380719753083e-10    4.97792797304593e-12    4.37058846548223e-11    1.95270674202193e-09
137.50000000002    1.11758914195555e-09    1.92194146577861e-10    2.89544955492009e-10    2.77761173009879e-10    1.76768460541655e-12    3.94071415738007e-11    1.91826424321451e-09
138.000000000019    8.7504051794302e-10    2.14741868400021e-10    3.90109071734385e-10    2.2543452100581e-10    5.35039328541849e-11    1.27279402838111e-10    1.88610931477553e-09
138.500000000019    4.87343675286832e-10    2.27943236799719e-10    4.39810687085965e-10    1.99501633703083e-10    2.62606260853924e-10    2.42192054368763e-10    1.85939754809829e-09
139.000000000019    2.15676997321864e-10    2.35340910298027e-10    4.64382194061552e-10    1.88781592528791e-10    4.47147009311065e-10    2.88234480387258e-10    1.83956318390856e-09
139.500000000018    4.34650914935419e-10    2.17400194070036e-10    4.32049323159008e-10    1.97720962977705e-10    2.933308149547e-10    2.45503658677348e-10    1.82065586877422e-09
140.000000000018    7.97735074161473e-10    2.06277636125193e-10    3.56656522446822e-10    2.24923694370891e-10    6.9877366085146e-11    1.40472520555624e-10    1.79594281374515e-09
140.500000000017    9.91857852849158e-10    1.90843726360641e-10    2.90635519400864e-10    2.55958484007917e-10    3.40845335176405e-12    3.40053591313695e-11    1.76670939510171e-09
141.000000000017    9.79513300288762e-10    1.84106321641451e-10    2.7335077224754e-10    2.60588159924558e-10    2.10828829479263e-12    3.68700340628052e-11    1.73653687645991e-09
141.500000000016    7.56717303106975e-10    2.02761971587798e-10    3.62863824407865e-10    2.12161160719855e-10    5.19275226261266e-11    1.22050801866525e-10    1.70848258431515e-09
142.000000000016    4.175051630093e-10    2.12891493263192e-10    4.12323868621592e-10    1.85630731724352e-10    2.33992827932234e-10    2.22813534288378e-10    1.68515761883905e-09
142.500000000015    2.05496267083191e-10    2.1320406230317e-10    4.43604728746644e-10    1.72818909898811e-10    3.74642864873791e-10    2.57794959586336e-10    1.66756179249194e-09
143.000000000015    4.02228690850017e-10    2.01295562133224e-10    4.10249852915172e-10    1.82066526834332e-10    2.37434359649871e-10    2.1702956320654e-10    1.65030455558915e-09
143.500000000014    7.12559784164561e-10    1.92913111345182e-10    3.3326983596171e-10    2.09316360718776e-10    5.53382825374281e-11    1.24870260878451e-10    1.62826763560611e-09
144.000000000014    8.86721990919932e-10    1.75094826046272e-10    2.71027948187906e-10    2.37089240882616e-10    2.51422988802904e-12    3.00324912405887e-11    1.60248072716534e-09
144.500000000014    8.64555649341241e-10    1.74022404010054e-10    2.61936607232467e-10    2.36921632726241e-10    2.11149017042514e-12    3.64063528830421e-11    1.57595413636347e-09
145.000000000013    6.68907138839592e-10    1.88013124967757e-10    3.31700740450786e-10    1.98010252735608e-10    4.73222276843767e-11    1.17351029109058e-10    1.55130451378718e-09
145.500000000013    3.71482266877486e-10    1.97149248556121e-10    3.77642058792307e-10    1.73227581817235e-10    2.0721803815707e-10    2.04001688625001e-10    1.53072088282522e-09
146.000000000012    1.87317281542851e-10    2.02525995179488e-10    3.96175512713134e-10    1.65460335557045e-10    3.29717861354013e-10    2.3382383579908e-10    1.51502082214561e-09
146.500000000012    3.70607624606175e-10    1.88254030308304e-10    3.72887069745628e-10    1.73962046746811e-10    2.06392189768536e-10    1.87410981301242e-10    1.4995139424767e-09
147.000000000011    6.41406179730881e-10    1.80958296034905e-10    3.04806916398189e-10    1.96895126427592e-10    4.75272590905448e-11    1.08285599710169e-10    1.47987937739228e-09
147.500000000011    7.93347171202217e-10    1.62181880531223e-10    2.48877904651364e-10    2.25598580080578e-10    1.91475359546694e-12    2.51276558468422e-11    1.45704794590769e-09
148.00000000001    7.68788408029011e-10    1.62727036374073e-10    2.38225669962547e-10    2.2751021056492e-10    1.82896065601028e-12    3.45244080060898e-11    1.43360469359265e-09
148.50000000001    5.95962079576566e-10    1.7650911894023e-10    3.11434696746129e-10    1.85418257696928e-10    4.15630344363825e-11    1.00918711535243e-10    1.41180589893148e-09
149.000000000009    3.35671706330358e-10    1.80316065813906e-10    3.52484160182907e-10    1.66575374007092e-10    1.8121035900901e-10    1.77206850394922e-10    1.3934645157382e-09
149.500000000009    1.72984262279253e-10    1.85791952046882e-10    3.60639012976714e-10    1.60704875249373e-10    2.89692697346838e-10    2.09602162690827e-10    1.37941496258989e-09
150.000000000009    3.32475240365529e-10    1.75146978731704e-10    3.44077954279928e-10    1.66128864742481e-10    1.81628441539052e-10    1.66056567500329e-10    1.36551404715902e-09
150.500000000008    5.7616562441929e-10    1.65054845681022e-10    2.87276194038075e-10    1.8505312870839e-10    4.11624802352851e-11    9.32952618655122e-11    1.34800753494758e-09
151.000000000008    7.08644003144909e-10    1.51246495204153e-10    2.31229541688223e-10    2.12372504782764e-10    1.69512051247789e-12    2.25704187598175e-11    1.32775808409234e-09
151.500000000007    6.89350847259037e-10    1.51322573747196e-10    2.27207435072344e-10    2.09311361013381e-10    1.57154616427034e-12    2.82423280994833e-11    1.30700609135571e-09
152.000000000007    5.40348462685821e-10    1.60605389356851e-10    2.80846572771964e-10    1.79463316462833e-10    3.62158820110161e-11    9.01327061732662e-11    1.28761232946175e-09
152.500000000006    3.07846233140838e-10    1.68478075145335e-10    3.18471688523888e-10    1.58613031250018e-10    1.61677700969984e-10    1.56113615442861e-10    1.27120034447292e-09
153.000000000006    1.59105533328664e-10    1.73806681805579e-10    3.38459394406949e-10    1.51208711287308e-10    2.62094393231688e-10    1.73841748749963e-10    1.25851646281015e-09
153.500000000005    2.97349142858142e-10    1.62897807804487e-10    3.13534298126058e-10    1.58096555540361e-10    1.68067773576159e-10    1.46176873301938e-10    1.24612245120714e-09
154.000000000005    5.1288934927144e-10    1.54125121105254e-10    2.58913136262631e-10    1.7754738095733e-10    3.95972094903468e-11    8.75274567490061e-11    1.23059965383601e-09
154.500000000004    6.31840260899115e-10    1.416622375073e-10    2.18550823933359e-10    1.97073899221254e-10    1.7421488173768e-12    2.17971790674819e-11    1.21266654944589e-09
155.000000000004    6.22470225188145e-10    1.39985496797751e-10    2.11060651093941e-10    1.97519425157507e-10    1.00526869157567e-12    2.2171426507472e-11    1.19421249343639e-09
155.500000000004    4.93387112916342e-10    1.51211416819544e-10    2.59299514600926e-10    1.71266452497043e-10    2.85377863345762e-11    7.3143808281363e-11    1.17684609144979e-09
156.000000000003    2.90637091470321e-10    1.55393170242614e-10    2.91964392064549e-10    1.55041537400373e-10    1.35646660238903e-10    1.33347084878065e-10    1.16202993629483e-09
156.500000000003    1.48358572451758e-10    1.57877202917582e-10    3.03684738592283e-10    1.46183882079959e-10    2.2995018036284e-10    1.64404776281956e-10    1.15045935268638e-09
157.000000000002    2.5665950741706e-10    1.48635136049652e-10    2.83929841318968e-10    1.51409910573643e-10    1.54267118703238e-10    1.44472491414301e-10    1.13937400547686e-09
157.500000000002    4.49956122305418e-10    1.41019663357673e-10    2.4809980761912e-10    1.63216943066537e-10    3.88917212319117e-11    8.45061809536922e-11    1.12569043853435e-09
158.000000000001    5.61641489975833e-10    1.34239715427029e-10    2.04192941554106e-10    1.82223087615862e-10    2.13756632910166e-12    2.54085559435691e-11    1.1098433568455e-09
158.500000000001    5.65551544090167e-10    1.32166074221536e-10    1.89738638108145e-10    1.89005743567442e-10    6.39721327584873e-13    1.62825320310478e-11    1.09338425334592e-09
159    4.58997244508023e-10    1.36197924200054e-10    2.37746074195684e-10    1.60984223292097e-10    2.09952275397219e-11    6.28887403910282e-11    1.07780943412661e-09
159.5    2.78384850822657e-10    1.43441735345533e-10    2.71585945435631e-10    1.41841549044456e-10    1.08757473691189e-10    1.20300578972698e-10    1.06431213331216e-09
159.999999999999    1.43952848973048e-10    1.4488800903694e-10    2.83347824315707e-10    1.35630411921826e-10    1.95688517371182e-10    1.50181689447319e-10    1.05368930106602e-09
160.499999999999    2.16924641302758e-10    1.39855884669075e-10    2.71785687007344e-10    1.37553060775123e-10    1.43742377049005e-10    1.33867766176408e-10    1.04372941697971e-09
160.999999999999    3.90543238730205e-10    1.32828799988369e-10    2.35167369739194e-10    1.50646672345845e-10    4.03795065454092e-11    8.21601442589409e-11    1.03172573160796e-09
161.499999999998    4.99521097574845e-10    1.26918817196778e-10    1.93903260774658e-10    1.69366983707134e-10    2.73760749477515e-12    2.52260590177137e-11    1.0176738257659e-09
161.999999999998    5.12681503580529e-10    1.22684618065569e-10    1.78222325105237e-10    1.77460826014542e-10    3.51655581200069e-13    1.16274234731179e-11    1.00302835182019e-09
162.499999999997    4.2313334306878e-10    1.26758362670306e-10    2.16114881935305e-10    1.54203876864791e-10    1.44108629527371e-11    5.43802895479952e-11    9.89001617039914e-10
162.999999999997    2.69891173898889e-10    1.32615337054681e-10    2.43634803931633e-10    1.37155897523746e-10    8.43698698320514e-11    1.09012285029845e-10    9.76679367270846e-10
163.499999999996    1.33989167611413e-10    1.39195410290935e-10    2.6160782616163e-10    1.27887057418453e-10    1.69470895625436e-10    1.34697421277666e-10    9.66847778385534e-10
163.999999999996    1.86229434169282e-10    1.31155093815987e-10    2.52651709708485e-10    1.28625164887029e-10    1.35808400757635e-10    1.23479178303815e-10    9.57948981642234e-10
164.499999999995    3.40132808863404e-10    1.2513924434919e-10    2.21692833572998e-10    1.39276974472047e-10    4.26125918038066e-11    7.84916706301679e-11    9.47346123691613e-10
164.999999999995    4.47677522093629e-10    1.17329412051752e-10    1.82648686732411e-10    1.57310435824672e-10    3.39053514285689e-12    2.65422435418742e-11    9.34898835387195e-10
165.499999999994    4.66290337486925e-10    1.14516039474273e-10    1.66627602720899e-10    1.65644495696973e-10    1.79859636158495e-13    8.51256684752354e-12    9.21770901862751e-10
165.999999999994    3.92860823588921e-10    1.16995570451302e-10    1.9835706860191e-10    1.44076711518539e-10    9.86466799618701e-12    4.69749679868903e-11    9.0912981014375e-10
166.499999999994    2.57786408133914e-10    1.23664090388874e-10    2.23273146056273e-10    1.27833694442153e-10    6.68288955557174e-11    9.85005269434466e-11    8.97886761520379e-10
166.999999999993    1.31524951641546e-10    1.26251785446251e-10    2.42461988425781e-10    1.20142682167643e-10    1.44165107734541e-10    1.24288252603649e-10    8.88834768019412e-10
167.499999999993    1.57891633225417e-10    1.23528597609835e-10    2.34202042528027e-10    1.20331102640459e-10    1.25378689225466e-10    1.19443222350872e-10    8.80775287580077e-10
167.999999999992    2.97380283819921e-10    1.15135709630471e-10    2.050128277682e-10    1.30060014620168e-10    4.26513905965e-11    8.11664540662655e-11    8.71406680501525e-10
168.499999999992    3.99715940894364e-10    1.09819879953334e-10    1.71340936351669e-10    1.45114774469295e-10    3.8667070327205e-12    3.04729882006033e-11    8.60331226901986e-10
168.999999999991    4.26184903870524e-10    1.06455208725532e-10    1.5480817337304e-10    1.54144812982338e-10    1.06072770829845e-13    6.86165246967965e-12    8.48560824191945e-10
169.499999999991    3.63443509841413e-10    1.08515637734134e-10    1.78058244122601e-10    1.37707928570638e-10    6.9650002450533e-12    4.24700776454772e-11    8.37160398159317e-10
169.99999999999    2.43010068604229e-10    1.15459766680832e-10    2.03981712177516e-10    1.20259221199544e-10    5.25839559421865e-11    9.16293994256573e-11    8.26924124029964e-10
170.49999999999    1.25365086356371e-10    1.17614765254357e-10    2.3109697014375e-10    1.11379659038339e-10    1.20970511307558e-10    1.12163898438949e-10    8.18590890539324e-10
170.999999999989    1.38503927184356e-10    1.16209351632414e-10    2.23214524672845e-10    1.1130372089546e-10    1.11612052168036e-10    1.10392319705782e-10    8.11235896258893e-10
171.499999999989    2.59476540064883e-10    1.0898548099887e-10    1.94376468861058e-10    1.21329502218138e-10    4.07551760928861e-11    7.79584420145987e-11    8.02881610250433e-10
171.999999999989    3.57096799028276e-10    1.02331051178265e-10    1.64533306601087e-10    1.33349545016282e-10    4.16190465182967e-12    3.15400370360667e-11    7.93012643511806e-10
172.499999999988    3.87441542358473e-10    9.91541167776128e-11    1.47608388273161e-10    1.42658163110618e-10    8.44826110280661e-14    5.50143917044647e-12    7.82448132301339e-10
172.999999999988    3.35594248012759e-10    1.01679093116752e-10    1.60585037363808e-10    1.32665142401529e-10    5.2823838160448e-12    3.63322459486484e-11    7.7213815065954e-10
173.499999999987    2.32846918515557e-10    1.05820872532109e-10    1.90112358103776e-10    1.13310280652157e-10    4.30983227669534e-11    7.76069733992445e-11    7.62795725969797e-10
173.999999999987    1.21236652745859e-10    1.08926600957986e-10    2.1127343110475e-10    1.04420845157161e-10    1.05623885754025e-10    1.03661029302623e-10    7.55142445022405e-10
174.499999999986    1.23243040753448e-10    1.0766434439773e-10    2.08355528499066e-10    1.05153667265077e-10    1.0267422360128e-10    1.01382517870301e-10    7.48473322386902e-10
174.999999999986    2.28227994488926e-10    1.019512059578e-10    1.83306657857418e-10    1.12998062894044e-10    4.02485429704291e-11    7.42425756372098e-11    7.40975039805827e-10
175.499999999985    3.17241296964493e-10    9.71418511563734e-11    1.57528283412151e-10    1.24410260553077e-10    4.89082137626331e-12    3.09510105893499e-11    7.32163524051707e-10
175.999999999985    3.52724406031302e-10    9.15618619867843e-11    1.37194642041789e-10    1.35872844365573e-10    7.67875228928448e-14    5.25002261167828e-12    7.2268056456002e-10
176.499999999984    3.12440306172216e-10    9.39675634836159e-11    1.49899017992571e-10    1.25178207334348e-10    3.51607000567985e-12    2.83376963478603e-11    7.13338861336291e-10
176.999999999984    2.19997996163009e-10    1.0072337928572e-10    1.73959165644019e-10    1.07829371690022e-10    3.29832821726363e-11    6.93145302528299e-11    7.04807725208236e-10
177.499999999984    1.19642172225583e-10    1.02211825427129e-10    1.92432132003207e-10    9.8662344213467e-11    8.68266984756107e-11    9.79321519187853e-11    6.97707324263782e-10
177.999999999983    1.07136018557836e-10    1.00881469101837e-10    1.97576012223097e-10    9.669638054484e-11    9.36867153618848e-11    9.5583684485117e-11    6.91560280274612e-10
178.499999999983    1.95552336430876e-10    9.53442362294326e-11    1.74240336240227e-10    1.04084543534276e-10    4.13757789124401e-11    7.43158878098382e-11    6.8491311915709e-10
178.999999999982    2.83049311965282e-10    9.00358078413286e-11    1.48893108730617e-10    1.14245155120762e-10    5.91795692927702e-12    3.49248143120002e-11    6.77066154899267e-10
179.499999999982    3.19681325600972e-10    8.77465493497166e-11    1.29602234692774e-10    1.25991380615492e-10    1.05277930789185e-13    5.41022113179324e-12    6.68536989321537e-10
179.999999999981    2.91803429084707e-10    8.71269522513377e-11    1.36694359020905e-10    1.18446618677342e-10    2.0261346459858e-12    2.39620546966122e-11    6.60059548376891e-10
180.499999999981    2.12877797567599e-10    9.22533789663588e-11    1.63330610740263e-10    1.01663565485244e-10    2.37454623965228e-11    5.83508955321513e-11    6.52221710688139e-10
180.99999999998    1.17167263185362e-10    9.51160884226423e-11    1.79740158836734e-10    9.46688913784734e-11    7.16449384606606e-11    8.72832966641568e-11    6.45620636948029e-10
181.49999999998    9.52059165304544e-11    9.32295645492676e-11    1.85192983837911e-10    9.12546348214658e-11    8.46418122362061e-11    9.04517887440246e-11    6.3997670071933e-10
181.999999999979    1.66028915541058e-10    9.01134437475167e-11    1.66608282131333e-10    9.71991025990856e-11    4.17364737152366e-11    7.232642372487e-11    6.340126414591e-10
182.499999999979    2.48737409525437e-10    8.55000989934802e-11    1.41956677496593e-10    1.07571010959535e-10    7.14837917463734e-12    3.61260869800552e-11    6.27039663129737e-10
182.999999999979    2.90128257263866e-10    8.14389293322283e-11    1.2200566496269e-10    1.19464808898727e-10    1.62495451469197e-13    6.17636593258593e-12    6.19376521841566e-10
183.499999999978    2.72351937231389e-10    8.11317889655441e-11    1.24249057581455e-10    1.15283081528271e-10    1.09589119452129e-12    1.75569117657857e-11    6.11668668266966e-10
183.999999999978    2.04523556923368e-10    8.62149306136494e-11    1.50925896923477e-10    9.93475912579186e-11    1.65519615011091e-11    4.69180859240017e-11    6.04482023143523e-10
184.499999999977    1.18940803379459e-10    8.85897792767555e-11    1.69789317258496e-10    8.9326235486781e-11    5.64017975810191e-11    7.52563449142229e-11    5.98304277896733e-10
184.999999999977    8.46766979409055e-11    8.86421954951758e-11    1.71950482853202e-10    8.65673583259707e-11    7.5225641743457e-11    8.60169056755167e-11    5.93079282034228e-10
185.499999999976    1.40721410551344e-10    8.46084866135467e-11    1.59832192333342e-10    8.93974916165398e-11    4.26659241959655e-11    7.05191750487032e-11    5.87744680359441e-10
185.999999999976    2.18272016796002e-10    8.03356005242471e-11    1.36824278442477e-10    9.89652243228824e-11    8.92545840321368e-12    3.82099439545368e-11    5.81532522443359e-10
186.499999999975    2.62009724343977e-10    7.76663298559015e-11    1.17100420215605e-10    1.0975124315092e-10    3.15642702167491e-13    7.81484849424807e-12    5.74658208762819e-10
186.999999999975    2.5345704732817e-10    7.63248431074856e-11    1.14348002569838e-10    1.09748241933904e-10    5.29268271220986e-13    1.32409455611055e-11    5.67648348771723e-10
187.499999999974    1.94645817265573e-10    8.06852865958649e-11    1.43076904070278e-10    9.32333272991276e-11    1.0687819863967e-11    3.87271113956985e-11    5.61056266490509e-10
187.999999999974    1.20895376363844e-10    8.1608660589595e-11    1.56257944810966e-10    8.55726856967171e-11    4.23924449774998e-11    6.85748207202731e-11    5.55301933158896e-10
188.499999999974    7.90462755028184e-11    8.34927563141596e-11    1.62252771604499e-10    8.1058282078922e-11    6.51833259431978e-11    7.93673970319411e-11    5.50400808475538e-10
188.999999999973    1.1895020074166e-10    8.05664218118178e-11    1.50665103712573e-10    8.47040930724593e-11    4.27168574032784e-11    6.79911429799748e-11    5.45593819721763e-10
189.499999999973    1.90711389927188e-10    7.62585522715641e-11    1.31892119701629e-10    9.13144738894112e-11    1.06520960779247e-11    3.9223559475002e-11    5.40052191342718e-10
189.999999999972    2.36424141304834e-10    7.33107454771758e-11    1.12372224301029e-10    1.01645461894792e-10    5.58174379036065e-13    9.56570908756709e-12    5.33876456444433e-10
190.499999999972    2.34785413563791e-10    7.20957070922157e-11    1.07580583692934e-10    1.03005453578849e-10    2.77309035835956e-13    9.76170845667839e-12    5.27506175420305e-10
190.999999999971    1.86891493911515e-10    7.44078051944312e-11    1.31446399418386e-10    8.89888622204308e-11    7.06903168547975e-12    3.26607793861306e-11    5.21464371816373e-10
191.499999999971    1.18959209611601e-10    7.74694475509979e-11    1.4333291313775e-10    8.13214536728107e-11    3.34414836391732e-11    6.15733665869601e-11    5.16097874199292e-10
191.99999999997    7.61732640451861e-11    7.81990868842704e-11    1.52389171013237e-10    7.69825161546692e-11    5.73141314692029e-11    7.04768981252134e-11    5.11535067691779e-10
192.49999999997    1.03012292732625e-10    7.69614417363214e-11    1.43313308612155e-10    7.95300617004398e-11    4.17564507118551e-11    6.25808363529569e-11    5.07154391846353e-10
192.999999999969    1.67866020996712e-10    7.28916955280665e-11    1.25034415982823e-10    8.61105764667192e-11    1.17518474593632e-11    3.85498183952663e-11    5.0220437482895e-10
193.499999999969    2.13169164628529e-10    6.91190723167544e-11    1.06546959052211e-10    9.57929996383953e-11    7.27459619265584e-13    1.1269651440202e-11    4.96625306695357e-10
193.999999999969    2.17188890638646e-10    6.84992040312869e-11    1.00150730723794e-10    9.84544096873683e-11    1.4165411972588e-13    6.39991723155593e-12    4.90834806432377e-10
194.499999999968    1.78548259599044e-10    7.00232323177246e-11    1.17892704710348e-10    8.69652875170765e-11    5.09135448768177e-12    2.67651695206347e-11    4.8528600815251e-10
194.999999999968    1.16955182622045e-10    7.43412500704956e-11    1.32115511083002e-10    7.73976194415575e-11    2.73312597006872e-11    5.21603988933451e-11    4.80301221811133e-10
195.499999999967    7.18493062807147e-11    7.50349446024688e-11    1.41094256998122e-10    7.41852703972036e-11    5.10759854536819e-11    6.28147983895749e-11    4.76054562121766e-10
195.999999999967    9.13851093714683e-11    7.25061090605154e-11    1.35432880601734e-10    7.44087412277022e-11    4.00879564711844e-11    5.82421175265128e-11    4.72062914259117e-10
196.499999999966    1.47341839649226e-10    6.90451136409895e-11    1.18806272360447e-10    8.14746701030263e-11    1.26740103457912e-11    3.82499394351521e-11    4.67591845534633e-10
196.999999999966    1.91002058320432e-10    6.51688366156126e-11    1.02516512075086e-10    8.99240131532146e-11    1.03658045048658e-12    1.29167426479211e-11    4.62564743262753e-10
197.499999999965    2.00580396112416e-10    6.39618782993182e-11    9.50335909897057e-11    9.35396423197848e-11    7.67018388301649e-14    4.10563108178192e-12    4.57297840641837e-10
197.999999999965    1.68507557840669e-10    6.60416969257526e-11    1.08161575477413e-10    8.43499471129283e-11    3.36706619629449e-12    2.17769942053719e-11    4.52204837758429e-10
198.499999999964    1.17031391697521e-10    6.78362059844195e-11    1.20707629131133e-10    7.50080424018745e-11    2.075650671874e-11    4.62261103426443e-11    4.47565886276332e-10
198.999999999964    6.94864108076702e-11    7.00183477330985e-11    1.30477530494727e-10    7.08281803970365e-11    4.36091622924736e-11    5.91665172803901e-11    4.43586149005396e-10
199.499999999964    7.84315552931208e-11    6.81095753797204e-11    1.29463643709943e-10    7.09518059443862e-11    3.85082514633878e-11    5.44546682145279e-11    4.39919500005086e-10
199.999999999963    1.27174351900168e-10    6.55208403514726e-11    1.14638486039803e-10    7.63146477479909e-11    1.41570324950768e-11    3.81044842541574e-11    4.35909842788669e-10
200.499999999963    1.69322137341087e-10    6.29736532970768e-11    9.84219039233793e-11    8.36697207799475e-11    1.59102664799669e-12    1.54097753776375e-11    4.31388217367125e-10
200.999999999962    1.84742625272651e-10    6.00345845185329e-11    8.95898740391356e-11    8.89429386642796e-11    4.20479381544339e-14    3.25043066897493e-12    4.26602501101728e-10
201.499999999962    1.60716522667979e-10    6.1323652697806e-11    9.75498377169154e-11    8.22839038200154e-11    1.86806635501359e-12    1.81766281577922e-11    4.21918611415522e-10
201.999999999961    1.15866528726161e-10    6.42185214161377e-11    1.08839959180839e-10    7.38214505007737e-11    1.4460863180066e-11    4.03764417575883e-11    4.17583764761565e-10
202.499999999961    7.16774432602134e-11    6.49915645346415e-11    1.1909651862001e-10    6.78553034264698e-11    3.49304077437438e-11    5.52858003118153e-11    4.13837037896893e-10
202.99999999996    6.80743228650898e-11    6.48000242795293e-11    1.20095904452367e-10    6.74005741817765e-11    3.61710762360298e-11    5.39024908928128e-11    4.10444392907605e-10
203.49999999996    1.07909171410113e-10    6.21240483545889e-11    1.11261517202602e-10    7.04960876082144e-11    1.61127621875646e-11    3.89337034788189e-11    4.06837290241901e-10
203.999999999959    1.49170766324161e-10    6.02237375868214e-11    9.58177005954634e-11    7.7182514602943e-11    2.49184076662074e-12    1.79016536783136e-11    4.02788213554324e-10
204.499999999959    1.69988368045015e-10    5.68744538301513e-11    8.57179975415116e-11    8.25687166632769e-11    5.35264816842554e-14    3.24094941434394e-12    3.98444011975984e-10
204.999999999959    1.54011474851897e-10    5.75330382550551e-11    8.91101343283286e-11    7.87287792828633e-11    8.94423336322312e-13    1.38497274064239e-11    3.9412757746089e-10
205.499999999958    1.14782138308196e-10    6.11288239289868e-11    1.03435418587003e-10    6.99919483337468e-11    9.31180524547809e-12    3.14391715762713e-11    3.90089305979681e-10
205.999999999958    7.3396371124235e-11    6.09907438934217e-11    1.12123149316777e-10    6.47996988819532e-11    2.720648488682e-11    4.80288095015293e-11    3.86545257604736e-10
206.499999999957    5.98866283507689e-11    6.22986074821378e-11    1.1334578601417e-10    6.31289749888111e-11    3.38294674750438e-11    5.08984925900183e-11    3.8338795690095e-10
206.999999999957    9.27559805984352e-11    5.89005450633074e-11    1.04225897069122e-10    6.63560875202808e-11    1.81113173850179e-11    3.97932474620176e-11    3.80143075098181e-10
207.499999999956    1.32232888684763e-10    5.71838323669649e-11    9.18532840800536e-11    7.21189614387665e-11    3.62350206038948e-12    1.94866310736655e-11    3.76499099704602e-10
207.999999999956    1.5395435044083e-10    5.48917134767166e-11    8.17556005544013e-11    7.79645071940389e-11    1.2817281237617e-13    3.86597712904055e-12    3.72560321607403e-10
208.499999999955    1.46484756574223e-10    5.37837999353321e-11    8.21463725417951e-11    7.60554119622167e-11    4.25271197137789e-13    9.69085287911227e-12    3.68586465089817e-10
208.999999999955    1.13218887531005e-10    5.70118150064401e-11    9.67818935935677e-11    6.66700515792659e-11    6.05466849457815e-12    2.5099025737886e-11    3.64836341942743e-10
209.499999999954    7.43274659934324e-11    5.83812414404087e-11    1.04264833262254e-10    6.20763088953296e-11    2.143246588066e-11    4.10143569668376e-11    3.61496672438922e-10
209.999999999954    5.67626237334175e-11    5.86959743865799e-11    1.06387891916533e-10    6.06392963222911e-11    3.07980220981562e-11    4.52537508609675e-11    3.58537559317945e-10
210.499999999954    7.88570814881257e-11    5.72307134456351e-11    1.00361669315325e-10    6.22034504978582e-11    1.9626836650714e-11    3.73059766028278e-11    3.55585728000485e-10
210.999999999953    1.16324469926838e-10    5.43696503134357e-11    8.81724124246667e-11    6.80991401776524e-11    4.88252770659255e-12    2.04588044596361e-11    3.52307005008821e-10
211.499999999953    1.3992264332731e-10    5.17062152420583e-11    7.84883171397646e-11    7.31969458033511e-11    2.64461251851704e-13    5.15302631224924e-12    3.48731609076585e-10
211.999999999952    1.37090533762208e-10    5.14791543391408e-11    7.60681056232457e-11    7.37557764649345e-11    2.06451577193561e-13    6.48764127425443e-12    3.45087663040977e-10
212.499999999952    1.12248760601169e-10    5.30126032399034e-11    8.73826664199096e-11    6.561354058826e-11    3.80513937080833e-12    1.95330697089098e-11    3.4159577992896e-10
212.999999999951    7.69317176449565e-11    5.52463476469767e-11    9.44946132616518e-11    6.01591425002731e-11    1.6883727979056e-11    3.47249256423831e-11    3.38440474675297e-10
213.499999999951    5.41853497523241e-11    5.57365403882132e-11    9.74458494757483e-11    5.80971685887698e-11    2.91895035336119e-11    4.10050776723845e-11    3.35659489411052e-10
213.99999999995    6.78494505451861e-11    5.48944096262783e-11    9.35649348269105e-11    5.95661142846941e-11    2.21806550001385e-11    3.49198028941136e-11    3.32975367177321e-10
214.49999999995    1.02190690659028e-10    5.19666332909003e-11    8.42898173239757e-11    6.38659638226732e-11    6.74947603811988e-12    2.0967421722756e-11    3.30030002857453e-10
214.999999999949    1.26942514898068e-10    4.93767248360382e-11    7.57511057372469e-11    6.7623005654301e-11    5.13420962620422e-13    6.58308412988547e-12    3.2678985621816e-10
215.499999999949    1.30326284035418e-10    4.82471264658325e-11    7.10754351988723e-11    7.0309484599276e-11    7.40583551305661e-14    3.40277425195184e-12    3.23435162906481e-10
215.999999999949    1.10069736379828e-10    5.00354107153056e-11    7.91200132427196e-11    6.38561766310366e-11    2.20363186751649e-12    1.49011465734618e-11    3.20186115409868e-10
216.499999999948    7.91845351833228e-11    5.18063881123776e-11    8.59319091452445e-11    5.82388340550821e-11    1.28517920623306e-11    2.91865582277672e-11    3.17200016786125e-10
216.999999999948    5.24823640227959e-11    5.28104165487485e-11    9.11033356881002e-11    5.56516192590583e-11    2.68749275540337e-11    3.56553895592066e-11    3.14578052631943e-10
217.499999999947    5.83799993426116e-11    5.20752596455715e-11    8.9877194696905e-11    5.55545245947252e-11    2.38689806230964e-11    3.23691657039012e-11    3.12125124606811e-10
217.999999999947    8.92796981215699e-11    4.95008216030099e-11    8.15265955540069e-11    5.87836140210213e-11    8.66122804073463e-12    2.17224056422092e-11    3.09474362982552e-10
218.499999999946    1.1391925974436e-10    4.75885826117976e-11    7.1670747913023e-11    6.40023735799865e-11    9.12697683672843e-13    8.44193275448004e-12    3.0653559428732e-10
218.999999999946    1.21556548221401e-10    4.61267449350037e-11    6.76442586639377e-11    6.57739693841313e-11    3.27144355261525e-14    2.32314026556306e-12    3.03457375905563e-10
219.499999999945    1.08444399199772e-10    4.65457486917969e-11    7.19943263316651e-11    6.1911922213416e-11    1.19493512406102e-12    1.03456148997784e-11    3.00436946460489e-10
219.999999999945    8.11932906549643e-11    4.87165413730582e-11    7.88559380679275e-11    5.61542214364553e-11    9.36011294927306e-12    2.33388614315391e-11    2.97618965913217e-10
220.499999999944    5.32199855249736e-11    4.99888020627063e-11    8.46985682942856e-11    5.29964411331527e-11    2.33372786094898e-11    3.08958406405203e-11    2.95136916265128e-10
220.999999999944    5.14061689347942e-11    4.95756417718308e-11    8.38052131483198e-11    5.30395323989532e-11    2.43075470397933e-11    3.07313146393566e-11    2.92865417933048e-10
221.499999999944    7.64827810748056e-11    4.73248451547892e-11    7.79546076008707e-11    5.47194894333216e-11    1.07615530378238e-11    2.32312722739557e-11    2.90474548575567e-10
221.999999999943    1.01628897766629e-10    4.5142398273544e-11    7.02221860247688e-11    5.84836384758852e-11    1.65135113884633e-12    1.06929091749322e-11    2.87821380854606e-10
222.499999999943    1.1318131112769e-10    4.34265979496247e-11    6.30829216365223e-11    6.28255471427638e-11    4.40541398062255e-14    2.44314931039425e-12    2.85003581306801e-10
222.999999999942    1.06168291236128e-10    4.33275689118317e-11    6.55794903879332e-11    5.97297336629977e-11    5.28419512221886e-13    6.86472148157971e-12    2.82198225192693e-10
223.499999999942    8.32704521899255e-11    4.53478086621036e-11    7.35172673844836e-11    5.41540572009261e-11    6.02378296220723e-12    1.72274123019257e-11    2.79540780701572e-10
223.999999999941    5.458113376106e-11    4.74293591371678e-11    7.79641033552136e-11    5.1032499063596e-11    1.88603932053348e-11    2.73019299155692e-11    2.77169418437941e-10
224.499999999941    4.56529487128646e-11    4.70166210421e-11    7.96149084489908e-11    4.95580294710594e-11    2.40845954530194e-11    2.91237107454095e-11    2.75050813873444e-10
224.99999999994    6.47197092236594e-11    4.50374183310973e-11    7.44829136302865e-11    5.14286853357437e-11    1.33084240648413e-11    2.39182776198424e-11    2.72895428205471e-10
225.49999999994    8.97121310503054e-11    4.28914114697146e-11    6.74741134109828e-11    5.46054661594053e-11    2.77923250844272e-12    1.30445722831017e-11    2.70506926881953e-10
225.999999999939    1.03926728439101e-10    4.14587823433593e-11    6.15233661372858e-11    5.77374193621954e-11    1.10684483095426e-13    3.1803852152208e-12    2.67937365980258e-10
226.499999999939    1.02062029865833e-10    4.11526270801102e-11    6.02809850848915e-11    5.77435557285738e-11    1.84706769066846e-13    3.90793928626254e-12    2.65331843814738e-10
226.999999999939    8.42099213239913e-11    4.24177190207002e-11    6.63585661581205e-11    5.28982986034633e-11    3.44000864515333e-12    1.35090895652834e-11    2.62833603316712e-10
227.499999999938    5.85252334404442e-11    4.37862598566512e-11    7.20955306932508e-11    4.86136569536016e-11    1.40745735268511e-11    2.34706830210506e-11    2.60565937491849e-10
227.999999999938    4.23157870963001e-11    4.44998947745457e-11    7.45151207986294e-11    4.69865742267753e-11    2.26496994933453e-11    2.75913266163882e-11    2.58558403005984e-10
228.499999999937    5.33461021819595e-11    4.35051510740426e-11    7.20794706506089e-11    4.73750603014035e-11    1.59128890582044e-11    2.4387117776056e-11    2.56605791042275e-10
228.999999999937    7.83118299877024e-11    4.07827744087335e-11    6.51275012475122e-11    5.04327258549744e-11    4.48802461193867e-12    1.53223106005057e-11    2.54465166711367e-10
229.499999999936    9.43966047108801e-11    3.97906051024689e-11    5.9270812159986e-11    5.3373536467657e-11    3.27538303423017e-13    4.97014016773447e-12    2.5212923691215e-10
229.999999999936    9.75462075362507e-11    3.89238450380883e-11    5.56198737143817e-11    5.54863233263271e-11    4.10594747905661e-14    2.10183202255695e-12    2.49719141112395e-10
230.499999999935    8.43888602026126e-11    3.96066904479285e-11    6.10670964556627e-11    5.10970366040767e-11    1.58161971753285e-12    9.63335270453677e-12    2.4737465613235e-10
230.999999999935    6.16442689832691e-11    4.11841777002713e-11    6.59638699155191e-11    4.71383966023216e-11    9.32411132769883e-12    1.99490884223396e-11    2.4520391295142e-10
231.499999999934    4.19983393996888e-11    4.19148081109112e-11    7.05347349273926e-11    4.43956428249548e-11    1.91777038137529e-11    2.52664014596213e-11    2.43287630536322e-10
231.999999999934    4.48554241726083e-11    4.12056528357339e-11    6.92530207816263e-11    4.4165766047808e-11    1.72163981647849e-11    2.47906796489097e-11    2.41486941651471e-10
232.499999999934    6.56988344769986e-11    3.95634319651949e-11    6.42417654816173e-11    4.60792899765174e-11    6.62665520664704e-12    1.73605304314531e-11    2.39570507538428e-10
232.999999999933    8.49711488880002e-11    3.74708306135467e-11    5.70506409953029e-11    4.96923137652417e-11    8.04484665554002e-13    7.47028708365084e-12    2.37459706011296e-10
233.499999999933    9.18977530467787e-11    3.6802907141505e-11    5.30885343913166e-11    5.18460673711096e-11    1.90879405891641e-14    1.58805521872197e-12    2.35242405110021e-10
233.999999999932    8.3484001762535e-11    3.74489792108958e-11    5.55685896352678e-11    4.9198611623002e-11    6.10052373473407e-13    6.73895646247793e-12    2.33049191067652e-10
234.499999999932    6.47585033278295e-11    3.84587913120801e-11    6.12318412971354e-11    4.50402446224634e-11    5.46287689290794e-12    1.6032967740939e-11    2.30985225193355e-10
234.999999999931    4.3839241752233e-11    3.92714222671498e-11    6.54725685217573e-11    4.19626940837421e-11    1.49076583263241e-11    2.36837506476092e-11    2.29137335598815e-10
235.499999999931    3.89095361592633e-11    3.90524411587254e-11    6.5937379751963e-11    4.13645639519816e-11    1.72851832218062e-11    2.49056725757458e-11    2.27454776819485e-10
235.99999999993    5.48841275587829e-11    3.78196344003362e-11    6.24853164519213e-11    4.23560683588754e-11    8.82562312884817e-12    1.93577735203171e-11    2.25728543419081e-10
236.49999999993    7.42676155167056e-11    3.63526453949218e-11    5.55221125684465e-11    4.58853526251295e-11    1.66065985564386e-12    1.0139118859809e-11    2.23827504820656e-10
236.999999999929    8.54473952104209e-11    3.49273413875268e-11    5.04602451161183e-11    4.87289081392785e-11    5.47037156704912e-14    2.18331427061285e-12    2.21801907839628e-10
237.499999999929    8.24467476815644e-11    3.48750608619652e-11    5.01654369029598e-11    4.80863617469905e-11    1.78620207010842e-13    3.99813816594139e-12    2.19750365566432e-10
237.999999999929    6.69168690391879e-11    3.59465828343494e-11    5.65608959744726e-11    4.35379317926553e-11    2.89171730272436e-12    1.19413052188194e-11    2.17795302162209e-10
238.499999999928    4.59043821929993e-11    3.75573404532642e-11    6.13046786343145e-11    4.02303944208874e-11    1.08554689425032e-11    2.01625323079981e-11    2.16014796951967e-10
238.999999999928    3.57101007310992e-11    3.73551458843349e-11    6.26270699920726e-11    3.90513103480182e-11    1.61892277818578e-11    2.34916468891247e-11    2.14424501626507e-10
239.499999999927    4.55639231343161e-11    3.64361351284773e-11    6.00419059283725e-11    3.9636356076499e-11    1.08024960904335e-11    2.03732394093341e-11    2.12854055767432e-10
239.999999999927    6.42649557622451e-11    3.51278165334346e-11    5.48710913992807e-11    4.19291229761519e-11    2.92549581144386e-12    1.20292503554444e-11    2.11147732838e-10
240.499999999926    7.79569398113594e-11    3.3518285558986e-11    4.90093524957631e-11    4.48998249386243e-11    1.8621805987047e-13    3.72522948523263e-12    2.09295850349836e-10
240.999999999926    7.94075710606729e-11    3.31208200266345e-11    4.70162166967685e-11    4.57279715186583e-11    4.09530804492752e-14    2.08190279137012e-12    2.07395435174554e-10
241.499999999925    6.80977284905734e-11    3.36860658205771e-11    5.12044002219735e-11    4.25013307349677e-11    1.33826126905551e-12    8.72235575587911e-12    2.05550142293026e-10
241.999999999925    4.97301165488175e-11    3.50676820452746e-11    5.54968659165277e-11    3.88467098220167e-11    7.17328401098741e-12    1.75289060730371e-11    2.03843564416661e-10
242.499999999924    3.48302998609607e-11    3.57988548261961e-11    5.85338648988376e-11    3.72201967725094e-11    1.40585278102824e-11    2.18754496702082e-11    2.02317193838994e-10
242.999999999924    3.86839019667575e-11    3.45477714133222e-11    5.77513700384795e-11    3.69756631749506e-11    1.21307675398874e-11    2.07805785798029e-11    2.008700527132e-10
243.499999999924    5.49431353686281e-11    3.36822188364141e-11    5.38165280756358e-11    3.8047857583149e-11    4.54040695322494e-12    1.43028820414848e-11    1.99333028858537e-10
243.999999999923    6.98770135300407e-11    3.22735071876497e-11    4.75732614890244e-11    4.16943013424897e-11    5.21932168584633e-13    5.71463995630227e-12    1.97654655674091e-10
244.499999999923    7.53917951124686e-11    3.14930517741226e-11    4.40754614200575e-11    4.37854797918156e-11    1.25123914405048e-14    1.13916216084645e-12    1.95897462650751e-10
244.999999999922    6.77998089011757e-11    3.18283282238829e-11    4.65006672046964e-11    4.12642494316579e-11    5.07538913976986e-13    6.2608711872776e-12    1.94161463862668e-10
245.499999999922    5.22780899153497e-11    3.28014079217021e-11    5.16378964876883e-11    3.75620908686491e-11    4.26838837797722e-12    1.3982501753895e-11    1.92530375325262e-10
245.999999999921    3.56902485797499e-11    3.38496431073619e-11    5.48211702039793e-11    3.55123907318633e-11    1.12216687979131e-11    1.99654644406992e-11    1.91060585861567e-10
246.499999999921    3.3289650621015e-11    3.33092305931299e-11    5.57166181359831e-11    3.44885300538809e-11    1.2627039850824e-11    2.02777538958488e-11    1.89708823150682e-10
246.99999999992    4.6190239516398e-11    3.23517237556828e-11    5.18182429112925e-11    3.59443185715693e-11    6.30456366349243e-12    1.57116694059668e-11    1.88320757824402e-10
247.49999999992    6.13855925490897e-11    3.12322460379066e-11    4.61701480875025e-11    3.90235374423516e-11    1.15163065102518e-12    7.83517242609678e-12    1.86798327193972e-10
247.999999999919    6.97029284893682e-11    3.02670379054279e-11    4.23842694250445e-11    4.11675867501789e-11    3.52868488787111e-14    1.62770899335313e-12    1.85184818412251e-10
248.499999999919    6.70853571054337e-11    2.97772548579198e-11    4.21066852127536e-11    4.07815470555809e-11    1.55440691283103e-13    3.65277565547096e-12    1.83559060578442e-10
248.999999999919    5.42590449092733e-11    3.09311788860297e-11    4.74015661919258e-11    3.6986566455413e-11    2.29460958735858e-12    1.0134360557166e-11    1.82007326587166e-10
249.499999999918    3.83269265758369e-11    3.18191906187264e-11    5.16565315315671e-11    3.40392686184896e-11    8.24978446753678e-12    1.64980976448308e-11    1.80589799456988e-10
249.999999999918    3.05241138246706e-11    3.17971347502905e-11    5.28532508402749e-11    3.30798397485052e-11    1.21411246820281e-11    1.89089472559944e-11    1.79304411101764e-10
250.499999999917    3.85531797221524e-11    3.09232589971746e-11    5.00165656493629e-11    3.40595740792723e-11    8.0439864339252e-12    1.64409395316662e-11    1.78037504413554e-10
250.999999999917    5.30886692985734e-11    3.00665524509912e-11    4.56140840410174e-11    3.59251487661021e-11    2.21105720319282e-12    9.76207477491118e-12    1.76667586534788e-10
251.499999999916    6.36035927882622e-11    2.87905022305931e-11    4.12087790980605e-11    3.84792511369651e-11    1.4979553552165e-13    2.95941338703852e-12    1.75191334176441e-10
251.999999999916    6.47563003279016e-11    2.84350610407304e-11    3.94781559551802e-11    3.92278987670261e-11    3.37824845644279e-14    1.74789327058154e-12    1.73679091845984e-10
252.499999999915    5.55418794749317e-11    2.89151529293894e-11    4.37337631256987e-11    3.60108056051058e-11    9.95276803239984e-13    7.01173920555023e-12    1.72208617143916e-10
252.999999999915    4.13175762290406e-11    3.0043064802315e-11    4.6701110752019e-11    3.34222734378713e-11    5.25318210553472e-12    1.41050114667203e-11    1.70842218793501e-10
253.499999999914    3.02578809024559e-11    3.03783148516452e-11    4.9175832833616e-11    3.17583460946858e-11    1.03234127886263e-11    1.7710942761214e-11    1.69604730232243e-10
253.999999999914    3.20167199711539e-11    3.02352000344036e-11    4.85202423639065e-11    3.16920622030919e-11    9.16076656577028e-12    1.68083312573522e-11    1.68433322395678e-10
254.499999999914    4.49869947164416e-11    2.89454421575935e-11    4.53353634009164e-11    3.28714229557623e-11    3.55376290933181e-12    1.15038582228014e-11    1.67196844362847e-10
254.999999999913    5.68215607244951e-11    2.77974195221065e-11    4.04644741534513e-11    3.53265486905848e-11    4.53497808009594e-13    4.99239154521777e-12    1.65855892443865e-10
255.499999999913    6.14534434896585e-11    2.724186750526e-11    3.77591260682255e-11    3.69398507899052e-11    1.28191291939971e-14    1.04971253543088e-12    1.64456819517674e-10
255.999999999912    5.64007914731224e-11    2.72053044379474e-11    3.86982777333769e-11    3.58507205533764e-11    3.4485197610206e-13    4.56836657518164e-12    1.63068312749107e-10
256.499999999912    4.46025201910015e-11    2.78584797997684e-11    4.35209066848053e-11    3.21789342802229e-11    3.00440551319965e-12    1.05867600834972e-11    1.61752006552495e-10
256.999999999911    3.1750033788567e-11    2.83527505704163e-11    4.62541511087906e-11    3.04646150835463e-11    8.15148830651e-12    1.55866786598139e-11    1.60559717517644e-10
257.499999999911    2.83313115079117e-11    2.84628189675985e-11    4.65778478911456e-11    2.98070115871242e-11    9.67582510763751e-12    1.66032868252215e-11    1.59458101886639e-10
257.99999999991    3.7354387831115e-11    2.76823227718232e-11    4.38717736933373e-11    3.06819188615108e-11    5.23272869692781e-12    1.35149220855662e-11    1.5833805394028e-10
258.49999999991    4.97787708810209e-11    2.65256624163074e-11    4.01791614596804e-11    3.24103555299519e-11    1.10439317181886e-12    7.12854135910357e-12    1.57126884817883e-10
258.999999999909    5.71231917233956e-11    2.58899917329505e-11    3.66818968989935e-11    3.43928544896158e-11    4.77322681772326e-14    1.70312821502079e-12    1.55838795328153e-10
259.499999999909    5.5860595068837e-11    2.58538760856963e-11    3.59962488202417e-11    3.44300592816805e-11    7.99162555436771e-14    2.31500432346408e-12    1.54535699835463e-10
259.999999999909    4.67568079831873e-11    2.61196466313332e-11    4.00549647443782e-11    3.14973445840084e-11    1.40407864847234e-12    7.44754541929771e-12    1.53280388010677e-10
260.499999999908    3.39329123084462e-11    2.72108680231202e-11    4.32698622855522e-11    2.91269398156444e-11    5.64759028859999e-12    1.29315014833752e-11    1.52119674204738e-10
260.999999999908    2.63983797914781e-11    2.72613167310139e-11    4.40280588079525e-11    2.84882682961026e-11    9.17030060839449e-12    1.57220972886722e-11    1.51068421523614e-10
261.499999999907    3.10098380927774e-11    2.65934661478463e-11    4.27464649070751e-11    2.87439392085181e-11    6.84628839926905e-12    1.41026140066178e-11    1.50042610762104e-10
261.999999999907    4.24209234210321e-11    2.57952667836699e-11    3.96339408926637e-11    2.99459941192583e-11    2.20261517992617e-12    8.95240783547622e-12    1.48951148232026e-10
262.499999999906    5.17891858850641e-11    2.47828298512894e-11    3.54998041978979e-11    3.23658648886455e-11    2.00435069769235e-13    3.13650752184817e-12    1.47774627414514e-10
262.999999999906    5.39668720443972e-11    2.45064894556782e-11    3.37753083285592e-11    3.32793726044534e-11    1.27105016175823e-14    1.01871873622511e-12    1.46559471670931e-10
263.499999999905    4.80378023154626e-11    2.44790084654912e-11    3.61942853215871e-11    3.11368125568798e-11    4.89777825300798e-13    5.02929678283396e-12    1.45366983267555e-10
263.999999999905    3.69355028139335e-11    2.5324343174338e-11    3.94349767061982e-11    2.85294353515513e-11    3.27389468351044e-12    1.07465080950521e-11    1.44244660824584e-10
264.499999999904    2.68183041537107e-11    2.57950547960891e-11    4.15391092638662e-11    2.71369933213719e-11    7.56264576948637e-12    1.437380567119e-11    1.43225912975714e-10
264.999999999904    2.61583989164907e-11    2.58219577426017e-11    4.079484377338e-11    2.73514210802694e-11    7.84382943594833e-12    1.43011363952174e-11    1.42271587343908e-10
265.499999999904    3.55047490606942e-11    2.49076288889749e-11    3.84876713334521e-11    2.8178171400274e-11    3.66200234479605e-12    1.05437831216319e-11    1.41284006149823e-10
265.999999999903    4.55726367786788e-11    2.40886491319342e-11    3.5140721624586e-11    2.98692544463754e-11    6.16679593327566e-13    4.92805666667042e-12    1.40215998241572e-10
266.499999999903    5.06781259862354e-11    2.34487620984943e-11    3.2302151631432e-11    3.1641850300646e-11    1.70996578486526e-14    1.00429846064244e-12    1.39092288135299e-10
266.999999999902    4.79983595354915e-11    2.34645991323003e-11    3.22523909484971e-11    3.11424316059305e-11    1.28340855002839e-13    2.98020548302745e-12    1.3796632756025e-10
267.499999999902    3.937883097203e-11    2.38480258120636e-11    3.66048198306869e-11    2.81063665507197e-11    1.61196761288492e-12    7.33987611803154e-12    1.36889886896417e-10
267.999999999901    2.84956439002333e-11    2.46429924875624e-11    3.88051512991832e-11    2.66128901461464e-11    5.44545978740771e-12    1.18970853620729e-11    1.35899222982606e-10
268.499999999901    2.38259993442984e-11    2.46122741851894e-11    3.95557572883432e-11    2.58313832471642e-11    7.68578628442029e-12    1.34793275992038e-11    1.34990527948619e-10
268.9999999999    2.9388504586973e-11    2.3954780875105e-11    3.78230356217978e-11    2.64131607889843e-11    4.98310433829346e-12    1.15240822431648e-11    1.34086668454318e-10
269.4999999999    3.92679361139145e-11    2.31497167573105e-11    3.46414550966515e-11    2.78699903902535e-11    1.33783662619174e-12    6.85442185539608e-12    1.33121356839718e-10
269.999999999899    4.62611094456641e-11    2.2474429259534e-11    3.15604834604787e-11    2.96027865641834e-11    8.79333284127981e-14    2.10399800184219e-12    1.32090740060115e-10
270.499999999899    4.70231216259417e-11    2.22692783131584e-11    3.07106505089953e-11    2.98315760710277e-11    2.30453375458813e-14    1.17807855563277e-12    1.31035750412302e-10
270.999999999899    4.03987453874614e-11    2.26300321395631e-11    3.33553749367344e-11    2.78268069718493e-11    6.49629117050559e-13    5.14994343425889e-12    1.30010531986918e-10
271.499999999898    3.08050950136765e-11    2.32083420260348e-11    3.5740077375358e-11    2.58266836985601e-11    3.358903773737e-12    1.01103816578749e-11    1.29049483545241e-10
271.999999999898    2.33476402268649e-11    2.33795430544151e-11    3.74808272726287e-11    2.48169809933784e-11    6.50915958385106e-12    1.26365735640617e-11    1.281707246952e-10
272.499999999897    2.47781623918305e-11    2.30005211372513e-11    3.69439419917244e-11    2.47669576627627e-11    5.78552919405722e-12    1.20569781799835e-11    1.2733209055761e-10
272.999999999897    3.3185163331089e-11    2.23206165491177e-11    3.44450584177931e-11    2.56940872635483e-11    2.3060751940845e-12    8.50545066264211e-12    1.26456451418275e-10
273.499999999896    4.12886989930442e-11    2.17431898758475e-11    3.13727112860429e-11    2.7209151286326e-11    3.11363896603842e-13    3.59189891770794e-12    1.25517014255572e-10
273.999999999896    4.49138248551809e-11    2.11257280266818e-11    2.91957657801127e-11    2.85696719945457e-11    7.93820308996035e-15    7.24341386939137e-13    1.2453727024655e-10
274.499999999895    4.08792220010213e-11    2.16250924639241e-11    2.99398583507129e-11    2.76800108747723e-11    1.97987677489797e-13    3.24218202126183e-12    1.23564353389182e-10
274.999999999895    3.33232713999109e-11    2.17369213687553e-11    3.29418503365553e-11    2.53267190090696e-11    1.74847916154823e-12    7.5584680463823e-12    1.22635709322222e-10
275.499999999894    2.44647252092422e-11    2.23291806358421e-11    3.50131518696517e-11    2.38063941530234e-11    4.88819283755085e-12    1.12822368193402e-11    1.2178388152465e-10
275.999999999894    2.1951739612239e-11    2.22723634466349e-11    3.52135227516491e-11    2.34403683684914e-11    6.00853844057496e-12    1.21043615883875e-11    1.20990894207977e-10
276.499999999894    2.73845318174504e-11    2.18877426182473e-11    3.38498887911966e-11    2.37691060633486e-11    3.45668117864338e-12    9.84433176669726e-12    1.20192282235584e-10
276.999999999893    3.58911995084226e-11    2.10307062694756e-11    3.07163369209064e-11    2.53265557830715e-11    7.97882540837477e-13    5.57617966278959e-12    1.19338860685503e-10
277.499999999893    4.12977555526178e-11    2.05951630998912e-11    2.80259651820804e-11    2.70432717927075e-11    4.13486481924753e-14    1.4324251403642e-12    1.18435929415854e-10
277.999999999892    4.13641775697593e-11    2.01574627533581e-11    2.75789874297979e-11    2.69868357028654e-11    3.63702308937864e-14    1.39390956207302e-12    1.17517743248747e-10
278.499999999892    3.46651520000954e-11    2.08376453343025e-11    3.06758802610602e-11    2.470346345376e-11    7.61152747324966e-13    4.98607112847592e-12    1.16629364925019e-10
278.999999999891    2.6212044351495e-11    2.12278810214332e-11    3.26403139628799e-11    2.32048487788031e-11    3.19404758211442e-12    9.32225966720939e-12    1.15801395363935e-10
279.499999999891    2.06208134498176e-11    2.14022711755592e-11    3.37425943745398e-11    2.23316104840858e-11    5.38528011142814e-12    1.15572089711941e-11    1.15039778566625e-10
279.99999999989    2.30116740334206e-11    2.09210073674978e-11    3.31910675747705e-11    2.24485308995367e-11    4.20881783941062e-12    1.05180844495103e-11    1.14299182164146e-10
280.49999999989    3.07449153953369e-11    2.00605251059201e-11    3.05577038987282e-11    2.34668685775394e-11    1.46708004874204e-12    7.22718272609033e-12    1.13524275752357e-10
280.999999999889    3.73115825417109e-11    1.97226196039039e-11    2.7816417718614e-11    2.48397540082157e-11    1.64269174984409e-13    2.84185876655018e-12    1.12696501813979e-10
281.499999999889    3.97833388686169e-11    1.93571222759425e-11    2.6085676445266e-11    2.59127677348999e-11    8.06237190340524e-15    6.93166012740154e-13    1.11840133709369e-10
281.999999999889    3.60162095748394e-11    1.94775592543028e-11    2.74302642897356e-11    2.45561753802654e-11    2.64619660545304e-13    3.24885736373323e-12    1.10993685523422e-10
282.499999999888    2.85055098840491e-11    1.98873671856777e-11    2.96482739529284e-11    2.28016034744234e-11    1.80821611658126e-12    7.54010552871533e-12    1.10191076142375e-10
282.999999999888    2.12712993627e-11    2.02641820625449e-11    3.1736120282882e-11    2.12655953776157e-11    4.25887492287077e-12    1.06563928307298e-11    1.09452464839343e-10
283.499999999887    2.0116758621589e-11    2.00568433021442e-11    3.17725462723297e-11    2.10093812347268e-11    4.62943514336043e-12    1.11712047674037e-11    1.08756169341554e-10
283.999999999887    2.57229220457145e-11    1.94167711029858e-11    3.03192927134191e-11    2.14910285637029e-11    2.39394124609366e-12    8.70445275185829e-12    1.08048408423774e-10
284.499999999886    3.29595124183553e-11    1.88067427985797e-11    2.74925141845021e-11    2.2959728440073e-11    4.97175544795316e-13    4.57952179610435e-12    1.0729519518241e-10
284.999999999886    3.72794492169536e-11    1.85075835974265e-11    2.56414686456509e-11    2.40479911159581e-11    2.27196299417887e-14    1.00303116774954e-12    1.0650224337368e-10
285.499999999885    3.60361885562643e-11    1.86160969870541e-11    2.52244190124433e-11    2.40691604421167e-11    5.46933786594282e-14    1.70025667140626e-12    1.05700815047944e-10
285.999999999885    3.01260386604303e-11    1.89808492807738e-11    2.7596741309796e-11    2.22510292948238e-11    7.67075803717828e-13    5.20736522106922e-12    1.04929099570611e-10
286.499999999884    2.28884765441959e-11    1.92849763964034e-11    2.97556000954104e-11    2.06747804832183e-11    2.79669877663949e-12    8.80818274680472e-12    1.04208715042672e-10
286.999999999884    1.89863804262196e-11    1.91710408806251e-11    3.06726932056577e-11    1.99272992977036e-11    4.35456547980015e-12    1.04294037018922e-11    1.03541382991898e-10
287.499999999884    2.13990279840257e-11    1.89782471069793e-11    2.96794952760017e-11    2.03489150886151e-11    3.28965665096051e-12    9.19339734548585e-12    1.02888739452068e-10
287.999999999883    2.79352485517167e-11    1.84306608824204e-11    2.71703460384608e-11    2.15510140494621e-11    1.1236879716484e-12    5.99237275648519e-12    1.02203330250194e-10
288.499999999883    3.36786963995478e-11    1.79417643584147e-11    2.48348144335893e-11    2.27998486034803e-11    1.20861426243497e-13    2.09849173438172e-12    1.01474476955657e-10
288.999999999882    3.5128742532615e-11    1.77402798931794e-11    2.37160787015927e-11    2.34341088730322e-11    8.66037777777984e-15    6.9687539727092e-13    1.00724745775468e-10
289.499999999882    3.13295249126412e-11    1.78434005600399e-11    2.5147084106399e-11    2.20119304732781e-11    2.43646119579416e-13    3.4111104059576e-12    9.99866965778952e-11
289.999999999881    2.5029501832748e-11    1.82293064052552e-11    2.74667956558901e-11    2.02620960681068e-11    1.54586777714581e-12    6.75177483422728e-12    9.92853425733731e-11
290.499999999881    1.91217796550641e-11    1.84955979693419e-11    2.87680846967422e-11    1.93756370407206e-11    3.5731685184586e-12    9.3041810567542e-12    9.86384489370816e-11
290.99999999988    1.84983546119866e-11    1.83378325816893e-11    2.83948967582121e-11    1.94009462258386e-11    3.85955240257039e-12    9.53344323915699e-12    9.8025025819454e-11
291.49999999988    2.34083761172708e-11    1.80334590240222e-11    2.68537196235727e-11    2.00003045574261e-11    1.9985638027457e-12    7.10458983391894e-12    9.73990129589565e-11
291.999999999879    2.95871605548056e-11    1.75574513358721e-11    2.45168792995325e-11    2.11924304630314e-11    4.07708484304158e-13    3.47321614054671e-12    9.67348462780925e-11
292.499999999879    3.31255911353179e-11    1.70299645767482e-11    2.27708485381307e-11    2.23417032922632e-11    1.62960343296239e-14    7.52962456719217e-13    9.60373660335088e-11
292.999999999879    3.19227573492577e-11    1.68867441420531e-11    2.30076734224527e-11    2.17901346354361e-11    5.45355722417765e-14    1.67426486386699e-12    9.53361099853083e-11
293.499999999878    2.67389755218334e-11    1.71509059831436e-11    2.51095991592596e-11    2.02347776943699e-11    7.02466058306876e-13    4.72426980162472e-12    9.46609942185381e-11
293.999999999878    2.05437907595773e-11    1.76001047956249e-11    2.69246273751416e-11    1.88170486477597e-11    2.51036623869118e-12    7.6343676348296e-12    9.40303054516244e-11
294.499999999877    1.73467289363684e-11    1.75919373480379e-11    2.74533381438305e-11    1.84405572897516e-11    3.87075621420313e-12    8.73887610957563e-12    9.34421940417672e-11
294.999999999877    1.97291128929174e-11    1.74811941257911e-11    2.61474623804379e-11    1.89927672254862e-11    2.8431874072665e-12    7.67206453550339e-12    9.28657885674025e-11
295.499999999876    2.55339410779563e-11    1.69337766789753e-11    2.43445710023952e-11    1.97824384809033e-11    9.19842971893409e-13    4.74398237104265e-12    9.22585525831661e-11
295.999999999876    3.02799833080901e-11    1.63530346485366e-11    2.2168344811418e-11    2.11593598338503e-11    8.42874862644657e-14    1.57187391970395e-12    9.16168840078634e-11
296.499999999875    3.10323589498717e-11    1.63207148678511e-11    2.15514700216416e-11    2.13980727199102e-11    8.75390204050159e-15    6.46303182910814e-13    9.09576736442259e-11
296.999999999875    2.78209828683841e-11    1.63392463780724e-11    2.2892271142244e-11    2.01358330777392e-11    2.4596700424133e-13    2.8758176783187e-12    9.03101181489999e-11
297.499999999874    2.22992234368165e-11    1.66976516850685e-11    2.45246564692385e-11    1.87308323838273e-11    1.51129692055216e-12    5.93089185583158e-12    8.96945527513345e-11
297.999999999874    1.73318586320268e-11    1.69705174908489e-11    2.57662134680275e-11    1.79856353348727e-11    3.39060901901344e-12    7.68172437002295e-12    8.91265583148123e-11
298.499999999874    1.71120605292647e-11    1.68406291604035e-11    2.55717995570215e-11    1.78009228177359e-11    3.49687300767831e-12    7.76264261049086e-12    8.85849276825949e-11
298.999999999873    2.14061207881145e-11    1.65909741041268e-11    2.41486489800323e-11    1.84559728538324e-11    1.69077311869974e-12    5.73818445430128e-12    8.80306742991071e-11
299.499999999873    2.68077688210168e-11    1.58649387461e-11    2.24081828300354e-11    1.93053951432841e-11    3.10201889363787e-13    2.74532016201894e-12    8.74418075918191e-11
