1:binCentralValue 2:valuesAverage 3:valuesAverage 4:multiplicity
0.5 1.613057869328731e-16 8.249228355590431e-16 18
1 1.729110121918818e-15 5.247942857888099e-15 62
1.5 3.204645579585229e-15 1.307014422216904e-14 98
2 6.642050650862283e-15 5.14019811458368e-14 210
2.5 1.263371057722042e-14 1.373418130666843e-13 350
3 1.720962347450116e-14 2.218674571614253e-13 450
3.5 2.413394780379737e-14 3.47908946217504e-13 602
4 1.356507100603856e-14 2.629908838849701e-13 762
4.5 4.388419175845615e-33 1.69722742668495e-33 1142
5 2.289083894058979e-33 3.33113722335993e-33 1250
5.5 7.927234559809422e-33 2.771466533056681e-33 1458
6 4.785045950958905e-33 5.329472099680184e-33 1814
6.5 7.536342266846576e-33 2.462394220560966e-33 2178
7 1.803754273882687e-32 6.352026819357229e-33 2498
7.5 6.649144188281088e-33 3.313822443721378e-33 2622
8 1.565659683682212e-32 5.385993089504105e-32 3338
8.5 1.274469710974643e-32 1.0534919830252e-32 3722
9 2.0653952970621e-32 4.651015119557553e-33 4170
9.5 2.155840745027547e-32 5.467814338589681e-33 4358
10 1.891756796939704e-32 5.385467224982882e-33 5034
10.5 2.186937296459689e-32 9.751977127958304e-33 5714
11 3.392014005438056e-32 8.713017700641843e-33 5982
11.5 2.564645833929946e-32 8.944892486296882e-33 6602
12 1.060321658410751e-31 4.339214699007615e-32 7130
12.5 3.451567951116851e-32 1.057804999670523e-32 8034
13 3.365541639236794e-32 1.53324218245364e-32 8606
13.5 2.951747229496888e-32 1.225298865982127e-32 9066
14 7.28122549465362e-32 1.28829981863355e-32 9962
14.5 3.72141924520547e-32 3.005974457344956e-32 10550
15 5.05238969043041e-32 2.34165434554507e-32 11226
15.5 4.861754246232193e-32 2.122660122212727e-32 12146
16 4.815762521444494e-32 2.384867278945187e-32 12303
16.5 5.590253318272633e-32 2.346289695749105e-32 12584
17 4.06874510754078e-32 1.757512569224777e-32 12120
17.5 5.137604700750084e-32 1.770421332135056e-32 11180
18 3.734459798729964e-32 1.412293099028591e-32 11096
18.5 3.614730678687931e-32 1.403562181186859e-32 10056
19 3.656084152655433e-32 1.600308725688481e-32 9716
19.5 2.787765127796919e-32 1.410213120536582e-32 8604
20 2.591719632093732e-32 1.434705134116822e-32 8060
20.5 2.641924966397685e-32 1.295939002152696e-32 7320
21 2.221402267808099e-32 8.259616022445215e-33 6356
21.5 2.005854767959787e-32 8.434964332714872e-33 5348
22 1.500194008713249e-32 7.368076581330981e-33 4308
22.5 1.510395367087217e-32 8.653146628822323e-33 3563
23 8.326762438068057e-33 3.821409668496441e-33 2448
23.5 6.29603179238267e-33 2.89557967386661e-33 1868
24 5.564490129962524e-33 2.338825530745807e-33 1358
24.5 3.865922029712314e-33 1.621837056501129e-33 1062
25 3.249191582035539e-33 9.476528991289584e-34 776
25.5 1.183547865445914e-33 8.086909424813154e-34 432
26 1.013172124059378e-33 7.418095580465166e-34 200
26.5 1.214593802403146e-33 6.326132830950088e-34 168
27 7.126087302922867e-34 2.51513357933297e-34 56
27.5 2.249667791355704e-34 3.831656341728584e-35 7

0.5 2.206048015261364e-17 4.479490370837201e-18 18
1 4.986380973428612e-17 2.070964834414258e-16 62
1.5 9.704878751937768e-17 3.418351384379344e-16 98
2 2.441426779473689e-16 1.182781982978202e-15 210
2.5 4.730287199869931e-16 3.316616382019674e-15 350
3 5.806740899825098e-16 5.733630231582942e-15 450
3.5 7.95841229200128e-16 9.171414412825684e-15 602
4 4.533808070100755e-16 6.940476669518104e-15 762
4.5 5.15722370566156e-29 9.66584256180829e-28 1142
5 4.432773210097828e-29 4.524169106744268e-28 1250
5.5 2.915283286337025e-29 5.25545756069954e-28 1458
6 1.35699885455909e-29 4.503052685779421e-28 1814
6.5 6.40957398505443e-30 3.378111795812743e-28 2178
7 2.752151464309963e-30 1.276249994970861e-28 2498
7.5 7.805158876297331e-31 4.360208331133916e-29 2622
8 7.729582708488875e-32 8.178977719747947e-31 3338
8.5 2.959916748092688e-33 1.822721024453951e-31 3722
9 3.571361934518125e-33 2.288396122869717e-31 4170
9.5 3.859316027431337e-33 2.832244998539714e-31 4358
10 4.6501967332537e-33 3.998656824124073e-31 5034
10.5 5.591132986366422e-33 4.522706549102241e-31 5714
11 5.618394078258194e-33 5.470885641218039e-31 5982
11.5 6.438072575700397e-33 6.367243093974332e-31 6602
12 9.128749952360029e-33 8.030678731984842e-31 7130
12.5 8.389099838045252e-33 1.002939362520744e-30 8034
13 9.342530686491747e-33 1.136853789058465e-30 8606
13.5 9.867374433927371e-33 1.271314904477494e-30 9066
14 1.265955872355514e-32 1.558689910099692e-30 9962
14.5 1.333142539418729e-32 1.709009398549321e-30 10550
15 1.365132590546307e-32 1.962801249264009e-30 11226
15.5 1.481457964786894e-32 2.352603075305505e-30 12146
16 1.597258118676151e-32 2.529065890613812e-30 12303
16.5 1.723086494098189e-32 2.743748166364683e-30 12584
17 1.644758605343412e-32 2.780462701506797e-30 12120
17.5 1.568543468227952e-32 2.805495941675564e-30 11180
18 1.603858422952481e-32 2.953633025411658e-30 11096
18.5 1.500504551889541e-32 2.869035979836471e-30 10056
19 1.454676088810731e-32 2.98590815970788e-30 9716
19.5 1.335347162553743e-32 2.721250649641608e-30 8604
20 1.244566808526526e-32 2.798866097165741e-30 8060
20.5 1.133857955778255e-32 2.694016360593659e-30 7320
21 1.083679502590126e-32 2.445869882055661e-30 6356
21.5 8.758497030337904e-33 2.087666607623401e-30 5348
22 7.58896558975761e-33 1.832720461526083e-30 4308
22.5 6.64820360915799e-33 1.571568230153657e-30 3563
23 4.22706276684253e-33 1.128750097128805e-30 2448
23.5 3.177790659413034e-33 9.250965577168763e-31 1868
24 2.337584640398947e-33 7.561034356500864e-31 1358
24.5 1.99606260102162e-33 6.101008330460788e-31 1062
25 1.390378174791301e-33 4.465784221368354e-31 776
25.5 8.973828557538172e-34 2.204312774027731e-31 432
26 3.967650554458987e-34 1.338054272050951e-31 200
26.5 4.084058765769203e-34 1.064440786348718e-31 168
27 1.122180835552202e-34 3.498098549155403e-32 56
27.5 1.617898337248003e-35 3.586680873037081e-33 7

0.5 2.293260326806655e-18 5.854918583229954e-18 18
1 2.304921846094033e-17 1.110474898714058e-16 62
1.5 1.795568995882028e-17 2.050547612252372e-16 98
2 6.728435548339818e-17 4.583733135064793e-16 210
2.5 1.532822299363093e-16 1.036573342260958e-15 350
3 1.494630046555159e-16 2.33434913974228e-15 450
3.5 2.200641230096852e-16 3.523037210523698e-15 602
4 1.447445699325888e-16 2.302144616855351e-15 762
4.5 6.800788930318134e-29 8.993839625351276e-28 1142
5 2.603777977507512e-29 4.895941909247347e-28 1250
5.5 7.139245935495228e-30 2.436138133635561e-28 1458
6 7.249313773712893e-30 2.464207405718263e-28 1814
6.5 9.250620161794032e-30 4.17234980750536e-28 2178
7 6.824842010127754e-30 2.167862830215682e-28 2498
7.5 6.193943609252329e-31 3.080675321133159e-29 2622
8 1.989337900122933e-32 3.208008697117094e-31 3338
8.5 1.961104028069625e-33 1.206170619178552e-31 3722
9 2.13844320091261e-33 1.597789235018431e-31 4170
9.5 2.274512756370497e-33 1.900714501169608e-31 4358
10 2.976392507185516e-33 2.475542863306002e-31 5034
10.5 3.447308465578286e-33 3.07344503788588e-31 5714
11 3.741494672827356e-33 3.475603519173068e-31 5982
11.5 4.046934288917084e-33 4.195266547136004e-31 6602
12 6.046530780200927e-33 5.090150865971612e-31 7130
12.5 5.702208495576962e-33 6.234825777103311e-31 8034
13 6.562372197248848e-33 7.258487755765492e-31 8606
13.5 6.407210120425604e-33 7.993732916781639e-31 9066
14 7.767910306113171e-33 1.0142020748937e-30 9962
14.5 8.222872701498463e-33 1.131695586477181e-30 10550
15 9.105326914097514e-33 1.283218284216139e-30 11226
15.5 9.697327765903871e-33 1.47374387611506e-30 12146
16 1.037718379817411e-32 1.619035930128091e-30 12303
16.5 1.093874437275724e-32 1.826347191885866e-30 12584
17 1.093503640575676e-32 1.810422265221292e-30 12120
17.5 1.027068151242899e-32 1.791650591587297e-30 11180
18 1.042570097344404e-32 1.94265779179989e-30 11096
18.5 9.817957749372953e-33 1.85773815895967e-30 10056
19 9.805323159366461e-33 1.914471909445081e-30 9716
19.5 8.57479143817006e-33 1.820153112359966e-30 8604
20 8.236036613753904e-33 1.756632903499141e-30 8060
20.5 7.954921845613255e-33 1.730605642689158e-30 7320
21 6.712945539172112e-33 1.594210031881825e-30 6356
21.5 5.644789721925368e-33 1.37189399629404e-30 5348
22 4.751901903545415e-33 1.181885207406481e-30 4308
22.5 4.369278931097201e-33 1.030816526463949e-30 3563
23 2.896704755493004e-33 7.163733205728515e-31 2448
23.5 2.183908051498618e-33 5.809792430097935e-31 1868
24 1.671618976944943e-33 4.354159323605128e-31 1358
24.5 1.351929245160265e-33 3.9445240131209e-31 1062
25 9.508784045078622e-34 2.610789084818934e-31 776
25.5 5.958420864956079e-34 1.474083963877306e-31 432
26 2.682854703417612e-34 8.097970442226164e-32 200
26.5 2.420359463046913e-34 7.033974955376332e-32 168
27 7.186483097534521e-35 2.344408849984158e-32 56
27.5 7.052974399606293e-36 3.509854621015681e-33 7

0.5 2.778579124534447e-18 1.260191127167523e-18 18
1 2.141142755871707e-17 1.520979657278854e-17 62
1.5 2.056902017906823e-17 5.536095502973431e-17 98
2 4.211613439347542e-17 1.71640033645823e-16 210
2.5 7.628145643940817e-17 4.964553523249935e-16 350
3 9.883836754938865e-17 8.301811215647326e-16 450
3.5 1.153328054532923e-16 1.574131140960568e-15 602
4 6.761394881097681e-17 1.150971066500141e-15 762
4.5 9.439008862816521e-29 1.265550153534146e-27 1142
5 1.934157262504989e-29 3.487151948234885e-28 1250
5.5 7.239326050401358e-30 1.598844186969502e-28 1458
6 4.64925106773454e-30 1.814689236030826e-28 1814
6.5 7.070851729694966e-30 3.170961659660865e-28 2178
7 3.880062399077118e-30 1.774338811779262e-28 2498
7.5 4.017014599522992e-31 1.027370666534234e-29 2622
8 5.328156338034203e-33 3.91665882078731e-31 3338
8.5 1.445531268904624e-33 9.059060217776307e-32 3722
9 1.623271698303451e-33 1.183570292165877e-31 4170
9.5 1.825050669787684e-33 1.349560081612845e-31 4358
10 2.264748211494801e-33 1.764567816104086e-31 5034
10.5 2.608035598410975e-33 2.308691640589838e-31 5714
11 2.720017179039934e-33 2.564940605666882e-31 5982
11.5 3.042339723578906e-33 3.190169093070122e-31 6602
12 3.974340333434616e-33 4.083781337764529e-31 7130
12.5 4.246614823322536e-33 4.760788533980628e-31 8034
13 4.614198010821823e-33 5.707187308590466e-31 8606
13.5 4.915692132256287e-33 6.097119810005078e-31 9066
14 6.166189336373567e-33 7.686863237899784e-31 9962
14.5 6.189007928128351e-33 8.570695607745465e-31 10550
15 6.794136046416044e-33 9.577865792387642e-31 11226
15.5 7.557257500776741e-33 1.086186458299928e-30 12146
16 7.977252947302172e-33 1.235794571666793e-30 12303
16.5 8.35595054088707e-33 1.366930331470112e-30 12584
17 8.472043529555703e-33 1.370994530765581e-30 12120
17.5 7.835062348945097e-33 1.386306077115042e-30 11180
18 7.731145747118846e-33 1.483282846053234e-30 11096
18.5 7.395354255557516e-33 1.411943447405777e-30 10056
19 7.005032069588884e-33 1.488254739755477e-30 9716
19.5 6.426011092953038e-33 1.419039438744747e-30 8604
20 6.145445504566515e-33 1.369730396745213e-30 8060
20.5 5.818452692212476e-33 1.326116170452031e-30 7320
21 5.289947958630689e-33 1.233285183732023e-30 6356
21.5 4.355317470796736e-33 1.051107979993585e-30 5348
22 3.615572455093892e-33 9.324095109621454e-31 4308
22.5 3.19006859346338e-33 8.054544385739543e-31 3563
23 2.109202818171924e-33 5.674753880411208e-31 2448
23.5 1.541855001203584e-33 4.774553071141588e-31 1868
24 1.20602318404288e-33 3.52528689256684e-31 1358
24.5 9.86285782237185e-34 2.953166825852028e-31 1062
25 7.088329948848473e-34 1.864217152202235e-31 776
25.5 4.389567512272379e-34 1.223792862319252e-31 432
26 2.159093391670738e-34 6.842913952710571e-32 200
26.5 1.634697544138859e-34 5.108174563304636e-32 168
27 6.245311468157931e-35 1.536710793849743e-32 56
27.5 6.489163866640268e-36 3.16821072945501e-33 7

0.5 2.551611814317516e-19 3.457383193589354e-18 18
1 3.555328817969352e-18 3.465851309537429e-17 62
1.5 6.538130271658039e-18 7.223569969362716e-17 98
2 1.886367353949645e-17 1.350461022030705e-16 210
2.5 3.370571223782607e-17 3.948970588340592e-16 350
3 4.448157907153411e-17 6.515713789639891e-16 450
3.5 6.355732413148449e-17 1.004370930754972e-15 602
4 3.918714511330292e-17 6.977577596847088e-16 762
4.5 3.441515344811885e-28 9.814560191670144e-27 1142
5 4.924567932192676e-29 4.234325381334018e-27 1250
5.5 6.590989860489069e-30 1.207998964541282e-27 1458
6 6.90882645531333e-30 1.696647152913742e-28 1814
6.5 8.022898197733961e-30 2.894598159126677e-28 2178
7 3.599164400150245e-30 1.439073923515057e-28 2498
7.5 1.633497978198621e-31 8.159301914043608e-30 2622
8 2.260994800382139e-33 1.165401664518921e-31 3338
8.5 1.109195671428176e-33 7.127533957380235e-32 3722
9 1.325262537592457e-33 9.370927297860366e-32 4170
9.5 1.398906647201191e-33 1.050891616449107e-31 4358
10 1.693557396701168e-33 1.39610849066976e-31 5034
10.5 2.019400642503791e-33 1.795793522087372e-31 5714
11 2.145957492454911e-33 2.030310680229818e-31 5982
11.5 2.31597456062486e-33 2.493294834220499e-31 6602
12 2.833832313131535e-33 3.417528981980353e-31 7130
12.5 3.159501486456047e-33 3.708809839938447e-31 8034
13 3.553727658903237e-33 4.474305284428676e-31 8606
13.5 3.767848888167249e-33 4.814126138644295e-31 9066
14 4.618032337614675e-33 5.880825368856283e-31 9962
14.5 4.707554574026021e-33 6.880789915242167e-31 10550
15 5.22440331983965e-33 7.542820984994454e-31 11226
15.5 5.672485402285118e-33 8.729026644790666e-31 12146
16 6.158198882300044e-33 9.697882841389623e-31 12303
16.5 6.612558544322897e-33 1.061212343212087e-30 12584
17 6.557911261749261e-33 1.108159658193895e-30 12120
17.5 6.073185339147764e-33 1.1016895407082e-30 11180
18 5.962208164843554e-33 1.164983611542468e-30 11096
18.5 5.625127196601633e-33 1.144150052558627e-30 10056
19 5.563961668013835e-33 1.149179350988285e-30 9716
19.5 5.075940652828405e-33 1.075370166818832e-30 8604
20 4.809556555795147e-33 1.075931652893262e-30 8060
20.5 4.505224665405616e-33 1.036982272874519e-30 7320
21 4.10418949539326e-33 9.575127692303698e-31 6356
21.5 3.405312055972014e-33 8.193943882764513e-31 5348
22 2.834032767848499e-33 7.33831089381427e-31 4308
22.5 2.463951603339781e-33 6.334454989526814e-31 3563
23 1.672544652156335e-33 4.596956456968798e-31 2448
23.5 1.228667625359463e-33 3.525344845572516e-31 1868
24 9.524256585842935e-34 2.778444862359823e-31 1358
24.5 7.865177561341613e-34 2.420301567297172e-31 1062
25 5.581035005359176e-34 1.518863363835473e-31 776
25.5 2.890145087613217e-34 1.11264702471245e-31 432
26 1.688903460428375e-34 4.70098189500639e-32 200
26.5 1.320270266382746e-34 3.821184229794031e-32 168
27 5.098262772710763e-35 1.273843356036276e-32 56
27.5 4.733467125553808e-36 2.221933717035336e-33 7

0.5 1.24390855919605e-18 3.390153729018473e-19 18
1 5.324294605246979e-18 9.234398520877397e-18 62
1.5 1.411490782628062e-17 2.151111828829807e-17 98
2 1.727062742410799e-17 6.410928808038746e-17 210
2.5 2.543952208768572e-17 2.216853140230003e-16 350
3 3.753041475494053e-17 3.33291979647557e-16 450
3.5 4.793661948814461e-17 5.726381452001373e-16 602
4 2.836451524598959e-17 4.186482444426555e-16 762
4.5 2.383519079683812e-28 3.617259419428518e-26 1142
5 5.849146987816603e-29 2.287297296550668e-27 1250
5.5 2.063893106790098e-29 3.094540181013385e-28 1458
6 4.423587931117346e-30 1.218874369124433e-28 1814
6.5 6.687191371658611e-30 2.474979305692699e-28 2178
7 3.510503721651677e-30 1.276809354313889e-28 2498
7.5 1.464706008828553e-31 1.183044010515644e-29 2622
8 2.843905436810997e-33 1.636718246317292e-31 3338
8.5 8.946222571899017e-34 5.524928562717677e-32 3722
9 1.118890040827283e-33 7.365628584056163e-32 4170
9.5 1.110574618761369e-33 8.681530717791512e-32 4358
10 1.408430683428044e-33 1.101064803996402e-31 5034
10.5 1.582169543115028e-33 1.4439018454387e-31 5714
11 1.715479107871419e-33 1.620945098850022e-31 5982
11.5 1.963969558320415e-33 1.903744884013429e-31 6602
12 2.20457843196369e-33 2.675338889286189e-31 7130
12.5 2.534216927425052e-33 2.981301191712545e-31 8034
13 2.957961980194338e-33 3.53615418743336e-31 8606
13.5 3.065887726320867e-33 3.841315902554174e-31 9066
14 3.822683110603863e-33 4.746159065676568e-31 9962
14.5 3.929822961923261e-33 5.274423593295317e-31 10550
15 4.160850289287678e-33 5.90632489615853e-31 11226
15.5 4.587794859464879e-33 6.967078685311323e-31 12146
16 4.919876563948741e-33 7.70411982843034e-31 12303
16.5 5.255593805667404e-33 8.483606942693309e-31 12584
17 5.171704542428331e-33 8.982729587907875e-31 12120
17.5 4.923247856941726e-33 8.743090273955575e-31 11180
18 4.855890709600833e-33 9.232459375432361e-31 11096
18.5 4.691502800518655e-33 8.871788289739694e-31 10056
19 4.458798462823897e-33 9.183433395191652e-31 9716
19.5 4.107770757449699e-33 8.589424164254109e-31 8604
20 3.821000213502604e-33 8.497488370031988e-31 8060
20.5 3.66875003241568e-33 8.33211207845605e-31 7320
21 3.233160358937882e-33 7.86058335238816e-31 6356
21.5 2.698866411705516e-33 6.571799850960929e-31 5348
22 2.287594852909373e-33 5.803746728655391e-31 4308
22.5 2.065501708775755e-33 4.959002696267675e-31 3563
23 1.394944643524095e-33 3.586065538481613e-31 2448
23.5 1.012047649167833e-33 2.763604265104116e-31 1868
24 7.516938783211823e-34 2.096641695357694e-31 1358
24.5 6.507936948207666e-34 1.943250475520234e-31 1062
25 4.188897318368343e-34 1.319465144414637e-31 776
25.5 2.495246770558164e-34 8.243633825040576e-32 432
26 1.479412732129116e-34 3.319042144717327e-32 200
26.5 1.120274118510859e-34 3.076152261703196e-32 168
27 4.375701534186552e-35 8.648076449748753e-33 56
27.5 3.569364794720827e-36 1.343097293005061e-33 7

0.5 1.553934323428379e-19 1.100264951850493e-18 18
1 1.287681174753468e-18 1.926501719477896e-17 62
1.5 7.261221079861295e-18 2.865544474492202e-17 98
2 7.72734598049789e-18 7.13468627579497e-17 210
2.5 1.815257188387153e-17 1.591880227448645e-16 350
3 2.239323486528229e-17 2.814818755588163e-16 450
3.5 2.818760017011775e-17 4.898234720402895e-16 602
4 1.765534686899915e-17 3.37657713093334e-16 762
4.5 1.420385059407272e-27 2.367223675977254e-25 1142
5 1.233311282612173e-27 6.899901106465273e-26 1250
5.5 4.012504760427431e-28 5.948097478451772e-27 1458
6 6.840717002154648e-30 1.862969875428848e-28 1814
6.5 6.052238536498628e-30 2.492690619344766e-28 2178
7 2.541221743145394e-30 1.39507682636233e-28 2498
7.5 1.190530715108217e-31 7.963781241499274e-30 2622
8 6.467130555367484e-33 1.850564622459636e-31 3338
8.5 7.251265068455351e-34 5.025784915166388e-32 3722
9 8.986064559942804e-34 6.673692611369027e-32 4170
9.5 1.00608452220632e-33 7.349796847077068e-32 4358
10 1.206470816133645e-33 9.870988877836036e-32 5034
10.5 1.373770971713192e-33 1.224435601968686e-31 5714
11 1.453208669556402e-33 1.396958633237632e-31 5982
11.5 1.65155422956378e-33 1.737494621075518e-31 6602
12 1.949495083579023e-33 2.295296830464249e-31 7130
12.5 2.197176568899665e-33 2.575752569859691e-31 8034
13 2.534256944913318e-33 3.068117865089211e-31 8606
13.5 2.622080156343098e-33 3.377546137178309e-31 9066
14 3.173592274829687e-33 4.119466039223301e-31 9962
14.5 3.39926708703835e-33 4.621961426415675e-31 10550
15 3.5951917066781e-33 5.090785242115905e-31 11226
15.5 3.957991510455287e-33 6.018179955577671e-31 12146
16 4.194519614525257e-33 6.624677337031764e-31 12303
16.5 4.58424960644948e-33 7.362609741950947e-31 12584
17 4.505758535571996e-33 7.68646935417313e-31 12120
17.5 4.142919331540819e-33 7.684024567582274e-31 11180
18 4.228508967887221e-33 7.974049602360423e-31 11096
18.5 3.945382067854365e-33 7.848935399430531e-31 10056
19 3.790823118151193e-33 8.037783548389523e-31 9716
19.5 3.592694621389597e-33 7.41157848289522e-31 8604
20 3.361219547023879e-33 7.227396503464169e-31 8060
20.5 3.173825971607636e-33 7.091665753278651e-31 7320
21 2.837287091284932e-33 6.605517987605867e-31 6356
21.5 2.387045097541111e-33 5.664741651981476e-31 5348
22 2.021314744856452e-33 4.943357837889384e-31 4308
22.5 1.706558071087152e-33 4.499733551969712e-31 3563
23 1.19034085316317e-33 3.243683198498999e-31 2448
23.5 8.753586033129127e-34 2.451554046652034e-31 1868
24 6.422797990385646e-34 1.953185906693041e-31 1358
24.5 5.439683597758084e-34 1.690049307935007e-31 1062
25 3.584284002869006e-34 1.136162735966452e-31 776
25.5 2.180450844291033e-34 6.675458513078673e-32 432
26 1.307759342934798e-34 2.780049171304528e-32 200
26.5 9.662602611395825e-35 2.566946572339403e-32 168
27 4.310205164674326e-35 8.235288540718388e-33 56
27.5 5.912656158671321e-36 1.181891375888961e-33 7

0.5 6.360390842291819e-19 1.935058800654245e-19 18
1 1.336567806214908e-18 7.242799903385156e-18 62
1.5 1.288861135491666e-17 1.158860173947425e-17 98
2 9.357147620158401e-18 3.334850796304796e-17 210
2.5 1.784638105880683e-17 9.05534691270124e-17 350
3 1.858741296661366e-17 1.879527908100243e-16 450
3.5 2.629302555156817e-17 2.935327797698011e-16 602
4 1.565632227146988e-17 2.112963456980796e-16 762
4.5 3.837730232159296e-26 6.040384273506403e-25 1142
5 3.405876056541228e-27 2.792788831816076e-26 1250
5.5 4.296800212665815e-28 1.253112867849531e-26 1458
6 3.526321304086357e-30 5.25839667412451e-28 1814
6.5 5.902074682639402e-30 2.21671704140886e-28 2178
7 2.926463488222824e-30 1.324886700016522e-28 2498
7.5 2.077038956981146e-31 5.260774588244864e-30 2622
8 2.139075578618165e-33 8.885263312304782e-32 3338
8.5 6.792241039794663e-34 4.324976190092803e-32 3722
9 8.508397819212373e-34 5.606950480840872e-32 4170
9.5 9.099056113307409e-34 6.463870099782705e-32 4358
10 1.059144782143714e-33 8.671464937803089e-32 5034
10.5 1.240151893439169e-33 1.096208049177412e-31 5714
11 1.266950570117937e-33 1.292878658509706e-31 5982
11.5 1.497114476500874e-33 1.508153724103811e-31 6602
12 1.848222625953155e-33 1.912868763658972e-31 7130
12.5 1.998474561920837e-33 2.283199860009983e-31 8034
13 2.250757562462398e-33 2.741889408258632e-31 8606
13.5 2.379526946965205e-33 2.969041836898716e-31 9066
14 2.843770131894825e-33 3.664892642951116e-31 9962
14.5 2.962913618687315e-33 4.174353636892655e-31 10550
15 3.230051458587579e-33 4.409195788210486e-31 11226
15.5 3.497005613858726e-33 5.385838562999754e-31 12146
16 3.734704406934082e-33 5.839085117109845e-31 12303
16.5 4.035547438358161e-33 6.592841945573138e-31 12584
17 3.940644316418047e-33 6.851741189611553e-31 12120
17.5 3.783913539298505e-33 6.69604373658022e-31 11180
18 3.721508034329801e-33 7.176245223656137e-31 11096
18.5 3.507614367637766e-33 6.936499985246411e-31 10056
19 3.443186467442309e-33 6.9447062244451e-31 9716
19.5 3.154035041755707e-33 6.658146307291357e-31 8604
20 2.894619595732187e-33 6.555739704877991e-31 8060
20.5 2.756759636417565e-33 6.469577410828768e-31 7320
21 2.555360601697152e-33 5.849662681789118e-31 6356
21.5 2.145024319092476e-33 5.038358332710837e-31 5348
22 1.761772091010727e-33 4.666935325243308e-31 4308
22.5 1.574312051342104e-33 3.873648757293074e-31 3563
23 1.087388098589665e-33 2.811526613200491e-31 2448
23.5 7.471986204331021e-34 2.236420631844701e-31 1868
24 5.912751106289333e-34 1.743130894165173e-31 1358
24.5 5.075981542661962e-34 1.389762129933269e-31 1062
25 3.128431904691992e-34 9.817076413411255e-32 776
25.5 1.792124273093945e-34 6.364288576210133e-32 432
26 1.154979842016291e-34 2.507506787002505e-32 200
26.5 8.569790204669273e-35 2.421212528057102e-32 168
27 3.280851830900748e-35 9.94145251926739e-33 56
27.5 3.537838052788877e-36 1.06410315013314e-33 7

0.5 4.133294509762586e-19 1.165082451961786e-18 18
1 2.255974017784962e-18 7.242239446995648e-18 62
1.5 9.979821999766984e-18 1.88281288015458e-17 98
2 5.467884248867708e-18 4.901277269846585e-17 210
2.5 1.028609140508096e-17 1.072597059497434e-16 350
3 1.288669745413039e-17 1.623460235110075e-16 450
3.5 1.78210882215057e-17 2.579455610110603e-16 602
4 9.987991619881155e-18 1.982599869104435e-16 762
4.5 4.876856316912564e-25 2.336532969045139e-24 1142
5 1.825546563861459e-25 1.296260163868569e-24 1250
5.5 1.251003327758331e-26 5.749792282034098e-25 1458
6 2.454206144063441e-29 1.912075433804389e-27 1814
6.5 5.095751177758109e-30 2.288368589944633e-28 2178
7 2.782244160604881e-30 1.264508448968741e-28 2498
7.5 2.152769991317123e-31 6.625200078539041e-30 2622
8 7.761200466471449e-33 6.903328657402672e-32 3338
8.5 5.87261900439973e-34 3.956650154579915e-32 3722
9 7.243018005552883e-34 5.127115397682322e-32 4170
9.5 7.558135379254593e-34 5.977705239263242e-32 4358
10 8.975732343570578e-34 8.043770738256794e-32 5034
10.5 1.091047889542025e-33 1.006121575147543e-31 5714
11 1.173582437109103e-33 1.135135838815877e-31 5982
11.5 1.316629843693566e-33 1.38707544288214e-31 6602
12 1.625479819835217e-33 1.65632231449172e-31 7130
12.5 1.784850301597604e-33 2.113758930022353e-31 8034
13 1.99593220439187e-33 2.432858659245201e-31 8606
13.5 2.110888068346331e-33 2.686145996298228e-31 9066
14 2.421579462294481e-33 3.354428957347463e-31 9962
14.5 2.663435620323396e-33 3.74996834434572e-31 10550
15 2.767652895952651e-33 4.162421981113567e-31 11226
15.5 3.233773664211532e-33 4.772340934134311e-31 12146
16 3.334712735300952e-33 5.208795870509455e-31 12303
16.5 3.617328785737276e-33 5.948204003947687e-31 12584
17 3.483816606733199e-33 6.343922198521116e-31 12120
17.5 3.292966607992472e-33 6.200113927776138e-31 11180
18 3.339930645528851e-33 6.467212026051023e-31 11096
18.5 3.109524988719617e-33 6.32366192773963e-31 10056
19 3.060428578493229e-33 6.331862143326842e-31 9716
19.5 2.833170915942801e-33 6.006220633819415e-31 8604
20 2.594721632349663e-33 6.023490851628079e-31 8060
20.5 2.535621769748579e-33 5.7704766032629e-31 7320
21 2.253935620493838e-33 5.339824216229282e-31 6356
21.5 1.864924149088053e-33 4.680624776654598e-31 5348
22 1.622772194687649e-33 4.081071596222232e-31 4308
22.5 1.393417951085401e-33 3.480443794761504e-31 3563
23 9.358023656555869e-34 2.622045756315766e-31 2448
23.5 7.046429976239383e-34 1.932011834489525e-31 1868
24 5.331419099182619e-34 1.581214866637268e-31 1358
24.5 4.246208306375216e-34 1.308668707687577e-31 1062
25 2.980541644328705e-34 8.8045094344335e-32 776
25.5 1.642230954512974e-34 5.730020991187173e-32 432
26 9.877615224541733e-35 2.495044844122652e-32 200
26.5 7.083811785671045e-35 2.220023184227299e-32 168
27 2.18974169578845e-35 1.060216062883624e-32 56
27.5 3.264374355711677e-36 1.072289464276874e-33 7

0.5 1.003084016467578e-18 5.276628293360418e-18 18
1 3.178377771583316e-18 1.747744038877962e-17 62
1.5 1.342867146633541e-17 2.816551931703558e-17 98
2 1.298703910171019e-17 7.280834571414005e-17 210
2.5 1.788158397176748e-17 3.643817152413567e-16 350
3 1.255569930266007e-17 1.796672270889287e-16 450
3.5 1.569498993136603e-17 1.850281318075547e-16 602
4 9.607958179708533e-18 1.309864429339916e-16 762
4.5 5.152151235408794e-24 6.707546422378933e-23 1142
5 8.122653705347334e-25 3.537019144555838e-23 1250
5.5 7.116644792219211e-26 9.088144591589163e-24 1458
6 3.366375648220892e-28 6.910909556321815e-27 1814
6.5 5.789029569755045e-30 2.2229859960008e-28 2178
7 3.579262584125103e-30 1.216761947798686e-28 2498
7.5 1.720625064609788e-31 4.114123178700069e-30 2622
8 2.490021367153898e-33 7.618594797748409e-32 3338
8.5 5.300337123047604e-34 3.299827623077862e-32 3722
9 6.070542032793483e-34 4.669605585451788e-32 4170
9.5 6.473557029796727e-34 5.149263475155232e-32 4358
10 8.62755925534617e-34 6.42775456808627e-32 5034
10.5 9.841628818113087e-34 8.328113972215815e-32 5714
11 1.053955540607492e-33 9.665310970785196e-32 5982
11.5 1.161569644170319e-33 1.188350435165726e-31 6602
12 1.467230942657643e-33 1.457640452463741e-31 7130
12.5 1.61106677589643e-33 1.781184867042878e-31 8034
13 1.748700867224069e-33 2.104842199594094e-31 8606
13.5 1.809912137548964e-33 2.359772748540507e-31 9066
14 2.119493410491379e-33 2.806479795672874e-31 9962
14.5 2.292680794482308e-33 3.256198869664728e-31 10550
15 2.50912874347761e-33 3.494369057685578e-31 11226
15.5 2.772844162197686e-33 4.19239288003966e-31 12146
16 2.872204445565588e-33 4.539298006333323e-31 12303
16.5 3.15106784856258e-33 5.145391713865604e-31 12584
17 3.093707836372078e-33 5.262059978279616e-31 12120
17.5 2.93660380168224e-33 5.155815831441796e-31 11180
18 2.896954049892144e-33 5.588677881055886e-31 11096
18.5 2.702806839396443e-33 5.384677829913659e-31 10056
19 2.689220458244038e-33 5.36021827590485e-31 9716
19.5 2.484923628560961e-33 5.118115446305368e-31 8604
20 2.309597899549452e-33 5.044193636597354e-31 8060
20.5 2.185905025227949e-33 4.971487216458924e-31 7320
21 1.93232840762825e-33 4.638970433765626e-31 6356
21.5 1.680085774267472e-33 3.909881259587608e-31 5348
22 1.39311373947854e-33 3.519201398627512e-31 4308
22.5 1.121102950914424e-33 3.202777635109249e-31 3563
23 8.248688949961847e-34 2.258521898540013e-31 2448
23.5 6.029550088239045e-34 1.678169793735731e-31 1868
24 4.689110504437748e-34 1.36643645164807e-31 1358
24.5 3.773824639919399e-34 1.088465808464548e-31 1062
25 2.571241916497132e-34 7.939464244499257e-32 776
25.5 1.529640583156735e-34 4.594015562004547e-32 432
26 8.322373266500151e-35 2.285112829226853e-32 200
26.5 6.554173482981874e-35 1.992728637159079e-32 168
27 2.303963325879702e-35 8.800761497814726e-33 56
27.5 2.036428618759118e-36 1.076023179788215e-33 7

0.5 1.795890866405932e-16 4.806992404277714e-16 18
1 5.32383361253103e-16 2.492231446844361e-15 62
1.5 3.112881902249683e-16 4.060945162957727e-15 98
2 8.753049593242501e-17 7.874010769183036e-15 210
2.5 3.39382596023667e-16 2.723684283255568e-15 350
3 1.409332897121185e-17 6.907477132258875e-16 450
3.5 1.147423348104494e-17 1.733289802100762e-16 602
4 7.048226824679593e-18 1.187168540720276e-16 762
4.5 2.587548930824954e-23 3.514125160846825e-22 1142
5 7.643391451457438e-24 2.549176984062283e-22 1250
5.5 9.694193431998266e-25 4.475034742597593e-23 1458
6 1.195970167616087e-27 1.648549192326544e-27 1814
6.5 5.19696697417857e-30 2.105132965012676e-28 2178
7 3.533744156641815e-30 1.344678176745444e-28 2498
7.5 2.591919115541816e-31 6.079846401254336e-30 2622
8 1.998203772522229e-33 7.910002008031718e-32 3338
8.5 4.734524407355318e-34 3.095336840982648e-32 3722
9 5.541460533434422e-34 4.211868187321428e-32 4170
9.5 6.044513520766018e-34 4.613466137043772e-32 4358
10 7.300446382661204e-34 6.206780194508721e-32 5034
10.5 8.427773050898889e-34 8.003122097223247e-32 5714
11 9.345018037590577e-34 8.901183618134646e-32 5982
11.5 1.053177730443987e-33 1.082474791783656e-31 6602
12 1.216141757843877e-33 1.419628897616066e-31 7130
12.5 1.401719861217767e-33 1.64687302228375e-31 8034
13 1.552965131829153e-33 1.907302847991315e-31 8606
13.5 1.636619167956608e-33 2.14980407057087e-31 9066
14 1.884818053752663e-33 2.605962848609788e-31 9962
14.5 2.073127275058639e-33 2.960308541226032e-31 10550
15 2.187106201033892e-33 3.257786352885534e-31 11226
15.5 2.510510189134384e-33 3.854716154072991e-31 12146
16 2.680242409505511e-33 4.087977395719767e-31 12303
16.5 2.851167438977024e-33 4.648331615100372e-31 12584
17 2.711457576070676e-33 4.899998142887632e-31 12120
17.5 2.560231704495289e-33 4.799707029727151e-31 11180
18 2.639849258784455e-33 5.076442715285708e-31 11096
18.5 2.449467810464973e-33 4.928797911743136e-31 10056
19 2.387475264613317e-33 4.942887456659187e-31 9716
19.5 2.158867290311924e-33 4.762179514954752e-31 8604
20 2.099256529117242e-33 4.546945652715543e-31 8060
20.5 1.989724790403285e-33 4.481301922927585e-31 7320
21 1.752744377436584e-33 4.185105409139932e-31 6356
21.5 1.504177456521833e-33 3.637839696076311e-31 5348
22 1.288700688129393e-33 3.059538035802997e-31 4308
22.5 1.060302743656842e-33 2.716247763992009e-31 3563
23 7.377053827138437e-34 2.079679519340076e-31 2448
23.5 5.563702425052742e-34 1.465513480331774e-31 1868
24 4.328455124502244e-34 1.186976460877727e-31 1358
24.5 3.337176442733433e-34 9.815423687986063e-32 1062
25 2.369621567150522e-34 6.926264416772133e-32 776
25.5 1.344703494327604e-34 3.943662416403464e-32 432
26 7.219266618311367e-35 2.115291005300747e-32 200
26.5 5.62334435126832e-35 1.691392955183591e-32 168
27 2.645975066894777e-35 7.150746581432061e-33 56
27.5 2.221733677430771e-36 8.195609075511045e-34 7

0.5 3.334051429162957e-15 3.732473468810411e-14 18
1 1.080456878536185e-14 1.844764670578975e-13 62
1.5 5.003005695554555e-15 2.953897593383058e-13 98
2 1.389762134579856e-15 8.029802766220703e-13 210
2.5 2.227329842504248e-14 1.426769346513693e-12 350
3 1.131129841357573e-14 1.190880269390406e-13 450
3.5 2.733417614751862e-17 2.544160119988361e-16 602
4 5.874231873439549e-18 9.834084761084831e-17 762
4.5 7.230239227179515e-22 2.7115261182732e-21 1142
5 2.436018774875537e-22 1.676150498926461e-21 1250
5.5 2.909468437849154e-23 1.035246031199408e-22 1458
6 1.340398113043922e-26 5.048663298357157e-25 1814
6.5 2.042443957895058e-29 2.203627307671642e-27 2178
7 3.714542409832429e-30 1.907908891960182e-28 2498
7.5 1.044916667839801e-31 7.897630396570721e-30 2622
8 7.212485872525451e-33 4.164128775712614e-31 3338
8.5 5.512377315845102e-34 2.976449956163957e-32 3722
9 5.373199446004416e-34 3.548732409795808e-32 4170
9.5 5.540185464972117e-34 4.143452994450632e-32 4358
10 6.511662831130761e-34 5.648901217381334e-32 5034
10.5 7.743131876643129e-34 7.073354570476987e-32 5714
11 8.512344447611541e-34 7.972695825380716e-32 5982
11.5 9.567428679449704e-34 9.692569180747444e-32 6602
12 1.106887151626783e-33 1.24237359715555e-31 7130
12.5 1.304158125731856e-33 1.437393761036234e-31 8034
13 1.422048402161338e-33 1.67435510435549e-31 8606
13.5 1.483530121546417e-33 1.916989028837333e-31 9066
14 1.689465575060178e-33 2.346005886892198e-31 9962
14.5 1.898339612746922e-33 2.581678790100347e-31 10550
15 2.027808971599178e-33 2.954704282125378e-31 11226
15.5 2.321892104213517e-33 3.466391333560244e-31 12146
16 2.349776536230416e-33 3.775946459418706e-31 12303
16.5 2.542015594405693e-33 4.196508369929454e-31 12584
17 2.510636405452705e-33 4.277815501365571e-31 12120
17.5 2.359127104639999e-33 4.195871908023955e-31 11180
18 2.367990909778564e-33 4.554845484926003e-31 11096
18.5 2.213346357317566e-33 4.412804859689636e-31 10056
19 2.138130109489209e-33 4.449676003886648e-31 9716
19.5 1.999018830065428e-33 4.158387022533818e-31 8604
20 1.826833347560679e-33 4.224636061528086e-31 8060
20.5 1.829829378953576e-33 4.014978681474447e-31 7320
21 1.569091196364589e-33 3.817253597828459e-31 6356
21.5 1.378607126591609e-33 3.242404910645923e-31 5348
22 1.14844468131877e-33 2.820425110745559e-31 4308
22.5 9.473232810415745e-34 2.488884975962982e-31 3563
23 6.793272672988443e-34 1.879289212595072e-31 2448
23.5 4.918808398418431e-34 1.356940746231547e-31 1868
24 3.911923025132077e-34 1.077843816533004e-31 1358
24.5 2.966839115999042e-34 8.808511500261047e-32 1062
25 2.174860493427098e-34 6.02594214370426e-32 776
25.5 1.445197538081053e-34 3.194377443627047e-32 432
26 6.576431969211001e-35 1.89994242890033e-32 200
26.5 5.427334988967642e-35 1.490442118750693e-32 168
27 2.371596547701638e-35 5.835301325344912e-33 56
27.5 1.839167118087554e-36 6.641966240815479e-34 7

0.5 8.834301057565584e-14 7.255508327888321e-13 18
1 1.950200748264568e-13 3.430606299661414e-12 62
1.5 2.346001804920963e-14 4.180627393324151e-12 98
2 2.495069753670194e-13 4.418992084656653e-12 210
2.5 5.884156858675752e-13 4.660608015389803e-12 350
3 2.606657615328752e-14 1.726532498419965e-12 450
3.5 1.671909375008757e-16 1.155024458494182e-15 602
4 5.578479495913915e-18 7.523120267403609e-17 762
4.5 1.211999596246447e-20 2.008031770565979e-19 1142
5 1.020378018209031e-21 1.376055716274661e-20 1250
5.5 4.84469122789842e-22 7.778080930508313e-21 1458
6 2.619469867591316e-23 2.374621333018945e-22 1814
6.5 5.391273242680476e-26 1.858987621164087e-25 2178
7 9.765240308968392e-28 1.426210712554394e-26 2498
7.5 1.227000123551812e-28 1.305326747568817e-27 2622
8 1.797707066629182e-29 3.446595143466198e-29 3338
8.5 6.651919317266424e-31 7.130893937214204e-31 3722
9 7.191486906124733e-33 5.381306281044771e-32 4170
9.5 5.560007772508366e-34 4.295043844366e-32 4358
10 6.214233648718542e-34 5.213490720976524e-32 5034
10.5 7.443993232739344e-34 6.528519242340985e-32 5714
11 8.042099394865449e-34 7.717228618648432e-32 5982
11.5 8.862475994975475e-34 9.472948482437899e-32 6602
12 1.025926732130987e-33 1.206019224779644e-31 7130
12.5 1.196311509771729e-33 1.403933579531215e-31 8034
13 1.341378649973779e-33 1.58348856677928e-31 8606
13.5 1.385055044336298e-33 1.819380835707879e-31 9066
14 1.611255383714571e-33 2.251884964810391e-31 9962
14.5 1.773964915992732e-33 2.504408488559017e-31 10550
15 1.955429194808135e-33 2.820858475286576e-31 11226
15.5 2.201048991757883e-33 3.254951212169836e-31 12146
16 2.28405011571674e-33 3.591008647662172e-31 12303
16.5 2.453999678603918e-33 3.941220490997414e-31 12584
17 2.38518274933851e-33 4.10014388265355e-31 12120
17.5 2.182231157362287e-33 4.018092641220216e-31 11180
18 2.299282960257099e-33 4.234979019102006e-31 11096
18.5 2.09464189103246e-33 4.174216016124285e-31 10056
19 2.047061508191131e-33 4.271313392437402e-31 9716
19.5 1.876492466995208e-33 3.974225499395401e-31 8604
20 1.782652674167292e-33 3.910852192206529e-31 8060
20.5 1.687622244878154e-33 3.95396318550738e-31 7320
21 1.498249768587225e-33 3.672545765635699e-31 6356
21.5 1.320552672995818e-33 3.043806218207082e-31 5348
22 1.088545109043719e-33 2.644518185711702e-31 4308
22.5 9.234656041174867e-34 2.336446393227059e-31 3563
23 6.405501001210703e-34 1.772389605207916e-31 2448
23.5 4.809029266321433e-34 1.276196098919915e-31 1868
24 3.688301959958638e-34 1.019241755403836e-31 1358
24.5 2.775521205213767e-34 8.689424426332891e-32 1062
25 2.065464162007859e-34 5.970181705474735e-32 776
25.5 1.254974086347452e-34 3.507709205634649e-32 432
26 6.12328785129669e-35 1.765968087322272e-32 200
26.5 5.398246848852274e-35 1.327631502535022e-32 168
27 2.257329167975944e-35 5.159973070860314e-33 56
27.5 2.766963065485099e-36 2.175824785083278e-34 7

0.5 1.344742828081547e-11 4.902216091069455e-11 18
1 5.703877383433931e-11 2.53376656819053e-10 62
1.5 5.006707885019728e-11 3.904711917621308e-10 98
2 7.867698548620171e-11 1.124282546722602e-09 210
2.5 2.101238730556748e-10 1.288478652557545e-09 350
3 4.00694622903525e-11 2.05752719705889e-11 450
3.5 2.777937959360322e-14 6.003904958374978e-16 602
4 1.109827205973652e-15 2.535338445483128e-15 762
4.5 2.011608701835137e-16 4.133997326674277e-15 1142
5 3.483592716302813e-18 1.413263606201181e-15 1250
5.5 2.140267101311014e-19 1.230348406524994e-16 1458
6 1.920247287137701e-20 1.548301107310098e-18 1814
6.5 4.27638846077653e-22 6.152788058345965e-21 2178
7 1.047815069864018e-22 2.824398894184451e-22 2498
7.5 8.815535292591272e-24 3.10526320780519e-22 2622
8 3.297066967068169e-25 8.43773186016526e-23 3338
8.5 2.672185579357392e-27 3.8786140854605e-24 3722
9 2.146927858711997e-28 5.617291792886464e-26 4170
9.5 4.336221801285056e-29 2.061070298085262e-27 4358
10 9.283369226548451e-30 1.273610729782076e-28 5034
10.5 8.12580823512612e-31 5.643305871218425e-30 5714
11 2.748808993344523e-32 4.180595242005189e-31 5982
11.5 1.279643843590211e-33 9.649199825747056e-32 6602
12 9.965892927970812e-34 1.128317957108283e-31 7130
12.5 1.086697128324763e-33 1.318802951505381e-31 8034
13 1.204863775418293e-33 1.47741080009732e-31 8606
13.5 1.293426065077079e-33 1.672341140179273e-31 9066
14 1.513741408989953e-33 2.018575897582591e-31 9962
14.5 1.637042483542727e-33 2.301286602083529e-31 10550
15 1.834303075161237e-33 2.537372247487628e-31 11226
15.5 1.974503924704591e-33 3.045323076894612e-31 12146
16 2.147398701200577e-33 3.262023446964981e-31 12303
16.5 2.189525891236497e-33 3.683944889748386e-31 12584
17 2.166447506141077e-33 3.785395118413852e-31 12120
17.5 2.031509754760951e-33 3.700219397305437e-31 11180
18 2.072376711612013e-33 3.934188378198697e-31 11096
18.5 1.905267869569209e-33 3.904381454858558e-31 10056
19 1.881024056468168e-33 3.971682328727453e-31 9716
19.5 1.73229122540411e-33 3.660658257760909e-31 8604
20 1.629208612508956e-33 3.66882231943542e-31 8060
20.5 1.541323185366643e-33 3.61472968745575e-31 7320
21 1.389509980133744e-33 3.408527820275423e-31 6356
21.5 1.209257461366907e-33 2.826556281907339e-31 5348
22 9.69929108878549e-34 2.474301741130046e-31 4308
22.5 8.498966087843297e-34 2.18320113454391e-31 3563
23 5.800766027472712e-34 1.656256900659966e-31 2448
23.5 4.236490251287727e-34 1.23330893922608e-31 1868
24 3.391523611058883e-34 9.345973223296194e-32 1358
24.5 2.803265772395128e-34 7.549603020012548e-32 1062
25 1.902715697302304e-34 5.467486133925433e-32 776
25.5 1.098596195864394e-34 3.315785447125969e-32 432
26 5.984141389794247e-35 1.591478334075077e-32 200
26.5 4.977556020126084e-35 1.224297211563949e-32 168
27 1.850253912741064e-35 5.715617098941901e-33 56
27.5 2.017939191212262e-36 2.477091818354067e-34 7

0.5 2.61530460295534e-11 6.808237636345747e-10 18
1 2.807729119602959e-11 3.259370326120839e-09 62
1.5 4.601069377338267e-11 2.659248760606951e-09 98
2 6.408771870616355e-10 1.170030277962882e-09 210
2.5 5.046657659417065e-10 1.500482044668438e-08 350
3 2.855578977441587e-10 1.544319669234516e-09 450
3.5 1.251703686376487e-12 2.276114950030236e-12 602
4 3.735800296843257e-13 1.533104226765323e-13 762
4.5 5.796376236116867e-14 2.850568307093956e-13 1142
5 2.673383645929824e-14 3.042131865106781e-13 1250
5.5 7.854876216390376e-15 2.962114455469565e-14 1458
6 4.763389111627957e-16 4.572788241206148e-15 1814
6.5 7.403441044963375e-17 8.103912909077532e-16 2178
7 1.579803143006726e-17 1.593759071850346e-16 2498
7.5 3.138969824619945e-18 3.429803589756839e-17 2622
8 6.499939878839427e-19 7.695033739989308e-18 3338
8.5 5.626084209332539e-20 1.66900178065505e-18 3722
9 1.03804815031507e-20 3.531709339086724e-19 4170
9.5 2.084468372290504e-21 5.362510118475864e-20 4358
10 4.282292794958151e-22 9.479763114322394e-21 5034
10.5 6.170617574068202e-23 1.798345727465639e-21 5714
11 7.034330126163925e-24 3.760549313517554e-22 5982
11.5 1.258348163528646e-24 7.97007117050151e-23 6602
12 2.659834015334806e-25 1.386603444729997e-23 7130
12.5 5.268710343787704e-26 2.406521166023193e-24 8034
13 6.346873115545277e-27 3.809598566452324e-25 8606
13.5 9.530369720063758e-28 8.042848364077562e-26 9066
14 1.575758665971487e-28 1.559117083710106e-26 9962
14.5 2.998841369016779e-29 2.677939914577779e-27 10550
15 5.190201989150542e-30 4.400920058773734e-28 11226
15.5 7.843003395648556e-31 7.919942136235295e-29 12146
16 1.188139267794716e-31 1.521716265648902e-29 12303
16.5 2.171319939870392e-32 3.151803497003411e-30 12584
17 4.853567030421993e-33 7.297878778808323e-31 12120
17.5 2.25539860589471e-33 3.898531326441033e-31 11180
18 2.034374356915221e-33 3.810034126790112e-31 11096
18.5 1.818716626608335e-33 3.791647999142122e-31 10056
19 1.835227357354453e-33 3.809252542960749e-31 9716
19.5 1.663934643037262e-33 3.531482212681054e-31 8604
20 1.544332516924309e-33 3.556375945010159e-31 8060
20.5 1.463290447319725e-33 3.419207495781317e-31 7320
21 1.381176848266171e-33 3.173037912862191e-31 6356
21.5 1.172288511586004e-33 2.733417366701227e-31 5348
22 9.393028798443272e-34 2.349906220593234e-31 4308
22.5 8.419025467743585e-34 2.067925044077515e-31 3563
23 5.592523297518537e-34 1.491077517378881e-31 2448
23.5 4.329222011258116e-34 1.165029153120424e-31 1868
24 3.220438677786384e-34 9.080208831257987e-32 1358
24.5 2.545607603614689e-34 7.592116078231194e-32 1062
25 1.769737086852273e-34 5.602262517524939e-32 776
25.5 1.061489411056262e-34 3.129275576356169e-32 432
26 5.78645228267542e-35 1.47066224851605e-32 200
26.5 4.865004117432664e-35 1.250465601268236e-32 168
27 1.560608909310391e-35 5.692133972779302e-33 56
27.5 1.486885894892778e-36 4.376371931228376e-34 7

0.5 1.426426415617682e-09 3.690348969194632e-09 18
1 9.872479657666507e-09 4.061422112085631e-08 62
1.5 8.380761135243816e-09 9.470510899269942e-08 98
2 3.943735182304457e-08 6.923962851554748e-07 210
2.5 1.909577011426338e-07 5.838366646700686e-07 350
3 3.376546198243449e-08 7.691158128201717e-09 450
3.5 4.135476756336236e-10 3.881004138508578e-10 602
4 3.854814245614322e-10 1.235604721321911e-09 762
4.5 7.941063521210053e-11 2.600530377994252e-09 1142
5 7.038299705778816e-12 6.191085859627283e-10 1250
5.5 1.67699003800503e-12 9.956615198279954e-11 1458
6 5.848539385943519e-13 2.368079701460001e-11 1814
6.5 4.963614474347169e-13 2.576777256321458e-12 2178
7 1.159254348656054e-13 2.325835285938839e-12 2498
7.5 1.406839224148122e-14 1.053722921773371e-12 2622
8 1.589843843514325e-15 3.734409464168843e-13 3338
8.5 2.83599380854514e-16 8.235739424201901e-14 3722
9 2.042683802212777e-16 1.11170501833969e-14 4170
9.5 5.654785037059988e-17 1.327371215969062e-15 4358
10 1.262028624482415e-17 5.73103821497389e-16 5034
10.5 2.347706044994176e-18 2.441084538737831e-16 5714
11 4.037918305458117e-19 7.22755267319225e-17 5982
11.5 1.478770165308805e-19 1.507363755872667e-17 6602
12 4.690241666522331e-20 4.446730208841214e-18 7130
12.5 1.400540455990947e-20 1.895214204381933e-18 8034
13 3.970752889033117e-21 5.718709019401458e-19 8606
13.5 1.024957705154174e-21 1.48914311573178e-19 9066
14 2.992231627575454e-22 2.988278777402447e-20 9962
14.5 9.166767398506148e-23 9.918464873220529e-21 10550
15 2.30284464820906e-23 5.119410391988655e-21 11226
15.5 5.090797294546615e-24 2.22778230894439e-21 12146
16 1.296577996889023e-24 7.144896524856273e-22 12303
16.5 4.962895218966624e-25 1.465317231260513e-22 12584
17 1.788255065483716e-25 2.307192739039604e-23 12120
17.5 4.429227297711649e-26 8.17971657373711e-24 11180
18 9.885012547880192e-27 4.490822586064365e-24 11096
18.5 1.43987980297261e-27 1.702587431377156e-24 10056
19 3.459628571980414e-28 4.128076002104508e-25 9716
19.5 1.680806102750971e-28 5.707042980301307e-26 8604
20 6.346124580738296e-29 8.309775618052387e-27 8060
20.5 1.512819354381733e-29 4.337791686758892e-27 7320
21 2.166817972271936e-30 2.031323825797894e-27 6356
21.5 2.583551608628925e-31 5.386661769700235e-28 5348
22 6.93543126051979e-32 9.197223486475029e-29 4308
22.5 3.488734673565879e-32 1.091725747546422e-29 3563
23 9.26462824138774e-33 1.489471406290619e-30 2448
23.5 2.06536003337654e-33 7.239488837495063e-31 1868
24 5.371468854282226e-34 3.124673046654493e-31 1358
24.5 2.615293237840483e-34 1.193962769614494e-31 1062
25 1.724022417717518e-34 5.527003913072488e-32 776
25.5 1.008937014100322e-34 2.889661591659867e-32 432
26 5.508002099967626e-35 1.419519288589377e-32 200
26.5 4.381065238657234e-35 1.154293548173419e-32 168
27 1.260235169575752e-35 5.142856690504495e-33 56
27.5 8.730114553443245e-37 3.848670710741063e-34 7

0.5 3.327640912824634e-10 1.99697981053737e-09 18
1 7.112245719369801e-09 5.301568233383478e-09 62
1.5 3.376178902958425e-09 3.462930918312539e-08 98
2 7.721579721746619e-08 2.792756736507191e-07 210
2.5 1.842990725683073e-07 1.858188293234803e-06 350
3 6.796837536475802e-08 3.354245820879424e-08 450
3.5 2.027507952228188e-09 3.708724698520736e-09 602
4 4.970543246294519e-10 1.282577243906492e-08 762
4.5 3.311965347948275e-10 5.733651735717191e-09 1142
5 7.371661791191875e-11 2.578307595885913e-09 1250
5.5 3.524012337101199e-11 2.310306158877268e-10 1458
6 8.608178266160241e-12 1.15174950677437e-10 1814
6.5 1.575525247668211e-12 1.007156253468916e-10 2178
7 1.07661008120307e-12 4.118678419079608e-11 2498
7.5 9.45075195923235e-13 7.866865584398599e-12 2622
8 2.119142056937713e-13 8.840083057021408e-12 3338
8.5 3.303077840817399e-14 2.525311744423924e-12 3722
9 1.140591585213847e-14 7.550710126294482e-13 4170
9.5 1.126016795174796e-14 3.375321907958185e-13 4358
10 6.842218435288201e-15 2.046702755821725e-13 5034
10.5 1.785712367544149e-15 1.105966664928802e-13 5714
11 4.471304235375094e-16 3.679180807113217e-14 5982
11.5 1.181424415792341e-16 1.544949985426789e-14 6602
12 7.90660941158195e-17 4.641398120170662e-15 7130
12.5 3.681770290991431e-17 2.877838489024206e-15 8034
13 1.349022090571244e-17 1.337882796719395e-15 8606
13.5 4.650940988923671e-18 5.180418912034557e-16 9066
14 1.777712700208881e-18 2.091702452536307e-16 9962
14.5 8.183606641033328e-19 8.038819671236856e-17 10550
15 3.59865335017301e-19 3.979405325293528e-17 11226
15.5 1.63251716768935e-19 2.019565977114815e-17 12146
16 6.815585061527026e-20 8.544908834311817e-18 12303
16.5 2.172431969503968e-20 3.754016425424307e-18 12584
17 6.835719999814628e-21 1.204829063547713e-18 12120
17.5 2.585519118289773e-21 3.99779938574662e-19 11180
18 8.702726626789258e-22 1.678600385062222e-19 11096
18.5 2.645758639278133e-22 6.459966903760814e-20 10056
19 1.030714869828589e-22 2.142384111590069e-20 9716
19.5 4.025140920951711e-23 7.885482898864807e-21 8604
20 1.55299464331348e-23 3.352141573224506e-21 8060
20.5 5.771442464286628e-24 1.276807932425326e-21 7320
21 1.887325511026938e-24 4.027272687289383e-22 6356
21.5 6.664854321006639e-25 1.461041900896105e-22 5348
22 2.186048354940237e-25 5.015813127343865e-23 4308
22.5 6.712581540836542e-26 2.097064566862348e-23 3563
23 1.772443603306866e-26 7.136973861457641e-24 2448
23.5 6.725061347433401e-27 2.137516923623578e-24 1868
24 3.033326483624247e-27 4.406267318163706e-25 1358
24.5 9.637697773719747e-28 1.275466642642958e-25 1062
25 1.642301206476371e-28 6.883205287203445e-26 776
25.5 1.383047580325387e-29 2.107448718113206e-26 432
26 2.710195908274773e-30 4.945632512218102e-27 200
26.5 2.300466589792301e-30 1.082728784785033e-27 168
27 3.535408386469053e-31 4.428839179521718e-29 56
27.5 1.51697848847705e-32 1.331545988772952e-30 7

0.5 7.317853600608282e-09 4.565589030170875e-09 18
1 3.018709522631195e-08 3.151768151047037e-08 62
1.5 2.811486782718576e-08 7.30058255416572e-08 98
2 1.256942716932357e-07 4.394368210333419e-07 210
2.5 4.346566469812808e-07 2.265957174429474e-06 350
3 3.403449841602199e-08 6.393125476953146e-07 450
3.5 4.478313791527191e-09 8.898435514916512e-08 602
4 1.003215940451943e-09 3.834934067093308e-08 762
4.5 8.196246437894325e-10 2.23882173530318e-08 1142
5 2.799350452825536e-10 7.691129697292242e-09 1250
5.5 5.563286303159388e-11 1.55469944319138e-09 1458
6 2.424190995703012e-11 1.581806393597654e-09 1814
6.5 1.34156556028117e-11 1.648255802979761e-09 2178
7 1.040086003391341e-11 4.640661642373798e-10 2498
7.5 4.158957680481249e-12 1.515387021386774e-10 2622
8 3.394758320337228e-12 3.844520444598523e-11 3338
8.5 1.424706439162942e-12 3.331371591790225e-11 3722
9 2.573174319810083e-13 2.850000377108457e-11 4170
9.5 5.539489490946568e-14 1.502035667643473e-11 4358
10 2.310223634341673e-14 6.431334420384128e-12 5034
10.5 1.914384647441266e-14 1.567317539471716e-12 5714
11 1.077989698685834e-14 5.121907486384004e-13 5982
11.5 4.252889586410812e-15 3.869852481037963e-13 6602
12 1.509597178267446e-15 2.945549295406694e-13 7130
12.5 6.205637565843565e-16 1.575591099675904e-13 8034
13 3.245682455687973e-16 5.80160998558167e-14 8606
13.5 1.782573266953701e-16 2.01310476670589e-14 9066
14 8.85690810399733e-17 1.005102862809065e-14 9962
14.5 3.550815206225862e-17 5.863511600093299e-15 10550
15 1.512223813333477e-17 3.011634116403033e-15 11226
15.5 7.32131643916352e-18 1.3351349632868e-15 12146
16 3.804019364194264e-18 4.979891905666207e-16 12303
16.5 1.769042448100711e-18 2.167226320305864e-16 12584
17 5.640112791745856e-19 1.135645046419974e-16 12120
17.5 1.993364728627711e-19 4.93462962880307e-17 11180
18 8.380167037954518e-20 1.807937705590334e-17 11096
18.5 2.988798601102753e-20 5.770062041611168e-18 10056
19 1.162653674996042e-20 2.065435896893773e-18 9716
19.5 4.459986609140451e-21 8.165364007582529e-19 8604
20 1.968869738788759e-21 4.183518784801029e-19 8060
20.5 9.372086971922703e-22 2.582212759985307e-19 7320
21 4.48569556572498e-22 1.451079954859951e-19 6356
21.5 2.392090837949564e-22 6.98594437972138e-20 5348
22 1.154691658973578e-22 2.70907981221825e-20 4308
22.5 4.695618407992712e-23 1.485816888749235e-20 3563
23 1.356084160075416e-23 8.681976261218398e-21 2448
23.5 4.103328022731759e-24 5.404275497651568e-21 1868
24 2.297739398654907e-24 2.27055564991794e-21 1358
24.5 1.940949546902883e-24 5.717660193077329e-22 1062
25 1.064656938503159e-24 9.161138595874527e-23 776
25.5 3.221482533455842e-25 1.349128440361492e-23 432
26 8.951861604117473e-26 5.670140920344684e-24 200
26.5 2.79675942246079e-26 4.381568877624118e-24 168
27 2.651496967415677e-27 8.759534422747897e-25 56
27.5 6.319024588890249e-29 5.240546639618893e-26 7

0.5 7.73665036243519e-10 6.34352805279976e-09 18
1 5.846820182000082e-09 9.332669922764928e-09 62
1.5 5.004825850268896e-09 4.395957083371602e-08 98
2 1.044691997856393e-07 5.45404533968038e-07 210
2.5 5.079921854730213e-07 3.159155726851245e-06 350
3 9.64314798644352e-08 4.521664468427e-07 450
3.5 9.263798397740079e-09 8.971686607361644e-08 602
4 2.485840948300148e-09 3.078335032217561e-08 762
4.5 6.41583017146255e-09 4.399502212860733e-08 1142
5 3.886375096843772e-09 3.032730200298549e-08 1250
5.5 6.892524838401669e-10 1.475577273917944e-08 1458
6 3.440833136695602e-10 1.224397544175356e-08 1814
6.5 7.775576729537984e-10 8.252674524153014e-09 2178
7 5.798258650962039e-10 4.902603299537999e-09 2498
7.5 1.851099708577255e-10 4.372514058239936e-09 2622
8 8.451625336814529e-11 3.129531110492979e-09 3338
8.5 7.920213876498525e-11 2.844000453897325e-09 3722
9 7.870822549606135e-11 1.231210850247167e-09 4170
9.5 3.972010441573287e-11 9.410200340642631e-10 4358
10 2.013327096250033e-11 7.269910127523556e-10 5034
10.5 1.124729995867887e-11 6.275489332977115e-10 5714
11 7.502467675905057e-12 3.787770070003738e-10 5982
11.5 4.970453099890349e-12 2.177058991713797e-10 6602
12 2.854824349141684e-12 1.534346288888269e-10 7130
12.5 1.678973475222959e-12 1.032538739382419e-10 8034
13 9.629390333198123e-13 7.232272169076271e-11 8606
13.5 5.423960039468974e-13 4.660760666453751e-11 9066
14 3.179502058561709e-13 3.259393003055743e-11 9962
14.5 1.768509261429644e-13 2.288443316824359e-11 10550
15 9.893827259649269e-14 1.713693174304789e-11 11226
15.5 5.804019733040194e-14 1.355071351125602e-11 12146
16 3.211601920544995e-14 1.037190786475802e-11 12303
16.5 1.682415013740614e-14 8.573907698151073e-12 12584
17 7.815868447485977e-15 6.784068375960224e-12 12120
17.5 3.545197407403606e-15 5.22040236063301e-12 11180
18 1.83693749390342e-15 4.286759878698943e-12 11096
18.5 9.50573340296308e-16 3.151738857839336e-12 10056
19 6.35208614863432e-16 2.461390651928478e-12 9716
19.5 4.352110123795142e-16 1.742119019159924e-12 8604
20 3.388685677789363e-16 1.286022567778788e-12 8060
20.5 2.531765467452132e-16 9.274795999959602e-13 7320
21 1.791919570879119e-16 6.323182091640894e-13 6356
21.5 1.227357406235287e-16 4.264266612493757e-13 5348
22 7.117071897618111e-17 2.729414602957843e-13 4308
22.5 4.156503379532337e-17 1.775660451897953e-13 3563
23 1.606984345572818e-17 9.045840565494821e-14 2448
23.5 8.012309987768564e-18 5.275938781829224e-14 1868
24 4.377547125017729e-18 2.982576729713448e-14 1358
24.5 3.084999539898771e-18 1.720981406918234e-14 1062
25 2.241564994355724e-18 9.759851555988559e-15 776
25.5 1.325291065407482e-18 4.242602184660241e-15 432
26 6.409335364416931e-19 1.732873693618533e-15 200
26.5 5.806281695497484e-19 1.211242746865036e-15 168
27 2.05431729431862e-19 3.586404498577524e-16 56
27.5 2.610440951244369e-20 4.262469970506727e-17 7

0.5 8.749147335169313e-08 3.42272554945547e-08 18
1 1.700348205384285e-07 6.874930385263679e-08 62
1.5 2.633277607278961e-07 1.981373499250394e-07 98
2 5.791845942125531e-07 8.730360509369407e-07 210
2.5 6.860564171210828e-07 4.821984299912979e-06 350
3 9.02170211834646e-08 1.392713608931741e-06 450
3.5 1.695551095009882e-08 2.103348591581157e-07 602
4 9.352982474334341e-09 1.579513054951345e-07 762
4.5 1.442960556456875e-08 3.302521131436263e-07 1142
5 8.100337872574397e-09 2.253178678326438e-07 1250
5.5 4.985976070308899e-09 8.429780483836334e-08 1458
6 3.127667181711142e-09 8.2335441640882e-08 1814
6.5 3.406156852354794e-09 8.196942124188874e-08 2178
7 1.629976198990993e-09 7.64783090935354e-08 2498
7.5 9.959998699236869e-10 5.926770617561282e-08 2622
8 8.642004495870468e-10 4.439192533242964e-08 3338
8.5 7.778618844685791e-10 3.421320352134016e-08 3722
9 7.430830782657134e-10 3.462234541650559e-08 4170
9.5 4.528863597255293e-10 5.29402073063274e-08 4358
10 3.813257807408486e-10 6.136080436347075e-08 5034
10.5 5.068012948074636e-10 4.221959399239611e-08 5714
11 4.832006466347796e-10 2.652094422112721e-08 5982
11.5 3.51982073960488e-10 3.140988970052017e-08 6602
12 2.368639684062415e-10 3.58943705734522e-08 7130
12.5 2.324683457839058e-10 2.957849384542694e-08 8034
13 2.275841415890035e-10 1.94521112815998e-08 8606
13.5 1.602907259959551e-10 1.738682278256364e-08 9066
14 9.928703008493503e-11 1.805733196246623e-08 9962
14.5 7.021161053296517e-11 1.491379385242982e-08 10550
15 6.871731229139795e-11 1.017670423355235e-08 11226
15.5 6.35362222248336e-11 7.437866881282823e-09 12146
16 5.160105655070421e-11 5.795537699562765e-09 12303
16.5 3.523342051193673e-11 5.199432909086248e-09 12584
17 2.03178030265368e-11 4.176862167959216e-09 12120
17.5 1.440875254947273e-11 2.579156229291945e-09 11180
18 9.994762047718705e-12 1.799002422805228e-09 11096
18.5 5.6659795266417e-12 1.272112513645387e-09 10056
19 3.863734304773885e-12 8.643951777588534e-10 9716
19.5 2.702464470603591e-12 5.025219056039575e-10 8604
20 1.857622686042109e-12 3.513174491890081e-10 8060
20.5 1.096920559834693e-12 2.638732332320959e-10 7320
21 6.84404052897109e-13 1.793712177932322e-10 6356
21.5 4.860521283866276e-13 1.175950761326816e-10 5348
22 3.264059913052046e-13 6.62056220398985e-11 4308
22.5 2.249001290215227e-13 4.009321548245689e-11 3563
23 1.104430877283177e-13 1.7904471891034e-11 2448
23.5 5.675672744018395e-14 1.236961701610603e-11 1868
24 2.284956448297693e-14 1.002836071839727e-11 1358
24.5 6.665441339337635e-15 7.626427733783618e-12 1062
25 2.65507812327174e-15 4.786283528856753e-12 776
25.5 1.361156307734232e-15 1.814127753152114e-12 432
26 6.90759876551464e-16 6.264519967357024e-13 200
26.5 5.216477343809183e-16 2.460167949111825e-13 168
27 1.233994277771396e-16 2.950215343653598e-14 56
27.5 1.294392664641154e-17 6.895987757668788e-16 7

0.5 1.093844438722382e-08 3.316840451763164e-08 18
1 1.906287240301336e-08 8.213612229155644e-08 62
1.5 3.248172532262244e-08 1.314191444541045e-07 98
2 3.334449200421293e-07 1.320185335303363e-06 210
2.5 8.308906765588296e-07 4.661998465064771e-06 350
3 1.764721934242412e-07 1.761660430234766e-06 450
3.5 3.945950556270284e-08 4.768882336481763e-07 602
4 1.563385742674293e-08 2.70019967338989e-07 762
4.5 3.296394388328979e-08 4.829993242403412e-07 1142
5 1.580890225403138e-08 4.870782518654627e-07 1250
5.5 7.455338516246112e-09 2.965300298274787e-07 1458
6 5.132428326529557e-09 1.82702993208771e-07 1814
6.5 4.64023348270259e-09 2.025346238184184e-07 2178
7 3.3913308682275e-09 1.881524400240309e-07 2498
7.5 2.512987153106912e-09 1.649123830174899e-07 2622
8 2.192276703850493e-09 1.571388102232421e-07 3338
8.5 1.972075503343518e-09 1.425778307520519e-07 3722
9 1.893394876537345e-09 1.448334449597605e-07 4170
9.5 1.84100812617759e-09 1.381835132541732e-07 4358
10 1.899544604410644e-09 1.611819005514706e-07 5034
10.5 1.713986084132165e-09 1.645184382776812e-07 5714
11 1.392227421551864e-09 1.646573933642097e-07 5982
11.5 1.496892402938326e-09 1.34224833032419e-07 6602
12 1.140953823698084e-09 1.439080242131177e-07 7130
12.5 1.123940705282906e-09 1.215738738503741e-07 8034
13 9.45081337322339e-10 1.126126554040374e-07 8606
13.5 7.428780736255248e-10 9.254650999939696e-08 9066
14 6.127349418469591e-10 8.154352707387822e-08 9962
14.5 4.879833632181601e-10 6.949615588286436e-08 10550
15 3.923493710535937e-10 5.669464501116619e-08 11226
15.5 3.292115432803817e-10 4.878074266258727e-08 12146
16 2.583343934467226e-10 3.957823232160711e-08 12303
16.5 2.01726014867252e-10 3.213875528854551e-08 12584
17 1.381857442215213e-10 2.497499809801619e-08 12120
17.5 9.434110593877823e-11 1.737950014460965e-08 11180
18 7.111893943300219e-11 1.3401209657314e-08 11096
18.5 4.681501061640955e-11 9.3407596309695e-09 10056
19 3.384132363667222e-11 6.719579791932051e-09 9716
19.5 2.313543372557717e-11 4.758331418765362e-09 8604
20 1.564540986433205e-11 3.608240541721973e-09 8060
20.5 1.039485257484884e-11 2.58852891076024e-09 7320
21 7.261029293830948e-12 1.810845478983372e-09 6356
21.5 5.184550708274862e-12 1.211485921149894e-09 5348
22 3.242402635501103e-12 7.633808623573952e-10 4308
22.5 2.084345909705875e-12 5.194460140809747e-10 3563
23 1.014953251937367e-12 2.663925586097868e-10 2448
23.5 5.879904738679705e-13 1.642249647363401e-10 1868
24 4.087168339673384e-13 9.486872370444128e-11 1358
24.5 2.79025420831981e-13 6.639148575887791e-11 1062
25 1.873102240342128e-13 5.015798379741556e-11 776
25.5 9.131739509199696e-14 3.280165561599531e-11 432
26 3.530896113213318e-14 1.589339037219864e-11 200
26.5 2.477575291156895e-14 1.624441942782323e-11 168
27 9.006718763352591e-15 4.223266141100526e-12 56
27.5 6.435933495058892e-16 8.024495737444586e-13 7

0.5 2.401023601214347e-07 5.675128485226344e-08 18
1 1.097122624191728e-06 2.341625539731885e-07 62
1.5 6.670551525338439e-07 2.240895806137116e-07 98
2 9.017120933297907e-07 1.852752260982149e-06 210
2.5 7.295763891590854e-07 8.25425608753408e-06 350
3 2.20971812591132e-07 2.416245344561812e-06 450
3.5 8.80103191143505e-08 8.633756465629253e-07 602
4 4.366566375786859e-08 7.333829335198119e-07 762
4.5 4.696371196795882e-08 1.096949707190259e-06 1142
5 3.388880006981029e-08 6.894447068775747e-07 1250
5.5 2.18861931673784e-08 5.280192939405108e-07 1458
6 1.4510180498483e-08 5.117572630440683e-07 1814
6.5 1.389130462771329e-08 5.138911230260479e-07 2178
7 1.217247869549367e-08 3.905325405732019e-07 2498
7.5 9.296096245702601e-09 3.874552663338188e-07 2622
8 7.589635800166225e-09 4.580478730795947e-07 3338
8.5 6.123681587598849e-09 4.415502589883721e-07 3722
9 6.098288277360156e-09 3.907769615168133e-07 4170
9.5 5.177893795919786e-09 3.585804449144727e-07 4358
10 4.676657830682895e-09 3.891773442993282e-07 5034
10.5 3.942400517385244e-09 3.599419248079885e-07 5714
11 3.030830345320509e-09 3.078033613306323e-07 5982
11.5 2.636120111565791e-09 2.571984874519535e-07 6602
12 2.19268689235247e-09 2.348958484764421e-07 7130
12.5 1.795534271449516e-09 2.153009023030817e-07 8034
13 1.405131686300801e-09 1.777427300499135e-07 8606
13.5 1.079534884736526e-09 1.454581716265049e-07 9066
14 8.453343458159902e-10 1.201560280376909e-07 9962
14.5 6.73159672651098e-10 9.249439885588921e-08 10550
15 5.235866488394424e-10 7.450571918573927e-08 11226
15.5 4.276903679354273e-10 6.42078111615779e-08 12146
16 3.171307033903338e-10 5.134370058619307e-08 12303
16.5 2.474643661535318e-10 4.012718257243793e-08 12584
17 1.722102237669663e-10 2.971196412425162e-08 12120
17.5 1.188760147925236e-10 2.039093674665149e-08 11180
18 8.544573745562331e-11 1.603769877066826e-08 11096
18.5 5.709763855587367e-11 1.119732362195635e-08 10056
19 3.926725602722496e-11 8.324787984924721e-09 9716
19.5 2.671367516780375e-11 5.723591702343205e-09 8604
20 1.879156683114158e-11 4.070516503750513e-09 8060
20.5 1.280806618826432e-11 2.888775779590127e-09 7320
21 8.693318113241569e-12 1.999170586139821e-09 6356
21.5 6.152630346471803e-12 1.372156318919402e-09 5348
22 3.704111850188912e-12 9.10595487746777e-10 4308
22.5 2.442246215652901e-12 6.087035417776007e-10 3563
23 1.226660487077694e-12 3.037846425482393e-10 2448
23.5 6.519303655315115e-13 1.881702909839736e-10 1868
24 4.11748437821987e-13 1.210807377269006e-10 1358
24.5 2.832902156280847e-13 8.33961045194156e-11 1062
25 2.217166159837755e-13 4.898996041618164e-11 776
25.5 1.121813487679482e-13 3.447994637990871e-11 432
26 4.701771084236405e-14 1.876792856503637e-11 200
26.5 2.858570165081765e-14 2.09125351013523e-11 168
27 1.36868270245394e-14 5.580993318379178e-12 56
27.5 3.4724003633327e-15 3.936747979321975e-13 7

0.5 4.773712153274991e-08 1.703637027224725e-07 18
1 9.09267818594884e-08 4.966044609537301e-07 62
1.5 8.858321435914034e-08 1.845814502320547e-07 98
2 5.669360435335391e-07 2.425007280072375e-06 210
2.5 1.366532815873562e-06 6.890447542752038e-06 350
3 2.876698305698248e-07 3.384360736721891e-06 450
3.5 1.380781549308409e-07 1.552381274991613e-06 602
4 5.992731870891632e-08 1.261128263543139e-06 762
4.5 7.286891612130209e-08 1.509313996540938e-06 1142
5 4.13938935137446e-08 1.189571309072484e-06 1250
5.5 3.317916627628173e-08 1.022359050998051e-06 1458
6 2.503582827996431e-08 8.661439561968153e-07 1814
6.5 2.312955849546135e-08 8.771105472007003e-07 2178
7 1.860068695276945e-08 9.612681532262368e-07 2498
7.5 1.611425468136094e-08 8.29413331108228e-07 2622
8 1.462623152596474e-08 9.378004419470183e-07 3338
8.5 1.445088745987813e-08 8.500772162093042e-07 3722
9 1.182387637419961e-08 8.650397115420613e-07 4170
9.5 9.323808999580049e-09 7.523834800257223e-07 4358
10 8.871723307913329e-09 7.122234577221929e-07 5034
10.5 7.106559602781546e-09 6.863071133855866e-07 5714
11 5.83258610596257e-09 5.611655424207549e-07 5982
11.5 4.281032524187338e-09 4.629433773938187e-07 6602
12 3.49702712436869e-09 3.912288893026442e-07 7130
12.5 2.803819747609812e-09 3.356437089561675e-07 8034
13 2.134935128958039e-09 2.594524260243292e-07 8606
13.5 1.575760879785446e-09 2.057712994343983e-07 9066
14 1.207322188364906e-09 1.70883236606417e-07 9962
14.5 9.008816574368286e-10 1.279996549824447e-07 10550
15 6.857284271670242e-10 9.9378506924031e-08 11226
15.5 5.512458838396481e-10 8.233269756931153e-08 12146
16 4.102647124640344e-10 6.389366278908114e-08 12303
16.5 3.106466603257584e-10 4.995626245617603e-08 12584
17 2.159504093221681e-10 3.597393594764861e-08 12120
17.5 1.384824050218318e-10 2.536350517479365e-08 11180
18 1.021261042677665e-10 1.894004132437211e-08 11096
18.5 6.838483718019763e-11 1.28063526162467e-08 10056
19 4.650713522886607e-11 9.499688040594556e-09 9716
19.5 3.101897366105935e-11 6.478060184659171e-09 8604
20 2.19027279305456e-11 4.6551374523517e-09 8060
20.5 1.526085506083048e-11 3.395951996420561e-09 7320
21 1.005126284236478e-11 2.428957915593598e-09 6356
21.5 7.279362154935946e-12 1.615779971644859e-09 5348
22 4.61867175386473e-12 1.084802168793085e-09 4308
22.5 2.890604510367082e-12 7.281702336490037e-10 3563
23 1.343424628689808e-12 3.665616437175278e-10 2448
23.5 7.782257212709518e-13 2.129280282239936e-10 1868
24 4.899326280607929e-13 1.431828030458955e-10 1358
24.5 3.25259681291072e-13 9.964392388692618e-11 1062
25 2.079471636520199e-13 6.279927922311288e-11 776
25.5 1.212465031633078e-13 3.672198907952945e-11 432
26 4.964780041739747e-14 2.027220423748134e-11 200
26.5 4.180314156839056e-14 1.866705303900301e-11 168
27 2.278570933552884e-14 4.240262282782122e-12 56
27.5 4.466237295718213e-15 4.058736375410877e-13 7

0.5 1.241210255198443e-06 2.017794131062801e-07 18
1 2.160382106343018e-06 2.965718832107774e-07 62
1.5 8.564579352823557e-07 2.899131188712836e-07 98
2 8.865706707089265e-07 3.165118939050577e-06 210
2.5 9.067810852621313e-07 1.036981474013136e-05 350
3 3.938620773326389e-07 3.558721128667348e-06 450
3.5 1.888859710737858e-07 2.025203561106998e-06 602
4 1.254241017166182e-07 1.773127112090901e-06 762
4.5 1.17348503427419e-07 2.46866878719596e-06 1142
5 7.737684426835325e-08 2.009539157778067e-06 1250
5.5 6.197895258198772e-08 1.671517936465496e-06 1458
6 5.249124060821152e-08 1.657717119824223e-06 1814
6.5 4.393233211805844e-08 1.769705860353214e-06 2178
7 4.030148733214053e-08 1.854658716539384e-06 2498
7.5 3.403491482824786e-08 1.558662345401788e-06 2622
8 3.213570926114231e-08 1.755216872994123e-06 3338
8.5 2.712370450819567e-08 1.71928615383449e-06 3722
9 2.370773575195908e-08 1.67545016960141e-06 4170
9.5 1.800235563516126e-08 1.429827746892717e-06 4358
10 1.566266651070417e-08 1.336434868056745e-06 5034
10.5 1.316068090456032e-08 1.208879539689958e-06 5714
11 9.998351937118173e-09 9.581580567032723e-07 5982
11.5 7.619116949486017e-09 7.733637040499586e-07 6602
12 5.80969636901343e-09 6.373021438265213e-07 7130
12.5 4.590377249791743e-09 5.261054698078557e-07 8034
13 3.242928918339463e-09 4.130126977817899e-07 8606
13.5 2.416751054153567e-09 3.04723385204262e-07 9066
14 1.812411109774568e-09 2.41184364408363e-07 9962
14.5 1.334684526375434e-09 1.862351075469324e-07 10550
15 9.807343735371039e-10 1.42481427421922e-07 11226
15.5 7.753991126025474e-10 1.156231120971858e-07 12146
16 5.76289214056651e-10 8.831289812173546e-08 12303
16.5 4.289557802434701e-10 6.754157077370964e-08 12584
17 2.931411231857579e-10 4.924144951788627e-08 12120
17.5 1.885835816657925e-10 3.414077638015728e-08 11180
18 1.379676268975889e-10 2.515345713937646e-08 11096
18.5 8.499273665175981e-11 1.800300289512465e-08 10056
19 6.109399315340215e-11 1.241660951468442e-08 9716
19.5 4.127110940385553e-11 8.377739193651384e-09 8604
20 2.76481338849589e-11 6.233445330503226e-09 8060
20.5 1.933748490737256e-11 4.404449766504073e-09 7320
21 1.284476944924467e-11 3.119164822905774e-09 6356
21.5 9.04243422467535e-12 2.111165915618759e-09 5348
22 5.714387932302126e-12 1.406397827587239e-09 4308
22.5 3.568760540775672e-12 9.531979769943928e-10 3563
23 1.797980538506474e-12 4.87165968519014e-10 2448
23.5 1.019888787465493e-12 2.673824296449475e-10 1868
24 6.688963143607741e-13 1.86275162970702e-10 1358
24.5 4.575902826552359e-13 1.209517039340006e-10 1062
25 2.804520431269408e-13 7.76942955670217e-11 776
25.5 1.407362603335192e-13 4.501342015565056e-11 432
26 6.186835879701393e-14 2.463002446779013e-11 200
26.5 5.847760101207576e-14 1.646008725059407e-11 168
27 2.287917188437536e-14 5.7484295065226e-12 56
27.5 3.103172922378276e-15 1.220139397647466e-12 7

0.5 2.113708503166573e-07 8.165519975005231e-07 18
1 1.985140344176175e-07 1.211535548218203e-06 62
1.5 1.280428721331583e-07 4.571550836027324e-07 98
2 6.001489504360604e-07 2.710303868912243e-06 210
2.5 1.431057059771758e-06 5.88748474891323e-06 350
3 3.71319157112334e-07 3.537734833634141e-06 450
3.5 1.738317165603526e-07 2.229190612283228e-06 602
4 1.140779731578462e-07 1.983334256662565e-06 762
4.5 1.326377720437621e-07 2.648195114087473e-06 1142
5 8.418536575421161e-08 2.287098655924875e-06 1250
5.5 6.7552790546997e-08 2.084432326992447e-06 1458
6 6.178022694330416e-08 2.136698316730358e-06 1814
6.5 5.176861012960696e-08 2.240517954620205e-06 2178
7 4.885982726538731e-08 2.25668660878373e-06 2498
7.5 3.781410878292855e-08 2.134169480667469e-06 2622
8 3.926772568793802e-08 2.163128829133468e-06 3338
8.5 3.381834134981942e-08 2.128111075258825e-06 3722
9 2.930065368344358e-08 1.991616837112322e-06 4170
9.5 2.280993224380528e-08 1.747904177113515e-06 4358
10 1.835858113809082e-08 1.588138222894991e-06 5034
10.5 1.642634454484054e-08 1.399283778077099e-06 5714
11 1.207992360853602e-08 1.153574851402534e-06 5982
11.5 9.10865016039016e-09 9.423796450511535e-07 6602
12 6.898730577038254e-09 7.800740688346965e-07 7130
12.5 5.312928197933226e-09 6.240823610636493e-07 8034
13 3.803633157167027e-09 4.873771877659111e-07 8606
13.5 2.838546963805899e-09 3.609557060868774e-07 9066
14 2.147468546624038e-09 2.85159958122439e-07 9962
14.5 1.558535457855038e-09 2.152026884677206e-07 10550
15 1.130848181576624e-09 1.694961959296426e-07 11226
15.5 9.014216098496647e-10 1.329860881916027e-07 12146
16 6.773868171038591e-10 1.016336212297658e-07 12303
16.5 5.078258978683199e-10 7.805850454685478e-08 12584
17 3.385185550963277e-10 5.568705834846237e-08 12120
17.5 2.144135962915991e-10 3.938637602541358e-08 11180
18 1.567166211047497e-10 2.949161529223259e-08 11096
18.5 1.013888695011286e-10 1.907392322312244e-08 10056
19 6.789073305578722e-11 1.436422937496384e-08 9716
19.5 4.493944833097165e-11 9.660978925813975e-09 8604
20 3.222475958322996e-11 6.833824825002344e-09 8060
20.5 2.199513468474691e-11 5.044202721309144e-09 7320
21 1.445020026041941e-11 3.610061315430176e-09 6356
21.5 1.045777012329765e-11 2.322463360972914e-09 5348
22 6.3819715631868e-12 1.628430118935603e-09 4308
22.5 4.038367759422664e-12 1.078571785005231e-09 3563
23 1.985827020141288e-12 5.276516078094127e-10 2448
23.5 1.073682287201176e-12 3.211216227928249e-10 1868
24 7.525007473132081e-13 1.889980589137654e-10 1358
24.5 4.83412029868692e-13 1.35012120314717e-10 1062
25 3.123643932193547e-13 8.560376666246954e-11 776
25.5 1.499658951922612e-13 4.937789524220786e-11 432
26 6.865432510139506e-14 2.614859178809504e-11 200
26.5 6.588035000143888e-14 1.957193602410833e-11 168
27 1.910178156876359e-14 9.465288449651376e-12 56
27.5 1.783116817531828e-15 2.330779682413509e-12 7

0.5 2.21695710198188e-06 6.688674878520837e-07 18
1 1.608763855873594e-06 4.479045052347574e-07 62
1.5 2.683545815500457e-07 3.456618387597448e-07 98
2 5.48174001959757e-07 2.790406776338058e-06 210
2.5 7.783193497735404e-07 9.266908987316973e-06 350
3 3.716995648549025e-07 3.394402499776048e-06 450
3.5 1.817606105193826e-07 2.239028815639358e-06 602
4 1.321983997077544e-07 2.261950405461932e-06 762
4.5 1.540660270004416e-07 3.048296629441264e-06 1142
5 1.142066165935635e-07 2.894183048305499e-06 1250
5.5 8.571795082759636e-08 2.5946490791982e-06 1458
6 7.976957849041112e-08 2.588829542910931e-06 1814
6.5 7.01221634360103e-08 2.951066374671385e-06 2178
7 6.627694530651834e-08 2.962810352645728e-06 2498
7.5 5.228939876865533e-08 2.578949645492225e-06 2622
8 5.312032092277519e-08 2.99705212451222e-06 3338
8.5 4.401780189586811e-08 2.833348267985409e-06 3722
9 3.635267017987405e-08 2.698034642220345e-06 4170
9.5 2.801297023206748e-08 2.329477691755068e-06 4358
10 2.392679487599808e-08 2.020575410745313e-06 5034
10.5 1.993858637754766e-08 1.775279861393802e-06 5714
11 1.533378311770602e-08 1.463909732502926e-06 5982
11.5 1.139586347757385e-08 1.170011978004164e-06 6602
12 8.323809144788243e-09 9.854167174727991e-07 7130
12.5 6.601980452497074e-09 7.640719505965089e-07 8034
13 4.775506030956519e-09 5.977693278724215e-07 8606
13.5 3.381875384531807e-09 4.501076310851052e-07 9066
14 2.46377055156075e-09 3.482021826045643e-07 9962
14.5 1.857775520998305e-09 2.596915587723001e-07 10550
15 1.362782678314225e-09 1.985389618859816e-07 11226
15.5 1.065629277619081e-09 1.623811408942345e-07 12146
16 7.930533768489381e-10 1.214426354212946e-07 12303
16.5 5.763484684877199e-10 9.317233369723542e-08 12584
17 3.923936355688224e-10 6.483946117946833e-08 12120
17.5 2.539215498474111e-10 4.416880782373998e-08 11180
18 1.807612890714835e-10 3.324252536539586e-08 11096
18.5 1.148938695427261e-10 2.210470109513281e-08 10056
19 7.757742520689169e-11 1.637313398520362e-08 9716
19.5 5.250083524967686e-11 1.09416612430993e-08 8604
20 3.639304985436621e-11 7.915887552235908e-09 8060
20.5 2.576110023309497e-11 5.753559471557511e-09 7320
21 1.691031872372354e-11 3.963076477753983e-09 6356
21.5 1.088043450734671e-11 2.743105584323993e-09 5348
22 7.253296370705598e-12 1.812025453371536e-09 4308
22.5 4.472572945433246e-12 1.161750279607648e-09 3563
23 2.19983833882699e-12 5.615131844074978e-10 2448
23.5 1.187484288968638e-12 3.445867477269658e-10 1868
24 7.131863166505809e-13 2.190906004257947e-10 1358
24.5 5.090453605841678e-13 1.510034440471781e-10 1062
25 3.198975980112717e-13 9.635697961382316e-11 776
25.5 1.567797747955074e-13 4.980513647010589e-11 432
26 7.838590465159311e-14 2.332595937213974e-11 200
26.5 6.457412992385865e-14 1.985047970919676e-11 168
27 1.562693856291626e-14 8.344399226057349e-12 56
27.5 2.421049980585057e-15 1.796813527594012e-12 7

0.5 3.649642790071e-07 1.336288337221235e-06 18
1 1.682665236925326e-07 8.244629002439595e-07 62
1.5 1.250830116229359e-07 3.264301333505482e-07 98
2 5.225818983973945e-07 2.587494444870896e-06 210
2.5 1.119463958861633e-06 4.922872533772099e-06 350
3 4.030649495839525e-07 2.892396533976208e-06 450
3.5 2.016212075713593e-07 2.175868084544933e-06 602
4 1.355277500404041e-07 2.036415705412797e-06 762
4.5 1.488081918366026e-07 2.935428895745148e-06 1142
5 1.240405197771398e-07 3.000363805244603e-06 1250
5.5 8.916356064488706e-08 2.600145284553214e-06 1458
6 8.096001851314363e-08 2.84447602046832e-06 1814
6.5 7.350749554396152e-08 3.15858190871789e-06 2178
7 6.924063892585867e-08 3.162853979981364e-06 2498
7.5 5.410278754086888e-08 2.774473520781782e-06 2622
8 5.389917233736871e-08 3.264132480499773e-06 3338
8.5 4.773980057604942e-08 3.031039922997652e-06 3722
9 3.909905702496221e-08 2.750399858877603e-06 4170
9.5 3.009280350593839e-08 2.411607116695229e-06 4358
10 2.489916518428042e-08 2.124385101520019e-06 5034
10.5 1.998022063932278e-08 1.928179693591219e-06 5714
11 1.58454705319763e-08 1.53800436997187e-06 5982
11.5 1.150720842451041e-08 1.216840642944144e-06 6602
12 8.770555717915596e-09 9.672797162531531e-07 7130
12.5 6.780077472668274e-09 8.055712750708893e-07 8034
13 5.021961987336037e-09 6.072533821189314e-07 8606
13.5 3.517269956971571e-09 4.574705892299454e-07 9066
14 2.567672013139886e-09 3.515985461597386e-07 9962
14.5 1.934689067636773e-09 2.695488060554187e-07 10550
15 1.454075322019697e-09 2.10164767406969e-07 11226
15.5 1.154508277762757e-09 1.677001885554227e-07 12146
16 8.412150670594129e-10 1.308640932908397e-07 12303
16.5 6.281590177948861e-10 9.934160665449254e-08 12584
17 4.082375770673521e-10 7.099380806001353e-08 12120
17.5 2.703744224036429e-10 4.719715444127343e-08 11180
18 1.929004033216862e-10 3.50729259658127e-08 11096
18.5 1.229442858804156e-10 2.347178082231553e-08 10056
19 8.406497972965084e-11 1.696506342514667e-08 9716
19.5 5.441144365597565e-11 1.192538314790415e-08 8604
20 3.813405257787015e-11 8.342135153372818e-09 8060
20.5 2.724587842999489e-11 5.962288897705945e-09 7320
21 1.77121931494598e-11 4.010498189418399e-09 6356
21.5 1.139576214610631e-11 2.811222378369917e-09 5348
22 7.70535642664668e-12 1.795831779585226e-09 4308
22.5 4.528804424239729e-12 1.159382132810925e-09 3563
23 2.214314907332865e-12 5.910870297248946e-10 2448
23.5 1.277180530980231e-12 3.507990100274549e-10 1868
24 7.392314372178921e-13 2.230333951753415e-10 1358
24.5 5.100228546433359e-13 1.536512137473589e-10 1062
25 3.151319463211228e-13 1.001645444232603e-10 776
25.5 1.515522795520714e-13 5.188807051522479e-11 432
26 7.73276630817575e-14 2.335828293333774e-11 200
26.5 6.218706351030912e-14 2.045321780612947e-11 168
27 1.690650356832598e-14 6.670863113365285e-12 56
27.5 4.366952210421651e-15 1.018551365179721e-12 7

0.5 1.543017505693996e-06 1.052685974655522e-06 18
1 8.783386033169274e-07 4.88225141179077e-07 62
1.5 1.552102659323744e-07 5.3400863713893e-07 98
2 5.287972628419034e-07 2.477819094814097e-06 210
2.5 7.56456454590808e-07 6.526600235870594e-06 350
3 3.07641411874469e-07 2.807236070992264e-06 450
3.5 1.844442493112595e-07 2.466370514410328e-06 602
4 1.287006471491056e-07 2.416596845600545e-06 762
4.5 1.578396656360055e-07 3.079040698964918e-06 1142
5 1.238579597512116e-07 3.210321612662906e-06 1250
5.5 9.280840234518355e-08 2.917196784733747e-06 1458
6 8.494069437829068e-08 3.237681717570962e-06 1814
6.5 7.87645432578925e-08 3.390160691624582e-06 2178
7 7.729649473291378e-08 3.424464267039298e-06 2498
7.5 5.905020386490977e-08 3.219712277460174e-06 2622
8 5.872800163792194e-08 3.651326224171898e-06 3338
8.5 5.089687816046703e-08 3.273519747820162e-06 3722
9 4.40637789759083e-08 3.002626312322106e-06 4170
9.5 3.480529986590667e-08 2.551297983891884e-06 4358
10 2.768498994407796e-08 2.339848819589121e-06 5034
10.5 2.302794586823065e-08 2.043988095513936e-06 5714
11 1.682031690807961e-08 1.710743752889979e-06 5982
11.5 1.300093760738226e-08 1.333157039797073e-06 6602
12 9.50215396428889e-09 1.096500432554613e-06 7130
12.5 7.624167757503062e-09 8.731719901697309e-07 8034
13 5.626508931498761e-09 6.8686148589533e-07 8606
13.5 3.884517038697366e-09 5.203589680997284e-07 9066
14 2.907610236649188e-09 3.903292334050059e-07 9962
14.5 2.083177342659692e-09 3.076835491260024e-07 10550
15 1.646231773386879e-09 2.346950858147487e-07 11226
15.5 1.295439928167252e-09 1.854422214885756e-07 12146
16 9.572495757415476e-10 1.471688892476954e-07 12303
16.5 6.955632763029909e-10 1.106120200715705e-07 12584
17 4.540646621272994e-10 7.698817025771722e-08 12120
17.5 2.939071841603114e-10 5.229044857527735e-08 11180
18 2.063155826068689e-10 3.838001380366534e-08 11096
18.5 1.338000070157072e-10 2.560931221119261e-08 10056
19 8.957353927094109e-11 1.863240175891226e-08 9716
19.5 5.840349411448876e-11 1.250674128181589e-08 8604
20 4.136384406972234e-11 8.959400619548202e-09 8060
20.5 2.88816724016281e-11 6.520232724481947e-09 7320
21 1.929473532166993e-11 4.372788267149317e-09 6356
21.5 1.262518396554395e-11 2.921681691782915e-09 5348
22 7.936802537802564e-12 1.961263129270754e-09 4308
22.5 4.892858409225432e-12 1.203073253703794e-09 3563
23 2.284639087389336e-12 6.285064449229656e-10 2448
23.5 1.31021847214566e-12 3.544271937277961e-10 1868
24 7.890664511358458e-13 2.265073015325389e-10 1358
24.5 5.206864415065029e-13 1.590246185472459e-10 1062
25 3.074515295528032e-13 1.040018531754704e-10 776
25.5 1.584843129947893e-13 5.528094122800639e-11 432
26 7.349189662715066e-14 2.760305566780828e-11 200
26.5 6.363081541791112e-14 2.042589773658463e-11 168
27 2.238873444844163e-14 5.524676795019618e-12 56
27.5 7.563815163014813e-15 3.924904834207016e-13 7

0.5 1.060177508932981e-06 1.267620967709342e-06 18
1 2.563410241876752e-07 7.23812178956087e-07 62
1.5 9.924220469268682e-08 4.435868210415225e-07 98
2 4.407054284288776e-07 2.210897345930941e-06 210
2.5 7.871161120974239e-07 5.002128873704556e-06 350
3 3.268538621767053e-07 2.511552988740273e-06 450
3.5 1.921108120850049e-07 2.377938057058036e-06 602
4 1.418716726296389e-07 2.240118773152695e-06 762
4.5 1.540240509759116e-07 3.099593084125298e-06 1142
5 1.290417524354101e-07 3.36950494233724e-06 1250
5.5 1.083932732332396e-07 2.678140832732612e-06 1458
6 8.785661309133486e-08 3.164898578301015e-06 1814
6.5 8.423293158625641e-08 3.220334515798399e-06 2178
7 7.7772239521526e-08 3.546893460311754e-06 2498
7.5 6.574551047820858e-08 3.091209416999583e-06 2622
8 6.40693522446054e-08 3.517454236980451e-06 3338
8.5 5.170838690021984e-08 3.399587991283215e-06 3722
9 4.411037630221618e-08 3.156400688905065e-06 4170
9.5 3.492124476562481e-08 2.674699658312585e-06 4358
10 2.81982721023129e-08 2.43306990386824e-06 5034
10.5 2.32891998620022e-08 2.020519356729263e-06 5714
11 1.746920956570582e-08 1.675916201333622e-06 5982
11.5 1.341157549007167e-08 1.318868160186511e-06 6602
12 9.691383975836171e-09 1.103098440600276e-06 7130
12.5 7.743180158416249e-09 8.855382427365152e-07 8034
13 5.713788338820629e-09 7.022998741554291e-07 8606
13.5 4.105803541216778e-09 5.176348743378084e-07 9066
14 2.981053216198849e-09 4.012929598708805e-07 9962
14.5 2.271555291353131e-09 3.063951461264991e-07 10550
15 1.726633325310856e-09 2.391572028328461e-07 11226
15.5 1.350812137791098e-09 1.988397830475814e-07 12146
16 1.018125389295814e-09 1.582511697993895e-07 12303
16.5 7.431378278619606e-10 1.179001627793546e-07 12584
17 4.863737828922246e-10 8.19109357919503e-08 12120
17.5 3.16892345348036e-10 5.492498879117887e-08 11180
18 2.174736393653226e-10 4.108050196399215e-08 11096
18.5 1.450166867615949e-10 2.735882120362112e-08 10056
19 9.73607873604338e-11 1.980579379583432e-08 9716
19.5 6.343788420894946e-11 1.311979912462791e-08 8604
20 4.538907252817189e-11 9.42145650394773e-09 8060
20.5 3.096211631355771e-11 6.797101688485546e-09 7320
21 2.008732479565783e-11 4.827668335368494e-09 6356
21.5 1.335071947681689e-11 3.125566411582346e-09 5348
22 8.757335087981921e-12 2.051685624471211e-09 4308
22.5 5.37894078653929e-12 1.234296340760709e-09 3563
23 2.421091512105125e-12 6.479273074451757e-10 2448
23.5 1.359672292645218e-12 3.789802576162942e-10 1868
24 8.244694526579128e-13 2.372443519372333e-10 1358
24.5 5.475283468588612e-13 1.628680513599377e-10 1062
25 3.006488449488796e-13 1.027272633334238e-10 776
25.5 1.7447381674309e-13 5.744764999001815e-11 432
26 7.321959058346811e-14 2.862809458805224e-11 200
26.5 6.972182965145778e-14 2.095337957251214e-11 168
27 2.604609682095802e-14 5.000914807854976e-12 56
27.5 4.473874670831566e-15 1.226357299260915e-12 7

0.5 6.666889295469208e-07 1.488266917480186e-06 18
1 2.698038090381819e-07 5.082852371869668e-07 62
1.5 1.159292492796599e-07 4.293343146653658e-07 98
2 3.952724865936336e-07 2.348322302989629e-06 210
2.5 7.600987860315404e-07 4.053101918566572e-06 350
3 2.525598625784018e-07 2.535436782359309e-06 450
3.5 1.910181800587139e-07 2.220342099201069e-06 602
4 1.477653017836545e-07 2.329503144213401e-06 762
4.5 1.554971345481883e-07 3.177690774550759e-06 1142
5 1.391030876933754e-07 3.505691216709651e-06 1250
5.5 1.029266314248709e-07 2.946891267781777e-06 1458
6 9.484898827008356e-08 3.223499748633415e-06 1814
6.5 8.624309637393788e-08 3.527163219482134e-06 2178
7 8.285474031995508e-08 3.610671283835448e-06 2498
7.5 6.152708319665399e-08 3.594593547154331e-06 2622
8 6.528182650352163e-08 3.722549223066104e-06 3338
8.5 5.326766644674175e-08 3.639789256330425e-06 3722
9 4.607513937693952e-08 3.307325278978851e-06 4170
9.5 3.631775999042662e-08 2.85235888236732e-06 4358
10 3.041954848975381e-08 2.490412557657227e-06 5034
10.5 2.460239326251406e-08 2.21283089902465e-06 5714
11 1.889007171487008e-08 1.756768289734849e-06 5982
11.5 1.387189487623098e-08 1.435097980603789e-06 6602
12 1.04238384690324e-08 1.177601240732059e-06 7130
12.5 8.183692979235989e-09 9.752790043699491e-07 8034
13 6.195790792472273e-09 7.63574798853237e-07 8606
13.5 4.42375376332741e-09 5.798810407147051e-07 9066
14 3.231643748464403e-09 4.421242019527128e-07 9962
14.5 2.424998079039908e-09 3.384070148778359e-07 10550
15 1.860299930238784e-09 2.72042131233462e-07 11226
15.5 1.484612314429539e-09 2.210024129513075e-07 12146
16 1.133892407767145e-09 1.705231203671649e-07 12303
16.5 8.376353890029672e-10 1.291843533472395e-07 12584
17 5.36461185159288e-10 9.038864247138882e-08 12120
17.5 3.45496022765762e-10 6.31667544076211e-08 11180
18 2.351953449586132e-10 4.48217088582658e-08 11096
18.5 1.572263743687989e-10 3.043563557746494e-08 10056
19 1.058208097842763e-10 2.184967845607594e-08 9716
19.5 6.652242707741568e-11 1.472326863874797e-08 8604
20 4.906786737850722e-11 1.07085618510404e-08 8060
20.5 3.3370622939883e-11 7.713449439552257e-09 7320
21 2.243923719755525e-11 5.26916700806475e-09 6356
21.5 1.492754454530569e-11 3.388630245588132e-09 5348
22 9.612894981637901e-12 2.21592077239759e-09 4308
22.5 5.43794550846925e-12 1.454677036963568e-09 3563
23 2.648931056591156e-12 7.214681385353787e-10 2448
23.5 1.406214663562095e-12 4.037708962188263e-10 1868
24 9.10359184981015e-13 2.345015120615176e-10 1358
24.5 5.981602146341116e-13 1.714290048648576e-10 1062
25 3.476701334414714e-13 9.843215549310864e-11 776
25.5 1.730289425907445e-13 5.984358485232049e-11 432
26 8.552061649345721e-14 2.57628931129549e-11 200
26.5 8.257644282070083e-14 1.923884917262611e-11 168
27 2.20027056288563e-14 5.120087896422625e-12 56
27.5 2.173003204939544e-15 1.952588335761621e-12 7

0.5 2.200681465503907e-06 4.845298687232532e-07 18
1 4.11140463603121e-07 3.670042842022603e-07 62
1.5 1.24215671930536e-07 3.30493891637931e-07 98
2 3.138519806313668e-07 1.986738288078552e-06 210
2.5 4.459593393805731e-07 4.456797910136828e-06 350
3 2.184513069260625e-07 2.331011384526091e-06 450
3.5 1.715888946723279e-07 2.029526082115892e-06 602
4 1.467722982744367e-07 2.303260632859663e-06 762
4.5 1.565961813685099e-07 3.102672136668043e-06 1142
5 1.376103284466505e-07 3.298397587557264e-06 1250
5.5 1.033441380392472e-07 2.970103894776023e-06 1458
6 9.598006756367422e-08 3.244370335210098e-06 1814
6.5 8.742344917827748e-08 3.522923967411625e-06 2178
7 7.863407017767569e-08 3.840229485657064e-06 2498
7.5 6.856787239866586e-08 3.385215835906519e-06 2622
8 6.784923054626308e-08 3.675940151646095e-06 3338
8.5 5.65043241681979e-08 3.54037105104326e-06 3722
9 4.755302738666018e-08 3.364663994225959e-06 4170
9.5 3.838075301639291e-08 2.816617426544307e-06 4358
10 3.072470390113258e-08 2.556868720169847e-06 5034
10.5 2.502784149471681e-08 2.280399780699982e-06 5714
11 1.890046119984997e-08 1.809099264663816e-06 5982
11.5 1.390271423959268e-08 1.50999745364572e-06 6602
12 1.070881546068177e-08 1.18691412692881e-06 7130
12.5 8.50925805915191e-09 9.712124483886151e-07 8034
13 6.29907324099044e-09 7.829471860620648e-07 8606
13.5 4.752362906598465e-09 5.697928395024253e-07 9066
14 3.363158395750492e-09 4.526557852807783e-07 9962
14.5 2.541619810404739e-09 3.47167115653516e-07 10550
15 1.953657845644676e-09 2.761327955416143e-07 11226
15.5 1.546307529886316e-09 2.274682762898944e-07 12146
16 1.17749020517969e-09 1.79475620941993e-07 12303
16.5 8.798907241305477e-10 1.355925695964289e-07 12584
17 5.681734673681781e-10 9.494355559625212e-08 12120
17.5 3.719996259582399e-10 6.674578315343392e-08 11180
18 2.522940085416829e-10 4.76777307491966e-08 11096
18.5 1.700850230650091e-10 3.236308561032764e-08 10056
19 1.108587304466226e-10 2.360085367356957e-08 9716
19.5 7.262860955406549e-11 1.569547742787688e-08 8604
20 5.223980983126054e-11 1.154151084059377e-08 8060
20.5 3.654512506734471e-11 8.192127174627168e-09 7320
21 2.448129368072599e-11 5.657840630355061e-09 6356
21.5 1.58951141261641e-11 3.647011128711831e-09 5348
22 9.867076955479028e-12 2.374791483522291e-09 4308
22.5 6.066581716826234e-12 1.494740031424462e-09 3563
23 2.831086655853878e-12 7.744430941057915e-10 2448
23.5 1.538143367233545e-12 4.31622617043551e-10 1868
24 9.161005605799066e-13 2.66258577117136e-10 1358
24.5 6.338476691913262e-13 1.743624945649167e-10 1062
25 3.569722948365567e-13 1.019537883933668e-10 776
25.5 1.645510829078099e-13 5.859382137639538e-11 432
26 9.270566172704176e-14 2.405968049633448e-11 200
26.5 8.246161964584806e-14 2.095295836259222e-11 168
27 1.480906709862033e-14 8.731730449573995e-12 56
27.5 1.884417431088922e-15 1.359650230666868e-12 7

0.5 1.060002049689702e-07 1.827430371917715e-06 18
1 7.256708723643591e-08 3.051473711930687e-07 62
1.5 9.52022388573887e-08 1.797255598269886e-07 98
2 3.688393394903574e-07 1.752750208076386e-06 210
2.5 4.562549005431953e-07 3.621946423544718e-06 350
3 2.03481361477325e-07 2.088276861882492e-06 450
3.5 1.54403366829217e-07 2.016184455979729e-06 602
4 1.389926295205861e-07 2.188798952530868e-06 762
4.5 1.473512580350318e-07 2.994787857498523e-06 1142
5 1.279681298785708e-07 3.31270669751305e-06 1250
5.5 9.474926373592446e-08 3.01769911290316e-06 1458
6 9.62026083418135e-08 3.19640179965836e-06 1814
6.5 8.888972630860823e-08 3.609016435908927e-06 2178
7 8.157147479460674e-08 3.716976274780985e-06 2498
7.5 6.719751551124841e-08 3.446613810629975e-06 2622
8 6.842663999033039e-08 3.69024220454773e-06 3338
8.5 5.521749428717687e-08 3.605384421944123e-06 3722
9 4.707912662655105e-08 3.398300512857444e-06 4170
9.5 3.784145516207862e-08 2.877142637042914e-06 4358
10 3.094152773885105e-08 2.559324984835335e-06 5034
10.5 2.572216522424449e-08 2.234600068580773e-06 5714
11 1.924768096992652e-08 1.794439946970617e-06 5982
11.5 1.45764174272695e-08 1.468345607814005e-06 6602
12 1.094845174797255e-08 1.18272534802139e-06 7130
12.5 8.485696772129643e-09 1.008690667747398e-06 8034
13 6.398569824593384e-09 7.911516626846728e-07 8606
13.5 4.762775748702724e-09 5.872237212754845e-07 9066
14 3.453465038868089e-09 4.63669292706357e-07 9962
14.5 2.617772060897003e-09 3.636061148793682e-07 10550
15 2.038955789064253e-09 2.917847547336514e-07 11226
15.5 1.609114916446191e-09 2.409941410399903e-07 12146
16 1.243188975255882e-09 1.891455169282643e-07 12303
16.5 9.328945657793905e-10 1.471390520163995e-07 12584
17 6.090953507311251e-10 9.970518431788785e-08 12120
17.5 3.973988752765644e-10 7.068346622465742e-08 11180
18 2.759614147110016e-10 5.028939759924721e-08 11096
18.5 1.807188787467844e-10 3.498133319536854e-08 10056
19 1.214126321487095e-10 2.495577116726001e-08 9716
19.5 7.861330632944402e-11 1.679428689156021e-08 8604
20 5.744474643105163e-11 1.256469646738696e-08 8060
20.5 3.93027662415911e-11 8.895980037295616e-09 7320
21 2.614441974453972e-11 6.103384372576636e-09 6356
21.5 1.640219578212542e-11 4.142148768167639e-09 5348
22 1.074432257692649e-11 2.592708144282121e-09 4308
22.5 6.705136527268792e-12 1.632459401665924e-09 3563
23 3.178710527646571e-12 8.621260452130559e-10 2448
23.5 1.723138834039282e-12 4.686572731005851e-10 1868
24 1.015658673483115e-12 2.860328403357274e-10 1358
24.5 6.374258786248117e-13 1.964008093944682e-10 1062
25 4.044088620994067e-13 1.050119455532924e-10 776
25.5 1.919309024233732e-13 6.403366598638626e-11 432
26 9.421826029894169e-14 2.590641806760316e-11 200
26.5 7.985654842601212e-14 2.16730533399256e-11 168
27 1.27633403535384e-14 9.468077367399572e-12 56
27.5 3.984096516286082e-15 6.761695708210183e-13 7

0.5 2.545674347992623e-06 1.169743679979309e-07 18
1 2.11690546679334e-07 1.308925284472203e-07 62
1.5 1.073215454271708e-07 1.98237125007892e-07 98
2 2.850033077490693e-07 1.750952955575825e-06 210
2.5 3.851260272551565e-07 3.09899016286271e-06 350
3 1.656755007446823e-07 2.011550291171216e-06 450
3.5 1.540922148410966e-07 2.06385350403824e-06 602
4 1.263025588393147e-07 2.075794848260366e-06 762
4.5 1.459101501737933e-07 2.890407444831331e-06 1142
5 1.262343788402695e-07 3.390291154840236e-06 1250
5.5 9.476790317622948e-08 2.987415698884474e-06 1458
6 9.1308561246276e-08 3.440797950373394e-06 1814
6.5 8.993236729002605e-08 3.596975500652339e-06 2178
7 8.026241954641076e-08 3.870836552269583e-06 2498
7.5 6.803552459956028e-08 3.471840356072281e-06 2622
8 6.516901994322101e-08 4.038547373545096e-06 3338
8.5 5.670103505255542e-08 3.618446096141579e-06 3722
9 4.868315746683242e-08 3.424375282638957e-06 4170
9.5 3.888370268732826e-08 3.008305273830493e-06 4358
10 3.174302416455619e-08 2.682969443100181e-06 5034
10.5 2.604435498207631e-08 2.404619208640939e-06 5714
11 1.93822877217778e-08 1.909972943172503e-06 5982
11.5 1.505957258480608e-08 1.55910037294136e-06 6602
12 1.137396056878984e-08 1.227895030499798e-06 7130
12.5 8.942837085779303e-09 1.02505813386753e-06 8034
13 6.660656144504773e-09 8.299091169810969e-07 8606
13.5 4.803247539016519e-09 6.40236659008194e-07 9066
14 3.721910930647945e-09 4.784075605409714e-07 9962
14.5 2.750402363927861e-09 3.916614338649215e-07 10550
15 2.214961015346023e-09 3.06000866477153e-07 11226
15.5 1.751900683759293e-09 2.511477838313443e-07 12146
16 1.319068788732817e-09 2.037292245554486e-07 12303
16.5 9.994803773081065e-10 1.573411691813744e-07 12584
17 6.500567776364522e-10 1.098331863313719e-07 12120
17.5 4.288523289578012e-10 7.737185773987248e-08 11180
18 2.966826193537861e-10 5.506337587228517e-08 11096
18.5 1.950260072347776e-10 3.76091030222466e-08 10056
19 1.317226737460707e-10 2.676138243018145e-08 9716
19.5 8.579689242624641e-11 1.786579013553507e-08 8604
20 6.144149347439157e-11 1.383747089648054e-08 8060
20.5 4.287572096858063e-11 9.704083049749357e-09 7320
21 2.921123146314372e-11 6.415492832690408e-09 6356
21.5 1.865208893663048e-11 4.367406436050693e-09 5348
22 1.167741655494565e-11 2.799067687821499e-09 4308
22.5 6.918831715629201e-12 1.861077619939156e-09 3563
23 3.497144492745738e-12 9.460779653667953e-10 2448
23.5 1.896457593411291e-12 5.286092101016885e-10 1868
24 1.162707909362111e-12 3.058168139123107e-10 1358
24.5 7.548582924861102e-13 2.036782532238437e-10 1062
25 3.867874117601335e-13 1.195719633912325e-10 776
25.5 2.222091391863917e-13 6.174544983304774e-11 432
26 9.638022136172362e-14 2.488046690532274e-11 200
26.5 8.349189048456935e-14 2.303812752088796e-11 168
27 2.497515141573446e-14 1.024406307170711e-11 56
27.5 4.061494415551771e-15 4.027304790445736e-13 7

0.5 3.236365854305727e-07 1.381148269181074e-06 18
1 5.134177680905553e-08 2.176033275506753e-07 62
1.5 7.11184052696432e-08 2.07893102621813e-07 98
2 3.050886159723753e-07 1.218995312726439e-06 210
2.5 3.657767013896636e-07 2.734407837932052e-06 350
3 1.682133712464054e-07 1.819659401483865e-06 450
3.5 1.499182098492526e-07 1.78990389634596e-06 602
4 1.230702058514396e-07 2.1043033028199e-06 762
4.5 1.427425640256937e-07 2.837876588462431e-06 1142
5 1.241552807587823e-07 3.196045848092564e-06 1250
5.5 9.722326803471464e-08 2.699493600968745e-06 1458
6 9.460470432401999e-08 3.109036631385444e-06 1814
6.5 8.763028969991379e-08 3.490081048860868e-06 2178
7 7.705229199652576e-08 3.774924535702242e-06 2498
7.5 6.81022852167056e-08 3.370699217309687e-06 2622
8 6.404817554744408e-08 3.877566067760105e-06 3338
8.5 5.700670980639452e-08 3.479769099952794e-06 3722
9 4.830137747234634e-08 3.342088224459203e-06 4170
9.5 3.953433871458394e-08 2.922078104994816e-06 4358
10 3.136698075388581e-08 2.63437124073765e-06 5034
10.5 2.580893180501583e-08 2.317409602148877e-06 5714
11 1.949281897723302e-08 1.859842295073966e-06 5982
11.5 1.467315290738798e-08 1.573040178321905e-06 6602
12 1.101651109473421e-08 1.241857851547593e-06 7130
12.5 8.819471954417307e-09 1.022279165057928e-06 8034
13 6.565622596832435e-09 8.212879961888988e-07 8606
13.5 4.981665857102461e-09 6.393667804496104e-07 9066
14 3.623830267710842e-09 4.966562206096819e-07 9962
14.5 2.90658396286651e-09 3.83663244951402e-07 10550
15 2.20050317244318e-09 3.150669599825802e-07 11226
15.5 1.769394332537548e-09 2.602672827245952e-07 12146
16 1.3663135032889e-09 2.090366738971106e-07 12303
16.5 1.012039276054267e-09 1.646912886605794e-07 12584
17 6.811246024747807e-10 1.127698487294957e-07 12120
17.5 4.473294115565464e-10 7.960370711392844e-08 11180
18 3.095608876010914e-10 5.823672739472696e-08 11096
18.5 2.059288598089618e-10 3.923695053135151e-08 10056
19 1.369155543869124e-10 2.797228583289283e-08 9716
19.5 8.917895265173983e-11 1.848278376736934e-08 8604
20 6.56134350019062e-11 1.428258365784245e-08 8060
20.5 4.611907366148257e-11 1.001997845818665e-08 7320
21 3.049993171165786e-11 6.768442752708841e-09 6356
21.5 1.996692637797776e-11 4.754225327329128e-09 5348
22 1.220508970743318e-11 3.101369059893577e-09 4308
22.5 7.359932775373913e-12 1.927701754805695e-09 3563
23 3.68278947240422e-12 1.024637692203456e-09 2448
23.5 2.025388583102502e-12 5.570033034083677e-10 1868
24 1.175111474616209e-12 3.49052779874955e-10 1358
24.5 7.526881646350682e-13 2.232735824370154e-10 1062
25 4.016027739839059e-13 1.323637624213168e-10 776
25.5 2.148956256972209e-13 6.779524401109687e-11 432
26 9.404806583703962e-14 2.715133832177187e-11 200
26.5 8.484723672596187e-14 2.268940532512295e-11 168
27 3.626544070919289e-14 5.67746374816861e-12 56
27.5 2.737666643787192e-15 5.38992420278593e-13 7

0.5 1.361420906703528e-06 8.547902402456946e-07 18
1 1.229950041646986e-07 1.359201065876133e-07 62
1.5 5.869512370965144e-08 2.306536038632594e-07 98
2 2.817302778786647e-07 1.214969026710597e-06 210
2.5 3.386590418670981e-07 2.232087686761726e-06 350
3 1.583540861900074e-07 1.710844681591254e-06 450
3.5 1.345504463724056e-07 1.787747836129954e-06 602
4 1.165284238287003e-07 1.926067892278999e-06 762
4.5 1.390850852006721e-07 2.689509922828945e-06 1142
5 1.245534280716418e-07 3.002310985265214e-06 1250
5.5 9.673332732682804e-08 2.711717163964899e-06 1458
6 9.385217375747845e-08 3.112198766725178e-06 1814
6.5 8.383911021201747e-08 3.494925497819691e-06 2178
7 7.928249269939189e-08 3.677232733994874e-06 2498
7.5 6.609465376972189e-08 3.405970673666992e-06 2622
8 6.493520103839033e-08 3.904621445225008e-06 3338
8.5 5.361361505539182e-08 3.63082741090747e-06 3722
9 4.940772416967745e-08 3.304247155073369e-06 4170
9.5 3.842540176545534e-08 3.019979930775218e-06 4358
10 3.256194924888072e-08 2.601479088803327e-06 5034
10.5 2.61989710437073e-08 2.380618063781385e-06 5714
11 2.00097052402918e-08 1.881960036267876e-06 5982
11.5 1.532166752034833e-08 1.578576854074767e-06 6602
12 1.119147303475593e-08 1.283338004955171e-06 7130
12.5 9.058389490124154e-09 1.078956097915354e-06 8034
13 6.903010703900698e-09 8.344564568351119e-07 8606
13.5 5.206822095182868e-09 6.688220018747548e-07 9066
14 3.881160123464205e-09 5.084852237266446e-07 9962
14.5 2.992530038473619e-09 4.226668948206896e-07 10550
15 2.352094063982029e-09 3.375188066302544e-07 11226
15.5 1.941988228923046e-09 2.71467553633494e-07 12146
16 1.477940605859587e-09 2.194074719934111e-07 12303
16.5 1.105201470208973e-09 1.734990706820238e-07 12584
17 7.30819751784299e-10 1.205063107735908e-07 12120
17.5 4.888753107117389e-10 8.361396231040995e-08 11180
18 3.185844524391882e-10 6.242183919449159e-08 11096
18.5 2.149764222178666e-10 4.270390155278945e-08 10056
19 1.466016912195508e-10 2.99964679556448e-08 9716
19.5 9.723001837868018e-11 1.992694875243159e-08 8604
20 6.958192225670238e-11 1.500079004813395e-08 8060
20.5 4.800998737433598e-11 1.08270114034229e-08 7320
21 3.212263908813404e-11 7.464720199696333e-09 6356
21.5 2.112765397598419e-11 5.119208196650429e-09 5348
22 1.364624519250333e-11 3.160123008289004e-09 4308
22.5 8.032176485614248e-12 2.034136583065712e-09 3563
23 3.92208940004913e-12 1.086114806620451e-09 2448
23.5 2.334258928597066e-12 6.051928859363767e-10 1868
24 1.22331264775204e-12 3.894177876442061e-10 1358
24.5 7.758901814657805e-13 2.384736128060059e-10 1062
25 4.724172591836497e-13 1.357152307133468e-10 776
25.5 2.151898321510245e-13 7.690929132429377e-11 432
26 1.178567939614013e-13 2.838493323209346e-11 200
26.5 9.353374975595356e-14 2.44451090451367e-11 168
27 4.176253807532238e-14 5.550966515964844e-12 56
27.5 2.675593101720029e-15 9.272862558424698e-13 7

0.5 1.176265394266361e-06 8.499364461531896e-07 18
1 1.143210465120292e-07 1.657675133061957e-07 62
1.5 5.412552108921653e-08 2.3100085979936e-07 98
2 2.010120895986641e-07 1.106577785666349e-06 210
2.5 2.522601747511673e-07 2.060003982400427e-06 350
3 1.545973977784605e-07 1.493636098707044e-06 450
3.5 1.317866021728436e-07 1.739499887487246e-06 602
4 1.119904519316066e-07 1.85805876021496e-06 762
4.5 1.35964294788999e-07 2.631814138278832e-06 1142
5 1.293903919393424e-07 2.767543007756215e-06 1250
5.5 9.185624936128283e-08 2.669047432018593e-06 1458
6 8.77247222607306e-08 3.175065729978873e-06 1814
6.5 8.483342781904063e-08 3.309939761219488e-06 2178
7 7.513370064651654e-08 3.755109727374159e-06 2498
7.5 6.312630403105267e-08 3.420008734579803e-06 2622
8 6.632981503178297e-08 3.618785756881608e-06 3338
8.5 5.343944559027565e-08 3.462178229093607e-06 3722
9 4.815262768322673e-08 3.208071212964907e-06 4170
9.5 3.768555230486411e-08 2.947051392057424e-06 4358
10 3.178306721490097e-08 2.599292763688178e-06 5034
10.5 2.598215151995906e-08 2.309120338493848e-06 5714
11 1.912536870581451e-08 1.883763082090965e-06 5982
11.5 1.524440953987833e-08 1.55038131443848e-06 6602
12 1.114560420124037e-08 1.250317303450378e-06 7130
12.5 9.129894516742921e-09 1.028097207923382e-06 8034
13 6.894209761044096e-09 8.236190698626763e-07 8606
13.5 5.193604084150202e-09 6.676616271545639e-07 9066
14 3.800775323343988e-09 5.195550627368593e-07 9962
14.5 2.997063921595403e-09 4.156891768487151e-07 10550
15 2.367088094826991e-09 3.362615228369194e-07 11226
15.5 1.904276894369002e-09 2.799619530172674e-07 12146
16 1.502551626417775e-09 2.229440571217334e-07 12303
16.5 1.118804808674721e-09 1.75919898374061e-07 12584
17 7.403414821798163e-10 1.252628300604718e-07 12120
17.5 4.839661148857676e-10 8.732005315921236e-08 11180
18 3.340734898999662e-10 6.296449306791743e-08 11096
18.5 2.177374572481181e-10 4.451710489087424e-08 10056
19 1.514176215740551e-10 3.112928364834045e-08 9716
19.5 9.757145229536665e-11 2.142267986749708e-08 8604
20 7.108030536588178e-11 1.564332768136117e-08 8060
20.5 4.994250249021479e-11 1.137112916293597e-08 7320
21 3.248810231926308e-11 7.804326224334695e-09 6356
21.5 2.26117804287761e-11 5.08970583857373e-09 5348
22 1.447831175304559e-11 3.308994642878788e-09 4308
22.5 8.3583624349325e-12 2.195080136696699e-09 3563
23 4.19610964952955e-12 1.139893465593152e-09 2448
23.5 2.474429011626338e-12 6.470282708339291e-10 1868
24 1.300052619993701e-12 3.849460608871416e-10 1358
24.5 8.290774861585641e-13 2.346481761955749e-10 1062
25 4.7791925901029e-13 1.439110743806581e-10 776
25.5 2.445136193649731e-13 7.599902108061451e-11 432
26 1.211590592462591e-13 2.696325683401483e-11 200
26.5 8.873042087104536e-14 2.414673500581508e-11 168
27 3.606598501004272e-14 1.005720028560207e-11 56
27.5 2.787367331821301e-15 1.046036810727992e-12 7

0.5 2.12190690440857e-07 1.021262401330705e-06 18
1 3.761042485739914e-08 1.309538681882991e-07 62
1.5 3.65626083488281e-08 1.971407877313956e-07 98
2 1.892923235650961e-07 1.009040480687628e-06 210
2.5 2.445643685139389e-07 1.821435431114098e-06 350
3 1.418284281544968e-07 1.374016415521354e-06 450
3.5 1.251492027435664e-07 1.681722152203731e-06 602
4 1.117274383643982e-07 1.776070776838926e-06 762
4.5 1.233854986916549e-07 2.628032600038594e-06 1142
5 1.200272768410647e-07 2.652647842724162e-06 1250
5.5 8.916761414791767e-08 2.511099194422338e-06 1458
6 8.862289045134145e-08 3.081963939155971e-06 1814
6.5 8.466764504804384e-08 3.171234296462731e-06 2178
7 7.923828669164718e-08 3.404421007446861e-06 2498
7.5 6.482569905215193e-08 3.218266969118942e-06 2622
8 6.253681429733441e-08 3.648322099027318e-06 3338
8.5 5.146813088895365e-08 3.477560965356776e-06 3722
9 4.597942526342291e-08 3.222792414841014e-06 4170
9.5 3.762387016867723e-08 2.888357209709229e-06 4358
10 3.113742412687566e-08 2.568709205669048e-06 5034
10.5 2.487138967622499e-08 2.339187187134752e-06 5714
11 1.911045897353065e-08 1.839258441484965e-06 5982
11.5 1.480439578022795e-08 1.535661465729935e-06 6602
12 1.110525323863911e-08 1.258230705682396e-06 7130
12.5 9.004588241566042e-09 1.053311292401945e-06 8034
13 6.840008975140779e-09 8.441446561679379e-07 8606
13.5 5.111501339304578e-09 6.876530371953038e-07 9066
14 3.858005492210378e-09 5.256869357326824e-07 9962
14.5 3.13610407443852e-09 4.145837755873945e-07 10550
15 2.414213662005477e-09 3.395685024959435e-07 11226
15.5 1.974236070556414e-09 2.842236325606716e-07 12146
16 1.535613544851697e-09 2.327394686178986e-07 12303
16.5 1.14950658941951e-09 1.851302738942163e-07 12584
17 7.705474615276366e-10 1.277702738585386e-07 12120
17.5 4.973974091370694e-10 9.103561414938667e-08 11180
18 3.524782093765246e-10 6.465799548369354e-08 11096
18.5 2.329181269635987e-10 4.495603153643411e-08 10056
19 1.590794621297025e-10 3.210038931109067e-08 9716
19.5 1.045589493505422e-10 2.204559810632164e-08 8604
20 7.394423781157253e-11 1.654924938009081e-08 8060
20.5 5.246739147270121e-11 1.17425978426937e-08 7320
21 3.374960245236094e-11 8.032020797187302e-09 6356
21.5 2.372845729369701e-11 5.349285638820404e-09 5348
22 1.478680323316179e-11 3.545855056106243e-09 4308
22.5 9.105670395461352e-12 2.255103133629038e-09 3563
23 4.457466417506729e-12 1.155850392269722e-09 2448
23.5 2.392180087544795e-12 7.302148183685412e-10 1868
24 1.412526982807522e-12 4.055581592002441e-10 1358
24.5 8.209555078946681e-13 2.596361064698802e-10 1062
25 4.759312245734665e-13 1.494778028154338e-10 776
25.5 2.383386422963991e-13 8.69604266072021e-11 432
26 1.243802367164165e-13 2.730987182104365e-11 200
26.5 9.290498417339367e-14 2.495776557569001e-11 168
27 3.02842254581001e-14 1.353470599194059e-11 56
27.5 1.918396606086692e-15 1.107326512120347e-12 7

0.5 1.60251520112611e-06 2.095334931075912e-08 18
1 1.6242190688422e-07 7.988817757242849e-08 62
1.5 8.109177342258155e-08 1.800203145579455e-07 98
2 1.407974702508541e-07 7.536816975135099e-07 210
2.5 2.023865405893936e-07 1.629383106359511e-06 350
3 1.207368355970937e-07 1.339671795732621e-06 450
3.5 1.174211351834492e-07 1.548438185675858e-06 602
4 1.099926505990588e-07 1.803638485898624e-06 762
4.5 1.267162209901735e-07 2.452931847443694e-06 1142
5 1.059870414766868e-07 2.774449201060226e-06 1250
5.5 8.657537552001697e-08 2.473111020329036e-06 1458
6 8.835224665831243e-08 3.220395386013199e-06 1814
6.5 8.204304375567028e-08 3.207488469134746e-06 2178
7 7.418481941784915e-08 3.489909502105413e-06 2498
7.5 6.300046942674517e-08 3.243416581313668e-06 2622
8 6.308551903681155e-08 3.520014296621907e-06 3338
8.5 5.336853139929819e-08 3.397721048589721e-06 3722
9 4.660336753459421e-08 3.247093541364159e-06 4170
9.5 3.727301170026986e-08 2.873206084777063e-06 4358
10 3.132290618054389e-08 2.545987062909722e-06 5034
10.5 2.536178893444551e-08 2.323441621758525e-06 5714
11 1.951403482319684e-08 1.839905933582897e-06 5982
11.5 1.497278100072727e-08 1.57033639393719e-06 6602
12 1.13374631801936e-08 1.269890811834305e-06 7130
12.5 9.124242161157968e-09 1.062540261729363e-06 8034
13 6.953155297661307e-09 8.624312837122247e-07 8606
13.5 5.437867762831057e-09 6.621479899355351e-07 9066
14 3.95389304552422e-09 5.354359737841564e-07 9962
14.5 3.127297831164582e-09 4.353114459962978e-07 10550
15 2.485101556385957e-09 3.525471162444395e-07 11226
15.5 2.051813636277189e-09 2.937617753874989e-07 12146
16 1.583662606848503e-09 2.388488228796223e-07 12303
16.5 1.192262570308419e-09 1.918721655975797e-07 12584
17 7.91394454536278e-10 1.331254934838012e-07 12120
17.5 5.117690461843124e-10 9.568535168548762e-08 11180
18 3.648507970376113e-10 6.875981462526216e-08 11096
18.5 2.473548201910253e-10 4.666345143741498e-08 10056
19 1.645771190726505e-10 3.392995485879304e-08 9716
19.5 1.111937939195822e-10 2.274814788546598e-08 8604
20 7.792083161709481e-11 1.714290473354696e-08 8060
20.5 5.699327865573824e-11 1.202027928120013e-08 7320
21 3.496549853422842e-11 8.334008975305843e-09 6356
21.5 2.446792362261687e-11 5.748833583650806e-09 5348
22 1.501085450145877e-11 3.89648342519026e-09 4308
22.5 9.410889282037834e-12 2.40697488891675e-09 3563
23 4.800678061974166e-12 1.214882097385923e-09 2448
23.5 2.608672253381266e-12 7.18907395298174e-10 1868
24 1.648271894948871e-12 4.142284074454362e-10 1358
24.5 9.206693425356962e-13 2.51250801331294e-10 1062
25 5.170794938647769e-13 1.402478807252506e-10 776
25.5 2.686842253446077e-13 7.633825420907831e-11 432
26 1.167247102918114e-13 2.797470910630956e-11 200
26.5 8.575181995516476e-14 2.828184808143156e-11 168
27 2.698604796552017e-14 1.351962792011118e-11 56
27.5 2.385380653020309e-15 9.952295925943973e-13 7

0.5 1.478584623896182e-07 8.602779665679342e-07 18
1 3.912368024670612e-08 7.547663412792965e-08 62
1.5 3.329004127362759e-08 1.669768395239015e-07 98
2 1.700749234556702e-07 5.644668139125255e-07 210
2.5 2.109972974796789e-07 1.444710819873906e-06 350
3 1.214633315829413e-07 1.305521140791455e-06 450
3.5 1.106714403722373e-07 1.502358064115415e-06 602
4 1.041053412481629e-07 1.713543742587695e-06 762
4.5 1.18243599709015e-07 2.506073527858582e-06 1142
5 1.023796270333442e-07 2.671440474095987e-06 1250
5.5 8.421874029541841e-08 2.317778447816434e-06 1458
6 8.610133563900988e-08 2.986714188057796e-06 1814
6.5 8.007924389453479e-08 3.142694648951452e-06 2178
7 7.278566528973149e-08 3.352356429247009e-06 2498
7.5 6.317672052025369e-08 3.051479968899307e-06 2622
8 6.194927562758884e-08 3.404294574880935e-06 3338
8.5 5.29440681986925e-08 3.241192877263967e-06 3722
9 4.386487136229359e-08 3.234005428379449e-06 4170
9.5 3.601563403564479e-08 2.805344248225461e-06 4358
10 3.094053259191902e-08 2.454245473580793e-06 5034
10.5 2.469834877793987e-08 2.254295880231747e-06 5714
11 1.939203092404842e-08 1.781661075017784e-06 5982
11.5 1.473176365525452e-08 1.542786585748178e-06 6602
12 1.121663489425341e-08 1.265359962329466e-06 7130
12.5 8.878583312934005e-09 1.064145948197839e-06 8034
13 7.023169571944368e-09 8.466188231882179e-07 8606
13.5 5.381216196011141e-09 6.761565496761408e-07 9066
14 3.931129633333113e-09 5.369092629809562e-07 9962
14.5 3.127932778872595e-09 4.438413999985193e-07 10550
15 2.539113375885835e-09 3.481296989352682e-07 11226
15.5 2.066322466908062e-09 2.96860696569056e-07 12146
16 1.616003133736907e-09 2.429220987451052e-07 12303
16.5 1.209670951188446e-09 1.924586080701462e-07 12584
17 8.163016688152959e-10 1.372017986656387e-07 12120
17.5 5.365510256011633e-10 9.60003907152102e-08 11180
18 3.726660163422816e-10 6.962523254624019e-08 11096
18.5 2.508992841943301e-10 4.849670548362627e-08 10056
19 1.690867465666507e-10 3.488338997444428e-08 9716
19.5 1.152421043106433e-10 2.342399064809887e-08 8604
20 7.942145377616705e-11 1.749519177245937e-08 8060
20.5 5.902770925012599e-11 1.258132561175123e-08 7320
21 3.619859738903959e-11 8.672072807555861e-09 6356
21.5 2.563985232657255e-11 5.870278322715238e-09 5348
22 1.543543385943112e-11 3.985659629548005e-09 4308
22.5 9.910619642485068e-12 2.470907211908523e-09 3563
23 5.014603456917948e-12 1.295447485484654e-09 2448
23.5 2.736096148548725e-12 7.81566730418454e-10 1868
24 1.531947987180572e-12 5.057062235507342e-10 1358
24.5 8.966910288484771e-13 2.751338501035742e-10 1062
25 5.30474387453774e-13 1.503285490978189e-10 776
25.5 2.748459296289633e-13 8.301174415718108e-11 432
26 1.15113235353259e-13 3.110633179990006e-11 200
26.5 8.576382805393355e-14 2.89645916256234e-11 168
27 4.159517631529499e-14 1.346359770219227e-11 56
27.5 3.40258552160571e-15 5.685330385463007e-13 7

0.5 1.050436505090774e-06 4.910647069569709e-07 18
1 1.329083400732492e-07 8.655824443070712e-08 62
1.5 5.289286925803579e-08 1.738648433907393e-07 98
2 1.467213791050224e-07 5.522354478144401e-07 210
2.5 1.833785722393403e-07 1.341363472809447e-06 350
3 1.164150510046461e-07 1.148340903520871e-06 450
3.5 1.116808809047198e-07 1.429119111123229e-06 602
4 1.05072629777455e-07 1.670634298474135e-06 762
4.5 1.194923297787082e-07 2.411865550307104e-06 1142
5 1.039784680733868e-07 2.513897099290807e-06 1250
5.5 8.175675646799467e-08 2.327145812035413e-06 1458
6 8.270023063267581e-08 2.932126725882101e-06 1814
6.5 8.031544868838067e-08 3.130173492266779e-06 2178
7 7.394820504264088e-08 3.252273009047025e-06 2498
7.5 5.949935027223313e-08 3.163301918422536e-06 2622
8 6.075192128578495e-08 3.492146167720694e-06 3338
8.5 5.175055594423029e-08 3.239343674614608e-06 3722
9 4.411460709991507e-08 3.207642858513278e-06 4170
9.5 3.65263496961241e-08 2.743778573988642e-06 4358
10 3.084620447463773e-08 2.470344484258228e-06 5034
10.5 2.5356246189004e-08 2.223785393304247e-06 5714
11 1.936179621547878e-08 1.834127953901174e-06 5982
11.5 1.50104652821296e-08 1.57553736079146e-06 6602
12 1.178723961722736e-08 1.265735332493563e-06 7130
12.5 9.558168298543644e-09 1.040659119594766e-06 8034
13 7.192651088441919e-09 8.796694010782761e-07 8606
13.5 5.431100502388528e-09 7.111618970909993e-07 9066
14 4.174979506077982e-09 5.500788863357708e-07 9962
14.5 3.273529812090666e-09 4.600610026195876e-07 10550
15 2.60730045033624e-09 3.607331106178207e-07 11226
15.5 2.119519874556726e-09 3.187437679032988e-07 12146
16 1.684048505037052e-09 2.557558753074065e-07 12303
16.5 1.285682810454966e-09 1.97446956684171e-07 12584
17 8.708754742710229e-10 1.410917622981824e-07 12120
17.5 5.711934612140397e-10 9.822631141342131e-08 11180
18 3.869101182934896e-10 7.417006688343777e-08 11096
18.5 2.659328172181305e-10 5.072279483101708e-08 10056
19 1.787471642291265e-10 3.700921877648377e-08 9716
19.5 1.180254127544268e-10 2.557433134614411e-08 8604
20 8.155567778421492e-11 1.885667954559175e-08 8060
20.5 6.080384407842738e-11 1.345390755564969e-08 7320
21 3.837194430810839e-11 9.137038368685443e-09 6356
21.5 2.598063293299964e-11 6.516805930192913e-09 5348
22 1.663353855217685e-11 4.103230358294141e-09 4308
22.5 1.017454806549283e-11 2.648644461530521e-09 3563
23 5.17807299267426e-12 1.376100984742188e-09 2448
23.5 2.970510812691848e-12 7.771072614420402e-10 1868
24 1.71903716397424e-12 4.656616090277721e-10 1358
24.5 1.021639444131965e-12 2.670182809085805e-10 1062
25 5.417508014897542e-13 1.715108316714767e-10 776
25.5 3.121577342642572e-13 8.890058948135228e-11 432
26 1.284426860414579e-13 3.117133570548303e-11 200
26.5 9.505325837357506e-14 2.92286958779502e-11 168
27 4.93708263473293e-14 1.305498870947795e-11 56
27.5 3.252088224387849e-15 9.938358452105412e-13 7

0.5 7.153478307676074e-07 5.365676365527836e-07 18
1 8.840417382148956e-08 1.161895166321232e-07 62
1.5 3.407671850660661e-08 1.468604202306285e-07 98
2 1.022814060233689e-07 5.255440095177762e-07 210
2.5 1.58576062954973e-07 1.159656523975038e-06 350
3 1.150121726279293e-07 1.009146652429673e-06 450
3.5 1.081930361535157e-07 1.328213065940455e-06 602
4 9.862218718187364e-08 1.593943853611545e-06 762
4.5 1.12843022824399e-07 2.240290330911045e-06 1142
5 1.019491799713915e-07 2.52603026482155e-06 1250
5.5 7.917401452597934e-08 2.240612120060557e-06 1458
6 8.197406474414694e-08 2.832884124982402e-06 1814
6.5 7.797939990650995e-08 3.082120554418492e-06 2178
7 7.28651711412343e-08 3.12555647121949e-06 2498
7.5 6.18267417504625e-08 2.974130676680487e-06 2622
8 5.786883841325875e-08 3.464751586632732e-06 3338
8.5 4.922244890552477e-08 3.255487694651606e-06 3722
9 4.393879249985122e-08 3.10819462268278e-06 4170
9.5 3.516731706893162e-08 2.730743705545353e-06 4358
10 2.861204505916177e-08 2.550833951476848e-06 5034
10.5 2.458933802608656e-08 2.22067718845948e-06 5714
11 1.860828391676712e-08 1.800962026818885e-06 5982
11.5 1.496020061840511e-08 1.518307868566081e-06 6602
12 1.123749577717961e-08 1.26990640141244e-06 7130
12.5 8.982139438592643e-09 1.088555394280186e-06 8034
13 7.153948912347598e-09 8.663844290468199e-07 8606
13.5 5.541780168475705e-09 6.944272065853261e-07 9066
14 4.145250716203486e-09 5.562607306015679e-07 9962
14.5 3.30331521474618e-09 4.54224219262096e-07 10550
15 2.527884682994652e-09 3.699672377659877e-07 11226
15.5 2.163587860140355e-09 3.139903224445395e-07 12146
16 1.711658226394219e-09 2.554148841472093e-07 12303
16.5 1.287524675005266e-09 2.016767145628938e-07 12584
17 8.734121183808873e-10 1.469345984464689e-07 12120
17.5 5.729499597578806e-10 1.016100110293702e-07 11180
18 4.022336203005346e-10 7.6201739458844e-08 11096
18.5 2.703337488034743e-10 5.300696655035411e-08 10056
19 1.878348930939788e-10 3.703043008312845e-08 9716
19.5 1.218544183861558e-10 2.634133595010222e-08 8604
20 8.800028823866146e-11 1.90239367715065e-08 8060
20.5 6.220080670659594e-11 1.377891075444346e-08 7320
21 4.109193130082527e-11 9.262107202206809e-09 6356
21.5 2.768089224144598e-11 6.470823658441532e-09 5348
22 1.786056351964454e-11 4.137642490863446e-09 4308
22.5 1.112030317795857e-11 2.759233098309466e-09 3563
23 5.602005263450555e-12 1.387784023091361e-09 2448
23.5 3.092139575030005e-12 8.233985560088676e-10 1868
24 1.820252419394919e-12 5.018233637353217e-10 1358
24.5 1.03169687849026e-12 3.07858407866933e-10 1062
25 5.706857432400354e-13 1.79456811140053e-10 776
25.5 3.045378259782292e-13 9.927906802202557e-11 432
26 1.347428087164822e-13 3.237583007026099e-11 200
26.5 1.019997094122169e-13 3.347197311536993e-11 168
27 4.918302605598338e-14 1.641041299679573e-11 56
27.5 1.453344268859932e-15 1.802493388828438e-12 7

0.5 1.451082585403666e-07 6.657341067382173e-07 18
1 3.664714259844143e-08 1.282737374628516e-07 62
1.5 3.644796485519652e-08 1.425180580752446e-07 98
2 1.169184138969482e-07 4.987965687325672e-07 210
2.5 1.515299001475163e-07 1.151785567925603e-06 350
3 1.023480234684858e-07 1.042358261812022e-06 450
3.5 1.019542846064114e-07 1.328975595660109e-06 602
4 9.529264454758787e-08 1.504247679976285e-06 762
4.5 1.018705334766125e-07 2.367438956191901e-06 1142
5 9.377896633319964e-08 2.403492457850495e-06 1250
5.5 7.804031860074556e-08 2.205943205804669e-06 1458
6 8.086322063434373e-08 2.66520504189676e-06 1814
6.5 7.786091213578248e-08 2.904272922023393e-06 2178
7 6.988319541976618e-08 3.115619503387262e-06 2498
7.5 5.50357668479676e-08 3.149104239493921e-06 2622
8 5.784494994028675e-08 3.355526970831893e-06 3338
8.5 4.986720728275111e-08 3.057643782484518e-06 3722
9 4.304362598004201e-08 3.030072200572325e-06 4170
9.5 3.47591027916982e-08 2.668481706174146e-06 4358
10 2.848952484799087e-08 2.465172792089998e-06 5034
10.5 2.395765663097358e-08 2.219307379649459e-06 5714
11 1.841924458072273e-08 1.78918306651799e-06 5982
11.5 1.466475139562403e-08 1.537702693160181e-06 6602
12 1.15455073482348e-08 1.249537584173066e-06 7130
12.5 9.175542642638119e-09 1.062178136967039e-06 8034
13 7.137102073397842e-09 8.65795303606393e-07 8606
13.5 5.402469959274587e-09 7.136436027568109e-07 9066
14 4.198450172058351e-09 5.614126305044947e-07 9962
14.5 3.362586192618508e-09 4.62884998032397e-07 10550
15 2.608323042121912e-09 3.754796969038075e-07 11226
15.5 2.200450638210837e-09 3.224866608915497e-07 12146
16 1.738529965220433e-09 2.625341958999582e-07 12303
16.5 1.335308032168945e-09 2.097563479869582e-07 12584
17 8.879536450722046e-10 1.542491226092227e-07 12120
17.5 5.985663559319062e-10 1.035160503768752e-07 11180
18 4.19308563554252e-10 7.746403827275748e-08 11096
18.5 2.783958320893544e-10 5.565099045192369e-08 10056
19 1.919797573905774e-10 3.948137883541742e-08 9716
19.5 1.278602664103657e-10 2.710027153569496e-08 8604
20 9.210716521791162e-11 1.998037244335737e-08 8060
20.5 6.468379118728486e-11 1.444811704807468e-08 7320
21 4.22801490235378e-11 9.681361071900686e-09 6356
21.5 2.825931728395383e-11 6.958290021439395e-09 5348
22 1.84701533050673e-11 4.516918295284286e-09 4308
22.5 1.198915824299677e-11 2.911969164068282e-09 3563
23 5.824974762756817e-12 1.495500258740899e-09 2448
23.5 3.299987377477208e-12 8.848890815271605e-10 1868
24 1.814170219073625e-12 5.47273210437232e-10 1358
24.5 1.076218067699249e-12 3.400895708523349e-10 1062
25 6.558826863351962e-13 1.909499839600204e-10 776
25.5 3.268661858028831e-13 1.089610622979857e-10 432
26 1.425807390625513e-13 3.840827638213923e-11 200
26.5 1.084322298414897e-13 3.197056348740701e-11 168
27 4.475726977102763e-14 1.732263605333908e-11 56
27.5 3.326980076210275e-15 1.891708550364751e-12 7

0.5 1.189286261553502e-06 6.139648464316593e-08 18
1 1.791062186173893e-07 7.641276054930138e-08 62
1.5 5.08353096169139e-08 1.168279850206784e-07 98
2 8.644554806230857e-08 5.830037913453971e-07 210
2.5 1.358176969874441e-07 9.027610404224033e-07 350
3 8.889297728370954e-08 9.523426943745715e-07 450
3.5 1.039943353941737e-07 1.214216597945518e-06 602
4 8.330268574334936e-08 1.527767757130275e-06 762
4.5 1.071973776357589e-07 2.075142037962331e-06 1142
5 8.816374754923882e-08 2.281707578344694e-06 1250
5.5 7.385008161792624e-08 2.32144672333221e-06 1458
6 7.979454855865438e-08 2.612411542816986e-06 1814
6.5 7.50481275815279e-08 2.998026196864641e-06 2178
7 6.760719982786879e-08 3.19489610205351e-06 2498
7.5 5.767028190191696e-08 2.95096269860024e-06 2622
8 5.656876070374505e-08 3.325874364487512e-06 3338
8.5 4.889553992355196e-08 3.136650742360414e-06 3722
9 4.290515511375349e-08 2.960804855387608e-06 4170
9.5 3.430559370255455e-08 2.650980982861479e-06 4358
10 2.90089199886767e-08 2.429482368100172e-06 5034
10.5 2.38981817259846e-08 2.213515831333939e-06 5714
11 1.814718826444544e-08 1.796275335197e-06 5982
11.5 1.471399439187455e-08 1.556993416029346e-06 6602
12 1.161231436716437e-08 1.297784418831896e-06 7130
12.5 9.35446549276948e-09 1.085999410874765e-06 8034
13 7.1483849958095e-09 8.812337527435918e-07 8606
13.5 5.432012664926282e-09 7.192355891383344e-07 9066
14 4.30023791338745e-09 5.732250518779808e-07 9962
14.5 3.380909491052664e-09 4.796830260278034e-07 10550
15 2.715151582881506e-09 3.849842334526215e-07 11226
15.5 2.25190216572282e-09 3.286957781969315e-07 12146
16 1.796248406304259e-09 2.67846184064667e-07 12303
16.5 1.351402717861932e-09 2.165774689746556e-07 12584
17 9.329592376544301e-10 1.558476438102005e-07 12120
17.5 6.052930594898106e-10 1.082539766270612e-07 11180
18 4.360204777830793e-10 8.096698219855587e-08 11096
18.5 2.9047324290569e-10 5.741684040584816e-08 10056
19 2.028741766790226e-10 4.052872072699791e-08 9716
19.5 1.371039947135366e-10 2.806553879419419e-08 8604
20 9.697253937162278e-11 2.055717999730139e-08 8060
20.5 6.753474457094848e-11 1.536758714307698e-08 7320
21 4.402092696569969e-11 1.033898106206389e-08 6356
21.5 3.02434650995243e-11 7.181650541518569e-09 5348
22 1.897880031313368e-11 4.804532510518102e-09 4308
22.5 1.274157271595043e-11 3.113437285164899e-09 3563
23 5.984083525039734e-12 1.589292482228405e-09 2448
23.5 3.372240255685844e-12 9.533411461638712e-10 1868
24 1.953940535075191e-12 5.485253133303738e-10 1358
24.5 1.209786877970992e-12 3.416470622849118e-10 1062
25 6.847572936439725e-13 2.086959338381273e-10 776
25.5 3.456409490189606e-13 1.150256425330558e-10 432
26 1.38982295070717e-13 4.033560789622468e-11 200
26.5 1.18499896492158e-13 3.098370875141304e-11 168
27 5.713252346404759e-14 1.711186673524207e-11 56
27.5 6.433419748179583e-15 6.860142047599354e-13 7

0.5 2.253328877756962e-07 8.356050896000041e-07 18
1 3.429588771143744e-08 1.056456999930987e-07 62
1.5 3.104937709434301e-08 1.087224238486019e-07 98
2 7.835924359775981e-08 4.463821492504165e-07 210
2.5 1.354131183976851e-07 8.338456410300298e-07 350
3 8.987998843322195e-08 8.418609733823936e-07 450
3.5 9.379360647197159e-08 1.239784966142647e-06 602
4 8.713834625200748e-08 1.395717774900916e-06 762
4.5 9.547782586155348e-08 2.138951197298835e-06 1142
5 8.249417067097453e-08 2.188930345697927e-06 1250
5.5 7.401806617998215e-08 2.188110069853519e-06 1458
6 7.219613400715592e-08 2.739456691571279e-06 1814
6.5 7.258960520998905e-08 2.920230993257216e-06 2178
7 6.780584233298325e-08 3.064507677818426e-06 2498
7.5 5.755892473260859e-08 2.807907883317997e-06 2622
8 5.687476527658623e-08 3.151593394423143e-06 3338
8.5 4.78488910250562e-08 3.015502157864591e-06 3722
9 4.217249846469658e-08 2.865249791898307e-06 4170
9.5 3.350559689707403e-08 2.613826984903609e-06 4358
10 2.791532261414751e-08 2.396251405842821e-06 5034
10.5 2.419204570223964e-08 2.089673225024503e-06 5714
11 1.801869329300244e-08 1.72632713022977e-06 5982
11.5 1.467675923268709e-08 1.517455199637662e-06 6602
12 1.154810996929116e-08 1.278571310651907e-06 7130
12.5 9.201160105232795e-09 1.076748297695904e-06 8034
13 7.186562790166396e-09 8.775320704966078e-07 8606
13.5 5.483491724067173e-09 7.100139537718771e-07 9066
14 4.389915221870171e-09 5.679331272846593e-07 9962
14.5 3.409229184404232e-09 4.790448030984014e-07 10550
15 2.749621021401535e-09 3.905841135800367e-07 11226
15.5 2.304297363457023e-09 3.314737618866242e-07 12146
16 1.834740045115705e-09 2.716374487064681e-07 12303
16.5 1.405855076452191e-09 2.161663165912189e-07 12584
17 9.536114715017248e-10 1.596592450989934e-07 12120
17.5 6.418143720079186e-10 1.082564310613571e-07 11180
18 4.458470529327696e-10 8.260976789398216e-08 11096
18.5 2.992681780411121e-10 5.824708607848007e-08 10056
19 2.068527119363003e-10 4.22286069329367e-08 9716
19.5 1.405073189105629e-10 2.919593285700921e-08 8604
20 9.822232568653087e-11 2.209667392438865e-08 8060
20.5 7.122193141758409e-11 1.554814816450914e-08 7320
21 4.636830614021411e-11 1.040967264340147e-08 6356
21.5 3.140865186481616e-11 7.545408079024702e-09 5348
22 1.990929866858763e-11 5.063795683346341e-09 4308
22.5 1.311015263344411e-11 3.347140707483775e-09 3563
23 6.201261560730674e-12 1.700261615608052e-09 2448
23.5 3.683649997089441e-12 9.533083196069679e-10 1868
24 2.03291237989203e-12 5.811229202107589e-10 1358
24.5 1.25798298723522e-12 3.79303700623246e-10 1062
25 7.129442414173542e-13 2.257135365182876e-10 776
25.5 4.098218905696168e-13 1.110542484050228e-10 432
26 1.497298344396368e-13 4.103019487906916e-11 200
26.5 1.223065689512415e-13 3.449403452030844e-11 168
27 5.50398007741988e-14 1.705988249969251e-11 56
27.5 7.199251233380854e-15 1.098581054293912e-12 7

0.5 8.107994215185088e-07 5.794271921390917e-07 18
1 9.007071644041633e-08 8.388412815588033e-08 62
1.5 3.863640476911319e-08 1.045137139369849e-07 98
2 8.091116411700893e-08 3.471600532997543e-07 210
2.5 1.173490413162504e-07 8.084823647526955e-07 350
3 8.392099479555532e-08 8.441126085278752e-07 450
3.5 8.836209089634533e-08 1.132130829853145e-06 602
4 8.025736852884623e-08 1.343297669643845e-06 762
4.5 9.962740190905976e-08 1.958966579830248e-06 1142
5 7.607441276225348e-08 2.166227299463842e-06 1250
5.5 7.27809607328964e-08 2.144411520781602e-06 1458
6 7.559995733363988e-08 2.515377201723933e-06 1814
6.5 6.875437099267276e-08 2.916555254504211e-06 2178
7 6.518671863114089e-08 3.024424530015556e-06 2498
7.5 5.592204734228066e-08 2.799064067858037e-06 2622
8 5.52889405340196e-08 3.203518344832432e-06 3338
8.5 4.843092353597832e-08 2.920666337573232e-06 3722
9 4.111357883709045e-08 2.880697924202449e-06 4170
9.5 3.287526415418567e-08 2.564190486320473e-06 4358
10 2.842842179803137e-08 2.377006353450242e-06 5034
10.5 2.367620889927626e-08 2.123718014820352e-06 5714
11 1.809721470831937e-08 1.72922677243298e-06 5982
11.5 1.535574388464575e-08 1.464293159679448e-06 6602
12 1.146710508842474e-08 1.29002450015024e-06 7130
12.5 9.58976157083188e-09 1.078288077954943e-06 8034
13 7.140937172807366e-09 9.155087753864564e-07 8606
13.5 5.624821538057849e-09 7.222879189820714e-07 9066
14 4.513324665278393e-09 5.792632775695246e-07 9962
14.5 3.541799490054527e-09 4.908963685338057e-07 10550
15 2.831122283646206e-09 4.067315838843898e-07 11226
15.5 2.39467162363537e-09 3.425154436131282e-07 12146
16 1.913407368676709e-09 2.843232147850007e-07 12303
16.5 1.455071275427551e-09 2.261004246862215e-07 12584
17 9.859273878388292e-10 1.638962806702404e-07 12120
17.5 6.427069093886014e-10 1.167263332396387e-07 11180
18 4.642123016023184e-10 8.656931866548372e-08 11096
18.5 3.161405236499907e-10 6.03332573368911e-08 10056
19 2.116247680175636e-10 4.477747191699789e-08 9716
19.5 1.463499145109555e-10 3.121627407076144e-08 8604
20 1.04916580318285e-10 2.304461967697325e-08 8060
20.5 7.386042193579144e-11 1.666180704333033e-08 7320
21 4.887481212203579e-11 1.113043711987852e-08 6356
21.5 3.349090407070166e-11 7.847824859641109e-09 5348
22 2.133496184155405e-11 5.295939396603784e-09 4308
22.5 1.378063814045695e-11 3.580481388088049e-09 3563
23 6.562963402792028e-12 1.813308319685705e-09 2448
23.5 3.85439348060649e-12 1.014928094623406e-09 1868
24 2.241597431569921e-12 6.00434535871273e-10 1358
24.5 1.359344877451323e-12 3.971607098854845e-10 1062
25 7.916803919609735e-13 2.234799540801815e-10 776
25.5 4.116916598144907e-13 1.163564407658652e-10 432
26 1.539848353318258e-13 4.78261301649055e-11 200
26.5 1.305637727836684e-13 3.737456342349793e-11 168
27 5.379268358492724e-14 1.410136358341635e-11 56
27.5 9.113131940603948e-15 1.315351834847176e-12 7

0.5 1.030815602979446e-06 3.644651802431128e-07 18
1 7.363317809689101e-08 8.865960556990292e-08 62
1.5 3.353608873924218e-08 1.074862820566691e-07 98
2 5.97660884730078e-08 3.074613937853748e-07 210
2.5 1.026844864505e-07 7.173621585419832e-07 350
3 7.760919489946395e-08 7.746176443538536e-07 450
3.5 8.190862742387653e-08 1.057409940578726e-06 602
4 7.542160075889246e-08 1.313781831749793e-06 762
4.5 8.909429255395823e-08 2.023984574817757e-06 1142
5 7.6275564066356e-08 2.074712542470077e-06 1250
5.5 6.972902042825509e-08 2.110598588710812e-06 1458
6 7.05289534822577e-08 2.560723182692777e-06 1814
6.5 6.833074286409219e-08 2.83904601939301e-06 2178
7 6.538462989002466e-08 2.904191672221872e-06 2498
7.5 5.191681533317613e-08 2.847291831209373e-06 2622
8 5.31527937910685e-08 3.193821313071545e-06 3338
8.5 4.615360673220666e-08 2.923676432919499e-06 3722
9 3.901711502308369e-08 2.857007623077846e-06 4170
9.5 3.322691546013549e-08 2.445327803395826e-06 4358
10 2.84281159995698e-08 2.319422708716652e-06 5034
10.5 2.371303052663519e-08 2.067739291081235e-06 5714
11 1.761548237356281e-08 1.702346505945339e-06 5982
11.5 1.450678372674733e-08 1.511209161952838e-06 6602
12 1.124286802510007e-08 1.289779212280047e-06 7130
12.5 9.385988621920619e-09 1.062349914733837e-06 8034
13 7.277608468730565e-09 8.808113367556134e-07 8606
13.5 5.644817206883763e-09 7.089435217503909e-07 9066
14 4.358176904694046e-09 5.941120473642473e-07 9962
14.5 3.518432274550154e-09 4.880797363868063e-07 10550
15 2.874823361891358e-09 3.99097024723143e-07 11226
15.5 2.420695819933897e-09 3.445026893414647e-07 12146
16 1.974762818004307e-09 2.79540250376266e-07 12303
16.5 1.471594574890762e-09 2.269328694373292e-07 12584
17 1.019247698222864e-09 1.651536140288232e-07 12120
17.5 6.623854182624606e-10 1.17747328447343e-07 11180
18 4.756650628130591e-10 8.867510432273948e-08 11096
18.5 3.24968734383467e-10 6.227363099497364e-08 10056
19 2.178411610692533e-10 4.598660990609209e-08 9716
19.5 1.545271535541721e-10 3.140145319450206e-08 8604
20 1.085161834198388e-10 2.381445884837261e-08 8060
20.5 7.702755371710074e-11 1.682666592329766e-08 7320
21 5.00032907528023e-11 1.163226813936914e-08 6356
21.5 3.481935168648506e-11 8.036819746047611e-09 5348
22 2.233686865067239e-11 5.453280749373448e-09 4308
22.5 1.454955727149516e-11 3.693327285173699e-09 3563
23 6.744581487882827e-12 1.905246455060348e-09 2448
23.5 3.909236321350773e-12 1.075310150033181e-09 1868
24 2.35202955112395e-12 6.297135463480597e-10 1358
24.5 1.385057493767807e-12 4.186110980234605e-10 1062
25 7.964422043647667e-13 2.419721608513113e-10 776
25.5 4.336504939267515e-13 1.209149260639253e-10 432
26 1.650580522651764e-13 4.879875344452073e-11 200
26.5 1.31878970138881e-13 4.32490906330151e-11 168
27 5.455467771861874e-14 1.469020389343049e-11 56
27.5 1.162919919802304e-14 9.611274252135444e-13 7

0.5 3.327342300294495e-08 8.361760952036459e-07 18
1 1.688007473532506e-08 7.469891877293583e-08 62
1.5 2.629852789491331e-08 7.677414135055031e-08 98
2 5.230767799576013e-08 3.037532840695704e-07 210
2.5 8.838788714821998e-08 5.931658561251042e-07 350
3 7.132722364032464e-08 7.417820193795739e-07 450
3.5 7.560050615905712e-08 1.064104720366625e-06 602
4 7.510065612354653e-08 1.171115148504405e-06 762
4.5 9.288541476255354e-08 1.792704810838343e-06 1142
5 7.933377198740162e-08 1.895615348233569e-06 1250
5.5 7.109433031503025e-08 1.943983201107825e-06 1458
6 7.153557930996651e-08 2.371817350839196e-06 1814
6.5 6.681437760788009e-08 2.693471933136972e-06 2178
7 6.381739594183731e-08 2.888740672298808e-06 2498
7.5 5.186013946087856e-08 2.598219413155577e-06 2622
8 5.200709906953209e-08 3.054772334538452e-06 3338
8.5 4.559742135961584e-08 2.835880591969541e-06 3722
9 3.960446921617939e-08 2.716898548046076e-06 4170
9.5 3.146470408324545e-08 2.507227107109355e-06 4358
10 2.788030182294383e-08 2.300631796088721e-06 5034
10.5 2.286321597502107e-08 2.045978896713721e-06 5714
11 1.744608975117696e-08 1.695648425900447e-06 5982
11.5 1.418379295584157e-08 1.477883748588605e-06 6602
12 1.138045524829809e-08 1.250792023438455e-06 7130
12.5 9.150012576571002e-09 1.077250953582866e-06 8034
13 7.20928280893384e-09 8.785867369997561e-07 8606
13.5 5.61404371517744e-09 7.021648479105368e-07 9066
14 4.357399421112741e-09 5.862747848416355e-07 9962
14.5 3.498413287104394e-09 4.942525522109435e-07 10550
15 2.860658174137624e-09 4.067142391096745e-07 11226
15.5 2.395257229393455e-09 3.514295016315039e-07 12146
16 1.946227449767986e-09 2.92135749069519e-07 12303
16.5 1.488940860039691e-09 2.315009461015359e-07 12584
17 1.028776342212533e-09 1.692100779569864e-07 12120
17.5 6.74510142183765e-10 1.18475510429961e-07 11180
18 4.863516109235024e-10 9.099899987509801e-08 11096
18.5 3.254910299952516e-10 6.438167667046545e-08 10056
19 2.277923163625888e-10 4.670807280151929e-08 9716
19.5 1.560845508873936e-10 3.259642417305126e-08 8604
20 1.12318710165385e-10 2.425620901850438e-08 8060
20.5 8.000574646708324e-11 1.750887283374319e-08 7320
21 5.204485293216348e-11 1.191631624952833e-08 6356
21.5 3.609937746001589e-11 8.339272662350493e-09 5348
22 2.328252427357732e-11 5.717381831828566e-09 4308
22.5 1.491658547645631e-11 3.830473714391054e-09 3563
23 7.440993759740057e-12 1.94497752964547e-09 2448
23.5 3.921848501600416e-12 1.215876660859098e-09 1868
24 2.300422658740961e-12 7.131251538035038e-10 1358
24.5 1.573637784680468e-12 4.058275361063008e-10 1062
25 8.544407466226093e-13 2.581792702494941e-10 776
25.5 4.498943212498632e-13 1.325066984152634e-10 432
26 2.001371851774637e-13 5.297635667224497e-11 200
26.5 1.425331684044033e-13 5.247104758100407e-11 168
27 5.399465400386045e-14 1.750081329589711e-11 56
27.5 8.162703133968872e-15 2.402042937843368e-12 7

0.5 1.064491456026679e-06 1.121205395305559e-07 18
1 7.633495526710693e-08 4.921397610371437e-08 62
1.5 2.704880349891133e-08 7.806510926769689e-08 98
2 5.518397070125475e-08 2.317418099135274e-07 210
2.5 7.789071183285233e-08 5.320650021975344e-07 350
3 6.658302433806448e-08 7.346468551331674e-07 450
3.5 7.806288081009735e-08 9.07305832019939e-07 602
4 6.748913557020527e-08 1.185426849358577e-06 762
4.5 8.513584698414975e-08 1.76819465461244e-06 1142
5 7.158959901828108e-08 1.938451142574858e-06 1250
5.5 6.34500532650091e-08 2.00188764859078e-06 1458
6 6.790732724775623e-08 2.404671226553396e-06 1814
6.5 6.617056639565369e-08 2.640095559075248e-06 2178
7 6.299434462460541e-08 2.850248726825683e-06 2498
7.5 4.977680917840695e-08 2.629880369008825e-06 2622
8 5.095430014123736e-08 3.010878259213834e-06 3338
8.5 4.492509153232221e-08 2.899534650052213e-06 3722
9 3.800033932111973e-08 2.775422197063292e-06 4170
9.5 3.140328723567913e-08 2.508787684569054e-06 4358
10 2.716926039823559e-08 2.320635102887978e-06 5034
10.5 2.230004480558794e-08 2.083146389939579e-06 5714
11 1.713151544820496e-08 1.73075395451196e-06 5982
11.5 1.425438385470937e-08 1.478086045829092e-06 6602
12 1.153285262151403e-08 1.243098608203812e-06 7130
12.5 9.313213531714564e-09 1.09166494604062e-06 8034
13 7.179468587465753e-09 8.978671522323052e-07 8606
13.5 5.715654606469883e-09 7.091788734868896e-07 9066
14 4.501727589273862e-09 5.925933628316931e-07 9962
14.5 3.553111818152165e-09 5.00403424270149e-07 10550
15 2.918179521603412e-09 4.149161820052498e-07 11226
15.5 2.442074923452332e-09 3.586664252274994e-07 12146
16 2.036493346093187e-09 2.969096142165378e-07 12303
16.5 1.549584482618117e-09 2.385223884692754e-07 12584
17 1.054485383247516e-09 1.745163727413972e-07 12120
17.5 6.882290034784507e-10 1.243831999154802e-07 11180
18 5.084364879111885e-10 9.306591011531334e-08 11096
18.5 3.421587263526932e-10 6.607188508630747e-08 10056
19 2.325776281133856e-10 4.857531239975352e-08 9716
19.5 1.592119288036773e-10 3.478939722230497e-08 8604
20 1.166437806470917e-10 2.5438798837202e-08 8060
20.5 8.085647346463477e-11 1.870110849898135e-08 7320
21 5.346368748638193e-11 1.269260059614481e-08 6356
21.5 3.804729815806413e-11 8.718831625641017e-09 5348
22 2.374458579333102e-11 6.11785580309691e-09 4308
22.5 1.597909410158777e-11 3.885094309012102e-09 3563
23 7.590807369883146e-12 2.022754366894302e-09 2448
23.5 4.420986189382442e-12 1.217017547931191e-09 1868
24 2.590383355111889e-12 6.80168800501464e-10 1358
24.5 1.532582397751065e-12 4.577071395729671e-10 1062
25 9.465463660692534e-13 2.768233732401824e-10 776
25.5 5.007941697367572e-13 1.318532566728356e-10 432
26 1.914417494541391e-13 7.007783288912449e-11 200
26.5 1.423082548001362e-13 5.621748789843841e-11 168
27 4.799780253223291e-14 1.951799795673856e-11 56
27.5 5.349496653362107e-15 4.006398562114493e-12 7

0.5 4.154851034315014e-07 4.796384449794637e-07 18
1 3.798940087868825e-08 6.618997263799456e-08 62
1.5 2.52342708261108e-08 7.102284331711407e-08 98
2 4.822387094716883e-08 2.252376013520172e-07 210
2.5 7.071495308293416e-08 4.462232603614647e-07 350
3 6.459863914021066e-08 6.74093525740393e-07 450
3.5 7.259625756767767e-08 9.222439074559326e-07 602
4 6.849212960597677e-08 1.099043540788961e-06 762
4.5 8.543031861053057e-08 1.613304359526409e-06 1142
5 7.246868663564454e-08 1.819701986295314e-06 1250
5.5 6.341848162954647e-08 1.905486260926772e-06 1458
6 6.703702129346882e-08 2.271094316108387e-06 1814
6.5 6.596284297622566e-08 2.507258085611819e-06 2178
7 6.28341274490747e-08 2.710327860063538e-06 2498
7.5 4.805572150980649e-08 2.565988563135096e-06 2622
8 5.018652074030986e-08 2.899609957145011e-06 3338
8.5 4.283986828782896e-08 2.822361199140528e-06 3722
9 3.832379428852999e-08 2.622518188538096e-06 4170
9.5 3.092557335658365e-08 2.406205534041441e-06 4358
10 2.711438138328194e-08 2.223147025366139e-06 5034
10.5 2.222065326691211e-08 2.003242958579214e-06 5714
11 1.72991240863367e-08 1.649918220890219e-06 5982
11.5 1.418977357741963e-08 1.429226439730354e-06 6602
12 1.084514776152415e-08 1.269840447602699e-06 7130
12.5 9.230727771273216e-09 1.046876823021107e-06 8034
13 7.227097614956098e-09 8.725461800116419e-07 8606
13.5 5.670060990470969e-09 6.923845693832867e-07 9066
14 4.460286207943012e-09 5.876270184455855e-07 9962
14.5 3.589814144182468e-09 4.849503245415093e-07 10550
15 2.895453754548092e-09 4.184159062410009e-07 11226
15.5 2.445799843435266e-09 3.597286264655222e-07 12146
16 2.044905409820698e-09 3.008550999071e-07 12303
16.5 1.537868123738872e-09 2.427984379869655e-07 12584
17 1.057986069180322e-09 1.770373305820672e-07 12120
17.5 7.105769858790461e-10 1.245972735312134e-07 11180
18 5.067232269205035e-10 9.594892408997548e-08 11096
18.5 3.407499694126937e-10 6.809455036191457e-08 10056
19 2.425755993146114e-10 4.863979521485716e-08 9716
19.5 1.674072443613708e-10 3.473801191792476e-08 8604
20 1.160975245627573e-10 2.614678564274296e-08 8060
20.5 8.512042438758881e-11 1.858717046097562e-08 7320
21 5.753736253338944e-11 1.243033783106183e-08 6356
21.5 3.885664096879598e-11 9.070232418800772e-09 5348
22 2.55385668136409e-11 5.919288043104058e-09 4308
22.5 1.64028509883556e-11 4.011841813156313e-09 3563
23 7.888381541420601e-12 2.057713938025751e-09 2448
23.5 4.688574051439831e-12 1.253799337542183e-09 1868
24 2.54681141510742e-12 7.328195093809296e-10 1358
24.5 1.668288370993227e-12 4.541839639151574e-10 1062
25 9.874451216482993e-13 2.938835411090511e-10 776
25.5 4.826024098559428e-13 1.472893297858671e-10 432
26 1.972888015043894e-13 7.258587245430008e-11 200
26.5 1.361719755639077e-13 5.860367914240787e-11 168
27 4.315694646951713e-14 2.172462379915197e-11 56
27.5 5.013130377183469e-15 3.460262785028247e-12 7

0.5 1.45717830558365e-07 5.378849898189541e-07 18
1 2.532560630302799e-08 5.258476755598618e-08 62
1.5 1.571727426107562e-08 7.214804133755411e-08 98
2 4.441212047657932e-08 1.786651373988389e-07 210
2.5 6.13805754997572e-08 4.690162075632669e-07 350
3 6.46364224020527e-08 6.440078655064009e-07 450
3.5 7.452920917722863e-08 8.586981940316021e-07 602
4 6.447295733045836e-08 1.075234321958044e-06 762
4.5 7.590474240264251e-08 1.716135918554343e-06 1142
5 7.178998938403977e-08 1.721472223410101e-06 1250
5.5 6.169113788491479e-08 1.843894150549866e-06 1458
6 6.459517270709975e-08 2.251793343306453e-06 1814
6.5 6.45869230339915e-08 2.386537418333969e-06 2178
7 6.067353953322291e-08 2.61856097823094e-06 2498
7.5 4.79694468547569e-08 2.430794402367225e-06 2622
8 4.848445419523446e-08 2.839756805083634e-06 3338
8.5 4.235557004195175e-08 2.753570784175906e-06 3722
9 3.688985280214947e-08 2.616110664091621e-06 4170
9.5 3.039332783896043e-08 2.307697260639047e-06 4358
10 2.659083935384129e-08 2.172257945402819e-06 5034
10.5 2.211571915635737e-08 1.996411894428587e-06 5714
11 1.677302174465768e-08 1.63771323594263e-06 5982
11.5 1.374053642329752e-08 1.440495018328973e-06 6602
12 1.125858864466991e-08 1.202671022287359e-06 7130
12.5 9.060726376192392e-09 1.046827395274266e-06 8034
13 7.200086679648138e-09 8.769608146070579e-07 8606
13.5 5.475603090449162e-09 7.229359941623403e-07 9066
14 4.474178392867968e-09 5.958255281629347e-07 9962
14.5 3.573946633432935e-09 4.929781450606762e-07 10550
15 2.940068900604701e-09 4.15194668405223e-07 11226
15.5 2.46044164579152e-09 3.621979326378894e-07 12146
16 1.985871897603078e-09 3.061377168158814e-07 12303
16.5 1.580135845664284e-09 2.435676470613258e-07 12584
17 1.087571681683236e-09 1.755259110463565e-07 12120
17.5 7.1059776514865e-10 1.282023560987481e-07 11180
18 5.182371830267244e-10 9.705787671343335e-08 11096
18.5 3.536994649293645e-10 6.774956691568409e-08 10056
19 2.462713342576693e-10 4.978207553667138e-08 9716
19.5 1.736844577029802e-10 3.493258102868607e-08 8604
20 1.216902600923672e-10 2.652247299423754e-08 8060
20.5 8.836486104544941e-11 1.916351053807737e-08 7320
21 5.679536556209105e-11 1.330663912865314e-08 6356
21.5 4.06549956571125e-11 9.349391133974303e-09 5348
22 2.634105639893908e-11 6.221936472002081e-09 4308
22.5 1.62021324608546e-11 4.291061146632586e-09 3563
23 8.094473042803459e-12 2.111596945703504e-09 2448
23.5 4.708320577794898e-12 1.344209013003839e-09 1868
24 2.567225515457111e-12 7.700119183005001e-10 1358
24.5 1.666257506260051e-12 4.736284465603466e-10 1062
25 9.167083676930977e-13 3.352902155863582e-10 776
25.5 5.199151326716063e-13 1.407332416004985e-10 432
26 2.127713161930262e-13 7.254491650412921e-11 200
26.5 1.403271780863295e-13 5.925454430523669e-11 168
27 5.914385611396439e-14 2.184463703569494e-11 56
27.5 8.80586063268987e-15 2.926434213254952e-12 7

0.5 9.362245536891179e-07 2.01537308610099e-08 18
1 6.467181073796406e-08 3.455756216376585e-08 62
1.5 2.123081047360494e-08 7.410908150628206e-08 98
2 3.792640197043258e-08 1.78167302770164e-07 210
2.5 5.000115200960186e-08 4.175923247001804e-07 350
3 6.125496050124726e-08 5.780072804966345e-07 450
3.5 6.61701644459402e-08 8.477902200116426e-07 602
4 6.052566312795463e-08 1.059499704977136e-06 762
4.5 7.598044454143331e-08 1.597176061241618e-06 1142
5 6.692758995534834e-08 1.695757737269167e-06 1250
5.5 6.119452286421386e-08 1.742679583796179e-06 1458
6 6.119734119221496e-08 2.172587191612048e-06 1814
6.5 6.176599537147054e-08 2.393179295144139e-06 2178
7 5.678730245950093e-08 2.651868168507034e-06 2498
7.5 4.677533873682128e-08 2.372526352131077e-06 2622
8 4.789791145901869e-08 2.729607931174499e-06 3338
8.5 4.138174311414257e-08 2.690280769102656e-06 3722
9 3.66776275696373e-08 2.580242591580019e-06 4170
9.5 2.959461457034357e-08 2.347976045192372e-06 4358
10 2.61298016109156e-08 2.142054552843857e-06 5034
10.5 2.147177872835338e-08 2.02091840459337e-06 5714
11 1.651794881653451e-08 1.64306160781207e-06 5982
11.5 1.350001418929417e-08 1.443779435487465e-06 6602
12 1.080254230554708e-08 1.24780234869114e-06 7130
12.5 9.192436145919179e-09 1.013896526228856e-06 8034
13 7.232410187789012e-09 8.656994852621467e-07 8606
13.5 5.556076541614212e-09 7.150105994968629e-07 9066
14 4.48400520093736e-09 6.053318431913904e-07 9962
14.5 3.620203224817177e-09 4.954410423950188e-07 10550
15 2.970139299202006e-09 4.146905749108867e-07 11226
15.5 2.482598609125233e-09 3.641223948506903e-07 12146
16 2.066015043313445e-09 3.006455311550767e-07 12303
16.5 1.598556393016696e-09 2.490537196186356e-07 12584
17 1.082055362280712e-09 1.813775211210294e-07 12120
17.5 7.308919085386215e-10 1.305333144617497e-07 11180
18 5.272258152863531e-10 9.835744980145287e-08 11096
18.5 3.591854902404522e-10 6.911500164551625e-08 10056
19 2.492527408260593e-10 5.197078318549114e-08 9716
19.5 1.737932148717249e-10 3.637499485939863e-08 8604
20 1.251927048115715e-10 2.697463702973108e-08 8060
20.5 8.811353344498536e-11 1.994902215815208e-08 7320
21 5.871417985290389e-11 1.364983861117178e-08 6356
21.5 4.244550813091279e-11 9.53028336432337e-09 5348
22 2.638443999979899e-11 6.499200742475035e-09 4308
22.5 1.773513011940301e-11 4.281516207907249e-09 3563
23 8.115149494381586e-12 2.270909372753265e-09 2448
23.5 4.927805400998472e-12 1.344772483217793e-09 1868
24 2.66501078371743e-12 7.830420712589871e-10 1358
24.5 1.666586455868561e-12 5.093960951141171e-10 1062
25 1.049795851451325e-12 3.222507647951092e-10 776
25.5 5.237166853605431e-13 1.582805514533081e-10 432
26 2.293963417056731e-13 7.593818570310429e-11 200
26.5 1.554327571450906e-13 5.742285195320456e-11 168
27 6.556275188670718e-14 1.623351097825254e-11 56
27.5 1.398640014824272e-14 1.803010045970778e-12 7

0.5 1.511525088045302e-07 5.104594424396955e-07 18
1 2.079173778024829e-08 6.625259423399677e-08 62
1.5 1.827585878577603e-08 6.171223595100573e-08 98
2 2.96452488096557e-08 1.550064862277775e-07 210
2.5 5.361098095818385e-08 3.636592435367268e-07 350
3 6.342232608977754e-08 5.584156196306612e-07 450
3.5 5.887197171154262e-08 8.63880698865337e-07 602
4 6.350968429866514e-08 9.52570811568021e-07 762
4.5 7.561758725875256e-08 1.544335419141757e-06 1142
5 6.441501991000226e-08 1.626805634665885e-06 1250
5.5 5.968150649383662e-08 1.757467471350025e-06 1458
6 6.219515717353362e-08 2.094239099405209e-06 1814
6.5 5.829836534242688e-08 2.443718193069636e-06 2178
7 5.65167655697046e-08 2.498293637215955e-06 2498
7.5 4.584354608595816e-08 2.286922806744284e-06 2622
8 4.708045778795127e-08 2.667021696037466e-06 3338
8.5 3.978993803413876e-08 2.66066047990108e-06 3722
9 3.569231026706533e-08 2.508174770948362e-06 4170
9.5 2.913750029116022e-08 2.2495646711799e-06 4358
10 2.591190452856498e-08 2.073975035773232e-06 5034
10.5 2.118301670361968e-08 1.975984595733432e-06 5714
11 1.638746781977247e-08 1.609920915288838e-06 5982
11.5 1.359755335904082e-08 1.388660633222836e-06 6602
12 1.092785670771291e-08 1.19854434236608e-06 7130
12.5 8.841867748003575e-09 1.03313176093003e-06 8034
13 7.098983639162291e-09 8.668625091080637e-07 8606
13.5 5.5243582861853e-09 6.938377844877379e-07 9066
14 4.547452186691684e-09 5.910748451320913e-07 9962
14.5 3.578968489023767e-09 4.991489214105694e-07 10550
15 2.930211535869271e-09 4.195907995283877e-07 11226
15.5 2.494851671969915e-09 3.619827319388261e-07 12146
16 2.013262415665115e-09 3.063738319411212e-07 12303
16.5 1.60770285788923e-09 2.539126187404488e-07 12584
17 1.085954719863184e-09 1.838188021099341e-07 12120
17.5 7.40192946167864e-10 1.314535691741072e-07 11180
18 5.277330268504719e-10 9.988537193124635e-08 11096
18.5 3.569315867346746e-10 6.991230139954432e-08 10056
19 2.602448132745974e-10 5.16105908807585e-08 9716
19.5 1.731095785059107e-10 3.705244680796761e-08 8604
20 1.266827136933782e-10 2.727790852495431e-08 8060
20.5 9.011196665463534e-11 2.053819800247009e-08 7320
21 5.896992099454585e-11 1.409805164420105e-08 6356
21.5 4.238109898160505e-11 1.026608515266348e-08 5348
22 2.698128934218585e-11 6.685389586849257e-09 4308
22.5 1.698677851554671e-11 4.530627479397957e-09 3563
23 9.064802355575437e-12 2.234546779625338e-09 2448
23.5 5.067039106542956e-12 1.419638958118524e-09 1868
24 2.922976081645522e-12 7.76901066198028e-10 1358
24.5 1.78183710244673e-12 5.229640893238945e-10 1062
25 1.096670941684219e-12 3.212986591668619e-10 776
25.5 5.231072842149847e-13 1.646777935803475e-10 432
26 2.230360882283757e-13 7.97048354377451e-11 200
26.5 1.72575854202944e-13 4.921813153924947e-11 168
27 7.916508446681139e-14 1.05125005277727e-11 56
27.5 1.733683813176675e-14 1.182472141937012e-12 7

0.5 2.65692876929671e-07 3.568462578614015e-07 18
1 3.739803130403637e-08 4.712573924499168e-08 62
1.5 1.659492251691827e-08 7.162466571249158e-08 98
2 3.249840095445818e-08 1.484241126516362e-07 210
2.5 4.797865011429789e-08 3.686677766429846e-07 350
3 5.523578371507402e-08 5.431786102004986e-07 450
3.5 5.612895018049275e-08 7.867166090121036e-07 602
4 5.762935417910884e-08 9.563861847687685e-07 762
4.5 7.04094812786121e-08 1.522448342400267e-06 1142
5 6.056467354074135e-08 1.55416166911339e-06 1250
5.5 5.753967000968741e-08 1.672119270047417e-06 1458
6 5.966025276968825e-08 2.04165337024191e-06 1814
6.5 5.604299921265128e-08 2.423946218828199e-06 2178
7 5.55809124183205e-08 2.360217310339581e-06 2498
7.5 4.368776820045976e-08 2.274841322443754e-06 2622
8 4.529534114073026e-08 2.635550960623386e-06 3338
8.5 3.991917332254091e-08 2.566043071038802e-06 3722
9 3.506991514840073e-08 2.457351418739605e-06 4170
9.5 2.804597280645606e-08 2.244702393237422e-06 4358
10 2.495149891693597e-08 2.093124459120003e-06 5034
10.5 2.156819783115762e-08 1.884165261030587e-06 5714
11 1.61234613130444e-08 1.613789844355913e-06 5982
11.5 1.340425521566384e-08 1.419634361896898e-06 6602
12 1.061120922511459e-08 1.229170616582991e-06 7130
12.5 8.9242379405248e-09 1.023384790965527e-06 8034
13 7.109143936846234e-09 8.676719280608759e-07 8606
13.5 5.592648919520457e-09 7.017245798147095e-07 9066
14 4.531129258939745e-09 6.014311236880875e-07 9962
14.5 3.620634024872174e-09 5.061708803602378e-07 10550
15 2.989306649241376e-09 4.253663608542877e-07 11226
15.5 2.524827646848326e-09 3.720778306272648e-07 12146
16 2.096895705150143e-09 3.025008173672628e-07 12303
16.5 1.647347116714399e-09 2.52474695073821e-07 12584
17 1.110812299700945e-09 1.880010270087114e-07 12120
17.5 7.567992068864217e-10 1.350351224521703e-07 11180
18 5.450530322304254e-10 1.023350905661149e-07 11096
18.5 3.647252846980893e-10 7.225129058484064e-08 10056
19 2.613753773617547e-10 5.43328384370844e-08 9716
19.5 1.771268557967851e-10 3.819298856123192e-08 8604
20 1.261037521791888e-10 2.83379933340858e-08 8060
20.5 9.341488550615005e-11 2.107225884667293e-08 7320
21 6.188027883836416e-11 1.441438743298412e-08 6356
21.5 4.476893780946543e-11 1.019623453174843e-08 5348
22 2.79975904982525e-11 6.823171578302279e-09 4308
22.5 1.865176412777359e-11 4.489026697377714e-09 3563
23 8.919629166715746e-12 2.50807491342355e-09 2448
23.5 5.325300370971578e-12 1.512861777295124e-09 1868
24 3.032719455726803e-12 8.499125216657798e-10 1358
24.5 1.836427537524342e-12 5.303108058454992e-10 1062
25 1.114527471581497e-12 3.41129451938079e-10 776
25.5 5.537202967179357e-13 1.705571225164247e-10 432
26 2.228904910706369e-13 7.747033793016152e-11 200
26.5 1.930817367310858e-13 5.122667644402947e-11 168
27 7.483932309654233e-14 1.275446774004025e-11 56
27.5 1.07367968685963e-14 2.511201411616e-12 7

0.5 7.570885695955966e-07 2.966312236212654e-08 18
1 4.922814186942938e-08 3.182894848001356e-08 62
1.5 1.476965516334514e-08 5.384322439910019e-08 98
2 2.876065181950652e-08 1.502503790786432e-07 210
2.5 4.273075137826057e-08 3.062738105453352e-07 350
3 5.29656310039123e-08 4.998228307618058e-07 450
3.5 5.142580546512539e-08 7.787407904163271e-07 602
4 5.665930030612679e-08 8.77436440711163e-07 762
4.5 6.803007980380899e-08 1.4006942786855e-06 1142
5 6.026524962889639e-08 1.501486517409968e-06 1250
5.5 5.682503960406736e-08 1.662297904761588e-06 1458
6 5.859961223652429e-08 1.972808726092584e-06 1814
6.5 5.478339832813673e-08 2.286439664726047e-06 2178
7 5.132688545637456e-08 2.467656299981721e-06 2498
7.5 4.299755118305041e-08 2.185702672324305e-06 2622
8 4.575591910430492e-08 2.523486094691187e-06 3338
8.5 3.90799526049417e-08 2.532686047501539e-06 3722
9 3.444298700366905e-08 2.436644305595524e-06 4170
9.5 2.867720438593186e-08 2.136507019078816e-06 4358
10 2.475575724888785e-08 2.031435422301584e-06 5034
10.5 2.090181979670792e-08 1.84942513683347e-06 5714
11 1.635716330920777e-08 1.566129696356126e-06 5982
11.5 1.327301028949521e-08 1.391170262946972e-06 6602
12 1.074841345000328e-08 1.199445557749894e-06 7130
12.5 8.890217122554081e-09 1.001564237627467e-06 8034
13 7.079355179238029e-09 8.486248693054705e-07 8606
13.5 5.496522092411844e-09 6.990895065808645e-07 9066
14 4.476238978118607e-09 6.009542632304562e-07 9962
14.5 3.682058185606108e-09 4.962700727742489e-07 10550
15 2.943289764859095e-09 4.275944488696353e-07 11226
15.5 2.519633916039518e-09 3.719020641460096e-07 12146
16 2.00026850663413e-09 3.104194179426337e-07 12303
16.5 1.662956125552385e-09 2.487953750004749e-07 12584
17 1.112925047870234e-09 1.891916279921052e-07 12120
17.5 7.555988765755822e-10 1.366646301691092e-07 11180
18 5.586738695894624e-10 1.00810261632691e-07 11096
18.5 3.656124380121259e-10 7.289991593429696e-08 10056
19 2.66582854999014e-10 5.445931714433007e-08 9716
19.5 1.798190136135957e-10 3.862471088911019e-08 8604
20 1.298124605611432e-10 2.830077172891693e-08 8060
20.5 9.476272553811176e-11 2.138424540537804e-08 7320
21 6.396608669886952e-11 1.461473179604983e-08 6356
21.5 4.438200135649748e-11 1.059173903822033e-08 5348
22 2.897538523956011e-11 6.97334015877284e-09 4308
22.5 1.859497554174271e-11 4.662807744653954e-09 3563
23 9.353556458662735e-12 2.516956252923609e-09 2448
23.5 5.738346273473231e-12 1.475553651611957e-09 1868
24 3.077541194620524e-12 8.74295591138566e-10 1358
24.5 1.845529523913974e-12 5.661453177943e-10 1062
25 1.052253773116819e-12 3.774212902751863e-10 776
25.5 6.058080306161532e-13 1.788861998329112e-10 432
26 2.299977911721571e-13 8.585882083338424e-11 200
26.5 2.014767657024082e-13 5.856045325983755e-11 168
27 7.013308069679609e-14 1.650274259413674e-11 56
27.5 3.829454971601575e-15 4.139010155426591e-12 7

0.5 5.040103691239073e-08 4.211223616513857e-07 18
1 1.567746738429144e-08 3.935955462634768e-08 62
1.5 1.253313103891046e-08 4.771152361440921e-08 98
2 2.422143828319194e-08 1.583022651549455e-07 210
2.5 4.124183598688888e-08 3.221459621404892e-07 350
3 4.895499086046773e-08 4.870228696969882e-07 450
3.5 5.534971450764786e-08 6.713337278971432e-07 602
4 5.252219882507931e-08 8.256379505891011e-07 762
4.5 6.842903277514981e-08 1.333147062634114e-06 1142
5 5.545107100418136e-08 1.507732440576114e-06 1250
5.5 5.535110066573459e-08 1.56560610650466e-06 1458
6 5.441417863837417e-08 1.999524181296783e-06 1814
6.5 5.364240697021931e-08 2.219813491030526e-06 2178
7 5.217268333362248e-08 2.279094803286722e-06 2498
7.5 4.14456725345709e-08 2.118872899317541e-06 2622
8 4.423538630732318e-08 2.467439220078167e-06 3338
8.5 3.890232173986018e-08 2.431017667979833e-06 3722
9 3.396599745461113e-08 2.363657249854087e-06 4170
9.5 2.743265329557237e-08 2.093062901320222e-06 4358
10 2.408356089371427e-08 1.958197903828754e-06 5034
10.5 1.981931436520142e-08 1.887534563242066e-06 5714
11 1.600176299705666e-08 1.515324785552285e-06 5982
11.5 1.324833101975531e-08 1.343886717159759e-06 6602
12 1.091968091258071e-08 1.138587806787106e-06 7130
12.5 8.670954700196784e-09 9.883807934097319e-07 8034
13 6.919023912473468e-09 8.559418372427316e-07 8606
13.5 5.39808429276753e-09 6.988086292286049e-07 9066
14 4.424569841635963e-09 5.961844749010072e-07 9962
14.5 3.608125377901074e-09 4.966773105381276e-07 10550
15 2.97027480352466e-09 4.208256675978958e-07 11226
15.5 2.536716178301501e-09 3.638747542887579e-07 12146
16 2.050146084809717e-09 2.99976508376616e-07 12303
16.5 1.620536800496318e-09 2.558298892513084e-07 12584
17 1.119829490549422e-09 1.870417629453207e-07 12120
17.5 7.696167070870087e-10 1.368188652641149e-07 11180
18 5.589444974728327e-10 1.017188208604849e-07 11096
18.5 3.726778592362847e-10 7.182659290846372e-08 10056
19 2.677425271782394e-10 5.528196724328048e-08 9716
19.5 1.847293274436098e-10 3.873320446500635e-08 8604
20 1.309789535582627e-10 2.906051056553262e-08 8060
20.5 9.626722283452939e-11 2.18251952290656e-08 7320
21 6.444884237574612e-11 1.486410524870471e-08 6356
21.5 4.482712857167477e-11 1.095177970024362e-08 5348
22 3.038621931701574e-11 7.0151292826126e-09 4308
22.5 1.83620904325839e-11 4.874309507971978e-09 3563
23 9.51982767209874e-12 2.576712463529941e-09 2448
23.5 5.775043445173231e-12 1.591874854706025e-09 1868
24 3.109530768409851e-12 9.127035846773979e-10 1358
24.5 1.872162282868678e-12 5.871609361097302e-10 1062
25 1.243911219747927e-12 3.420539619770452e-10 776
25.5 6.273767046546165e-13 1.819945759372576e-10 432
26 2.067634565472945e-13 9.531465465791175e-11 200
26.5 2.079071593721019e-13 6.009891079270292e-11 168
27 5.719017340800518e-14 2.176742059718264e-11 56
27.5 2.343610662309919e-15 3.9071251322675e-12 7

0.5 3.168828225406734e-07 2.564812909154661e-07 18
1 2.882005735910521e-08 3.80788523798279e-08 62
1.5 1.52146877454377e-08 4.648530383052807e-08 98
2 3.130125151686886e-08 1.317340682593098e-07 210
2.5 4.282671720186175e-08 3.046321038156927e-07 350
3 4.182500553979096e-08 4.979854142454347e-07 450
3.5 4.656903031769983e-08 7.06925342183891e-07 602
4 4.76497288941525e-08 8.34147742781028e-07 762
4.5 6.46999961741432e-08 1.309022409441101e-06 1142
5 5.660687144051544e-08 1.401152808514155e-06 1250
5.5 5.383851291165883e-08 1.513745930540027e-06 1458
6 5.40119739212632e-08 1.922403068138373e-06 1814
6.5 5.252550927796405e-08 2.114198981310695e-06 2178
7 4.860689605804124e-08 2.290927324601701e-06 2498
7.5 4.116449854471663e-08 2.048305192582041e-06 2622
8 4.36026114031638e-08 2.399235641348988e-06 3338
8.5 3.742866185653955e-08 2.422534431676097e-06 3722
9 3.317709665356574e-08 2.299375094637652e-06 4170
9.5 2.701154377430533e-08 2.058773063482028e-06 4358
10 2.296511458842123e-08 1.972423637600475e-06 5034
10.5 2.004838892290426e-08 1.8324609846941e-06 5714
11 1.540423956004376e-08 1.535694008459271e-06 5982
11.5 1.300545280385776e-08 1.385488926947116e-06 6602
12 1.083045813650183e-08 1.146806602231413e-06 7130
12.5 8.54322541088299e-09 1.011177288924493e-06 8034
13 6.962644949269735e-09 8.585764661693335e-07 8606
13.5 5.471044231291302e-09 6.962645856041975e-07 9066
14 4.455843497131169e-09 6.032100054375584e-07 9962
14.5 3.60036366114663e-09 5.052588839268586e-07 10550
15 2.974226687054524e-09 4.261269646981057e-07 11226
15.5 2.567135748384854e-09 3.714443276825805e-07 12146
16 2.053109520722013e-09 3.10086460418623e-07 12303
16.5 1.653429766288216e-09 2.539390352245375e-07 12584
17 1.155413969570182e-09 1.877855214632694e-07 12120
17.5 7.832564647128877e-10 1.393991620473393e-07 11180
18 5.508519988468715e-10 1.069199494599874e-07 11096
18.5 3.871184724374875e-10 7.264156749762144e-08 10056
19 2.78090461604578e-10 5.628913326199367e-08 9716
19.5 1.839938882338138e-10 4.03482092216255e-08 8604
20 1.342777012569587e-10 2.998172727207005e-08 8060
20.5 9.868343072951794e-11 2.189172539913655e-08 7320
21 6.630933207423186e-11 1.50252191254613e-08 6356
21.5 4.726734608249486e-11 1.096560163293938e-08 5348
22 3.058327636574278e-11 7.325327261976443e-09 4308
22.5 1.875429516677364e-11 4.990080104830386e-09 3563
23 9.697518413427615e-12 2.638495206139297e-09 2448
23.5 5.88980686297104e-12 1.703831488263998e-09 1868
24 3.199664095030131e-12 9.818299563293326e-10 1358
24.5 2.060885989275858e-12 5.747149513476765e-10 1062
25 1.279855387390117e-12 3.65000255482399e-10 776
25.5 6.408950562606962e-13 2.025746241141539e-10 432
26 2.411977635094545e-13 9.789669008325114e-11 200
26.5 2.058441928875746e-13 6.486827473497486e-11 168
27 6.460048118151261e-14 2.70663875854044e-11 56
27.5 7.1885636937925e-15 2.066407199459991e-12 7

0.5 4.654159335893248e-07 9.41783958106368e-08 18
1 4.35333335725204e-08 2.491194074225509e-08 62
1.5 1.423934109819127e-08 4.530862501938289e-08 98
2 2.886158715845698e-08 1.222309246893316e-07 210
2.5 3.878169437486868e-08 2.580042499259877e-07 350
3 3.961106306692931e-08 4.768999781364393e-07 450
3.5 5.086052019710222e-08 6.208684305389912e-07 602
4 4.742244536129791e-08 7.533735837334054e-07 762
4.5 6.195823106147297e-08 1.249267223840669e-06 1142
5 5.179526991357031e-08 1.411427209023359e-06 1250
5.5 5.284167527891616e-08 1.434030939556037e-06 1458
6 5.318697718217117e-08 1.893472373899991e-06 1814
6.5 5.193816911022466e-08 2.03677012910469e-06 2178
7 4.96596722576769e-08 2.133829078931021e-06 2498
7.5 3.892850609071966e-08 2.082786572078824e-06 2622
8 4.203223789152656e-08 2.356860772050304e-06 3338
8.5 3.636652320121319e-08 2.37269023413573e-06 3722
9 3.263714514692834e-08 2.250300033991572e-06 4170
9.5 2.605125193377106e-08 2.00213852659622e-06 4358
10 2.306508703153311e-08 1.879763208099975e-06 5034
10.5 1.951605096087451e-08 1.806312244963162e-06 5714
11 1.573648207407098e-08 1.454102648796267e-06 5982
11.5 1.299898963899592e-08 1.346699262288704e-06 6602
12 1.047584481397953e-08 1.14440931688614e-06 7130
12.5 8.468424150199273e-09 9.918249199784493e-07 8034
13 6.917200312587491e-09 8.370998688564486e-07 8606
13.5 5.277507039765324e-09 6.928514316746565e-07 9066
14 4.508943008565147e-09 5.910454938709221e-07 9962
14.5 3.62814555979367e-09 4.920254482400208e-07 10550
15 2.965203235523757e-09 4.213038574740743e-07 11226
15.5 2.550383085012665e-09 3.707434666454685e-07 12146
16 2.03132037048898e-09 3.09527966340621e-07 12303
16.5 1.646394698428607e-09 2.533079340410841e-07 12584
17 1.138057574483175e-09 1.901810153125835e-07 12120
17.5 7.647768743752281e-10 1.420899774809918e-07 11180
18 5.593494999535912e-10 1.06436687804053e-07 11096
18.5 3.754609673143835e-10 7.491224184625831e-08 10056
19 2.804681257392491e-10 5.638550476042759e-08 9716
19.5 1.909969318121791e-10 3.965101213268614e-08 8604
20 1.380816371964869e-10 2.987346097412943e-08 8060
20.5 1.001857928208664e-10 2.220653099278575e-08 7320
21 6.786535980703539e-11 1.514779269351133e-08 6356
21.5 4.772615666624862e-11 1.121938006685942e-08 5348
22 3.037517469733646e-11 7.599199302113092e-09 4308
22.5 1.967708409322048e-11 5.017316095818263e-09 3563
23 1.011489749721817e-11 2.667313757845026e-09 2448
23.5 6.314904581107946e-12 1.640786850140821e-09 1868
24 3.424953330663739e-12 9.875102015355743e-10 1358
24.5 1.937697678494036e-12 6.398005186009462e-10 1062
25 1.189547854681441e-12 4.034787373922548e-10 776
25.5 6.440190775623745e-13 2.257740930506641e-10 432
26 2.783652009082933e-13 8.405916582364866e-11 200
26.5 2.030196843955018e-13 6.533842451374332e-11 168
27 6.606021826741298e-14 2.230855139134602e-11 56
27.5 1.538207615900897e-14 1.219706535815962e-12 7

0.5 2.135269974271767e-08 2.574033790898633e-07 18
1 1.019949335470081e-08 3.962705191688138e-08 62
1.5 1.210948201501513e-08 3.502709491315985e-08 98
2 2.531457991538833e-08 1.389795522778218e-07 210
2.5 3.887565768255871e-08 2.600150976643789e-07 350
3 4.015742610329977e-08 4.10389330182461e-07 450
3.5 4.431550784922895e-08 6.239775708569801e-07 602
4 4.531120691477415e-08 7.378704633566267e-07 762
4.5 6.045043182197338e-08 1.164506319757435e-06 1142
5 5.203244064644612e-08 1.337327320809951e-06 1250
5.5 4.702566073553128e-08 1.52031331366962e-06 1458
6 5.34560836667586e-08 1.810213572748556e-06 1814
6.5 5.079208163491311e-08 1.951753470974871e-06 2178
7 4.538067696781481e-08 2.174621760308425e-06 2498
7.5 3.877422491011129e-08 1.97327843633898e-06 2622
8 4.013928070617541e-08 2.316202398120304e-06 3338
8.5 3.525189444960876e-08 2.30857685333221e-06 3722
9 3.134265142385968e-08 2.221225300175984e-06 4170
9.5 2.548922650634831e-08 1.9586665804637e-06 4358
10 2.28247408760773e-08 1.810456417008904e-06 5034
10.5 1.946880691538332e-08 1.736366532559338e-06 5714
11 1.515374655213816e-08 1.471393051879537e-06 5982
11.5 1.287293144834995e-08 1.301923567404356e-06 6602
12 1.014017677465176e-08 1.139403129077957e-06 7130
12.5 8.46876492116167e-09 9.60910266072398e-07 8034
13 6.883019113297573e-09 8.259409126467182e-07 8606
13.5 5.154031761813151e-09 6.921302583318116e-07 9066
14 4.445914183827865e-09 5.809044811060862e-07 9962
14.5 3.567806796692119e-09 4.941705834496917e-07 10550
15 2.931640748042521e-09 4.153881544611449e-07 11226
15.5 2.539702540828352e-09 3.63863439549357e-07 12146
16 2.075894372878684e-09 3.001097152992471e-07 12303
16.5 1.629773855412867e-09 2.553966338541536e-07 12584
17 1.138685760288979e-09 1.865416767927876e-07 12120
17.5 7.862846027943694e-10 1.385168677611951e-07 11180
18 5.57887728209493e-10 1.059770420318797e-07 11096
18.5 3.792168210726602e-10 7.484431548067404e-08 10056
19 2.845058014741537e-10 5.676918664748583e-08 9716
19.5 1.887528086895122e-10 4.034537436423326e-08 8604
20 1.377937857128587e-10 3.059698420088351e-08 8060
20.5 9.955576506259593e-11 2.263099698394871e-08 7320
21 6.584807397342505e-11 1.603395282014052e-08 6356
21.5 4.79432136182689e-11 1.150397752025262e-08 5348
22 3.096255407958799e-11 7.590096277176431e-09 4308
22.5 2.060023912595917e-11 4.976139229236578e-09 3563
23 1.061182424866866e-11 2.690571429917658e-09 2448
23.5 6.05357959591688e-12 1.735813472059994e-09 1868
24 3.489346856653268e-12 1.00766309540434e-09 1358
24.5 2.076165381160186e-12 6.092981615482827e-10 1062
25 1.387238766011028e-12 3.707171499224076e-10 776
25.5 6.719066833097866e-13 2.289238304648187e-10 432
26 2.807706460494464e-13 9.603342949001325e-11 200
26.5 2.141807937928597e-13 6.395736201504528e-11 168
27 7.991049297103586e-14 2.185665470174555e-11 56
27.5 2.176330595579522e-14 6.239132693523849e-13 7

0.5 2.508285173951439e-07 1.798003557647275e-07 18
1 2.876330389023903e-08 2.978998601353957e-08 62
1.5 1.765904466295715e-08 4.105493972979177e-08 98
2 3.018308122933266e-08 1.23532053294047e-07 210
2.5 4.296572452362879e-08 2.381565797773493e-07 350
3 4.091374895730069e-08 4.061418769842197e-07 450
3.5 4.335213890382344e-08 6.136230728499491e-07 602
4 4.097107216349303e-08 7.51678603514666e-07 762
4.5 5.727016312216102e-08 1.163776744697e-06 1142
5 4.884558353664795e-08 1.31514304456877e-06 1250
5.5 4.773369249127962e-08 1.407262557796871e-06 1458
6 5.28039263767641e-08 1.694685358073124e-06 1814
6.5 4.928354695830798e-08 1.941006384819701e-06 2178
7 4.578590689771469e-08 2.056521031265674e-06 2498
7.5 3.787593572760054e-08 1.937672291089569e-06 2622
8 3.870998795632208e-08 2.268934945369671e-06 3338
8.5 3.54767821047639e-08 2.208643324326159e-06 3722
9 3.05344315588736e-08 2.237341992989073e-06 4170
9.5 2.533320369605118e-08 1.94290028168648e-06 4358
10 2.182246809052346e-08 1.843632143180605e-06 5034
10.5 1.950186198629323e-08 1.714219293299352e-06 5714
11 1.508134579476767e-08 1.466026595441929e-06 5982
11.5 1.307768715048122e-08 1.286896902048207e-06 6602
12 1.023352195479475e-08 1.136393272820149e-06 7130
12.5 8.406012353968305e-09 9.775307480275039e-07 8034
13 6.887360965753524e-09 8.402242312250176e-07 8606
13.5 5.396428289177634e-09 6.812551492246718e-07 9066
14 4.47583303727478e-09 5.897692849126812e-07 9962
14.5 3.640834250606926e-09 4.929310979088657e-07 10550
15 2.954452601386285e-09 4.201501813210914e-07 11226
15.5 2.525228288633527e-09 3.773482867229737e-07 12146
16 2.083086466512927e-09 3.10742520649495e-07 12303
16.5 1.645488624067552e-09 2.584523670648345e-07 12584
17 1.156497584699986e-09 1.897183723928651e-07 12120
17.5 8.054565921979782e-10 1.408282614938149e-07 11180
18 5.745465253804898e-10 1.069351072570058e-07 11096
18.5 3.911823635139091e-10 7.593513673715979e-08 10056
19 2.86915409654478e-10 5.858004705947292e-08 9716
19.5 1.93408114322695e-10 4.113473574388845e-08 8604
20 1.414131427495297e-10 3.095743557526712e-08 8060
20.5 1.0270354358603e-10 2.319499450496919e-08 7320
21 7.065715353824284e-11 1.565424783981937e-08 6356
21.5 5.055981488746674e-11 1.155278876997513e-08 5348
22 3.058153508504986e-11 8.040926968375933e-09 4308
22.5 2.117628235181735e-11 4.996780855249448e-09 3563
23 1.048205963960155e-11 2.955666073680705e-09 2448
23.5 5.877672669058384e-12 1.820890714947112e-09 1868
24 3.593761786133807e-12 1.043664764262088e-09 1358
24.5 2.195848825329887e-12 6.055613900199623e-10 1062
25 1.314254659812817e-12 4.048470438084177e-10 776
25.5 7.217251169390368e-13 2.238695578368167e-10 432
26 2.610816451935987e-13 1.031189971137384e-10 200
26.5 2.193899971675593e-13 6.943425187531498e-11 168
27 7.23456500279665e-14 1.992167138672688e-11 56
27.5 1.794192764934393e-14 1.728238975813432e-12 7

0.5 4.63714830969538e-07 5.800737219386495e-08 18
1 2.98557881199281e-08 1.873429067457759e-08 62
1.5 1.351164097547849e-08 4.884998095970212e-08 98
2 2.361105799396382e-08 1.122897388696034e-07 210
2.5 3.403119680229532e-08 2.402351571896299e-07 350
3 3.656930465773506e-08 3.938262213357883e-07 450
3.5 4.340051149723542e-08 5.518204056952074e-07 602
4 4.590303323048224e-08 6.806400092291535e-07 762
4.5 5.393100553832584e-08 1.1170258929786e-06 1142
5 4.753012981561211e-08 1.247568495454121e-06 1250
5.5 4.66852380219777e-08 1.35406877584225e-06 1458
6 4.843841679754372e-08 1.805888618803712e-06 1814
6.5 4.792103167184126e-08 1.915519455759385e-06 2178
7 4.446950531256574e-08 1.98702085456014e-06 2498
7.5 3.69008621295046e-08 1.901656495625011e-06 2622
8 3.874582538540834e-08 2.20697397256973e-06 3338
8.5 3.420584185639614e-08 2.141648211185205e-06 3722
9 3.019784822860093e-08 2.166273642262381e-06 4170
9.5 2.41418744052492e-08 1.942758690148044e-06 4358
10 2.150516445074722e-08 1.776048068380848e-06 5034
10.5 1.927615370918047e-08 1.655532058519834e-06 5714
11 1.499180879702832e-08 1.425911414785761e-06 5982
11.5 1.227981098447304e-08 1.29525827444164e-06 6602
12 1.025003343884289e-08 1.094092644110099e-06 7130
12.5 8.482190908690115e-09 9.385422326199854e-07 8034
13 6.821931650368948e-09 8.222956165783058e-07 8606
13.5 5.262664598037234e-09 6.820788429858688e-07 9066
14 4.500278952752822e-09 5.692123638529804e-07 9962
14.5 3.589971605699681e-09 4.86959581264735e-07 10550
15 2.923047737328979e-09 4.179325992334228e-07 11226
15.5 2.556557510356712e-09 3.631503114652446e-07 12146
16 2.029526351836876e-09 3.118145742254073e-07 12303
16.5 1.631873375461079e-09 2.586653904070786e-07 12584
17 1.167336578376806e-09 1.865057721133783e-07 12120
17.5 7.95892003126057e-10 1.417543129938626e-07 11180
18 5.701668779229217e-10 1.087638247531689e-07 11096
18.5 3.934034798238191e-10 7.559834914541604e-08 10056
19 2.914906105827407e-10 5.806066054412502e-08 9716
19.5 1.971531812929815e-10 4.081023349650067e-08 8604
20 1.417346286443392e-10 3.157358798484132e-08 8060
20.5 1.018706395759826e-10 2.41482896308816e-08 7320
21 7.142930525597215e-11 1.613887236877037e-08 6356
21.5 4.973213166188971e-11 1.199440234638574e-08 5348
22 3.234971979738958e-11 7.911931874775754e-09 4308
22.5 2.0796798874927e-11 5.226247003905641e-09 3563
23 1.082126341222919e-11 2.917826604560776e-09 2448
23.5 6.356579620283318e-12 1.763841804648545e-09 1868
24 3.794381181274182e-12 1.070637441619205e-09 1358
24.5 2.185408618351385e-12 6.442095033439274e-10 1062
25 1.342715725470044e-12 4.172144782167e-10 776
25.5 7.146958161634097e-13 2.297357682547761e-10 432
26 3.100017599284019e-13 9.838556526819226e-11 200
26.5 2.395970008065053e-13 6.598718866409418e-11 168
27 7.232704078146596e-14 1.936993198175572e-11 56
27.5 9.665273615336109e-15 5.27055905013194e-12 7

