1:binCentralValue 2:valuesAverage 3:valuesAverage 4:multiplicity
0.25 4.961058212553954e-18 3.155087700888664e-16 18
0.5 2.83116649091505e-17 2.329462128456078e-15 62
0.75 6.539020228663387e-17 8.756021944380632e-15 98
1 2.039265766670345e-16 2.183509906155739e-14 210
1.25 4.451213742393475e-16 5.022380227746063e-14 350
1.5 6.865198721425931e-16 8.244968356486312e-14 450
1.75 1.002115087575334e-15 1.044704122945745e-13 602
2 1.566631938726462e-15 1.842020266208233e-13 762
2.25 2.713771045948535e-15 3.198562029712735e-13 1142
2.5 3.095699347703694e-15 4.035103361345321e-13 1250
2.75 4.361671323875825e-15 4.756895639386336e-13 1458
3 5.250284536844099e-15 6.513243497139839e-13 1814
3.25 6.864665204808539e-15 8.199209867681588e-13 2178
3.5 8.766227072115036e-15 1.110074540715564e-12 2498
3.75 9.370337215465812e-15 1.267212694783773e-12 2622
4 6.144421019234543e-15 8.300343534580385e-13 3338
4.25 2.202843993671878e-46 2.893876351643472e-44 3722
4.5 2.387992268266442e-46 3.025635986997124e-44 4170
4.75 2.586396992071409e-46 3.090163039341659e-44 4358
5 2.749628837980631e-46 3.364791827871785e-44 5034
5.25 3.088849151661665e-46 3.778508185340859e-44 5714
5.5 3.382165650540716e-46 3.995638668870709e-44 5982
5.75 3.412919183092256e-46 4.294567699480166e-44 6602
6 3.691988542128164e-46 4.710644212351923e-44 7130
6.25 4.506362632155285e-46 5.57903944509764e-44 8034
6.5 4.90538380128509e-46 5.695303542596227e-44 8606
6.75 4.787225364296515e-46 6.137021774861122e-44 9066
7 5.117254746912766e-46 6.507074322637353e-44 9962
7.25 5.450982043103405e-46 7.005351402023809e-44 10550
7.5 5.752529230940007e-46 7.104992165736839e-44 11226
7.75 6.29499484805467e-46 8.048159133824867e-44 12146
8 5.696648569247393e-46 7.623127448907197e-44 12303
8.25 5.222332351074937e-46 6.825726075897841e-44 12584
8.5 4.409268906998739e-46 5.640958877915315e-44 12120
8.75 3.484197822354253e-46 4.406132260473891e-44 11180
9 3.185769949651769e-46 4.006585927922962e-44 11096
9.25 2.857521528930733e-46 3.769186686526281e-44 10056
9.5 2.750616468235327e-46 3.287093685050669e-44 9716
9.75 2.403831449485478e-46 3.002922051611146e-44 8604
10 2.246369039395927e-46 2.901303822771984e-44 8060
10.25 2.072841218064376e-46 2.610422841077475e-44 7320
10.5 1.773798794033719e-46 2.192379874087665e-44 6356
10.75 1.445863998701811e-46 1.778213020596287e-44 5348
11 1.063687917765856e-46 1.356374535082629e-44 4308
11.25 7.942794219401967e-47 1.018745282354489e-44 3563
11.5 5.200896639482278e-47 6.909036680515811e-45 2448
11.75 3.947856413814579e-47 5.262607293919485e-45 1868
12 2.776360559635966e-47 3.743706015319361e-45 1358
12.25 2.313021332654158e-47 2.895529913540309e-45 1062
12.5 1.674019612503513e-47 2.239285766862549e-45 776
12.75 8.880999993967343e-48 1.13376196688574e-45 432
13 4.122370137157834e-48 6.398659992632489e-46 200
13.25 3.250362130520294e-48 4.28002348516275e-46 168
13.5 1.276253244702924e-48 1.668402701031929e-46 56
13.75 1.046763545074376e-49 2.533869605859362e-47 7

0.25 7.572684434680618e-19 2.375786304944608e-17 18
0.5 3.658027719530517e-18 1.437669549359567e-16 62
0.75 6.368075254908347e-18 3.436710122331381e-16 98
1 1.218924274239408e-17 1.11017077389127e-15 210
1.25 1.749811095095638e-17 2.497571094619654e-15 350
1.5 1.718820829894589e-17 3.931334207957341e-15 450
1.75 1.891707093863513e-17 5.085261567652534e-15 602
2 4.112591007778862e-17 7.603164722932419e-15 762
2.25 1.092690780937382e-16 1.111980886118017e-14 1142
2.5 1.887231277930412e-16 1.077558333897807e-14 1250
2.75 3.089592611955368e-16 9.380601754517862e-15 1458
3 4.294184603270246e-16 9.715397528211049e-15 1814
3.25 5.363480119634176e-16 1.077090572022317e-14 2178
3.5 6.774031503251307e-16 1.330469611565575e-14 2498
3.75 6.592817989731008e-16 1.651558015882016e-14 2622
4 4.057488101411103e-16 1.15033133395123e-14 3338
4.25 2.211726548381185e-28 1.106108930637688e-26 3722
4.5 2.22514766630256e-28 1.046487701188638e-26 4170
4.75 2.026719406249179e-28 9.183368578676376e-27 4358
5 1.895131653686813e-28 8.64670075718711e-27 5034
5.25 1.698166904327904e-28 7.394085993320785e-27 5714
5.5 1.395135469123764e-28 5.926541885388995e-27 5982
5.75 1.099305902598618e-28 4.920460039413169e-27 6602
6 8.981239747665485e-29 4.236463709806406e-27 7130
6.25 6.66909586539916e-29 3.723073565408302e-27 8034
6.5 4.75123745395727e-29 2.939379563754854e-27 8606
6.75 3.468987783018202e-29 2.201183737050322e-27 9066
7 2.512901722618834e-29 1.502756345508349e-27 9962
7.25 1.610393808973613e-29 8.788895117347836e-28 10550
7.5 7.636127138212122e-30 4.144121218027283e-28 11226
7.75 2.0411049509343e-30 1.138996553117393e-28 12146
8 6.055680036530783e-32 3.372914758744556e-30 12303
8.25 4.782313574928845e-41 1.98110435117996e-39 12584
8.5 3.007646431075392e-41 1.264835450225643e-39 12120
8.75 1.839224237442853e-41 8.136835948207444e-40 11180
9 1.153389332110972e-41 5.67941328992117e-40 11096
9.25 6.219703976275795e-42 3.562961325493631e-40 10056
9.5 3.663174779802581e-42 2.307770174380795e-40 9716
9.75 1.771009637091333e-42 1.28208927801453e-40 8604
10 8.940148099476278e-43 7.123524824238937e-41 8060
10.25 4.031245988827043e-43 3.544449738795046e-41 7320
10.5 1.639868124009494e-43 1.6303661451418e-41 6356
10.75 5.909285407471399e-44 6.262146910255107e-42 5348
11 1.72596522940009e-44 1.819591286898961e-42 4308
11.25 4.955409032504102e-45 4.495411203533634e-43 3563
11.5 7.798260039320237e-46 7.437318147915332e-44 2448
11.75 2.967059199290083e-46 2.696593811539376e-44 1868
12 1.93137592131665e-46 1.871878012166624e-44 1358
12.25 1.60087280211227e-46 1.541146701581345e-44 1062
12.5 1.086761947815431e-46 1.089311653311625e-44 776
12.75 6.865332123450695e-47 7.110749989269985e-45 432
13 2.667043640045339e-47 3.572438832435952e-45 200
13.25 2.388687216599287e-47 2.70521282192004e-45 168
13.5 7.309227455198507e-48 7.507195378353225e-46 56
13.75 1.231924336401142e-48 4.168762217445565e-47 7

0.25 5.252625138009785e-18 2.009398865593242e-17 18
0.5 2.928905355095779e-17 1.786859989450228e-16 62
0.75 6.028282609303539e-17 6.004057724281691e-16 98
1 1.486129264504312e-16 2.732658944764809e-15 210
1.25 2.239387781108718e-16 7.623479982231929e-15 350
1.5 1.790673076755715e-16 1.23188951301612e-14 450
1.75 7.671439639021178e-17 1.189302557627102e-14 602
2 2.191140657634288e-17 9.976350692777142e-15 762
2.25 1.694813348218893e-17 5.612738402590635e-15 1142
2.5 2.839733070176774e-17 6.053204754619828e-15 1250
2.75 2.290651480777261e-17 9.398154424657458e-15 1458
3 4.345993723322492e-17 8.011007612831194e-15 1814
3.25 7.32548609320167e-17 8.372073944524574e-15 2178
3.5 6.472778609140817e-17 2.005199744831673e-14 2498
3.75 4.863838703182641e-17 2.569194112913767e-14 2622
4 4.399244835440381e-17 1.402027828244695e-14 3338
4.25 2.433249625541963e-28 3.196719479713952e-26 3722
4.5 1.967293886910214e-28 2.658405650398147e-26 4170
4.75 1.607180851339675e-28 2.014075305018092e-26 4358
5 1.470396728425922e-28 1.671386813041809e-26 5034
5.25 1.099436821630315e-28 1.391420744254445e-26 5714
5.5 8.473221786367007e-29 1.08791050072587e-26 5982
5.75 7.028220783226103e-29 9.352321416886246e-27 6602
6 6.103882298734542e-29 8.074496248376986e-27 7130
6.25 5.119236058449494e-29 7.126748010907045e-27 8034
6.5 4.121618570309837e-29 5.501038090053446e-27 8606
6.75 3.03754569170165e-29 4.061818199619047e-27 9066
7 2.025018988693062e-29 2.797310843776253e-27 9962
7.25 1.206495383411083e-29 1.681132390087673e-27 10550
7.5 5.830252536413192e-30 7.985066588700226e-28 11226
7.75 1.521300799138635e-30 2.306012318154201e-28 12146
8 4.652529719775889e-32 7.554958701042765e-30 12303
8.25 4.374028059272852e-41 7.152216176546791e-39 12584
8.5 2.755745248099364e-41 4.705727856831951e-39 12120
8.75 1.762971523135415e-41 3.003613285708013e-39 11180
9 1.169148976845805e-41 2.13617948665288e-39 11096
9.25 7.160662736443937e-42 1.269491836910334e-39 10056
9.5 4.486422944751132e-42 8.175513900640314e-40 9716
9.75 2.52181407789032e-42 4.700398997178681e-40 8604
10 1.444014679296673e-42 2.687303323054045e-40 8060
10.25 6.910185703126494e-43 1.388353623755095e-40 7320
10.5 2.956825535441496e-43 6.330085754814528e-41 6356
10.75 1.210447014449231e-43 2.484030578227426e-41 5348
11 3.619277324567272e-44 7.692403043989317e-42 4308
11.25 1.016348543570281e-44 2.2759396673706e-42 3563
11.5 1.511401027332014e-45 2.795819135920833e-43 2448
11.75 3.816036056628184e-46 8.625756727818209e-44 1868
12 2.543497216391945e-46 5.751006016398647e-44 1358
12.25 1.889032552769217e-46 4.497227083669888e-44 1062
12.5 1.494408356726385e-46 3.371484808291332e-44 776
12.75 7.793469619072679e-47 2.315514098935646e-44 432
13 4.357897385701707e-47 1.008330574269791e-44 200
13.25 2.79075934628596e-47 9.565944731508643e-45 168
13.5 1.18646848851534e-47 3.301306716294052e-45 56
13.75 3.143910924234574e-49 3.95372761975214e-46 7

0.25 4.451807837574452e-18 1.779398252931757e-16 18
0.5 2.010089904939703e-17 1.262656631134082e-15 62
0.75 2.781082800976708e-17 3.377378122809295e-15 98
1 2.402575636613017e-17 1.136086405625459e-14 210
1.25 6.262511463531267e-18 2.22188466010196e-14 350
1.5 8.330142410784001e-17 2.147558758495949e-14 450
1.75 1.579514500514032e-16 9.701868351169808e-15 602
2 1.272686865622403e-16 2.288075714751627e-15 762
2.25 5.867169284960563e-17 6.459149995592367e-16 1142
2.5 8.413125307317438e-17 4.986896183178528e-16 1250
2.75 5.593947744570666e-17 9.865691214178453e-16 1458
3 1.078276702602951e-16 9.586909715618263e-16 1814
3.25 9.549750858600131e-17 1.433322478861123e-15 2178
3.5 1.530465076571608e-16 1.94511032651079e-15 2498
3.75 2.123244816510348e-16 1.855442512449136e-15 2622
4 7.445996844074471e-17 2.609383548859862e-15 3338
4.25 6.900064394743315e-28 1.628792404697197e-26 3722
4.5 4.616813048041712e-28 1.18066821055557e-26 4170
4.75 2.744049180131152e-28 7.437793263265378e-27 4358
5 1.792103295299235e-28 5.589318221523667e-27 5034
5.25 1.257288247060104e-28 4.028566270641681e-27 5714
5.5 9.140922732052443e-29 2.974207708333934e-27 5982
5.75 7.144193360526784e-29 2.377586272495529e-27 6602
6 5.744412662565875e-29 2.050781122445071e-27 7130
6.25 4.712058220799199e-29 1.724990943000032e-27 8034
6.5 3.706258830347424e-29 1.332962971889769e-27 8606
6.75 2.705682527124241e-29 9.608946646100976e-28 9066
7 1.842285452545454e-29 6.407169827348886e-28 9962
7.25 1.156556990412453e-29 4.03647977264671e-28 10550
7.5 5.914036199498382e-30 2.092382163903738e-28 11226
7.75 1.514702858141625e-30 5.944384661666833e-29 12146
8 4.456854226317428e-32 1.541101360816346e-30 12303
8.25 7.548465792873138e-41 3.104719069034454e-39 12584
8.5 3.652378359251614e-41 1.868038120492376e-39 12120
8.75 2.072532455417135e-41 1.117963156192435e-39 11180
9 1.220040814455609e-41 7.08816165436171e-40 11096
9.25 6.789952864659766e-42 4.130279923881931e-40 10056
9.5 3.883538695282436e-42 2.585024629293225e-40 9716
9.75 2.110980811037871e-42 1.421313716218596e-40 8604
10 1.196854997059822e-42 7.7315482856626e-41 8060
10.25 6.181742366376286e-43 3.676213339581819e-41 7320
10.5 2.685419109854567e-43 1.639820839891723e-41 6356
10.75 1.110878394463105e-43 7.030501399966189e-42 5348
11 3.708594191107142e-44 2.419563790238058e-42 4308
11.25 1.296545528635975e-44 8.362889842229575e-43 3563
11.5 3.462862892518194e-45 2.501857509355169e-43 2448
11.75 1.827411372002162e-45 1.418165064624368e-43 1868
12 1.395044754471568e-45 1.03782373262709e-43 1358
12.25 1.099043434994414e-45 8.457638196126296e-44 1062
12.5 8.093351743458807e-46 6.612609166122687e-44 776
12.75 4.91731512655626e-46 4.33919789380507e-44 432
13 2.366583886528388e-46 1.772292810223419e-44 200
13.25 2.154235641707083e-46 1.323917176484907e-44 168
13.5 6.116175834721163e-47 7.051947849695684e-45 56
13.75 1.79798194686075e-47 3.16282973895301e-46 7

0.25 1.182706518222596e-17 1.599984687172468e-15 18
0.5 1.08984671517191e-16 1.156875039726335e-14 62
0.75 3.713163572308864e-16 2.954747791614478e-14 98
1 1.582067625076569e-15 7.98841989126714e-14 210
1.25 3.499589855301466e-15 9.648235917361408e-14 350
1.5 3.275681334708088e-15 3.188031595770078e-14 450
1.75 1.145605700860232e-15 1.281418982155662e-15 602
2 1.436410808540591e-16 1.225474172146992e-15 762
2.25 1.365290866383825e-17 1.062452176115462e-15 1142
2.5 1.312196868632971e-17 9.192739555064252e-16 1250
2.75 1.139796522012206e-17 1.683421906283022e-15 1458
3 1.844042286542625e-17 1.90463249936463e-15 1814
3.25 2.075876375791159e-17 2.40935374470033e-15 2178
3.5 2.460542006993107e-17 4.076264971782231e-15 2498
3.75 4.711264065499345e-17 3.715225704409965e-15 2622
4 2.231984332525568e-17 6.120649898012473e-15 3338
4.25 1.539636484616556e-27 3.325283746805141e-25 3722
4.5 1.044765154960142e-27 2.421561614231623e-25 4170
4.75 5.55851059869461e-28 1.524697717810716e-25 4358
5 2.706046568898214e-28 8.267232055954516e-26 5034
5.25 1.099297083077826e-28 3.629399744183924e-26 5714
5.5 4.655324156420399e-29 1.218338051882444e-26 5982
5.75 3.176821971831362e-29 5.962029366245801e-27 6602
6 2.596511613003396e-29 4.789852845923822e-27 7130
6.25 2.179299736341016e-29 4.10531614010699e-27 8034
6.5 1.657903544150866e-29 3.221197732031118e-27 8606
6.75 1.244063964530329e-29 2.412717980753638e-27 9066
7 8.441981706738373e-30 1.667881935121689e-27 9962
7.25 5.47833626010453e-30 1.069962022287334e-27 10550
7.5 2.986528880606921e-30 5.733830857727047e-28 11226
7.75 9.864281595328073e-31 1.647055380114938e-28 12146
8 3.090577819685615e-32 5.132567223813041e-30 12303
8.25 1.626542482708859e-40 1.96900239399881e-38 12584
8.5 6.952850722149284e-41 7.518922311470159e-39 12120
8.75 2.667255022952734e-41 3.423931836818951e-39 11180
9 1.22136856483253e-41 1.916119983166052e-39 11096
9.25 5.750241930525802e-42 1.110973864087098e-39 10056
9.5 3.296954258204659e-42 6.323030832558511e-40 9716
9.75 1.873523394530095e-42 3.425299137370283e-40 8604
10 1.048311494784861e-42 1.824753338898631e-40 8060
10.25 5.034739183102086e-43 9.068737427965684e-41 7320
10.5 2.083126134197782e-43 4.076802063141198e-41 6356
10.75 9.266166979988494e-44 1.505616704929547e-41 5348
11 3.507237632562267e-44 5.676995029091352e-42 4308
11.25 1.794716032672436e-44 2.645518213958107e-42 3563
11.5 1.018955836743426e-44 1.33742555867856e-42 2448
11.75 7.640052824681327e-45 9.426721175888921e-43 1868
12 5.354479223629082e-45 6.851956626559732e-43 1358
12.25 4.47053948153004e-45 5.589471613110269e-43 1062
12.5 3.007414681812751e-45 4.438947349412862e-43 776
12.75 2.131263363088367e-45 2.455090395036308e-43 432
13 8.327795860261704e-46 9.954159037355435e-44 200
13.25 7.26193511541142e-46 9.438378054508085e-44 168
13.5 3.114957522229718e-46 2.635266050441435e-44 56
13.75 2.068733943000283e-47 3.345761823299582e-45 7

0.25 2.213501186470349e-19 8.212811538534826e-16 18
0.5 2.729206034872338e-17 9.035085037211891e-15 62
0.75 3.143484146317019e-16 3.561198337626665e-14 98
1 3.72083731015971e-15 1.689029678158572e-13 210
1.25 1.56991623999324e-14 3.666571693665549e-13 350
1.5 2.226729872675414e-14 2.779174403874156e-13 450
1.75 9.032899514948287e-15 5.996859109302309e-14 602
2 9.921770158434351e-16 2.685619036080447e-15 762
2.25 4.974754421828384e-17 7.955914462835387e-17 1142
2.5 3.946829554930058e-17 1.267599903282214e-16 1250
2.75 4.077237951034888e-17 1.973185839671987e-16 1458
3 3.98694046514125e-17 3.317448856554045e-16 1814
3.25 4.396901570306737e-17 4.939021453426954e-16 2178
3.5 5.692199495891903e-17 7.428192225219953e-16 2498
3.75 6.596762437052318e-17 1.09742098373017e-15 2622
4 2.431314800636017e-17 1.787478328092222e-15 3338
4.25 1.169164543019942e-26 2.117009238524144e-25 3722
4.5 6.820413079735575e-27 1.567585306237174e-25 4170
4.75 3.152117590473216e-27 9.271916612138134e-26 4358
5 1.300897751767674e-27 4.582330308976761e-26 5034
5.25 4.283903553513891e-28 1.642768429615458e-26 5714
5.5 1.221635123688444e-28 4.090558902505979e-27 5982
5.75 6.073910317570096e-29 1.577839294848157e-27 6602
6 4.615953750989273e-29 1.221740919175492e-27 7130
6.25 3.846880955866287e-29 1.032845756914686e-27 8034
6.5 2.88010669616192e-29 7.986452011981627e-28 8606
6.75 2.073868657147702e-29 5.802172553328084e-28 9066
7 1.358906986238542e-29 4.04330521827034e-28 9962
7.25 8.913146169982374e-30 2.549582614226594e-28 10550
7.5 4.527795188163755e-30 1.374023979539183e-28 11226
7.75 1.269755480945436e-30 4.608183652805622e-29 12146
8 4.200574507063957e-32 1.267106668776433e-30 12303
8.25 7.072046470642204e-40 2.845581698911934e-38 12584
8.5 2.275357884832998e-40 9.051221562904738e-39 12120
8.75 8.21781792570938e-41 2.746451170738613e-39 11180
9 2.671071148436682e-41 1.01574824503933e-39 11096
9.25 9.111739534417359e-42 4.208737902231379e-40 10056
9.5 4.716423879858806e-42 2.136201717354198e-40 9716
9.75 2.516234754834398e-42 1.15488664993381e-40 8604
10 1.40738983100843e-42 6.693887690533531e-41 8060
10.25 6.964598029288271e-43 3.687494590336988e-41 7320
10.5 3.333941306940293e-43 1.955918755936126e-41 6356
10.75 1.709546999729955e-43 1.085344407427972e-41 5348
11 1.032293545915176e-43 7.081353138653521e-42 4308
11.25 7.909878861148575e-44 5.636627523920326e-42 3563
11.5 5.902902009225415e-44 4.078596558587792e-42 2448
11.75 4.814014027598178e-44 3.701352183651281e-42 1868
12 3.617961378154654e-44 2.613506098329295e-42 1358
12.25 3.09994402662e-44 2.376713458738465e-42 1062
12.5 2.22910192541139e-44 1.847356310882296e-42 776
12.75 1.308457834257918e-44 1.155806723406106e-42 432
13 5.862141425912316e-45 4.752587572903195e-43 200
13.25 4.786688173750208e-45 4.538145371395607e-43 168
13.5 2.194894801412243e-45 1.372114137916697e-43 56
13.75 3.076677512652838e-46 1.133467109477271e-44 7

0.25 4.150353900408771e-18 1.214427815191386e-14 18
0.5 1.055373203099291e-16 1.719522928256816e-13 62
0.75 8.245880117665475e-16 8.235952524040216e-13 98
1 8.260542187332938e-15 4.528492380049177e-12 210
1.25 3.172653780107844e-14 9.89540730509443e-12 350
1.5 3.802998815215387e-14 6.27129506224391e-12 450
1.75 1.113411920684484e-14 8.917509848787149e-13 602
2 6.461697882605095e-16 1.665028068982705e-14 762
2.25 7.754691039399149e-18 2.300087998472329e-16 1142
2.5 5.994117566714083e-18 4.093239992988535e-16 1250
2.75 7.05287993429712e-18 5.726940716699568e-16 1458
3 8.38667669343015e-18 8.078944270085386e-16 1814
3.25 1.036604365834584e-17 1.060635016607139e-15 2178
3.5 1.417075266441597e-17 1.472982817981567e-15 2498
3.75 2.048309158877724e-17 1.653679887519364e-15 2622
4 2.825095625683309e-17 1.684233497671072e-15 3338
4.25 3.776239634152434e-26 4.36691676824546e-24 3722
4.5 2.913911068830773e-26 3.126034963862422e-24 4170
4.75 1.804000466582453e-26 1.845295530762966e-24 4358
5 8.899714968113371e-27 9.939091991275375e-25 5034
5.25 2.906707431513999e-27 3.671883625571819e-25 5714
5.5 4.442122568678596e-28 6.753288629320791e-26 5982
5.75 3.651695994562676e-29 7.854470424782453e-27 6602
6 1.659127817583271e-29 3.341533648507855e-27 7130
6.25 1.412687540694281e-29 2.889668036474815e-27 8034
6.5 1.108950399080095e-29 2.248388286605817e-27 8606
6.75 7.895009640559864e-30 1.671660258397357e-27 9066
7 5.286659756819003e-30 1.158191386333981e-27 9962
7.25 3.498159056700675e-30 7.376321887091583e-28 10550
7.5 1.77693887211642e-30 3.925957455897124e-28 11226
7.75 5.372396426236859e-31 1.365929480542467e-28 12146
8 1.882221167796445e-32 4.278568118318637e-30 12303
8.25 2.656810702853659e-39 4.028958989380813e-37 12584
8.5 9.958488808259336e-40 1.073415059028294e-37 12120
8.75 3.207960434171684e-40 2.454348586725845e-38 11180
9 8.739431162791188e-41 5.841123378088593e-39 11096
9.25 1.754874238180837e-41 1.504120404071593e-39 10056
9.5 4.266021695164815e-42 7.15226266375305e-40 9716
9.75 1.826701271368649e-42 4.126656590342898e-40 8604
10 1.150426663502359e-42 2.725658802797514e-40 8060
10.25 7.236282223022877e-43 1.904728511631204e-40 7320
10.5 4.693784395963086e-43 1.406030569441249e-40 6356
10.75 3.279534512391051e-43 1.10356941596187e-40 5348
11 2.477620730277846e-43 9.147989084092069e-41 4308
11.25 2.228485363135866e-43 7.915009978948679e-41 3563
11.5 1.656524769775903e-43 5.984303837109653e-41 2448
11.75 1.325753339979125e-43 5.158459042730628e-41 1868
12 1.012962499935188e-43 3.842767513214294e-41 1358
12.25 7.894518046004653e-44 3.290861888661788e-41 1062
12.5 5.989214414371921e-44 2.363565731411217e-41 776
12.75 3.095438974262603e-44 1.362133240105785e-41 432
13 1.759040543591271e-44 6.006005210467166e-42 200
13.25 1.461008978533416e-44 5.690082717600802e-42 168
13.5 4.518854528422477e-45 2.145658317753498e-42 56
13.75 3.473435423404364e-46 3.604185283775453e-43 7

0.25 1.328671124966737e-16 2.833149828789397e-15 18
0.5 4.043750643040937e-15 5.783535395963842e-14 62
0.75 3.633536406294904e-14 3.75002506485076e-13 98
1 4.072243146573221e-13 2.792299676481495e-12 210
1.25 1.555899165220773e-12 7.163813321949202e-12 350
1.5 1.599898294174604e-12 4.510332042432834e-12 450
1.75 3.348245080223485e-13 4.982986568743222e-13 602
2 1.034953001472508e-14 4.341854264337223e-15 762
2.25 2.403992262501236e-17 4.593639126804494e-17 1142
2.5 1.945306216643372e-17 7.65205853833342e-17 1250
2.75 1.973145578275832e-17 1.160942265802116e-16 1458
3 2.333798280924489e-17 1.61759594075077e-16 1814
3.25 2.51774957576422e-17 2.415280297498494e-16 2178
3.5 2.840166307283088e-17 4.012102977592773e-16 2498
3.75 3.196252443754153e-17 5.970549869278631e-16 2622
4 5.540214749752659e-17 7.167318961789471e-16 3338
4.25 2.935163789174537e-25 4.204727348585002e-24 3722
4.5 1.812864247816477e-25 3.04489994963473e-24 4170
4.75 9.789239519996029e-26 1.70638660641208e-24 4358
5 4.947933294766904e-26 7.274253738004064e-25 5034
5.25 1.610025388541273e-26 2.04836948832571e-25 5714
5.5 2.36602002758734e-27 2.384214072530566e-26 5982
5.75 1.493380166465355e-28 1.71531815038432e-27 6602
6 3.61871907929757e-29 9.027745731149474e-28 7130
6.25 3.014828625104458e-29 7.955746030964958e-28 8034
6.5 2.23067289094484e-29 6.076944250973677e-28 8606
6.75 1.56268605036867e-29 4.481089650409673e-28 9066
7 1.058944327978507e-29 3.070326559440653e-28 9962
7.25 6.777700607379672e-30 1.923364845666314e-28 10550
7.5 3.295551535464718e-30 9.823023973335167e-29 11226
7.75 9.454139959800244e-31 3.063537920836269e-29 12146
8 2.698439049308737e-32 1.003166455005119e-30 12303
8.25 1.928737982859503e-38 6.843717286494262e-37 12584
8.5 6.62981536914653e-39 2.295828164382907e-37 12120
8.75 1.679880820307485e-39 7.719498144828425e-38 11180
9 3.932720540271368e-40 2.303084977499675e-38 11096
9.25 6.412118488681599e-41 3.888484994845196e-39 10056
9.5 1.179381335965852e-41 6.788438727220397e-40 9716
9.75 5.927400117981065e-42 3.262193968109304e-40 8604
10 5.007047160335414e-42 2.758329503636498e-40 8060
10.25 4.26786820318235e-42 2.48139683088991e-40 7320
10.5 3.843294003958142e-42 2.242725972189255e-40 6356
10.75 3.275821114591546e-42 1.946671992084148e-40 5348
11 2.804633445356389e-42 1.786580423279217e-40 4308
11.25 2.731990735208987e-42 1.634435595672985e-40 3563
11.5 1.945848699280083e-42 1.29439314286618e-40 2448
11.75 1.629008585120618e-42 1.114970431896078e-40 1868
12 1.253835575082031e-42 8.555574337806473e-41 1358
12.25 1.133262794294524e-42 6.948847302597701e-41 1062
12.5 7.605829769215394e-43 5.143668200734894e-41 776
12.75 4.595592588275123e-43 2.722503810915613e-41 432
13 2.228154848016012e-43 1.576287108243097e-41 200
13.25 1.854696836261956e-43 1.252133872749376e-41 168
13.5 6.176456108806081e-44 4.787529370945181e-42 56
13.75 1.377637829305335e-44 3.815772610816556e-43 7

0.25 2.488555357277769e-17 3.988929577234599e-14 18
0.5 3.860119026491923e-16 1.22340240377565e-12 62
0.75 1.315952237703642e-15 1.103266036716727e-11 98
1 9.264234225029065e-16 1.184407949392165e-10 210
1.25 4.507830110007308e-14 3.970227347445413e-10 350
1.5 1.742054968271647e-13 3.099266850121887e-10 450
1.75 6.587615320246954e-14 4.099093486674863e-11 602
2 2.468966808619309e-15 5.505452836114951e-13 762
2.25 4.000591385346148e-18 2.224764110792646e-16 1142
2.5 3.303376452835549e-18 2.791413404626482e-16 1250
2.75 3.839927043142578e-18 3.649366756976996e-16 1458
3 4.35322755322023e-18 5.395500483933741e-16 1814
3.25 6.035514524299448e-18 6.284545945264721e-16 2178
3.5 7.80020999111249e-18 8.874352361528645e-16 2498
3.75 1.114207162189234e-17 1.060024177305586e-15 2622
4 2.656020087565693e-17 6.112782164993456e-16 3338
4.25 6.317100209806536e-25 8.870431378014134e-23 3722
4.5 5.187243003286678e-25 6.192410015986798e-23 4170
4.75 3.627679190554645e-25 3.577635908989524e-23 4358
5 1.98416149818403e-25 1.655666863377797e-23 5034
5.25 7.086346493960861e-26 5.234269220688073e-24 5714
5.5 1.016255668330197e-26 6.262164305338511e-25 5982
5.75 3.454261189857221e-28 2.348735305141424e-26 6602
6 1.378240256046877e-29 2.459802710606008e-27 7130
6.25 1.130503504561349e-29 2.098318178099688e-27 8034
6.5 8.571631277124874e-30 1.632675631824607e-27 8606
6.75 6.115305683505509e-30 1.211588022746859e-27 9066
7 4.301085697549416e-30 8.123124787913638e-28 9962
7.25 2.683324200193652e-30 5.295888065935506e-28 10550
7.5 1.394452007289538e-30 2.702414480167775e-28 11226
7.75 4.030040378177269e-31 8.109438481579344e-29 12146
8 1.240586713722618e-32 2.599603281409068e-30 12303
8.25 6.825231586555539e-38 1.278652568711739e-35 12584
8.5 2.734816858004542e-38 4.061124020133042e-36 12120
8.75 1.001589218097455e-38 1.115882224100562e-36 11180
9 3.297913108921555e-39 3.118305589525102e-37 11096
9.25 6.821724450800444e-40 5.948515628084036e-38 10056
9.5 1.046211571800345e-40 1.142089742336044e-38 9716
9.75 4.258831487412041e-41 6.759262001496709e-39 8604
10 3.984316221259143e-41 6.621326114329247e-39 8060
10.25 3.904747404894749e-41 6.187897935017732e-39 7320
10.5 3.479639852169865e-41 5.850116586506836e-39 6356
10.75 2.994342017230022e-41 5.288315377248831e-39 5348
11 2.657286123680627e-41 4.39876309472515e-39 4308
11.25 2.415022226930693e-41 3.96504276356856e-39 3563
11.5 1.640731716692856e-41 3.016535146536747e-39 2448
11.75 1.349713051764321e-41 2.338478478043754e-39 1868
12 1.072109851256324e-41 1.81936070831243e-39 1358
12.25 8.716139149737063e-42 1.534970827408496e-39 1062
12.5 6.657544090471511e-42 1.107535816889011e-39 776
12.75 3.757189601123063e-42 6.183946606250155e-40 432
13 2.075037354713165e-42 3.315943111695819e-40 200
13.25 1.536126786078974e-42 2.624066069962024e-40 168
13.5 4.749628127156923e-43 9.89001657482488e-41 56
13.75 1.473141099495211e-43 1.317323103974529e-41 7

0.25 1.607266087599069e-15 3.789784556584217e-15 18
0.5 8.392881863953265e-14 1.240061274667916e-13 62
0.75 1.135231985507729e-12 1.035883217976183e-12 98
1 1.864185006976413e-11 7.015337701601992e-12 210
1.25 8.072145978287324e-11 7.018556124731227e-12 350
1.5 7.058387281699663e-11 2.021518938716098e-12 450
1.75 8.771822314234524e-12 3.016281056593396e-12 602
2 8.829053827387505e-14 1.374562062511113e-13 762
2.25 8.433804270957753e-18 9.942893874971977e-17 1142
2.5 8.147500514025011e-18 9.23559529242695e-17 1250
2.75 8.938321572061247e-18 1.191908982367663e-16 1458
3 1.081210527455891e-17 1.386953996747723e-16 1814
3.25 1.314146537232993e-17 1.912550045511351e-16 2178
3.5 1.873790227788972e-17 2.391932060623236e-16 2498
3.75 2.354812237483192e-17 2.987134170230556e-16 2622
4 6.532648012634309e-17 2.820122628049393e-16 3338
4.25 1.015475472611477e-23 1.790035737278372e-22 3722
4.5 7.315660434168263e-24 9.051826778254823e-23 4170
4.75 4.195749923391638e-24 3.606977313728686e-23 4358
5 2.064635762710663e-24 1.19278456054649e-23 5034
5.25 6.330700058685803e-25 2.092253018946623e-24 5714
5.5 6.918060128967957e-26 1.053090687668206e-25 5982
5.75 1.487892039724539e-27 2.424905119087044e-27 6602
6 3.135749506744847e-29 1.05581135681835e-27 7130
6.25 2.345820345471498e-29 8.584985689485588e-28 8034
6.5 1.647104049867752e-29 6.347287174987162e-28 8606
6.75 1.183688475890081e-29 4.238911582777415e-28 9066
7 8.07187592438728e-30 2.811580722470278e-28 9962
7.25 4.543536289383687e-30 1.799238916839577e-28 10550
7.5 2.350456030404163e-30 8.770976960939438e-29 11226
7.75 6.166918458209687e-31 2.336396834578343e-29 12146
8 1.464682034367024e-32 5.029023932515194e-31 12303
8.25 6.365622732876462e-37 2.420488160791914e-35 12584
8.5 2.094209595363829e-37 9.029930241257715e-36 12120
8.75 6.946565495574966e-38 2.651183083167957e-36 11180
9 2.051170185878182e-38 6.282091952630205e-37 11096
9.25 3.316249948980225e-39 1.002331092543589e-37 10056
9.5 4.764650061392805e-40 2.020089751511134e-38 9716
9.75 2.664869951558047e-40 1.441838160836526e-38 8604
10 2.613932814483148e-40 1.430521092532733e-38 8060
10.25 2.548997218051058e-40 1.415133828467303e-38 7320
10.5 2.298313069637645e-40 1.352981107914429e-38 6356
10.75 2.033451036840537e-40 1.182442013414766e-38 5348
11 1.919705874164705e-40 1.080377006435477e-38 4308
11.25 1.57917791275332e-40 9.882745272920877e-39 3563
11.5 1.116333931691504e-40 7.843597442727155e-39 2448
11.75 9.404287161899439e-41 6.074387562223578e-39 1868
12 7.496142078341668e-41 4.650560413788232e-39 1358
12.25 6.2030597917591e-41 3.538441496245114e-39 1062
12.5 4.636918701727063e-41 2.921019335307969e-39 776
12.75 2.555704596021803e-41 1.557078538763107e-39 432
13 1.483108019191604e-41 8.565143001352579e-40 200
13.25 1.069608124623271e-41 5.129478518054701e-40 168
13.5 3.780620482188963e-42 2.422673553401579e-40 56
13.75 4.691117281745011e-43 5.124481845119056e-41 7

0.25 7.651297779156802e-16 4.647413049904169e-14 18
0.5 4.126469333666202e-14 3.642533711428049e-12 62
0.75 5.404414680397404e-13 6.744549134612063e-11 98
1 7.391957885777343e-12 1.570602812653197e-09 210
1.25 2.204700919112398e-11 8.506334144228963e-09 350
1.5 9.298394618874462e-12 8.351837508331011e-09 450
1.75 2.783504995676471e-13 1.011095282188174e-09 602
2 3.646443558472921e-16 8.042666092323074e-12 762
2.25 1.370853245067267e-18 2.970291591641487e-16 1142
2.5 1.661099488686778e-18 2.765614838959345e-16 1250
2.75 1.961776233232254e-18 3.252848866721163e-16 1458
3 2.812144863563236e-18 3.783153669682213e-16 1814
3.25 3.238778693329639e-18 5.104011244635311e-16 2178
3.5 4.367315989834955e-18 7.047562405527424e-16 2498
3.75 5.891742698090208e-18 8.91549507167319e-16 2622
4 1.992615692004961e-17 1.231179193432665e-15 3338
4.25 6.1028464316879e-22 1.637514875615165e-20 3722
4.5 6.198873488564104e-23 4.635291329758196e-21 4170
4.75 5.826084812247121e-24 1.253154895879222e-21 4358
5 1.460770063137137e-24 5.147031468997292e-22 5034
5.25 4.431522751143031e-25 1.561712563436465e-22 5714
5.5 6.2541120300043e-26 1.672783135401045e-23 5982
5.75 2.288053233745012e-27 4.077799739658553e-25 6602
6 1.626481639768985e-28 8.055115930829613e-26 7130
6.25 6.509543687995916e-29 3.985743508056392e-26 8034
6.5 2.027141297093213e-29 1.265404269669436e-26 8606
6.75 7.722660256345746e-30 2.565554203940689e-27 9066
7 4.279517319096029e-30 7.059197274720277e-28 9962
7.25 2.283519422368024e-30 3.709827029720137e-28 10550
7.5 1.230129322133963e-30 1.745374699025126e-28 11226
7.75 3.289304746647912e-31 4.979062036764257e-29 12146
8 8.613093598823082e-33 1.123238731968669e-30 12303
8.25 2.146815843373574e-36 6.329791285557195e-34 12584
8.5 8.864826768743526e-37 2.512585210405212e-34 12120
8.75 3.889154219383174e-37 9.418376306417811e-35 11180
9 1.529357554404763e-37 3.28539061772426e-35 11096
9.25 3.345143554904879e-38 6.891024297440865e-36 10056
9.5 4.442857531917001e-39 8.157699048349115e-37 9716
9.75 1.740930438174322e-39 2.723291655479249e-37 8604
10 1.68589149088795e-39 2.570608366640974e-37 8060
10.25 1.530740058751985e-39 2.43292905435482e-37 7320
10.5 1.359399837705716e-39 2.219064843408573e-37 6356
10.75 1.144041529648301e-39 1.959547669603557e-37 5348
11 9.959573751888998e-40 1.709522341219998e-37 4308
11.25 8.14331521996787e-40 1.463987603511077e-37 3563
11.5 5.692971154339739e-40 1.063258884399483e-37 2448
11.75 4.518953690700685e-40 8.47099451847666e-38 1868
12 3.25660972744171e-40 6.377822792303599e-38 1358
12.25 2.699040892166956e-40 4.894733374458225e-38 1062
12.5 2.065376567003333e-40 3.984205453757283e-38 776
12.75 1.13693401534951e-40 2.162593565538542e-38 432
13 6.61797297635519e-41 1.300091066449451e-38 200
13.25 3.943393412265158e-41 1.079981315433051e-38 168
13.5 1.752612616148888e-41 3.74997806969527e-39 56
13.75 4.165327102008306e-42 4.338686814594557e-40 7

0.25 5.128105793088078e-15 4.368725353029286e-14 18
0.5 5.036520211023399e-13 5.797522849329118e-12 62
0.75 1.057100983655539e-11 1.559170450848601e-10 98
1 2.543221163691509e-10 5.309446481818497e-09 210
1.25 1.193665442462729e-09 3.505963922841815e-08 350
1.5 8.236234138419113e-10 3.595672318958232e-08 450
1.75 5.429296201458366e-11 3.796248166936067e-09 602
2 1.274405546700411e-13 1.970914556805329e-11 762
2.25 5.035443430617534e-18 2.046203797500966e-16 1142
2.5 4.018299262080868e-18 1.959139004328574e-16 1250
2.75 3.585853321455957e-18 2.358488490329978e-16 1458
3 3.403243136848129e-18 3.017275912496887e-16 1814
3.25 4.374115233253144e-18 3.488621231149391e-16 2178
3.5 6.000488261954902e-18 4.197529071139605e-16 2498
3.75 7.691397967160363e-18 4.976126032560584e-16 2622
4 6.9995313544251e-18 2.021123161841795e-15 3338
4.25 1.587066172997165e-21 4.280394193910995e-19 3722
4.5 6.98679526611161e-22 1.527301417887358e-20 4170
4.75 1.685447307747895e-22 2.278080957245544e-21 4358
5 7.031267141496299e-23 8.304818887427868e-22 5034
5.25 2.030294841663948e-23 1.891447986225828e-22 5714
5.5 1.951767489650548e-24 1.381763002154912e-23 5982
5.75 3.219636003500538e-26 6.102799434535931e-25 6602
6 4.644741844402882e-27 2.6664216260871e-25 7130
6.25 2.486305241967971e-27 1.099808197386769e-25 8034
6.5 6.842234723993195e-28 3.180487686307735e-26 8606
6.75 9.248685309933462e-29 5.961516199498131e-27 9066
7 1.223742886525856e-29 8.937448971658167e-28 9962
7.25 3.515430375535454e-30 2.192865496228007e-28 10550
7.5 1.567163390981329e-30 8.849674885848636e-29 11226
7.75 3.571236401722778e-31 2.255053420612864e-29 12146
8 8.572037725361861e-33 4.745112703094862e-31 12303
8.25 9.343918494521793e-35 3.727352717530546e-33 12584
8.5 1.809579524304033e-35 5.800948941866489e-34 12120
8.75 5.134771646109836e-36 1.784989744535554e-34 11180
9 1.614149017871943e-36 6.981415359369301e-35 11096
9.25 3.03455632501853e-37 1.537767621163611e-35 10056
9.5 4.506237889819559e-38 2.521119033038612e-36 9716
9.75 2.658809106097936e-38 1.53404851691056e-36 8604
10 2.544016245783847e-38 1.491334106676951e-36 8060
10.25 2.357323535103995e-38 1.460728243856141e-36 7320
10.5 2.076786948497659e-38 1.317683864109819e-36 6356
10.75 1.840236075820885e-38 1.166679541176246e-36 5348
11 1.503166066726415e-38 1.01246972884466e-36 4308
11.25 1.315533256234301e-38 9.143825028521781e-37 3563
11.5 9.297862222805765e-39 6.732475190076333e-37 2448
11.75 6.832264675265539e-39 5.132914024751443e-37 1868
12 5.425803855867124e-39 4.333153978579398e-37 1358
12.25 4.296985240875112e-39 3.266304079717337e-37 1062
12.5 3.109252338324241e-39 2.758392243241727e-37 776
12.75 1.769984469251146e-39 1.477413870694432e-37 432
13 9.085569031485486e-40 6.580348522889004e-38 200
13.25 8.286948930291338e-40 5.176095927350303e-38 168
13.5 2.503081525520598e-40 1.605581686929484e-38 56
13.75 4.128257528671388e-41 4.766535685584384e-39 7

0.25 4.562800110357947e-15 6.233021283297817e-14 18
0.5 6.521284546513766e-13 3.545045313276976e-12 62
0.75 1.816191078937641e-11 4.286233942255391e-11 98
1 6.0214826305784e-10 8.791621895778787e-11 210
1.25 3.491458066122845e-09 5.101475699494509e-09 350
1.5 2.759608176683048e-09 2.141468871435267e-08 450
1.75 1.911576057466345e-10 4.418315779932841e-09 602
2 4.445514081843618e-13 3.194690263302349e-11 762
2.25 1.752437037993149e-15 8.520036391089223e-13 1142
2.5 1.404036682394662e-15 4.820480522827479e-13 1250
2.75 1.208243985420411e-15 3.241616323971778e-13 1458
3 1.064903973859232e-15 2.423753695442455e-13 1814
3.25 7.963614414855966e-16 1.462759740794484e-13 2178
3.5 5.790084054039746e-16 7.771629455572154e-14 2498
3.75 3.429308789493959e-16 2.781128175379078e-14 2622
4 1.797714727583598e-16 9.829875207055652e-15 3338
4.25 4.386582226572609e-17 7.794362843941672e-16 3722
4.5 5.17188566541473e-18 4.297661009779996e-17 4170
4.75 2.835480627887347e-19 1.811805899361256e-18 4358
5 8.249424883752428e-21 2.521773270626364e-19 5034
5.25 1.305227520650726e-22 1.288517764163468e-19 5714
5.5 2.256237987200466e-23 6.334228264605499e-20 5982
5.75 1.578277908638907e-23 3.006346215035353e-20 6602
6 1.16888572158935e-23 1.22542955187372e-20 7130
6.25 7.374367126188727e-24 4.131361284112177e-21 8034
6.5 3.788216730028529e-24 1.184445914708711e-21 8606
6.75 1.187523320727138e-24 2.136474879773605e-22 9066
7 2.613578305688542e-25 2.943255090905442e-23 9962
7.25 3.334195336210234e-26 2.668190903221773e-24 10550
7.5 2.915882024415046e-27 1.995921410586773e-25 11226
7.75 1.750319455732558e-28 2.143194201112063e-26 12146
8 1.028137452968197e-29 5.940066754318561e-27 12303
8.25 1.592816366082465e-30 2.311359774690078e-27 12584
8.5 2.818007970726072e-31 7.732889560519199e-28 12120
8.75 6.16144401163451e-32 2.449405482272518e-28 11180
9 2.532357870560173e-32 7.544739794684169e-29 11096
9.25 1.14251288729493e-32 1.772514463337818e-29 10056
9.5 4.018312449592764e-33 3.510139296042317e-30 9716
9.75 7.910786285360008e-34 4.139558453571587e-31 8604
10 1.177097354406904e-34 4.125654782108969e-32 8060
10.25 1.141219025764723e-35 2.773186953301104e-33 7320
10.5 8.533774806201353e-37 2.531656424449988e-34 6356
10.75 1.03161073755124e-37 5.632108885699795e-35 5348
11 3.081629153805681e-38 1.884694695027982e-35 4308
11.25 1.915478812816837e-38 7.516804680894669e-36 3563
11.5 1.317077218614873e-38 3.052145510805626e-36 2448
11.75 9.797181645989034e-39 1.926151280770021e-36 1868
12 8.258783916914355e-39 1.467487762666051e-36 1358
12.25 6.32573854759556e-39 1.097627044238853e-36 1062
12.5 5.082118661115593e-39 8.606773209597288e-37 776
12.75 2.566399697168668e-39 5.239676573484836e-37 432
13 1.307466068774022e-39 2.255933115344021e-37 200
13.25 1.112342887419051e-39 1.811054461389316e-37 168
13.5 3.212682011367905e-40 6.387115370095579e-38 56
13.75 7.607992770643431e-41 1.662218772342503e-38 7

0.25 7.040854519473532e-15 1.038996494827888e-12 18
0.5 3.210657056352935e-13 1.889207701869568e-10 62
0.75 1.519734187536466e-11 6.839026153415406e-09 98
1 1.240226482223037e-09 3.031757537725391e-07 210
1.25 1.321066982500502e-08 1.933774705122371e-06 350
1.5 1.615604033655778e-08 1.411436228004387e-06 450
1.75 1.465722254256591e-09 7.290447495074991e-08 602
2 3.939224261623087e-12 9.093523433411433e-11 762
2.25 3.409623927792909e-14 1.524078650959175e-11 1142
2.5 1.728877272171958e-14 9.008144239408768e-12 1250
2.75 5.00105440997173e-14 4.364436754317758e-12 1458
3 8.088826119310699e-14 1.535148544714378e-12 1814
3.25 7.280954474916142e-14 4.885042744557201e-13 2178
3.5 4.30165962845689e-14 4.617838504938471e-13 2498
3.75 1.203692939292545e-14 2.014396779364201e-13 2622
4 1.443788060515166e-15 3.542914598705769e-14 3338
4.25 6.902245313778817e-17 4.04788144400201e-14 3722
4.5 3.022167939282913e-17 1.190767257192101e-14 4170
4.75 2.798498985589688e-18 7.99822660328206e-16 4358
5 2.9720685087829e-19 8.345652088939113e-17 5034
5.25 2.343034539182788e-19 4.241951498994657e-17 5714
5.5 1.775936250962146e-19 2.666644583678039e-17 5982
5.75 1.169227095229913e-19 1.79393599861096e-17 6602
6 5.541881617845142e-20 1.062022601305908e-17 7130
6.25 1.915891740051542e-20 4.789996456001929e-18 8034
6.5 5.460480108107777e-21 1.548071635299025e-18 8606
6.75 1.080793420178896e-21 2.372003967531573e-19 9066
7 2.015059495448e-22 1.780113805539027e-20 9962
7.25 2.719837582725612e-23 8.984377692364019e-22 10550
7.5 3.092500300973886e-24 2.964204781659118e-22 11226
7.75 3.842114492867012e-25 1.098605880383185e-22 12146
8 1.033688250931194e-25 3.316289096815571e-23 12303
8.25 3.869574068703207e-26 7.235768288395096e-24 12584
8.5 1.075541437957198e-26 7.933918170129662e-25 12120
8.75 2.90869215357121e-27 5.294799649246861e-25 11180
9 1.215531639396163e-27 4.033736527533565e-25 11096
9.25 5.09702688005763e-28 1.712244742490115e-25 10056
9.5 1.364248490965118e-28 4.914175045730486e-26 9716
9.75 1.687348405505186e-29 8.074445488760952e-27 8604
10 2.064547609976991e-30 1.504957039820091e-27 8060
10.25 5.828998352072131e-31 4.124336299455463e-28 7320
10.5 2.257192317029643e-31 1.358224025550273e-28 6356
10.75 7.31110713253829e-32 3.874030453027835e-29 5348
11 2.091854835814813e-32 9.360305237471348e-30 4308
11.25 5.062676820044437e-33 2.292362620699669e-30 3563
11.5 5.240329690992836e-34 1.889403229872079e-31 2448
11.75 3.208355203519648e-35 8.455089176022976e-33 1868
12 3.358259067121291e-36 4.786949111804784e-34 1358
12.25 8.052429516062005e-37 3.988258773545688e-35 1062
12.5 2.473881977075519e-37 2.070675263587813e-35 776
12.75 6.875664886408654e-38 1.052116496412468e-35 432
13 2.77765557316355e-38 5.935480720084883e-36 200
13.25 2.043028352081098e-38 4.552286829368296e-36 168
13.5 8.171609763056155e-39 1.036753116052642e-36 56
13.75 6.373627408618247e-40 2.451493379395873e-37 7

0.25 5.491823555119031e-12 2.35436962991829e-11 18
0.5 3.460871032804646e-11 5.533788879985136e-10 62
0.75 1.069778996849513e-10 1.78248170559746e-08 98
1 4.492523662116017e-10 1.093152398293443e-06 210
1.25 9.716705162058058e-09 8.458491311752576e-06 350
1.5 2.158618561082093e-08 6.84021623422663e-06 450
1.75 3.201019529146062e-09 3.567820183185047e-07 602
2 6.168238106531766e-10 5.242212135682609e-09 762
2.25 5.940212297573e-10 8.056370080516803e-09 1142
2.5 3.220499785776334e-10 7.09510542402178e-09 1250
2.75 2.073649053537652e-10 6.537181239601005e-09 1458
3 1.477412121131869e-10 6.09905686243881e-09 1814
3.25 8.442933575677164e-11 4.868099010781903e-09 2178
3.5 4.183010993388926e-11 3.739292647184769e-09 2498
3.75 1.474346289695109e-11 2.261130018336905e-09 2622
4 4.693923836199717e-12 1.18284862792029e-09 3338
4.25 1.370582369037044e-12 2.891345032986896e-10 3722
4.5 7.48977792286866e-13 3.388093409722291e-11 4170
4.75 4.318811861357792e-13 2.353572208843552e-12 4358
5 2.857686798684972e-13 6.863575913434186e-13 5034
5.25 1.719535509733981e-13 7.434117157606624e-13 5714
5.5 8.491642003436227e-14 6.759101296128021e-13 5982
5.75 4.063850140006419e-14 5.540469178887422e-13 6602
6 1.69348225691731e-14 3.909519675686991e-13 7130
6.25 6.269302166644684e-15 2.243319974179774e-13 8034
6.5 2.318159166750992e-15 1.058921558857177e-13 8606
6.75 7.484610473163807e-16 3.513040864265019e-14 9066
7 3.231633461207407e-16 1.128744105984372e-14 9962
7.25 1.700226924288394e-16 3.459858946920367e-15 10550
7.5 9.715643427579089e-17 1.350467846616229e-15 11226
7.75 5.333638035350258e-17 6.048433048763814e-16 12146
8 2.538091992468173e-17 2.754897247303328e-16 12303
8.25 1.069113921026314e-17 1.340177052066218e-16 12584
8.5 3.753299899322254e-18 6.26915243690375e-17 12120
8.75 1.349633843730849e-18 3.107045272556506e-17 11180
9 5.341344433269702e-19 1.624638405136899e-17 11096
9.25 1.912382071301096e-19 7.258201069479046e-18 10056
9.5 7.020971984316633e-20 3.307772689744127e-18 9716
9.75 2.888269803178364e-20 1.2710170172606e-18 8604
10 1.414555976224435e-20 4.826597491989757e-19 8060
10.25 6.381248483407206e-21 1.687058244136895e-19 7320
10.5 2.465088482760458e-21 5.795744340677677e-20 6356
10.75 8.2329179180311e-22 2.276238195961427e-20 5348
11 2.747565190435045e-22 8.712638860811618e-21 4308
11.25 9.330479722915615e-23 3.750104159886592e-21 3563
11.5 2.064196748510681e-23 1.20967564295284e-21 2448
11.75 5.483390347742609e-24 4.294671623918487e-22 1868
12 2.242515792741076e-24 1.706578807984629e-22 1358
12.25 8.98443525647435e-25 6.362099321209076e-23 1062
12.5 3.502626167495943e-25 2.232808383001166e-23 776
12.75 7.600154388376319e-26 4.779097109133559e-24 432
13 1.778281137477692e-26 1.105894091743055e-24 200
13.25 5.328023639831891e-27 2.741810143578064e-25 168
13.5 4.013934098858578e-28 2.186116144791209e-26 56
13.75 1.971127001658692e-29 1.267820789373516e-27 7

0.25 2.948004554427099e-10 9.476092168138698e-09 18
0.5 1.632798649097593e-09 5.797985117416952e-08 62
0.75 4.453384590850562e-09 2.058337976015272e-07 98
1 2.716816116939296e-08 7.578168982442283e-07 210
1.25 3.005813037033994e-07 9.401257851838994e-06 350
1.5 3.393149545082093e-07 1.749000486196209e-05 450
1.75 2.399287007003634e-08 3.11758446585283e-06 602
2 1.043597574505935e-09 1.205905391817854e-06 762
2.25 1.01150980903023e-09 8.154933601819768e-07 1142
2.5 1.71308472110941e-09 2.601114006661997e-07 1250
2.75 2.094084545601068e-09 8.421635024235087e-08 1458
3 2.028956260903463e-09 3.809501011472499e-08 1814
3.25 1.643202846405034e-09 2.895955196276086e-08 2178
3.5 1.410967671515433e-09 2.184214704097135e-08 2498
3.75 1.353812400275595e-09 1.120880473079638e-08 2622
4 1.327094048487036e-09 8.915210715536037e-09 3338
4.25 6.544398683042312e-10 9.245721350804246e-09 3722
4.5 2.300955231735339e-10 9.173130422718074e-09 4170
4.75 8.763110681476292e-11 7.13329665095804e-09 4358
5 3.91531306413162e-11 5.400736107312823e-09 5034
5.25 1.558547617172738e-11 3.404116709463888e-09 5714
5.5 6.762969836308192e-12 1.694480031070063e-09 5982
5.75 3.890204163783725e-12 8.24852232551921e-10 6602
6 2.470168900603644e-12 3.556337188550561e-10 7130
6.25 1.984864080695357e-12 1.57361195968643e-10 8034
6.5 1.35035523988356e-12 7.06882861844948e-11 8606
6.75 8.77392865121285e-13 4.034771897939759e-11 9066
7 5.613920400323981e-13 3.559586296305916e-11 9962
7.25 3.00079080726441e-13 3.617647560334865e-11 10550
7.5 1.454229755269862e-13 3.450007841997631e-11 11226
7.75 7.29664840489168e-14 2.908531132633026e-11 12146
8 3.515832731346714e-14 1.996019135054002e-11 12303
8.25 1.60964862638553e-14 1.152987879489718e-11 12584
8.5 9.291745520908888e-15 6.051143472531952e-12 12120
8.75 7.406546126211562e-15 2.976353040494839e-12 11180
9 6.079917314834029e-15 1.357209947395437e-12 11096
9.25 4.318718370398354e-15 4.694882820098302e-13 10056
9.5 2.847611785104901e-15 1.501995448164144e-13 9716
9.75 1.606080840837328e-15 4.77122373685484e-14 8604
10 7.886606684435857e-16 2.866591343888238e-14 8060
10.25 3.577650521091069e-16 2.589254697911997e-14 7320
10.5 1.302451297694446e-16 2.16248096493465e-14 6356
10.75 3.989334164669337e-17 1.438722040041071e-14 5348
11 1.189150710598159e-17 8.136124215032359e-15 4308
11.25 5.237977192183598e-18 4.498443731283606e-15 3563
11.5 2.823045907655161e-18 1.54368559741321e-15 2448
11.75 1.962249756723855e-18 5.293030720089896e-16 1868
12 1.36721748247902e-18 1.71243920307051e-16 1358
12.25 8.702437815096406e-19 4.700668449641237e-17 1062
12.5 4.365701621676352e-19 1.725066357107342e-17 776
12.75 1.489785159760916e-19 9.492412844756172e-18 432
13 4.968714622640326e-20 4.832189864324176e-18 200
13.25 1.791235596796642e-20 3.277124492247884e-18 168
13.5 2.986541549762162e-21 8.70994932953968e-19 56
13.75 1.02502731213177e-22 7.505974127075066e-20 7

0.25 3.198249394798196e-10 9.259865877361772e-09 18
0.5 2.014209777051484e-09 4.791189684693704e-08 62
0.75 6.594550392904084e-09 1.857765416413762e-07 98
1 1.753924027057283e-08 4.862708793464418e-07 210
1.25 1.117316391453064e-07 5.014744128845261e-06 350
1.5 3.325648457588492e-07 6.813709490142872e-06 450
1.75 1.371383546100419e-07 5.747350657224828e-07 602
2 8.525407982779307e-08 5.641301937260855e-07 762
2.25 4.573648413673732e-08 1.742662238949554e-06 1142
2.5 7.65380371365456e-09 1.588764895314682e-06 1250
2.75 3.321645445669032e-09 1.184591544955831e-06 1458
3 5.10686124649902e-09 6.895665813769493e-07 1814
3.25 4.794370192623098e-09 3.621279703195573e-07 2178
3.5 4.10959521789153e-09 1.88024948718828e-07 2498
3.75 3.635295345937938e-09 8.854279724798507e-08 2622
4 3.259433198551395e-09 4.970052730583379e-08 3338
4.25 1.496312035430771e-09 2.958240492162796e-08 3722
4.5 5.031317014763691e-10 2.002251581355542e-08 4170
4.75 2.631797035987898e-10 1.287315987760656e-08 4358
5 2.267379049427327e-10 9.938529854694146e-09 5034
5.25 1.917103479941415e-10 8.359499716274215e-09 5714
5.5 1.337289165318101e-10 6.276351534734291e-09 5982
5.75 9.560424073599229e-11 5.142425952832428e-09 6602
6 5.66927067650168e-11 3.781162540161332e-09 7130
6.25 3.291035753118095e-11 2.647940942486027e-09 8034
6.5 1.846906913231225e-11 1.747970222838957e-09 8606
6.75 1.097780088732426e-11 1.13811211057103e-09 9066
7 6.820587555476687e-12 7.943269053743754e-10 9962
7.25 4.486924078494723e-12 5.100506067314596e-10 10550
7.5 3.04269282045559e-12 3.492907878212253e-10 11226
7.75 2.366600239653768e-12 2.265655997614878e-10 12146
8 1.653866898560871e-12 1.396601350444272e-10 12303
8.25 1.173582310319427e-12 8.679801051669953e-11 12584
8.5 6.811568429739066e-13 4.868700160685328e-11 12120
8.75 4.171016952806822e-13 2.637571397909775e-11 11180
9 2.554275922922025e-13 1.560276806289645e-11 11096
9.25 1.551308476323244e-13 9.303861965321391e-12 10056
9.5 9.070086490970768e-14 5.796384612392812e-12 9716
9.75 5.1816067740706e-14 3.655721454841136e-12 8604
10 2.992893740254304e-14 2.426842937313035e-12 8060
10.25 1.779324491493807e-14 1.532190529560206e-12 7320
10.5 1.004937968363216e-14 8.936400554127704e-13 6356
10.75 5.734276771337993e-15 5.332973219452171e-13 5348
11 3.053049572352262e-15 2.810076045560052e-13 4308
11.25 1.725942086569604e-15 1.548651373999874e-13 3563
11.5 6.563100781383159e-16 5.980494380171622e-14 2448
11.75 3.244291897167075e-16 2.863727997574813e-14 1868
12 1.840448855519352e-16 1.320781683042806e-14 1358
12.25 1.031451925844124e-16 6.867840666093307e-15 1062
12.5 5.376378275837257e-17 3.57448633081323e-15 776
12.75 2.567531077235499e-17 1.399630580447012e-15 432
13 1.052086325815357e-17 5.809747414352527e-16 200
13.25 7.277101009784461e-18 3.847000277857793e-16 168
13.5 2.098647718585003e-18 8.440824917681134e-17 56
13.75 2.490056554384627e-19 1.131142602880302e-17 7

0.25 1.586824653652246e-10 9.443456153345187e-09 18
0.5 1.281475081712917e-09 1.125761144797166e-07 62
0.75 3.641437783025949e-09 3.152102255103863e-07 98
1 1.153513405988318e-08 1.149783424427432e-06 210
1.25 4.46031842693663e-08 2.952823103865167e-06 350
1.5 8.571540198039174e-08 7.161008028227149e-06 450
1.75 1.869567520896365e-07 7.252265154503199e-06 602
2 2.569012413350048e-07 3.341644387210325e-06 762
2.25 1.483847024774156e-07 1.811965746868739e-06 1142
2.5 2.301780525922028e-08 2.377664146304918e-06 1250
2.75 1.296371853952848e-08 1.931104669871217e-06 1458
3 1.120846809978698e-08 2.065065547083861e-06 1814
3.25 6.083397028028377e-09 1.715967501390189e-06 2178
3.5 4.991074567492434e-09 1.207248180679323e-06 2498
3.75 3.42252236632565e-09 9.142696894593274e-07 2622
4 2.949942213991821e-09 8.660462218397957e-07 3338
4.25 2.186646831924782e-09 6.845938477498254e-07 3722
4.5 1.631886347951377e-09 4.878167057801481e-07 4170
4.75 1.104098205219676e-09 2.799057623218389e-07 4358
5 9.007054573252132e-10 1.653575049872368e-07 5034
5.25 7.298879502363751e-10 1.017610493921014e-07 5714
5.5 5.776681419426503e-10 6.392740785202252e-08 5982
5.75 5.272548261424901e-10 4.352412925415481e-08 6602
6 3.967251373775814e-10 3.301402523905397e-08 7130
6.25 3.230036689065124e-10 2.760970179871499e-08 8034
6.5 2.519066494242273e-10 1.962389698941094e-08 8606
6.75 1.969349723280431e-10 1.460263290105923e-08 9066
7 1.753742868472421e-10 1.242997897544616e-08 9962
7.25 1.542004921932425e-10 1.101006747415285e-08 10550
7.5 1.36294499730015e-10 9.881629139374495e-09 11226
7.75 1.264020078980658e-10 9.458671152758943e-09 12146
8 9.837530226388041e-11 8.319022888154607e-09 12303
8.25 5.431858051257029e-11 6.170562099083055e-09 12584
8.5 3.010924913475765e-11 3.507347290921392e-09 12120
8.75 2.292267522727791e-11 1.872007973249344e-09 11180
9 2.208489052671657e-11 9.748053348235596e-10 11096
9.25 1.915904995883019e-11 5.690092273528911e-10 10056
9.5 1.558058728294738e-11 4.736490907881299e-10 9716
9.75 1.164625144461588e-11 4.184313730488745e-10 8604
10 8.859350527354235e-12 3.897749441456105e-10 8060
10.25 6.015379427482681e-12 3.75226095256536e-10 7320
10.5 4.247769417996476e-12 3.478773122574289e-10 6356
10.75 2.857789705732808e-12 2.876208967291294e-10 5348
11 1.670583286841797e-12 2.362273276703345e-10 4308
11.25 1.11715383939241e-12 2.011380855104866e-10 3563
11.5 5.067686395997085e-13 1.234030272098188e-10 2448
11.75 3.165960891927778e-13 7.623709351935063e-11 1868
12 2.138369554360823e-13 4.841595978445724e-11 1358
12.25 1.573088074832693e-13 2.862721487469238e-11 1062
12.5 1.176468259753775e-13 1.459032058946826e-11 776
12.75 5.075366537096092e-14 7.636441591378757e-12 432
13 2.50547036130584e-14 2.274214313760195e-12 200
13.25 1.789517803034253e-14 1.492188619117265e-12 168
13.5 4.373067621599511e-15 5.351744879706295e-13 56
13.75 6.59253326555921e-16 2.681154788997239e-14 7

0.25 1.152062968457596e-09 2.124571806334202e-08 18
0.5 1.21590182238147e-08 9.868905700274755e-08 62
0.75 2.136914841138214e-08 2.305535839723711e-07 98
1 6.61630995463449e-08 4.927750385071412e-07 210
1.25 1.219923253795522e-07 8.034579519137488e-07 350
1.5 2.252890960946873e-07 1.272516769449637e-06 450
1.75 4.129845670084033e-07 1.299361204629594e-06 602
2 4.391155833750941e-07 2.643174758962871e-06 762
2.25 1.578158289989836e-07 4.504327910382604e-06 1142
2.5 7.045012811524745e-08 2.78914508720515e-06 1250
2.75 7.355528070778355e-08 2.415678880522954e-06 1458
3 7.661909835949177e-08 1.846405242277789e-06 1814
3.25 6.548493283628084e-08 1.242408391702119e-06 2178
3.5 5.788650086391658e-08 9.555488857356195e-07 2498
3.75 3.998184402475553e-08 7.165493066179829e-07 2622
4 3.78007490791417e-08 7.157738980454689e-07 3338
4.25 3.122502265133702e-08 6.475325128638076e-07 3722
4.5 2.64124096510991e-08 5.534144105281109e-07 4170
4.75 2.237535073088549e-08 4.868001553615675e-07 4358
5 2.126833244102468e-08 4.846507252753088e-07 5034
5.25 1.968746348551254e-08 4.526633959797083e-07 5714
5.5 1.765221740937278e-08 4.238286236375845e-07 5982
5.75 1.666046388562177e-08 4.071031923210603e-07 6602
6 1.589430595188752e-08 4.029814809842314e-07 7130
6.25 1.558493327748446e-08 3.946796081374514e-07 8034
6.5 1.501509911152955e-08 3.843199001366404e-07 8606
6.75 1.415985341668195e-08 3.738607932004707e-07 9066
7 1.411087215879618e-08 3.772397828838388e-07 9962
7.25 1.441186192299512e-08 3.952686202554382e-07 10550
7.5 1.430498448909396e-08 4.067314463890845e-07 11226
7.75 1.471661835296003e-08 4.264811267769602e-07 12146
8 1.366095858608217e-08 4.179366899072984e-07 12303
8.25 1.218032739038142e-08 3.747483857675655e-07 12584
8.5 9.622859209874225e-09 3.118258582714251e-07 12120
8.75 7.323949892328247e-09 2.613894841468699e-07 11180
9 5.824420334910272e-09 2.329078533839596e-07 11096
9.25 4.245936449123214e-09 1.964577738220559e-07 10056
9.5 3.338071308484494e-09 1.798550362308391e-07 9716
9.75 2.433336629149632e-09 1.492822571161877e-07 8604
10 1.96778258451239e-09 1.35122856190959e-07 8060
10.25 1.461024692476337e-09 1.174222898320005e-07 7320
10.5 1.079528264432511e-09 9.616064221538306e-08 6356
10.75 7.820656568136931e-10 7.885460641726327e-08 5348
11 5.166050249462953e-10 5.369693306983287e-08 4308
11.25 3.761581462456406e-10 4.087206169283332e-08 3563
11.5 2.152354761578655e-10 2.18003233877962e-08 2448
11.75 1.451735254948917e-10 1.387574461720806e-08 1868
12 9.210222538426146e-11 9.082901946695442e-09 1358
12.25 7.195956081556455e-11 5.855952379186003e-09 1062
12.5 4.695969246799942e-11 3.83650248896905e-09 776
12.75 2.626608738779267e-11 2.113346867879058e-09 432
13 1.172222986780456e-11 9.306448504271796e-10 200
13.25 8.849063628509253e-12 7.968126579627179e-10 168
13.5 3.642734546418991e-12 2.765860991298695e-10 56
13.75 3.198039110094856e-13 2.754911815728985e-11 7

0.25 2.275020577843553e-09 1.864601117423507e-07 18
0.5 6.321582992620948e-09 7.582280423737592e-07 62
0.75 1.558172875743886e-08 1.343506698506324e-06 98
1 2.181894548101702e-08 2.904410419892823e-06 210
1.25 3.323819021302031e-08 5.44874376969288e-06 350
1.5 4.051769741232336e-08 6.744396814215517e-06 450
1.75 5.214341450280895e-08 9.168982708457136e-06 602
2 7.406842513939962e-08 1.581150822639908e-05 762
2.25 6.795390264600466e-08 2.519972025144633e-05 1142
2.5 6.507298193030313e-08 1.417182726539478e-05 1250
2.75 7.285270469507821e-08 8.071265526154349e-06 1458
3 7.742745858820365e-08 5.554282252477395e-06 1814
3.25 6.864642086180324e-08 5.057985122355136e-06 2178
3.5 5.658584930447173e-08 4.445736106177901e-06 2498
3.75 4.461981045321713e-08 3.775301211592828e-06 2622
4 4.620942922526752e-08 3.454836384120191e-06 3338
4.25 4.061459129300377e-08 3.151530062981692e-06 3722
4.5 3.517866673589556e-08 2.773542366134305e-06 4170
4.75 3.054610634770854e-08 2.186496593476665e-06 4358
5 2.800385547550542e-08 2.044384573370883e-06 5034
5.25 2.556325968332036e-08 1.811853364480659e-06 5714
5.5 2.222420642979077e-08 1.587988619728169e-06 5982
5.75 1.970364213954875e-08 1.484328943712596e-06 6602
6 1.810315185183518e-08 1.358169706245815e-06 7130
6.25 1.753692518805652e-08 1.282641476670057e-06 8034
6.5 1.613010976371394e-08 1.207052180135245e-06 8606
6.75 1.496658682050513e-08 1.122487311356209e-06 9066
7 1.418165080263346e-08 1.08050085531117e-06 9962
7.25 1.38852472114683e-08 1.070376288655454e-06 10550
7.5 1.367219718489864e-08 1.01079281499967e-06 11226
7.75 1.30758916326177e-08 1.008896608688844e-06 12146
8 1.136167890512858e-08 9.069357455693957e-07 12303
8.25 8.454856199868466e-09 6.62903672635713e-07 12584
8.5 5.77884910105765e-09 4.594557638734632e-07 12120
8.75 4.042511387206653e-09 3.500919494122744e-07 11180
9 3.135026368939439e-09 2.85469946783013e-07 11096
9.25 2.411476226005884e-09 2.300620814397521e-07 10056
9.5 2.060220134918277e-09 1.95328600116513e-07 9716
9.75 1.552463669429772e-09 1.557643288737423e-07 8604
10 1.346621441414759e-09 1.377215201790652e-07 8060
10.25 1.067642483981952e-09 1.132929839865153e-07 7320
10.5 8.192791539052266e-10 9.210022387673548e-08 6356
10.75 6.702344061858095e-10 7.192030111173826e-08 5348
11 4.345840664066041e-10 4.884264028706123e-08 4308
11.25 3.189350856452923e-10 3.4070148954098e-08 3563
11.5 1.737664686005484e-10 1.67429557731965e-08 2448
11.75 1.268842641088149e-10 1.185762200495479e-08 1868
12 9.02011681440485e-11 8.832263797550716e-09 1358
12.25 7.13622758898856e-11 7.372326559093391e-09 1062
12.5 5.731113572629154e-11 5.355563874498026e-09 776
12.75 3.31843227769772e-11 2.559769618354883e-09 432
13 1.538295089875724e-11 1.316422328068598e-09 200
13.25 1.638682466885239e-11 9.839043717887997e-10 168
13.5 4.406686481225347e-12 2.857749051956126e-10 56
13.75 7.478516355145169e-13 2.928747629446847e-11 7

0.25 3.871247793664168e-09 5.693304310871378e-08 18
0.5 2.233223266674384e-08 1.87236572132072e-07 62
0.75 3.156790484733703e-08 1.867105962139436e-07 98
1 9.026498983368378e-08 4.745183879651979e-07 210
1.25 1.192375563207669e-07 7.09832399805056e-07 350
1.5 1.786661842724765e-07 9.981682924032542e-07 450
1.75 2.241176908721096e-07 1.362763772856971e-06 602
2 2.453232453546791e-07 1.79643185506299e-06 762
2.25 3.543020562728107e-07 3.345217824720713e-06 1142
2.5 2.149051357030566e-07 4.05400904200889e-06 1250
2.75 2.060568457177404e-07 3.409109056528938e-06 1458
3 2.402463989744632e-07 3.018513594675047e-06 1814
3.25 2.27812384832149e-07 2.929680797511865e-06 2178
3.5 2.09179442954977e-07 2.973807576204797e-06 2498
3.75 1.643216236048012e-07 2.701717221666253e-06 2622
4 1.688582487443206e-07 3.027714605734166e-06 3338
4.25 1.541995558466672e-07 2.852152934753718e-06 3722
4.5 1.508462336392549e-07 2.869910084553823e-06 4170
4.75 1.28327244148591e-07 2.734299234993757e-06 4358
5 1.298127879513089e-07 2.78817888086801e-06 5034
5.25 1.257460891046245e-07 2.916292884290863e-06 5714
5.5 1.121623811039901e-07 2.631109095239814e-06 5982
5.75 1.083476732982659e-07 2.744003198636632e-06 6602
6 9.937555944311199e-08 2.599552562240903e-06 7130
6.25 9.938831773087759e-08 2.787773698281782e-06 8034
6.5 9.051145016072413e-08 2.604683688903389e-06 8606
6.75 8.166689508608866e-08 2.549031230415087e-06 9066
7 7.936307945853302e-08 2.573062818039523e-06 9962
7.25 7.610762347044443e-08 2.615611502351176e-06 10550
7.5 7.187724350479945e-08 2.435981099892175e-06 11226
7.75 7.08444427350307e-08 2.408405615339801e-06 12146
8 6.449891686195363e-08 2.321376326945867e-06 12303
8.25 5.402382854815361e-08 2.120477232461135e-06 12584
8.5 4.030045993346185e-08 1.703183725845812e-06 12120
8.75 3.018994679972706e-08 1.364925837276737e-06 11180
9 2.403784860417582e-08 1.15013039615912e-06 11096
9.25 1.869115414533092e-08 9.103565029590464e-07 10056
9.5 1.548581545299538e-08 7.719911332327048e-07 9716
9.75 1.176275954975742e-08 6.070455525293891e-07 8604
10 9.246268336901632e-09 5.113873887746602e-07 8060
10.25 7.607237742873014e-09 4.318030402789936e-07 7320
10.5 5.71724721218214e-09 3.418752315021844e-07 6356
10.75 4.177629260117887e-09 2.660710436248996e-07 5348
11 2.917233167029291e-09 2.041174157868387e-07 4308
11.25 2.022374187550928e-09 1.50903170161888e-07 3563
11.5 1.060021534906534e-09 8.756739334430772e-08 2448
11.75 7.063329957258054e-10 6.227080803151505e-08 1868
12 4.286306739151158e-10 4.277967972409776e-08 1358
12.25 2.753566868538424e-10 2.778942639838136e-08 1062
12.5 1.944499643487405e-10 2.063805804761905e-08 776
12.75 9.904699345265575e-11 1.113582628773899e-08 432
13 4.491121813845316e-11 5.044621212400786e-09 200
13.25 3.966040656919976e-11 3.434570203729316e-09 168
13.5 1.287974999433024e-11 1.149403720344699e-09 56
13.75 2.315515111855124e-12 2.511788000039597e-10 7

0.25 8.776667720908805e-10 5.168423519467607e-07 18
0.5 6.965681915527763e-09 1.525507097902312e-06 62
0.75 1.093415949568282e-08 1.982479378915866e-06 98
1 2.46923839074505e-08 3.315638244674805e-06 210
1.25 4.525702482314585e-08 4.470684132608859e-06 350
1.5 6.251330060076103e-08 5.584802975359903e-06 450
1.75 7.548798951997291e-08 5.571004179326565e-06 602
2 9.927042524047695e-08 7.143947373470626e-06 762
2.25 1.240462267398332e-07 9.12658822696761e-06 1142
2.5 1.355590367768145e-07 8.989727924584479e-06 1250
2.75 1.3777832546752e-07 9.391296230661607e-06 1458
3 1.373069321882451e-07 9.904010640033273e-06 1814
3.25 1.366775953407386e-07 9.852994787447002e-06 2178
3.5 1.338663997147275e-07 1.050152834613023e-05 2498
3.75 1.227358630347623e-07 9.289495319549901e-06 2622
4 1.332425891026802e-07 9.340261676775485e-06 3338
4.25 1.235253418020408e-07 8.825607913127245e-06 3722
4.5 1.147949173341351e-07 8.66491206847214e-06 4170
4.75 1.015088446735553e-07 7.485837320439216e-06 4358
5 1.045129338026977e-07 7.208561797139176e-06 5034
5.25 9.656036416282196e-08 6.888223815750429e-06 5714
5.5 9.112844682956024e-08 6.630120375194686e-06 5982
5.75 8.429911894068677e-08 5.977246493487184e-06 6602
6 7.859122272196958e-08 5.639769289947259e-06 7130
6.25 7.942678746373882e-08 5.629579352107642e-06 8034
6.5 7.32267265162209e-08 5.197362742361713e-06 8606
6.75 6.77837250524788e-08 4.803265007919308e-06 9066
7 7.037907461000914e-08 4.755821355674051e-06 9962
7.25 6.375795493296077e-08 4.565715726654057e-06 10550
7.5 6.333309730284899e-08 4.450032309638288e-06 11226
7.75 5.985854648277833e-08 4.343312440639887e-06 12146
8 5.287728333128329e-08 4.153101040664332e-06 12303
8.25 4.162707558645902e-08 3.368966869212451e-06 12584
8.5 3.017993732669106e-08 2.552219387716304e-06 12120
8.75 2.287141512890818e-08 1.916523317267385e-06 11180
9 1.781385747413369e-08 1.581418552064947e-06 11096
9.25 1.313422854476062e-08 1.153927175498531e-06 10056
9.5 1.113402392002111e-08 9.890174678438351e-07 9716
9.75 8.430349347028732e-09 7.028544046146318e-07 8604
10 7.079021635563403e-09 6.014646261771101e-07 8060
10.25 5.543085645854959e-09 4.667406481466608e-07 7320
10.5 4.191540633761891e-09 3.641540974760615e-07 6356
10.75 3.2641200952125e-09 2.768973652157755e-07 5348
11 2.110273405609312e-09 1.923365515452648e-07 4308
11.25 1.44853420610469e-09 1.391853219036771e-07 3563
11.5 7.170480028066409e-10 7.62869228494252e-08 2448
11.75 4.754006026656625e-10 5.32164943753031e-08 1868
12 3.058381167336275e-10 3.936265855356964e-08 1358
12.25 2.193465133998644e-10 2.923216854873817e-08 1062
12.5 1.535803949548207e-10 1.899455639116001e-08 776
12.75 7.031456260971055e-11 8.900121904050576e-09 432
13 3.054583233560111e-11 4.79587580977838e-09 200
13.25 2.575916931054279e-11 3.234548640285361e-09 168
13.5 8.397835496682662e-12 8.865195542226202e-10 56
13.75 1.306572129584601e-12 1.21932057634799e-10 7

0.25 1.719821528566299e-09 2.748248840813463e-08 18
0.5 1.384982275750445e-08 1.324669914503148e-07 62
0.75 2.552297298359427e-08 1.708355117640001e-07 98
1 7.802802976954913e-08 4.350611382043162e-07 210
1.25 1.244984731866331e-07 7.86775921034132e-07 350
1.5 1.282166431475874e-07 8.903189215839604e-07 450
1.75 1.934770956427203e-07 1.139384157573067e-06 602
2 2.261007947890884e-07 1.449504569988035e-06 762
2.25 3.482989216603587e-07 2.368858695538639e-06 1142
2.5 3.126461330171979e-07 2.465359529585328e-06 1250
2.75 3.151774980887248e-07 2.919294369266889e-06 1458
3 3.241083300332656e-07 3.499421580524601e-06 1814
3.25 3.611113504804723e-07 4.058776820276642e-06 2178
3.5 3.660652105892776e-07 4.198955090906512e-06 2498
3.75 3.35542512196209e-07 4.126312524508912e-06 2622
4 3.442997248638099e-07 4.917036152865176e-06 3338
4.25 3.195895202374326e-07 5.128861894423471e-06 3722
4.5 3.154244419831821e-07 5.680781670293055e-06 4170
4.75 2.825492422477632e-07 5.297898579887617e-06 4358
5 2.718143490313109e-07 5.782344708970077e-06 5034
5.25 2.659577450695986e-07 6.083376987273619e-06 5714
5.5 2.408188781800138e-07 6.18665192984688e-06 5982
5.75 2.277626848394883e-07 6.071611414394869e-06 6602
6 2.082552381565577e-07 6.276390493435997e-06 7130
6.25 2.139933272343686e-07 6.368326249919038e-06 8034
6.5 2.028685942638646e-07 6.37066753554911e-06 8606
6.75 1.849990218329286e-07 6.100661410151452e-06 9066
7 1.773951331388372e-07 6.133924152876703e-06 9962
7.25 1.694975653126724e-07 6.067303159948939e-06 10550
7.5 1.617842930161652e-07 5.881055083750356e-06 11226
7.75 1.5950020165935e-07 6.014764744347406e-06 12146
8 1.478983169414403e-07 5.566396968525077e-06 12303
8.25 1.253768687239658e-07 4.921455756504369e-06 12584
8.5 9.185464543623539e-08 3.915762256932733e-06 12120
8.75 6.929728617410192e-08 3.098075212216811e-06 11180
9 5.447666211653403e-08 2.61339524491335e-06 11096
9.25 4.154989251930778e-08 2.030465754214766e-06 10056
9.5 3.351768047885274e-08 1.732027091548986e-06 9716
9.75 2.492427231748438e-08 1.374403611358731e-06 8604
10 2.026239891689736e-08 1.163959995780323e-06 8060
10.25 1.527313867377009e-08 9.518840871898348e-07 7320
10.5 1.204599700087855e-08 7.250156405075822e-07 6356
10.75 9.043472904372108e-09 5.637824275667499e-07 5348
11 6.182667237212199e-09 3.893309377162789e-07 4308
11.25 4.566548229028578e-09 2.86733736577233e-07 3563
11.5 2.460292001154584e-09 1.57803425696581e-07 2448
11.75 1.483790284632298e-09 1.028058519258746e-07 1868
12 9.940861725366322e-10 6.756205881811919e-08 1358
12.25 6.550282814607289e-10 4.980717977023648e-08 1062
12.5 4.619420052455557e-10 3.386584719542336e-08 776
12.75 2.255995742399233e-10 1.84131934654745e-08 432
13 1.067507843615943e-10 8.086426228927314e-09 200
13.25 7.416882691381737e-11 7.056754411715777e-09 168
13.5 1.847202816468169e-11 2.863552475864591e-09 56
13.75 2.766281978712473e-12 1.12888469502549e-10 7

0.25 9.07092423118871e-10 1.187237051043988e-07 18
0.5 4.388908251602661e-09 5.547675722875111e-07 62
0.75 6.071315560369625e-09 1.253371923051847e-06 98
1 2.093386611099948e-08 2.390114176887771e-06 210
1.25 4.591591074720309e-08 3.615612865407202e-06 350
1.5 5.616698291858252e-08 3.523448688279041e-06 450
1.75 7.149888471802353e-08 4.4095123034355e-06 602
2 9.013008000326989e-08 5.3614401125282e-06 762
2.25 1.171144789383642e-07 6.990620318728474e-06 1142
2.5 1.292800965346551e-07 7.453353176628395e-06 1250
2.75 1.371058442387698e-07 8.267055787461003e-06 1458
3 1.652527387607166e-07 8.97304094857156e-06 1814
3.25 1.672376492601995e-07 9.105757473447479e-06 2178
3.5 1.762378603307114e-07 9.857615720472935e-06 2498
3.75 1.671327134181534e-07 9.482944495921288e-06 2622
4 1.873390311047122e-07 1.073747290498734e-05 3338
4.25 1.834286031377272e-07 1.114333059429449e-05 3722
4.5 1.887744562355557e-07 1.161671153426103e-05 4170
4.75 1.666201167305357e-07 1.071660202284038e-05 4358
5 1.745466502783669e-07 1.115290547346226e-05 5034
5.25 1.710872662191219e-07 1.114520716602625e-05 5714
5.5 1.592212715139747e-07 1.044356276400505e-05 5982
5.75 1.589425890582628e-07 1.032164561645407e-05 6602
6 1.453310166809406e-07 9.76276228627194e-06 7130
6.25 1.523252010499327e-07 1.009028595986257e-05 8034
6.5 1.463829020483067e-07 9.751793717191785e-06 8606
6.75 1.398526089261482e-07 9.39128508182156e-06 9066
7 1.378218587972117e-07 9.523592849128242e-06 9962
7.25 1.371921132623112e-07 9.256202133528524e-06 10550
7.5 1.318784081774207e-07 8.962503169949918e-06 11226
7.75 1.349206401853356e-07 8.985591205748683e-06 12146
8 1.211587936043429e-07 8.359460115111446e-06 12303
8.25 1.005227336982173e-07 7.08568244052451e-06 12584
8.5 7.325225073334607e-08 5.368062982541762e-06 12120
8.75 5.452450039428686e-08 4.226211337862597e-06 11180
9 4.265344953275141e-08 3.398341643653961e-06 11096
9.25 3.233870362518932e-08 2.674245406056582e-06 10056
9.5 2.673303450418724e-08 2.21215028246726e-06 9716
9.75 2.07382270068107e-08 1.713689236400022e-06 8604
10 1.666399736098597e-08 1.37482871328554e-06 8060
10.25 1.334752097304061e-08 1.101382593424151e-06 7320
10.5 1.008301649458302e-08 8.67678982710016e-07 6356
10.75 7.383113568171708e-09 6.847144082918873e-07 5348
11 4.85915378566045e-09 4.477332361487976e-07 4308
11.25 3.40189853931727e-09 3.248594393510476e-07 3563
11.5 1.769119291632685e-09 1.618815821503534e-07 2448
11.75 1.16932833136668e-09 1.083391594742559e-07 1868
12 7.032257327171648e-10 7.323547778013905e-08 1358
12.25 4.958287903391502e-10 4.735919938503477e-08 1062
12.5 3.329719127577192e-10 2.895477180646291e-08 776
12.75 1.756706525433858e-10 1.697552235853416e-08 432
13 8.185711928820576e-11 8.149202774186245e-09 200
13.25 6.102059930861292e-11 6.087219769582632e-09 168
13.5 2.331388619995674e-11 1.597191097697526e-09 56
13.75 1.236990526158684e-12 2.485269697500586e-10 7

0.25 9.0672601426142e-10 1.138765430685476e-08 18
0.5 9.969483494469019e-09 4.944330730631056e-08 62
0.75 1.815768480302514e-08 1.316330081651103e-07 98
1 4.157063454537115e-08 3.774070735198012e-07 210
1.25 7.752773296443792e-08 6.208301227828841e-07 350
1.5 1.06226859230243e-07 7.486911403297996e-07 450
1.75 1.368679159495043e-07 1.051287971771699e-06 602
2 1.769969024047806e-07 1.305324835983263e-06 762
2.25 2.666076678445031e-07 1.881594200666119e-06 1142
2.5 2.552459951909232e-07 2.233400595813391e-06 1250
2.75 2.906358806922163e-07 2.65200731185583e-06 1458
3 3.241361771657587e-07 3.25071721811436e-06 1814
3.25 3.502895331642764e-07 3.965220814146522e-06 2178
3.5 3.475490395027846e-07 4.348030733653225e-06 2498
3.75 3.229332224241135e-07 4.500691489472427e-06 2622
4 3.669736744056208e-07 5.687209150156186e-06 3338
4.25 3.724642129459829e-07 6.184133062274963e-06 3722
4.5 3.613198112089334e-07 6.607902720357028e-06 4170
4.75 3.288945868463427e-07 6.612533911965276e-06 4358
5 3.321902121983608e-07 7.028669210061532e-06 5034
5.25 3.221078213325604e-07 7.521494167384581e-06 5714
5.5 3.065028794921359e-07 7.733684625149941e-06 5982
5.75 2.819132881039288e-07 7.825521228337593e-06 6602
6 2.837137420419353e-07 7.809078495619456e-06 7130
6.25 2.783029723687613e-07 8.261346249762587e-06 8034
6.5 2.586876032135613e-07 8.444120482618183e-06 8606
6.75 2.48816951165457e-07 8.213489185934455e-06 9066
7 2.284376993719886e-07 8.33181296689299e-06 9962
7.25 2.261756992336125e-07 8.195127525482987e-06 10550
7.5 2.211067378385179e-07 8.251268497051052e-06 11226
7.75 2.187150886240345e-07 8.425901350680823e-06 12146
8 2.010839709521515e-07 7.807788460450214e-06 12303
8.25 1.685240218577281e-07 7.172477389014882e-06 12584
8.5 1.285787442437024e-07 5.803598341536553e-06 12120
8.75 9.341927728603895e-08 4.504401866881443e-06 11180
9 7.87473390878124e-08 3.76869875787104e-06 11096
9.25 5.714015353431714e-08 2.999297798273438e-06 10056
9.5 4.646005035081256e-08 2.570768340577517e-06 9716
9.75 3.584133299219765e-08 1.957427354538201e-06 8604
10 2.997940374695989e-08 1.665354951393258e-06 8060
10.25 2.264954299089596e-08 1.300360926579801e-06 7320
10.5 1.719262967877809e-08 1.011526842309618e-06 6356
10.75 1.301092867953577e-08 7.692921985438731e-07 5348
11 8.868310914884566e-09 5.226345920332099e-07 4308
11.25 5.937153867798384e-09 3.843614609914663e-07 3563
11.5 3.085179110239615e-09 2.090673222041669e-07 2448
11.75 1.921152733992509e-09 1.37773375132786e-07 1868
12 1.279747915949034e-09 8.725414882205364e-08 1358
12.25 8.394527672607438e-10 5.972435429475047e-08 1062
12.5 5.458458921833973e-10 3.974955889779513e-08 776
12.75 2.400793467972883e-10 1.959931693242473e-08 432
13 1.094709124443883e-10 9.608452601652892e-09 200
13.25 1.042697355554174e-10 5.962565356553524e-09 168
13.5 3.052663266953362e-11 2.227879253793283e-09 56
13.75 3.388173903607822e-12 3.806913582091764e-10 7

0.25 1.293028053013974e-09 4.516685712229157e-08 18
0.5 5.485719874945364e-09 8.951893304210335e-08 62
0.75 1.275755419025169e-08 3.751800522254763e-07 98
1 2.565875470069806e-08 9.086842355203326e-07 210
1.25 4.560977177786193e-08 1.539558145204468e-06 350
1.5 5.936518990350962e-08 2.338421324981692e-06 450
1.75 7.574166914949333e-08 2.949513263321023e-06 602
2 8.017613562640723e-08 3.580730967244702e-06 762
2.25 1.184776607521397e-07 5.29350043465151e-06 1142
2.5 1.186011903313265e-07 5.846534953257291e-06 1250
2.75 1.232420115171844e-07 6.340302998028244e-06 1458
3 1.428483664559631e-07 8.029779615494751e-06 1814
3.25 1.579271377038655e-07 8.399319226255288e-06 2178
3.5 1.646851139996003e-07 9.124386846172452e-06 2498
3.75 1.615798266850142e-07 8.84323660428081e-06 2622
4 2.001722309735493e-07 9.873981980479633e-06 3338
4.25 2.103247417650309e-07 1.023503970512701e-05 3722
4.5 2.006512272598383e-07 1.08386468507697e-05 4170
4.75 1.903612036785276e-07 1.009782501675692e-05 4358
5 1.967013458540526e-07 1.123737951554376e-05 5034
5.25 2.012660066287547e-07 1.143950307950966e-05 5714
5.5 1.894354983889099e-07 1.158654070591973e-05 5982
5.75 1.861503927798896e-07 1.143380558213991e-05 6602
6 1.89006828710092e-07 1.184907314510027e-05 7130
6.25 1.951898017268294e-07 1.181748342487542e-05 8034
6.5 1.908615944697123e-07 1.17783101967508e-05 8606
6.75 1.833428761160763e-07 1.160931647005086e-05 9066
7 1.813244410693777e-07 1.144453006232757e-05 9962
7.25 1.776427952814481e-07 1.132490439211307e-05 10550
7.5 1.711980397820891e-07 1.147454144857128e-05 11226
7.75 1.743848747460592e-07 1.145512160469122e-05 12146
8 1.549856187910887e-07 1.062377930993179e-05 12303
8.25 1.360843882856342e-07 9.669182473154361e-06 12584
8.5 1.062054914538907e-07 7.572973524603995e-06 12120
8.75 8.037126969033979e-08 6.064460538197032e-06 11180
9 6.602735777369817e-08 5.098976808308282e-06 11096
9.25 5.112489591730375e-08 3.988279917943469e-06 10056
9.5 4.273891339082789e-08 3.324870646424902e-06 9716
9.75 3.21337751557948e-08 2.595555384496013e-06 8604
10 2.790376101467929e-08 2.275249140533551e-06 8060
10.25 2.130383123718385e-08 1.790146498149976e-06 7320
10.5 1.586273161489128e-08 1.406298375769431e-06 6356
10.75 1.214892858379602e-08 1.115682543496698e-06 5348
11 7.920395526300402e-09 7.310335541373424e-07 4308
11.25 5.80237920207369e-09 5.348693673067502e-07 3563
11.5 2.796905847172277e-09 2.796686944039272e-07 2448
11.75 1.811143580121827e-09 1.90054573769934e-07 1868
12 1.091907504485732e-09 1.157613719176357e-07 1358
12.25 8.533287518240437e-10 8.364492624731568e-08 1062
12.5 5.841865886375976e-10 5.583643865993255e-08 776
12.75 2.72841807254167e-10 2.745297243451453e-08 432
13 1.216309026268903e-10 1.263489101862689e-08 200
13.25 1.031341458309844e-10 1.017103269717011e-08 168
13.5 3.132554453386146e-11 4.659673399535005e-09 56
13.75 5.48006739506347e-12 6.662679332954803e-10 7

0.25 7.385575729870824e-10 6.178366945523026e-09 18
0.5 6.147547031368193e-09 4.958732097254994e-08 62
0.75 1.496246432962498e-08 7.812362463890534e-08 98
1 3.09587053581878e-08 2.36952363765801e-07 210
1.25 5.54779555813478e-08 4.793261434660255e-07 350
1.5 7.34170726637788e-08 6.176444779865516e-07 450
1.75 1.020110200694149e-07 9.780783889433488e-07 602
2 1.165455706645136e-07 1.300656807592658e-06 762
2.25 1.808864811350696e-07 1.85588657406534e-06 1142
2.5 1.791391089624267e-07 2.219239495415686e-06 1250
2.75 2.090989342411371e-07 2.603976852185038e-06 1458
3 2.442003158220198e-07 3.223662156439746e-06 1814
3.25 2.891036223073272e-07 4.082819193845858e-06 2178
3.5 2.952612633709429e-07 4.551753669838178e-06 2498
3.75 2.774697611929507e-07 4.654587094361694e-06 2622
4 3.243061974756834e-07 5.90538485647343e-06 3338
4.25 3.203817470118582e-07 6.184323137516101e-06 3722
4.5 3.197871704381823e-07 6.700189947778674e-06 4170
4.75 2.99369985254042e-07 6.827651638141376e-06 4358
5 2.972920891966414e-07 7.509475199312804e-06 5034
5.25 3.108279487964412e-07 8.026621925839933e-06 5714
5.5 2.908408642963231e-07 8.022366992430635e-06 5982
5.75 2.91253021915484e-07 8.447674899944029e-06 6602
6 2.899065478162592e-07 8.417760354765858e-06 7130
6.25 2.843250424480792e-07 9.214086706220215e-06 8034
6.5 2.765808131471285e-07 9.421529959410732e-06 8606
6.75 2.713713995448565e-07 9.420009110905198e-06 9066
7 2.653320106941377e-07 9.574325005275646e-06 9962
7.25 2.597969022402482e-07 9.438017992722201e-06 10550
7.5 2.501223649964577e-07 9.553982169063422e-06 11226
7.75 2.510144867810335e-07 9.76261536644316e-06 12146
8 2.283353330953062e-07 9.109918697603316e-06 12303
8.25 1.992392310935544e-07 8.548560948847126e-06 12584
8.5 1.523996446086869e-07 6.947256145767357e-06 12120
8.75 1.161956902003691e-07 5.754027087925254e-06 11180
9 1.018620626926456e-07 4.917501493130352e-06 11096
9.25 7.363734026513143e-08 3.886745161396754e-06 10056
9.5 6.150155711520267e-08 3.303453675209085e-06 9716
9.75 4.647505503391238e-08 2.623193744742705e-06 8604
10 3.914501386652701e-08 2.242640154426255e-06 8060
10.25 2.988621608711611e-08 1.805947147411126e-06 7320
10.5 2.273458957973451e-08 1.360354883518281e-06 6356
10.75 1.722819183649318e-08 1.060559021420391e-06 5348
11 1.163329042274561e-08 7.450498803484615e-07 4308
11.25 8.277933089778956e-09 5.281929960827303e-07 3563
11.5 4.034070973868944e-09 2.87313038636169e-07 2448
11.75 2.861347978340464e-09 1.991224431533755e-07 1868
12 1.752043502434956e-09 1.252415749894238e-07 1358
12.25 1.066830781239338e-09 8.562283798222858e-08 1062
12.5 7.609778125659607e-10 6.510558051715683e-08 776
12.75 4.127428240517189e-10 3.152146106686555e-08 432
13 1.725620421429824e-10 1.283547762184691e-08 200
13.25 1.164244852739297e-10 1.152908172183796e-08 168
13.5 6.131641605840579e-11 4.108144801956133e-09 56
13.75 4.46622703641514e-12 1.82508218801731e-10 7

0.25 3.311125824192494e-10 1.861495882357743e-08 18
0.5 3.527596039206061e-09 1.500006574128016e-07 62
0.75 7.157321807501615e-09 3.292692824617713e-07 98
1 1.82958659847998e-08 8.68544448056897e-07 210
1.25 3.579114168973311e-08 1.508555514026596e-06 350
1.5 4.721682266449362e-08 1.837988752396984e-06 450
1.75 6.346453805087531e-08 2.405060556629402e-06 602
2 6.942389924719494e-08 2.588532727199379e-06 762
2.25 1.092420407789799e-07 3.936702389900999e-06 1142
2.5 1.059270507626513e-07 3.966491024867291e-06 1250
2.75 1.139506622253392e-07 4.039902932405606e-06 1458
3 1.46836258940359e-07 5.260939008835788e-06 1814
3.25 1.607229747604435e-07 5.926680092341822e-06 2178
3.5 1.67461394022029e-07 6.680763220589778e-06 2498
3.75 1.586326560990522e-07 6.973693608213261e-06 2622
4 2.02488179116244e-07 7.828382562697111e-06 3338
4.25 2.136707995545619e-07 8.763134019196857e-06 3722
4.5 2.126910327927539e-07 8.835261015598727e-06 4170
4.75 1.973633400303739e-07 8.406135348814513e-06 4358
5 2.185274130193412e-07 9.584425629205371e-06 5034
5.25 2.205349565926131e-07 1.031162765517793e-05 5714
5.5 2.187971123195283e-07 1.015339232522736e-05 5982
5.75 2.154337581594146e-07 1.082037131951402e-05 6602
6 2.136211168338871e-07 1.060990515158151e-05 7130
6.25 2.242888886827442e-07 1.138042102685617e-05 8034
6.5 2.107714056964396e-07 1.168529495000584e-05 8606
6.75 2.116195690124011e-07 1.166573417752081e-05 9066
7 2.118981803457427e-07 1.157864043007791e-05 9962
7.25 2.078786510798971e-07 1.21406654751209e-05 10550
7.5 2.069752820494538e-07 1.196556000643061e-05 11226
7.75 2.089325009964347e-07 1.21953299514465e-05 12146
8 1.912873024454729e-07 1.136832687372689e-05 12303
8.25 1.677130717292234e-07 1.029465610535356e-05 12584
8.5 1.335209165571355e-07 8.623993680031303e-06 12120
8.75 1.022056139879645e-07 7.172592062948257e-06 11180
9 8.528231095288194e-08 6.100834560580886e-06 11096
9.25 6.653594019733568e-08 4.746194400299394e-06 10056
9.5 5.580537749674852e-08 4.105264851805399e-06 9716
9.75 4.306470410677114e-08 3.232059455803479e-06 8604
10 3.53304235489532e-08 2.796295317776993e-06 8060
10.25 2.838895958983476e-08 2.258169448938781e-06 7320
10.5 2.190989449923477e-08 1.797547422510556e-06 6356
10.75 1.611683944648298e-08 1.338285037118697e-06 5348
11 1.119144271331557e-08 1.004162957845017e-06 4308
11.25 7.92031379396717e-09 6.6356865613745e-07 3563
11.5 4.225093778323599e-09 3.76406927171158e-07 2448
11.75 2.880448748850645e-09 2.707395339741481e-07 1868
12 1.812472390577378e-09 1.715457834247852e-07 1358
12.25 1.140037071537563e-09 1.162715782851401e-07 1062
12.5 7.722956920633479e-10 7.864724720459242e-08 776
12.75 4.63961967950599e-10 3.626294395104349e-08 432
13 1.8181082715155e-10 1.70449473219961e-08 200
13.25 1.6688578440677e-10 1.505783014402053e-08 168
13.5 5.014009716451709e-11 4.354129546161424e-09 56
13.75 5.965911279656291e-12 5.798863639446321e-10 7

0.25 5.39320144562348e-10 7.744530749108203e-09 18
0.5 3.053114179728143e-09 3.611485610354253e-08 62
0.75 5.98936309081854e-09 1.08433283597825e-07 98
1 1.813307210052522e-08 2.581620844081042e-07 210
1.25 3.320026064796755e-08 5.458892966145445e-07 350
1.5 4.885765334355104e-08 7.926623012898488e-07 450
1.75 6.757992708966839e-08 1.016945559620256e-06 602
2 9.00616637576231e-08 1.264505443188398e-06 762
2.25 1.382389858417974e-07 2.041486997283238e-06 1142
2.5 1.306734320826855e-07 2.259151389936085e-06 1250
2.75 1.477492940630784e-07 2.712211368032066e-06 1458
3 1.81315075809684e-07 3.268173370980701e-06 1814
3.25 2.074648674069078e-07 4.417900803229897e-06 2178
3.5 2.050002396095085e-07 4.694626029188446e-06 2498
3.75 2.087432117666526e-07 4.689382417175736e-06 2622
4 2.377970846347475e-07 5.953306459982368e-06 3338
4.25 2.532356476605115e-07 6.436410667408542e-06 3722
4.5 2.576003019971213e-07 6.838820491937175e-06 4170
4.75 2.482204148942167e-07 7.068804793571995e-06 4358
5 2.61690107068778e-07 7.685757812528234e-06 5034
5.25 2.664881731517246e-07 8.455961448385341e-06 5714
5.5 2.504489735991004e-07 8.268845294311512e-06 5982
5.75 2.59126532568501e-07 8.856489142022079e-06 6602
6 2.47951938143891e-07 8.876883422904162e-06 7130
6.25 2.719780313848486e-07 9.653074314064406e-06 8034
6.5 2.62405313223946e-07 9.737930725536717e-06 8606
6.75 2.510383956992026e-07 9.763019581209371e-06 9066
7 2.477918826584212e-07 1.056752433980047e-05 9962
7.25 2.482911153439839e-07 1.064241461904896e-05 10550
7.5 2.468181188647528e-07 1.055386708202128e-05 11226
7.75 2.48727175605616e-07 1.095864402668665e-05 12146
8 2.314338842249863e-07 1.047461011499838e-05 12303
8.25 1.985861914927579e-07 9.623815970174279e-06 12584
8.5 1.55666042377763e-07 7.822480687624823e-06 12120
8.75 1.238333024491627e-07 6.487964605117078e-06 11180
9 1.028171958226771e-07 5.741438472570021e-06 11096
9.25 7.774238601460903e-08 4.613134983087004e-06 10056
9.5 6.517561226449744e-08 4.024195513507962e-06 9716
9.75 5.188410821722861e-08 3.066495006839988e-06 8604
10 4.323307676906818e-08 2.836407704081867e-06 8060
10.25 3.423681112670453e-08 2.215799888302189e-06 7320
10.5 2.736982420478391e-08 1.722969068990963e-06 6356
10.75 2.132471558207039e-08 1.389622214691887e-06 5348
11 1.444163152503685e-08 9.40218634329402e-07 4308
11.25 1.018513645813993e-08 6.683670016520052e-07 3563
11.5 5.421460519746145e-09 3.901189808845907e-07 2448
11.75 3.415131050272808e-09 2.939853633048516e-07 1868
12 2.22395844777309e-09 1.868667420512739e-07 1358
12.25 1.445784527760301e-09 1.275915568389307e-07 1062
12.5 1.005806419883995e-09 8.470108971237814e-08 776
12.75 5.910690819908687e-10 4.28541935480767e-08 432
13 2.339448772127557e-10 2.181455725023314e-08 200
13.25 1.926646947537437e-10 1.438056103667023e-08 168
13.5 6.948924750289359e-11 5.74273695059464e-09 56
13.75 1.144694799600196e-11 4.265784996391909e-10 7

0.25 5.363871165284051e-10 1.072803385862179e-08 18
0.5 3.132427150303632e-09 1.045155401226255e-07 62
0.75 6.961575830765357e-09 1.97867421673061e-07 98
1 1.953913761057615e-08 4.415509383546018e-07 210
1.25 3.400690672343557e-08 7.737553962938229e-07 350
1.5 4.398328070838304e-08 1.11432262001798e-06 450
1.75 5.810821968272025e-08 1.269377936359426e-06 602
2 7.536070725428391e-08 1.300302579435869e-06 762
2.25 1.15480213582479e-07 2.259392871155004e-06 1142
2.5 1.194860846196274e-07 2.344003673966049e-06 1250
2.75 1.265528905034046e-07 2.768468870786089e-06 1458
3 1.48355640796341e-07 3.553180157324373e-06 1814
3.25 1.629490584772755e-07 4.511268478125734e-06 2178
3.5 1.825166053178297e-07 5.016943439211568e-06 2498
3.75 1.742196784307686e-07 5.090131205290109e-06 2622
4 1.94100857316519e-07 6.201467431424488e-06 3338
4.25 2.005112743606871e-07 6.853991228568886e-06 3722
4.5 2.017332258750212e-07 7.534299506401861e-06 4170
4.75 2.051792715997171e-07 7.034446150803472e-06 4358
5 2.136585950673802e-07 7.782045187751376e-06 5034
5.25 2.220610731396991e-07 8.653598693986866e-06 5714
5.5 2.219761418259379e-07 8.692090012534357e-06 5982
5.75 2.297877195474229e-07 9.380065304570862e-06 6602
6 2.140739466204929e-07 9.546741548793004e-06 7130
6.25 2.248728395908273e-07 1.017818002568904e-05 8034
6.5 2.212529684181156e-07 1.051558618433716e-05 8606
6.75 2.204826366441257e-07 1.006377222787861e-05 9066
7 2.1990359499468e-07 1.039028807486244e-05 9962
7.25 2.262001775189491e-07 1.073646482302487e-05 10550
7.5 2.152478755098121e-07 1.077548174170717e-05 11226
7.75 2.26698608397646e-07 1.138310004013556e-05 12146
8 2.112610736577965e-07 1.085538815277712e-05 12303
8.25 1.846656316447432e-07 9.960406461279027e-06 12584
8.5 1.43452899831108e-07 8.368785213916384e-06 12120
8.75 1.162728241170932e-07 7.033640346770073e-06 11180
9 9.677467908304833e-08 6.102217797069568e-06 11096
9.25 7.639453007365558e-08 4.98970145506896e-06 10056
9.5 6.497138959068481e-08 4.445571758315253e-06 9716
9.75 5.130888463084569e-08 3.469850569235582e-06 8604
10 4.331603870497213e-08 2.937925144577599e-06 8060
10.25 3.359672244215617e-08 2.496196679328799e-06 7320
10.5 2.608701318472964e-08 1.945755815700432e-06 6356
10.75 2.001224412689115e-08 1.501607764808714e-06 5348
11 1.396580206494263e-08 1.057914684129527e-06 4308
11.25 1.018720067128626e-08 7.691218891081309e-07 3563
11.5 5.477730009150369e-09 4.578773393048443e-07 2448
11.75 3.8112866651819e-09 3.349304525695413e-07 1868
12 2.260753732587626e-09 1.960742414694816e-07 1358
12.25 1.642231504846331e-09 1.474757776435869e-07 1062
12.5 9.801323690256057e-10 9.874514972354768e-08 776
12.75 6.132188343532185e-10 5.073548665226714e-08 432
13 2.347418653227454e-10 2.321071364930524e-08 200
13.25 1.883981999496054e-10 1.984998019090304e-08 168
13.5 5.868803018182427e-11 8.502547571206389e-09 56
13.75 4.619738540913532e-12 2.902174740572537e-10 7

0.25 4.55090847315701e-10 7.315599493512611e-09 18
0.5 2.769310611733431e-09 5.532821184874362e-08 62
0.75 6.997335852503563e-09 8.953607752644055e-08 98
1 1.429767985182588e-08 2.514760899934638e-07 210
1.25 2.798634081993767e-08 5.513339942714694e-07 350
1.5 3.709924035573727e-08 7.271920538160316e-07 450
1.75 4.753692995977144e-08 1.026302240597919e-06 602
2 6.534377210350486e-08 1.493222709773679e-06 762
2.25 1.00370154960455e-07 2.358563044469894e-06 1142
2.5 9.741942333137699e-08 2.519646764832691e-06 1250
2.75 1.127529684738641e-07 2.88530179975071e-06 1458
3 1.369448466236232e-07 3.382299447771608e-06 1814
3.25 1.538884589244509e-07 4.106687731238777e-06 2178
3.5 1.636305091332667e-07 4.646299576131862e-06 2498
3.75 1.668228358108052e-07 4.717680069916024e-06 2622
4 1.862001768833074e-07 5.99047173312949e-06 3338
4.25 1.912904014078528e-07 6.076300076911515e-06 3722
4.5 2.009866416502241e-07 6.768651686376568e-06 4170
4.75 1.943458772185795e-07 7.166293441974246e-06 4358
5 2.11249310515601e-07 7.885869525384634e-06 5034
5.25 2.262061876856512e-07 8.751787077501432e-06 5714
5.5 2.190159191357323e-07 9.036489223915545e-06 5982
5.75 2.174277884343857e-07 9.227346330246223e-06 6602
6 2.266731733206881e-07 9.298573333352768e-06 7130
6.25 2.285297793289243e-07 1.016873576646704e-05 8034
6.5 2.296388228781745e-07 1.034818032309861e-05 8606
6.75 2.230032909558101e-07 1.065597873378179e-05 9066
7 2.222232739033149e-07 1.069743580755195e-05 9962
7.25 2.207006220898849e-07 1.126637393229676e-05 10550
7.5 2.261001499873736e-07 1.109528768294247e-05 11226
7.75 2.29464126146639e-07 1.133854887385959e-05 12146
8 2.130796832471804e-07 1.088929104333613e-05 12303
8.25 1.877093813793796e-07 1.042069052394655e-05 12584
8.5 1.465976959219199e-07 8.630969789851157e-06 12120
8.75 1.190550078663623e-07 7.23824696518755e-06 11180
9 9.983321945946458e-08 6.372284936546939e-06 11096
9.25 8.06961844755184e-08 5.209732131049158e-06 10056
9.5 6.868939973542424e-08 4.71846519741762e-06 9716
9.75 5.36783634152371e-08 3.719519771575929e-06 8604
10 4.482649674553764e-08 3.212393558704821e-06 8060
10.25 3.689670466552428e-08 2.601553804074972e-06 7320
10.5 2.794756924247198e-08 2.140819745167084e-06 6356
10.75 2.131041501440044e-08 1.602272705599185e-06 5348
11 1.510052684803676e-08 1.15683159762862e-06 4308
11.25 1.101924929830823e-08 8.845942258194016e-07 3563
11.5 6.215866047435185e-09 5.208873587120211e-07 2448
11.75 3.982959662581496e-09 3.385571259710014e-07 1868
12 2.505198885293651e-09 2.271254451514027e-07 1358
12.25 1.714900090588826e-09 1.645324455351762e-07 1062
12.5 1.250935487835862e-09 1.136482925845801e-07 776
12.75 6.895770484383724e-10 5.990436823550368e-08 432
13 3.268336353956128e-10 2.616586847441766e-08 200
13.25 2.198692167148165e-10 1.852227837942134e-08 168
13.5 1.187791174627092e-10 7.80537815648437e-09 56
13.75 6.955857861204594e-12 1.045200668362239e-10 7

0.25 1.44843902944935e-09 5.019509095102856e-09 18
0.5 5.98284620756692e-09 2.84246557979517e-08 62
0.75 1.344560223742411e-08 7.412758610877749e-08 98
1 3.265840590106853e-08 2.023700518136838e-07 210
1.25 5.458290975096076e-08 3.978694652293017e-07 350
1.5 6.112270765470136e-08 5.653479114458192e-07 450
1.75 7.918858650528673e-08 9.093429558107656e-07 602
2 9.755371424089093e-08 1.2384035971531e-06 762
2.25 1.241272763849131e-07 1.62839952622542e-06 1142
2.5 1.234780089202783e-07 1.831345735982004e-06 1250
2.75 1.396659149070908e-07 2.024612841016454e-06 1458
3 1.603556070463651e-07 2.696848254554465e-06 1814
3.25 1.807777552291854e-07 3.156358310544759e-06 2178
3.5 1.910884647232335e-07 3.356693804983239e-06 2498
3.75 1.824749933899368e-07 3.670885654953423e-06 2622
4 2.134494180318476e-07 4.303971161391567e-06 3338
4.25 2.10168830614555e-07 4.912013393727708e-06 3722
4.5 2.183721777774995e-07 5.671651131670189e-06 4170
4.75 2.163173708732072e-07 5.472626742150091e-06 4358
5 2.280573184758883e-07 6.475461446206666e-06 5034
5.25 2.410764221909827e-07 7.000058477494664e-06 5714
5.5 2.358655375056472e-07 7.138335568704552e-06 5982
5.75 2.380350070040695e-07 7.448235493346202e-06 6602
6 2.359603498062001e-07 7.830893648589154e-06 7130
6.25 2.447824294114119e-07 8.399463578115935e-06 8034
6.5 2.338521772625258e-07 8.781461659607747e-06 8606
6.75 2.291994473506178e-07 8.969321551090145e-06 9066
7 2.359259267354381e-07 9.123999153422768e-06 9962
7.25 2.281303941130409e-07 9.253020987867232e-06 10550
7.5 2.258953324380282e-07 9.497779403316429e-06 11226
7.75 2.320942150234698e-07 1.005816056152142e-05 12146
8 2.172112816179161e-07 9.665318437686984e-06 12303
8.25 1.943987466330575e-07 9.07404787212907e-06 12584
8.5 1.604041004248373e-07 7.813833772780846e-06 12120
8.75 1.298699407554119e-07 6.560203866294859e-06 11180
9 1.088036690748843e-07 5.658268067371879e-06 11096
9.25 8.654592745482314e-08 4.755205311337351e-06 10056
9.5 7.421221132166465e-08 4.271379875497367e-06 9716
9.75 5.700269817404915e-08 3.379914481218755e-06 8604
10 4.976666943189635e-08 3.099469507679925e-06 8060
10.25 4.042435009374985e-08 2.486640936357185e-06 7320
10.5 3.135340700226093e-08 1.950798307761779e-06 6356
10.75 2.477167120423163e-08 1.626500075268207e-06 5348
11 1.650446148301707e-08 1.124883278759849e-06 4308
11.25 1.306359702605093e-08 8.912701000618679e-07 3563
11.5 6.680273039249673e-09 5.03290312287928e-07 2448
11.75 4.221617545972312e-09 3.383407240981854e-07 1868
12 2.80785670339571e-09 2.482983600313427e-07 1358
12.25 2.053696605259187e-09 1.673400221473781e-07 1062
12.5 1.371977992468211e-09 1.206500310339894e-07 776
12.75 6.868163856547379e-10 6.458979781556805e-08 432
13 2.984577789428035e-10 3.122696723864415e-08 200
13.25 2.467811566794791e-10 2.060330344494706e-08 168
13.5 7.728969935107059e-11 8.8297943744343e-09 56
13.75 6.817693934684234e-12 1.574194026580748e-09 7

0.25 3.349565017115783e-10 3.823124846065954e-09 18
0.5 2.620494376892357e-09 3.286961048062634e-08 62
0.75 6.391389091508069e-09 1.358521152127276e-07 98
1 1.679737052026249e-08 3.082371321561788e-07 210
1.25 2.867327245791293e-08 4.781242680656756e-07 350
1.5 3.752090272904009e-08 8.380307434828043e-07 450
1.75 5.172531055207329e-08 1.127799276736885e-06 602
2 5.83074077197912e-08 1.418498768315361e-06 762
2.25 7.864494125982083e-08 2.233076452562426e-06 1142
2.5 8.906126263183903e-08 2.206235592829545e-06 1250
2.75 9.056209298739708e-08 2.536014440081942e-06 1458
3 1.066601407786539e-07 3.267556580239766e-06 1814
3.25 1.229403042095954e-07 4.13387507485573e-06 2178
3.5 1.328812856547088e-07 4.313625649106734e-06 2498
3.75 1.321822566013208e-07 4.370502140598952e-06 2622
4 1.573433311815614e-07 5.637987038331928e-06 3338
4.25 1.676780240508017e-07 5.839848473182384e-06 3722
4.5 1.748405979438876e-07 6.67374624672925e-06 4170
4.75 1.636836292418012e-07 6.7901016337645e-06 4358
5 1.769569814642413e-07 7.571900142584534e-06 5034
5.25 1.96806440716103e-07 8.253446141795489e-06 5714
5.5 1.853193776051259e-07 8.296790953859942e-06 5982
5.75 1.928012544763187e-07 8.780634525844259e-06 6602
6 1.851923874717916e-07 9.178461959000137e-06 7130
6.25 2.004196545414057e-07 9.881226094716263e-06 8034
6.5 2.035557624616509e-07 9.91179804332096e-06 8606
6.75 1.959820322921074e-07 1.017271921794942e-05 9066
7 2.083736311347297e-07 1.107607526340401e-05 9962
7.25 2.000437571719587e-07 1.098398897548627e-05 10550
7.5 1.995082633881938e-07 1.113970042878573e-05 11226
7.75 2.084933364397165e-07 1.18445000780417e-05 12146
8 1.882238190080331e-07 1.143238172756631e-05 12303
8.25 1.750615981499639e-07 1.038080864168497e-05 12584
8.5 1.420942862357109e-07 8.902385951816986e-06 12120
8.75 1.153226379718556e-07 7.525534133547474e-06 11180
9 1.002738777286788e-07 6.88611674002698e-06 11096
9.25 7.57041990735886e-08 5.724679583938628e-06 10056
9.5 6.673674407020402e-08 4.980324198951491e-06 9716
9.75 5.363617933594888e-08 3.969947287701234e-06 8604
10 4.38781489776054e-08 3.438532153185423e-06 8060
10.25 3.748498717506748e-08 2.867696419180398e-06 7320
10.5 3.052257198259935e-08 2.284735772081145e-06 6356
10.75 2.372231666733768e-08 1.865561170991326e-06 5348
11 1.634968213360934e-08 1.372433967981844e-06 4308
11.25 1.216205008249827e-08 1.014268311862718e-06 3563
11.5 6.640152868946157e-09 6.336309439038013e-07 2448
11.75 4.507099258623439e-09 3.828148754603898e-07 1868
12 2.9433141333865e-09 2.798130651647182e-07 1358
12.25 2.06421410103147e-09 2.012841285039675e-07 1062
12.5 1.386552397255955e-09 1.367817796089918e-07 776
12.75 7.680297713916764e-10 7.545088256722979e-08 432
13 2.47797520600412e-10 4.105488070289326e-08 200
13.25 2.341697809292953e-10 2.534472394888104e-08 168
13.5 9.086425574877759e-11 7.250527854901133e-09 56
13.75 1.4493900428093e-11 1.304059414148745e-09 7

0.25 6.484805697862659e-10 1.946424413328849e-09 18
0.5 4.600928242828161e-09 1.636521867857557e-08 62
0.75 1.205366087475384e-08 2.579978808436004e-08 98
1 3.329103724355495e-08 6.938789750001114e-08 210
1.25 6.186946507274944e-08 1.457167433672676e-07 350
1.5 7.532065590806412e-08 2.196767516140332e-07 450
1.75 1.030991135873629e-07 3.502303718963538e-07 602
2 1.168911961868081e-07 4.31971526296949e-07 762
2.25 1.528493680800878e-07 7.395544461522867e-07 1142
2.5 1.42882785039826e-07 9.694350865075796e-07 1250
2.75 1.651749360657895e-07 1.170711649856523e-06 1458
3 1.864575098539454e-07 1.644525231170061e-06 1814
3.25 1.974739903604814e-07 2.04921008964406e-06 2178
3.5 1.862625001936692e-07 2.318558935992537e-06 2498
3.75 1.949357125810322e-07 2.619755450231979e-06 2622
4 2.22182075170087e-07 3.383277705341756e-06 3338
4.25 2.231388055563481e-07 3.768202012528459e-06 3722
4.5 2.282340021301811e-07 4.270009366375267e-06 4170
4.75 2.111458787437156e-07 4.272032038666695e-06 4358
5 2.282419132855443e-07 5.078672729740982e-06 5034
5.25 2.372026194553948e-07 5.51884180982369e-06 5714
5.5 2.328372212137799e-07 5.76323316733217e-06 5982
5.75 2.354777707832297e-07 6.498189058187397e-06 6602
6 2.352339717772362e-07 6.395056755891115e-06 7130
6.25 2.497875924341915e-07 7.411638024458442e-06 8034
6.5 2.397019753295499e-07 7.366748490834818e-06 8606
6.75 2.325166564405032e-07 7.676813403994358e-06 9066
7 2.424104597352807e-07 8.116454280447305e-06 9962
7.25 2.383849329096501e-07 8.39421788427334e-06 10550
7.5 2.400842054746484e-07 8.734495438184857e-06 11226
7.75 2.436110834978578e-07 8.825392570785442e-06 12146
8 2.23189039072053e-07 8.8243848851189e-06 12303
8.25 2.028202623501101e-07 8.123523790053865e-06 12584
8.5 1.658431023732641e-07 7.200233726870497e-06 12120
8.75 1.355261525814743e-07 6.152907320031435e-06 11180
9 1.125833758651956e-07 5.584345006756764e-06 11096
9.25 9.139591153294972e-08 4.638966815070074e-06 10056
9.5 7.748818533932137e-08 4.164844655704013e-06 9716
9.75 6.192805205079017e-08 3.399001608958025e-06 8604
10 5.463350981049002e-08 2.942132404492719e-06 8060
10.25 4.432664738296435e-08 2.460738450350804e-06 7320
10.5 3.418008222753979e-08 2.015037893870035e-06 6356
10.75 2.586919502462472e-08 1.62112545791738e-06 5348
11 1.914640689737802e-08 1.206858310026778e-06 4308
11.25 1.393936648716217e-08 9.1320823958523e-07 3563
11.5 8.168910009029255e-09 5.33477822649883e-07 2448
11.75 5.307422930074132e-09 3.935345263270033e-07 1868
12 3.334019587034881e-09 2.708640245358425e-07 1358
12.25 2.408342146270856e-09 1.746063208852626e-07 1062
12.5 1.483016335376953e-09 1.242441750974644e-07 776
12.75 9.55810579723831e-10 7.242700754194277e-08 432
13 3.634737262219614e-10 2.560213536726408e-08 200
13.25 4.007433210461351e-10 2.711223731291123e-08 168
13.5 1.172263388240563e-10 9.131057504467334e-09 56
13.75 8.033632290445571e-12 9.147966904793126e-10 7

0.25 4.702542671837309e-10 3.657374836461744e-09 18
0.5 2.108661341362755e-09 4.661259686647252e-08 62
0.75 7.740070254016791e-09 1.1844771985332e-07 98
1 1.42620897132315e-08 2.963515819243967e-07 210
1.25 2.56044110266696e-08 5.50625073299536e-07 350
1.5 3.526013814925851e-08 7.318958163140286e-07 450
1.75 4.239142206688123e-08 1.026410177136589e-06 602
2 4.875824988429261e-08 1.208985193608372e-06 762
2.25 7.20677660916715e-08 1.707450320597004e-06 1142
2.5 7.441664033450468e-08 1.965008823271799e-06 1250
2.75 8.065314456371501e-08 2.380609613409217e-06 1458
3 9.524130376352797e-08 3.090386012974401e-06 1814
3.25 1.106225056181947e-07 3.462609819560508e-06 2178
3.5 1.159974861019469e-07 3.799485720301419e-06 2498
3.75 1.165517041558212e-07 4.025791624985974e-06 2622
4 1.500419545057566e-07 4.799817363995589e-06 3338
4.25 1.458496777594884e-07 5.579778833830917e-06 3722
4.5 1.572473742276037e-07 5.989860291982725e-06 4170
4.75 1.496737315125215e-07 6.051971109526969e-06 4358
5 1.682273148658038e-07 6.825985653443518e-06 5034
5.25 1.77994105013e-07 7.589516111672704e-06 5714
5.5 1.708844516647841e-07 7.639421365018558e-06 5982
5.75 1.811457547659694e-07 8.004328780356159e-06 6602
6 1.772561775932892e-07 8.502239956253231e-06 7130
6.25 1.86274129731128e-07 9.360579685147649e-06 8034
6.5 1.87373381720861e-07 9.538404984631409e-06 8606
6.75 1.83488955643348e-07 9.521958009416917e-06 9066
7 1.946963466026353e-07 1.035497204649365e-05 9962
7.25 1.88574898657784e-07 1.024675665691439e-05 10550
7.5 1.903294298855154e-07 1.046544626852161e-05 11226
7.75 1.951864273932217e-07 1.111887550986665e-05 12146
8 1.830886036596245e-07 1.093306605896415e-05 12303
8.25 1.623088215966857e-07 1.016847672130873e-05 12584
8.5 1.36267072912946e-07 8.847474380272679e-06 12120
8.75 1.108328672454491e-07 7.41428985319247e-06 11180
9 9.416030282528547e-08 6.772231484176076e-06 11096
9.25 7.626210630045037e-08 5.550013708737863e-06 10056
9.5 6.462539135528392e-08 5.025422076621364e-06 9716
9.75 5.386515499631438e-08 4.1447935120695e-06 8604
10 4.637852538657636e-08 3.57590963732072e-06 8060
10.25 3.779355033658041e-08 3.058518770124585e-06 7320
10.5 2.984747178803803e-08 2.390979262351917e-06 6356
10.75 2.360983669068326e-08 2.001560137371197e-06 5348
11 1.653562248249127e-08 1.45806389660891e-06 4308
11.25 1.249747634898355e-08 1.103450224856723e-06 3563
11.5 7.364198434934842e-09 6.734221670408255e-07 2448
11.75 4.641854776345278e-09 4.438156666622701e-07 1868
12 3.225626104151075e-09 3.091780373933006e-07 1358
12.25 2.262174681394304e-09 2.306219430066686e-07 1062
12.5 1.554629715914739e-09 1.476108604058744e-07 776
12.75 8.540185272337484e-10 8.55540085747147e-08 432
13 3.890108599817232e-10 4.152695624116736e-08 200
13.25 2.876744463217069e-10 3.265513022173267e-08 168
13.5 8.136534394247942e-11 1.00808810913866e-08 56
13.75 3.118739027820959e-12 3.195878070709139e-10 7

0.25 7.606523896563344e-10 3.344624325494015e-09 18
0.5 4.160274213290061e-09 1.694285758000427e-08 62
0.75 1.071206188501482e-08 2.988257946460171e-08 98
1 2.237856132680646e-08 7.782857388281416e-08 210
1.25 3.478868402362836e-08 1.704447455670135e-07 350
1.5 4.826905894756609e-08 2.287640665998841e-07 450
1.75 6.627536725126948e-08 4.128942898454093e-07 602
2 7.542706337582573e-08 5.420555400845624e-07 762
2.25 1.120042595891707e-07 8.112124784730665e-07 1142
2.5 1.080549398724578e-07 9.572540837708183e-07 1250
2.75 1.150423389975553e-07 1.264597397450548e-06 1458
3 1.417754807666342e-07 1.446132532384749e-06 1814
3.25 1.541696257440938e-07 1.895922207990777e-06 2178
3.5 1.679200433146995e-07 2.112346052775132e-06 2498
3.75 1.632391646545572e-07 2.270207453430775e-06 2622
4 1.776205399215153e-07 2.946182284353212e-06 3338
4.25 1.91885516223332e-07 3.409970682300434e-06 3722
4.5 1.979394202830977e-07 3.70262953221933e-06 4170
4.75 1.873078513515713e-07 4.06191289192302e-06 4358
5 1.98242131018937e-07 4.845141822990511e-06 5034
5.25 2.109188613553774e-07 5.32300601605394e-06 5714
5.5 2.136421794243405e-07 5.63865592345523e-06 5982
5.75 2.233389785665211e-07 5.718714663910436e-06 6602
6 2.20224980880211e-07 6.37630480268844e-06 7130
6.25 2.183682899685907e-07 6.735142793932764e-06 8034
6.5 2.233590637142048e-07 7.187053844652822e-06 8606
6.75 2.154941389477228e-07 7.333057893175325e-06 9066
7 2.215863523338897e-07 7.866366685440389e-06 9962
7.25 2.251819331773922e-07 8.077726604187946e-06 10550
7.5 2.233715109722687e-07 8.49820601908045e-06 11226
7.75 2.356924382606788e-07 8.673007597039737e-06 12146
8 2.225756325016231e-07 8.461974610073055e-06 12303
8.25 1.939745759233486e-07 7.983397076597663e-06 12584
8.5 1.623056260507904e-07 7.061679940795509e-06 12120
8.75 1.270653189167843e-07 6.01488599657271e-06 11180
9 1.119045258234798e-07 5.490314732887332e-06 11096
9.25 9.031924088210867e-08 4.721855089407652e-06 10056
9.5 7.772285769239464e-08 4.154708440396322e-06 9716
9.75 6.134980816441265e-08 3.341935753068236e-06 8604
10 5.435908070777979e-08 3.111183492803475e-06 8060
10.25 4.370953956392919e-08 2.595028295908897e-06 7320
10.5 3.362164597246277e-08 2.143495670569347e-06 6356
10.75 2.774187779350723e-08 1.714499963540442e-06 5348
11 2.030819795666793e-08 1.285778264123671e-06 4308
11.25 1.454086635739868e-08 9.498302929626005e-07 3563
11.5 8.985124270539801e-09 5.736134523064223e-07 2448
11.75 5.620063422737504e-09 4.241335343780269e-07 1868
12 3.819540635285768e-09 3.021438259619367e-07 1358
12.25 2.831497435386819e-09 2.135506149945835e-07 1062
12.5 1.80978897847434e-09 1.477910620314047e-07 776
12.75 1.03493855043977e-09 7.935279559266359e-08 432
13 5.083715861190748e-10 3.202399848092255e-08 200
13.25 4.925858023850397e-10 3.184176168465878e-08 168
13.5 9.11395044129699e-11 8.047235348022895e-09 56
13.75 5.633932375783475e-12 5.573152834155413e-10 7

0.25 9.464422799071019e-10 7.896316974418235e-09 18
0.5 4.767079056059634e-09 5.289221285864927e-08 62
0.75 8.614425509635432e-09 1.093678015385499e-07 98
1 1.573146911531414e-08 2.664656242496609e-07 210
1.25 2.515618576348109e-08 3.810958625343275e-07 350
1.5 3.242925296529064e-08 5.773037992366157e-07 450
1.75 4.090379536587874e-08 8.531456392175732e-07 602
2 4.98186991096346e-08 1.075318881734251e-06 762
2.25 6.360831718734312e-08 1.456564356437841e-06 1142
2.5 7.106642625158717e-08 1.644380107764094e-06 1250
2.75 8.304078871662014e-08 1.813277840290691e-06 1458
3 9.349065510344167e-08 2.190821539439378e-06 1814
3.25 1.036287886726136e-07 2.635704405179112e-06 2178
3.5 1.060262744454947e-07 3.04602556106321e-06 2498
3.75 1.115079278601029e-07 2.948084089316119e-06 2622
4 1.273802769861455e-07 3.962557870156903e-06 3338
4.25 1.395836579340251e-07 4.522408161828331e-06 3722
4.5 1.46374347926163e-07 4.717862355341842e-06 4170
4.75 1.422619686675704e-07 4.834088269934695e-06 4358
5 1.556806292065686e-07 5.548329488769095e-06 5034
5.25 1.656966370886772e-07 6.348462635958721e-06 5714
5.5 1.619020259298942e-07 6.588471118182294e-06 5982
5.75 1.654459610045627e-07 6.826833360619477e-06 6602
6 1.709771303640084e-07 7.377437546938315e-06 7130
6.25 1.781390323159308e-07 7.894358557183516e-06 8034
6.5 1.784928451833968e-07 8.149067365894504e-06 8606
6.75 1.808935800740588e-07 8.251515377613803e-06 9066
7 1.836526674511096e-07 8.982968946506832e-06 9962
7.25 1.877685040990287e-07 9.366507570964764e-06 10550
7.5 1.886234498939135e-07 9.655361444352113e-06 11226
7.75 1.892401635478888e-07 1.004143763705494e-05 12146
8 1.766844259706061e-07 9.507378899407532e-06 12303
8.25 1.590115791346803e-07 9.109314681595652e-06 12584
8.5 1.365142300069357e-07 8.00068136643809e-06 12120
8.75 1.076499921862794e-07 6.887434172757064e-06 11180
9 9.68847425492368e-08 6.219937894333618e-06 11096
9.25 8.137816158857627e-08 5.291108310465062e-06 10056
9.5 6.870905726976034e-08 4.775417610996254e-06 9716
9.75 5.6267043617491e-08 3.876192874823411e-06 8604
10 4.911475900598811e-08 3.564112953094782e-06 8060
10.25 4.15269343130837e-08 3.039978401721412e-06 7320
10.5 3.224112807692645e-08 2.485142672246271e-06 6356
10.75 2.530288927179363e-08 2.00619935593379e-06 5348
11 1.941381338175419e-08 1.49308722627197e-06 4308
11.25 1.349736346921388e-08 1.117448460227747e-06 3563
11.5 7.847879508398676e-09 6.579793020648225e-07 2448
11.75 5.452900593732825e-09 4.968990590072459e-07 1868
12 3.55195678414945e-09 3.337742588535095e-07 1358
12.25 2.786066021844214e-09 2.416564306923969e-07 1062
12.5 1.783457112709186e-09 1.544069165888689e-07 776
12.75 1.024530263624197e-09 9.179312462476137e-08 432
13 5.314094264625477e-10 4.332531550375753e-08 200
13.25 3.303177057809262e-10 3.750186812636318e-08 168
13.5 1.148739965366602e-10 1.460796838018634e-08 56
13.75 1.021187034954575e-11 1.365099774697266e-09 7

0.25 7.689446150561424e-10 1.694985184295777e-09 18
0.5 4.390501967167625e-09 2.366567718075993e-08 62
0.75 7.162298415942311e-09 4.109660316920125e-08 98
1 1.744510419247438e-08 1.313958188044899e-07 210
1.25 2.859773310088423e-08 2.328783719740922e-07 350
1.5 3.353326230025123e-08 3.580970755829305e-07 450
1.75 4.688923036507032e-08 5.296491716030465e-07 602
2 5.457342506702884e-08 6.806438442752044e-07 762
2.25 7.866292560232666e-08 9.768739329357967e-07 1142
2.5 7.542590049690986e-08 1.138764881069616e-06 1250
2.75 8.98197538761631e-08 1.361849885830548e-06 1458
3 1.046870276281329e-07 1.71220083698645e-06 1814
3.25 1.148360821473193e-07 2.170547892921446e-06 2178
3.5 1.233369925365011e-07 2.36753554787939e-06 2498
3.75 1.143894997975876e-07 2.523909646655149e-06 2622
4 1.451892675975994e-07 3.316468631349592e-06 3338
4.25 1.509856753803277e-07 3.536796143614484e-06 3722
4.5 1.518098564569413e-07 4.028608224059074e-06 4170
4.75 1.551083923456339e-07 4.200210037458632e-06 4358
5 1.653770931941377e-07 4.64501607393152e-06 5034
5.25 1.788532680365638e-07 5.482314716222884e-06 5714
5.5 1.70340163215545e-07 5.510799340144403e-06 5982
5.75 1.715677303408293e-07 5.88742643869737e-06 6602
6 1.757750493431183e-07 6.188135626576785e-06 7130
6.25 1.844331484761016e-07 7.022752529551371e-06 8034
6.5 1.881022187595522e-07 7.218564930127406e-06 8606
6.75 1.830686721367451e-07 7.509790770312426e-06 9066
7 1.941139335844392e-07 8.073272848763884e-06 9962
7.25 1.864173607273353e-07 8.306760982701659e-06 10550
7.5 1.916889678433422e-07 8.646749932200325e-06 11226
7.75 1.99160651183598e-07 9.091531192445143e-06 12146
8 1.844147303820523e-07 8.586619638334694e-06 12303
8.25 1.703811197162476e-07 8.258240535615658e-06 12584
8.5 1.449354330005678e-07 7.422574255871451e-06 12120
8.75 1.155613671099837e-07 6.260912701959232e-06 11180
9 1.017040011351985e-07 5.754892149441102e-06 11096
9.25 8.190989987449876e-08 4.893483694704746e-06 10056
9.5 7.486589051167288e-08 4.502809777753146e-06 9716
9.75 6.008423707575325e-08 3.778870299168585e-06 8604
10 5.139866870189563e-08 3.261907399779484e-06 8060
10.25 4.27806570124072e-08 2.872276734805382e-06 7320
10.5 3.466150551209651e-08 2.26736397086157e-06 6356
10.75 2.774597590086041e-08 1.840414342979347e-06 5348
11 1.992304588007759e-08 1.426429966269265e-06 4308
11.25 1.49196716806246e-08 1.065362614160113e-06 3563
11.5 8.442373625591324e-09 6.760508945035846e-07 2448
11.75 5.762645845119991e-09 4.481974069126374e-07 1868
12 4.033066664643594e-09 3.17740333004667e-07 1358
12.25 2.790656289748574e-09 2.218073879309279e-07 1062
12.5 1.962063914924815e-09 1.840338565322168e-07 776
12.75 9.112546135773673e-10 8.843077559290795e-08 432
13 5.042817317094814e-10 4.032284233864218e-08 200
13.25 3.851710692883941e-10 3.104606147587294e-08 168
13.5 1.704595030722029e-10 1.211428796700246e-08 56
13.75 6.496936695076651e-12 1.695862859750131e-09 7

0.25 1.406110611199588e-09 5.890206193061801e-09 18
0.5 6.362095336944305e-09 3.894256815084993e-08 62
0.75 1.000507480421244e-08 7.044550782590537e-08 98
1 1.804798454746348e-08 1.543611835821001e-07 210
1.25 3.238461693990061e-08 3.072256446120812e-07 350
1.5 3.400684658470514e-08 4.461711131154465e-07 450
1.75 4.955599823859128e-08 6.247072592579176e-07 602
2 4.847770810881051e-08 8.169242608123267e-07 762
2.25 7.858421551677351e-08 1.101049882350143e-06 1142
2.5 7.76391472758271e-08 1.189628333490004e-06 1250
2.75 8.496798533433426e-08 1.265771143236879e-06 1458
3 1.038490538891454e-07 1.524917710605605e-06 1814
3.25 1.131888144234228e-07 1.921833991789343e-06 2178
3.5 1.16522515258782e-07 2.1059024060394e-06 2498
3.75 1.20293259727318e-07 2.420790893824435e-06 2622
4 1.3676134196455e-07 2.924348863353865e-06 3338
4.25 1.416860392699895e-07 3.365456673320263e-06 3722
4.5 1.444725286631435e-07 3.673375643322198e-06 4170
4.75 1.406437244495438e-07 3.6545585175881e-06 4358
5 1.585946796277371e-07 4.312439411498709e-06 5034
5.25 1.680732130579415e-07 4.911746248383786e-06 5714
5.5 1.68478068393009e-07 5.311747619514288e-06 5982
5.75 1.692273218721832e-07 5.450812656659822e-06 6602
6 1.661800780146072e-07 5.963175262753485e-06 7130
6.25 1.800799034104081e-07 6.559003244195176e-06 8034
6.5 1.798655579269804e-07 6.761599885247152e-06 8606
6.75 1.788500127991351e-07 7.013415794747582e-06 9066
7 1.874752480170913e-07 7.361846939773508e-06 9962
7.25 1.838208839824339e-07 7.600281354767408e-06 10550
7.5 1.853184751402646e-07 7.844424985030198e-06 11226
7.75 1.916320046262819e-07 8.257677061733263e-06 12146
8 1.812163385716439e-07 8.14501136729511e-06 12303
8.25 1.62355445101899e-07 7.846735100546546e-06 12584
8.5 1.410513853338952e-07 7.139412910938463e-06 12120
8.75 1.10376581334451e-07 6.113712107205146e-06 11180
9 1.013794914190015e-07 5.677837003468993e-06 11096
9.25 8.294451206227357e-08 4.837379560630269e-06 10056
9.5 7.274344319304516e-08 4.25167518156237e-06 9716
9.75 5.944424655649531e-08 3.64876710909464e-06 8604
10 5.190451450006136e-08 3.171276382768761e-06 8060
10.25 4.141059059356021e-08 2.725484799736343e-06 7320
10.5 3.473192840252199e-08 2.269188912137693e-06 6356
10.75 2.729681149811932e-08 1.811638438449674e-06 5348
11 1.990861687972701e-08 1.418639569588705e-06 4308
11.25 1.49819942082223e-08 1.03239114373301e-06 3563
11.5 8.707330394074979e-09 6.299315871510698e-07 2448
11.75 6.181233900894262e-09 4.752869813598268e-07 1868
12 4.002518360092792e-09 3.260125237536498e-07 1358
12.25 2.998390437050714e-09 2.415752305992901e-07 1062
12.5 2.298876959966066e-09 1.680748642881956e-07 776
12.75 1.050527076917499e-09 9.198408211859363e-08 432
13 3.927782397420924e-10 3.846764753595811e-08 200
13.25 4.523007620916024e-10 3.59877397934187e-08 168
13.5 1.526360038771359e-10 1.137117478545621e-08 56
13.75 1.826462575909409e-11 1.663092277379181e-09 7

0.25 1.575161030614944e-09 5.888223409099726e-09 18
0.5 6.673911740002793e-09 2.17548993167423e-08 62
0.75 6.908550538688877e-09 7.451707583690534e-08 98
1 1.485012875972875e-08 1.434298962232713e-07 210
1.25 2.931072147591055e-08 2.55784904992538e-07 350
1.5 2.933420987134318e-08 3.783585175890746e-07 450
1.75 3.661374038644693e-08 5.500225023579059e-07 602
2 4.124981677327098e-08 7.497060876414296e-07 762
2.25 6.066527740191673e-08 1.13955649416263e-06 1142
2.5 6.300522503486824e-08 1.288030770827117e-06 1250
2.75 6.569510450985952e-08 1.48223550866726e-06 1458
3 8.325000874353367e-08 1.794844956192036e-06 1814
3.25 8.954115987987015e-08 2.303526263947606e-06 2178
3.5 1.062920683945749e-07 2.490896472616111e-06 2498
3.75 9.697765396804261e-08 2.720433581815653e-06 2622
4 1.150353963803126e-07 3.31392318206455e-06 3338
4.25 1.154221567723824e-07 3.761837001608173e-06 3722
4.5 1.239330776180749e-07 4.053797119536989e-06 4170
4.75 1.24919398935519e-07 4.295530028929022e-06 4358
5 1.35969698003483e-07 4.835368551522626e-06 5034
5.25 1.483808658596056e-07 5.34429025631973e-06 5714
5.5 1.445989578459727e-07 5.575528039256547e-06 5982
5.75 1.523351583586883e-07 5.990738181065588e-06 6602
6 1.505064790830681e-07 6.280242159059154e-06 7130
6.25 1.552568036882921e-07 7.073236005466081e-06 8034
6.5 1.604779737578667e-07 7.3021768978516e-06 8606
6.75 1.602339892455749e-07 7.564312494189133e-06 9066
7 1.612803278740241e-07 8.10842157392205e-06 9962
7.25 1.599141634692845e-07 8.31770074983126e-06 10550
7.5 1.670455403260396e-07 8.470916782840832e-06 11226
7.75 1.702657133464244e-07 9.243441968533992e-06 12146
8 1.614634057766836e-07 8.826629581666592e-06 12303
8.25 1.524138374461693e-07 8.301554019674411e-06 12584
8.5 1.297430730175404e-07 7.423079248757971e-06 12120
8.75 1.052814123407579e-07 6.482146921670308e-06 11180
9 9.574279512493454e-08 6.168098230256385e-06 11096
9.25 7.766061358099476e-08 5.023898459991162e-06 10056
9.5 6.828416400632846e-08 4.663428071619183e-06 9716
9.75 5.493174250744633e-08 3.846084603941966e-06 8604
10 4.942026132716756e-08 3.508987048006775e-06 8060
10.25 4.008546532302069e-08 2.946369452299866e-06 7320
10.5 3.196085208415428e-08 2.504255670320259e-06 6356
10.75 2.612430876944092e-08 1.983433941740198e-06 5348
11 1.903479752041654e-08 1.537844807133242e-06 4308
11.25 1.372093258561481e-08 1.148267904237656e-06 3563
11.5 8.20914074247269e-09 7.125290651832451e-07 2448
11.75 5.922488822163391e-09 5.268965946300625e-07 1868
12 3.952846594017768e-09 3.234015386974241e-07 1358
12.25 2.902050564749243e-09 2.47024391728564e-07 1062
12.5 1.987978960763644e-09 1.913192818086282e-07 776
12.75 1.048326951793913e-09 1.110424116967457e-07 432
13 4.507024412082587e-10 4.404787937363743e-08 200
13.25 4.48221783384815e-10 3.835176092038331e-08 168
13.5 1.35261146840649e-10 1.03687827813696e-08 56
13.75 1.540191704079246e-11 3.224351807275528e-10 7

0.25 2.49637251713015e-09 2.264036018926513e-09 18
0.5 7.813658598096138e-09 9.473797392517221e-09 62
0.75 1.31490042116561e-08 2.314326072058323e-08 98
1 2.597989913914353e-08 4.95948022646295e-08 210
1.25 4.121401414661658e-08 9.635350564943474e-08 350
1.5 4.94294037085459e-08 1.501314158405673e-07 450
1.75 6.585773635163449e-08 1.872980322980195e-07 602
2 7.241449895761139e-08 3.090470476371594e-07 762
2.25 9.414099579601416e-08 5.368659824761643e-07 1142
2.5 9.618271134418677e-08 5.726575719743179e-07 1250
2.75 9.777762473942704e-08 7.281833741445032e-07 1458
3 1.178667205461664e-07 9.765796443193786e-07 1814
3.25 1.255467332736135e-07 1.28611153245637e-06 2178
3.5 1.296380917012996e-07 1.621802173541303e-06 2498
3.75 1.243809589661714e-07 1.73419642185267e-06 2622
4 1.493335457919063e-07 2.123687658634628e-06 3338
4.25 1.503830509130224e-07 2.522688063950268e-06 3722
4.5 1.557478322916596e-07 2.80036789238098e-06 4170
4.75 1.518912276508068e-07 2.958103116740403e-06 4358
5 1.637004916165527e-07 3.525207189902792e-06 5034
5.25 1.695596690999999e-07 3.89989263696447e-06 5714
5.5 1.627153689758386e-07 4.161136171723567e-06 5982
5.75 1.663840179658653e-07 4.640059545073986e-06 6602
6 1.677729126768792e-07 4.864339311271884e-06 7130
6.25 1.81424358159642e-07 5.394479717759113e-06 8034
6.5 1.863200118203463e-07 5.814164572237336e-06 8606
6.75 1.753692516880826e-07 5.95111091192156e-06 9066
7 1.849365095063781e-07 6.386161173276338e-06 9962
7.25 1.810193103022996e-07 6.351188116183504e-06 10550
7.5 1.843491619532126e-07 6.855900869690818e-06 11226
7.75 1.927473739136203e-07 7.28885007761299e-06 12146
8 1.839837505727347e-07 7.042050162775303e-06 12303
8.25 1.66323610058555e-07 7.024119589684048e-06 12584
8.5 1.420204973591346e-07 6.087945156545674e-06 12120
8.75 1.15516312387887e-07 5.450117796629536e-06 11180
9 1.027431458061559e-07 5.167659113891723e-06 11096
9.25 8.473698314195398e-08 4.341028706010846e-06 10056
9.5 7.514987397620955e-08 4.021738708258836e-06 9716
9.75 6.219211876186308e-08 3.302565704067806e-06 8604
10 5.189809425356986e-08 3.03767137294811e-06 8060
10.25 4.434582532774188e-08 2.520032259309589e-06 7320
10.5 3.629551771911482e-08 2.16430575463356e-06 6356
10.75 2.75020766775894e-08 1.705276424312238e-06 5348
11 2.098777752433086e-08 1.336723027042541e-06 4308
11.25 1.534825323762392e-08 1.028125973885608e-06 3563
11.5 9.082744780566272e-09 6.625969635763917e-07 2448
11.75 6.453286307198654e-09 4.711238936728552e-07 1868
12 4.430179768744388e-09 3.014385833674406e-07 1358
12.25 3.059741596763542e-09 2.304027363955984e-07 1062
12.5 2.23398349371932e-09 1.653947682872343e-07 776
12.75 1.179421427251844e-09 9.505067053805753e-08 432
13 5.550945807809305e-10 4.462323508741792e-08 200
13.25 4.578610392612983e-10 3.773784422457425e-08 168
13.5 1.926863500352838e-10 1.105711790909682e-08 56
13.75 1.432999699997619e-11 1.830450517133184e-09 7

0.25 8.96025102751177e-10 7.540583288603753e-09 18
0.5 5.023609548103225e-09 3.67549520745245e-08 62
0.75 6.700887386345216e-09 6.450779479659569e-08 98
1 1.748261850513858e-08 1.709609237282581e-07 210
1.25 2.814762082165192e-08 2.694464361500072e-07 350
1.5 2.995686720667396e-08 4.008448606942076e-07 450
1.75 3.26117816656524e-08 5.582169047953666e-07 602
2 3.968205409993391e-08 6.924002602473999e-07 762
2.25 5.504283084828289e-08 1.078425097269134e-06 1142
2.5 5.60969704046481e-08 1.136113315688237e-06 1250
2.75 6.45376038668087e-08 1.306179473923078e-06 1458
3 7.160868626358304e-08 1.626906400558361e-06 1814
3.25 8.499542417624772e-08 1.854218219696346e-06 2178
3.5 8.618956457211835e-08 2.208538894286532e-06 2498
3.75 8.389144180224021e-08 2.39420727394622e-06 2622
4 1.027981287812596e-07 2.99059809492296e-06 3338
4.25 1.087511689544496e-07 3.33616880431248e-06 3722
4.5 1.125353858870535e-07 3.821027165536849e-06 4170
4.75 1.124769924522158e-07 3.861194109365509e-06 4358
5 1.192226416876369e-07 4.49301527264282e-06 5034
5.25 1.304613254542885e-07 4.999899325228864e-06 5714
5.5 1.261177777920634e-07 5.229015707548149e-06 5982
5.75 1.284095733408434e-07 5.527344416378126e-06 6602
6 1.325699973304697e-07 5.898783564029643e-06 7130
6.25 1.462893825089063e-07 6.547826320775127e-06 8034
6.5 1.476355274817222e-07 6.888967156661896e-06 8606
6.75 1.43474174120101e-07 7.079636002586286e-06 9066
7 1.480151691316673e-07 7.519849454276066e-06 9962
7.25 1.528468088256555e-07 7.855570256212328e-06 10550
7.5 1.50681932978579e-07 7.86080358592267e-06 11226
7.75 1.543573396928237e-07 8.584019894348834e-06 12146
8 1.499729103596208e-07 8.276972731412156e-06 12303
8.25 1.395650076041527e-07 8.061631430160057e-06 12584
8.5 1.171453931420776e-07 7.117059643941848e-06 12120
8.75 9.761948520729113e-08 6.374400034734339e-06 11180
9 8.968471334110336e-08 5.820562603951182e-06 11096
9.25 7.430978928570457e-08 5.159877115325934e-06 10056
9.5 6.5319273711794e-08 4.48989432460379e-06 9716
9.75 5.288506354165809e-08 3.852960258051961e-06 8604
10 4.656027129040232e-08 3.457505057631028e-06 8060
10.25 3.949380557990825e-08 2.979625286774526e-06 7320
10.5 3.215745210056702e-08 2.481317533026e-06 6356
10.75 2.445861124927772e-08 1.972321044601888e-06 5348
11 1.866327488271585e-08 1.499409279156808e-06 4308
11.25 1.396470038516677e-08 1.172845342212235e-06 3563
11.5 8.333475128508825e-09 7.345941797849161e-07 2448
11.75 5.865263732855591e-09 5.576893067881841e-07 1868
12 4.081545092581965e-09 3.677423374043107e-07 1358
12.25 2.886718901373139e-09 2.940544962370576e-07 1062
12.5 1.917275192262119e-09 1.803181938185723e-07 776
12.75 1.025400606655887e-09 1.032509610466993e-07 432
13 5.062930234813108e-10 5.126444898317009e-08 200
13.25 4.55804023080033e-10 3.821949977844191e-08 168
13.5 1.260098724806944e-10 1.567295349551423e-08 56
13.75 1.472588418071333e-11 1.635665204889339e-09 7

0.25 9.49388282533783e-10 2.203340277057976e-09 18
0.5 5.037803101967611e-09 1.786993176324491e-08 62
0.75 8.310488917996457e-09 3.350129570162828e-08 98
1 2.348345824396915e-08 7.293864103207593e-08 210
1.25 3.029236381279088e-08 1.243111704269417e-07 350
1.5 3.574773282980774e-08 1.699559744943213e-07 450
1.75 4.393487196238406e-08 2.545145241296908e-07 602
2 5.126086569627229e-08 4.043562853817498e-07 762
2.25 7.052139169798055e-08 5.522164583089797e-07 1142
2.5 7.249411031112602e-08 6.835050616150603e-07 1250
2.75 8.465461246392821e-08 7.884450195463905e-07 1458
3 8.922375285597709e-08 1.0454028020456e-06 1814
3.25 1.004599455197193e-07 1.308547954857737e-06 2178
3.5 1.077737390434431e-07 1.515309635002217e-06 2498
3.75 1.066946386979728e-07 1.598819230336627e-06 2622
4 1.306933290808053e-07 2.182702549319213e-06 3338
4.25 1.23284777060881e-07 2.373123123869063e-06 3722
4.5 1.32496157971931e-07 2.717070792375242e-06 4170
4.75 1.314794587561392e-07 2.844523894700228e-06 4358
5 1.442119733187075e-07 3.254547296053532e-06 5034
5.25 1.498146633824971e-07 3.861643779371862e-06 5714
5.5 1.448568189944124e-07 4.070394576030517e-06 5982
5.75 1.476291104555977e-07 4.290809831322917e-06 6602
6 1.510842188308139e-07 4.473116173739244e-06 7130
6.25 1.598081948448126e-07 5.085847811437251e-06 8034
6.5 1.600320691882357e-07 5.336919369596991e-06 8606
6.75 1.555224907360387e-07 5.827708996749291e-06 9066
7 1.663696860537717e-07 6.018363504955588e-06 9962
7.25 1.6732808648842e-07 6.351063427303521e-06 10550
7.5 1.687370471017822e-07 6.523194969807637e-06 11226
7.75 1.686005221421074e-07 6.956915103672521e-06 12146
8 1.66796888809677e-07 6.690468748139253e-06 12303
8.25 1.506699409653943e-07 6.619894032239213e-06 12584
8.5 1.297786298096812e-07 6.005968478288912e-06 12120
8.75 1.085016241059692e-07 5.296469971897352e-06 11180
9 9.877480561942333e-08 4.9193530811716e-06 11096
9.25 8.030859067407451e-08 4.301320242421387e-06 10056
9.5 7.073968544147387e-08 3.977438797026139e-06 9716
9.75 5.639057652481106e-08 3.310437291343018e-06 8604
10 5.213876436731913e-08 2.98232723986427e-06 8060
10.25 4.169492842773002e-08 2.646796406117648e-06 7320
10.5 3.473160759056142e-08 2.142906607110168e-06 6356
10.75 2.800317525794921e-08 1.728342279637729e-06 5348
11 2.033141993902854e-08 1.303115855940079e-06 4308
11.25 1.526322679569206e-08 1.064430373265799e-06 3563
11.5 9.03537431277038e-09 6.686378712330202e-07 2448
11.75 6.364228417586591e-09 4.923030737054757e-07 1868
12 4.302431710923099e-09 3.206222462358494e-07 1358
12.25 3.197431370902371e-09 2.559870977719073e-07 1062
12.5 2.001909633192245e-09 1.722618976965771e-07 776
12.75 1.138192183320792e-09 8.798732538210084e-08 432
13 5.537707184091623e-10 4.834354838556379e-08 200
13.25 4.714090529424082e-10 4.192414905011254e-08 168
13.5 1.70429262002629e-10 1.239039670038196e-08 56
13.75 1.98114221018231e-11 1.05562249314897e-09 7

0.25 2.671502676862798e-09 6.269303748722415e-09 18
0.5 8.796173778033453e-09 3.014858414411142e-08 62
0.75 7.92133561492426e-09 4.630795383139726e-08 98
1 1.810897799679082e-08 1.023709090580557e-07 210
1.25 2.849643733271474e-08 2.022262463643192e-07 350
1.5 2.87742480546369e-08 2.608222886744251e-07 450
1.75 4.005425979774601e-08 3.654950741267039e-07 602
2 4.637938086585345e-08 4.336032228495596e-07 762
2.25 6.036526409377073e-08 7.212952496220721e-07 1142
2.5 5.864818942428727e-08 8.563983929308712e-07 1250
2.75 6.104088795830903e-08 1.007502581021273e-06 1458
3 7.261602888851776e-08 1.299540286214116e-06 1814
3.25 8.138248932475775e-08 1.557476938627104e-06 2178
3.5 8.520494036910536e-08 1.770163374499246e-06 2498
3.75 8.533159868880592e-08 1.937872082803055e-06 2622
4 9.899799603025563e-08 2.363913831146454e-06 3338
4.25 1.026936389745993e-07 2.786106240728819e-06 3722
4.5 1.10851929525254e-07 2.946251143460749e-06 4170
4.75 1.096251283982443e-07 3.231571013278483e-06 4358
5 1.180904459422032e-07 3.692562236371371e-06 5034
5.25 1.272947707613444e-07 4.02430234670384e-06 5714
5.5 1.279216895328358e-07 4.297803311117439e-06 5982
5.75 1.249188257097481e-07 4.462596974813147e-06 6602
6 1.298464963444992e-07 4.934791511912335e-06 7130
6.25 1.426385242075102e-07 5.408344117569148e-06 8034
6.5 1.379555918102046e-07 5.552266152482275e-06 8606
6.75 1.401246421542789e-07 5.97172332544914e-06 9066
7 1.447115896986408e-07 6.390669143390453e-06 9962
7.25 1.477250835374689e-07 6.538665090913195e-06 10550
7.5 1.508921798658298e-07 6.852561625358803e-06 11226
7.75 1.491179751298394e-07 7.196995928958731e-06 12146
8 1.49823869260359e-07 7.161666416538974e-06 12303
8.25 1.351737322487811e-07 6.943489596701069e-06 12584
8.5 1.155776877011513e-07 6.189700086625084e-06 12120
8.75 9.652842821116909e-08 5.557066386381895e-06 11180
9 9.002722964212099e-08 5.166399810983571e-06 11096
9.25 7.334387834608977e-08 4.445272839894605e-06 10056
9.5 6.74906549729181e-08 4.058213802787422e-06 9716
9.75 5.211783548419379e-08 3.500436252041498e-06 8604
10 4.612512357349569e-08 3.144558279123006e-06 8060
10.25 4.109141855259281e-08 2.727072045194518e-06 7320
10.5 3.334387505431474e-08 2.245908955388698e-06 6356
10.75 2.596745330320917e-08 1.852398118231166e-06 5348
11 1.917613660246991e-08 1.443467170359179e-06 4308
11.25 1.433925553589133e-08 1.074083424239097e-06 3563
11.5 8.834619366419857e-09 6.919410305173747e-07 2448
11.75 6.224105564525882e-09 4.934664889887937e-07 1868
12 4.330725531239422e-09 3.528306441990994e-07 1358
12.25 2.87954735780151e-09 2.44797153032522e-07 1062
12.5 2.034269617124479e-09 1.753473338841575e-07 776
12.75 1.14249725331587e-09 9.715748122644929e-08 432
13 6.003672734705154e-10 5.002679854993044e-08 200
13.25 4.688702011511423e-10 4.570478298887351e-08 168
13.5 1.876828041694415e-10 1.300580657850896e-08 56
13.75 1.678332566686367e-11 1.509514148398377e-09 7

0.25 3.073106331863448e-09 3.736312030125655e-09 18
0.5 8.115796418142704e-09 1.71161948930773e-08 62
0.75 9.645532909059845e-09 4.135962320613345e-08 98
1 1.77271042439767e-08 1.075023087831107e-07 210
1.25 2.772087380667097e-08 2.048050305048066e-07 350
1.5 3.394812284020038e-08 2.709367810191667e-07 450
1.75 3.152486247063409e-08 3.508423472914493e-07 602
2 3.876626871972927e-08 4.602032782706013e-07 762
2.25 5.639206853472662e-08 7.121346831011806e-07 1142
2.5 5.410002206563385e-08 7.429559720586189e-07 1250
2.75 5.740729093254357e-08 9.397335720023551e-07 1458
3 6.828881868225809e-08 1.247519529769018e-06 1814
3.25 7.198983549586392e-08 1.464015407847849e-06 2178
3.5 8.39918175071461e-08 1.784631577570461e-06 2498
3.75 7.761055421743715e-08 1.803602759968399e-06 2622
4 9.481804979372531e-08 2.409854728641327e-06 3338
4.25 9.63486491775971e-08 2.576992106101932e-06 3722
4.5 1.053615569027151e-07 2.850475977650743e-06 4170
4.75 1.004405719761307e-07 3.016840645235183e-06 4358
5 1.144882857345609e-07 3.654227097660173e-06 5034
5.25 1.203385802567236e-07 3.922031620756033e-06 5714
5.5 1.202998113098736e-07 4.27801448949834e-06 5982
5.75 1.207211437840409e-07 4.532280118069219e-06 6602
6 1.267034514009793e-07 4.866536233430789e-06 7130
6.25 1.371284007551956e-07 5.249912958394247e-06 8034
6.5 1.345286893214847e-07 5.596721999118766e-06 8606
6.75 1.302363809038504e-07 5.642075609335446e-06 9066
7 1.388582835756807e-07 6.313399437701849e-06 9962
7.25 1.399908545316554e-07 6.397268690217446e-06 10550
7.5 1.454187436518115e-07 6.762564614447769e-06 11226
7.75 1.506914036508394e-07 7.083679532524559e-06 12146
8 1.391586673676351e-07 6.87857058154403e-06 12303
8.25 1.317525886719971e-07 6.929505703291454e-06 12584
8.5 1.138479370889314e-07 6.1233057390156e-06 12120
8.75 9.403444958641059e-08 5.361970948313842e-06 11180
9 8.528030344509161e-08 5.103333882139906e-06 11096
9.25 7.234757581104084e-08 4.496714552808166e-06 10056
9.5 6.249198783861121e-08 4.156872582899158e-06 9716
9.75 5.09671303858928e-08 3.387690987178877e-06 8604
10 4.586327354889284e-08 3.193446292168764e-06 8060
10.25 3.835102876556447e-08 2.778217757656332e-06 7320
10.5 3.230014326592335e-08 2.321453900344542e-06 6356
10.75 2.468150215248606e-08 1.835540775259527e-06 5348
11 1.819617844125955e-08 1.442215931168191e-06 4308
11.25 1.456979740977134e-08 1.144798951838627e-06 3563
11.5 8.466186876123214e-09 6.707827872843824e-07 2448
11.75 6.253206178264419e-09 5.04309833176761e-07 1868
12 4.009162388292697e-09 3.513202001389356e-07 1358
12.25 2.773648467755831e-09 2.638730346065148e-07 1062
12.5 2.083382701946726e-09 1.898970438142148e-07 776
12.75 1.086591455557067e-09 9.707280453686265e-08 432
13 5.458973653537325e-10 3.957988287637909e-08 200
13.25 6.103092966880253e-10 4.312796537380764e-08 168
13.5 1.747806174657769e-10 1.330493695836517e-08 56
13.75 1.597126232935019e-11 1.931168732652027e-09 7

0.25 1.766799048564878e-09 3.23682394202859e-09 18
0.5 9.892133023736407e-09 9.332800434603839e-09 62
0.75 1.594097116080941e-08 1.750486063908712e-08 98
1 3.320065002284447e-08 5.078909779711571e-08 210
1.25 3.892415815452887e-08 8.925862918815493e-08 350
1.5 4.31173333349229e-08 1.263736676617697e-07 450
1.75 5.034218043921603e-08 1.912317706284376e-07 602
2 5.687665983935823e-08 2.440840561513854e-07 762
2.25 7.732842106268794e-08 4.250990285107791e-07 1142
2.5 6.689869885157032e-08 4.78226275934468e-07 1250
2.75 7.083740774326984e-08 6.697777251429745e-07 1458
3 7.867473568859677e-08 8.863265156403269e-07 1814
3.25 8.593998219672086e-08 1.043915326475993e-06 2178
3.5 9.21253040913333e-08 1.279909601103816e-06 2498
3.75 8.961335332751981e-08 1.425421158381377e-06 2622
4 1.072044864157754e-07 1.772014536312576e-06 3338
4.25 1.116345494335119e-07 1.964312983902834e-06 3722
4.5 1.155032820439425e-07 2.342317218457729e-06 4170
4.75 1.127246723355918e-07 2.424203886534064e-06 4358
5 1.21543526303277e-07 2.785337855043776e-06 5034
5.25 1.26385016215798e-07 3.238684294480476e-06 5714
5.5 1.293250240829654e-07 3.389339414707244e-06 5982
5.75 1.344844941425832e-07 3.742921841376348e-06 6602
6 1.377062611844134e-07 3.973859486478677e-06 7130
6.25 1.404667418829508e-07 4.343518288082992e-06 8034
6.5 1.385311377418209e-07 4.587954708033207e-06 8606
6.75 1.413645039151274e-07 4.87191270450696e-06 9066
7 1.460935616159299e-07 5.248316988075258e-06 9962
7.25 1.509125814122086e-07 5.375605085030199e-06 10550
7.5 1.511075930159388e-07 5.830412689415123e-06 11226
7.75 1.60030413718324e-07 6.020304286272289e-06 12146
8 1.45781766036123e-07 5.988398416946748e-06 12303
8.25 1.380759162970596e-07 5.869638007172686e-06 12584
8.5 1.204025202504734e-07 5.23232430458603e-06 12120
8.75 1.014395242263814e-07 4.79609667864203e-06 11180
9 8.902385073637919e-08 4.576917056167465e-06 11096
9.25 7.545523854969016e-08 3.876040833875858e-06 10056
9.5 6.693932598466189e-08 3.621996863354376e-06 9716
9.75 5.2373062357404e-08 3.022894366178838e-06 8604
10 4.831035417399425e-08 2.826921857236223e-06 8060
10.25 4.074219783957127e-08 2.440987968531017e-06 7320
10.5 3.343654034121276e-08 2.080710650353244e-06 6356
10.75 2.626479754380026e-08 1.670883836598634e-06 5348
11 1.886475254279862e-08 1.285603782659207e-06 4308
11.25 1.566388936127824e-08 1.008438813866984e-06 3563
11.5 9.151641716531638e-09 6.444836312624397e-07 2448
11.75 6.622459502769647e-09 4.809488459778132e-07 1868
12 4.354831180030455e-09 3.302172988499854e-07 1358
12.25 3.123638401191517e-09 2.427368205706645e-07 1062
12.5 2.02646228695076e-09 1.767437940203856e-07 776
12.75 1.245942278151296e-09 1.063783096256397e-07 432
13 6.123290941224403e-10 3.776098780002834e-08 200
13.25 5.121104158409809e-10 2.881981168342936e-08 168
13.5 1.751406209993131e-10 1.425892354047903e-08 56
13.75 1.460172858389245e-11 1.219913996033092e-09 7

0.25 1.664670949523287e-09 4.466340895998499e-09 18
0.5 6.633796137987071e-09 2.699456482816641e-08 62
0.75 1.081222107788799e-08 5.853010673223072e-08 98
1 2.100023778585845e-08 1.231216484367384e-07 210
1.25 2.574067643570886e-08 2.062784015901102e-07 350
1.5 2.836823285143243e-08 2.831806648746611e-07 450
1.75 2.760174378575097e-08 3.800734992048087e-07 602
2 3.612056481451117e-08 4.737115187717076e-07 762
2.25 4.526198794662495e-08 7.480165482922035e-07 1142
2.5 4.781203903637963e-08 8.223893001932201e-07 1250
2.75 5.132130532011599e-08 9.601082819574708e-07 1458
3 5.671449619798508e-08 1.262142542586773e-06 1814
3.25 6.509979758376562e-08 1.430976117546896e-06 2178
3.5 6.939521852912036e-08 1.720479743551385e-06 2498
3.75 6.896172150581433e-08 1.822768012061816e-06 2622
4 8.12329499634432e-08 2.302574130547195e-06 3338
4.25 8.499213152231531e-08 2.438337599235585e-06 3722
4.5 8.923689113809794e-08 2.868652993290399e-06 4170
4.75 8.801837202252221e-08 3.001552842733614e-06 4358
5 9.393481883474107e-08 3.547198582490525e-06 5034
5.25 1.031552840492443e-07 3.883419632497597e-06 5714
5.5 1.053733894219083e-07 4.068160616603963e-06 5982
5.75 1.081233648832599e-07 4.497775889837774e-06 6602
6 1.104487590894761e-07 4.524473311113082e-06 7130
6.25 1.229081110283215e-07 5.055746954428424e-06 8034
6.5 1.173473131474989e-07 5.481474713927011e-06 8606
6.75 1.167380044962861e-07 5.637007054316681e-06 9066
7 1.229354037111079e-07 5.927880689123467e-06 9962
7.25 1.234073840060156e-07 6.246611980714952e-06 10550
7.5 1.261433623314629e-07 6.54496991803068e-06 11226
7.75 1.3409433496625e-07 6.956874252194837e-06 12146
8 1.247178277366871e-07 6.776035516416297e-06 12303
8.25 1.197188579599618e-07 6.630723981750194e-06 12584
8.5 1.037035353308843e-07 6.157729218328475e-06 12120
8.75 8.432948137201963e-08 5.283081760094702e-06 11180
9 7.958753656066397e-08 5.081532112980075e-06 11096
9.25 6.653570038543488e-08 4.250427431709157e-06 10056
9.5 5.794858363334226e-08 3.90194811577071e-06 9716
9.75 4.659698045505842e-08 3.619498028438652e-06 8604
10 4.165239505249017e-08 3.100853763543867e-06 8060
10.25 3.64690745110147e-08 2.720132260467736e-06 7320
10.5 3.010098707095524e-08 2.253845517284801e-06 6356
10.75 2.337200647528203e-08 1.955262746741109e-06 5348
11 1.750585122111794e-08 1.44818081472577e-06 4308
11.25 1.401899434734005e-08 1.112162979133745e-06 3563
11.5 8.209864356825029e-09 7.056352935888608e-07 2448
11.75 5.782220301142402e-09 5.364292209137646e-07 1868
12 3.96686135524507e-09 3.68442236939203e-07 1358
12.25 2.991407720761659e-09 2.651571567339697e-07 1062
12.5 2.210164396899359e-09 1.970183556472597e-07 776
12.75 1.068499240770641e-09 1.111914392827566e-07 432
13 5.177450261277001e-10 5.432554524219464e-08 200
13.25 4.793253245007495e-10 4.89569291706704e-08 168
13.5 1.39272702547832e-10 1.564397336086757e-08 56
13.75 1.393889507559395e-11 1.650317297574337e-09 7

0.25 1.709314122517361e-09 2.853610563921534e-09 18
0.5 8.0624731722869e-09 1.745579053848987e-08 62
0.75 1.281561258378951e-08 2.064268434475534e-08 98
1 2.261719555345435e-08 5.425395743128228e-08 210
1.25 3.477537275519078e-08 1.022210006951712e-07 350
1.5 3.291938337990689e-08 1.560141362949412e-07 450
1.75 3.839284507936214e-08 2.154511250079009e-07 602
2 4.63617133225918e-08 2.803104331312872e-07 762
2.25 6.441619453217201e-08 4.31313257821533e-07 1142
2.5 5.641978789432856e-08 4.897235714008331e-07 1250
2.75 6.025590146812313e-08 5.889928744619408e-07 1458
3 7.187388416383175e-08 7.47690069797521e-07 1814
3.25 8.486198145968174e-08 8.559112171341395e-07 2178
3.5 8.958514688767691e-08 1.118896946119423e-06 2498
3.75 8.514745495261647e-08 1.261119847371694e-06 2622
4 9.668249172339562e-08 1.547396087654185e-06 3338
4.25 1.049248781414169e-07 1.857678691663665e-06 3722
4.5 1.035900318071742e-07 2.049487533741074e-06 4170
4.75 1.015576335089507e-07 2.204390344424689e-06 4358
5 1.115222700316767e-07 2.622355933889162e-06 5034
5.25 1.203356998202982e-07 2.95957252618844e-06 5714
5.5 1.191149589116774e-07 3.027591272639416e-06 5982
5.75 1.212815920485641e-07 3.416416951245689e-06 6602
6 1.261474355140155e-07 3.609250145319713e-06 7130
6.25 1.33214883821626e-07 4.048039470132697e-06 8034
6.5 1.325480037024004e-07 4.138834259643786e-06 8606
6.75 1.354163593554006e-07 4.477796974033539e-06 9066
7 1.342928939551178e-07 4.782021330348686e-06 9962
7.25 1.360218514550374e-07 4.875756257217911e-06 10550
7.5 1.429843378824799e-07 5.230535450476646e-06 11226
7.75 1.463369163558399e-07 5.64947405096043e-06 12146
8 1.397131456875428e-07 5.520587918128992e-06 12303
8.25 1.341879602328825e-07 5.489889898933663e-06 12584
8.5 1.126948356366972e-07 5.070944865057921e-06 12120
8.75 9.591155063256934e-08 4.341366998267599e-06 11180
9 8.509250967245751e-08 4.337000686254455e-06 11096
9.25 7.212754170444097e-08 3.699396426349379e-06 10056
9.5 6.576144277127593e-08 3.452407578629619e-06 9716
9.75 5.12714139200565e-08 2.863472475871698e-06 8604
10 4.598342751998609e-08 2.620896965852491e-06 8060
10.25 3.977451156884163e-08 2.347627094918982e-06 7320
10.5 3.323099134635005e-08 1.987115949426048e-06 6356
10.75 2.630670431850522e-08 1.601961953897943e-06 5348
11 1.962322443262647e-08 1.251075207212844e-06 4308
11.25 1.461677955608656e-08 9.850334893276801e-07 3563
11.5 8.651690546125509e-09 6.68174410237541e-07 2448
11.75 6.778069709343069e-09 4.484989136451792e-07 1868
12 4.289576377429356e-09 3.220216730197698e-07 1358
12.25 3.368384230370002e-09 2.567634950755128e-07 1062
12.5 2.320388728758785e-09 1.736920048776712e-07 776
12.75 1.20151391363892e-09 8.673648512872601e-08 432
13 6.828420104695428e-10 5.042056776338072e-08 200
13.25 5.844018199476885e-10 4.163151304113216e-08 168
13.5 1.790836541897967e-10 2.01652432851395e-08 56
13.75 3.998260274747226e-12 3.220069346836469e-09 7

0.25 1.005558154664407e-09 3.71719701056805e-09 18
0.5 9.824882523920385e-09 3.31356969031035e-08 62
0.75 1.449422209506579e-08 3.49066134237255e-08 98
1 2.125992281451995e-08 1.051171116700933e-07 210
1.25 2.433887700853567e-08 1.756139079952086e-07 350
1.5 2.753301053552058e-08 2.006024153129969e-07 450
1.75 3.167638462617218e-08 2.921441537885101e-07 602
2 3.321004770598986e-08 3.875561585367303e-07 762
2.25 4.807724129008331e-08 5.656012633763835e-07 1142
2.5 4.628128483293444e-08 6.585841070968341e-07 1250
2.75 4.617818885537941e-08 7.663936264426282e-07 1458
3 5.671742053620961e-08 9.563783287271435e-07 1814
3.25 6.403678755682683e-08 1.23423306191751e-06 2178
3.5 6.572985058929879e-08 1.373808462934476e-06 2498
3.75 6.590686611129769e-08 1.528384450950254e-06 2622
4 7.891025718982027e-08 1.887666747141046e-06 3338
4.25 7.879566696463628e-08 2.084877610738944e-06 3722
4.5 8.853828021078204e-08 2.419825462586127e-06 4170
4.75 8.850654263054162e-08 2.548784757138031e-06 4358
5 9.622934681003345e-08 2.859003146718813e-06 5034
5.25 1.026028168934706e-07 3.168714484857998e-06 5714
5.5 1.024341941669885e-07 3.410145473793421e-06 5982
5.75 1.04839859558255e-07 3.639149031923195e-06 6602
6 1.090671449857882e-07 4.032921739376939e-06 7130
6.25 1.1419064172237e-07 4.334475859643758e-06 8034
6.5 1.153378093321179e-07 4.620145678121841e-06 8606
6.75 1.145720439264858e-07 4.813838446967611e-06 9066
7 1.189031570979027e-07 5.099701608294161e-06 9962
7.25 1.200674902489213e-07 5.498129879518454e-06 10550
7.5 1.204539646316702e-07 5.663216650532026e-06 11226
7.75 1.273373442242333e-07 6.259221044411381e-06 12146
8 1.207320829382553e-07 6.000944330040703e-06 12303
8.25 1.137398402118769e-07 5.870254549243668e-06 12584
8.5 9.959729062027711e-08 5.311846681754054e-06 12120
8.75 8.380517559522756e-08 4.898265439799943e-06 11180
9 7.864966771562753e-08 4.557513516782671e-06 11096
9.25 6.310575893726565e-08 3.980259894345767e-06 10056
9.5 5.774374409374467e-08 3.664943292568231e-06 9716
9.75 4.813821708453042e-08 3.13839346968536e-06 8604
10 4.140226263460447e-08 2.856151771228153e-06 8060
10.25 3.653559945854012e-08 2.547834766110243e-06 7320
10.5 3.080708888516543e-08 2.142424346318757e-06 6356
10.75 2.42910617166977e-08 1.755211568011835e-06 5348
11 1.792034488935104e-08 1.316482672880606e-06 4308
11.25 1.362926574801382e-08 1.064697413425139e-06 3563
11.5 9.086239295986726e-09 6.753714318546371e-07 2448
11.75 6.330755286499213e-09 4.890267777292558e-07 1868
12 4.203462888601665e-09 3.612691634064412e-07 1358
12.25 3.034028826036702e-09 2.743752714244767e-07 1062
12.5 2.140107219560286e-09 1.889196836659201e-07 776
12.75 1.287962678454533e-09 9.431336691656596e-08 432
13 5.767532941891278e-10 5.009689415620264e-08 200
13.25 5.215197220319015e-10 4.212675201372132e-08 168
13.5 1.427997272269963e-10 1.448757443787353e-08 56
13.75 3.245429310506924e-11 1.551558343374683e-09 7

0.25 1.848137270921475e-09 3.007671159836145e-09 18
0.5 1.186386338246422e-08 1.548146768433893e-08 62
0.75 1.380553782337077e-08 3.372310552756632e-08 98
1 2.063465866659241e-08 7.864748692788302e-08 210
1.25 2.546562109483294e-08 1.267676574918666e-07 350
1.5 2.741856216915891e-08 1.791870429063302e-07 450
1.75 2.755840448404481e-08 2.613526328142916e-07 602
2 3.479851253444854e-08 3.451727714074219e-07 762
2.25 4.259866647827195e-08 5.507234403494494e-07 1142
2.5 4.393885626827958e-08 6.341179065861627e-07 1250
2.75 4.929394180432051e-08 6.991551114301571e-07 1458
3 5.356060126894101e-08 8.340662250715026e-07 1814
3.25 6.445788117073516e-08 1.095469872772235e-06 2178
3.5 7.006130137578278e-08 1.219263340723745e-06 2498
3.75 6.65026418671905e-08 1.345846451796961e-06 2622
4 7.719126135497449e-08 1.741712382698175e-06 3338
4.25 8.361687996917923e-08 1.909995626678247e-06 3722
4.5 8.694608596160485e-08 2.187043862512508e-06 4170
4.75 8.315125553856914e-08 2.265145802336788e-06 4358
5 9.235990587614035e-08 2.707623112475844e-06 5034
5.25 1.002239904357829e-07 3.143001700778868e-06 5714
5.5 1.007855532626522e-07 3.217577094107728e-06 5982
5.75 1.02719624916255e-07 3.486228136142786e-06 6602
6 1.092553384145606e-07 3.714794495741806e-06 7130
6.25 1.12690723301804e-07 4.046546736080475e-06 8034
6.5 1.135416255751363e-07 4.41562045290237e-06 8606
6.75 1.153862835385646e-07 4.423762484228435e-06 9066
7 1.173441772803654e-07 4.954615711259702e-06 9962
7.25 1.203864694565307e-07 5.125184233813312e-06 10550
7.5 1.188291778241692e-07 5.3982561766699e-06 11226
7.75 1.256539925709446e-07 5.839868046064049e-06 12146
8 1.159595465532081e-07 5.754660773468045e-06 12303
8.25 1.125641787554985e-07 5.648104448344682e-06 12584
8.5 9.849445067827802e-08 5.174810452421838e-06 12120
8.75 8.307236860765159e-08 4.580968161723262e-06 11180
9 7.621631819398828e-08 4.413523747601792e-06 11096
9.25 6.370746762388866e-08 3.764120348386097e-06 10056
9.5 5.515215888338492e-08 3.563387752112241e-06 9716
9.75 4.740263967010458e-08 3.091775825914096e-06 8604
10 4.236920102350902e-08 2.800552118870993e-06 8060
10.25 3.636143414810457e-08 2.483717472484526e-06 7320
10.5 2.902109629562912e-08 2.046069753520289e-06 6356
10.75 2.493548231548287e-08 1.682170212354068e-06 5348
11 1.796549634929944e-08 1.318358571638076e-06 4308
11.25 1.405400678252019e-08 1.061426092687503e-06 3563
11.5 8.305637112032596e-09 6.546368701771373e-07 2448
11.75 6.727806169566134e-09 4.728938601794561e-07 1868
12 4.277060426347035e-09 3.45683380799817e-07 1358
12.25 3.328437225058885e-09 2.616337892276134e-07 1062
12.5 2.063302936157018e-09 1.882421282770302e-07 776
12.75 1.269491249526692e-09 1.067029464097041e-07 432
13 5.390976176909657e-10 4.928032744287849e-08 200
13.25 5.208093467981524e-10 4.01611956273711e-08 168
13.5 1.263379222581332e-10 1.24245088038995e-08 56
13.75 3.199655787888178e-11 3.15361925618674e-09 7

0.25 2.066625583824857e-09 3.006196377511617e-09 18
0.5 1.24920827938586e-08 1.194547306406735e-08 62
0.75 1.570514627111548e-08 1.985867775402912e-08 98
1 2.675397781282273e-08 4.501342605843898e-08 210
1.25 3.227914567443682e-08 9.603758124273385e-08 350
1.5 2.995034639175027e-08 1.068370179695123e-07 450
1.75 3.79325327499526e-08 1.73046572587986e-07 602
2 3.793782447511219e-08 2.212151533904245e-07 762
2.25 5.84322856329319e-08 3.682171372478804e-07 1142
2.5 5.172605508418143e-08 4.171645241307358e-07 1250
2.75 6.253517329085743e-08 5.552087464671237e-07 1458
3 5.94475948825214e-08 6.654000613088212e-07 1814
3.25 7.578285808827957e-08 8.826829045897037e-07 2178
3.5 7.3992931908848e-08 1.030224499622885e-06 2498
3.75 7.419423889834258e-08 1.097795225242289e-06 2622
4 8.515954450003775e-08 1.374245573252479e-06 3338
4.25 8.894302771378965e-08 1.620481373235973e-06 3722
4.5 9.111567612337633e-08 1.814012553069089e-06 4170
4.75 8.995354423806397e-08 1.857978949698529e-06 4358
5 9.82897485744612e-08 2.280888743739808e-06 5034
5.25 1.061679854686452e-07 2.671418290170099e-06 5714
5.5 1.037156514092252e-07 2.738332770350498e-06 5982
5.75 1.066796894910328e-07 3.028573699696955e-06 6602
6 1.09439029063809e-07 3.318482461460998e-06 7130
6.25 1.178333698983462e-07 3.646691425371628e-06 8034
6.5 1.172852668708896e-07 3.796041708830757e-06 8606
6.75 1.133395123446277e-07 3.91771391066667e-06 9066
7 1.18669212635812e-07 4.279036023581596e-06 9962
7.25 1.229860746895174e-07 4.487218497502245e-06 10550
7.5 1.229661944350981e-07 4.710483534531525e-06 11226
7.75 1.301677255359369e-07 5.089179392920961e-06 12146
8 1.249865274009043e-07 5.113477239022467e-06 12303
8.25 1.162200662606226e-07 5.15851669648429e-06 12584
8.5 1.034828345667958e-07 4.717986642392779e-06 12120
8.75 8.552526920016785e-08 4.150522882854689e-06 11180
9 7.863105665815548e-08 3.78900691765483e-06 11096
9.25 6.674447192414292e-08 3.402107231715865e-06 10056
9.5 5.903956580235596e-08 3.254298113241156e-06 9716
9.75 4.933519738936908e-08 2.748213343308517e-06 8604
10 4.403303784075543e-08 2.48497033331004e-06 8060
10.25 3.734817351892095e-08 2.221509916759461e-06 7320
10.5 3.051887341874686e-08 1.857509895791292e-06 6356
10.75 2.539080735520604e-08 1.519404353921021e-06 5348
11 1.881106146510016e-08 1.235749622657513e-06 4308
11.25 1.506362735094128e-08 9.49190443988709e-07 3563
11.5 9.019561447050692e-09 6.162202925763005e-07 2448
11.75 5.946763990872275e-09 4.89991604021273e-07 1868
12 4.272730763785858e-09 3.312734318898049e-07 1358
12.25 3.312577475564755e-09 2.49384744983215e-07 1062
12.5 2.159943345046865e-09 1.912764678736352e-07 776
12.75 1.217130379983173e-09 1.036013200866719e-07 432
13 6.27185340044501e-10 4.099459986556715e-08 200
13.25 4.714656484124082e-10 4.164588971259473e-08 168
13.5 1.440761233803287e-10 1.416145315219965e-08 56
13.75 6.835124161762181e-11 9.404386238625076e-10 7

0.25 1.665758959032982e-09 5.355530151654253e-09 18
0.5 7.786716320313378e-09 2.891249189597557e-08 62
0.75 1.141267211841961e-08 6.149788098651283e-08 98
1 1.790422888093154e-08 9.317223441971392e-08 210
1.25 1.748644599227097e-08 1.729365879522813e-07 350
1.5 2.040460756391399e-08 2.016087738570399e-07 450
1.75 2.63588351041457e-08 2.826964356335311e-07 602
2 2.910383264141638e-08 3.662149113495595e-07 762
2.25 4.20173732064197e-08 5.501877780743844e-07 1142
2.5 3.904839884860678e-08 6.179817294067678e-07 1250
2.75 4.113115169848026e-08 7.060592893522856e-07 1458
3 4.672446855579537e-08 8.599112715553883e-07 1814
3.25 5.72516483131026e-08 1.059560762522966e-06 2178
3.5 5.499101444280209e-08 1.29579345359135e-06 2498
3.75 5.599925217506745e-08 1.325283630226579e-06 2622
4 6.777991742028936e-08 1.708668880431468e-06 3338
4.25 7.419804146788539e-08 1.960125800122813e-06 3722
4.5 7.76212943239647e-08 2.151696558574575e-06 4170
4.75 7.43049175689001e-08 2.303846728329603e-06 4358
5 8.20948193938475e-08 2.756545564654783e-06 5034
5.25 8.62087175042447e-08 2.994967095407008e-06 5714
5.5 8.687299348959361e-08 3.15360195701144e-06 5982
5.75 9.067329862870571e-08 3.42876539466754e-06 6602
6 9.334900020664607e-08 3.571368439893832e-06 7130
6.25 9.789940750041303e-08 4.120097809649971e-06 8034
6.5 1.005822454286291e-07 4.291510049544755e-06 8606
6.75 9.828451881414849e-08 4.397125344368522e-06 9066
7 1.054201821281571e-07 4.789824546667439e-06 9962
7.25 1.08978626234418e-07 5.006137654974235e-06 10550
7.5 1.073027903375136e-07 5.312008358267046e-06 11226
7.75 1.122699500147925e-07 5.708842000820604e-06 12146
8 1.07837594846847e-07 5.772994041400577e-06 12303
8.25 9.899416922737151e-08 5.528745142865161e-06 12584
8.5 8.953942591852775e-08 5.147664121839508e-06 12120
8.75 7.749960337296654e-08 4.54246308774667e-06 11180
9 6.883533145266541e-08 4.294752217481712e-06 11096
9.25 5.697877919925322e-08 3.772887562107558e-06 10056
9.5 5.196802122256255e-08 3.537742131318058e-06 9716
9.75 4.488670039909622e-08 2.979902354101512e-06 8604
10 3.905583069256468e-08 2.720879123388108e-06 8060
10.25 3.356947141005461e-08 2.484552482716748e-06 7320
10.5 2.78219175994794e-08 2.051564886616512e-06 6356
10.75 2.2498067449534e-08 1.698528032405908e-06 5348
11 1.708454127472007e-08 1.357368578495126e-06 4308
11.25 1.345423768495199e-08 1.051210969131527e-06 3563
11.5 8.072859052925868e-09 6.807103212550668e-07 2448
11.75 5.922179780377623e-09 4.742417722433325e-07 1868
12 4.15225407471361e-09 3.41427608818942e-07 1358
12.25 3.021434411589263e-09 2.73601014280568e-07 1062
12.5 1.896410934396208e-09 2.02158761990105e-07 776
12.75 1.065891174098724e-09 1.033541515858609e-07 432
13 5.731917199095777e-10 5.431921542214463e-08 200
13.25 4.154493235427996e-10 4.220048337081512e-08 168
13.5 1.457745122893872e-10 1.285153234846981e-08 56
13.75 1.867100443157757e-11 1.439794172937484e-09 7

0.25 1.857309647413157e-09 2.33954084276921e-09 18
0.5 9.11384579030951e-09 1.953306782133173e-08 62
0.75 1.270180329649377e-08 2.944622450320782e-08 98
1 1.926359074811503e-08 4.735989011040261e-08 210
1.25 2.289853786620369e-08 8.215007263377757e-08 350
1.5 2.888419852197917e-08 1.13371471341649e-07 450
1.75 3.256425783519977e-08 1.47373318258546e-07 602
2 3.286276217955912e-08 1.921617341712767e-07 762
2.25 4.72186493494674e-08 3.456915175400904e-07 1142
2.5 4.898358327449191e-08 3.822841759011753e-07 1250
2.75 5.050255311986806e-08 5.007176894284612e-07 1458
3 5.705359134383149e-08 5.981709599729871e-07 1814
3.25 6.318656696067778e-08 8.044820642507222e-07 2178
3.5 6.785010398996332e-08 8.68036611178078e-07 2498
3.75 6.767267018565334e-08 9.463233238706218e-07 2622
4 7.921492393649319e-08 1.373944933502611e-06 3338
4.25 7.996192201196922e-08 1.511049052984479e-06 3722
4.5 8.546165142327572e-08 1.639884528340299e-06 4170
4.75 8.29961520713453e-08 1.772499382005539e-06 4358
5 8.986151327390725e-08 2.064897194409306e-06 5034
5.25 9.910515923766483e-08 2.367187028276977e-06 5714
5.5 9.702108714412041e-08 2.521728616106725e-06 5982
5.75 9.945787046275883e-08 2.816570961274118e-06 6602
6 1.02512385862711e-07 3.015975003975015e-06 7130
6.25 1.037311272462069e-07 3.310696173266482e-06 8034
6.5 1.085399884610753e-07 3.560610343472631e-06 8606
6.75 1.090747971618612e-07 3.864890992808602e-06 9066
7 1.116404890375699e-07 4.07451156837228e-06 9962
7.25 1.158621271482755e-07 4.260809366061713e-06 10550
7.5 1.141339759970389e-07 4.406191660906207e-06 11226
7.75 1.215282057843066e-07 4.758159266822402e-06 12146
8 1.149040581038873e-07 4.561542732482033e-06 12303
8.25 1.106856786953205e-07 4.644690103670914e-06 12584
8.5 9.637200749375936e-08 4.339934485710696e-06 12120
8.75 8.324564564407588e-08 3.879046123737856e-06 11180
9 7.442423203341082e-08 3.639636939302961e-06 11096
9.25 6.157204999892402e-08 3.229022723714199e-06 10056
9.5 5.708300283691144e-08 3.048805262910624e-06 9716
9.75 4.596201726107898e-08 2.662296407494358e-06 8604
10 4.253395786078128e-08 2.384784534708045e-06 8060
10.25 3.592597731785952e-08 2.177307992614947e-06 7320
10.5 3.054809141070079e-08 1.800463225125959e-06 6356
10.75 2.403132667600901e-08 1.53657719810386e-06 5348
11 1.793849452590445e-08 1.169717798288633e-06 4308
11.25 1.433722564902382e-08 9.173481836116321e-07 3563
11.5 8.230257456946468e-09 6.036110491665466e-07 2448
11.75 6.135676651798911e-09 4.295341472589909e-07 1868
12 4.026158714937771e-09 2.971208184197995e-07 1358
12.25 3.162379747138626e-09 2.421988189853935e-07 1062
12.5 2.257011238161366e-09 1.886648377176867e-07 776
12.75 1.119161084396765e-09 1.030204536200432e-07 432
13 5.843805386200435e-10 4.288022350838084e-08 200
13.25 4.338521691765199e-10 4.069052250982936e-08 168
13.5 1.676207165689452e-10 1.259917664443992e-08 56
13.75 1.219007158427872e-11 1.54443701317014e-09 7

0.25 2.554523248878919e-09 3.730982897633703e-09 18
0.5 9.464334881430694e-09 1.650736749640056e-08 62
0.75 1.106390427247821e-08 4.028468725524895e-08 98
1 1.7055705822331e-08 7.922176437940112e-08 210
1.25 1.912105831960928e-08 1.250006748179056e-07 350
1.5 2.249658294421481e-08 1.435951263537143e-07 450
1.75 2.870241575108093e-08 2.223964492909807e-07 602
2 2.999954740109848e-08 2.497314139807952e-07 762
2.25 3.757714010067364e-08 4.242141396639096e-07 1142
2.5 4.034742488019985e-08 4.970018523359914e-07 1250
2.75 4.2930514934743e-08 5.845918864021178e-07 1458
3 4.856286513927367e-08 7.4100395473405e-07 1814
3.25 5.030025449936498e-08 9.535968181803047e-07 2178
3.5 5.598469056715655e-08 1.084796725831488e-06 2498
3.75 5.402978752739168e-08 1.155463642136494e-06 2622
4 6.545128715013763e-08 1.436207411570453e-06 3338
4.25 7.17441241685826e-08 1.617834406670416e-06 3722
4.5 7.379932154911421e-08 1.879937593498882e-06 4170
4.75 7.125324287543374e-08 1.970266078119883e-06 4358
5 7.853559358567719e-08 2.254181733971028e-06 5034
5.25 8.538953567768338e-08 2.545415181871139e-06 5714
5.5 8.455077680727161e-08 2.727597979625279e-06 5982
5.75 8.797200221691652e-08 3.027000333889896e-06 6602
6 8.758490826859047e-08 3.322150299888708e-06 7130
6.25 9.660391320789659e-08 3.646960993535073e-06 8034
6.5 9.310613214744283e-08 3.728869316485377e-06 8606
6.75 9.531822576022578e-08 3.825017295294131e-06 9066
7 1.027701448281038e-07 4.16979813819112e-06 9962
7.25 1.03864694655181e-07 4.41977392169101e-06 10550
7.5 1.062820343095797e-07 4.743926019265238e-06 11226
7.75 1.088538831815008e-07 4.869166161410684e-06 12146
8 1.044825278246011e-07 4.851143296918535e-06 12303
8.25 1.00414884298163e-07 4.863207729155901e-06 12584
8.5 8.887927657459956e-08 4.521633566053578e-06 12120
8.75 7.47945356769805e-08 4.079804014612779e-06 11180
9 6.606381065010654e-08 3.943128232599328e-06 11096
9.25 5.594456730932069e-08 3.381258892905511e-06 10056
9.5 5.26998637819623e-08 3.237208931868363e-06 9716
9.75 4.246212929585427e-08 2.69220903257627e-06 8604
10 3.918230251420501e-08 2.547407519116333e-06 8060
10.25 3.32638155540467e-08 2.217115474101609e-06 7320
10.5 2.789423150290598e-08 1.890005770109005e-06 6356
10.75 2.251437054163665e-08 1.570766384136767e-06 5348
11 1.683499840365062e-08 1.284505893589765e-06 4308
11.25 1.28413205296382e-08 1.019398527813391e-06 3563
11.5 8.328554166769044e-09 5.93712408957976e-07 2448
11.75 5.863333982505837e-09 4.647631958403793e-07 1868
12 4.044903237517045e-09 3.118987195922258e-07 1358
12.25 2.900067413545099e-09 2.733963658034899e-07 1062
12.5 1.958709799826449e-09 1.894100684432772e-07 776
12.75 1.085281363897074e-09 1.062030387831947e-07 432
13 4.82885215899816e-10 5.052991470429297e-08 200
13.25 4.166838279309399e-10 4.664783198799269e-08 168
13.5 2.021810711231265e-10 1.227403474917666e-08 56
13.75 2.642180587371466e-11 8.239349788999736e-10 7

0.25 2.556138572389826e-09 3.363586633271449e-09 18
0.5 1.111809582456583e-08 2.097104820769433e-08 62
0.75 1.012719615026326e-08 3.064331311933104e-08 98
1 1.751590842510672e-08 6.771477941959664e-08 210
1.25 2.201908145479338e-08 1.086119131540343e-07 350
1.5 2.116074798935742e-08 1.554308366272642e-07 450
1.75 2.541516628215106e-08 2.064553554386055e-07 602
2 2.84675011159789e-08 2.791867748292231e-07 762
2.25 3.564611442501496e-08 4.220929303544205e-07 1142
2.5 4.066955004295669e-08 4.664406085718824e-07 1250
2.75 3.907147031981424e-08 5.682114997429053e-07 1458
3 4.331818958529944e-08 6.975611191583422e-07 1814
3.25 5.186897700224976e-08 8.614508396248538e-07 2178
3.5 5.296139103214385e-08 1.041060542706468e-06 2498
3.75 5.169775698342203e-08 1.099766645220295e-06 2622
4 6.09180443156161e-08 1.443737974060384e-06 3338
4.25 6.449501213653279e-08 1.595795241742435e-06 3722
4.5 6.743991767590898e-08 1.73609676308996e-06 4170
4.75 7.042287120988446e-08 1.853688211615802e-06 4358
5 7.81686560426328e-08 2.198196489867049e-06 5034
5.25 8.437807439887805e-08 2.544887625009661e-06 5714
5.5 8.203309321369558e-08 2.589727997585123e-06 5982
5.75 8.670257775764595e-08 2.873392746349738e-06 6602
6 8.694053179784217e-08 3.098475079255682e-06 7130
6.25 9.408232329993891e-08 3.370155862056713e-06 8034
6.5 9.190145974050362e-08 3.639382523243705e-06 8606
6.75 9.264065984626265e-08 3.749567406726168e-06 9066
7 9.599742377530774e-08 4.026697954797539e-06 9962
7.25 9.793063237183674e-08 4.245652779956597e-06 10550
7.5 1.005517655663946e-07 4.571516390205941e-06 11226
7.75 1.041737650685894e-07 4.852344354658757e-06 12146
8 1.008647242747324e-07 4.869591659442125e-06 12303
8.25 9.495297551933855e-08 4.896407514513029e-06 12584
8.5 8.501384781143022e-08 4.537672831815554e-06 12120
8.75 7.416378000675894e-08 3.957220724362892e-06 11180
9 6.512847621168587e-08 3.814154734345508e-06 11096
9.25 5.665463990130144e-08 3.320907530812517e-06 10056
9.5 5.053006830919692e-08 3.186607850304892e-06 9716
9.75 4.06751638751031e-08 2.709823709787488e-06 8604
10 3.717511352207166e-08 2.53489073393498e-06 8060
10.25 3.267841043812217e-08 2.223305443094951e-06 7320
10.5 2.640076632673693e-08 1.861074742019081e-06 6356
10.75 2.181976982540015e-08 1.577421160744055e-06 5348
11 1.62432892811748e-08 1.215973246750592e-06 4308
11.25 1.30622586374469e-08 9.892065917963337e-07 3563
11.5 8.088465352955266e-09 6.219404542210142e-07 2448
11.75 5.489729208690548e-09 4.781411009117591e-07 1868
12 4.065642781444363e-09 3.331391400114198e-07 1358
12.25 2.934208234629589e-09 2.521591696251025e-07 1062
12.5 1.955325467566867e-09 1.950523754336541e-07 776
12.75 1.20801256932589e-09 9.32620893768213e-08 432
13 5.042797327650415e-10 5.056990613823288e-08 200
13.25 3.703034622739316e-10 4.589635797235963e-08 168
13.5 1.737246817891956e-10 1.097530921251673e-08 56
13.75 2.742048581284964e-11 1.813905774466316e-09 7

0.25 2.617278966395838e-09 2.162756526280965e-09 18
0.5 1.274338181211632e-08 1.125354918823631e-08 62
0.75 1.378902994942327e-08 1.971270114992652e-08 98
1 2.380547330941875e-08 4.345859167151824e-08 210
1.25 2.273070876471655e-08 6.650699526703278e-08 350
1.5 2.971327627877906e-08 9.162367195666333e-08 450
1.75 3.33740098531863e-08 1.182102350440151e-07 602
2 3.724941806027948e-08 1.725814785138739e-07 762
2.25 4.752422525733816e-08 2.865003333605319e-07 1142
2.5 4.920232562720087e-08 3.202245686105762e-07 1250
2.75 4.761118718163811e-08 4.001794753634672e-07 1458
3 4.983453959209502e-08 5.180249766254048e-07 1814
3.25 5.981539995733129e-08 6.419552190545198e-07 2178
3.5 6.286716687592635e-08 7.437593749541292e-07 2498
3.75 6.3056515587215e-08 9.014335631159148e-07 2622
4 7.319948224820668e-08 1.143366435095923e-06 3338
4.25 7.429582508897531e-08 1.23458310610972e-06 3722
4.5 7.596116850531158e-08 1.391686196009282e-06 4170
4.75 7.590390206121473e-08 1.534230218680434e-06 4358
5 8.124728404189842e-08 1.850979727786699e-06 5034
5.25 8.798635664579244e-08 2.111652132240572e-06 5714
5.5 8.580192691308587e-08 2.18434679190947e-06 5982
5.75 8.871046312118008e-08 2.468802871760604e-06 6602
6 9.28661314659509e-08 2.599822235170694e-06 7130
6.25 9.767392012368958e-08 2.944044222935057e-06 8034
6.5 9.484708769256175e-08 3.094493557264124e-06 8606
6.75 9.833109749278563e-08 3.261631127718732e-06 9066
7 1.010753713249324e-07 3.467626812849094e-06 9962
7.25 1.045679049582278e-07 3.698616013959959e-06 10550
7.5 1.053744067907593e-07 3.928999239177523e-06 11226
7.75 1.090317770123556e-07 4.268181215173937e-06 12146
8 1.06837692076003e-07 4.100258794059954e-06 12303
8.25 1.011032805004415e-07 4.343326587774521e-06 12584
8.5 9.143165091676255e-08 3.894704795128797e-06 12120
8.75 7.556661643508728e-08 3.490295086162926e-06 11180
9 6.909786396703317e-08 3.370228011551926e-06 11096
9.25 5.86865853424554e-08 2.99113993632707e-06 10056
9.5 5.077065909331268e-08 2.854420737971986e-06 9716
9.75 4.403681973334683e-08 2.404248173817028e-06 8604
10 4.044289336788297e-08 2.270782433241972e-06 8060
10.25 3.370787344917426e-08 1.977901130503097e-06 7320
10.5 2.875729836490846e-08 1.693092964478077e-06 6356
10.75 2.344783816624701e-08 1.42703087153319e-06 5348
11 1.788160961106991e-08 1.085923977622122e-06 4308
11.25 1.344762304481492e-08 8.938975103760992e-07 3563
11.5 8.170743051157096e-09 5.990445612963441e-07 2448
11.75 6.153295431547627e-09 4.298835364654385e-07 1868
12 4.231456591155075e-09 3.064124176858033e-07 1358
12.25 2.920127562315908e-09 2.32340576591204e-07 1062
12.5 2.228373410039385e-09 1.6200845266842e-07 776
12.75 1.416658294397417e-09 8.116760554985017e-08 432
13 5.413477909804228e-10 4.33417265889449e-08 200
13.25 4.485046280678817e-10 3.747458763320878e-08 168
13.5 1.637561907163444e-10 1.172226838241159e-08 56
13.75 1.971585781456291e-11 1.268828207313203e-09 7

0.25 1.166685604740315e-09 4.367993961225728e-09 18
0.5 8.805791542079804e-09 2.314128327431991e-08 62
0.75 1.204216751970808e-08 2.909937011285175e-08 98
1 2.066384348306334e-08 7.0453419276826e-08 210
1.25 2.166753241164375e-08 1.213796629126365e-07 350
1.5 2.058695153072696e-08 1.626475367616973e-07 450
1.75 2.376005151612878e-08 2.362157011976405e-07 602
2 2.408759894800249e-08 2.986741405091558e-07 762
2.25 3.236042476956493e-08 4.295156331756506e-07 1142
2.5 3.364746940218383e-08 4.832746485434838e-07 1250
2.75 3.362906601337974e-08 5.660654892336085e-07 1458
3 3.725135701300935e-08 6.982697173729302e-07 1814
3.25 4.424627822540319e-08 8.587606646355025e-07 2178
3.5 5.037502869912148e-08 9.822534317786616e-07 2498
3.75 5.060599556790525e-08 1.104222257064362e-06 2622
4 5.73277887805032e-08 1.368968783661798e-06 3338
4.25 6.042005629934401e-08 1.5238445165125e-06 3722
4.5 6.211879168078485e-08 1.741120557482055e-06 4170
4.75 6.336876946467128e-08 1.835426700532541e-06 4358
5 6.803429759374138e-08 2.212991906276159e-06 5034
5.25 7.114401671512481e-08 2.446850287192296e-06 5714
5.5 7.198711197607449e-08 2.577649509031477e-06 5982
5.75 7.692422246625541e-08 2.730075780130306e-06 6602
6 7.968061932413502e-08 2.945501836223611e-06 7130
6.25 8.221082279322392e-08 3.323333751111158e-06 8034
6.5 8.324384606309826e-08 3.410569424581079e-06 8606
6.75 8.327175513442787e-08 3.582611627230264e-06 9066
7 8.784073337774509e-08 3.947043616404636e-06 9962
7.25 9.007379591020334e-08 4.072468085945659e-06 10550
7.5 9.067012806516609e-08 4.482798857890637e-06 11226
7.75 9.395320706199441e-08 4.666922852242304e-06 12146
8 9.392703311111269e-08 4.700535873120159e-06 12303
8.25 8.968564318516215e-08 4.700788940172324e-06 12584
8.5 7.907276067827455e-08 4.349485895432431e-06 12120
8.75 6.792036722264547e-08 3.795670012904606e-06 11180
9 6.129932033628594e-08 3.768706391702507e-06 11096
9.25 5.212208059217256e-08 3.24406335154968e-06 10056
9.5 4.689465403848381e-08 3.116392908377828e-06 9716
9.75 3.934118152498756e-08 2.611665921300564e-06 8604
10 3.62209343659613e-08 2.4259220601496e-06 8060
10.25 3.080136064986681e-08 2.260031031572911e-06 7320
10.5 2.507716532385062e-08 1.868525534350136e-06 6356
10.75 2.045774029177906e-08 1.566984509989847e-06 5348
11 1.569454456837646e-08 1.217379886481716e-06 4308
11.25 1.187974493271709e-08 1.016053825735253e-06 3563
11.5 7.822868037721765e-09 6.152118024505071e-07 2448
11.75 5.675704548299442e-09 4.483122660735928e-07 1868
12 3.951579662441098e-09 3.376899448363169e-07 1358
12.25 2.839341325889273e-09 2.512229317297685e-07 1062
12.5 1.918264430960349e-09 1.628826891797373e-07 776
12.75 1.060614793014416e-09 1.027891352737795e-07 432
13 5.544819944924321e-10 5.078875852299275e-08 200
13.25 4.576641099049336e-10 4.011425001330914e-08 168
13.5 1.103606773899677e-10 1.731546929270877e-08 56
13.75 8.343702726097344e-12 2.217282598774485e-09 7

0.25 2.19568526468672e-09 3.182455024459842e-09 18
0.5 1.004143144763401e-08 1.412726735613596e-08 62
0.75 1.226470423404109e-08 2.328652882658614e-08 98
1 2.164624100910599e-08 4.855391036816852e-08 210
1.25 2.122428492849411e-08 7.956946050106077e-08 350
1.5 2.154759335454403e-08 8.842775218690545e-08 450
1.75 2.704459283527447e-08 1.333070272778207e-07 602
2 2.84595301690964e-08 1.910474661812616e-07 762
2.25 3.987970160274187e-08 2.776733438506258e-07 1142
2.5 3.760788677009778e-08 3.143317479370031e-07 1250
2.75 3.95310772964357e-08 4.154168233332156e-07 1458
3 4.448214847565326e-08 5.069618949265494e-07 1814
3.25 5.038022395700958e-08 6.584547776638521e-07 2178
3.5 5.19999153276902e-08 7.709259231059755e-07 2498
3.75 5.413958527651253e-08 7.979574123334946e-07 2622
4 6.353802462159607e-08 1.102959943685131e-06 3338
4.25 6.810015364359933e-08 1.229649581337523e-06 3722
4.5 7.073228712666492e-08 1.353406718751867e-06 4170
4.75 6.773436796807468e-08 1.480634241841356e-06 4358
5 7.277883061969236e-08 1.733295991861691e-06 5034
5.25 7.805409263011099e-08 2.015886649038336e-06 5714
5.5 7.979044078318155e-08 2.094541909060073e-06 5982
5.75 8.181308174368052e-08 2.338351020007457e-06 6602
6 8.192486802355477e-08 2.547182577980205e-06 7130
6.25 8.859639534841022e-08 2.722280831653865e-06 8034
6.5 9.162493163116054e-08 2.871015736586085e-06 8606
6.75 8.829621604562705e-08 3.06612972383894e-06 9066
7 9.313572619812989e-08 3.422640989144348e-06 9962
7.25 9.471628983034362e-08 3.502391126535898e-06 10550
7.5 9.752548893040282e-08 3.753769639696759e-06 11226
7.75 1.017096863940576e-07 3.990871982709796e-06 12146
8 9.906937976900149e-08 4.061926276770371e-06 12303
8.25 9.538409848958056e-08 4.219680180585656e-06 12584
8.5 8.316105213858583e-08 3.739057835784254e-06 12120
8.75 7.080654757753468e-08 3.363229887357728e-06 11180
9 6.250724450788207e-08 3.297850433100893e-06 11096
9.25 5.524096985658363e-08 2.854919195903145e-06 10056
9.5 5.01810346303254e-08 2.813708480383622e-06 9716
9.75 4.221913135023865e-08 2.345109083098659e-06 8604
10 3.719834134475438e-08 2.202183596454364e-06 8060
10.25 3.172825615483024e-08 1.971942827433105e-06 7320
10.5 2.70367650090904e-08 1.644200274868369e-06 6356
10.75 2.26823941017375e-08 1.372531064782942e-06 5348
11 1.617416003008842e-08 1.117064200227364e-06 4308
11.25 1.292243839853069e-08 8.936439124837623e-07 3563
11.5 8.062707395164105e-09 5.768014115699314e-07 2448
11.75 5.997243484840424e-09 4.194208096477486e-07 1868
12 4.071285916560993e-09 2.974973093362533e-07 1358
12.25 3.084825563388828e-09 2.272382102479695e-07 1062
12.5 2.155598063451404e-09 1.576732275822554e-07 776
12.75 1.10628256759345e-09 9.225941465844569e-08 432
13 5.174642407419354e-10 4.481082146989254e-08 200
13.25 4.234654391955512e-10 3.673935457021984e-08 168
13.5 1.243949591421379e-10 1.603199564102268e-08 56
13.75 2.585457594937378e-11 7.066139621962679e-10 7

0.25 1.544536117937662e-09 3.911938420986574e-09 18
0.5 9.989502618911044e-09 2.006632103432563e-08 62
0.75 1.594440475273073e-08 3.525267826331703e-08 98
1 1.694353322912428e-08 6.946889215946011e-08 210
1.25 1.705028346653574e-08 8.987134467940291e-08 350
1.5 1.710195217873229e-08 1.367230068881973e-07 450
1.75 2.511369564722719e-08 1.768862228505183e-07 602
2 2.825230943554898e-08 2.238178989758189e-07 762
2.25 3.254852125841387e-08 3.32287348571256e-07 1142
2.5 3.426593582643598e-08 3.784255004752623e-07 1250
2.75 3.705952900005733e-08 4.544274441397845e-07 1458
3 3.962665563278503e-08 5.603383831085318e-07 1814
3.25 4.653767906398986e-08 6.814450981938551e-07 2178
3.5 4.854204331501608e-08 7.814724942070605e-07 2498
3.75 4.685407490619166e-08 8.389867202657903e-07 2622
4 5.829857017055149e-08 1.102120559930911e-06 3338
4.25 5.991038742945312e-08 1.318157781901653e-06 3722
4.5 6.507646052512593e-08 1.496251644966932e-06 4170
4.75 6.009723854009263e-08 1.563324845138161e-06 4358
5 6.572835193911483e-08 1.733064044852719e-06 5034
5.25 7.27333569784726e-08 1.995138236964868e-06 5714
5.5 7.173203406386947e-08 2.199567559645112e-06 5982
5.75 7.377151163933874e-08 2.359959905800689e-06 6602
6 7.816704556979771e-08 2.504245580479062e-06 7130
6.25 8.089313543350616e-08 2.840171325296372e-06 8034
6.5 8.320467020565962e-08 2.98424766429032e-06 8606
6.75 8.299174797434482e-08 3.179011109099756e-06 9066
7 8.642532375695344e-08 3.408128472957915e-06 9962
7.25 8.85437061858116e-08 3.556018032691906e-06 10550
7.5 9.165149043673734e-08 3.917048663813508e-06 11226
7.75 9.330308009167484e-08 4.168877706229623e-06 12146
8 9.176986743935382e-08 4.115375124216857e-06 12303
8.25 8.774517960658356e-08 4.158845720285462e-06 12584
8.5 7.782994591002119e-08 3.823401317872505e-06 12120
8.75 6.754347337763046e-08 3.484757503787335e-06 11180
9 5.985918502509308e-08 3.334482459287109e-06 11096
9.25 5.164235488729218e-08 2.913602753502513e-06 10056
9.5 4.673889377943174e-08 2.792144147721852e-06 9716
9.75 3.951571548962412e-08 2.381290359006059e-06 8604
10 3.551460172141455e-08 2.256743725731575e-06 8060
10.25 3.097083719113617e-08 1.991702502613401e-06 7320
10.5 2.593527658690428e-08 1.703034511103904e-06 6356
10.75 2.042493371024133e-08 1.45583683348188e-06 5348
11 1.567826937322659e-08 1.113520120887438e-06 4308
11.25 1.249418457901529e-08 9.078770126187189e-07 3563
11.5 7.342579149890245e-09 5.726993384508625e-07 2448
11.75 5.645454661088095e-09 4.315578971169628e-07 1868
12 3.689682425507923e-09 3.334763980604785e-07 1358
12.25 3.044866426710614e-09 2.214671741529589e-07 1062
12.5 2.044710387152031e-09 1.546019819716015e-07 776
12.75 1.058184266800649e-09 1.012320331807871e-07 432
13 5.142659974031834e-10 3.495558491528461e-08 200
13.25 4.118345709358965e-10 4.477083462020693e-08 168
13.5 1.555039056231643e-10 1.364043282548533e-08 56
13.75 1.5096910763638e-11 5.55362096511903e-10 7

0.25 2.24746443272798e-09 3.017803348964632e-09 18
0.5 1.180600578702045e-08 1.761367687429682e-08 62
0.75 1.193299460181281e-08 3.070514763946661e-08 98
1 1.572753731074156e-08 6.437774263754721e-08 210
1.25 2.038830335195761e-08 8.460320845975694e-08 350
1.5 1.881064798000446e-08 1.290333536888933e-07 450
1.75 2.188958950707033e-08 1.666699557585725e-07 602
2 2.184109863554717e-08 2.314272188398958e-07 762
2.25 3.202206480864302e-08 3.504242098409765e-07 1142
2.5 2.879987930747086e-08 3.931158296699401e-07 1250
2.75 3.339995830242196e-08 4.594553642425106e-07 1458
3 3.676852452407338e-08 5.910225209573854e-07 1814
3.25 4.028645553475529e-08 7.379295990561693e-07 2178
3.5 4.390146127151324e-08 8.567147980357377e-07 2498
3.75 4.336559888567776e-08 8.789513900335211e-07 2622
4 5.044558755404749e-08 1.200958923098743e-06 3338
4.25 5.762838998144883e-08 1.332845543827398e-06 3722
4.5 5.933178408960899e-08 1.476327232596443e-06 4170
4.75 5.748768491311541e-08 1.598138311552934e-06 4358
5 6.091295305936409e-08 1.807826029573613e-06 5034
5.25 6.5484445085939e-08 2.079427189486627e-06 5714
5.5 6.752277499505247e-08 2.203860227834899e-06 5982
5.75 7.078844641072552e-08 2.387080010241058e-06 6602
6 7.018894258677355e-08 2.610566861778077e-06 7130
6.25 7.431109514872727e-08 2.945512093913986e-06 8034
6.5 8.002069042983316e-08 3.006585244560737e-06 8606
6.75 7.836393601535253e-08 3.190765461002308e-06 9066
7 8.208056025777562e-08 3.417325351419051e-06 9962
7.25 8.257060087731019e-08 3.64837526296416e-06 10550
7.5 8.671348512612906e-08 3.809202076831968e-06 11226
7.75 8.805144827358898e-08 4.234648369445293e-06 12146
8 8.732228715554531e-08 4.261155893154794e-06 12303
8.25 8.271211305309685e-08 4.211776101111461e-06 12584
8.5 7.326311714635125e-08 3.890451762165467e-06 12120
8.75 6.367609336033588e-08 3.477592811632579e-06 11180
9 5.810439119729485e-08 3.366874849303763e-06 11096
9.25 4.935486460339527e-08 2.940100167048346e-06 10056
9.5 4.531487191837749e-08 2.787594293308561e-06 9716
9.75 3.803878346569907e-08 2.40658563773787e-06 8604
10 3.369985645123707e-08 2.267035535496689e-06 8060
10.25 3.021871337503324e-08 1.984441351857128e-06 7320
10.5 2.525626212253804e-08 1.682629768786831e-06 6356
10.75 1.977161280651336e-08 1.448753643063735e-06 5348
11 1.486303958952774e-08 1.107073916801471e-06 4308
11.25 1.192743392544186e-08 9.430752649966587e-07 3563
11.5 7.283119073713935e-09 5.864516873699797e-07 2448
11.75 5.711502197151924e-09 4.511283876695997e-07 1868
12 3.842719376714618e-09 3.072677460947033e-07 1358
12.25 2.730088339764628e-09 2.456126534186727e-07 1062
12.5 1.805863826218677e-09 1.734225368302293e-07 776
12.75 9.354891950993527e-10 9.284157608950816e-08 432
13 5.097406096772429e-10 4.466003550388768e-08 200
13.25 4.014204058522382e-10 3.197867367688736e-08 168
13.5 1.938267859086416e-10 1.401117342388081e-08 56
13.75 2.084570270473615e-11 1.156859149556223e-09 7

