1:binCentralValue 2:valuesAverage 3:valuesAverage 4:multiplicity
0.25 4.234413312091045e-18 2.208676429379843e-16 18
0.5 3.171798797816859e-17 2.606738793136951e-15 62
0.75 7.395304543867223e-17 7.773301903884785e-15 98
1 2.389731646692e-16 1.96109205440558e-14 210
1.25 4.449070013865639e-16 5.007934816625214e-14 350
1.5 6.801467873985844e-16 7.465158831787416e-14 450
1.75 1.037171661094411e-15 1.348449507576852e-13 602
2 1.545221782771234e-15 1.790350570109997e-13 762
2.25 2.492433749730359e-15 3.241053612131892e-13 1142
2.5 3.308198599807256e-15 3.735220565614841e-13 1250
2.75 4.003538915721397e-15 4.741642067148464e-13 1458
3 5.452881471119085e-15 6.817986652288826e-13 1814
3.25 6.644955314287329e-15 8.94571017486237e-13 2178
3.5 8.359666303958809e-15 1.084739411393619e-12 2498
3.75 9.824972995783155e-15 1.237585269683872e-12 2622
4 5.896086997775432e-15 8.276183474658833e-13 3338
4.25 1.768872552135671e-46 2.013245422985202e-44 3722
4.5 1.66928193967278e-46 2.166042307515173e-44 4170
4.75 1.676723472103953e-46 2.106665596602952e-44 4358
5 2.002757654166529e-46 2.561226214328428e-44 5034
5.25 2.200599711981005e-46 2.886017406181846e-44 5714
5.5 2.157187632543388e-46 2.952338113176331e-44 5982
5.75 2.323276885610384e-46 3.043709580289052e-44 6602
6 2.540306964552173e-46 3.234042541261986e-44 7130
6.25 2.613877024569181e-46 3.394869036827241e-44 8034
6.5 2.728714887096055e-46 3.383660877037187e-44 8606
6.75 2.710006950886994e-46 3.537232314253716e-44 9066
7 2.965465109871774e-46 3.767712995033508e-44 9962
7.25 3.366876229247535e-46 4.435030908108566e-44 10550
7.5 3.537270902271505e-46 4.50613759348266e-44 11226
7.75 3.674496484501228e-46 4.543355513254239e-44 12146
8 3.631420443712885e-46 4.561832925871597e-44 12606
8.25 4.028424656950126e-46 5.27704278276186e-44 13802
8.5 4.328933934064234e-46 5.477126476835946e-44 14754
8.75 4.59584502203647e-46 6.149089985199445e-44 15194
9 4.983737458347897e-46 6.120823579163394e-44 16454
9.25 5.169751729870006e-46 6.54956988339276e-44 17154
9.5 5.468974360630719e-46 6.991787677069625e-44 18266
9.75 5.579518668529521e-46 6.979838206607714e-44 18750
10 5.843986776923734e-46 7.426150175125134e-44 20234
10.25 6.412457569822388e-46 8.10272737476299e-44 21450
10.5 6.660148414312904e-46 8.783479924303571e-44 21962
10.75 6.749642487112473e-46 8.543997786082496e-44 23462
11 7.233470831686518e-46 9.46480128035819e-44 24042
11.25 7.878646732581048e-46 9.965827719530016e-44 25946
11.5 8.059825767048977e-46 9.996147196929045e-44 26118
11.75 8.400211333573345e-46 1.039544216593819e-43 27506
12 8.081500620764505e-46 1.032523207492948e-43 28631
12.25 6.883355641794866e-46 8.90510998501928e-44 28596
12.5 5.681360263590097e-46 7.156794562375012e-44 27848
12.75 5.009846041801701e-46 6.318006754295915e-44 26544
13 4.898199121792432e-46 6.2325660000259e-44 26456
13.25 4.545332075952084e-46 5.840090426196524e-44 25284
13.5 4.464763640685427e-46 5.659041414460616e-44 24260
13.75 4.279941251075573e-46 5.426729019699016e-44 23312
14 4.063693083721829e-46 5.198855843060146e-44 22368
14.25 4.098000663641205e-46 5.08700485307197e-44 21872
14.5 3.798164117542936e-46 4.716609233657719e-44 20400
14.75 3.571994577411237e-46 4.572454559030782e-44 19040
15 3.436347545670732e-46 4.347369764469948e-44 18252
15.25 3.217674802924865e-46 4.003292011906885e-44 16760
15.5 3.070391174323316e-46 3.870453512293894e-44 15776
15.75 2.659339829218189e-46 3.291801281151572e-44 13704
16 2.482599094976355e-46 3.115656122146141e-44 13112
16.25 2.15134510303606e-46 2.770023213039341e-44 11652
16.5 1.740456152848584e-46 2.239429900724296e-44 9776
16.75 1.505717781514891e-46 1.910952963094215e-44 8448
17 1.152667548286699e-46 1.494329243765032e-44 7013
17.25 8.964884204542563e-47 1.172389802021195e-44 5546
17.5 8.299125063270467e-47 1.012931841885396e-44 4722
17.75 6.624662957870926e-47 8.012916680106888e-45 3782
18 5.78819900678078e-47 7.374243872934728e-45 3174
18.25 4.487965029261454e-47 5.835334996356224e-45 2582
18.5 3.627055516189561e-47 4.615836674840322e-45 1928
18.75 3.228406698497534e-47 4.015211091559227e-45 1662
19 2.4886626704943e-47 3.157329042580506e-45 1256
19.25 1.908092963787382e-47 2.247542235538889e-45 864
19.5 9.554843352603973e-48 1.059068589037351e-45 428
19.75 9.588750546344684e-48 1.122408575433295e-45 456
20 5.429434460298546e-48 6.268937886962376e-46 248
20.25 2.21289646798924e-48 2.444016516390066e-46 104
20.5 2.456141296252714e-49 2.992132791797106e-47 18
20.75 6.613962211034639e-50 5.8525759899253e-48 7

0.25 6.481757568808466e-19 2.026827356349212e-17 18
0.5 4.33280930091847e-18 1.610737531407169e-16 62
0.75 5.198510230564219e-18 3.750014404536662e-16 98
1 1.514011525421929e-17 1.346701763900032e-15 210
1.25 1.899699190480211e-17 2.674646529764477e-15 350
1.5 1.525201779863683e-17 3.782055868841247e-15 450
1.75 2.250316151419195e-17 5.638374663128061e-15 602
2 4.107310075944929e-17 7.454098083666101e-15 762
2.25 1.071769754718778e-16 1.119724993055055e-14 1142
2.5 1.9808637010696e-16 9.484129487366729e-15 1250
2.75 2.987585415803228e-16 8.935456926748543e-15 1458
3 4.53882082959125e-16 9.457536037922092e-15 1814
3.25 5.725391717645316e-16 1.017225984435795e-14 2178
3.5 6.234834673989691e-16 1.324994505214594e-14 2498
3.75 6.440968188922079e-16 1.723289132077228e-14 2622
4 3.610033588103984e-16 1.243420427318988e-14 3338
4.25 2.355776694840319e-28 1.035188295891905e-26 3722
4.5 2.255900043790517e-28 9.809922199394577e-27 4170
4.75 2.083909256845329e-28 8.667493377015325e-27 4358
5 1.986623357176135e-28 8.098305434119591e-27 5034
5.25 1.645872967640348e-28 6.875388205082796e-27 5714
5.5 1.311466848017933e-28 6.345735314559391e-27 5982
5.75 1.01691479662762e-28 5.865105885032065e-27 6602
6 7.49428170628586e-29 4.809406730337228e-27 7130
6.25 6.167481846163125e-29 3.833322917899339e-27 8034
6.5 4.952809451971611e-29 2.723960949007032e-27 8606
6.75 3.836134548364645e-29 1.695394830684238e-27 9066
7 2.599309046002266e-29 1.13115030622542e-27 9962
7.25 1.368866306418563e-29 6.818138846540305e-28 10550
7.5 5.859968512744424e-30 3.360219925810669e-28 11226
7.75 1.583054516313272e-30 9.182676128525842e-29 12146
8 4.859688802786047e-32 2.542348245674926e-30 12606
8.25 1.865390416046823e-41 1.37405516744452e-39 13802
8.5 1.243987227239444e-41 9.470726481831775e-40 14754
8.75 7.584960261237672e-42 5.956453649742875e-40 15194
9 4.783638589471863e-42 4.02745451024336e-40 16454
9.25 2.915517703488694e-42 2.499947765055822e-40 17154
9.5 1.853532353515786e-42 1.586265703773097e-40 18266
9.75 9.960768510744692e-43 9.503860592703485e-41 18750
10 5.759218608664195e-43 5.930274805880725e-41 20234
10.25 3.080221399298252e-43 3.327101436173069e-41 21450
10.5 1.54369658652501e-43 1.694764074522994e-41 21962
10.75 7.405063698916137e-44 8.002751275135849e-42 23462
11 2.888521719925213e-44 3.31930100107371e-42 24042
11.25 1.001170493720495e-44 1.15437912739428e-42 25946
11.5 2.837378618661182e-45 3.086261112481424e-43 26118
11.75 1.32244157926255e-45 1.369039219048587e-43 27506
12 1.238657256460236e-45 1.313677325562127e-43 28631
12.25 1.220123290978935e-45 1.325309823850266e-43 28596
12.5 1.152910907665562e-45 1.293410702480472e-43 27848
12.75 1.091272024519755e-45 1.272691288471523e-43 26544
13 1.089418939754879e-45 1.320600561127381e-43 26456
13.25 1.025762424407744e-45 1.266634087238793e-43 25284
13.5 9.882623349065385e-46 1.271808596561471e-43 24260
13.75 9.682150758865554e-46 1.22944893559192e-43 23312
14 9.23324371413107e-46 1.229847809419649e-43 22368
14.25 8.983697199027223e-46 1.216805321121164e-43 21872
14.5 8.443317726399569e-46 1.175839337766975e-43 20400
14.75 7.964067149167452e-46 1.140458306239649e-43 19040
15 7.750892194629698e-46 1.12092747685823e-43 18252
15.25 6.978331941184212e-46 1.041959522275268e-43 16760
15.5 6.718850907312828e-46 1.002528055902187e-43 15776
15.75 5.780813414202843e-46 8.758486311023973e-44 13704
16 5.544031254757503e-46 8.739278426858289e-44 13112
16.25 4.961582787887156e-46 8.003758152493994e-44 11652
16.5 4.083802331365425e-46 6.722566035531115e-44 9776
16.75 3.474011969187478e-46 5.862609817979277e-44 8448
17 2.900705638514443e-46 5.060982385720017e-44 7013
17.25 2.184675846497448e-46 3.884803008062339e-44 5546
17.5 1.938266804761096e-46 3.479248330930132e-44 4722
17.75 1.462186090260751e-46 2.822190955945969e-44 3782
18 1.323428676977327e-46 2.444586370757047e-44 3174
18.25 1.063449967696635e-46 2.025758802141882e-44 2582
18.5 8.372434065094792e-47 1.52042762532251e-44 1928
18.75 7.479207394130744e-47 1.335983601739978e-44 1662
19 5.404988393005347e-47 1.002274482685287e-44 1256
19.25 3.653817771108962e-47 7.24410696465898e-45 864
19.5 1.966155320877616e-47 3.851027755504648e-45 428
19.75 1.934181797962752e-47 3.961140608466223e-45 456
20 1.170624711863561e-47 2.249363965137915e-45 248
20.25 4.747368263147572e-48 1.131947212556318e-45 104
20.5 5.603080897791684e-49 1.533962840271097e-46 18
20.75 3.937735214869649e-50 8.021762046041083e-47 7

0.25 4.499203719512274e-18 1.716822062657224e-17 18
0.5 3.342772373719208e-17 1.964880461128631e-16 62
0.75 6.116001011164878e-17 6.484749467295238e-16 98
1 1.862325061188142e-16 3.317015754622276e-15 210
1.25 2.435947398492879e-16 8.362426110947145e-15 350
1.5 1.653763769587682e-16 1.159771108250295e-14 450
1.75 8.473486463599621e-17 1.359421977315811e-14 602
2 1.879337335641286e-17 9.28671150524163e-15 762
2.25 1.787891388499784e-17 5.035246738940066e-15 1142
2.5 2.4539940672409e-17 6.583743826261451e-15 1250
2.75 2.238349335035523e-17 8.780804368612301e-15 1458
3 5.285478686222053e-17 7.155727911517781e-15 1814
3.25 7.422387172486554e-17 1.049756474947811e-14 2178
3.5 4.539874893944284e-17 2.279019706940617e-14 2498
3.75 5.885697883629597e-17 2.33651684807894e-14 2622
4 5.874810742987414e-17 9.869155954807896e-15 3338
4.25 2.192917291415466e-28 3.311865463589584e-26 3722
4.5 1.958908588001181e-28 2.747033500208208e-26 4170
4.75 1.562356650738699e-28 2.040795955098613e-26 4358
5 1.279316374518294e-28 1.61598926869323e-26 5034
5.25 9.715836470304173e-29 1.263341166997876e-26 5714
5.5 7.420649893113257e-29 1.023916178380759e-26 5982
5.75 5.75666600624524e-29 8.277662977468515e-27 6602
6 4.666751277605523e-29 6.467206378061838e-27 7130
6.25 3.58327792638312e-29 5.358266287886836e-27 8034
6.5 2.513402988592069e-29 3.667569967820021e-27 8606
6.75 1.659154136504675e-29 2.243526248547545e-27 9066
7 9.90422248017491e-30 1.409696733681703e-27 9962
7.25 5.34316005075574e-30 8.159592452034318e-28 10550
7.5 2.319284784039004e-30 4.082868828426504e-28 11226
7.75 6.026228213971433e-31 1.112353753573203e-28 12146
8 1.674115541431607e-32 3.278773689694161e-30 12606
8.25 1.988576677488267e-41 4.052903644600482e-39 13802
8.5 1.348534472622947e-41 2.83685847594261e-39 14754
8.75 8.850877436648693e-42 1.876069298276028e-39 15194
9 5.986459024460163e-42 1.294705132227794e-39 16454
9.25 3.949264982275031e-42 8.576781141117644e-40 17154
9.5 2.551078020596591e-42 5.60617771470108e-40 18266
9.75 1.601755356118341e-42 3.438943598859515e-40 18750
10 1.038039455900289e-42 2.178992779913169e-40 20234
10.25 6.131122621249916e-43 1.24942200096232e-40 21450
10.5 3.182355016591673e-43 6.476719933962976e-41 21962
10.75 1.578850957669527e-43 3.204703772704877e-41 23462
11 6.661529442203274e-44 1.355546775177072e-41 24042
11.25 2.39688862918457e-44 4.982244274380382e-42 25946
11.5 6.004978916718013e-45 1.280493428998487e-42 26118
11.75 1.953134405399274e-45 4.120604170842444e-43 27506
12 1.641199956428354e-45 3.389859623287576e-43 28631
12.25 1.64813749896283e-45 3.3617437815323e-43 28596
12.5 1.592638356892174e-45 3.272533703662476e-43 27848
12.75 1.506995529529772e-45 3.090015467825178e-43 26544
13 1.525319069294966e-45 3.09190250167426e-43 26456
13.25 1.463760932913334e-45 2.947569811288213e-43 25284
13.5 1.410943957091874e-45 2.854660842632445e-43 24260
13.75 1.362261409952485e-45 2.775291130923039e-43 23312
14 1.311631821854196e-45 2.659906151630451e-43 22368
14.25 1.253005951250713e-45 2.618396843217107e-43 21872
14.5 1.195399833256067e-45 2.442281528361055e-43 20400
14.75 1.122448422853558e-45 2.286818055456967e-43 19040
15 1.06196593182109e-45 2.187075397673339e-43 18252
15.25 9.671890379904629e-46 2.04656348999308e-43 16760
15.5 9.097157225112594e-46 1.91463921651743e-43 15776
15.75 7.902481867460636e-46 1.621373145607359e-43 13704
16 7.303954090762602e-46 1.558647292156588e-43 13112
16.25 6.575207254288169e-46 1.389871754574042e-43 11652
16.5 5.346622191547854e-46 1.174556244603387e-43 9776
16.75 4.554157937182597e-46 9.77435654652343e-44 8448
17 3.782886498864908e-46 8.195547699891493e-44 7013
17.25 2.968387507550668e-46 6.451907795496722e-44 5546
17.5 2.600247059690154e-46 5.346959202520081e-44 4722
17.75 1.932829067231781e-46 4.218624657627429e-44 3782
18 1.612621291635892e-46 3.510885497028403e-44 3174
18.25 1.328133621767922e-46 3.001706322092863e-44 2582
18.5 9.637177369194178e-47 2.022804000892386e-44 1928
18.75 8.075808220168857e-47 1.877099796640566e-44 1662
19 6.223235100026169e-47 1.231863318197411e-44 1256
19.25 4.045528319370284e-47 9.280247132393871e-45 864
19.5 2.12776957204047e-47 4.601440319230127e-45 428
19.75 2.079208895376481e-47 5.270045932748276e-45 456
20 1.10334345052261e-47 2.489357731838483e-45 248
20.25 4.469500231908774e-48 1.375782358499209e-45 104
20.5 9.179529184661974e-49 2.115382933238973e-46 18
20.75 3.126375693689158e-49 7.648425250116111e-47 7

0.25 3.814055711309161e-18 1.522968564125975e-16 18
0.5 2.337401920362797e-17 1.414837324659047e-15 62
0.75 2.686817634949991e-17 3.52542130285348e-15 98
1 3.230066898405325e-17 1.403535988634554e-14 210
1.25 6.53028284002943e-18 2.427082883903081e-14 350
1.5 8.010408083706897e-17 1.991453194039672e-14 450
1.75 1.841151521849806e-16 1.061757205230985e-14 602
2 1.154804596691055e-16 1.905825188216961e-15 762
2.25 5.623892842860564e-17 6.330943106836143e-16 1142
2.5 7.137262170493354e-17 4.893211512926234e-16 1250
2.75 5.407134320507066e-17 9.649282033669666e-16 1458
3 1.141923917172574e-16 8.818506902952707e-16 1814
3.25 8.328595750845971e-17 1.826990049308441e-15 2178
3.5 1.967028406491013e-16 1.294819419543209e-15 2498
3.75 1.478500516887692e-16 3.272788553725938e-15 2622
4 3.889559235862003e-17 3.023504080944634e-15 3338
4.25 7.023916356683076e-28 1.772156267936824e-26 3722
4.5 4.638238271564215e-28 1.223209968947278e-26 4170
4.75 2.576237389301197e-28 7.745909594664606e-27 4358
5 1.561871127003924e-28 4.917390335768127e-27 5034
5.25 1.014985493640869e-28 3.598403085608335e-27 5714
5.5 7.103080901418464e-29 2.607790744877854e-27 5982
5.75 5.242516267454232e-29 2.016847472654445e-27 6602
6 3.807440380271411e-29 1.572160474549726e-27 7130
6.25 2.825348295361679e-29 1.09134864353392e-27 8034
6.5 1.695930634059001e-29 6.772996645615121e-28 8606
6.75 9.29319278717769e-30 3.549339162731593e-28 9066
7 4.978620962364684e-30 1.957799209294762e-28 9962
7.25 2.651021037480781e-30 1.062948183057525e-28 10550
7.5 1.112210632193673e-30 5.001134419573391e-29 11226
7.75 2.721410627933451e-31 1.309560156160789e-29 12146
8 6.759767915689813e-33 3.72809925290045e-31 12606
8.25 2.141536220611406e-41 1.349621743728196e-39 13802
8.5 1.298535651363203e-41 8.403876688129994e-40 14754
8.75 7.178889408340736e-42 4.884712069238195e-40 15194
9 4.326525776909924e-42 3.024216812188742e-40 16454
9.25 2.722473014465238e-42 1.869893679057403e-40 17154
9.5 1.696305437091674e-42 1.266138587845122e-40 18266
9.75 1.164220692609018e-42 9.09222637578842e-41 18750
10 8.368724444185966e-43 6.747730545746318e-41 20234
10.25 5.291904139258551e-43 4.631729872312186e-41 21450
10.5 3.039421190160154e-43 2.634581716791286e-41 21962
10.75 1.516893418284733e-43 1.336265326909716e-41 23462
11 6.362038076298877e-44 5.710276098148401e-42 24042
11.25 2.526526412308025e-44 2.213070427747019e-42 25946
11.5 1.171764310183632e-44 9.971070342121426e-43 26118
11.75 9.348785017948223e-45 8.341251757778281e-43 27506
12 9.832479964973626e-45 8.839260403098239e-43 28631
12.25 9.874520404362978e-45 9.1608948509645e-43 28596
12.5 9.604016396381137e-45 9.602617402467698e-43 27848
12.75 9.327798958026077e-45 9.310877453442317e-43 26544
13 9.085158656489498e-45 9.686212693912231e-43 26456
13.25 8.773354290277383e-45 9.526475507170044e-43 25284
13.5 8.458737000886477e-45 9.340113150497523e-43 24260
13.75 8.098912626952784e-45 9.1893399006965e-43 23312
14 7.714618076800216e-45 8.945737618457032e-43 22368
14.25 7.327146481506746e-45 8.862338415752557e-43 21872
14.5 6.959618116520209e-45 8.401515317233614e-43 20400
14.75 6.235124446245727e-45 7.913444585235387e-43 19040
15 5.842731182360001e-45 7.591075978383327e-43 18252
15.25 5.12978833896219e-45 7.120491617047212e-43 16760
15.5 4.927366430819626e-45 6.700180294622106e-43 15776
15.75 4.044399855922575e-45 5.767779394420912e-43 13704
16 3.866493598750484e-45 5.374659402130943e-43 13112
16.25 3.36723512595335e-45 4.611279044127858e-43 11652
16.5 2.652099244548171e-45 3.880063880363824e-43 9776
16.75 2.199275595253244e-45 3.271311490954956e-43 8448
17 1.661638793339787e-45 2.554605064340144e-43 7013
17.25 1.218556079859872e-45 1.886809786558567e-43 5546
17.5 9.518339433945963e-46 1.596104903426084e-43 4722
17.75 7.194978392300829e-46 1.217098634027146e-43 3782
18 5.572189954212622e-46 9.629042642493331e-44 3174
18.25 4.478169627158847e-46 7.752443216637063e-44 2582
18.5 3.22949445466808e-46 5.160301691196918e-44 1928
18.75 2.771682667204458e-46 4.494250389246274e-44 1662
19 1.913707308459449e-46 3.260266959235604e-44 1256
19.25 1.182649010810291e-46 2.188938668487883e-44 864
19.5 5.730165787068638e-47 1.079234957252976e-44 428
19.75 6.825187270904166e-47 1.084337935273893e-44 456
20 3.590190180914641e-47 5.673547484292548e-45 248
20.25 1.293674027003744e-47 2.967056869153045e-45 104
20.5 2.699676293137325e-48 2.493721708610152e-46 18
20.75 7.708804052046284e-49 1.128555697251604e-46 7

0.25 1.01168502920482e-17 1.369236672803492e-15 18
0.5 1.199777641224166e-16 1.296713885060678e-14 62
0.75 3.957558231312077e-16 3.055224075440591e-14 98
1 1.937563871066592e-15 1.002280368284119e-13 210
1.25 3.829534630443068e-15 1.038745047425991e-13 350
1.5 3.03013581899001e-15 2.873361998963246e-14 450
1.75 1.226867644596889e-15 1.336209440543521e-15 602
2 1.12773988592691e-16 1.15655459632674e-15 762
2.25 1.198319935861591e-17 1.058821099312657e-15 1142
2.5 1.265718640634775e-17 1.034619675122262e-15 1250
2.75 1.113304443363321e-17 1.552525546205073e-15 1458
3 1.655681572476083e-17 2.311955143056092e-15 1814
3.25 2.508052187607029e-17 2.343215019639928e-15 2178
3.5 2.682301961039676e-17 3.413045138599422e-15 2498
3.75 4.378135121314546e-17 7.324301695760765e-15 2622
4 7.388263638730647e-18 6.612545300521096e-15 3338
4.25 1.63615178037871e-27 3.348150321009727e-25 3722
4.5 1.099860733108243e-27 2.476190198170096e-25 4170
4.75 5.439936972734691e-28 1.431904833069187e-25 4358
5 2.32378028706555e-28 7.529969970468461e-26 5034
5.25 9.279109496045062e-29 3.073737309895094e-26 5714
5.5 4.03785162683963e-29 9.699238760084936e-27 5982
5.75 2.781764197008393e-29 4.867904408611379e-27 6602
6 2.043084028637321e-29 3.776262767810685e-27 7130
6.25 1.46341409239785e-29 2.750192345397757e-27 8034
6.5 9.293527765502843e-30 1.778828562301036e-27 8606
6.75 5.766753892785767e-30 1.046540021026135e-27 9066
7 3.512495582022028e-30 6.143953039813944e-28 9962
7.25 2.057080703840816e-30 3.447974094050011e-28 10550
7.5 1.039533728633565e-30 1.639759161042439e-28 11226
7.75 2.926112089392402e-31 4.04071679826982e-29 12146
8 7.247318363736072e-33 1.153766191410572e-30 12606
8.25 5.658549622180059e-41 9.419418448322219e-39 13802
8.5 2.713515286196972e-41 4.686397223598375e-39 14754
8.75 1.255762887581093e-41 2.324360835402877e-39 15194
9 6.121178525455363e-42 1.283918886896917e-39 16454
9.25 3.112591097080171e-42 7.048030117485549e-40 17154
9.5 1.896068767855228e-42 4.311774691923761e-40 18266
9.75 1.245917918204846e-42 2.839814391229653e-40 18750
10 8.620436172838826e-43 2.020632027077555e-40 20234
10.25 5.453038547104486e-43 1.33966670368481e-40 21450
10.5 3.146939836483121e-43 7.175293829811487e-41 21962
10.75 1.57567814118248e-43 3.679123416973541e-41 23462
11 7.665158835836279e-44 1.671687137181536e-41 24042
11.25 4.446695706969171e-44 9.061858335904548e-42 25946
11.5 3.374807447142235e-44 6.379970645368377e-42 26118
11.75 3.259393970872038e-44 6.4148072374711e-42 27506
12 3.489213723624886e-44 6.914256118192546e-42 28631
12.25 3.435165351491107e-44 7.115483653151276e-42 28596
12.5 3.309373397981584e-44 7.340142647029654e-42 27848
12.75 3.176930657140292e-44 7.282752224430707e-42 26544
13 3.143486630621086e-44 7.497054099321472e-42 26456
13.25 3.016314147638814e-44 7.31114823724914e-42 25284
13.5 2.801450123548534e-44 7.263918709864161e-42 24260
13.75 2.768883624407307e-44 7.247336255238444e-42 23312
14 2.557658966199651e-44 7.092937530846756e-42 22368
14.25 2.530992139546888e-44 7.099470942435315e-42 21872
14.5 2.295729813330953e-44 6.749196983368733e-42 20400
14.75 2.14841266434463e-44 6.354227597135585e-42 19040
15 2.014257159176965e-44 6.139714769038565e-42 18252
15.25 1.798365561581441e-44 5.692158551741526e-42 16760
15.5 1.699611361441802e-44 5.474146566268537e-42 15776
15.75 1.393242502068958e-44 4.669052365620087e-42 13704
16 1.326605824602546e-44 4.442417072417728e-42 13112
16.25 1.139962613411907e-44 3.993465221640254e-42 11652
16.5 9.324262468000393e-45 3.247216560804645e-42 9776
16.75 7.518405230012116e-45 2.883230841853743e-42 8448
17 5.748978448105868e-45 2.231196427953024e-42 7013
17.25 4.436945733184472e-45 1.7273683216157e-42 5546
17.5 3.383128348455366e-45 1.446949706808997e-42 4722
17.75 2.565128943656309e-45 1.200507012077902e-42 3782
18 2.089829829939386e-45 9.527823710781886e-43 3174
18.25 1.629951720486407e-45 7.682712887804614e-43 2582
18.5 1.184233996735158e-45 5.844929978355497e-43 1928
18.75 9.600075575372753e-46 5.23266817666301e-43 1662
19 7.246824671760732e-46 3.576268206315551e-43 1256
19.25 4.942486295555286e-46 2.736105176655567e-43 864
19.5 2.587130332018349e-46 1.099850664134823e-43 428
19.75 2.56321989923535e-46 1.18104038434303e-43 456
20 1.485770848577884e-46 6.970739924585133e-44 248
20.25 4.581750393843815e-47 2.94496496691355e-44 104
20.5 6.428008686990728e-48 5.465883087674026e-45 18
20.75 4.610201482839665e-48 1.876681373640858e-45 7

0.25 1.879723804400314e-19 7.022749222002635e-16 18
0.5 2.695730331464993e-17 9.834333768935478e-15 62
0.75 3.691105890986138e-16 3.839091598774487e-14 98
1 4.381669042947328e-15 2.063719717827584e-13 210
1.25 1.73636779890275e-14 4.007006211025454e-13 350
1.5 2.070325932807319e-14 2.555167301694168e-13 450
1.75 9.662160239814017e-15 6.232295727388737e-14 602
2 7.633630711779833e-16 1.915716086218261e-15 762
2.25 4.450649420480943e-17 8.884338860212324e-17 1142
2.5 3.201574427745915e-17 1.507486400920354e-16 1250
2.75 3.815240431763401e-17 1.97526256117351e-16 1458
3 4.388573762824279e-17 3.338040208430128e-16 1814
3.25 4.699674219885857e-17 5.153806178837378e-16 2178
3.5 5.072698113047907e-17 7.788007008080455e-16 2498
3.75 4.279260538298436e-17 2.28437329234508e-15 2622
4 4.555647134897923e-17 1.284931675115435e-15 3338
4.25 1.197559118643559e-26 2.337855141708233e-25 3722
4.5 6.885422585012207e-27 1.749316708862637e-25 4170
4.75 2.909178112695263e-27 9.196866966134234e-26 4358
5 1.082256235336384e-27 4.212927655895988e-26 5034
5.25 3.234106031240507e-28 1.386190425141797e-26 5714
5.5 9.012012268240353e-29 3.263028507336584e-27 5982
5.75 4.258978822504655e-29 1.335271456866e-27 6602
6 3.043399879070105e-29 9.169420145304955e-28 7130
6.25 1.904983462333872e-29 6.034220060604475e-28 8034
6.5 9.866364626786205e-30 3.578707200093235e-28 8606
6.75 4.759837111363934e-30 1.83769562600791e-28 9066
7 2.137665867390546e-30 9.495713867714366e-29 9962
7.25 1.048814805633489e-30 4.936735420517421e-29 10550
7.5 4.574505370985603e-31 2.322637171465573e-29 11226
7.75 1.158420400652035e-31 6.496055797932567e-30 12146
8 3.14814908372122e-33 1.774868199067449e-31 12606
8.25 2.175415665557059e-40 1.352288659525007e-38 13802
8.5 1.110640107511034e-40 7.201515713215794e-39 14754
8.75 5.118445814861961e-41 3.035316784241215e-39 15194
9 2.055243458470164e-41 1.126552184033455e-39 16454
9.25 5.931649555715507e-42 3.387162897944925e-40 17154
9.5 2.221110507038376e-42 1.459045823231949e-40 18266
9.75 1.501662301227338e-42 1.01871365040207e-40 18750
10 1.193597266560182e-42 8.763387011275136e-41 20234
10.25 8.955380261056884e-43 6.728942943035264e-41 21450
10.5 5.736190609301143e-43 4.518414248670537e-41 21962
10.75 3.72808817516952e-43 2.987489979768255e-41 23462
11 2.620102192261639e-43 2.152546302096105e-41 24042
11.25 2.452562994905784e-43 2.039118733766855e-41 25946
11.5 2.403507559016203e-43 2.047124822827242e-41 26118
11.75 2.555361996554321e-43 2.147543054342187e-41 27506
12 2.746061883169443e-43 2.427807541245212e-41 28631
12.25 2.775272476262116e-43 2.548057275454713e-41 28596
12.5 2.735697142526139e-43 2.606530120893963e-41 27848
12.75 2.646122955530367e-43 2.554009563653192e-41 26544
13 2.607525997035929e-43 2.667882580213297e-41 26456
13.25 2.490131620847334e-43 2.588412575485654e-41 25284
13.5 2.34915676534757e-43 2.53799428163842e-41 24260
13.75 2.325765516280687e-43 2.542676144310316e-41 23312
14 2.174618760885463e-43 2.445610880758678e-41 22368
14.25 2.121633842969752e-43 2.418954300826045e-41 21872
14.5 1.966051861187579e-43 2.309565190060906e-41 20400
14.75 1.799718310555661e-43 2.180355710768392e-41 19040
15 1.751705069027899e-43 2.07225551165711e-41 18252
15.25 1.491190764876229e-43 1.876183810301902e-41 16760
15.5 1.434601160161521e-43 1.771898871260436e-41 15776
15.75 1.17134936035487e-43 1.514430979170997e-41 13704
16 1.093101566562339e-43 1.421724499668695e-41 13112
16.25 9.338907609272213e-44 1.227640625262344e-41 11652
16.5 7.314078395847115e-44 9.994728674753739e-42 9776
16.75 5.891783527718787e-44 8.279102580713254e-42 8448
17 4.192470104295604e-44 5.926805466557406e-42 7013
17.25 3.075734481937569e-44 4.359504434094334e-42 5546
17.5 2.376986783104491e-44 3.47610913354592e-42 4722
17.75 1.632519057826911e-44 2.537403772887457e-42 3782
18 1.294211242545978e-44 1.934045857473175e-42 3174
18.25 9.297583912992847e-45 1.40208601726678e-42 2582
18.5 6.982393614512313e-45 1.008409270127632e-42 1928
18.75 5.460337221505627e-45 8.625743504569191e-43 1662
19 3.729870915246916e-45 6.008625767610411e-43 1256
19.25 2.586453920933747e-45 3.624624095384524e-43 864
19.5 1.17992030024899e-45 1.708418754423623e-43 428
19.75 1.205360128609151e-45 1.940998213258274e-43 456
20 8.059934475608132e-46 9.308922450208461e-44 248
20.25 2.23535408848699e-46 4.276353323981678e-44 104
20.5 1.515546199451947e-47 1.063578739956942e-44 18
20.75 1.111028957474546e-47 3.122080720240827e-45 7

0.25 3.543308226752682e-18 1.037932403439925e-14 18
0.5 1.09158874474067e-16 1.842836510116895e-13 62
0.75 9.47755082328998e-16 9.017614432149901e-13 98
1 9.774789650379525e-15 5.512040351892556e-12 210
1.25 3.503518605470182e-14 1.080503813721413e-11 350
1.5 3.520772272559779e-14 5.734899242784433e-12 450
1.75 1.167281854014976e-14 9.085014247607879e-13 602
2 4.698279879789973e-16 1.089357376112563e-14 762
2.25 7.69153676680029e-18 2.223211392183181e-16 1142
2.5 6.207523407532158e-18 3.804473405704103e-16 1250
2.75 6.479301016303359e-18 5.750535050120939e-16 1458
3 8.654577423761748e-18 8.590255957720932e-16 1814
3.25 1.071907423083965e-17 1.156597566169455e-15 2178
3.5 1.470076349268861e-17 1.415294317139479e-15 2498
3.75 3.786032617438928e-17 1.761250946791616e-15 2622
4 1.325173448457578e-17 3.65955073913162e-15 3338
4.25 3.766902670677228e-26 4.378505495715023e-24 3722
4.5 3.054085734674956e-26 3.105322955716516e-24 4170
4.75 1.675800324597777e-26 1.82741142886137e-24 4358
5 7.711091993752536e-27 9.638996173015206e-25 5034
5.25 2.338335544466926e-27 3.312812082846031e-25 5714
5.5 2.923046593405913e-28 5.577312147722236e-26 5982
5.75 2.786060811470359e-29 6.45164110426325e-27 6602
6 1.30136729920617e-29 2.669833897687905e-27 7130
6.25 8.697894568162739e-30 1.931428390488175e-27 8034
6.5 5.125853890802652e-30 1.199569661712491e-27 8606
6.75 2.898900293101574e-30 7.057126855636759e-28 9066
7 1.686864755691375e-30 4.216684500412962e-28 9962
7.25 9.908488874136292e-31 2.507708661490928e-28 10550
7.5 4.932331771504186e-31 1.240355711279448e-28 11226
7.75 1.461998742002569e-31 3.207770149938843e-29 12146
8 3.468219822381714e-33 5.398702652177667e-31 12606
8.25 1.009292831842205e-39 1.735517179697524e-37 13802
8.5 4.645265157564482e-40 7.978975489152274e-38 14754
8.75 1.955910241580718e-40 3.23344209073752e-38 15194
9 7.296574289691824e-41 1.246662325224941e-38 16454
9.25 1.47601116612134e-41 3.210078632266241e-39 17154
9.5 3.066274119368892e-42 7.164510812305345e-40 18266
9.75 1.638590105724486e-42 3.984914149441e-40 18750
10 1.402755790003795e-42 3.556563834872445e-40 20234
10.25 1.198217151512987e-42 3.158147285226773e-40 21450
10.5 9.602353843993072e-43 2.692864276858838e-40 21962
10.75 8.799732067225382e-43 2.555266203477892e-40 23462
11 8.197225348467729e-43 2.511424587601446e-40 24042
11.25 8.964395513811503e-43 2.720730944280541e-40 25946
11.5 9.125871183096559e-43 2.782799047831198e-40 26118
11.75 9.982855980225946e-43 3.029336972702843e-40 27506
12 1.086961118015822e-42 3.296506301266218e-40 28631
12.25 1.149628200702875e-42 3.418024858672479e-40 28596
12.5 1.1627050655263e-42 3.464329119188618e-40 27848
12.75 1.151026387398344e-42 3.347794621479523e-40 26544
13 1.157586104096837e-42 3.553471019632752e-40 26456
13.25 1.139668971828854e-42 3.426983344449544e-40 25284
13.5 1.128228570933424e-42 3.4389693240124e-40 24260
13.75 1.135783754929902e-42 3.379439949995507e-40 23312
14 1.090435398659501e-42 3.344024724792793e-40 22368
14.25 1.093577602436582e-42 3.319734885218636e-40 21872
14.5 1.049483783973754e-42 3.197936426218658e-40 20400
14.75 9.962023406041544e-43 3.009309832540573e-40 19040
15 9.75831999431571e-43 3.003869352644301e-40 18252
15.25 9.029971760276057e-43 2.588741776080448e-40 16760
15.5 8.604163501658879e-43 2.644146109279833e-40 15776
15.75 7.299842433861974e-43 2.222676868305158e-40 13704
16 7.046895468463912e-43 2.208506906605084e-40 13112
16.25 6.170571057000182e-43 1.919610110978584e-40 11652
16.5 5.067079075388224e-43 1.578958317891385e-40 9776
16.75 4.353247695869658e-43 1.387343138607552e-40 8448
17 3.309810560018785e-43 1.034553550554986e-40 7013
17.25 2.604450668806323e-43 7.597342531631865e-41 5546
17.5 2.072251076432615e-43 6.353772374034116e-41 4722
17.75 1.652335734716972e-43 4.922718104191105e-41 3782
18 1.233709177062386e-43 4.092308501636759e-41 3174
18.25 1.057810766066693e-43 3.252231965149505e-41 2582
18.5 7.618318480193378e-44 2.264695162484419e-41 1928
18.75 6.199915969863658e-44 2.025988784683112e-41 1662
19 4.45744307065668e-44 1.58272604390143e-41 1256
19.25 3.140826559345149e-44 1.006394165004237e-41 864
19.5 1.553257862238779e-44 5.0532521966097e-42 428
19.75 1.689551592009539e-44 5.225794306128355e-42 456
20 9.197516236252396e-45 2.832856851087283e-42 248
20.25 4.063615519871512e-45 1.302751522512024e-42 104
20.5 8.405226306607152e-46 1.550659872253784e-43 18
20.75 1.424569580211679e-46 1.002994407185151e-43 7

0.25 1.134009917335379e-16 2.419790945615174e-15 18
0.5 4.138042771790287e-15 6.059390311132762e-14 62
0.75 4.228973915580685e-14 4.221646327421878e-13 98
1 4.80486812150572e-13 3.359970843760735e-12 210
1.25 1.717119681975628e-12 7.843070032800759e-12 350
1.5 1.474659220943888e-12 4.115386516591544e-12 450
1.75 3.451478455543127e-13 5.015315902726529e-13 602
2 7.118785951770144e-15 2.596719380464814e-15 762
2.25 2.060525790258083e-17 5.071446871300285e-17 1142
2.5 1.752137059539397e-17 7.728430718021366e-17 1250
2.75 1.855150700660903e-17 1.141348683050793e-16 1458
3 2.239890402504089e-17 1.846372130294952e-16 1814
3.25 2.406197502598559e-17 2.85743978903966e-16 2178
3.5 2.77726638917399e-17 4.236553107729262e-16 2498
3.75 5.142388471121961e-17 1.015646148426128e-15 2622
4 9.857456893400995e-17 2.138825128508543e-16 3338
4.25 2.704682711592703e-25 4.680693636144763e-24 3722
4.5 1.85768505046336e-25 3.224744740563343e-24 4170
4.75 9.521877157232531e-26 1.579920848996706e-24 4358
5 4.018326167211648e-26 6.531135589314422e-25 5034
5.25 1.144096734339673e-26 1.575580074114671e-25 5714
5.5 1.356293130167295e-27 1.644046869012492e-26 5982
5.75 8.59552902724329e-29 1.367949722095823e-27 6602
6 2.419889953808582e-29 7.448578105883397e-28 7130
6.25 1.412135683348584e-29 4.911797114098138e-28 8034
6.5 7.052193885058792e-30 2.511170533348941e-28 8606
6.75 3.168012436799925e-30 1.16077044114358e-28 9066
7 1.358768299432391e-30 5.464568994308759e-29 9962
7.25 6.661705629975706e-31 2.491119083234766e-29 10550
7.5 2.951790211513892e-31 1.142487293660933e-29 11226
7.75 7.670286406925358e-32 2.915754556078492e-30 12146
8 1.846317687049914e-33 7.823683266424197e-32 12606
8.25 9.24200409882751e-39 4.010797541001738e-37 13802
8.5 4.962661269357915e-39 2.255117662151923e-37 14754
8.75 2.036039124254208e-39 1.191838273701757e-37 15194
9 6.306493580747236e-40 4.775275951451741e-38 16454
9.25 1.10803383105637e-40 9.155848539431101e-39 17154
9.5 1.475307818047574e-41 1.009655174208598e-39 18266
9.75 6.036391051907352e-42 4.262957270377511e-40 18750
10 6.341788247475049e-42 4.49124018422785e-40 20234
10.25 6.308320656509019e-42 4.799186704449713e-40 21450
10.5 6.214130448650528e-42 4.767632679178837e-40 21962
10.75 6.478759473046161e-42 5.029004271923206e-40 23462
11 6.598787592747336e-42 5.298675284726612e-40 24042
11.25 7.146609010399844e-42 5.882532381969715e-40 25946
11.5 7.408969749777636e-42 6.263976906231552e-40 26118
11.75 8.042434646433091e-42 6.862972455979217e-40 27506
12 8.529758866927075e-42 7.621832501929118e-40 28631
12.25 8.568705601072275e-42 8.060829720391614e-40 28596
12.5 8.446327981170078e-42 8.071987001890303e-40 27848
12.75 8.012522317540066e-42 7.988134943727533e-40 26544
13 8.010991333825888e-42 8.422094417881622e-40 26456
13.25 7.770494633020838e-42 8.105342735058571e-40 25284
13.5 7.339383538774419e-42 8.107968049774258e-40 24260
13.75 7.098462648778346e-42 8.194665586517438e-40 23312
14 6.809351878875043e-42 8.099454743788651e-40 22368
14.25 6.633216826842097e-42 8.044400555950529e-40 21872
14.5 6.138712089520176e-42 7.681965535471225e-40 20400
14.75 5.742543452327561e-42 7.301551676224845e-40 19040
15 5.440001624640741e-42 6.978586265648808e-40 18252
15.25 4.687672501502888e-42 6.477180035098954e-40 16760
15.5 4.458293147768907e-42 6.283587995257772e-40 15776
15.75 3.66011961444492e-42 5.276297838762475e-40 13704
16 3.449617398843999e-42 5.027989547679786e-40 13112
16.25 2.864678741297202e-42 4.32815026997213e-40 11652
16.5 2.213085739919592e-42 3.407088701546689e-40 9776
16.75 1.837584866615395e-42 2.857742802669456e-40 8448
17 1.276519763447244e-42 2.13598660337214e-40 7013
17.25 9.200266733014432e-43 1.551933776989556e-40 5546
17.5 7.221110358869036e-43 1.229166853656289e-40 4722
17.75 5.050042686124299e-43 9.093779945026171e-41 3782
18 3.79620496157044e-43 6.792469824601159e-41 3174
18.25 2.842345666314468e-43 5.190903967027479e-41 2582
18.5 1.893596899154143e-43 3.518433123538968e-41 1928
18.75 1.416930238299646e-43 2.845454702604641e-41 1662
19 1.022917118995884e-43 1.984525773257411e-41 1256
19.25 6.787134290059147e-44 1.228679364754685e-41 864
19.5 3.304742912342693e-44 6.420914708503401e-42 428
19.75 3.416015154138012e-44 6.679334884549154e-42 456
20 1.920049363010691e-44 3.352960816858017e-42 248
20.25 7.988641064774797e-45 1.396301720963854e-42 104
20.5 7.000612837686634e-46 4.434365410876533e-43 18
20.75 2.762757447724128e-46 1.303322527745893e-43 7

0.25 2.125859628789145e-17 3.40453534053695e-14 18
0.5 4.153284783387675e-16 1.251086041833773e-12 62
0.75 1.328991990121286e-15 1.282847351658079e-11 98
1 1.191059092146875e-15 1.403123828661853e-10 210
1.25 5.101172209796233e-14 4.368861267994512e-10 350
1.5 1.631327476383015e-13 2.837668980819997e-10 450
1.75 6.858670338811417e-14 4.150579151945702e-11 602
2 1.693966629461685e-15 3.512207446175284e-13 762
2.25 3.336945882154232e-18 2.139491292532166e-16 1142
2.5 3.233197274074336e-18 2.697782561926901e-16 1250
2.75 3.494455164253299e-18 3.801423189500334e-16 1458
3 5.192350911426798e-18 5.05313257740088e-16 1814
3.25 5.898912913200221e-18 7.074837124460818e-16 2178
3.5 8.002635572891031e-18 9.112366920251941e-16 2498
3.75 2.626868124915023e-17 1.0237528453519e-15 2622
4 2.530626080059094e-17 1.404162735144624e-15 3338
4.25 6.080999303152396e-25 9.091992006890954e-23 3722
4.5 5.268774803751009e-25 6.1621003910614e-23 4170
4.75 3.36694554527407e-25 3.330251369759849e-23 4358
5 1.842206596821103e-25 1.504998193063427e-23 5034
5.25 5.981221977770853e-26 4.17370819985497e-24 5714
5.5 7.355931006525839e-27 4.543282808208418e-25 5982
5.75 2.578049706104681e-28 1.701464771532569e-26 6602
6 1.113395348892788e-29 1.967603582264956e-27 7130
6.25 6.968121247907977e-30 1.423262282719571e-27 8034
6.5 3.762272707355781e-30 8.37263233647388e-28 8606
6.75 1.874629646901078e-30 4.73263254230257e-28 9066
7 1.022888117344726e-30 2.93496065766148e-28 9962
7.25 5.290548714935964e-31 1.733688418192746e-28 10550
7.5 2.718617434193261e-31 9.317305883595861e-29 11226
7.75 7.958778556960568e-32 2.949766541938224e-29 12146
8 2.266739699942124e-33 6.402642489075934e-31 12606
8.25 4.330376435286168e-38 5.312045008362189e-36 13802
8.5 2.349941877074668e-38 2.421247746287649e-36 14754
8.75 1.083527973731288e-38 1.00014745333959e-36 15194
9 3.836456034565664e-39 3.846639414238173e-37 16454
9.25 6.910001375591501e-40 7.795505051393906e-38 17154
9.5 7.648532593254687e-41 1.103426022093011e-38 18266
9.75 3.694739811902655e-41 6.346923745522925e-39 18750
10 3.970011660843705e-41 6.949681576583319e-39 20234
10.25 4.243789392605427e-41 7.556820829684968e-39 21450
10.5 4.356220859757385e-41 7.870294673933618e-39 21962
10.75 4.784672750246763e-41 8.686388232987741e-39 23462
11 5.038087804683638e-41 9.305952925395581e-39 24042
11.25 5.584309221194036e-41 1.002582151890838e-38 25946
11.5 5.736483740702987e-41 1.058460362677162e-38 26118
11.75 6.115803677375801e-41 1.14436380635078e-38 27506
12 6.592234488951603e-41 1.252280165996991e-38 28631
12.25 6.523088096895579e-41 1.259232379838535e-38 28596
12.5 6.299446921333636e-41 1.240884467951577e-38 27848
12.75 6.071516131379656e-41 1.209769250344892e-38 26544
13 6.045303971926719e-41 1.231866814547125e-38 26456
13.25 5.798352178420023e-41 1.184255205104968e-38 25284
13.5 5.52936147021986e-41 1.161226174371089e-38 24260
13.75 5.322489713303106e-41 1.13113113400658e-38 23312
14 5.146197443558105e-41 1.099733293867602e-38 22368
14.25 5.108106914425199e-41 1.089816686168649e-38 21872
14.5 4.724442588338599e-41 1.034418565708293e-38 20400
14.75 4.364612657142318e-41 9.734399765501087e-39 19040
15 4.135820156616342e-41 9.36789724228401e-39 18252
15.25 3.671573448506221e-41 8.5227227471752e-39 16760
15.5 3.484948663783671e-41 8.255239456799187e-39 15776
15.75 2.934674405236089e-41 6.828159342481337e-39 13704
16 2.770631950410545e-41 6.372906463101176e-39 13112
16.25 2.24957799825566e-41 5.59271010912794e-39 11652
16.5 1.849206511457277e-41 4.343315280756902e-39 9776
16.75 1.504732540357076e-41 3.633278981002017e-39 8448
17 1.134986201622397e-41 2.727126437657338e-39 7013
17.25 7.820302430613104e-42 2.032494435882668e-39 5546
17.5 6.12022026772541e-42 1.57793945052532e-39 4722
17.75 4.717599680770891e-42 1.104927993005262e-39 3782
18 3.510709968103568e-42 8.560519123492963e-40 3174
18.25 2.655016612125025e-42 6.339736183859878e-40 2582
18.5 1.694894364864249e-42 4.742047191367414e-40 1928
18.75 1.425520632179142e-42 3.646020627385538e-40 1662
19 1.102001111450172e-42 2.698630987175887e-40 1256
19.25 6.287760217476207e-43 1.850670293405282e-40 864
19.5 3.383254620795003e-43 9.314417747257544e-41 428
19.75 3.439586586237896e-43 1.006793261375271e-40 456
20 1.544753333071365e-43 5.151337050060657e-41 248
20.25 8.679404515223702e-44 2.340153071648569e-41 104
20.5 7.63499177513461e-45 3.433420614192491e-42 18
20.75 1.322149556985206e-45 1.250193875292605e-42 7

0.25 1.370641911927223e-15 3.233859442300995e-15 18
0.5 8.331196435429154e-14 1.267497204999172e-13 62
0.75 1.373911160165597e-12 1.180801256885488e-12 98
1 2.171034559092986e-11 8.617553575320032e-12 210
1.25 8.919107866825944e-11 7.374651526517838e-12 350
1.5 6.465879412273236e-11 1.970669661347118e-12 450
1.75 8.843507392649882e-12 3.186344913291514e-12 602
2 5.47145912142258e-14 9.303482550084903e-14 762
2.25 8.353692433549092e-18 8.602143771794616e-17 1142
2.5 7.645757893634083e-18 9.132147349827826e-17 1250
2.75 8.014933927865572e-18 1.113261246954231e-16 1458
3 1.179407884860061e-17 1.510110407957243e-16 1814
3.25 1.429295641353767e-17 1.911994442834144e-16 2178
3.5 1.72175385878576e-17 2.623321149871505e-16 2498
3.75 6.018382652996167e-17 3.063270927290969e-16 2622
4 7.00365928494293e-17 9.584766873879594e-16 3338
4.25 1.012846859688678e-23 1.835720589520492e-22 3722
4.5 7.2538347409587e-24 8.781192746862381e-23 4170
4.75 3.890296080249761e-24 3.239894441100437e-23 4358
5 1.720763558222893e-24 9.892344153600464e-24 5034
5.25 4.314674091764763e-25 1.364455469535779e-24 5714
5.5 3.549764158549763e-26 4.515040666354363e-26 5982
5.75 6.2973047508046e-28 2.789182829144564e-27 6602
6 2.205219525704542e-29 1.113358292984897e-27 7130
6.25 1.31685555878076e-29 6.489387637456554e-28 8034
6.5 5.858472831477247e-30 2.599142895208655e-28 8606
6.75 2.260118050429202e-30 9.579016367198293e-29 9066
7 9.940030053839429e-31 3.677867889658028e-29 9962
7.25 4.236654339052106e-31 1.501158920437607e-29 10550
7.5 1.848833997842839e-31 6.574473748904632e-30 11226
7.75 4.632904728745349e-32 1.780147729291981e-30 12146
8 9.417568301062304e-34 5.120318010784678e-32 12606
8.25 3.1811282281589e-37 1.645632963823072e-35 13802
8.5 1.795938020650343e-37 9.465144546919757e-36 14754
8.75 8.764515576424818e-38 4.464367493389228e-36 15194
9 3.652632967773158e-38 1.771208995541544e-36 16454
9.25 6.226414382308342e-39 4.14684567039367e-37 17154
9.5 5.542497266072258e-40 5.03849749372218e-38 18266
9.75 2.467332919912784e-40 1.925430821686027e-38 18750
10 2.707983774039306e-40 2.096721910469849e-38 20234
10.25 2.939275672217455e-40 2.350151657707457e-38 21450
10.5 3.03214908214721e-40 2.504726430940884e-38 21962
10.75 3.338948178443723e-40 2.804805931029729e-38 23462
11 3.51927752854941e-40 2.995181035375505e-38 24042
11.25 3.78813191323777e-40 3.387224162429359e-38 25946
11.5 3.912743061847007e-40 3.523846382357419e-38 26118
11.75 4.266196271524154e-40 3.963333592387266e-38 27506
12 4.508559684882349e-40 4.244030125280969e-38 28631
12.25 4.378458759280127e-40 4.482711129566122e-38 28596
12.5 4.33068195540685e-40 4.489847365645709e-38 27848
12.75 4.133274060997599e-40 4.505100793410405e-38 26544
13 4.142409576119151e-40 4.584978630526473e-38 26456
13.25 3.989078375760697e-40 4.570065308948229e-38 25284
13.5 3.783088687020045e-40 4.493258504838589e-38 24260
13.75 3.615760510525233e-40 4.490817445992189e-38 23312
14 3.509285468819687e-40 4.451590652239099e-38 22368
14.25 3.465207784217216e-40 4.620574212671032e-38 21872
14.5 3.262715325563744e-40 4.319158575620285e-38 20400
14.75 2.939976354053256e-40 4.169831296566299e-38 19040
15 2.823589047952198e-40 4.065089004240657e-38 18252
15.25 2.541470245794114e-40 3.766476191269235e-38 16760
15.5 2.477487968022627e-40 3.681438461401817e-38 15776
15.75 2.072713232805771e-40 3.174969202379732e-38 13704
16 1.915516605546596e-40 2.979753042458427e-38 13112
16.25 1.609347967440923e-40 2.630874007173965e-38 11652
16.5 1.248420325906576e-40 2.131243160086114e-38 9776
16.75 1.017308521025101e-40 1.780913435168897e-38 8448
17 7.246977081518924e-41 1.306846116409982e-38 7013
17.25 5.246916227672652e-41 1.013755011032511e-38 5546
17.5 4.281103566013389e-41 7.964457586025519e-39 4722
17.75 3.043142585186483e-41 6.102274604345319e-39 3782
18 2.105591172326327e-41 4.525799972777382e-39 3174
18.25 1.617378497923447e-41 3.479825346290374e-39 2582
18.5 1.144566896812982e-41 2.435941182130623e-39 1928
18.75 8.685531037878738e-42 2.03478128476589e-39 1662
19 6.478337764931593e-42 1.4627101116508e-39 1256
19.25 4.010959960849678e-42 9.606816261453648e-40 864
19.5 1.970510613973776e-42 4.962625915057068e-40 428
19.75 1.930906651412979e-42 4.933490539212925e-40 456
20 9.149067279077977e-43 3.226511052499557e-40 248
20.25 3.817610821081946e-43 9.666642621605568e-41 104
20.5 8.659620257578169e-44 2.042506197887167e-41 18
20.75 2.893980371475834e-44 5.455315425802852e-42 7

0.25 6.521849403310017e-16 3.962916549343369e-14 18
0.5 4.095344469334162e-14 3.536910895134525e-12 62
0.75 6.485242667316302e-13 8.432472149271538e-11 98
1 8.724933374276975e-12 1.802754866964493e-09 210
1.25 2.415292289159583e-11 9.430379230904671e-09 350
1.5 8.361030733043474e-12 7.657731988080204e-09 450
1.75 2.671733863394082e-13 1.016416179532603e-09 602
2 3.239783451253423e-16 4.855026213821971e-12 762
2.25 1.345273149037346e-18 3.219930504891102e-16 1142
2.5 1.595443694895756e-18 2.560546516371539e-16 1250
2.75 1.938228835371605e-18 3.243823795559229e-16 1458
3 2.664364873003746e-18 4.181584289444577e-16 1814
3.25 3.468506719888876e-18 5.332882823386697e-16 2178
3.5 4.692843781771864e-18 6.705638967443392e-16 2498
3.75 1.501070355261485e-17 1.593146715806543e-15 2622
4 3.729714333912311e-17 4.537128448725983e-16 3338
4.25 4.035758274901833e-22 1.565429487594148e-20 3722
4.5 4.605604828877272e-23 4.268689533040437e-21 4170
4.75 5.024526193287805e-24 1.110374343034359e-21 4358
5 1.238090026757737e-24 4.704990427464606e-22 5034
5.25 3.445246403145803e-25 1.286299297418052e-22 5714
5.5 5.000760706677279e-26 1.183915921148248e-23 5982
5.75 1.925066420046543e-27 3.380627995956992e-25 6602
6 1.963751913943169e-28 1.066656285035437e-25 7130
6.25 9.264826176282692e-29 4.730797497995025e-26 8034
6.5 3.694171750220484e-29 1.094519332016231e-26 8606
6.75 8.3051012338051e-30 1.396403842569772e-27 9066
7 1.645118394737093e-30 2.562765632125474e-28 9962
7.25 5.361644749666315e-31 9.613085040112549e-29 10550
7.5 2.651983659008974e-31 5.299781757286301e-29 11226
7.75 7.337207326251131e-32 1.810899309056335e-29 12146
8 1.264463274286757e-33 4.915229027961213e-31 12606
8.25 2.389915230589966e-36 3.298920176528572e-34 13802
8.5 1.176703151216832e-36 1.417998424515221e-34 14754
8.75 4.915726522547949e-37 5.789504511881466e-35 15194
9 1.690877269427355e-37 2.134408706535437e-35 16454
9.25 2.982913793544695e-38 4.21201114735112e-36 17154
9.5 2.586168493571962e-39 4.196598860443425e-37 18266
9.75 1.010703999657413e-39 2.001633865232904e-37 18750
10 1.064869806646852e-39 2.176332299183244e-37 20234
10.25 1.143525198448718e-39 2.262478885326005e-37 21450
10.5 1.169309311602999e-39 2.404109006290614e-37 21962
10.75 1.261299971549792e-39 2.628886811577492e-37 23462
11 1.287859445975233e-39 2.818629509941118e-37 24042
11.25 1.404961562338837e-39 3.01466567969574e-37 25946
11.5 1.424901236424247e-39 3.160205566894162e-37 26118
11.75 1.519251608929709e-39 3.426403191863566e-37 27506
12 1.54639847418015e-39 3.528078130682942e-37 28631
12.25 1.460032225044092e-39 3.44644662355309e-37 28596
12.5 1.382571876804379e-39 3.378049731690018e-37 27848
12.75 1.259891530202471e-39 3.154811023618138e-37 26544
13 1.257563924415969e-39 3.162457935163184e-37 26456
13.25 1.169872172698028e-39 2.983616660495267e-37 25284
13.5 1.086859350018006e-39 2.790470740061519e-37 24260
13.75 1.028278210924837e-39 2.687713260018606e-37 23312
14 9.652597142356399e-40 2.632150476463285e-37 22368
14.25 9.213346070804962e-40 2.571062312109095e-37 21872
14.5 8.587668337399888e-40 2.350307112504378e-37 20400
14.75 7.638139098153248e-40 2.181244461634142e-37 19040
15 7.099915025352669e-40 2.035500163924821e-37 18252
15.25 6.199967411867876e-40 1.794189515209892e-37 16760
15.5 5.709015485140891e-40 1.682729449167753e-37 15776
15.75 4.765116263844967e-40 1.409787434542775e-37 13704
16 4.252276125835571e-40 1.255775527849275e-37 13112
16.25 3.649800722905674e-40 1.02769199634591e-37 11652
16.5 2.780426094846686e-40 8.169457473852305e-38 9776
16.75 2.19775206546291e-40 6.461658473743162e-38 8448
17 1.582689309110419e-40 4.674531164255051e-38 7013
17.25 1.163870622710112e-40 3.33622027698127e-38 5546
17.5 8.776217051993726e-41 2.606729790973865e-38 4722
17.75 6.673034520145325e-41 1.784026297747997e-38 3782
18 4.888687924075953e-41 1.281603459124917e-38 3174
18.25 3.808397319439541e-41 9.906090475562905e-39 2582
18.5 2.813747209789376e-41 6.52308918061198e-39 1928
18.75 2.213403764865802e-41 5.077810492802035e-39 1662
19 1.674766530572517e-41 3.831140150931065e-39 1256
19.25 1.116021455594456e-41 2.738446805567586e-39 864
19.5 6.209108120601375e-42 1.268866760588601e-39 428
19.75 5.70609069078611e-42 1.366955613330413e-39 456
20 3.513281271182577e-42 7.128083318343238e-40 248
20.25 1.559809497905759e-42 2.290091893452669e-40 104
20.5 3.225527749213185e-43 5.477011661588418e-41 18
20.75 1.24928970809424e-43 1.339333915858597e-41 7

0.25 4.378022771827089e-15 3.740427538826465e-14 18
0.5 4.837385539694895e-13 5.478818435177056e-12 62
0.75 1.334006807686353e-11 2.024503887436543e-10 98
1 2.926692887396322e-10 6.005838036369814e-09 210
1.25 1.319313978037295e-09 3.896658619278066e-08 350
1.5 7.485183553766702e-10 3.294202242001365e-08 450
1.75 5.35878471371214e-11 3.793944212465237e-09 602
2 6.862257482397204e-14 1.14046944681773e-11 762
2.25 4.774120783065747e-18 1.940291671975039e-16 1142
2.5 3.817150454950733e-18 1.986285132873215e-16 1250
2.75 3.343419118062258e-18 2.450279797505935e-16 1458
3 3.749959592599386e-18 3.054090520709134e-16 1814
3.25 4.701444861143944e-18 3.557499168702827e-16 2178
3.5 6.066072724920884e-18 4.174963721244012e-16 2498
3.75 1.076835173681425e-17 1.490248977856422e-15 2622
4 7.31283336427541e-18 3.306398800036171e-15 3338
4.25 1.4664044595733e-21 1.197856921338475e-19 3722
4.5 4.246264937700444e-22 6.796204809493997e-21 4170
4.75 1.280637755737244e-22 3.348655536559244e-21 4358
5 5.473157665476322e-23 7.884787777500682e-22 5034
5.25 1.409424950387886e-23 1.166083033656636e-22 5714
5.5 1.207427065090808e-24 6.315270888653217e-24 5982
5.75 2.782956204672992e-26 5.358510523170615e-25 6602
6 9.817280127109533e-27 3.079523643546443e-25 7130
6.25 4.534451252245464e-27 2.02265965053587e-25 8034
6.5 8.845543344829617e-28 9.078686853154241e-26 8606
6.75 6.629786104759931e-29 1.942094939167187e-26 9066
7 4.965999170096868e-30 2.798532237539507e-27 9962
7.25 5.377764498036726e-31 1.395343880295696e-28 10550
7.5 1.067190469664201e-31 7.96017933568246e-30 11226
7.75 2.672235839537244e-32 1.75758161165932e-30 12146
8 7.119836980942183e-34 5.479004067072141e-32 12606
8.25 3.542074309700934e-35 2.70964611891783e-33 13802
8.5 1.631500011470445e-35 1.275668908037047e-33 14754
8.75 6.968800877412549e-36 6.506435807272851e-34 15194
9 3.158896129342736e-36 2.579832326166031e-34 16454
9.25 7.010807700358916e-37 3.912847266276574e-35 17154
9.5 6.340932503707533e-38 3.461138470229527e-36 18266
9.75 2.05297976877362e-38 1.660033910494823e-36 18750
10 2.146845107167103e-38 1.75274160545704e-36 20234
10.25 2.290467468107219e-38 1.887372838984802e-36 21450
10.5 2.407919878923717e-38 2.037541861155414e-36 21962
10.75 2.59575583304576e-38 2.284847541090573e-36 23462
11 2.724884275975047e-38 2.370143382140742e-36 24042
11.25 2.997071798940329e-38 2.694313892950058e-36 25946
11.5 3.140249338494988e-38 2.755937008230915e-36 26118
11.75 3.319660617080385e-38 3.031688098014921e-36 27506
12 3.429932550996728e-38 3.255109691989287e-36 28631
12.25 3.377601893436722e-38 3.429860498369869e-36 28596
12.5 3.277596560616101e-38 3.465243600681278e-36 27848
12.75 3.01700659626013e-38 3.405079810507e-36 26544
13 3.09375243895991e-38 3.464429913870567e-36 26456
13.25 2.885045084590408e-38 3.427012893298564e-36 25284
13.5 2.789443967827263e-38 3.445163350316957e-36 24260
13.75 2.702502227196698e-38 3.403399865655479e-36 23312
14 2.651236757376895e-38 3.402000547891087e-36 22368
14.25 2.569345961860972e-38 3.367251693745717e-36 21872
14.5 2.426291874696141e-38 3.283928019234508e-36 20400
14.75 2.27637710842507e-38 3.175573261386889e-36 19040
15 2.202713081382254e-38 3.168900558197846e-36 18252
15.25 2.018105899145212e-38 2.932534533829262e-36 16760
15.5 1.896941974854732e-38 2.804368738181651e-36 15776
15.75 1.607347009511019e-38 2.479949111767712e-36 13704
16 1.507291441201556e-38 2.362327280452686e-36 13112
16.25 1.31808614497947e-38 2.097759648496683e-36 11652
16.5 1.096193261429261e-38 1.726903808065525e-36 9776
16.75 8.862230482909663e-39 1.444125454529978e-36 8448
17 6.377029435971368e-39 1.149140177094908e-36 7013
17.25 4.901573650130672e-39 8.744807857733251e-37 5546
17.5 3.714499624109921e-39 7.349420538057665e-37 4722
17.75 2.939146307446841e-39 5.580408120394473e-37 3782
18 2.338368964061441e-39 4.637132226027365e-37 3174
18.25 1.826989592948137e-39 3.689049728264916e-37 2582
18.5 1.300250361411593e-39 2.383234372018055e-37 1928
18.75 1.022894964885583e-39 2.088130255971169e-37 1662
19 7.541995745877104e-40 1.61006743288036e-37 1256
19.25 5.253844230389542e-40 1.14859738325881e-37 864
19.5 2.338810073411926e-40 5.675972737348431e-38 428
19.75 2.548534974860628e-40 5.950312691756324e-38 456
20 1.520256481311393e-40 2.81364571897418e-38 248
20.25 4.430421646947821e-41 1.209687737412014e-38 104
20.5 1.454074285748959e-41 2.251378208906223e-39 18
20.75 3.714336035445158e-42 8.15936754372115e-40 7

0.25 3.914026362543789e-15 4.647292046586646e-14 18
0.5 6.137392744656185e-13 3.689081728145034e-12 62
0.75 2.362068384366203e-11 4.77262080039519e-11 98
1 6.83619453923392e-10 1.208999245271245e-10 210
1.25 3.871584777402061e-09 5.770653398095332e-09 350
1.5 2.512337760241148e-09 1.996064721396259e-08 450
1.75 1.887162443742552e-10 4.466481171584445e-09 602
2 2.395571611565237e-13 1.890233435108853e-11 762
2.25 1.556362048688619e-15 7.655389929874164e-13 1142
2.5 1.420733741865298e-15 4.921753482562103e-13 1250
2.75 1.167826703310259e-15 3.147956294882046e-13 1458
3 1.049974831336154e-15 2.337650468364258e-13 1814
3.25 7.878988829765983e-16 1.449440150999184e-13 2178
3.5 5.917450469789143e-16 7.541956170997556e-14 2498
3.75 3.336703181926725e-16 2.533388415207808e-14 2622
4 1.778121451623898e-16 8.569927967660248e-15 3338
4.25 3.293817038651485e-17 4.11262906019009e-16 3722
4.5 4.201753027005398e-18 2.582891858265226e-17 4170
4.75 2.239892269100726e-19 1.24380472933077e-18 4358
5 5.689646044177614e-21 2.096490748567794e-19 5034
5.25 9.507142636252288e-23 1.131054935507127e-19 5714
5.5 2.813037070283828e-23 5.583564615356105e-20 5982
5.75 2.216074404862983e-23 2.702720395989616e-20 6602
6 1.64511867087555e-23 9.772460901392012e-21 7130
6.25 9.82103913268921e-24 2.927564846574187e-21 8034
6.5 3.866670032208777e-24 5.687920711004626e-22 8606
6.75 1.016803312506388e-24 7.349357130632346e-23 9066
7 2.105131363253737e-25 8.325966761916398e-24 9962
7.25 3.115960021060777e-26 7.709625594728208e-25 10550
7.5 2.864917188731039e-27 7.049849371104629e-26 11226
7.75 1.559932829721785e-28 1.314567483196554e-26 12146
8 5.579626578075194e-30 5.003517911700744e-27 12606
8.25 6.10817875044998e-31 2.085871135763657e-27 13802
8.5 3.182942000422353e-31 6.689343954831788e-28 14754
8.75 1.827580035678308e-31 1.77380963073876e-28 15194
9 8.232232358840613e-32 3.982481780000062e-29 16454
9.25 2.49043483384927e-32 6.646502091470047e-30 17154
9.5 6.481604138708912e-33 9.73692694585693e-31 18266
9.75 1.281962223511803e-33 1.276188240906473e-31 18750
10 2.325176329792937e-34 1.8725988729626e-32 20234
10.25 2.901794254184577e-35 2.536441628492686e-33 21450
10.5 2.337211358664856e-36 4.313368687509841e-34 21962
10.75 1.878735138658317e-37 1.282713120335029e-34 23462
11 5.560875145136204e-38 4.324961413767161e-35 24042
11.25 5.121802436746793e-38 1.781628214302847e-35 25946
11.5 5.060134929043689e-38 1.042515327818207e-35 26118
11.75 5.392794577794609e-38 9.083202440333902e-36 27506
12 5.60066019268821e-38 9.096524108214436e-36 28631
12.25 5.799514351280445e-38 8.978005967873857e-36 28596
12.5 5.70928663503067e-38 8.788460460399329e-36 27848
12.75 5.394930672441994e-38 8.307110459262622e-36 26544
13 5.422274376957142e-38 8.409734587361253e-36 26456
13.25 5.187618218318257e-38 8.138437056991389e-36 25284
13.5 5.071974828648051e-38 8.024056623972127e-36 24260
13.75 4.943473093121568e-38 7.969966135848085e-36 23312
14 4.873460718302436e-38 7.722400352941103e-36 22368
14.25 4.791495311502396e-38 7.520903899422753e-36 21872
14.5 4.62695298921679e-38 7.317085845766283e-36 20400
14.75 4.35476557127326e-38 6.871734549718944e-36 19040
15 4.196667457867516e-38 6.807644207999837e-36 18252
15.25 3.877587859459313e-38 6.412082238933718e-36 16760
15.5 3.614073000259129e-38 6.038475051233711e-36 15776
15.75 3.132844226986528e-38 5.232394353837531e-36 13704
16 2.912973705498426e-38 5.033940536533201e-36 13112
16.25 2.577799077499125e-38 4.516636955792892e-36 11652
16.5 2.129662998670172e-38 3.775431746133266e-36 9776
16.75 1.699859183590996e-38 3.206209375792339e-36 8448
17 1.284970426958135e-38 2.440405379857755e-36 7013
17.25 9.488491282166124e-39 2.067937004188211e-36 5546
17.5 7.410242304376627e-39 1.595123330064207e-36 4722
17.75 5.8297057966757e-39 1.284030226903192e-36 3782
18 4.636205086192053e-39 1.060106212354996e-36 3174
18.25 3.574994974717044e-39 8.630619996583343e-37 2582
18.5 2.428983160217605e-39 6.443542833591314e-37 1928
18.75 1.950111151555223e-39 5.016246062742122e-37 1662
19 1.403902022428438e-39 3.786287555803028e-37 1256
19.25 1.014575377959723e-39 2.577381880516681e-37 864
19.5 4.857669138467129e-40 1.366896352198854e-37 428
19.75 4.86519181136377e-40 1.566334077702324e-37 456
20 2.886180398170173e-40 7.318483006459812e-38 248
20.25 9.584257020754106e-41 3.213415276319856e-38 104
20.5 1.857390295466984e-41 7.158289256287556e-39 18
20.75 6.111856265992562e-42 1.765297538988851e-39 7

0.25 7.410974908964593e-15 1.110454805294633e-12 18
0.5 2.76034137553232e-13 1.678847294770767e-10 62
0.75 2.211472905664424e-11 9.240900004541921e-09 98
1 1.353978282509901e-09 3.406880780991059e-07 210
1.25 1.474241737262803e-08 2.145488445033583e-06 350
1.5 1.479926701037975e-08 1.280492933610641e-06 450
1.75 1.455127901879637e-09 7.129228727656284e-08 602
2 2.172810622409311e-12 5.028279906401333e-11 762
2.25 3.044169478208306e-14 1.385392347348027e-11 1142
2.5 2.141378035017832e-14 8.920953118512854e-12 1250
2.75 5.60698881145772e-14 4.053437769684942e-12 1458
3 8.515850077884864e-14 1.367228329311565e-12 1814
3.25 7.589851266845877e-14 6.196387107342945e-13 2178
3.5 3.995451379378559e-14 6.652823768649507e-13 2498
3.75 8.156042780010599e-15 2.431054304442131e-13 2622
4 4.868977751989287e-16 3.376796107445318e-14 3338
4.25 1.461736184146273e-16 3.156607419156326e-14 3722
4.5 5.555997855302747e-17 8.165119402848622e-15 4170
4.75 4.863357370853748e-18 4.591934964421043e-16 4358
5 4.226910830408586e-19 3.751173872205817e-17 5034
5.25 3.438903664748553e-19 2.282181167848415e-17 5714
5.5 2.801592985991227e-19 1.856784762026554e-17 5982
5.75 1.733116764991834e-19 1.591364112598049e-17 6602
6 6.640915314310036e-20 1.010835272964731e-17 7130
6.25 1.761471740162328e-20 4.37620670741709e-18 8034
6.5 3.014398208174259e-21 1.013014481340547e-18 8606
6.75 4.852888697372991e-22 1.214341818573661e-19 9066
7 1.03361281762391e-22 7.574795771133867e-21 9962
7.25 1.880074549546988e-23 4.837103605264341e-22 10550
7.5 2.076413649662837e-24 2.069154755226573e-22 11226
7.75 2.647677705972622e-25 6.623133779761099e-23 12146
8 1.351179351687129e-25 1.33738817144097e-23 12606
8.25 7.034606990774481e-26 1.652966649989619e-24 13802
8.5 2.041463136781436e-26 1.468551941059154e-24 14754
8.75 3.509015192756952e-27 1.315258491590971e-24 15194
9 4.561173470607297e-28 6.282919844018561e-25 16454
9.25 5.819873114197286e-29 1.778988203043825e-25 17154
9.5 1.102209664932514e-29 4.373559004050826e-26 18266
9.75 2.518293043689961e-30 9.325546955570731e-27 18750
10 8.739089883802193e-31 2.582210967775427e-27 20234
10.25 5.167496639578014e-31 8.089075029106359e-28 21450
10.5 3.083529872630631e-31 2.447885060874358e-28 21962
10.75 1.448322613120728e-31 6.631566682379142e-29 23462
11 4.6521663076957e-32 1.272749970482904e-29 24042
11.25 1.117961545757257e-32 1.946097586854801e-30 25946
11.5 2.002104751106304e-33 2.390625397780318e-31 26118
11.75 3.078206175283786e-34 2.691928713936995e-32 27506
12 4.966000159134862e-35 4.251611831730893e-33 28631
12.25 1.24165600087229e-35 1.61806577429533e-33 28596
12.5 4.601718191278267e-36 1.10233076586809e-33 27848
12.75 1.894396911279077e-36 6.711184421482792e-34 26544
13 1.303571459196787e-36 3.87244480302767e-34 26456
13.25 1.156215774635356e-36 2.3886871589142e-34 25284
13.5 1.097373862779542e-36 1.884552232520087e-34 24260
13.75 1.040993458591179e-36 1.774879759372428e-34 23312
14 1.015310487692634e-36 1.738546830331039e-34 22368
14.25 1.003134360536044e-36 1.758324781423788e-34 21872
14.5 9.353322906096952e-37 1.638130714715755e-34 20400
14.75 9.03184780613979e-37 1.587752065471931e-34 19040
15 8.819145591084706e-37 1.586349149805131e-34 18252
15.25 7.970673577156124e-37 1.456109139967318e-34 16760
15.5 7.848630967372788e-37 1.423137011380737e-34 15776
15.75 6.488726922078993e-37 1.197943535432528e-34 13704
16 6.270632584818535e-37 1.195870598236912e-34 13112
16.25 5.433867098187415e-37 1.036797977644187e-34 11652
16.5 4.40367440167756e-37 8.477407619801901e-35 9776
16.75 3.692021091773337e-37 6.938472665862142e-35 8448
17 2.788244337803065e-37 5.559164437512358e-35 7013
17.25 2.100960665535374e-37 4.156568041777569e-35 5546
17.5 1.645648817776878e-37 3.408285101183871e-35 4722
17.75 1.238665308750108e-37 2.57822395192635e-35 3782
18 1.007400621089514e-37 2.07830713667923e-35 3174
18.25 8.143283283787615e-38 1.630366945353191e-35 2582
18.5 5.88117501315214e-38 1.147327940384107e-35 1928
18.75 4.52452847382959e-38 9.993188770392421e-36 1662
19 3.591867268794628e-38 7.063010966134117e-36 1256
19.25 2.374823274363602e-38 4.613301603906009e-36 864
19.5 1.171952599704533e-38 2.621101222677074e-36 428
19.75 1.177566045074893e-38 2.868230009564651e-36 456
20 6.646892370751307e-39 1.423654533783594e-36 248
20.25 2.227124240092435e-39 5.546546603874437e-37 104
20.5 5.946087482704403e-40 1.408469427953831e-37 18
20.75 6.615903300687172e-41 3.163860849520733e-38 7

0.25 5.897734697813302e-12 1.767558459967305e-11 18
0.5 5.074566769739466e-11 4.827287937610809e-10 62
0.75 9.486934126892926e-11 2.55068240562868e-08 98
1 4.877147864594311e-10 1.205507442501381e-06 210
1.25 1.049404005914491e-08 9.394694954717505e-06 350
1.5 1.999926524392732e-08 6.204095426319404e-06 450
1.75 3.334892611537164e-09 3.46933283196771e-07 602
2 5.744350440945695e-10 4.562246588072901e-09 762
2.25 5.318846708215253e-10 7.18397517493674e-09 1142
2.5 3.269442059853619e-10 7.372437433970278e-09 1250
2.75 1.995531287566808e-10 6.491437818413474e-09 1458
3 1.360523171693847e-10 6.176621001310561e-09 1814
3.25 7.774227145915791e-11 4.871342113272697e-09 2178
3.5 3.792541990917473e-11 3.770699143604984e-09 2498
3.75 1.139921314140953e-11 2.170409139113597e-09 2622
4 3.163050296944899e-12 9.799915069901062e-10 3338
4.25 1.038447148751435e-12 2.132838245580048e-10 3722
4.5 6.376424864440826e-13 2.60552788719373e-11 4170
4.75 3.775717475286961e-13 1.76515009674314e-12 4358
5 2.340069852885677e-13 9.5873765426172e-13 5034
5.25 1.327923143841514e-13 1.177282539084434e-12 5714
5.5 6.096897939522273e-14 1.033355654998155e-12 5982
5.75 2.684810043958542e-14 8.051082983189622e-13 6602
6 9.896501071474766e-15 4.969980051258628e-13 7130
6.25 3.40743706795004e-15 2.494018507048258e-13 8034
6.5 1.074328455603848e-15 8.517744962039501e-14 8606
6.75 4.200940357679277e-16 2.120776111597339e-14 9066
7 2.354290958263465e-16 4.694816070608102e-15 9962
7.25 1.30679163535509e-16 1.007266572176452e-15 10550
7.5 6.554044054684817e-17 3.386794548572544e-16 11226
7.75 3.153681882862326e-17 2.287618942801178e-16 12146
8 1.36934218728222e-17 1.653966721175886e-16 12606
8.25 5.575850906467908e-18 1.150657060105156e-16 13802
8.5 2.020359417118192e-18 5.992315190235703e-17 14754
8.75 7.296712140154043e-19 2.694559527724897e-17 15194
9 2.93444576810126e-19 1.040052784298776e-17 16454
9.25 1.27052537658534e-19 3.464874317958367e-18 17154
9.5 6.402788714711588e-20 1.243387426217606e-18 18266
9.75 3.167442671028323e-20 4.686357504959886e-19 18750
10 1.477680573208952e-20 1.908225612074416e-19 20234
10.25 6.587312461548611e-21 8.952660551461883e-20 21450
10.5 2.831044946889596e-21 4.742981000699571e-20 21962
10.75 1.139453937089024e-21 2.48197873330785e-20 23462
11 4.324556030481895e-22 1.207388516225329e-20 24042
11.25 1.786413009781434e-22 6.257066937080677e-21 25946
11.5 7.393977214374475e-23 2.778893482065219e-21 26118
11.75 3.310367621804657e-23 1.242611403211757e-21 27506
12 1.662294373649685e-23 6.097733699076066e-22 28631
12.25 7.615865339723449e-24 2.60756938555035e-22 28596
12.5 3.000254249509831e-24 8.65780138083368e-23 27848
12.75 1.19339252256812e-24 3.272911345773737e-23 26544
13 4.838214300762434e-25 1.342548694766339e-23 26456
13.25 1.681856770421116e-25 5.19606040366234e-24 25284
13.5 5.753188913678569e-26 2.059047164948071e-24 24260
13.75 2.197194700925843e-26 8.612219689316266e-25 23312
14 8.810973766280893e-27 3.390115067920609e-25 22368
14.25 3.726332318636482e-27 1.331538702116975e-25 21872
14.5 1.486432868593686e-27 4.812721158676622e-26 20400
14.75 5.733459394366894e-28 1.698977446670041e-26 19040
15 2.121167744267051e-28 6.335443034445745e-27 18252
15.25 7.402431629053285e-29 2.411941110585593e-27 16760
15.5 2.646007147820841e-29 1.065455897290354e-27 15776
15.75 9.010205171003534e-30 4.10173639205314e-28 13704
16 3.619278237323575e-30 1.783492390884581e-28 13112
16.25 1.319155939163719e-30 6.547095723691273e-29 11652
16.5 4.83099455407426e-31 2.430232207708424e-29 9776
16.75 1.868893709378156e-31 9.342357745972128e-30 8448
17 5.45910774265808e-32 2.632034152968786e-30 7013
17.25 1.396797960135427e-32 6.769362177628776e-31 5546
17.5 4.498749574392307e-33 2.061821889133847e-31 4722
17.75 1.291566124607085e-33 6.142126069075619e-32 3782
18 4.10130881819885e-34 2.011451186929794e-32 3174
18.25 1.329171346991017e-34 6.714343883228503e-33 2582
18.5 3.867566693162429e-35 1.989557042235822e-33 1928
18.75 1.22679233454469e-35 6.399245416981302e-34 1662
19 3.691735386087516e-36 2.1318548999951e-34 1256
19.25 1.089172304001656e-36 7.253288993331471e-35 864
19.5 3.149003320930682e-37 2.479821594799991e-35 428
19.75 1.374875645166407e-37 1.528727654611592e-35 456
20 5.198999932080527e-38 5.830878043716151e-36 248
20.25 1.385843661123722e-38 2.260558807540518e-36 104
20.5 3.63827477871677e-39 3.379100817709516e-37 18
20.75 6.867442881670868e-40 6.27752168325446e-38 7

0.25 3.754490743146721e-10 1.206218791084575e-08 18
0.5 2.087492085805773e-09 7.766156549758421e-08 62
0.75 4.265231411878102e-09 1.875024873566961e-07 98
1 3.008192555093672e-08 8.581863002520482e-07 210
1.25 3.239911570838703e-07 9.839403589886427e-06 350
1.5 3.120544880763963e-07 1.619183940751428e-05 450
1.75 2.421317866587093e-08 3.223791250327794e-06 602
2 8.721911977573425e-10 1.062068331864389e-06 762
2.25 1.037158133706589e-09 6.980321077573054e-07 1142
2.5 1.967811518018415e-09 2.297274731616679e-07 1250
2.75 2.174003840877323e-09 6.870061723894487e-08 1458
3 1.948827733987846e-09 3.392140114642468e-08 1814
3.25 1.436621520988836e-09 3.606626042183627e-08 2178
3.5 1.312318454404548e-09 2.72050947911828e-08 2498
3.75 1.181629492769103e-09 1.235285721332862e-08 2622
4 1.07688927474102e-09 1.104521317855265e-08 3338
4.25 4.365759620782869e-10 1.186050636580994e-08 3722
4.5 1.338768991630053e-10 1.131169089048276e-08 4170
4.75 3.530458229807273e-11 7.87549581650479e-09 4358
5 1.047552352886582e-11 4.76965569166521e-09 5034
5.25 5.07628462883429e-12 2.337437229190223e-09 5714
5.5 4.921192984106224e-12 9.175383249242219e-10 5982
5.75 4.686856429690745e-12 3.865473884495157e-10 6602
6 3.827472143093977e-12 1.731839603728784e-10 7130
6.25 2.995540553867458e-12 1.059775051946029e-10 8034
6.5 1.953823131307224e-12 1.028849951073657e-10 8606
6.75 1.008022311810904e-12 1.118895461287422e-10 9066
7 4.562059472866017e-13 1.181421142253086e-10 9962
7.25 1.48737599875193e-13 1.023726987909338e-10 10550
7.5 4.575632162592054e-14 7.121480019023784e-11 11226
7.75 3.457758149896117e-14 4.349461221432709e-11 12146
8 3.846180605489033e-14 2.234551745080488e-11 12606
8.25 4.001083100042018e-14 1.043500662578643e-11 13802
8.5 3.424628753370174e-14 4.193917095254667e-12 14754
8.75 2.561493592277998e-14 1.392203304421158e-12 15194
9 1.798017403349471e-14 3.980434857972764e-13 16454
9.25 1.005271570461641e-14 2.423393931519319e-13 17154
9.5 5.226457994679607e-15 2.932225655236731e-13 18266
9.75 2.267577887686528e-15 3.042670773787317e-13 18750
10 8.208972149165243e-16 2.670186197701564e-13 20234
10.25 2.545928229967007e-16 1.866592502782882e-13 21450
10.5 9.91099884280447e-17 1.158267353204486e-13 21962
10.75 7.387097662342685e-17 6.394276280912066e-14 23462
11 7.632084143145985e-17 2.888284696413292e-14 24042
11.25 7.308172099757578e-17 1.218210328371068e-14 25946
11.5 5.53755160784696e-17 4.099550812756265e-15 26118
11.75 3.802090364882855e-17 1.585349801239327e-15 27506
12 2.388485957596615e-17 1.093658424373794e-15 28631
12.25 1.211761187313666e-17 1.077686917702507e-15 28596
12.5 4.867674548994404e-18 9.870582194828946e-16 27848
12.75 1.73323108812923e-18 7.702880529281164e-16 26544
13 5.936037301147846e-19 5.409304617751751e-16 26456
13.25 2.164293758892101e-19 3.075681231689946e-16 25284
13.5 1.537270256997167e-19 1.505249564408903e-16 24260
13.75 1.419928086641024e-19 6.429025798191629e-17 23312
14 1.19233099564963e-19 2.307670123502366e-17 22368
14.25 8.553417637277506e-20 7.390821220768825e-18 21872
14.5 5.046428641306431e-20 2.92356977641037e-18 20400
14.75 2.597356069278619e-20 2.216582096708074e-18 19040
15 1.182841197946053e-20 2.187573334773824e-18 18252
15.25 4.304075748246425e-21 1.77100373976083e-18 16760
15.5 1.400407885806015e-21 1.226892196799451e-18 15776
15.75 4.047185666232937e-22 7.05085590509247e-19 13704
16 2.017023624950639e-22 3.746127265022372e-19 13112
16.25 1.635231419899132e-22 1.572201557775207e-19 11652
16.5 1.309070759133644e-22 5.464831786811755e-20 9776
16.75 9.507759370896791e-23 1.6805036868594e-20 8448
17 5.714930563309502e-23 4.427451323759678e-21 7013
17.25 2.684184498740531e-23 1.996995809128564e-21 5546
17.5 1.121638479812058e-23 1.741335216660344e-21 4722
17.75 4.041551934570974e-24 1.43601530448119e-21 3782
18 1.190262916151485e-24 9.871022869383147e-22 3174
18.25 2.900194267710924e-25 5.26838131629459e-22 2582
18.5 7.283995984209223e-26 2.284091938828489e-22 1928
18.75 4.426869078818642e-26 9.452949877767958e-23 1662
19 3.391172589689472e-26 2.76906562129126e-23 1256
19.25 1.948457181015671e-26 6.412185708652354e-24 864
19.5 7.6521679910012e-27 1.442642285753367e-24 428
19.75 4.775847541362075e-27 1.052179549782373e-24 456
20 1.176846809724245e-27 7.286927847139129e-25 248
20.25 2.109811836609858e-28 3.722490445318336e-25 104
20.5 2.005339575600499e-29 8.570720407666609e-26 18
20.75 1.018150217397436e-29 1.857961860903556e-26 7

0.25 2.523286048442732e-10 9.010140127648579e-09 18
0.5 2.123377460500691e-09 5.8578790083867e-08 62
0.75 6.549282825483735e-09 1.604514130248052e-07 98
1 2.171886529869067e-08 5.759340587295007e-07 210
1.25 1.06858169861582e-07 5.292273641349246e-06 350
1.5 3.273011137620924e-07 5.692027943989784e-06 450
1.75 1.427427173731013e-07 5.601512970442996e-07 602
2 7.841078709924364e-08 6.418209821444322e-07 762
2.25 3.902968958678016e-08 1.611954251687372e-06 1142
2.5 7.157199883276211e-09 1.555262757281778e-06 1250
2.75 4.527915916174808e-09 9.538218078446429e-07 1458
3 6.043468490814945e-09 4.902372498124914e-07 1814
3.25 4.418104428486633e-09 2.377468769236548e-07 2178
3.5 4.179447325436394e-09 1.289074272346482e-07 2498
3.75 3.286150414587762e-09 5.150091693384631e-08 2622
4 2.655140322050411e-09 3.821028819626928e-08 3338
4.25 1.045934903569942e-09 2.73157507037695e-08 3722
4.5 5.433847016839871e-10 2.148993675378262e-08 4170
4.75 4.082497877225643e-10 1.463463260078056e-08 4358
5 3.811064416805433e-10 1.275282796405449e-08 5034
5.25 3.198665507254078e-10 1.111118659060705e-08 5714
5.5 2.04889950957796e-10 9.501361219526782e-09 5982
5.75 1.246700005976901e-10 7.967248956631525e-09 6602
6 8.015204528334481e-11 5.610737428593935e-09 7130
6.25 5.458815928356865e-11 3.827777878727202e-09 8034
6.5 3.585352097552607e-11 2.595493170017606e-09 8606
6.75 2.243323507792754e-11 1.941215489535221e-09 9066
7 1.538223410026498e-11 1.485304603134487e-09 9962
7.25 1.141391890814553e-11 1.143574566597224e-09 10550
7.5 8.945673620647513e-12 8.546070689441225e-10 11226
7.75 6.805826470764098e-12 6.587310917439973e-10 12146
8 4.952814176538416e-12 4.913173476098719e-10 12606
8.25 3.843067000811505e-12 3.892863235608566e-10 13802
8.5 2.807217412499724e-12 3.017479548214254e-10 14754
8.75 1.912789157456013e-12 2.283097236211999e-10 15194
9 1.432986958755938e-12 1.822066595482616e-10 16454
9.25 1.010352371136073e-12 1.413978398630822e-10 17154
9.5 7.20624002180952e-13 1.113203763664294e-10 18266
9.75 5.188003040823457e-13 8.557674352336652e-11 18750
10 4.001226653827972e-13 6.890507176846226e-11 20234
10.25 2.97236738831401e-13 5.352760972903648e-11 21450
10.5 2.169774736657648e-13 4.031206401903751e-11 21962
10.75 1.676855124211134e-13 3.125534847043594e-11 23462
11 1.198369021646202e-13 2.330462119839699e-11 24042
11.25 9.086785341790135e-14 1.793411569771526e-11 25946
11.5 6.372846896342147e-14 1.307242663873014e-11 26118
11.75 4.640570788635561e-14 9.992849059996582e-12 27506
12 3.358514125558589e-14 7.579525318102685e-12 28631
12.25 2.350434144852442e-14 5.307551042137575e-12 28596
12.5 1.584366199765626e-14 3.487571327217318e-12 27848
12.75 1.055334635285861e-14 2.276788151863632e-12 26544
13 7.394032181024507e-15 1.564723141028856e-12 26456
13.25 4.923505153130974e-15 1.012559692100225e-12 25284
13.5 3.293112260420038e-15 6.693387146933114e-13 24260
13.75 2.230698084450879e-15 4.499165222221556e-13 23312
14 1.500130882168946e-15 2.973284077436967e-13 22368
14.25 1.017318161602998e-15 1.999226826909391e-13 21872
14.5 6.514988289312783e-16 1.28794631949708e-13 20400
14.75 4.222722058609873e-16 8.396265226734589e-14 19040
15 2.777964533195308e-16 5.557091643576478e-14 18252
15.25 1.742372427898328e-16 3.527468347732537e-14 16760
15.5 1.114443420110545e-16 2.371399719737226e-14 15776
15.75 6.60327771762709e-17 1.410943423690673e-14 13704
16 4.283995239191889e-17 9.58914993808516e-15 13112
16.25 2.557939765326033e-17 5.825692480671081e-15 11652
16.5 1.435984424713034e-17 3.409305078588782e-15 9776
16.75 8.428208247849569e-18 2.075907061302394e-15 8448
17 4.549251652743876e-18 1.046250005934608e-15 7013
17.25 2.35138233865047e-18 5.037873335696046e-16 5546
17.5 1.308114079083746e-18 2.76267285817649e-16 4722
17.75 6.808037859949959e-19 1.430461361048731e-16 3782
18 3.721181450748406e-19 8.016640302872851e-17 3174
18.25 1.937865183064679e-19 4.471995814946277e-17 2582
18.5 9.521844785779224e-20 2.297917473686919e-17 1928
18.75 5.228017929120046e-20 1.283309065400469e-17 1662
19 2.400488334421836e-20 6.188741914239916e-18 1256
19.25 1.023078392948031e-20 2.796553822992784e-18 864
19.5 3.551906594148206e-21 1.070722914695792e-18 428
19.75 2.518386234391643e-21 7.175811172639228e-19 456
20 8.923976199846485e-22 2.391587768467507e-19 248
20.25 2.5468215629101e-22 5.594312789568958e-20 104
20.5 3.437710893512728e-23 6.318026072582888e-21 18
20.75 1.331529078348392e-23 2.195231673358397e-21 7

0.25 2.215601736216667e-10 2.793128448760058e-08 18
0.5 1.622766596524209e-09 2.073631026052606e-07 62
0.75 3.526201969411358e-09 4.086740311071837e-07 98
1 1.371338317177726e-08 1.154700624402165e-06 210
1.25 5.132636758418978e-08 2.759057074463607e-06 350
1.5 1.018489511012274e-07 8.394049609837496e-06 450
1.75 2.139367343174717e-07 6.994209729240329e-06 602
2 2.259588888093929e-07 2.856286268097743e-06 762
2.25 1.172465747724185e-07 1.959966219714827e-06 1142
2.5 1.594417097486242e-08 2.418223673139493e-06 1250
2.75 1.444237241668589e-08 2.0401196830464e-06 1458
3 9.471904848402265e-09 2.026740252669141e-06 1814
3.25 5.907085134565583e-09 1.594206084039008e-06 2178
3.5 4.862476474851046e-09 1.121756904108011e-06 2498
3.75 3.657666380591304e-09 8.095343542214258e-07 2622
4 2.968213417895214e-09 7.931545277165506e-07 3338
4.25 2.168895630879874e-09 5.343409295296648e-07 3722
4.5 1.645537776044124e-09 3.850105647830008e-07 4170
4.75 1.11108550377562e-09 2.33213882553279e-07 4358
5 8.29648539887901e-10 1.418291488089109e-07 5034
5.25 6.442387652168474e-10 1.008914360540657e-07 5714
5.5 4.769519290753246e-10 7.625160730764406e-08 5982
5.75 3.018602425939716e-10 6.783767299476964e-08 6602
6 2.416581514097495e-10 4.954200931079787e-08 7130
6.25 2.38196114752942e-10 3.003440054002152e-08 8034
6.5 2.08950888608162e-10 1.868740870281124e-08 8606
6.75 1.739828285423081e-10 1.25162964800752e-08 9066
7 1.428272705930881e-10 9.512269685491604e-09 9962
7.25 1.175999634723734e-10 8.039889885593903e-09 10550
7.5 9.566592765475106e-11 6.680460025811597e-09 11226
7.75 8.194392914157482e-11 5.819922149718746e-09 12146
8 6.477726520201105e-11 5.134185483004881e-09 12606
8.25 5.786732073758806e-11 4.757506581011553e-09 13802
8.5 4.901555243488774e-11 4.19040123051401e-09 14754
8.75 4.197505242546134e-11 3.705481783272301e-09 15194
9 3.567438328632131e-11 3.411508835020033e-09 16454
9.25 3.191470872524433e-11 3.107036479608606e-09 17154
9.5 2.802326426224495e-11 2.864247961625652e-09 18266
9.75 2.389340112225084e-11 2.628307731408459e-09 18750
10 2.202595368437547e-11 2.577497276131635e-09 20234
10.25 1.967202773438347e-11 2.430257627187476e-09 21450
10.5 1.760023191484446e-11 2.297186497121898e-09 21962
10.75 1.604741140493069e-11 2.176227058494687e-09 23462
11 1.495006425739562e-11 2.046797876466423e-09 24042
11.25 1.437167384882468e-11 1.944876867144215e-09 25946
11.5 1.32969548905385e-11 1.804670892094049e-09 26118
11.75 1.315493666390994e-11 1.702568316145589e-09 27506
12 1.12405632815169e-11 1.560906400795903e-09 28631
12.25 8.03983508312422e-12 1.236758785339752e-09 28596
12.5 6.205087250058233e-12 8.448362189086499e-10 27848
12.75 5.240140114319371e-12 5.757122444321461e-10 26544
13 4.442007395637606e-12 4.879024616547977e-10 26456
13.25 3.231819575362918e-12 4.566578226301769e-10 25284
13.5 2.281244639315975e-12 4.515388325107583e-10 24260
13.75 1.614429743872666e-12 4.371871070294665e-10 23312
14 1.150511593172078e-12 4.045887835822625e-10 22368
14.25 8.743487476509678e-13 3.634430881402378e-10 21872
14.5 7.026515992260801e-13 3.023237995155626e-10 20400
14.75 5.904976960457612e-13 2.403181502140382e-10 19040
15 5.588963724400975e-13 1.869542782565539e-10 18252
15.25 5.019682595353407e-13 1.361869046234903e-10 16760
15.5 4.662678271996868e-13 1.051984675989235e-10 15776
15.75 3.951432302009291e-13 7.03557899792011e-11 13704
16 3.594354221672978e-13 5.599134913568501e-11 13112
16.25 2.871483211530353e-13 4.218788224822398e-11 11652
16.5 2.20314532189375e-13 3.261391501704962e-11 9776
16.75 1.600172243885835e-13 2.739372734113666e-11 8448
17 1.07343156095067e-13 2.226740484693234e-11 7013
17.25 6.35523431163461e-14 1.766286507520861e-11 5546
17.5 4.157388584658053e-14 1.519649580449989e-11 4722
17.75 2.323361578138905e-14 1.211050888417301e-11 3782
18 1.460843364634203e-14 9.191499431449689e-12 3174
18.25 9.850442146404438e-15 6.967981462122875e-12 2582
18.5 5.811108876178042e-15 4.30510244913952e-12 1928
18.75 4.694416853628635e-15 3.159598803189918e-12 1662
19 3.374900542719136e-15 1.810256164015035e-12 1256
19.25 2.178893353988863e-15 9.95273172918888e-13 864
19.5 1.077683525194699e-15 3.848686785870955e-13 428
19.75 1.057018293483329e-15 3.503433638193876e-13 456
20 5.18632370093933e-16 1.221073672596942e-13 248
20.25 2.489445620513576e-16 4.43281324345968e-14 104
20.5 2.747541808732657e-17 5.203826417000607e-15 18
20.75 1.514164491201112e-17 2.801999948828096e-15 7

0.25 1.884569936510121e-09 1.987825096033991e-08 18
0.5 7.951831790648981e-09 1.205147394430824e-07 62
0.75 1.996939430483487e-08 2.06692911168087e-07 98
1 5.627164676969394e-08 5.102938420319195e-07 210
1.25 1.333268768363545e-07 8.046418203888768e-07 350
1.5 2.485169881195381e-07 1.123474739376317e-06 450
1.75 4.590392735719951e-07 1.360253271198825e-06 602
2 4.076684010712118e-07 2.909405774472051e-06 762
2.25 1.367516411344733e-07 4.646027140232745e-06 1142
2.5 6.89076669145072e-08 2.739002895027371e-06 1250
2.75 7.352483279854009e-08 2.245273195001501e-06 1458
3 7.877125971874034e-08 1.500808962975996e-06 1814
3.25 6.578411873849239e-08 1.02091660071588e-06 2178
3.5 5.49700251455949e-08 8.504688853359798e-07 2498
3.75 4.098575737298181e-08 7.152094765767403e-07 2622
4 3.962804925857699e-08 7.225139056182058e-07 3338
4.25 3.364197140386159e-08 6.446279503323463e-07 3722
4.5 2.898038271118505e-08 5.846487263956491e-07 4170
4.75 2.519881091189997e-08 4.942089431044404e-07 4358
5 2.367372173141814e-08 4.66741046715585e-07 5034
5.25 2.178085207894361e-08 4.89893987055431e-07 5714
5.5 1.758529631978643e-08 4.901098635877284e-07 5982
5.75 1.661433065680679e-08 5.307578736754729e-07 6602
6 1.405501302503491e-08 5.279176717470805e-07 7130
6.25 1.35539591911859e-08 5.309610950088373e-07 8034
6.5 1.195486074645119e-08 5.087473495607823e-07 8606
6.75 1.038220185494089e-08 4.779803878373942e-07 9066
7 9.417458178038608e-09 4.728910832594361e-07 9962
7.25 8.302556913665526e-09 4.538960261251501e-07 10550
7.5 7.534138233226523e-09 4.287549416695965e-07 11226
7.75 6.598682455760029e-09 4.157555927885994e-07 12146
8 5.539371223832793e-09 3.831823498558343e-07 12606
8.25 5.130571227857343e-09 3.542010575164213e-07 13802
8.5 4.536815771412763e-09 3.303358168477342e-07 14754
8.75 3.75117291721589e-09 2.96924400560345e-07 15194
9 3.282890887095419e-09 2.716806809711575e-07 16454
9.25 2.848702820653692e-09 2.358207136913154e-07 17154
9.5 2.575910283992802e-09 2.0968073746222e-07 18266
9.75 2.171000117619007e-09 1.778503543821375e-07 18750
10 1.906220977657926e-09 1.595801566251703e-07 20234
10.25 1.74730754413085e-09 1.349741930389619e-07 21450
10.5 1.521780350203324e-09 1.130543497355555e-07 21962
10.75 1.370370312404003e-09 9.938397271760385e-08 23462
11 1.212580463596913e-09 8.371299451003505e-08 24042
11.25 1.160121583398691e-09 7.405504894625081e-08 25946
11.5 1.059815236499243e-09 6.275135505768519e-08 26118
11.75 9.982343496662383e-10 5.646973264328385e-08 27506
12 9.195565980518277e-10 4.912600650310191e-08 28631
12.25 7.238943760907969e-10 4.01013760871235e-08 28596
12.5 5.091327815616338e-10 3.173353503490362e-08 27848
12.75 3.600227849267864e-10 2.478644507680299e-08 26544
13 2.646801023037614e-10 2.052004127579411e-08 26456
13.25 1.852085131725586e-10 1.623681478873865e-08 25284
13.5 1.312381675077831e-10 1.296289539759468e-08 24260
13.75 9.474159679476054e-11 1.041934820197007e-08 23312
14 7.110789812661296e-11 8.354694218751668e-09 22368
14.25 5.281208183850995e-11 6.740442988912995e-09 21872
14.5 3.805390345418395e-11 5.224994479614824e-09 20400
14.75 2.89154095483038e-11 4.076507941058917e-09 19040
15 2.169233214439564e-11 3.217185596104003e-09 18252
15.25 1.604546810699303e-11 2.498439114157001e-09 16760
15.5 1.275060975970958e-11 1.989370229755468e-09 15776
15.75 9.020957468382965e-12 1.465725403744961e-09 13704
16 7.347483159330413e-12 1.213850227868249e-09 13112
16.25 5.338235342384314e-12 8.934127898980256e-10 11652
16.5 3.769422006581926e-12 6.348124237318561e-10 9776
16.75 2.773251162742843e-12 4.480525950948151e-10 8448
17 1.770520688193302e-12 2.624618696459203e-10 7013
17.25 1.164755345464137e-12 1.563434819844869e-10 5546
17.5 9.100719277871298e-13 1.097285653441319e-10 4722
17.75 6.939855623471641e-13 7.61269073721835e-11 3782
18 5.978343436298254e-13 7.114706337144938e-11 3174
18.25 5.115397535763295e-13 6.486838244008379e-11 2582
18.5 4.009346304060994e-13 5.303099088930836e-11 1928
18.75 3.704341698305354e-13 5.726085703522257e-11 1662
19 2.999724754765688e-13 5.092929603145816e-11 1256
19.25 2.248934655713091e-13 4.093633297387722e-11 864
19.5 1.150960896157545e-13 2.327228423514079e-11 428
19.75 1.332066934269876e-13 2.678971119168278e-11 456
20 7.358167101512756e-14 1.626424657844828e-11 248
20.25 3.312504808760683e-14 7.784908784571957e-12 104
20.5 4.489600120066444e-15 1.058414078442474e-12 18
20.75 2.014443823099994e-15 6.631268511539457e-13 7

0.25 1.803317412726048e-09 1.490419575405208e-07 18
0.5 8.082449470169614e-09 5.620551826517575e-07 62
0.75 1.086683340767578e-08 1.069551465988142e-06 98
1 2.002845865656967e-08 2.419300022777176e-06 210
1.25 2.881073240477785e-08 4.780812585134837e-06 350
1.5 3.645374863465125e-08 7.751989470234155e-06 450
1.75 5.184313252156373e-08 9.797003021496268e-06 602
2 7.191473346106899e-08 1.912235772050536e-05 762
2.25 6.509746245242785e-08 2.59449188051311e-05 1142
2.5 7.295134625952506e-08 1.218465612036521e-05 1250
2.75 8.766918924585159e-08 6.302408215650864e-06 1458
3 7.454716205803815e-08 4.9995164063228e-06 1814
3.25 6.836979052037553e-08 4.973115943567075e-06 2178
3.5 5.933645836681374e-08 4.678889771176076e-06 2498
3.75 4.9497244746596e-08 3.782875834848579e-06 2622
4 5.033785372731346e-08 3.71537186589505e-06 3338
4.25 4.133812845202841e-08 3.306050667853031e-06 3722
4.5 3.845068028009191e-08 2.709615160317146e-06 4170
4.75 3.187339783616375e-08 2.25704310653848e-06 4358
5 2.918197962273642e-08 2.082346492241303e-06 5034
5.25 2.489299778483662e-08 1.849199435772672e-06 5714
5.5 2.155582669711808e-08 1.534164961845847e-06 5982
5.75 1.734535669219143e-08 1.413677298580207e-06 6602
6 1.487944639982461e-08 1.209747951634898e-06 7130
6.25 1.290996653619945e-08 1.134247647213549e-06 8034
6.5 1.060345585411027e-08 1.027149724634779e-06 8606
6.75 9.048035168717314e-09 8.961754125385665e-07 9066
7 8.024997873857943e-09 7.755334601689656e-07 9962
7.25 6.950243039418075e-09 6.928268028534745e-07 10550
7.5 6.248298922675305e-09 6.020936065163602e-07 11226
7.75 5.451010357590119e-09 5.612569438539983e-07 12146
8 4.653219407949241e-09 4.978842328740628e-07 12606
8.25 4.338282745692912e-09 4.78650274626031e-07 13802
8.5 3.918886624842885e-09 4.429522262295729e-07 14754
8.75 3.536963885973277e-09 4.087870399243182e-07 15194
9 3.279940967423067e-09 3.78713819590425e-07 16454
9.25 3.038438549158081e-09 3.431603163142775e-07 17154
9.5 2.8457248950601e-09 3.140958624768225e-07 18266
9.75 2.654838970056656e-09 2.720241107067193e-07 18750
10 2.532517434361126e-09 2.661599538247312e-07 20234
10.25 2.41035845322409e-09 2.457052575857503e-07 21450
10.5 2.192742919548421e-09 2.230969855755938e-07 21962
10.75 2.031994697468333e-09 2.125593155914852e-07 23462
11 1.933026202585644e-09 2.015454790698619e-07 24042
11.25 1.798382612524843e-09 1.988236517219127e-07 25946
11.5 1.651225029175043e-09 1.846327025414616e-07 26118
11.75 1.615164142254058e-09 1.809344190972586e-07 27506
12 1.447696912414024e-09 1.6046325894519e-07 28631
12.25 1.052931249260564e-09 1.220444148474937e-07 28596
12.5 6.892355936101304e-10 8.135406629238989e-08 27848
12.75 4.551113852571962e-10 5.88692183369793e-08 26544
13 3.384076293460128e-10 4.856986373406306e-08 26456
13.25 2.462235320491743e-10 3.78052365442448e-08 25284
13.5 1.918266046871272e-10 3.086988802256535e-08 24260
13.75 1.52523862304042e-10 2.528385580660716e-08 23312
14 1.226469043617441e-10 2.077648567697328e-08 22368
14.25 9.965391085884477e-11 1.824264613872137e-08 21872
14.5 8.019493645702082e-11 1.48446825260197e-08 20400
14.75 6.493804022594563e-11 1.230348442664333e-08 19040
15 5.583973714275385e-11 1.047246606469793e-08 18252
15.25 4.668126937016687e-11 8.340910537015257e-09 16760
15.5 4.060252549490445e-11 7.059729306756763e-09 15776
15.75 3.14141305220027e-11 5.34987732157606e-09 13704
16 2.819958738386216e-11 4.73984047357607e-09 13112
16.25 2.27186706176997e-11 3.855863132431684e-09 11652
16.5 1.641324963731243e-11 2.822010771898827e-09 9776
16.75 1.261161947500604e-11 2.244708058933866e-09 8448
17 8.327204998665594e-12 1.638850341949165e-09 7013
17.25 5.572981095411179e-12 1.141381457392157e-09 5546
17.5 4.165719767570948e-12 9.014777872303201e-10 4722
17.75 3.28713417487691e-12 6.840221996481529e-10 3782
18 2.717779753343225e-12 5.666366898846357e-10 3174
18.25 2.205813587759696e-12 4.73620958310688e-10 2582
18.5 1.668980419713159e-12 3.403690077575038e-10 1928
18.75 1.55683810817025e-12 3.170107200769722e-10 1662
19 1.244875856119021e-12 2.488170570212551e-10 1256
19.25 9.448333567168318e-13 1.655980886283176e-10 864
19.5 5.064515632637697e-13 7.907591565937532e-11 428
19.75 5.475477609634323e-13 8.729643304811582e-11 456
20 3.243981213744165e-13 4.488549267545959e-11 248
20.25 1.209573563087975e-13 1.683303673694528e-11 104
20.5 2.358944951057266e-14 2.975262916685229e-12 18
20.75 5.94742589396903e-15 2.249371955653729e-12 7

0.25 4.368337839584004e-09 4.222252858879919e-08 18
0.5 1.60858353905784e-08 1.408645674849032e-07 62
0.75 3.32694004602846e-08 2.397299841068581e-07 98
1 8.360815052436089e-08 4.410889473706752e-07 210
1.25 1.539710208271219e-07 8.977458901276249e-07 350
1.5 1.518861546785451e-07 1.091606627280678e-06 450
1.75 2.164020825493082e-07 1.416831104224334e-06 602
2 3.06383431324125e-07 1.969351994361811e-06 762
2.25 3.47749621740678e-07 3.79691982658798e-06 1142
2.5 2.264366598034039e-07 4.204395905234677e-06 1250
2.75 2.448778716561976e-07 3.722999737228014e-06 1458
3 2.392926332600253e-07 3.188154408298874e-06 1814
3.25 2.273366406277274e-07 3.115939828761949e-06 2178
3.5 2.069439423086251e-07 2.999142079626154e-06 2498
3.75 1.855175905270963e-07 2.633263088749925e-06 2622
4 1.767792462198612e-07 3.094386723438358e-06 3338
4.25 1.596977844318875e-07 2.992270873246788e-06 3722
4.5 1.407725307195527e-07 2.951291501269804e-06 4170
4.75 1.201498671469684e-07 2.794755111510644e-06 4358
5 1.114398306786144e-07 2.793139540328962e-06 5034
5.25 1.066688840044443e-07 2.862490406468562e-06 5714
5.5 8.548836959985229e-08 2.612248665363506e-06 5982
5.75 7.722864311920166e-08 2.41841087614602e-06 6602
6 6.815542286317094e-08 2.290870910261675e-06 7130
6.25 6.111698495600872e-08 2.192773502899664e-06 8034
6.5 5.508869719216112e-08 1.954270083853778e-06 8606
6.75 4.883525360986277e-08 1.800203953984504e-06 9066
7 4.130465953844921e-08 1.682810679524433e-06 9962
7.25 3.515739497377174e-08 1.522274914577887e-06 10550
7.5 3.148447614723293e-08 1.388701817272062e-06 11226
7.75 2.681925358829349e-08 1.255586608178629e-06 12146
8 2.228047242345107e-08 1.100277415066233e-06 12606
8.25 1.951076447670694e-08 1.030828671620974e-06 13802
8.5 1.698971317490041e-08 8.883067654791273e-07 14754
8.75 1.383300252801697e-08 7.94504511398544e-07 15194
9 1.246762156228062e-08 7.189424043848764e-07 16454
9.25 1.04784985897353e-08 6.315720765909299e-07 17154
9.5 9.156201349009178e-09 5.734491708464948e-07 18266
9.75 7.812304888142664e-09 5.08448570368616e-07 18750
10 6.838832749775958e-09 4.725368428619565e-07 20234
10.25 6.032401167134459e-09 4.281684606009181e-07 21450
10.5 5.321610445400927e-09 3.671527737337621e-07 21962
10.75 4.803789346925397e-09 3.410783093635202e-07 23462
11 4.305851223720897e-09 3.111761198303719e-07 24042
11.25 4.010487451597527e-09 2.88529041080548e-07 25946
11.5 3.595148546252163e-09 2.684316185772126e-07 26118
11.75 3.409682028046317e-09 2.513128969912214e-07 27506
12 2.989798904288367e-09 2.26232905214663e-07 28631
12.25 2.215915081875951e-09 1.848439306468982e-07 28596
12.5 1.524001132515885e-09 1.321149788135447e-07 27848
12.75 1.058012018002898e-09 9.771922484755141e-08 26544
13 7.993366792525892e-10 7.794142670501605e-08 26456
13.25 5.78867655217456e-10 5.926973788928449e-08 25284
13.5 4.417522790890452e-10 4.54932433521846e-08 24260
13.75 3.336411605797426e-10 3.647070666326007e-08 23312
14 2.587395796504064e-10 2.939054512307295e-08 22368
14.25 2.040011824264271e-10 2.351500556161122e-08 21872
14.5 1.544020582650077e-10 1.832709087420903e-08 20400
14.75 1.236687181932654e-10 1.477320081445756e-08 19040
15 9.982225041956063e-11 1.21546050941753e-08 18252
15.25 7.879979193735818e-11 9.843935173351096e-09 16760
15.5 6.409715004942796e-11 8.186262339560206e-09 15776
15.75 4.797792391053522e-11 6.384131809635635e-09 13704
16 4.066940785880294e-11 5.599919705988119e-09 13112
16.25 3.354678627783924e-11 4.464202686688506e-09 11652
16.5 2.33745103407087e-11 3.356675502661818e-09 9776
16.75 1.830477442995663e-11 2.597022694417638e-09 8448
17 1.24531925414139e-11 1.833170834442005e-09 7013
17.25 7.877652473334191e-12 1.198804015137112e-09 5546
17.5 5.752096712577821e-12 9.001601104779318e-10 4722
17.75 3.793203970111844e-12 6.181109501301271e-10 3782
18 2.642330561136182e-12 4.476168373060112e-10 3174
18.25 2.06004711758983e-12 3.369585963226647e-10 2582
18.5 1.418821095172117e-12 2.148752278217132e-10 1928
18.75 1.074759808538313e-12 1.603212113649842e-10 1662
19 8.461087628537794e-13 1.070123097492767e-10 1256
19.25 6.079286116386821e-13 6.814172217400393e-11 864
19.5 3.006246021157004e-13 3.260432384565886e-11 428
19.75 2.907330359098946e-13 3.450687884450563e-11 456
20 1.849548516831294e-13 2.24011091733102e-11 248
20.25 5.930510722753446e-14 8.953801495505673e-12 104
20.5 1.515640676967505e-14 2.710874821748511e-12 18
20.75 6.226273080289916e-15 1.14380590763703e-12 7

0.25 9.553438338593613e-10 3.598685964544721e-07 18
0.5 6.275893140465679e-09 1.406441591375325e-06 62
0.75 1.397411268206667e-08 2.193712150303669e-06 98
1 3.575123129918021e-08 4.186302961491434e-06 210
1.25 5.622661109408374e-08 5.518111602260326e-06 350
1.5 7.304293720738565e-08 4.909682266390116e-06 450
1.75 8.779878553384281e-08 6.737880436426658e-06 602
2 1.08081950269232e-07 7.891389038809093e-06 762
2.25 1.417812997625381e-07 1.018711099686876e-05 1142
2.5 1.548375596195219e-07 9.504662523575048e-06 1250
2.75 1.525812766760551e-07 9.562982854245723e-06 1458
3 1.475284065481097e-07 9.624616690270393e-06 1814
3.25 1.497702185956664e-07 1.10743656680203e-05 2178
3.5 1.383082897789909e-07 1.048196039087404e-05 2498
3.75 1.211253174377401e-07 9.390176459146833e-06 2622
4 1.282277106793026e-07 9.89659669467281e-06 3338
4.25 1.147740493602233e-07 9.517890472278551e-06 3722
4.5 1.052069940079108e-07 8.472986115312169e-06 4170
4.75 9.158064178967717e-08 7.164982584452031e-06 4358
5 8.891306612501813e-08 6.877383462081273e-06 5034
5.25 8.034557571386422e-08 6.277272613533664e-06 5714
5.5 6.404900921838272e-08 5.453372870742904e-06 5982
5.75 5.815146204378444e-08 4.857566464224096e-06 6602
6 4.867318342070115e-08 4.229218358031378e-06 7130
6.25 4.558425542832389e-08 3.721519692316627e-06 8034
6.5 3.714803653125942e-08 3.393500400859525e-06 8606
6.75 3.169699915870378e-08 2.861991362769451e-06 9066
7 2.771005537946134e-08 2.507845110746161e-06 9962
7.25 2.355735538959397e-08 2.26234002590308e-06 10550
7.5 1.992367515567897e-08 1.981148532376269e-06 11226
7.75 1.796140937685225e-08 1.79551292011511e-06 12146
8 1.522842186529545e-08 1.540005632527914e-06 12606
8.25 1.395328587923647e-08 1.379469789677373e-06 13802
8.5 1.217280108423785e-08 1.26112808636347e-06 14754
8.75 1.071831010150197e-08 1.108307372351821e-06 15194
9 9.329868312034658e-09 1.002481046915844e-06 16454
9.25 8.278696966740241e-09 9.206623708543785e-07 17154
9.5 7.393117192890134e-09 8.300201616106577e-07 18266
9.75 6.48224354340346e-09 7.529326619505361e-07 18750
10 6.094280592017242e-09 7.026981223644736e-07 20234
10.25 5.554895601617039e-09 6.433010098576276e-07 21450
10.5 5.012959930852388e-09 5.889682802624313e-07 21962
10.75 4.672602825794278e-09 5.46360726219204e-07 23462
11 4.384439642145566e-09 5.121730253903832e-07 24042
11.25 4.122768491723597e-09 4.99064313556256e-07 25946
11.5 3.879663396962249e-09 4.761745037515335e-07 26118
11.75 3.705595402181203e-09 4.696818046769775e-07 27506
12 3.197483958485617e-09 4.192861191301764e-07 28631
12.25 2.418575196578547e-09 3.254114591681383e-07 28596
12.5 1.630078290427418e-09 2.30645363406358e-07 27848
12.75 1.130312721103248e-09 1.674499708649623e-07 26544
13 8.71273481806572e-10 1.335677491536734e-07 26456
13.25 6.422095229876293e-10 1.001480963176696e-07 25284
13.5 4.767967380459699e-10 7.847055226232395e-08 24260
13.75 3.738324636130595e-10 6.115440900651488e-08 23312
14 2.900778666601934e-10 5.056843230611956e-08 22368
14.25 2.339238711214215e-10 4.118124971307109e-08 21872
14.5 1.831702419435004e-10 3.337575122463847e-08 20400
14.75 1.501715135347907e-10 2.658456475722172e-08 19040
15 1.218570706620853e-10 2.283740175415184e-08 18252
15.25 9.825458935068564e-11 1.845616151616654e-08 16760
15.5 8.302169389157836e-11 1.583547898019661e-08 15776
15.75 6.393265811527018e-11 1.201673957155541e-08 13704
16 5.448087147519952e-11 1.036911007022021e-08 13112
16.25 4.179353298771835e-11 7.985617953776363e-09 11652
16.5 3.03046352688326e-11 6.016195484263544e-09 9776
16.75 2.248578663733922e-11 4.580556588217394e-09 8448
17 1.589164216059062e-11 3.328262701723707e-09 7013
17.25 1.053584671561477e-11 2.324464114442948e-09 5546
17.5 7.569625038997993e-12 1.781113981620047e-09 4722
17.75 5.389743301601083e-12 1.314259114886246e-09 3782
18 3.748077209326994e-12 9.726018556122276e-10 3174
18.25 2.858931848175205e-12 7.287147977739124e-10 2582
18.5 1.949378537321014e-12 5.031185594581485e-10 1928
18.75 1.481533815227576e-12 3.934467729022085e-10 1662
19 1.114083722031761e-12 2.987302676773145e-10 1256
19.25 7.023469233851455e-13 1.980441925223665e-10 864
19.5 4.010511994172388e-13 8.918148550293964e-11 428
19.75 4.082688106726078e-13 1.109706651657695e-10 456
20 2.655459955847887e-13 5.659632894545312e-11 248
20.25 8.223192715939925e-14 2.53750623929074e-11 104
20.5 1.829475966783889e-14 4.23628016017865e-12 18
20.75 3.614047107171946e-15 1.756858417262177e-12 7

0.25 2.168551464274613e-09 2.282577701623818e-08 18
0.5 1.421341911938125e-08 1.081063612650563e-07 62
0.75 2.85845750339223e-08 2.153884033424341e-07 98
1 7.332242433433158e-08 5.166539383584692e-07 210
1.25 1.48705327183917e-07 8.413160400966767e-07 350
1.5 1.862107553716673e-07 1.177965359810692e-06 450
1.75 2.126423761702959e-07 1.678321925048836e-06 602
2 2.72406323018119e-07 1.815559456755851e-06 762
2.25 3.684881995234842e-07 2.687311679486046e-06 1142
2.5 3.460883389094147e-07 3.071487937463176e-06 1250
2.75 3.341834323968414e-07 3.607850495276205e-06 1458
3 4.00960763193833e-07 4.337034829687314e-06 1814
3.25 4.015740890022331e-07 4.868340194506941e-06 2178
3.5 3.944151290618478e-07 4.754690794160704e-06 2498
3.75 3.439587390215815e-07 4.800638114655428e-06 2622
4 3.603849833184543e-07 6.031253700114276e-06 3338
4.25 3.550394345290097e-07 6.034857266204098e-06 3722
4.5 3.165653162220405e-07 6.258317302071129e-06 4170
4.75 2.822990063401565e-07 5.850348264884979e-06 4358
5 2.586320210837322e-07 6.158795463500424e-06 5034
5.25 2.407446102632986e-07 6.190018968375736e-06 5714
5.5 2.060418292028061e-07 6.029075418387974e-06 5982
5.75 1.880137841037182e-07 5.750328757792723e-06 6602
6 1.659335176727188e-07 5.407406102584387e-06 7130
6.25 1.538219823063464e-07 5.2751418813787e-06 8034
6.5 1.284310014593813e-07 4.724946417055726e-06 8606
6.75 1.106034607908596e-07 4.419852977566972e-06 9066
7 9.434160939260604e-08 4.128445851575997e-06 9962
7.25 8.176594229527039e-08 3.605132162178189e-06 10550
7.5 6.916593957164622e-08 3.161071560463359e-06 11226
7.75 5.982799379497214e-08 2.911034477059541e-06 12146
8 4.905738027202884e-08 2.540533750940573e-06 12606
8.25 4.354138080855159e-08 2.311450936244459e-06 13802
8.5 3.704188270663212e-08 2.054607345294989e-06 14754
8.75 3.092239864219554e-08 1.810342341605107e-06 15194
9 2.689217972846879e-08 1.672801531454668e-06 16454
9.25 2.3459873325741e-08 1.444755322331085e-06 17154
9.5 2.037287726158536e-08 1.329471561991231e-06 18266
9.75 1.743010918694019e-08 1.159740217392511e-06 18750
10 1.612255413185257e-08 1.098094711025666e-06 20234
10.25 1.429565112600455e-08 9.859056022009907e-07 21450
10.5 1.257962412740214e-08 8.785254012278805e-07 21962
10.75 1.147414599807035e-08 8.299997902092415e-07 23462
11 1.045634075665374e-08 7.502048101952732e-07 24042
11.25 1.002635562404466e-08 7.093182676367715e-07 25946
11.5 9.199180729296752e-09 6.544302517601421e-07 26118
11.75 8.821044612521706e-09 6.412786555604571e-07 27506
12 7.940569072859211e-09 5.818685779704938e-07 28631
12.25 5.849598985462459e-09 4.635168535393843e-07 28596
12.5 3.977374792922219e-09 3.428555727955686e-07 27848
12.75 2.716844459677843e-09 2.481180238074248e-07 26544
13 2.08603832663594e-09 1.92320431574971e-07 26456
13.25 1.461710450569165e-09 1.497233118130372e-07 25284
13.5 1.116009730176652e-09 1.148052956986577e-07 24260
13.75 8.48499436905907e-10 9.102849226320831e-08 23312
14 6.728139425898121e-10 7.252079245633362e-08 22368
14.25 5.315611221234334e-10 5.839228934775436e-08 21872
14.5 4.180608866974488e-10 4.685862106947751e-08 20400
14.75 3.275269357109565e-10 3.723815693511215e-08 19040
15 2.611650153430358e-10 3.119748333166514e-08 18252
15.25 2.059469885985071e-10 2.555446673409132e-08 16760
15.5 1.673453271421006e-10 2.165955618599178e-08 15776
15.75 1.260572660807312e-10 1.593873593492738e-08 13704
16 1.068182839424424e-10 1.359131561170075e-08 13112
16.25 8.012034865362415e-11 1.074603518387046e-08 11652
16.5 5.744371412060212e-11 8.2106475481424e-09 9776
16.75 4.520362550988257e-11 6.001927472660521e-09 8448
17 2.903986120126329e-11 4.072110553330234e-09 7013
17.25 1.849938331493414e-11 2.587002452980569e-09 5546
17.5 1.252635682597449e-11 1.910585249442218e-09 4722
17.75 8.431786555874815e-12 1.361426699327067e-09 3782
18 6.269651171766615e-12 9.851890216236486e-10 3174
18.25 4.48178028975671e-12 6.953484801001979e-10 2582
18.5 3.042038015575322e-12 5.168559496787292e-10 1928
18.75 2.289482599759684e-12 3.764211187329922e-10 1662
19 1.588669998376756e-12 2.623422174842809e-10 1256
19.25 9.642387543323098e-13 1.590377903242667e-10 864
19.5 4.675745604690583e-13 9.059309913446588e-11 428
19.75 4.801550314148937e-13 7.830702817797975e-11 456
20 2.827065763380238e-13 4.04921234300576e-11 248
20.25 1.365785625218118e-13 1.450394314473018e-11 104
20.5 2.588494060339633e-14 3.177997575577296e-12 18
20.75 5.99898281689079e-15 1.488872015665972e-12 7

0.25 1.254632700215922e-09 1.353616485201573e-07 18
0.5 6.021610663989877e-09 5.896561018589667e-07 62
0.75 1.135139899307134e-08 1.242077827461353e-06 98
1 3.676434536351476e-08 2.371292123834971e-06 210
1.25 5.146821779572471e-08 4.468650098533517e-06 350
1.5 6.344797326644938e-08 5.270431334324511e-06 450
1.75 8.879617053922057e-08 5.418737605983325e-06 602
2 1.005976847058606e-07 6.660549175313722e-06 762
2.25 1.341759412867981e-07 8.584337597156562e-06 1142
2.5 1.401996127511911e-07 9.133442973677054e-06 1250
2.75 1.561063135563029e-07 9.066886237536175e-06 1458
3 1.78065885395641e-07 1.073198181370512e-05 1814
3.25 1.858264410111121e-07 1.168874669357515e-05 2178
3.5 1.910594462448027e-07 1.20171552355007e-05 2498
3.75 1.724841411607049e-07 1.129234811958996e-05 2622
4 2.074860003725419e-07 1.305352492709309e-05 3338
4.25 2.01281086737519e-07 1.233752740122335e-05 3722
4.5 1.80909953187454e-07 1.22248743187374e-05 4170
4.75 1.640658082470546e-07 1.156662857117279e-05 4358
5 1.637566622048178e-07 1.122283725452449e-05 5034
5.25 1.615311434079115e-07 1.11381419100824e-05 5714
5.5 1.447722869481597e-07 1.019939878201752e-05 5982
5.75 1.310489148327875e-07 9.146403530816574e-06 6602
6 1.177142647895148e-07 8.769595830860005e-06 7130
6.25 1.129774819993772e-07 8.395834550714942e-06 8034
6.5 9.52403258615466e-08 7.46266938473725e-06 8606
6.75 8.190951007904307e-08 6.654344563693751e-06 9066
7 7.486038642942309e-08 6.022212751860535e-06 9962
7.25 6.313356746416122e-08 5.398708085202842e-06 10550
7.5 5.742465830290937e-08 4.861758594635405e-06 11226
7.75 5.033322236201798e-08 4.399789221051676e-06 12146
8 4.345457073188697e-08 3.89804819482524e-06 12606
8.25 3.907976357008487e-08 3.563844303308193e-06 13802
8.5 3.442918406705655e-08 3.269748508542867e-06 14754
8.75 2.912560430600179e-08 2.81655125714468e-06 15194
9 2.556242735116758e-08 2.576374974492096e-06 16454
9.25 2.24487193692108e-08 2.384439949154923e-06 17154
9.5 1.990526130433874e-08 2.100613951272221e-06 18266
9.75 1.734492644218801e-08 1.879695577296585e-06 18750
10 1.602266346827903e-08 1.772088619836268e-06 20234
10.25 1.464681480165444e-08 1.674766099151049e-06 21450
10.5 1.326001046863633e-08 1.494155893814757e-06 21962
10.75 1.229756549881534e-08 1.402385421801663e-06 23462
11 1.087072418799103e-08 1.334289408473211e-06 24042
11.25 1.051753864264892e-08 1.271898622364232e-06 25946
11.5 9.824637621027772e-09 1.177309418031818e-06 26118
11.75 9.684485115914364e-09 1.108977975206105e-06 27506
12 8.500820661693051e-09 1.013916277784999e-06 28631
12.25 6.448291587800637e-09 8.203256733270017e-07 28596
12.5 4.413643637460516e-09 5.949664910473209e-07 27848
12.75 3.155962894181025e-09 4.422274920000149e-07 26544
13 2.379165256416336e-09 3.48980651921581e-07 26456
13.25 1.761161243246889e-09 2.587113171906284e-07 25284
13.5 1.360027531147847e-09 2.041025898452427e-07 24260
13.75 1.027515978920845e-09 1.626552641526137e-07 23312
14 8.084051202548146e-10 1.300845806586062e-07 22368
14.25 6.606884617028037e-10 1.080754699651128e-07 21872
14.5 5.076440785266012e-10 8.461061862302663e-08 20400
14.75 4.062262841642927e-10 6.753045590467597e-08 19040
15 3.281967730241475e-10 5.518120455418405e-08 18252
15.25 2.554860036567711e-10 4.367688335317849e-08 16760
15.5 2.205657197845478e-10 3.615322528264019e-08 15776
15.75 1.616194816021396e-10 2.764318602957406e-08 13704
16 1.357902193311006e-10 2.405374389094241e-08 13112
16.25 1.02213193902745e-10 1.864392571014735e-08 11652
16.5 7.624197716571546e-11 1.388717794756731e-08 9776
16.75 5.539750900767209e-11 1.100149592690727e-08 8448
17 3.755303690573707e-11 7.328880776541243e-09 7013
17.25 2.459392509845952e-11 4.784052015486213e-09 5546
17.5 1.721868866819706e-11 3.719934949834874e-09 4722
17.75 1.186548770016143e-11 2.50374778144735e-09 3782
18 8.823740618834281e-12 1.968265540057366e-09 3174
18.25 6.18349328427172e-12 1.357135619662592e-09 2582
18.5 4.288953945599049e-12 9.869025265356825e-10 1928
18.75 3.298938216380259e-12 6.645755336145224e-10 1662
19 2.419154636940618e-12 4.565613070535578e-10 1256
19.25 1.408869750348276e-12 3.25776837122005e-10 864
19.5 7.052474558053454e-13 1.532139255814688e-10 428
19.75 7.566151910709882e-13 1.44543824560186e-10 456
20 4.095243767755637e-13 8.147178416670168e-11 248
20.25 1.823142196457982e-13 3.212729513505862e-11 104
20.5 2.731364748187437e-14 9.190160507305115e-12 18
20.75 9.257490354387815e-15 2.472132816952964e-12 7

0.25 3.32236579931812e-09 1.54770177117668e-08 18
0.5 8.739117809537825e-09 5.409011031899715e-08 62
0.75 2.831531944352523e-08 1.138693523651908e-07 98
1 4.98233655877747e-08 3.778311231691205e-07 210
1.25 1.058177013731909e-07 6.423263221263008e-07 350
1.5 1.483032550231036e-07 9.944831895630546e-07 450
1.75 1.852259956730344e-07 1.122704612106937e-06 602
2 2.225347830583741e-07 1.857448132000885e-06 762
2.25 3.23667598445337e-07 2.548047109456116e-06 1142
2.5 3.413527588271896e-07 2.878994930827923e-06 1250
2.75 3.54031707220707e-07 3.360472828197213e-06 1458
3 4.068091061559278e-07 4.141219105250717e-06 1814
3.25 4.06406171117653e-07 5.024016411867849e-06 2178
3.5 3.985639706479652e-07 5.35266685283431e-06 2498
3.75 3.85613241305802e-07 5.419900256092877e-06 2622
4 4.168774727530234e-07 6.730245999101905e-06 3338
4.25 4.032912963607044e-07 7.224099312548047e-06 3722
4.5 3.777557670957226e-07 7.628407028692458e-06 4170
4.75 3.30334106019522e-07 7.522114052943981e-06 4358
5 3.261580371422771e-07 7.98327338588594e-06 5034
5.25 3.121664439586701e-07 8.389362056776304e-06 5714
5.5 2.735310986462118e-07 8.04906724315792e-06 5982
5.75 2.650595259116877e-07 7.691249215470798e-06 6602
6 2.399220447456671e-07 7.761837817040356e-06 7130
6.25 2.197027363228103e-07 7.794924195189027e-06 8034
6.5 1.895234398446985e-07 7.2065640888061e-06 8606
6.75 1.647300899087526e-07 6.465684862587778e-06 9066
7 1.499363270484719e-07 6.284013872394147e-06 9962
7.25 1.259874134945116e-07 5.697647513896698e-06 10550
7.5 1.123740987925976e-07 5.091257021981713e-06 11226
7.75 9.651052769735753e-08 4.80804290089917e-06 12146
8 8.240481506725445e-08 4.227409677503337e-06 12606
8.25 7.345465858726971e-08 3.966007949331273e-06 13802
8.5 6.496514315821632e-08 3.593623215024063e-06 14754
8.75 5.431980672837813e-08 3.151044188685882e-06 15194
9 4.803937468815564e-08 2.887633180208945e-06 16454
9.25 4.158230183708114e-08 2.59698581819868e-06 17154
9.5 3.728514935861713e-08 2.366891455288825e-06 18266
9.75 3.28009444981265e-08 2.134213251795536e-06 18750
10 2.93644660453823e-08 2.023008416417165e-06 20234
10.25 2.664200606214613e-08 1.861703136810467e-06 21450
10.5 2.345837385360457e-08 1.685106700778075e-06 21962
10.75 2.17942477430707e-08 1.584311975555859e-06 23462
11 1.961434091806709e-08 1.462601663738105e-06 24042
11.25 1.876677745903215e-08 1.427215553218604e-06 25946
11.5 1.770411028394633e-08 1.301397991944783e-06 26118
11.75 1.667015022593883e-08 1.265998952134575e-06 27506
12 1.496592978436712e-08 1.184226318817523e-06 28631
12.25 1.186615648291205e-08 9.614175151256306e-07 28596
12.5 8.155490237871326e-09 7.184175804369722e-07 27848
12.75 5.860779638618003e-09 5.243633097928169e-07 26544
13 4.361382519621764e-09 4.254235889387371e-07 26456
13.25 3.14822431722326e-09 3.201089155929644e-07 25284
13.5 2.392697526611427e-09 2.514504394276806e-07 24260
13.75 1.852505318270657e-09 2.01029180443337e-07 23312
14 1.436963857697212e-09 1.609080258249117e-07 22368
14.25 1.15459782056067e-09 1.312575990260294e-07 21872
14.5 8.962754257056566e-10 1.041642140384181e-07 20400
14.75 7.037228224254436e-10 8.329271093454246e-08 19040
15 5.765359862748804e-10 7.024397261461376e-08 18252
15.25 4.456808485339303e-10 5.481159000984511e-08 16760
15.5 3.686252695071513e-10 4.603734725205615e-08 15776
15.75 2.71560934274943e-10 3.511842873194916e-08 13704
16 2.29170863581979e-10 3.054598046774217e-08 13112
16.25 1.788961608372824e-10 2.381192881594636e-08 11652
16.5 1.268997021464119e-10 1.7672183473012e-08 9776
16.75 9.684662741283618e-11 1.299732379770172e-08 8448
17 5.892072258215588e-11 8.478362505180542e-09 7013
17.25 3.693767610075453e-11 5.459247399507392e-09 5546
17.5 2.553450905428581e-11 4.002583923970731e-09 4722
17.75 1.716872836813357e-11 2.773727735564123e-09 3782
18 1.245684092031107e-11 2.150315182660404e-09 3174
18.25 9.7227484716692e-12 1.583189043565189e-09 2582
18.5 6.23751303564296e-12 1.074433401443555e-09 1928
18.75 4.844043375761378e-12 8.044319072665424e-10 1662
19 3.328591092984871e-12 5.602246164375445e-10 1256
19.25 2.237140300913182e-12 3.479146325412376e-10 864
19.5 1.038970461474913e-12 1.570529095801811e-10 428
19.75 1.156714017693956e-12 1.682853114673487e-10 456
20 5.045142953488879e-13 8.924027505411168e-11 248
20.25 2.377723088757333e-13 3.339747951826202e-11 104
20.5 3.912566155778069e-14 9.970163485768015e-12 18
20.75 2.292600512270218e-14 8.793528276477329e-13 7

0.25 5.778381722813778e-10 3.375735245290898e-08 18
0.5 7.585466705850003e-09 2.073656134608143e-07 62
0.75 1.796821063536922e-08 4.235482811262236e-07 98
1 2.899358058013561e-08 1.227793005344206e-06 210
1.25 4.869302333069135e-08 1.918140596037132e-06 350
1.5 7.466674921903252e-08 2.573212987995276e-06 450
1.75 8.517327244595079e-08 3.375629695794657e-06 602
2 9.526048305898768e-08 4.500540180784701e-06 762
2.25 1.358762609368317e-07 6.234361415876018e-06 1142
2.5 1.362191692600421e-07 6.456716654694317e-06 1250
2.75 1.480403941008614e-07 7.411916637167831e-06 1458
3 1.862188067242982e-07 8.390620443700246e-06 1814
3.25 1.898749922324588e-07 8.936168446115709e-06 2178
3.5 2.041712603584792e-07 9.985314230386273e-06 2498
3.75 1.949185598081121e-07 9.899766382092874e-06 2622
4 2.242444017880056e-07 1.139321016930134e-05 3338
4.25 2.336110585205056e-07 1.164482697313042e-05 3722
4.5 2.259430876958758e-07 1.168994501535779e-05 4170
4.75 2.210307149749013e-07 1.155312066050928e-05 4358
5 2.116662089044979e-07 1.178635819434976e-05 5034
5.25 2.015520472792135e-07 1.16019765594782e-05 5714
5.5 1.943571262998952e-07 1.091678959218337e-05 5982
5.75 1.857193805895403e-07 1.086276683751798e-05 6602
6 1.708361281432476e-07 1.064329113140334e-05 7130
6.25 1.630500260466031e-07 1.030161258496166e-05 8034
6.5 1.530265191929947e-07 1.016167575693469e-05 8606
6.75 1.293434162632408e-07 9.233016594407339e-06 9066
7 1.195489585308917e-07 8.643863647060887e-06 9962
7.25 1.05718462023587e-07 7.956444930998469e-06 10550
7.5 9.518778799655438e-08 7.443898284254114e-06 11226
7.75 8.480436642656197e-08 6.84774181226102e-06 12146
8 7.30945047046332e-08 6.016368064870834e-06 12606
8.25 6.68708046510357e-08 5.657040030863586e-06 13802
8.5 6.044186094603617e-08 5.265627776549928e-06 14754
8.75 5.240927399075484e-08 4.712606279125971e-06 15194
9 4.699488272682727e-08 4.352285347085678e-06 16454
9.25 4.137017342580512e-08 3.961275162888338e-06 17154
9.5 3.742616537039646e-08 3.624085768175509e-06 18266
9.75 3.311243423514771e-08 3.224030961925492e-06 18750
10 3.030139989290404e-08 3.043002409908354e-06 20234
10.25 2.734080189729821e-08 2.79520018281729e-06 21450
10.5 2.445006244293581e-08 2.533863856882684e-06 21962
10.75 2.21780075812848e-08 2.366484735328905e-06 23462
11 2.076794796262556e-08 2.207735365493074e-06 24042
11.25 1.931069028579548e-08 2.077453585677497e-06 25946
11.5 1.775051091927132e-08 1.953384646933564e-06 26118
11.75 1.712116250157853e-08 1.864667181495878e-06 27506
12 1.531936955702164e-08 1.749820128933685e-06 28631
12.25 1.206155190308348e-08 1.419947670071036e-06 28596
12.5 8.622355895048724e-09 1.044323687283105e-06 27848
12.75 6.160139323328653e-09 7.915198393572992e-07 26544
13 4.718164596059139e-09 6.322651844065991e-07 26456
13.25 3.446220583834178e-09 4.699613467147865e-07 25284
13.5 2.599643788423819e-09 3.689657979617228e-07 24260
13.75 2.070558031523357e-09 2.95406086344328e-07 23312
14 1.63930396838814e-09 2.308361564209993e-07 22368
14.25 1.284002341450235e-09 1.914650330151966e-07 21872
14.5 9.941579405760721e-10 1.523009896470987e-07 20400
14.75 7.853575618944762e-10 1.231655130921271e-07 19040
15 6.317612525759337e-10 1.02833908327189e-07 18252
15.25 4.964706124972784e-10 8.002592655687504e-08 16760
15.5 4.156650019119382e-10 6.896081059214683e-08 15776
15.75 3.068984020474946e-10 5.126000658747417e-08 13704
16 2.583641029914427e-10 4.537907726301136e-08 13112
16.25 1.983288723264841e-10 3.411262537966204e-08 11652
16.5 1.416386455225748e-10 2.487580664754232e-08 9776
16.75 1.052286690135172e-10 1.811057676595455e-08 8448
17 6.359087682130806e-11 1.179911468785175e-08 7013
17.25 4.044371648346735e-11 7.605219297330574e-09 5546
17.5 2.82086325444911e-11 5.821855324023482e-09 4722
17.75 1.997438555229483e-11 3.896805843770394e-09 3782
18 1.390385176475849e-11 2.725172862255794e-09 3174
18.25 1.03500412662717e-11 2.085613212210641e-09 2582
18.5 6.97313245724893e-12 1.449935319298372e-09 1928
18.75 5.539656379860919e-12 1.086477303520565e-09 1662
19 3.776725186862613e-12 8.089544975561413e-10 1256
19.25 2.453731068594775e-12 4.994970113702311e-10 864
19.5 1.158976958152047e-12 2.78598698287435e-10 428
19.75 1.172211805690571e-12 2.655995232954182e-10 456
20 5.526112992436699e-13 1.723963811657318e-10 248
20.25 2.404917471678189e-13 7.184566667087069e-11 104
20.5 4.417657206439413e-14 7.751468762675622e-12 18
20.75 8.051850029866548e-15 2.598559745659118e-12 7

0.25 8.926163466709738e-10 6.761077299000956e-09 18
0.5 8.005610414573097e-09 5.149361833951376e-08 62
0.75 1.486954597880423e-08 8.183736637484364e-08 98
1 3.256996156750297e-08 3.088511089159146e-07 210
1.25 7.012083928672498e-08 5.273301317520689e-07 350
1.5 8.593900867448679e-08 8.724551709408471e-07 450
1.75 1.096504260639969e-07 1.314755853494196e-06 602
2 1.335489038745995e-07 1.787199391193758e-06 762
2.25 2.209699620183778e-07 2.655971339910195e-06 1142
2.5 2.357926389067821e-07 2.645049137729876e-06 1250
2.75 2.417698817128149e-07 3.062739440823322e-06 1458
3 2.790846279334553e-07 3.803384898062897e-06 1814
3.25 3.111537205402013e-07 4.927633104538477e-06 2178
3.5 3.317345168935143e-07 5.370261776513865e-06 2498
3.75 3.084128097280846e-07 5.540269569008314e-06 2622
4 3.507112152719761e-07 6.599758963283378e-06 3338
4.25 3.416351179255242e-07 7.249634112370422e-06 3722
4.5 3.268400489977596e-07 7.603065322107915e-06 4170
4.75 3.04877377104113e-07 7.660317734138129e-06 4358
5 3.128010711037908e-07 8.296961875084819e-06 5034
5.25 3.034511833201848e-07 9.16700570956232e-06 5714
5.5 2.798681771494554e-07 9.217888806084477e-06 5982
5.75 2.737645945884807e-07 9.012934460545252e-06 6602
6 2.434567336674491e-07 8.734969721400599e-06 7130
6.25 2.330662479597347e-07 8.914920413841738e-06 8034
6.5 2.137257113074545e-07 8.893999259340586e-06 8606
6.75 1.849445753336548e-07 8.205047105128246e-06 9066
7 1.751914120453974e-07 8.008545646375165e-06 9962
7.25 1.550299866041047e-07 7.552636637869493e-06 10550
7.5 1.392157967335024e-07 6.844595943462533e-06 11226
7.75 1.251578704804503e-07 6.65173233033604e-06 12146
8 1.073624109995054e-07 5.783450174786043e-06 12606
8.25 9.763435977839181e-08 5.780395291712085e-06 13802
8.5 8.606273100722819e-08 5.257048495138666e-06 14754
8.75 7.514934699452894e-08 4.687958597795849e-06 15194
9 6.848703842426561e-08 4.388536139420298e-06 16454
9.25 6.002442945694815e-08 3.986830895296499e-06 17154
9.5 5.344516530929882e-08 3.704702345909744e-06 18266
9.75 4.684194520799688e-08 3.338840860409988e-06 18750
10 4.338458106379332e-08 3.122710624988823e-06 20234
10.25 3.9051713661503e-08 2.908966542578104e-06 21450
10.5 3.440437112407936e-08 2.591821859109857e-06 21962
10.75 3.190016833218551e-08 2.409708436403605e-06 23462
11 2.915559106572493e-08 2.270707748067911e-06 24042
11.25 2.738630170573108e-08 2.162942759465272e-06 25946
11.5 2.523630245682527e-08 2.000084029917232e-06 26118
11.75 2.454802601391129e-08 1.963828802382817e-06 27506
12 2.235781029633717e-08 1.824016129414499e-06 28631
12.25 1.731005761752515e-08 1.469962223175512e-06 28596
12.5 1.232288543659972e-08 1.12083952141611e-06 27848
12.75 8.887624482626042e-09 8.62558114591402e-07 26544
13 6.840780835421715e-09 6.761050431408094e-07 26456
13.25 4.948591139610583e-09 5.22429956046549e-07 25284
13.5 3.79943751368538e-09 4.190591328931793e-07 24260
13.75 2.953355430745396e-09 3.303532966599291e-07 23312
14 2.245598444042735e-09 2.627996893235561e-07 22368
14.25 1.824902074240084e-09 2.143802414880204e-07 21872
14.5 1.404528564151355e-09 1.722562073848742e-07 20400
14.75 1.103408733917614e-09 1.38326731957627e-07 19040
15 8.916911763556154e-10 1.13892592123024e-07 18252
15.25 7.008854450215516e-10 9.17985154163382e-08 16760
15.5 5.893721786880391e-10 7.743796130825912e-08 15776
15.75 4.337060162685606e-10 5.814989112862657e-08 13704
16 3.69536646706371e-10 5.048574480831163e-08 13112
16.25 2.741895390181944e-10 3.817540764970395e-08 11652
16.5 1.982123048818656e-10 2.729554343984962e-08 9776
16.75 1.505711782049757e-10 2.078841595436748e-08 8448
17 9.173836245659594e-11 1.335569638259715e-08 7013
17.25 5.747217524717037e-11 8.633787863266193e-09 5546
17.5 3.938040020353286e-11 6.173089406721094e-09 4722
17.75 2.608770285720825e-11 4.482430298744532e-09 3782
18 1.840807966440738e-11 3.216221995292331e-09 3174
18.25 1.359451261350379e-11 2.414099816504227e-09 2582
18.5 9.112119568177803e-12 1.605723582279185e-09 1928
18.75 6.670286812070453e-12 1.239496098320249e-09 1662
19 4.939898101164043e-12 8.248824050249231e-10 1256
19.25 3.177599595531236e-12 5.527306767649095e-10 864
19.5 1.56481900356312e-12 2.504009223454411e-10 428
19.75 1.67473539472886e-12 2.660400611670289e-10 456
20 9.320274198271917e-13 1.643075860551634e-10 248
20.25 4.452224278341371e-13 5.714827373666331e-11 104
20.5 1.088549393383225e-13 1.131792574384733e-11 18
20.75 1.870260301803554e-14 3.610888020124304e-12 7

0.25 8.028515601210902e-10 1.512406108435842e-08 18
0.5 5.355943919923511e-09 1.129941451974584e-07 62
0.75 1.105582785430509e-08 2.037492074891616e-07 98
1 2.986579343175273e-08 6.635681712493854e-07 210
1.25 5.655666480477023e-08 1.220151113223127e-06 350
1.5 6.866323462506052e-08 1.871778747850331e-06 450
1.75 8.635549788433647e-08 2.153091671252137e-06 602
2 1.080541975935271e-07 3.227708701520183e-06 762
2.25 1.38077555341735e-07 4.229513978802773e-06 1142
2.5 1.349833184444403e-07 4.174332231794011e-06 1250
2.75 1.387244529369344e-07 4.833583742393004e-06 1458
3 1.75562111686247e-07 5.78900483305119e-06 1814
3.25 1.906660857659235e-07 6.513379903954801e-06 2178
3.5 2.032414391063491e-07 7.071791616694923e-06 2498
3.75 2.058724255227891e-07 7.03570574749306e-06 2622
4 2.263088311494732e-07 8.30277920601099e-06 3338
4.25 2.323881620979569e-07 8.84002024867088e-06 3722
4.5 2.305014741048294e-07 9.282858038958073e-06 4170
4.75 2.205844779092797e-07 8.988633072086753e-06 4358
5 2.259087703590158e-07 9.747048988972777e-06 5034
5.25 2.266870057444613e-07 1.035053510676602e-05 5714
5.5 2.063455762632234e-07 1.006820363971175e-05 5982
5.75 2.034531551819723e-07 1.003641223904764e-05 6602
6 1.899944754697058e-07 1.015760129011241e-05 7130
6.25 1.896444439227246e-07 1.036086530347706e-05 8034
6.5 1.762315852324947e-07 9.949395741414511e-06 8606
6.75 1.590551744684172e-07 9.623484056498241e-06 9066
7 1.497929980900319e-07 9.418574047004246e-06 9962
7.25 1.329595014305268e-07 8.823063606996445e-06 10550
7.5 1.230663052362488e-07 8.206470809881519e-06 11226
7.75 1.118631978085621e-07 7.686948649408899e-06 12146
8 9.898865522801901e-08 6.945952498777261e-06 12606
8.25 9.060883359916565e-08 6.718690854230665e-06 13802
8.5 8.383208584370703e-08 6.404867491431936e-06 14754
8.75 7.316540016188584e-08 5.900274813684539e-06 15194
9 6.65941699300678e-08 5.331715607863839e-06 16454
9.25 6.065698608702957e-08 4.987137403610556e-06 17154
9.5 5.370705907724319e-08 4.564540592584915e-06 18266
9.75 4.761388423306861e-08 4.176201328004559e-06 18750
10 4.415886419768449e-08 3.924753762436798e-06 20234
10.25 4.026031108359902e-08 3.686276215571054e-06 21450
10.5 3.691476101812411e-08 3.246098416999622e-06 21962
10.75 3.316990208234079e-08 3.099366490764135e-06 23462
11 3.01999993943116e-08 2.902222552095442e-06 24042
11.25 2.847545090247118e-08 2.853351551645748e-06 25946
11.5 2.623956907171473e-08 2.574920474618628e-06 26118
11.75 2.473688004292122e-08 2.484298993114806e-06 27506
12 2.31254347128976e-08 2.31075715238478e-06 28631
12.25 1.761144219040196e-08 1.898824655954173e-06 28596
12.5 1.295276913347483e-08 1.461737379778543e-06 27848
12.75 9.717058263208392e-09 1.08521010382049e-06 26544
13 7.472381414794555e-09 8.798201018100252e-07 26456
13.25 5.569534159580085e-09 6.941762069974306e-07 25284
13.5 4.216197878971976e-09 5.515074688413024e-07 24260
13.75 3.238895716356557e-09 4.310240504505281e-07 23312
14 2.625107151285811e-09 3.532455674361691e-07 22368
14.25 2.105626900673953e-09 2.878600382279755e-07 21872
14.5 1.63005771716626e-09 2.274700393796167e-07 20400
14.75 1.269373646144982e-09 1.884386595044107e-07 19040
15 1.045065869739852e-09 1.559865403584148e-07 18252
15.25 8.130144108109474e-10 1.232861272503101e-07 16760
15.5 6.853467813964085e-10 1.045760803514821e-07 15776
15.75 5.132205668614469e-10 7.890453598041773e-08 13704
16 4.364638115973111e-10 6.810854490214538e-08 13112
16.25 3.269422799721555e-10 5.244104465116885e-08 11652
16.5 2.385911157991641e-10 3.785865613774951e-08 9776
16.75 1.730654480614627e-10 2.869016824935152e-08 8448
17 1.107512458558925e-10 1.910522044823201e-08 7013
17.25 6.89887319773048e-11 1.21853976043355e-08 5546
17.5 4.563856541275191e-11 8.651676496477757e-09 4722
17.75 3.245000052246777e-11 6.004758837469473e-09 3782
18 2.319665169458838e-11 4.40197038166603e-09 3174
18.25 1.694211834677011e-11 3.179741556522823e-09 2582
18.5 1.121194473520557e-11 2.239960984929539e-09 1928
18.75 8.450468172777384e-12 1.598224515592265e-09 1662
19 5.816722609230881e-12 1.14943684164568e-09 1256
19.25 3.966835774287323e-12 7.141262207991132e-10 864
19.5 1.655304635360178e-12 3.932695529020676e-10 428
19.75 1.839066548880931e-12 3.691231630685157e-10 456
20 1.049194445531669e-12 2.026817630919135e-10 248
20.25 3.38775612666021e-13 8.957947329678637e-11 104
20.5 5.313479606536501e-14 1.14328379879192e-11 18
20.75 4.698711420126114e-14 1.652454465634371e-12 7

0.25 6.02801092638304e-10 7.059763623949219e-09 18
0.5 3.4057752584331e-09 6.036706213700337e-08 62
0.75 7.251843018771581e-09 1.672877533135961e-07 98
1 2.153884915627327e-08 3.911789084926371e-07 210
1.25 4.776575629223989e-08 8.304294279221842e-07 350
1.5 5.783219508685823e-08 1.107248934271263e-06 450
1.75 8.549660756727111e-08 1.304298963077639e-06 602
2 1.059283607661626e-07 1.778502005980531e-06 762
2.25 1.389726180109035e-07 2.572169879767981e-06 1142
2.5 1.520653692206909e-07 2.598007888129868e-06 1250
2.75 1.707085023960716e-07 3.247731318003895e-06 1458
3 1.920201485773819e-07 4.010779335414824e-06 1814
3.25 2.137849716493161e-07 4.994324182329963e-06 2178
3.5 2.180055281806394e-07 5.517248347999471e-06 2498
3.75 2.18423411712946e-07 5.604718119077803e-06 2622
4 2.458748608399473e-07 7.235143352144346e-06 3338
4.25 2.400058046382568e-07 7.441337807225677e-06 3722
4.5 2.425054386603728e-07 8.171989352672782e-06 4170
4.75 2.342852422231774e-07 7.842009033628758e-06 4358
5 2.530484877464421e-07 8.618008460246238e-06 5034
5.25 2.460954909438287e-07 9.192593617651073e-06 5714
5.5 2.289050750177459e-07 9.136908370122633e-06 5982
5.75 2.260136588831913e-07 9.134635547244219e-06 6602
6 2.160942765456926e-07 9.140482874671484e-06 7130
6.25 2.15029574322168e-07 9.783415226335169e-06 8034
6.5 1.996464394987394e-07 9.452559763637401e-06 8606
6.75 1.84872380704563e-07 9.060139458210745e-06 9066
7 1.707241452534418e-07 8.881952555799912e-06 9962
7.25 1.575316515530662e-07 8.362825979166642e-06 10550
7.5 1.450407360792869e-07 8.070327083140455e-06 11226
7.75 1.315649807393787e-07 7.892814301987966e-06 12146
8 1.154637186614629e-07 7.15452784408037e-06 12606
8.25 1.056882408015143e-07 6.780188437283943e-06 13802
8.5 9.646762525865898e-08 6.448763998730375e-06 14754
8.75 8.371106250822555e-08 5.897801957002587e-06 15194
9 7.717242734048721e-08 5.639838915111519e-06 16454
9.25 7.069379746654943e-08 5.191421391634481e-06 17154
9.5 6.346313957340881e-08 4.698161219445908e-06 18266
9.75 5.644675767540686e-08 4.342742795461386e-06 18750
10 5.137847190137558e-08 4.138295876800944e-06 20234
10.25 4.647350822111876e-08 3.835087742921917e-06 21450
10.5 4.21237435105419e-08 3.514042063040574e-06 21962
10.75 3.898431336837743e-08 3.33178675070585e-06 23462
11 3.72648342653546e-08 3.070943746959485e-06 24042
11.25 3.496442568440562e-08 2.971189758858641e-06 25946
11.5 3.26091265216401e-08 2.812756864664693e-06 26118
11.75 3.075765685445633e-08 2.684102318624565e-06 27506
12 2.851133118345521e-08 2.504792032752299e-06 28631
12.25 2.214521796821145e-08 2.048754017806793e-06 28596
12.5 1.600529543046929e-08 1.603233837467477e-06 27848
12.75 1.197645842249733e-08 1.22480137566313e-06 26544
13 9.238228560641878e-09 1.01369341908268e-06 26456
13.25 6.822548499339985e-09 7.849198007850429e-07 25284
13.5 5.243140778359011e-09 6.100593117126086e-07 24260
13.75 4.151834390976746e-09 5.063902023169149e-07 23312
14 3.32238744403574e-09 4.046489720393612e-07 22368
14.25 2.59888668672824e-09 3.359086692317942e-07 21872
14.5 2.03762379400747e-09 2.729427809428218e-07 20400
14.75 1.631062553804403e-09 2.161756978147921e-07 19040
15 1.324236236923124e-09 1.776311761564373e-07 18252
15.25 1.044657397216098e-09 1.410145949468918e-07 16760
15.5 8.876180864230956e-10 1.195475203467367e-07 15776
15.75 6.260176434298532e-10 8.83826476891096e-08 13704
16 5.457815728445839e-10 7.828946783933004e-08 13112
16.25 4.150953265685365e-10 6.035312907816219e-08 11652
16.5 3.064862142634641e-10 4.475732807948731e-08 9776
16.75 2.129910532057775e-10 3.300254295623864e-08 8448
17 1.381245274879618e-10 2.131434777583937e-08 7013
17.25 8.116993877383888e-11 1.325191627736684e-08 5546
17.5 6.049865367419363e-11 1.003266736000141e-08 4722
17.75 3.781825371640319e-11 6.624762925218429e-09 3782
18 2.865676184187814e-11 5.151906637573514e-09 3174
18.25 1.989692808051795e-11 3.867462721709555e-09 2582
18.5 1.339938270743922e-11 2.341063516847184e-09 1928
18.75 9.668099738206324e-12 2.006259783821202e-09 1662
19 6.904757218482427e-12 1.265769712012855e-09 1256
19.25 4.742341270486906e-12 8.562968171560483e-10 864
19.5 2.210771300102001e-12 3.478492066200559e-10 428
19.75 2.165053006438656e-12 3.824669658773766e-10 456
20 1.217222703441993e-12 2.194247268822293e-10 248
20.25 4.828193044207999e-13 8.677556228128493e-11 104
20.5 9.258154911463097e-14 1.416540903907846e-11 18
20.75 2.125672380127122e-14 1.217624725222362e-11 7

0.25 4.08820100693332e-10 2.003149440109692e-08 18
0.5 6.671630896137205e-09 9.469674816640364e-08 62
0.75 1.299452987946508e-08 2.707166956535652e-07 98
1 2.905179530377777e-08 4.740094434057074e-07 210
1.25 4.672499647615415e-08 9.482331128233005e-07 350
1.5 5.782862099623024e-08 1.226057774401461e-06 450
1.75 8.132909990586933e-08 1.793017230884139e-06 602
2 9.636935927374581e-08 1.761249760838214e-06 762
2.25 1.319506336825403e-07 2.770527411243097e-06 1142
2.5 1.440615329662747e-07 2.70329979798993e-06 1250
2.75 1.676021656561533e-07 3.105734017897555e-06 1458
3 1.906723301048531e-07 3.85245777747313e-06 1814
3.25 2.065368000209739e-07 4.465723541782135e-06 2178
3.5 2.23880766909203e-07 4.72192957568701e-06 2498
3.75 2.055350909715164e-07 4.72885447297307e-06 2622
4 2.349286537657693e-07 5.99912120609735e-06 3338
4.25 2.311528357887987e-07 6.73428252729857e-06 3722
4.5 2.234320162495842e-07 7.228389650861207e-06 4170
4.75 2.21958975775092e-07 7.055015705171801e-06 4358
5 2.215520341388508e-07 7.776107183624748e-06 5034
5.25 2.345193010585424e-07 8.092335384416541e-06 5714
5.5 2.128932708531508e-07 8.561550550070837e-06 5982
5.75 2.112601572888487e-07 8.534839387923036e-06 6602
6 1.993589991095105e-07 8.869580046234976e-06 7130
6.25 1.981494565717039e-07 9.158899619116031e-06 8034
6.5 1.87468759223385e-07 8.975376234566754e-06 8606
6.75 1.752699229626243e-07 8.869076385327624e-06 9066
7 1.683140023246053e-07 8.546710604877374e-06 9962
7.25 1.51652490742238e-07 8.14947200212514e-06 10550
7.5 1.396320033093652e-07 7.699057793910703e-06 11226
7.75 1.284783217847106e-07 7.546008222767302e-06 12146
8 1.142338817890078e-07 6.846522052200653e-06 12606
8.25 1.043657548403703e-07 6.735664526970358e-06 13802
8.5 9.611472562098015e-08 6.339138665479156e-06 14754
8.75 8.47079479596587e-08 5.72792916911011e-06 15194
9 7.885890666891311e-08 5.620974906446714e-06 16454
9.25 7.25507679433544e-08 5.160730020550452e-06 17154
9.5 6.527362528299675e-08 4.773151059451361e-06 18266
9.75 6.009392179931973e-08 4.364900496422146e-06 18750
10 5.51281963869172e-08 4.274560956977081e-06 20234
10.25 4.966175035500409e-08 4.026755936185843e-06 21450
10.5 4.400527414134744e-08 3.659998431363841e-06 21962
10.75 4.142681156078094e-08 3.487405898507641e-06 23462
11 3.858815611713149e-08 3.200526989880306e-06 24042
11.25 3.667580568506672e-08 3.137992466754562e-06 25946
11.5 3.387456214501577e-08 2.925490932227252e-06 26118
11.75 3.256882712045746e-08 2.781235073313115e-06 27506
12 2.997255304805525e-08 2.677263979123148e-06 28631
12.25 2.475419575052037e-08 2.227155165753224e-06 28596
12.5 1.780037501243407e-08 1.748759763570649e-06 27848
12.75 1.345549516206231e-08 1.356828371580897e-06 26544
13 1.031156465664977e-08 1.096933098824727e-06 26456
13.25 7.915121820743022e-09 8.497266988490726e-07 25284
13.5 5.974824151837397e-09 6.846553368844279e-07 24260
13.75 4.693271934563069e-09 5.616457163842072e-07 23312
14 3.706997504137254e-09 4.465147320516295e-07 22368
14.25 3.010162266239915e-09 3.805195339413757e-07 21872
14.5 2.373890172098631e-09 3.015764597289894e-07 20400
14.75 1.892694210507226e-09 2.440658274006484e-07 19040
15 1.531412137541598e-09 2.019497340593123e-07 18252
15.25 1.206098504041029e-09 1.617594515449628e-07 16760
15.5 1.021109087329871e-09 1.415624432972162e-07 15776
15.75 7.526535868679636e-10 1.027184962218804e-07 13704
16 6.448121539286988e-10 8.908345778371837e-08 13112
16.25 4.9361068891346e-10 6.922293305078384e-08 11652
16.5 3.563487156237445e-10 4.957609941792869e-08 9776
16.75 2.588582356887749e-10 3.798637211729518e-08 8448
17 1.578642055162953e-10 2.443810801229723e-08 7013
17.25 9.713788569448149e-11 1.592837110974569e-08 5546
17.5 6.998824348707368e-11 1.109904726305757e-08 4722
17.75 4.580282249888235e-11 7.787443056181175e-09 3782
18 3.247230516538758e-11 5.864296658330257e-09 3174
18.25 2.371870252964568e-11 4.142374530026212e-09 2582
18.5 1.609695217768264e-11 2.964063839744366e-09 1928
18.75 1.237699513073604e-11 2.328982621536879e-09 1662
19 8.458957407083204e-12 1.454736273035266e-09 1256
19.25 5.432101114622701e-12 1.039807177039747e-09 864
19.5 2.459022564878702e-12 3.978010311010618e-10 428
19.75 2.477955577632964e-12 4.881719494508487e-10 456
20 1.257290885258187e-12 2.568576109351605e-10 248
20.25 5.847721297658307e-13 1.104937164427134e-10 104
20.5 5.593388039818222e-14 2.045360074914912e-11 18
20.75 2.382883777010202e-14 7.478154231539194e-12 7

0.25 4.850695349147818e-10 9.939373201128308e-09 18
0.5 3.401669901748034e-09 4.092408558009055e-08 62
0.75 9.351716237399384e-09 1.372871271968038e-07 98
1 2.334280681465634e-08 4.132581936987017e-07 210
1.25 3.596491161374567e-08 7.910130140278351e-07 350
1.5 4.192810389500459e-08 9.026022095982626e-07 450
1.75 6.21124130151642e-08 1.426955306442848e-06 602
2 7.689392004823231e-08 1.742290314271834e-06 762
2.25 1.112814055469232e-07 2.697603026864618e-06 1142
2.5 1.110428399376405e-07 3.059943127278457e-06 1250
2.75 1.210870041330786e-07 3.110940656409398e-06 1458
3 1.489763543688971e-07 4.132587190114813e-06 1814
3.25 1.634670160257938e-07 4.924034372818722e-06 2178
3.5 1.686807935410662e-07 5.526320114761875e-06 2498
3.75 1.692914668209837e-07 5.412724011457004e-06 2622
4 1.888762038807051e-07 6.778786433705336e-06 3338
4.25 1.908698097908405e-07 7.184079272614558e-06 3722
4.5 2.010028112810741e-07 7.843392250149405e-06 4170
4.75 1.905644692301539e-07 7.952677454891422e-06 4358
5 1.987678189993972e-07 8.729885015126177e-06 5034
5.25 2.098389013651341e-07 9.267652646852622e-06 5714
5.5 1.999757758282545e-07 8.898041772931206e-06 5982
5.75 1.95837872596173e-07 9.405749961535684e-06 6602
6 1.883255890551764e-07 9.50626532894934e-06 7130
6.25 1.885686606778746e-07 1.013145532217569e-05 8034
6.5 1.706322120811424e-07 9.978930616280495e-06 8606
6.75 1.602159276718644e-07 9.387926834835542e-06 9066
7 1.511967585166884e-07 9.320023037102295e-06 9962
7.25 1.403011302701171e-07 8.961351549708909e-06 10550
7.5 1.27428853229178e-07 8.446744247532148e-06 11226
7.75 1.204124200876193e-07 8.297044778709858e-06 12146
8 1.060333318196448e-07 7.628442032950087e-06 12606
8.25 1.0246581660503e-07 7.378334271875632e-06 13802
8.5 9.327616215737589e-08 7.349051372177544e-06 14754
8.75 8.131366507508915e-08 6.680278795748706e-06 15194
9 7.75445842115861e-08 6.204226920133018e-06 16454
9.25 7.142960742376373e-08 5.866678031973116e-06 17154
9.5 6.520639379809214e-08 5.373072755358525e-06 18266
9.75 5.768787477039085e-08 5.010261993663234e-06 18750
10 5.470392861918461e-08 4.836301189477388e-06 20234
10.25 4.9804835147e-08 4.562518943004738e-06 21450
10.5 4.565308787754177e-08 4.209679158129088e-06 21962
10.75 4.254327419838171e-08 4.00461532110381e-06 23462
11 3.914670231673183e-08 3.668268871772322e-06 24042
11.25 3.769600773166197e-08 3.557021454605478e-06 25946
11.5 3.500533755689953e-08 3.359951499096255e-06 26118
11.75 3.328008794209026e-08 3.266560424384183e-06 27506
12 3.135604424025051e-08 3.122307093067503e-06 28631
12.25 2.502985480350812e-08 2.588385322085394e-06 28596
12.5 1.866567190169417e-08 2.019855435145913e-06 27848
12.75 1.386254767254223e-08 1.588092983841993e-06 26544
13 1.11097469477986e-08 1.279419377767002e-06 26456
13.25 8.315269312974851e-09 1.017520352209147e-06 25284
13.5 6.501228480158041e-09 8.177973869491227e-07 24260
13.75 5.192407416667092e-09 6.734928934849437e-07 23312
14 4.055160726449871e-09 5.420615206860893e-07 22368
14.25 3.306835062241886e-09 4.557063608110846e-07 21872
14.5 2.557145679076537e-09 3.642798615839026e-07 20400
14.75 2.097642158308945e-09 2.970435105715145e-07 19040
15 1.707144965131972e-09 2.42944317950849e-07 18252
15.25 1.330777015102549e-09 1.973070966908732e-07 16760
15.5 1.11267242121684e-09 1.687184569221082e-07 15776
15.75 8.403380769809135e-10 1.258852131851054e-07 13704
16 7.246436275443066e-10 1.078881596424016e-07 13112
16.25 5.544327934494967e-10 8.457813928735206e-08 11652
16.5 4.014096195429573e-10 6.334137405740177e-08 9776
16.75 2.826700200088328e-10 4.583106112141131e-08 8448
17 1.794721004175174e-10 3.052935038609529e-08 7013
17.25 1.104687591831941e-10 1.881106027898963e-08 5546
17.5 7.581799110344626e-11 1.376172511489072e-08 4722
17.75 5.150207632001242e-11 9.318706006226805e-09 3782
18 3.767076392195022e-11 7.082245394065483e-09 3174
18.25 2.812397390538712e-11 5.078097825106965e-09 2582
18.5 1.843057534904451e-11 3.368440474363005e-09 1928
18.75 1.419843265956194e-11 2.750543549567297e-09 1662
19 9.0662275944331e-12 2.087351961076313e-09 1256
19.25 6.295520081864081e-12 1.22574337965333e-09 864
19.5 2.578669164296519e-12 5.904983700575891e-10 428
19.75 2.757854279578584e-12 5.520917226075284e-10 456
20 1.580179605059281e-12 3.72791097172455e-10 248
20.25 5.596987664320013e-13 1.431255345626953e-10 104
20.5 1.069172847232139e-13 2.460401540599682e-11 18
20.75 3.170724012188075e-14 1.013058823869612e-11 7

0.25 2.08613014765552e-09 2.012864094948878e-09 18
0.5 1.389189906999336e-08 1.227578245027711e-08 62
0.75 2.301937482918833e-08 2.588983115497423e-08 98
1 5.479458332953266e-08 1.024501359701554e-07 210
1.25 8.422645278167751e-08 1.779461296784661e-07 350
1.5 9.421592609146888e-08 2.555612333971753e-07 450
1.75 1.375077886480907e-07 4.058456478310208e-07 602
2 1.502953091901946e-07 5.336588005543174e-07 762
2.25 1.986564426241885e-07 1.064170989018731e-06 1142
2.5 1.893869581297734e-07 1.206966822606609e-06 1250
2.75 1.949332338162099e-07 1.522561153026049e-06 1458
3 2.174275910824775e-07 2.104170163453116e-06 1814
3.25 2.325175854440653e-07 2.743924261507828e-06 2178
3.5 2.387189866399563e-07 3.215042814750935e-06 2498
3.75 2.33055710957976e-07 3.239892593957787e-06 2622
4 2.493340327787327e-07 4.165507805138145e-06 3338
4.25 2.409496827793527e-07 4.587087705992673e-06 3722
4.5 2.543110856404524e-07 5.085726964988972e-06 4170
4.75 2.337836455185599e-07 5.554764614891234e-06 4358
5 2.435428670854882e-07 6.136244473555735e-06 5034
5.25 2.465467294790303e-07 6.486244412968752e-06 5714
5.5 2.319377667181842e-07 6.650837185120619e-06 5982
5.75 2.265802497217585e-07 7.11535944635918e-06 6602
6 2.154447697771731e-07 7.426178946185187e-06 7130
6.25 2.105081882138061e-07 7.761974302074705e-06 8034
6.5 2.005895838347874e-07 7.522702888969822e-06 8606
6.75 1.872799442831341e-07 7.359820120087589e-06 9066
7 1.754753744412529e-07 7.478639582756631e-06 9962
7.25 1.603057525297999e-07 7.195592866070469e-06 10550
7.5 1.435992639074057e-07 7.088857009081354e-06 11226
7.75 1.375299452356796e-07 6.910836927495429e-06 12146
8 1.230469466227052e-07 6.326740161578178e-06 12606
8.25 1.154921351087595e-07 6.310542059020186e-06 13802
8.5 1.059913622533267e-07 6.09169884536357e-06 14754
8.75 8.989029390913798e-08 5.535465214064187e-06 15194
9 8.793174627554847e-08 5.38743591362755e-06 16454
9.25 7.996218991814349e-08 4.966753860039697e-06 17154
9.5 7.248846067935373e-08 4.699440420651371e-06 18266
9.75 6.511871161083363e-08 4.463190031389139e-06 18750
10 6.13561960215408e-08 4.285203782717837e-06 20234
10.25 5.66727514878067e-08 4.171557813559808e-06 21450
10.5 5.20069335502475e-08 3.851987484790841e-06 21962
10.75 4.882851081627739e-08 3.635163943664636e-06 23462
11 4.482516696906231e-08 3.421391326256054e-06 24042
11.25 4.232169313878502e-08 3.368456573483275e-06 25946
11.5 4.005761475879207e-08 3.095901451156874e-06 26118
11.75 3.809649636826879e-08 3.005357830643085e-06 27506
12 3.5631464717863e-08 2.858522010862968e-06 28631
12.25 2.910576807836601e-08 2.397561436203619e-06 28596
12.5 2.12708003115002e-08 1.901985013524808e-06 27848
12.75 1.618182094321942e-08 1.514420641350403e-06 26544
13 1.286435685108308e-08 1.284186425820354e-06 26456
13.25 9.839082890465481e-09 9.930050681354895e-07 25284
13.5 7.65221269556402e-09 7.851804101193099e-07 24260
13.75 6.09285435427972e-09 6.521007971521811e-07 23312
14 4.65412667843763e-09 5.394865759958883e-07 22368
14.25 3.887842895191051e-09 4.532536043012949e-07 21872
14.5 3.093308644180462e-09 3.644946170427748e-07 20400
14.75 2.507429763346918e-09 2.97237058993704e-07 19040
15 2.041697401123108e-09 2.464000610907591e-07 18252
15.25 1.554008650084948e-09 1.961445405806052e-07 16760
15.5 1.334141054176976e-09 1.650614670555907e-07 15776
15.75 9.835647291026784e-10 1.286169658240411e-07 13704
16 8.55997028569764e-10 1.06820827985348e-07 13112
16.25 6.686096017206994e-10 8.664509075937298e-08 11652
16.5 4.600007213706326e-10 6.412255757775006e-08 9776
16.75 3.437975979885053e-10 4.782112539978992e-08 8448
17 2.12684755284916e-10 3.182893236820948e-08 7013
17.25 1.248093687100364e-10 1.956383733107916e-08 5546
17.5 9.05065720076462e-11 1.429260611490091e-08 4722
17.75 6.238029156600537e-11 9.903781210270086e-09 3782
18 4.494866509765663e-11 7.226482639304668e-09 3174
18.25 3.215006349430833e-11 5.419375187979699e-09 2582
18.5 2.287566544115181e-11 3.82287222052744e-09 1928
18.75 1.692344318607528e-11 2.974218079052986e-09 1662
19 1.20572276618147e-11 2.077744675750434e-09 1256
19.25 7.81608571224176e-12 1.305288629517507e-09 864
19.5 3.778448786255669e-12 6.26896027483099e-10 428
19.75 3.36631543238434e-12 5.791872703732635e-10 456
20 1.969428839008931e-12 3.279169119147065e-10 248
20.25 8.856119118754321e-13 1.600443998513876e-10 104
20.5 1.18496628572158e-13 2.632103683430354e-11 18
20.75 3.217797731546628e-14 5.246163324543367e-12 7

0.25 6.894088615786232e-10 9.575740385865904e-09 18
0.5 5.093569853819293e-09 5.526827427959936e-08 62
0.75 8.67995882419983e-09 1.187047191734531e-07 98
1 1.871935804648112e-08 4.030872863039928e-07 210
1.25 3.08479438533222e-08 7.382183973323046e-07 350
1.5 4.580291012188858e-08 1.00527907530615e-06 450
1.75 6.12754775823633e-08 1.404047887015124e-06 602
2 6.309381127091038e-08 1.562830486060166e-06 762
2.25 8.733102043487592e-08 2.313781303230703e-06 1142
2.5 8.802714604178689e-08 2.643742484706843e-06 1250
2.75 9.285982245197087e-08 2.99121306351311e-06 1458
3 1.159118000840166e-07 3.524998504091517e-06 1814
3.25 1.365614694986404e-07 4.246997143181023e-06 2178
3.5 1.44132751124538e-07 4.98792403243401e-06 2498
3.75 1.418968347067896e-07 4.957869522480699e-06 2622
4 1.605887144366621e-07 5.780265578005229e-06 3338
4.25 1.674993659434244e-07 6.326162864274291e-06 3722
4.5 1.677277884875895e-07 7.063191079052099e-06 4170
4.75 1.594822991153427e-07 6.967721972526568e-06 4358
5 1.728422200291081e-07 7.849777156399124e-06 5034
5.25 1.789639120300421e-07 8.594297659598566e-06 5714
5.5 1.746351219282986e-07 8.414746760347226e-06 5982
5.75 1.721652770701768e-07 8.505639048729059e-06 6602
6 1.633583320918391e-07 8.727081723478878e-06 7130
6.25 1.679964299820331e-07 9.372547629946808e-06 8034
6.5 1.562783084263323e-07 9.07058345440139e-06 8606
6.75 1.488357845541133e-07 8.856702986802569e-06 9066
7 1.428182921476306e-07 8.982596922002824e-06 9962
7.25 1.342884215315593e-07 8.670220127636776e-06 10550
7.5 1.229629033728559e-07 8.282000853886704e-06 11226
7.75 1.156260620697044e-07 8.340355283654167e-06 12146
8 1.027789192391859e-07 7.562940736734813e-06 12606
8.25 9.96851310394626e-08 7.450929682440589e-06 13802
8.5 9.157435965731234e-08 7.157371385918357e-06 14754
8.75 8.298645552115038e-08 6.761384269047036e-06 15194
9 7.758633093886933e-08 6.560820277322547e-06 16454
9.25 7.135586737697494e-08 6.10593636472188e-06 17154
9.5 6.609690194473838e-08 5.776969739911417e-06 18266
9.75 5.897754556921976e-08 5.279231256479544e-06 18750
10 5.683111673832014e-08 5.119412267556532e-06 20234
10.25 5.208023109654827e-08 4.822967819515412e-06 21450
10.5 4.825219958376972e-08 4.647356246848876e-06 21962
10.75 4.507942295073631e-08 4.347343564336246e-06 23462
11 4.179663943131067e-08 4.11467924008667e-06 24042
11.25 4.023225200595787e-08 3.986896724212322e-06 25946
11.5 3.800727417634167e-08 3.787220212766421e-06 26118
11.75 3.562597098208874e-08 3.617301429007911e-06 27506
12 3.380018498426801e-08 3.405300758663774e-06 28631
12.25 2.765797771787629e-08 2.897150685635052e-06 28596
12.5 2.092505691278094e-08 2.328436322146136e-06 27848
12.75 1.538732148138837e-08 1.86769520782555e-06 26544
13 1.304946438681951e-08 1.546268631492457e-06 26456
13.25 9.945337808858586e-09 1.215666090327627e-06 25284
13.5 7.692095051238751e-09 9.708084803094062e-07 24260
13.75 6.141625130956212e-09 7.976421733448505e-07 23312
14 4.881200707687487e-09 6.634211424453715e-07 22368
14.25 3.931737328755498e-09 5.51812877127825e-07 21872
14.5 3.186676721177829e-09 4.483188800322042e-07 20400
14.75 2.536363538751265e-09 3.584661852926192e-07 19040
15 2.06813508194975e-09 2.952136096594667e-07 18252
15.25 1.594605435913127e-09 2.428509143398494e-07 16760
15.5 1.386290324499713e-09 2.074069336759253e-07 15776
15.75 1.03942171635157e-09 1.599672807358253e-07 13704
16 8.914622619733573e-10 1.364559336400791e-07 13112
16.25 6.8722767368859e-10 1.054883222294671e-07 11652
16.5 4.863032430264098e-10 7.914943745785899e-08 9776
16.75 3.649720449259213e-10 5.952685212011165e-08 8448
17 2.230482305088719e-10 3.688388103452505e-08 7013
17.25 1.364670222145136e-10 2.336671902898205e-08 5546
17.5 9.474046969977763e-11 1.830254055429166e-08 4722
17.75 6.698085736434484e-11 1.208604139357599e-08 3782
18 4.883435810570622e-11 9.113817378383318e-09 3174
18.25 3.476638374541263e-11 6.691146351837566e-09 2582
18.5 2.395800873567963e-11 4.923253491452137e-09 1928
18.75 1.916390304882846e-11 3.586293220701717e-09 1662
19 1.19944420706573e-11 2.620321253708631e-09 1256
19.25 8.433710413808449e-12 1.744315586306024e-09 864
19.5 3.747763501204758e-12 7.52769990063267e-10 428
19.75 3.458453175295083e-12 6.643984862266304e-10 456
20 2.047561287016749e-12 4.437038174376526e-10 248
20.25 8.077746861461265e-13 2.250864539505659e-10 104
20.5 2.457592997532176e-13 3.942805656110912e-11 18
20.75 6.980061778630712e-14 5.469389923102844e-12 7

0.25 1.034330156641942e-09 3.268417276524968e-09 18
0.5 4.875204457548543e-09 1.699249513120048e-08 62
0.75 1.200934007760041e-08 3.923784896002819e-08 98
1 3.329935857364134e-08 9.40464625150394e-08 210
1.25 5.707614500207291e-08 2.469519863060022e-07 350
1.5 6.40054813673807e-08 3.614157147370494e-07 450
1.75 7.381456406354177e-08 5.285117263579703e-07 602
2 8.867827511932027e-08 7.043025635447334e-07 762
2.25 1.350555484538431e-07 1.135779346699519e-06 1142
2.5 1.401130738492386e-07 1.219953929134596e-06 1250
2.75 1.474241747104836e-07 1.480195395226915e-06 1458
3 1.684331168995565e-07 1.943584678154044e-06 1814
3.25 1.865777728840265e-07 2.286696601090453e-06 2178
3.5 1.930209426989434e-07 2.803547673564064e-06 2498
3.75 1.840673931971224e-07 2.918246772778707e-06 2622
4 2.014837526774719e-07 3.93862607356343e-06 3338
4.25 2.11772795139001e-07 4.139343976827962e-06 3722
4.5 2.173621919369701e-07 4.672746367319065e-06 4170
4.75 2.02556836441293e-07 4.765161242366083e-06 4358
5 2.156244455759539e-07 5.556017696928342e-06 5034
5.25 2.186098584373043e-07 6.182567699387705e-06 5714
5.5 2.075829818090888e-07 6.330677811577319e-06 5982
5.75 2.014574337984997e-07 6.583518144850555e-06 6602
6 2.016023104843249e-07 6.717250536784153e-06 7130
6.25 1.949608474215412e-07 7.074947143579976e-06 8034
6.5 1.759627180176858e-07 7.046959919570018e-06 8606
6.75 1.656295540107396e-07 6.912705156638994e-06 9066
7 1.592522256840023e-07 7.369794914513138e-06 9962
7.25 1.511465760596914e-07 7.013567855317592e-06 10550
7.5 1.430914123917884e-07 6.787564405212974e-06 11226
7.75 1.306703913638076e-07 6.525109399986291e-06 12146
8 1.163757143079902e-07 6.349175496626895e-06 12606
8.25 1.125435975154233e-07 6.19941041987737e-06 13802
8.5 1.034191831174333e-07 5.984996122434545e-06 14754
8.75 9.54136669949845e-08 5.53561784834964e-06 15194
9 8.806889609734948e-08 5.424937615949861e-06 16454
9.25 8.069886899909513e-08 5.252539411511867e-06 17154
9.5 7.404703014819557e-08 4.877086674230371e-06 18266
9.75 6.805899050039077e-08 4.694249053361253e-06 18750
10 6.373427488934661e-08 4.506001483528807e-06 20234
10.25 5.984167852935256e-08 4.309864052701513e-06 21450
10.5 5.355780697387077e-08 4.034258587740762e-06 21962
10.75 5.193758911283378e-08 3.910148597095422e-06 23462
11 4.721055391435144e-08 3.670408101157449e-06 24042
11.25 4.639719603171637e-08 3.600099605247873e-06 25946
11.5 4.29141379358969e-08 3.325256283498976e-06 26118
11.75 4.164887106017604e-08 3.248097865910534e-06 27506
12 3.877073093226131e-08 3.135256100557183e-06 28631
12.25 3.107956452873267e-08 2.730301778744304e-06 28596
12.5 2.411131536675809e-08 2.174004735338725e-06 27848
12.75 1.860800985598249e-08 1.722200566013759e-06 26544
13 1.507791684508333e-08 1.443305453875503e-06 26456
13.25 1.14199587644653e-08 1.1691500651731e-06 25284
13.5 8.882865965779935e-09 9.43398697520087e-07 24260
13.75 7.136986911138542e-09 7.932833131527428e-07 23312
14 5.735170552290992e-09 6.53513458107968e-07 22368
14.25 4.706806313603577e-09 5.443366113167747e-07 21872
14.5 3.683369316264113e-09 4.358683067307783e-07 20400
14.75 3.009313504067687e-09 3.552932586488661e-07 19040
15 2.505894872067794e-09 2.970984520468266e-07 18252
15.25 1.913556440472308e-09 2.426579624276216e-07 16760
15.5 1.632127031568085e-09 2.073259113540536e-07 15776
15.75 1.21911760016599e-09 1.608178348317312e-07 13704
16 1.031169741748234e-09 1.346483073959089e-07 13112
16.25 7.980411630069974e-10 1.089407870604647e-07 11652
16.5 5.719646147088976e-10 7.920981803497151e-08 9776
16.75 4.236531131071802e-10 6.005665271307231e-08 8448
17 2.629602566486815e-10 3.912253391890526e-08 7013
17.25 1.624969458827061e-10 2.45131505501222e-08 5546
17.5 1.138770477476648e-10 1.754680032778262e-08 4722
17.75 7.897053455033532e-11 1.238644072390044e-08 3782
18 5.737075375019519e-11 9.546524608749038e-09 3174
18.25 4.05542016689457e-11 7.209570013688352e-09 2582
18.5 2.965795023035391e-11 4.702125029872437e-09 1928
18.75 2.246554490562532e-11 3.823990759191879e-09 1662
19 1.537575313668742e-11 2.818087905201252e-09 1256
19.25 9.085835284094836e-12 1.590497676114872e-09 864
19.5 4.581575607978607e-12 8.49483503372749e-10 428
19.75 4.846032925992521e-12 8.629680022866938e-10 456
20 2.955601582787793e-12 4.308638198005765e-10 248
20.25 9.593227120032976e-13 1.899501449118057e-10 104
20.5 1.290951085258888e-13 2.056337489738234e-11 18
20.75 4.444334021998482e-14 1.521810568796022e-11 7

0.25 4.133503269337253e-10 6.20913577431404e-09 18
0.5 4.566722862732928e-09 5.409869564203941e-08 62
0.75 1.126637781684901e-08 9.566923336791275e-08 98
1 2.357891633343664e-08 2.628822493899911e-07 210
1.25 3.446022619667399e-08 4.8613646522806e-07 350
1.5 4.55204013058513e-08 6.817309665444577e-07 450
1.75 6.076300233565326e-08 9.228446287313972e-07 602
2 6.906894277432174e-08 1.266478086282398e-06 762
2.25 8.40022320593564e-08 1.707275644917743e-06 1142
2.5 8.378805522811182e-08 2.004367501802381e-06 1250
2.75 9.641271049525409e-08 2.136244342066491e-06 1458
3 1.095659325093043e-07 2.800828769762189e-06 1814
3.25 1.212661036973434e-07 3.271046968777542e-06 2178
3.5 1.383449028775496e-07 3.578552522217773e-06 2498
3.75 1.238665637937e-07 3.766379428187096e-06 2622
4 1.486861612327529e-07 4.731536018281608e-06 3338
4.25 1.637886894452041e-07 4.818162545146239e-06 3722
4.5 1.662665658520416e-07 5.602624515103102e-06 4170
4.75 1.601440710212017e-07 5.646219307344106e-06 4358
5 1.64912380470283e-07 6.471421377746518e-06 5034
5.25 1.696315008064802e-07 7.263625060728531e-06 5714
5.5 1.572130278784576e-07 6.759189713830987e-06 5982
5.75 1.64120933136379e-07 7.363977715256269e-06 6602
6 1.590141589201265e-07 7.270337011975381e-06 7130
6.25 1.573122206886764e-07 7.796128331073801e-06 8034
6.5 1.54476118800525e-07 7.888630062593695e-06 8606
6.75 1.392836772173753e-07 7.696906319644216e-06 9066
7 1.398433692463487e-07 7.762696330728949e-06 9962
7.25 1.293970738787075e-07 7.582280628590485e-06 10550
7.5 1.190730577963607e-07 7.30609923173492e-06 11226
7.75 1.15406166716482e-07 7.622649499251949e-06 12146
8 1.045390116560663e-07 6.863311029947821e-06 12606
8.25 9.961494249592515e-08 6.770483542234435e-06 13802
8.5 9.275735359862738e-08 6.713245860593952e-06 14754
8.75 8.459084748596972e-08 6.127715852744903e-06 15194
9 8.030770997181426e-08 5.984331970047237e-06 16454
9.25 7.329229374548206e-08 5.633854549358039e-06 17154
9.5 6.81778441213148e-08 5.341985264481256e-06 18266
9.75 6.334541984607065e-08 5.127806179116167e-06 18750
10 5.909410053128606e-08 4.862968436502709e-06 20234
10.25 5.507796530723302e-08 4.76043113969099e-06 21450
10.5 5.08154006881283e-08 4.396149497805535e-06 21962
10.75 4.841673801916816e-08 4.301241018401879e-06 23462
11 4.47797064632233e-08 4.054551511098253e-06 24042
11.25 4.342675314809627e-08 3.999396692392672e-06 25946
11.5 3.945647658768773e-08 3.725763907881778e-06 26118
11.75 3.875219672817593e-08 3.675158724013589e-06 27506
12 3.61841239023989e-08 3.488933516144669e-06 28631
12.25 2.997902821137007e-08 2.905789543815753e-06 28596
12.5 2.321144406067976e-08 2.381255851286886e-06 27848
12.75 1.771481160695521e-08 1.90826341650751e-06 26544
13 1.476703604185325e-08 1.630747990333953e-06 26456
13.25 1.113483273719416e-08 1.313866799361094e-06 25284
13.5 8.813490099618407e-09 1.053006396930337e-06 24260
13.75 7.189079828791639e-09 8.660637636950485e-07 23312
14 5.697781571258639e-09 7.347323506970037e-07 22368
14.25 4.731516266290046e-09 6.076751552636491e-07 21872
14.5 3.777455939559808e-09 4.909592319455042e-07 20400
14.75 3.014201501588565e-09 4.068331280903856e-07 19040
15 2.538094539873875e-09 3.40192839531597e-07 18252
15.25 2.018160200389975e-09 2.743239090998057e-07 16760
15.5 1.695132058115494e-09 2.365054639796758e-07 15776
15.75 1.257832820871692e-09 1.823381184052661e-07 13704
16 1.063652161717843e-09 1.5877749981844e-07 13112
16.25 8.387888248614698e-10 1.2143400601806e-07 11652
16.5 5.940416878627087e-10 9.129572648907576e-08 9776
16.75 4.429885916898019e-10 6.440016338676456e-08 8448
17 2.671424923040332e-10 4.188125234380864e-08 7013
17.25 1.634552310199248e-10 2.845898109012845e-08 5546
17.5 1.200121852083957e-10 2.150508250087209e-08 4722
17.75 8.092295207983963e-11 1.403390350186381e-08 3782
18 5.851850245937506e-11 1.078230012476097e-08 3174
18.25 4.495644555877835e-11 7.92110516798427e-09 2582
18.5 3.164378201012652e-11 5.406179498725998e-09 1928
18.75 2.284329936919841e-11 4.379508634002736e-09 1662
19 1.628034716672481e-11 3.259942506231926e-09 1256
19.25 1.065673599966071e-11 1.812331122616262e-09 864
19.5 4.817602791303445e-12 1.121839678944327e-09 428
19.75 4.942234509499604e-12 8.904154844546513e-10 456
20 2.561384969503154e-12 5.523967407546916e-10 248
20.25 1.034067649844021e-12 2.500943999960307e-10 104
20.5 1.72682835596179e-13 3.578003559496978e-11 18
20.75 9.289497568477484e-14 1.419624105863323e-11 7

0.25 6.987191899560707e-10 2.663970476310858e-09 18
0.5 4.104936671058709e-09 3.765056612648127e-08 62
0.75 1.062618085058055e-08 7.277452787118503e-08 98
1 2.637490590865039e-08 1.90722442620394e-07 210
1.25 3.442255282214721e-08 3.849007022298638e-07 350
1.5 4.178656784077778e-08 5.37201786169955e-07 450
1.75 5.298712834181713e-08 6.393500851795316e-07 602
2 6.050860893150518e-08 9.434978736155304e-07 762
2.25 8.251713154837822e-08 1.336336260859461e-06 1142
2.5 8.229240262512372e-08 1.569607119488214e-06 1250
2.75 1.03819841024455e-07 1.755013252383574e-06 1458
3 1.134382339169575e-07 2.389878996116957e-06 1814
3.25 1.240957291807161e-07 2.807460949953283e-06 2178
3.5 1.437016203511453e-07 3.107139101005637e-06 2498
3.75 1.366479807237132e-07 3.244040889756122e-06 2622
4 1.556553010416598e-07 4.008735375419726e-06 3338
4.25 1.591460409661249e-07 4.64058128948322e-06 3722
4.5 1.629986357297078e-07 5.016226266695743e-06 4170
4.75 1.556603182094276e-07 5.095196769535688e-06 4358
5 1.719374772451767e-07 5.964279099997391e-06 5034
5.25 1.734882559335273e-07 6.369607110603894e-06 5714
5.5 1.644850698145435e-07 6.48109715592962e-06 5982
5.75 1.589749470363611e-07 6.516158083913131e-06 6602
6 1.586297350984172e-07 6.990441979774743e-06 7130
6.25 1.63084228227369e-07 7.490668790643633e-06 8034
6.5 1.496473977112235e-07 7.431022195637124e-06 8606
6.75 1.419505714394719e-07 7.294650374412924e-06 9066
7 1.354982734327093e-07 7.283970782722573e-06 9962
7.25 1.291422699624652e-07 7.312445974377976e-06 10550
7.5 1.217414619782846e-07 7.233166434667598e-06 11226
7.75 1.142016137253575e-07 7.003300892831589e-06 12146
8 1.040655471938131e-07 6.564463630091342e-06 12606
8.25 1.000164401142902e-07 6.531676314300959e-06 13802
8.5 9.51612367122907e-08 6.499432964814413e-06 14754
8.75 8.352235110459731e-08 5.929140211008118e-06 15194
9 8.057399350825227e-08 5.821091638103317e-06 16454
9.25 7.442559702266005e-08 5.457004777212412e-06 17154
9.5 6.918873780525473e-08 5.251613741610418e-06 18266
9.75 6.358288918982509e-08 4.873986054227689e-06 18750
10 5.94514928421894e-08 4.773621370658458e-06 20234
10.25 5.704889772359649e-08 4.597375330565649e-06 21450
10.5 5.112437305252846e-08 4.347844091825851e-06 21962
10.75 4.85730430080664e-08 4.245767394695581e-06 23462
11 4.63011451700691e-08 3.971703506675678e-06 24042
11.25 4.413618818627515e-08 3.881247089180612e-06 25946
11.5 4.22871961076187e-08 3.684012431584891e-06 26118
11.75 3.978653909537697e-08 3.614542500536588e-06 27506
12 3.824766307067044e-08 3.415524125932018e-06 28631
12.25 3.106084208811575e-08 2.952881343727634e-06 28596
12.5 2.369932867655966e-08 2.447075305244086e-06 27848
12.75 1.842878371652674e-08 1.962315103918371e-06 26544
13 1.509621734915601e-08 1.652352767412653e-06 26456
13.25 1.153056040815301e-08 1.337226579153866e-06 25284
13.5 9.106939591406418e-09 1.100833006709298e-06 24260
13.75 7.544134971955402e-09 9.119223623527346e-07 23312
14 6.070378747256456e-09 7.480309538623725e-07 22368
14.25 5.008453470248116e-09 6.293161447022175e-07 21872
14.5 3.970424779559186e-09 5.18214108210187e-07 20400
14.75 3.249896671225379e-09 4.24130762841268e-07 19040
15 2.650078933562475e-09 3.565341654361397e-07 18252
15.25 2.10141035918863e-09 2.883635820502725e-07 16760
15.5 1.862701325438169e-09 2.525302805066523e-07 15776
15.75 1.348710074699333e-09 1.906173251371689e-07 13704
16 1.154406438259775e-09 1.635891026656536e-07 13112
16.25 8.956226817545154e-10 1.308612934009717e-07 11652
16.5 6.375945367242249e-10 9.509446795527856e-08 9776
16.75 4.782697023147952e-10 7.227188096784798e-08 8448
17 2.919078338043655e-10 4.785505018260365e-08 7013
17.25 1.817463493958528e-10 3.068786842985535e-08 5546
17.5 1.307376736056893e-10 2.136089680476314e-08 4722
17.75 9.008182805262138e-11 1.531854052533443e-08 3782
18 6.579938088141172e-11 1.115996880035653e-08 3174
18.25 4.892550625586569e-11 8.23647648701026e-09 2582
18.5 3.273370918595128e-11 5.483940840026032e-09 1928
18.75 2.535158143794976e-11 4.413653333958458e-09 1662
19 1.768839087573943e-11 2.985768483079882e-09 1256
19.25 1.081382678017838e-11 2.152057654069345e-09 864
19.5 5.008669319756143e-12 9.499056624075848e-10 428
19.75 5.663850872900285e-12 1.003921744428299e-09 456
20 3.344787046508615e-12 5.159612799286609e-10 248
20.25 1.352298461402612e-12 1.637601120768564e-10 104
20.5 2.429046215934441e-13 2.34645548106857e-11 18
20.75 7.590193646277117e-14 2.74636282736369e-11 7

0.25 1.423377636234104e-09 2.882024891813354e-09 18
0.5 9.998907685326922e-09 1.323754775972494e-08 62
0.75 1.539790699896184e-08 3.621155042601937e-08 98
1 4.112306649552158e-08 1.114212968637401e-07 210
1.25 6.363259900429835e-08 2.004166523008552e-07 350
1.5 6.602379554246967e-08 2.951131706330607e-07 450
1.75 7.778217669782688e-08 4.596179495312014e-07 602
2 8.149177566692654e-08 5.933655080840276e-07 762
2.25 1.109783911530931e-07 1.016927585835183e-06 1142
2.5 1.074670520062452e-07 1.146380722338646e-06 1250
2.75 1.102688123600361e-07 1.289372233187794e-06 1458
3 1.346253012596412e-07 1.681029476085105e-06 1814
3.25 1.434952397406988e-07 2.067695134596077e-06 2178
3.5 1.486346371688347e-07 2.213847874579946e-06 2498
3.75 1.471237810849176e-07 2.500655482261423e-06 2622
4 1.694008043994847e-07 3.20493678733933e-06 3338
4.25 1.775755363539167e-07 3.673872921192276e-06 3722
4.5 1.749430471461411e-07 4.050242586767018e-06 4170
4.75 1.593430803343414e-07 4.173069059453908e-06 4358
5 1.801560533557442e-07 4.813182566584208e-06 5034
5.25 1.785876338233647e-07 5.172056464299399e-06 5714
5.5 1.681906312911327e-07 5.266936232967236e-06 5982
5.75 1.653581905720146e-07 5.686700940013834e-06 6602
6 1.636924591006079e-07 5.95673780263817e-06 7130
6.25 1.631173743653536e-07 6.412668162232077e-06 8034
6.5 1.538125490181981e-07 6.55551690610446e-06 8606
6.75 1.488181013375684e-07 6.322697172398639e-06 9066
7 1.41095531840557e-07 6.477277971560029e-06 9962
7.25 1.351747974372018e-07 6.328096968233425e-06 10550
7.5 1.251023221135439e-07 6.274700134302326e-06 11226
7.75 1.163976624687209e-07 6.069884527221183e-06 12146
8 1.071695434357142e-07 5.903646268110812e-06 12606
8.25 1.018242823163293e-07 5.966893574331029e-06 13802
8.5 9.721770670839423e-08 5.702705860224661e-06 14754
8.75 8.645329096983355e-08 5.430478579739037e-06 15194
9 8.243362882246126e-08 5.273031635656674e-06 16454
9.25 7.643621500858096e-08 5.008042426543114e-06 17154
9.5 7.022753457739041e-08 4.803738043598498e-06 18266
9.75 6.470573542598157e-08 4.493384504994276e-06 18750
10 6.219487404845148e-08 4.369195516701577e-06 20234
10.25 5.813987897852128e-08 4.352615878849792e-06 21450
10.5 5.353485831402241e-08 3.947121197865158e-06 21962
10.75 5.09065567653992e-08 3.899245712560048e-06 23462
11 4.792200996345895e-08 3.754626693794349e-06 24042
11.25 4.647302295912774e-08 3.665797295248166e-06 25946
11.5 4.324470680345079e-08 3.515510893320002e-06 26118
11.75 4.121742954161985e-08 3.382923076663835e-06 27506
12 3.885411964055462e-08 3.235238774862166e-06 28631
12.25 3.249174201363929e-08 2.848869706546171e-06 28596
12.5 2.535199226484386e-08 2.326941862352701e-06 27848
12.75 1.97541479424582e-08 1.868630456373203e-06 26544
13 1.58133519873769e-08 1.569724166510596e-06 26456
13.25 1.222386470572903e-08 1.2942681535057e-06 25284
13.5 9.748179619127081e-09 1.051318896830147e-06 24260
13.75 7.896135148243719e-09 8.925356353443637e-07 23312
14 6.452177469196946e-09 7.329125289660394e-07 22368
14.25 5.325750407130784e-09 6.227667590159724e-07 21872
14.5 4.249017553198682e-09 5.132493782869128e-07 20400
14.75 3.418573631619881e-09 4.23781712168676e-07 19040
15 2.816574134716917e-09 3.593361786204976e-07 18252
15.25 2.258199267154758e-09 2.88191496055633e-07 16760
15.5 1.92807784599329e-09 2.588480183254637e-07 15776
15.75 1.443356999576016e-09 1.916916306843008e-07 13704
16 1.269560360823806e-09 1.671799735468478e-07 13112
16.25 9.623182249064077e-10 1.299223216040035e-07 11652
16.5 7.265649874063759e-10 9.605515619180823e-08 9776
16.75 5.313365556702946e-10 7.323953412596316e-08 8448
17 3.310105745738539e-10 4.859457633453658e-08 7013
17.25 2.012354811211144e-10 3.180440172866751e-08 5546
17.5 1.429736470134623e-10 2.202723062976615e-08 4722
17.75 9.873630294278418e-11 1.644643111614888e-08 3782
18 6.839034806978773e-11 1.156945199151444e-08 3174
18.25 5.035603816222122e-11 8.857050960912602e-09 2582
18.5 3.302437297777168e-11 6.170879447816634e-09 1928
18.75 2.726450480588242e-11 4.751601637590672e-09 1662
19 1.869383712199604e-11 3.393094012943258e-09 1256
19.25 1.134993019026765e-11 2.067361611554588e-09 864
19.5 4.869306484214086e-12 1.110080975265434e-09 428
19.75 5.6686408039109e-12 1.106839743762659e-09 456
20 3.24961483591612e-12 6.19310311344221e-10 248
20.25 1.23324430177838e-12 1.995094692093131e-10 104
20.5 9.735060094746918e-14 3.372652445112549e-11 18
20.75 1.557458927059193e-13 8.813472277004002e-12 7

0.25 6.115750366488337e-10 3.725980539812409e-09 18
0.5 6.086509661614608e-09 2.776318990807495e-08 62
0.75 9.747331224546931e-09 8.856552456867036e-08 98
1 1.965008893765473e-08 2.2761361701369e-07 210
1.25 2.731561148835614e-08 4.532363744070942e-07 350
1.5 3.754237208764785e-08 5.503780771880536e-07 450
1.75 4.178417868936056e-08 7.444937582769478e-07 602
2 4.983434069163962e-08 1.007442927984241e-06 762
2.25 6.403876301543288e-08 1.423245426529064e-06 1142
2.5 6.811570900901433e-08 1.639445671689596e-06 1250
2.75 8.046661386768392e-08 1.952116503475371e-06 1458
3 8.515260311301273e-08 2.34516300049391e-06 1814
3.25 9.878813887090151e-08 2.625471083335301e-06 2178
3.5 1.064494854934896e-07 3.118895363761311e-06 2498
3.75 9.602588926427547e-08 3.186524706541083e-06 2622
4 1.216688174011984e-07 4.020469169154131e-06 3338
4.25 1.240376536560894e-07 4.556908853509794e-06 3722
4.5 1.273827798943904e-07 4.807158817099953e-06 4170
4.75 1.322111715667649e-07 5.058373876333266e-06 4358
5 1.348409052980966e-07 5.610184355580953e-06 5034
5.25 1.412083330004188e-07 6.202568503978695e-06 5714
5.5 1.391925726732469e-07 6.25598678514463e-06 5982
5.75 1.427552641702165e-07 6.481547265209636e-06 6602
6 1.340701124474392e-07 6.813391866525336e-06 7130
6.25 1.380372357963888e-07 7.18604902939273e-06 8034
6.5 1.284886125733424e-07 7.21194932443488e-06 8606
6.75 1.21204910438218e-07 7.154799799816441e-06 9066
7 1.19512926631155e-07 7.249564456003192e-06 9962
7.25 1.132420815682286e-07 7.286771240256268e-06 10550
7.5 1.068192148578706e-07 7.002813768149326e-06 11226
7.75 1.04982249388974e-07 6.923278838788167e-06 12146
8 9.404912360312161e-08 6.588561894449252e-06 12606
8.25 9.039767225071273e-08 6.664795787616195e-06 13802
8.5 8.422354087986533e-08 6.365845313079013e-06 14754
8.75 8.001622646462233e-08 6.090432822450716e-06 15194
9 7.47141417665544e-08 5.971340353637677e-06 16454
9.25 6.879218725415776e-08 5.585247566139312e-06 17154
9.5 6.443843354397902e-08 5.354882978881295e-06 18266
9.75 5.843859835752532e-08 5.139772243449784e-06 18750
10 5.621797431524625e-08 5.08320563130319e-06 20234
10.25 5.340011384078136e-08 4.846011297925596e-06 21450
10.5 4.940781467966593e-08 4.433753530572496e-06 21962
10.75 4.73674594690111e-08 4.351366098843586e-06 23462
11 4.368786472887583e-08 4.156428412075419e-06 24042
11.25 4.294280055753586e-08 4.171255124726252e-06 25946
11.5 4.130170277523844e-08 3.921375604336997e-06 26118
11.75 3.912407284642709e-08 3.850980735539927e-06 27506
12 3.718780636194184e-08 3.637813028503533e-06 28631
12.25 3.041949806428555e-08 3.197262022222867e-06 28596
12.5 2.362178645929315e-08 2.571163769373115e-06 27848
12.75 1.823557276284629e-08 2.084377109734864e-06 26544
13 1.505257787076238e-08 1.778956165239705e-06 26456
13.25 1.17226640862228e-08 1.437384085467997e-06 25284
13.5 9.514225301142832e-09 1.18178619885276e-06 24260
13.75 7.590194616981164e-09 9.900991233599318e-07 23312
14 6.309990518895242e-09 8.115667426303655e-07 22368
14.25 5.17830439766184e-09 6.997641619583277e-07 21872
14.5 4.142062716426714e-09 5.691878658121158e-07 20400
14.75 3.335268090235186e-09 4.845461426035521e-07 19040
15 2.777744624667247e-09 4.120744470239139e-07 18252
15.25 2.217010010954006e-09 3.311597171551813e-07 16760
15.5 1.91955104927595e-09 2.87115175932664e-07 15776
15.75 1.436280019220283e-09 2.169890274712063e-07 13704
16 1.242766149216053e-09 1.884954019928477e-07 13112
16.25 9.736239958224859e-10 1.50445518500083e-07 11652
16.5 7.148789264126805e-10 1.109616475679033e-07 9776
16.75 5.197598424923532e-10 8.221244556305406e-08 8448
17 3.326021385735929e-10 5.459373648862747e-08 7013
17.25 2.072198946205223e-10 3.686118420917984e-08 5546
17.5 1.494634830100981e-10 2.618228601223686e-08 4722
17.75 9.841280032087516e-11 1.772181173253147e-08 3782
18 7.716590385154847e-11 1.319013652960448e-08 3174
18.25 5.758387611281207e-11 9.687471288115391e-09 2582
18.5 3.646393842316963e-11 6.885942915230162e-09 1928
18.75 2.676459559345846e-11 5.519505910498856e-09 1662
19 1.871191921830084e-11 3.60707764936389e-09 1256
19.25 1.231477643796353e-11 2.357506217321808e-09 864
19.5 5.962553261819578e-12 1.218909216434405e-09 428
19.75 6.415343844031364e-12 1.138027664807353e-09 456
20 3.102624541824415e-12 6.534771507273908e-10 248
20.25 1.132825336205851e-12 2.638015976852561e-10 104
20.5 3.000312679747609e-13 4.998489079876687e-11 18
20.75 9.323103123807936e-14 2.606798100032308e-11 7

0.25 1.365675190029647e-09 1.650892497190962e-09 18
0.5 6.584727598355843e-09 1.215035275926061e-08 62
0.75 1.31629054611977e-08 3.683339530640445e-08 98
1 2.635888036916656e-08 8.083923428407446e-08 210
1.25 3.854867115870694e-08 1.444042878807444e-07 350
1.5 4.410053038161317e-08 1.996047016855339e-07 450
1.75 5.767415847371199e-08 3.328967987630193e-07 602
2 6.794321353356853e-08 4.371505304157645e-07 762
2.25 9.271977982412688e-08 7.026821445510196e-07 1142
2.5 9.951615886948158e-08 8.37449221343273e-07 1250
2.75 1.045854298110277e-07 1.061730173389843e-06 1458
3 1.208364253854411e-07 1.265130697349039e-06 1814
3.25 1.35819234635294e-07 1.653287517016012e-06 2178
3.5 1.37627280528064e-07 1.874350152324772e-06 2498
3.75 1.360721209848988e-07 2.1336404525647e-06 2622
4 1.570530039665861e-07 2.678672254313106e-06 3338
4.25 1.500843855080188e-07 2.902245895574251e-06 3722
4.5 1.576700031557886e-07 3.285008777727365e-06 4170
4.75 1.612558379313965e-07 3.517831158493831e-06 4358
5 1.692479458022333e-07 4.021412099459065e-06 5034
5.25 1.69042398200406e-07 4.653623214676797e-06 5714
5.5 1.597347565974961e-07 4.708802291667837e-06 5982
5.75 1.526475655647184e-07 4.860599601992487e-06 6602
6 1.599079692651728e-07 5.204844236717562e-06 7130
6.25 1.607970307979377e-07 5.505565578457243e-06 8034
6.5 1.469461477949696e-07 5.767340457258649e-06 8606
6.75 1.372034543409713e-07 5.667743313554514e-06 9066
7 1.342229251406399e-07 5.793204256874043e-06 9962
7.25 1.269926826708377e-07 5.907673288926574e-06 10550
7.5 1.186413716996141e-07 5.654004685630074e-06 11226
7.75 1.135865590066614e-07 5.690685653519637e-06 12146
8 1.07291900451669e-07 5.411836206905234e-06 12606
8.25 9.86247789826775e-08 5.51837272384224e-06 13802
8.5 9.298753755432658e-08 5.463037795550947e-06 14754
8.75 8.49792205255564e-08 5.093671248465079e-06 15194
9 8.231086193331002e-08 5.093407690020388e-06 16454
9.25 7.460749698136061e-08 4.688364470860264e-06 17154
9.5 6.97468808124965e-08 4.646299858545125e-06 18266
9.75 6.280750228018984e-08 4.318770424937103e-06 18750
10 6.283983439736896e-08 4.328937871120967e-06 20234
10.25 5.931414277471348e-08 4.195999542360252e-06 21450
10.5 5.419194520668569e-08 4.015349916914048e-06 21962
10.75 5.104565466303921e-08 3.869511198379291e-06 23462
11 4.796483452944072e-08 3.721407795528226e-06 24042
11.25 4.763411413955568e-08 3.718239157910457e-06 25946
11.5 4.441477275101226e-08 3.511320528745622e-06 26118
11.75 4.367649839938846e-08 3.383585387178347e-06 27506
12 4.108041305838303e-08 3.351105447983277e-06 28631
12.25 3.422746800262093e-08 2.919208362356591e-06 28596
12.5 2.620564572339709e-08 2.356897279997823e-06 27848
12.75 2.058984683547871e-08 1.866937798429108e-06 26544
13 1.656860318107845e-08 1.621207440510186e-06 26456
13.25 1.317334020628617e-08 1.332538291342255e-06 25284
13.5 1.039104825839228e-08 1.098427734020702e-06 24260
13.75 8.460889693535794e-09 9.293596988595553e-07 23312
14 6.785236225940813e-09 7.757605255222466e-07 22368
14.25 5.741382033687105e-09 6.626065952642145e-07 21872
14.5 4.541522058895452e-09 5.359198512315516e-07 20400
14.75 3.779428975159553e-09 4.4832912568261e-07 19040
15 3.089263568466055e-09 3.824844835936444e-07 18252
15.25 2.54107324333786e-09 3.088759062559277e-07 16760
15.5 2.124330666253404e-09 2.686425565415692e-07 15776
15.75 1.656360354488788e-09 2.109740259314567e-07 13704
16 1.384344487923276e-09 1.861574105360212e-07 13112
16.25 1.117004591208651e-09 1.461165213351231e-07 11652
16.5 7.9198571976319e-10 1.059521340221944e-07 9776
16.75 5.964037231716883e-10 7.839673448681465e-08 8448
17 3.715230724579326e-10 5.324825836120938e-08 7013
17.25 2.302517689466157e-10 3.413611703109978e-08 5546
17.5 1.649480360119132e-10 2.571157254251926e-08 4722
17.75 1.129306290588209e-10 1.784624628100739e-08 3782
18 7.772023834334917e-11 1.351991377206991e-08 3174
18.25 5.846256300957134e-11 1.032197858785375e-08 2582
18.5 4.029782939458811e-11 6.802432609275119e-09 1928
18.75 3.27886307070315e-11 5.243555833095005e-09 1662
19 2.18345176524212e-11 3.60518636676131e-09 1256
19.25 1.455876411903626e-11 2.350970716370662e-09 864
19.5 5.662557747955712e-12 1.287568075645812e-09 428
19.75 6.906797725415706e-12 1.17821086104425e-09 456
20 3.528457156203188e-12 6.221486264795579e-10 248
20.25 1.197571201722463e-12 3.167527971124878e-10 104
20.5 2.64230338966236e-13 5.411676701374241e-11 18
20.75 1.872422631645305e-13 1.335444053935839e-11 7

0.25 7.69374592753047e-10 3.240249815758798e-09 18
0.5 4.784732565473175e-09 3.905775293540608e-08 62
0.75 8.774130882802862e-09 7.754533188961319e-08 98
1 1.87655062381038e-08 1.999339723470409e-07 210
1.25 3.30390271019268e-08 3.162625146163345e-07 350
1.5 3.134650053601383e-08 3.61120362242653e-07 450
1.75 4.184828162558654e-08 5.505513376801399e-07 602
2 5.077985815407e-08 6.765403940017836e-07 762
2.25 6.323205837019172e-08 1.083932006975079e-06 1142
2.5 6.785558905828853e-08 1.155420711906995e-06 1250
2.75 7.980097085430496e-08 1.455608646126057e-06 1458
3 8.838264494733676e-08 1.774657238496677e-06 1814
3.25 9.414643917076676e-08 2.086583053999072e-06 2178
3.5 1.039377485818463e-07 2.345742001841209e-06 2498
3.75 9.858870202360649e-08 2.549130127303472e-06 2622
4 1.208730719581586e-07 3.228803471177346e-06 3338
4.25 1.248041605387017e-07 3.555933256681388e-06 3722
4.5 1.288247747730235e-07 3.981966011778016e-06 4170
4.75 1.201996772224858e-07 4.231704680501979e-06 4358
5 1.320458172746302e-07 4.655969610640024e-06 5034
5.25 1.415088462910782e-07 4.99656298792726e-06 5714
5.5 1.276535674412848e-07 5.065233901987222e-06 5982
5.75 1.270887796336328e-07 5.367907229995532e-06 6602
6 1.273237505747438e-07 5.674404683763171e-06 7130
6.25 1.331874321015273e-07 6.102291451049763e-06 8034
6.5 1.250090201398118e-07 6.07974899469261e-06 8606
6.75 1.175552092984673e-07 6.059224284246351e-06 9066
7 1.187677377266282e-07 6.184531148201728e-06 9962
7.25 1.068299180629059e-07 6.263934313307411e-06 10550
7.5 1.037896530195457e-07 6.15749577275408e-06 11226
7.75 1.016028648600785e-07 6.08109684214175e-06 12146
8 9.267198191627124e-08 5.686763072748938e-06 12606
8.25 9.213148772730659e-08 5.794096789465723e-06 13802
8.5 8.552463413315766e-08 5.851369659874442e-06 14754
8.75 7.634342332648253e-08 5.460631444423462e-06 15194
9 7.396185665220318e-08 5.404742647377295e-06 16454
9.25 6.80484902206204e-08 5.25534302192316e-06 17154
9.5 6.498404038168328e-08 4.95044880488322e-06 18266
9.75 5.87391977495687e-08 4.722888472885746e-06 18750
10 5.761210784062161e-08 4.672130082041721e-06 20234
10.25 5.363044043838844e-08 4.474051851674054e-06 21450
10.5 4.948852055625624e-08 4.267378066171617e-06 21962
10.75 4.697632446435162e-08 4.149676442439988e-06 23462
11 4.396401331546712e-08 3.947839790774077e-06 24042
11.25 4.362654845571585e-08 3.919487134974735e-06 25946
11.5 4.111211476815928e-08 3.792338473896635e-06 26118
11.75 4.025118520479874e-08 3.761683290299582e-06 27506
12 3.842606880533417e-08 3.556796815342916e-06 28631
12.25 3.282289221203274e-08 3.113879914914639e-06 28596
12.5 2.52722527966091e-08 2.541721831478413e-06 27848
12.75 1.948230576553182e-08 2.051871984796993e-06 26544
13 1.593742748125839e-08 1.798460115628846e-06 26456
13.25 1.255255115582799e-08 1.448510069082269e-06 25284
13.5 1.01312058332465e-08 1.178339221449184e-06 24260
13.75 8.19934071219502e-09 9.94311896396045e-07 23312
14 6.809958841851859e-09 8.384957403210651e-07 22368
14.25 5.661268676061524e-09 7.064942436322087e-07 21872
14.5 4.593994321512584e-09 5.891126039108449e-07 20400
14.75 3.738955297353752e-09 4.843149011538055e-07 19040
15 3.158517308569127e-09 4.112384916926864e-07 18252
15.25 2.475516544183759e-09 3.488540626162027e-07 16760
15.5 2.121740021107012e-09 3.005961483259757e-07 15776
15.75 1.639693286462074e-09 2.338463555352664e-07 13704
16 1.385516526080089e-09 1.996682598793611e-07 13112
16.25 1.084633233757604e-09 1.531474288760426e-07 11652
16.5 7.90105751446777e-10 1.176025360668531e-07 9776
16.75 5.883051029795237e-10 8.607845867527847e-08 8448
17 3.915237809005825e-10 6.010318964452159e-08 7013
17.25 2.289178103166564e-10 3.735624007589558e-08 5546
17.5 1.670816941704885e-10 2.862488094245105e-08 4722
17.75 1.133159911445774e-10 1.991870042787876e-08 3782
18 8.598280940608589e-11 1.477571870860197e-08 3174
18.25 6.150197492689343e-11 1.048239690207383e-08 2582
18.5 4.053071974186421e-11 7.840526744659141e-09 1928
18.75 3.199788741653829e-11 5.804336985157228e-09 1662
19 2.315409651838052e-11 3.967353681906802e-09 1256
19.25 1.399871521675513e-11 2.688339426288875e-09 864
19.5 7.438683825217435e-12 1.429267185205872e-09 428
19.75 7.169089302706542e-12 1.441125925707804e-09 456
20 3.503282420390747e-12 7.674328423385574e-10 248
20.25 1.378427760966245e-12 2.745992973538475e-10 104
20.5 2.714534978940262e-13 7.026146144811608e-11 18
20.75 5.391079132432429e-14 2.185202855809638e-11 7

0.25 1.194605326624734e-09 3.475000665692366e-09 18
0.5 7.347798421843803e-09 1.990742738085773e-08 62
0.75 1.268336393513611e-08 5.160343797483749e-08 98
1 1.959996782712131e-08 1.599154348720412e-07 210
1.25 2.789772336464517e-08 2.387503880156354e-07 350
1.5 2.986550214093413e-08 3.558576200769133e-07 450
1.75 3.522594505624433e-08 4.837844861227563e-07 602
2 4.43365516436867e-08 6.622546614859383e-07 762
2.25 6.423454658012899e-08 1.022317278013558e-06 1142
2.5 6.121817428295817e-08 9.947582505159214e-07 1250
2.75 6.489915953132454e-08 1.235987462305869e-06 1458
3 8.064856319784481e-08 1.513642806741808e-06 1814
3.25 9.062060682193833e-08 1.855781169238911e-06 2178
3.5 9.677017502992698e-08 2.160483610204966e-06 2498
3.75 9.266854181929136e-08 2.278712876037204e-06 2622
4 1.198927123117796e-07 3.108765307530564e-06 3338
4.25 1.170082165526861e-07 3.361073936688718e-06 3722
4.5 1.219131967554132e-07 3.694459037245787e-06 4170
4.75 1.179029709106266e-07 3.689115958499789e-06 4358
5 1.279043072900383e-07 4.315120849447986e-06 5034
5.25 1.395813016707121e-07 4.695401250480166e-06 5714
5.5 1.287002996319248e-07 4.719488720283056e-06 5982
5.75 1.291077999269597e-07 4.98773536458773e-06 6602
6 1.200664491650425e-07 5.232883299315316e-06 7130
6.25 1.248429160617287e-07 5.857373780523657e-06 8034
6.5 1.211092936342992e-07 5.800085532067528e-06 8606
6.75 1.180307661745315e-07 5.835797124775456e-06 9066
7 1.144571302343612e-07 6.075616208128122e-06 9962
7.25 1.07142920563395e-07 6.016466324145656e-06 10550
7.5 1.028470250719635e-07 5.889548020128792e-06 11226
7.75 9.961282691019045e-08 5.862489472407728e-06 12146
8 9.076278336917869e-08 5.563694189476072e-06 12606
8.25 8.928294564873702e-08 5.645878407685159e-06 13802
8.5 8.457911903979747e-08 5.722952507771234e-06 14754
8.75 7.667520163939389e-08 5.345316157035143e-06 15194
9 7.255237947958528e-08 5.232544864190685e-06 16454
9.25 6.801671507738447e-08 5.011400020178505e-06 17154
9.5 6.318263347905314e-08 4.86149583672568e-06 18266
9.75 5.819210056025946e-08 4.52399810523624e-06 18750
10 5.756431870790435e-08 4.599104791237161e-06 20234
10.25 5.332022519048276e-08 4.432858954463571e-06 21450
10.5 5.062208807724031e-08 4.188046855380196e-06 21962
10.75 4.896720730328348e-08 4.056784637675555e-06 23462
11 4.534418423296316e-08 3.875689565985714e-06 24042
11.25 4.480413060463052e-08 3.885919374324838e-06 25946
11.5 4.156096685597358e-08 3.729696090976636e-06 26118
11.75 4.134000682287763e-08 3.654690035560811e-06 27506
12 3.88088067668049e-08 3.47562421045861e-06 28631
12.25 3.254288045379788e-08 3.122935819290125e-06 28596
12.5 2.546573325093306e-08 2.575293851285564e-06 27848
12.75 2.013096967719653e-08 2.122022286648744e-06 26544
13 1.635725049914282e-08 1.79464977354251e-06 26456
13.25 1.300975671158264e-08 1.450985127133976e-06 25284
13.5 1.034797642450574e-08 1.238122761355841e-06 24260
13.75 8.502220468631695e-09 1.021506765473585e-06 23312
14 7.109148777835083e-09 8.645527509717969e-07 22368
14.25 5.817743257325112e-09 7.39646131016317e-07 21872
14.5 4.753442662896273e-09 5.991614458537197e-07 20400
14.75 3.854640016253624e-09 5.108296489788796e-07 19040
15 3.240896887992385e-09 4.330407345965582e-07 18252
15.25 2.604170630740874e-09 3.611409634410589e-07 16760
15.5 2.241112074535209e-09 3.151151463760132e-07 15776
15.75 1.731704370155014e-09 2.354435688126532e-07 13704
16 1.459173450517882e-09 2.108288878923116e-07 13112
16.25 1.114205075576264e-09 1.645943132563322e-07 11652
16.5 8.248479635148172e-10 1.221553268107982e-07 9776
16.75 6.100362093100054e-10 9.240036328070202e-08 8448
17 4.005118141574423e-10 6.101257083089682e-08 7013
17.25 2.452618620024241e-10 3.977287983363279e-08 5546
17.5 1.708011734987364e-10 2.973993252104135e-08 4722
17.75 1.199364642828192e-10 2.097534799282983e-08 3782
18 8.996334791143002e-11 1.537989488266056e-08 3174
18.25 6.390790217701414e-11 1.185516507952312e-08 2582
18.5 4.528739367208093e-11 7.768850387434677e-09 1928
18.75 3.362255538214267e-11 5.952869816356226e-09 1662
19 2.550977290502208e-11 4.319202923905789e-09 1256
19.25 1.467651668665643e-11 3.04046442943301e-09 864
19.5 7.89077138731217e-12 1.303531028666989e-09 428
19.75 6.697217578245316e-12 1.530835143298189e-09 456
20 3.966721162741448e-12 7.822937491340671e-10 248
20.25 1.483944232122216e-12 2.921444676684867e-10 104
20.5 2.391603837552817e-13 3.743646343267954e-11 18
20.75 1.148753674558867e-13 3.30966924364893e-11 7

0.25 1.526358841417258e-09 1.755474595464112e-09 18
0.5 9.456454010876965e-09 7.704331925065807e-09 62
0.75 1.786255663771015e-08 2.013105393183241e-08 98
1 3.467395717541832e-08 6.394755132901548e-08 210
1.25 5.111757242389099e-08 9.998967126882872e-08 350
1.5 5.809585603760196e-08 1.403140901160032e-07 450
1.75 5.985555594412805e-08 2.094312228654293e-07 602
2 6.952907595451855e-08 3.648590207811458e-07 762
2.25 8.734292018964404e-08 5.02839211766505e-07 1142
2.5 8.707932543825836e-08 5.796918069863992e-07 1250
2.75 8.471373753043363e-08 7.87549526730772e-07 1458
3 1.01283096714371e-07 1.033432065203488e-06 1814
3.25 1.095332594403723e-07 1.323050611481066e-06 2178
3.5 1.172728715878446e-07 1.594220808619818e-06 2498
3.75 1.08129890827274e-07 1.643913940832091e-06 2622
4 1.278716000704807e-07 2.188436208642836e-06 3338
4.25 1.293453687080762e-07 2.526276237945751e-06 3722
4.5 1.331080110986115e-07 2.701108909525239e-06 4170
4.75 1.319496102066909e-07 3.103478762795177e-06 4358
5 1.405492508098195e-07 3.450058226636484e-06 5034
5.25 1.411927655873124e-07 3.770618566794593e-06 5714
5.5 1.374991028864913e-07 3.877395097413017e-06 5982
5.75 1.32887898705496e-07 4.285426064802676e-06 6602
6 1.330004620608511e-07 4.408913821162366e-06 7130
6.25 1.326452906322915e-07 4.87335915336845e-06 8034
6.5 1.273621425051264e-07 4.873812510374298e-06 8606
6.75 1.187654055077911e-07 4.729659690819976e-06 9066
7 1.233297665061615e-07 5.198460492620875e-06 9962
7.25 1.117008181945585e-07 5.218299141916855e-06 10550
7.5 1.048093904852756e-07 5.102993762170947e-06 11226
7.75 1.019991608162367e-07 5.090169496783049e-06 12146
8 9.450994636320186e-08 4.893475823142113e-06 12606
8.25 9.244242578773403e-08 4.943603424929939e-06 13802
8.5 8.679054122906941e-08 5.020848689300831e-06 14754
8.75 7.837819211184798e-08 4.647201512298159e-06 15194
9 7.674145884314485e-08 4.657449101875225e-06 16454
9.25 7.132219282581447e-08 4.470213927340995e-06 17154
9.5 6.719899115126588e-08 4.406877508710831e-06 18266
9.75 6.154262199580675e-08 4.128614723644498e-06 18750
10 5.777157553070009e-08 4.144826640929553e-06 20234
10.25 5.619722232698417e-08 4.007000770109717e-06 21450
10.5 5.190049815296109e-08 3.860307791813009e-06 21962
10.75 5.016281377128135e-08 3.754676180650865e-06 23462
11 4.659067532891791e-08 3.55466034441344e-06 24042
11.25 4.637109457789104e-08 3.62956722919134e-06 25946
11.5 4.410047810745281e-08 3.468413783054794e-06 26118
11.75 4.233256985738962e-08 3.390987369618304e-06 27506
12 4.030242990517917e-08 3.314320725643919e-06 28631
12.25 3.488227122482879e-08 2.89155236064748e-06 28596
12.5 2.683556797450761e-08 2.442013300050338e-06 27848
12.75 2.097295087821361e-08 2.010291987460446e-06 26544
13 1.744685272081568e-08 1.722173938423391e-06 26456
13.25 1.400461158271455e-08 1.407247870827363e-06 25284
13.5 1.123625624721911e-08 1.153603912699992e-06 24260
13.75 9.132244110145973e-09 9.871949459181029e-07 23312
14 7.427644046683951e-09 8.248411616006971e-07 22368
14.25 6.188189429210197e-09 7.136323112107985e-07 21872
14.5 5.073814946316136e-09 5.930817799322766e-07 20400
14.75 4.207596073208706e-09 5.000806408580381e-07 19040
15 3.403113089595086e-09 4.219946937114215e-07 18252
15.25 2.81198389106979e-09 3.451832658415494e-07 16760
15.5 2.445009743104995e-09 3.030767378471844e-07 15776
15.75 1.863329127995554e-09 2.408949125263058e-07 13704
16 1.578936157909786e-09 2.054774784331451e-07 13112
16.25 1.222309358811568e-09 1.620177487878108e-07 11652
16.5 8.852366110177047e-10 1.205745093013497e-07 9776
16.75 6.740058123657861e-10 8.909511781963013e-08 8448
17 4.272870928727207e-10 5.986655336254332e-08 7013
17.25 2.704129770932445e-10 3.838202001329499e-08 5546
17.5 1.907556739739696e-10 2.928745672511118e-08 4722
17.75 1.318478358537744e-10 2.06119606819895e-08 3782
18 9.384225820774492e-11 1.57299971593709e-08 3174
18.25 7.156517861181229e-11 1.141259391974522e-08 2582
18.5 4.958478301275528e-11 8.420092339699602e-09 1928
18.75 3.462596249053796e-11 6.262979474703443e-09 1662
19 2.716863143961656e-11 4.425172489512684e-09 1256
19.25 1.739182272823998e-11 3.077458727391387e-09 864
19.5 7.31954654237551e-12 1.586755047321017e-09 428
19.75 8.939153382040863e-12 1.372719844449335e-09 456
20 4.390110940402532e-12 7.615601448336346e-10 248
20.25 1.726990303985626e-12 2.478116552330383e-10 104
20.5 2.753101767444639e-13 3.280522673765774e-11 18
20.75 1.202113736943734e-13 2.427194120475773e-12 7

0.25 4.639414965893599e-10 7.712470694980646e-09 18
0.5 4.263371022552611e-09 3.935444029981704e-08 62
0.75 8.678643135340913e-09 7.746012375968744e-08 98
1 2.04912716630617e-08 1.749427828204265e-07 210
1.25 2.456473069354504e-08 2.868633732654773e-07 350
1.5 3.129783244373025e-08 4.231325372605763e-07 450
1.75 3.88332071124109e-08 5.921676449726678e-07 602
2 4.208816151787918e-08 6.634773799631496e-07 762
2.25 5.734040588036463e-08 9.93940687278154e-07 1142
2.5 4.993275375400887e-08 1.060869392277181e-06 1250
2.75 5.766829582270541e-08 1.246067771461316e-06 1458
3 6.700750669427755e-08 1.55964287248224e-06 1814
3.25 7.975092516633635e-08 1.940941208500102e-06 2178
3.5 8.297673945510054e-08 2.163001604509952e-06 2498
3.75 7.829080379549068e-08 2.227774682274524e-06 2622
4 9.156939833632734e-08 2.810074474950914e-06 3338
4.25 9.356631309973159e-08 3.151714553538079e-06 3722
4.5 1.042942079157602e-07 3.40962790785709e-06 4170
4.75 9.778421835702585e-08 3.649120908200191e-06 4358
5 1.095575716545844e-07 3.845716235168738e-06 5034
5.25 1.119100422458862e-07 4.587330718972221e-06 5714
5.5 1.048729915106727e-07 4.670959608617184e-06 5982
5.75 1.098986107418501e-07 4.921287394502736e-06 6602
6 1.097298764594041e-07 4.970504995692912e-06 7130
6.25 1.135520944116967e-07 5.457338342523381e-06 8034
6.5 1.061102844520299e-07 5.4883848906547e-06 8606
6.75 1.018129180906279e-07 5.499604034946067e-06 9066
7 1.000749425441868e-07 5.659373760020739e-06 9962
7.25 9.672566984639299e-08 5.600649870681067e-06 10550
7.5 8.832505581295137e-08 5.605453988049429e-06 11226
7.75 8.766666255238979e-08 5.687711872992445e-06 12146
8 7.965261896159744e-08 5.288813843979935e-06 12606
8.25 7.928120625843797e-08 5.413268127184403e-06 13802
8.5 7.660363163334403e-08 5.520848268332227e-06 14754
8.75 7.056366680414644e-08 5.190645446657285e-06 15194
9 6.835838326749803e-08 5.165029251753357e-06 16454
9.25 6.350000883276852e-08 5.036553209101723e-06 17154
9.5 5.943549429016966e-08 4.716832118056416e-06 18266
9.75 5.432839268562221e-08 4.544842142713651e-06 18750
10 5.247353233256472e-08 4.52928894644884e-06 20234
10.25 5.057559065545392e-08 4.494971302591834e-06 21450
10.5 4.669685917495202e-08 4.230206985810832e-06 21962
10.75 4.579167382287178e-08 4.15315349252025e-06 23462
11 4.364094808525924e-08 3.952235846374697e-06 24042
11.25 4.29129336511438e-08 3.986501847951908e-06 25946
11.5 3.849963902411316e-08 3.755401075183053e-06 26118
11.75 3.897517941784196e-08 3.789190574632437e-06 27506
12 3.665056312342743e-08 3.605290832065181e-06 28631
12.25 3.15702178665915e-08 3.196519862869388e-06 28596
12.5 2.550877163656872e-08 2.664431431172114e-06 27848
12.75 1.978856241654423e-08 2.203061172165235e-06 26544
13 1.64631005172549e-08 1.894495209759142e-06 26456
13.25 1.300125928531989e-08 1.561858939637705e-06 25284
13.5 1.055125955161299e-08 1.266976217708201e-06 24260
13.75 8.677579414761814e-09 1.0795652720156e-06 23312
14 7.266282567430511e-09 9.063758940539161e-07 22368
14.25 5.952913908580391e-09 7.782218424118337e-07 21872
14.5 4.900430472389998e-09 6.523540441502546e-07 20400
14.75 4.010172626415814e-09 5.492201586337055e-07 19040
15 3.354804346535579e-09 4.682800451157409e-07 18252
15.25 2.738533222955225e-09 3.868550468723844e-07 16760
15.5 2.391115894799738e-09 3.381989072166487e-07 15776
15.75 1.800039699804369e-09 2.598495187722551e-07 13704
16 1.54389471659873e-09 2.291258263332394e-07 13112
16.25 1.200517833887803e-09 1.834962365697168e-07 11652
16.5 8.582225611365242e-10 1.335628946644634e-07 9776
16.75 6.705595148431249e-10 1.056271127199167e-07 8448
17 4.224139550271426e-10 7.041164952902881e-08 7013
17.25 2.553162620369884e-10 4.588491890387073e-08 5546
17.5 1.920767402969566e-10 3.321448145559542e-08 4722
17.75 1.334054698133839e-10 2.304923643389805e-08 3782
18 8.967621027944267e-11 1.71598828046876e-08 3174
18.25 6.844237687909288e-11 1.368442115802534e-08 2582
18.5 4.812271282664396e-11 9.377179845550935e-09 1928
18.75 3.658539764910668e-11 7.237997976633035e-09 1662
19 2.642777568324997e-11 4.781728513174859e-09 1256
19.25 1.694150689996181e-11 3.335522034070785e-09 864
19.5 8.470380640917078e-12 1.781290280932584e-09 428
19.75 8.289829224907427e-12 1.585094327157199e-09 456
20 4.890114739863359e-12 9.059105560053268e-10 248
20.25 1.843534972944411e-12 3.588125270111474e-10 104
20.5 3.859347766293248e-13 7.686821653948226e-11 18
20.75 1.021155824698566e-13 1.90785167910765e-11 7

0.25 1.320150971194265e-09 4.052034410791427e-09 18
0.5 6.098141547958933e-09 1.461916726092303e-08 62
0.75 1.131574555094477e-08 4.266725451910812e-08 98
1 2.064716254132369e-08 8.574398973012414e-08 210
1.25 2.934287432031502e-08 1.462904102995173e-07 350
1.5 3.149523005752919e-08 2.17961463984872e-07 450
1.75 4.349869177779215e-08 3.162361494140315e-07 602
2 4.463450492921266e-08 4.163148225295059e-07 762
2.25 6.461213643714284e-08 6.662819290580113e-07 1142
2.5 6.504388121990529e-08 7.359866802367023e-07 1250
2.75 6.802163826986389e-08 8.456609762598374e-07 1458
3 7.895673715367545e-08 1.124746585622416e-06 1814
3.25 8.898951726753139e-08 1.376491393117367e-06 2178
3.5 9.428601825864052e-08 1.564630365911293e-06 2498
3.75 9.08850476192244e-08 1.728307331473472e-06 2622
4 1.047786191706826e-07 2.157523783772732e-06 3338
4.25 1.057904298845079e-07 2.378628542928119e-06 3722
4.5 1.150441933218599e-07 2.772324756565516e-06 4170
4.75 1.125219677766613e-07 2.869168493130045e-06 4358
5 1.206656760930241e-07 3.23354034565834e-06 5034
5.25 1.234684775105939e-07 3.676055198004869e-06 5714
5.5 1.189526619985237e-07 3.807170280727446e-06 5982
5.75 1.200786052925096e-07 4.089447625963981e-06 6602
6 1.183670565589668e-07 4.266000549609888e-06 7130
6.25 1.16543187320771e-07 4.550717471585599e-06 8034
6.5 1.103863611262075e-07 4.645376457284134e-06 8606
6.75 1.036176721833859e-07 4.703342486885682e-06 9066
7 1.056246051710947e-07 4.9578307780031e-06 9962
7.25 9.918248472503648e-08 4.846320005391463e-06 10550
7.5 9.397461887725235e-08 4.759685834851736e-06 11226
7.75 9.06101067140589e-08 4.796754136427759e-06 12146
8 8.446138843349106e-08 4.676334723975233e-06 12606
8.25 8.105118750280563e-08 4.772744506279035e-06 13802
8.5 7.946047097198666e-08 4.837268862517589e-06 14754
8.75 7.224513870212886e-08 4.579442606067969e-06 15194
9 7.02188911179117e-08 4.545199441461263e-06 16454
9.25 6.570447997592182e-08 4.461429348863403e-06 17154
9.5 6.083912736641539e-08 4.274745781475413e-06 18266
9.75 5.671352723714037e-08 4.057727739582589e-06 18750
10 5.527031224597929e-08 4.114875593454011e-06 20234
10.25 5.256767623451184e-08 4.027900674799623e-06 21450
10.5 4.920712734449267e-08 3.776119355485154e-06 21962
10.75 4.785903884367897e-08 3.784341971081951e-06 23462
11 4.542339163652699e-08 3.625520937633351e-06 24042
11.25 4.403385864058587e-08 3.631227329146377e-06 25946
11.5 4.207867238216003e-08 3.399831163771193e-06 26118
11.75 4.065355409688692e-08 3.457756416034617e-06 27506
12 3.926317781818922e-08 3.316396953187244e-06 28631
12.25 3.32382260701824e-08 2.953323578695439e-06 28596
12.5 2.686817405925527e-08 2.459776442675859e-06 27848
12.75 2.087392933921072e-08 2.066080299514733e-06 26544
13 1.752525613835416e-08 1.761929307725086e-06 26456
13.25 1.38961728910006e-08 1.468955738700617e-06 25284
13.5 1.111972588047478e-08 1.225518414410022e-06 24260
13.75 9.205698827984645e-09 1.052486619253391e-06 23312
14 7.638815932965871e-09 8.853128616723044e-07 22368
14.25 6.424727467377171e-09 7.43727866355861e-07 21872
14.5 5.167584899864147e-09 6.393877909031089e-07 20400
14.75 4.2049056928722e-09 5.270969852383316e-07 19040
15 3.507740849594524e-09 4.507208825626694e-07 18252
15.25 2.8012576920218e-09 3.779666558706057e-07 16760
15.5 2.535201611515242e-09 3.344319187218191e-07 15776
15.75 1.935659523764081e-09 2.549494122220444e-07 13704
16 1.634528234529046e-09 2.239902116421625e-07 13112
16.25 1.268477571258934e-09 1.810796015573832e-07 11652
16.5 9.307843104601327e-10 1.288995811677417e-07 9776
16.75 7.017192629930608e-10 9.916029802226732e-08 8448
17 4.539951842845187e-10 6.659399197046416e-08 7013
17.25 2.810405796308508e-10 4.439505518794513e-08 5546
17.5 2.009293562617347e-10 3.210124901164044e-08 4722
17.75 1.439488131057989e-10 2.39348920755166e-08 3782
18 1.022252473885054e-10 1.746597549519685e-08 3174
18.25 7.759501539940578e-11 1.308102947502621e-08 2582
18.5 5.241638644920969e-11 9.064814577717947e-09 1928
18.75 4.014813557765494e-11 7.119166032708236e-09 1662
19 2.848960758420016e-11 4.887631843761883e-09 1256
19.25 1.869693877688225e-11 3.279976587640636e-09 864
19.5 8.776817212433236e-12 1.60948939679681e-09 428
19.75 8.893348124553236e-12 1.621772619349793e-09 456
20 4.968744366251849e-12 8.332464228570353e-10 248
20.25 2.223092031793318e-12 2.982298857488944e-10 104
20.5 3.67643889199123e-13 6.417050901543944e-11 18
20.75 1.044394980720005e-13 3.399940929551617e-11 7

0.25 1.702807896596532e-09 1.868643067425491e-09 18
0.5 5.706632775244011e-09 2.201655400628526e-08 62
0.75 1.105785253344141e-08 4.106496848935755e-08 98
1 3.038656496920873e-08 1.119362926516935e-07 210
1.25 3.601484628448073e-08 2.104739905953552e-07 350
1.5 3.391713682045852e-08 2.664755052967029e-07 450
1.75 3.893400988192096e-08 4.094738844237933e-07 602
2 4.712816322852353e-08 5.057905902723416e-07 762
2.25 5.636842738459786e-08 7.422937028330719e-07 1142
2.5 5.830327869263631e-08 7.281579456084076e-07 1250
2.75 6.104573258415541e-08 8.783806239003428e-07 1458
3 7.192628385407379e-08 1.086500139721122e-06 1814
3.25 8.376584375912516e-08 1.303545593860288e-06 2178
3.5 8.514906856678296e-08 1.532148251133374e-06 2498
3.75 8.824961789576633e-08 1.638559952405292e-06 2622
4 9.570855541342449e-08 2.065693462127262e-06 3338
4.25 1.017464754590942e-07 2.385256261491091e-06 3722
4.5 1.074305294345587e-07 2.619192333144089e-06 4170
4.75 1.079313173266085e-07 2.71472105095821e-06 4358
5 1.094655606878824e-07 3.179050260449987e-06 5034
5.25 1.122187751042866e-07 3.530393329410733e-06 5714
5.5 1.128178876497123e-07 3.668986169060417e-06 5982
5.75 1.130069302107383e-07 3.89418041037226e-06 6602
6 1.071106233861738e-07 4.230762524996093e-06 7130
6.25 1.110817116743918e-07 4.422647527044184e-06 8034
6.5 1.05562952922555e-07 4.508259975744355e-06 8606
6.75 9.871726954345763e-08 4.447826240245227e-06 9066
7 9.486608910763052e-08 4.648382685185915e-06 9962
7.25 9.337200219121961e-08 4.636449642105793e-06 10550
7.5 9.002351975924727e-08 4.530968482358227e-06 11226
7.75 8.66859994719169e-08 4.736727359163416e-06 12146
8 7.86983066343253e-08 4.501955359729095e-06 12606
8.25 7.707833263288969e-08 4.601712903941783e-06 13802
8.5 7.584923079335932e-08 4.69740708310666e-06 14754
8.75 7.046826717412149e-08 4.458003136971209e-06 15194
9 6.719110187290539e-08 4.430076499270118e-06 16454
9.25 6.164016846426327e-08 4.262612159712146e-06 17154
9.5 5.9007035078183e-08 4.108731003310048e-06 18266
9.75 5.515146133317366e-08 4.001892836865738e-06 18750
10 5.30310560418241e-08 3.971775204368595e-06 20234
10.25 5.210637441532951e-08 3.915632339231907e-06 21450
10.5 4.831188566884391e-08 3.691237212252121e-06 21962
10.75 4.635425577727914e-08 3.707870993287731e-06 23462
11 4.403628530437545e-08 3.517715395352302e-06 24042
11.25 4.280326503695225e-08 3.571540044627793e-06 25946
11.5 4.048012386032713e-08 3.430696550858733e-06 26118
11.75 3.959485636571385e-08 3.377716754801175e-06 27506
12 3.851096918321046e-08 3.262443184662835e-06 28631
12.25 3.246705412007788e-08 2.936190551295579e-06 28596
12.5 2.628873497570279e-08 2.460541545374659e-06 27848
12.75 2.06004894614371e-08 2.036231028990578e-06 26544
13 1.749855850170816e-08 1.746307305459605e-06 26456
13.25 1.363598779521398e-08 1.471359026520157e-06 25284
13.5 1.113417918552279e-08 1.214939700675287e-06 24260
13.75 9.248670180383425e-09 1.051900572603218e-06 23312
14 7.572667810882129e-09 8.834712666042334e-07 22368
14.25 6.278099155151632e-09 7.361090737746191e-07 21872
14.5 5.342555693257621e-09 6.462773595465252e-07 20400
14.75 4.327027948839222e-09 5.396833166654368e-07 19040
15 3.626193801226972e-09 4.616825610951211e-07 18252
15.25 2.879579632023175e-09 3.765635193670753e-07 16760
15.5 2.488084551470926e-09 3.256681790103873e-07 15776
15.75 1.896708168577723e-09 2.559383775213416e-07 13704
16 1.707884890701841e-09 2.281632875219115e-07 13112
16.25 1.33648389768825e-09 1.796605152785938e-07 11652
16.5 9.040919691446202e-10 1.347357299823406e-07 9776
16.75 7.159096928534558e-10 1.000874386161454e-07 8448
17 4.572505333484467e-10 6.70977598153694e-08 7013
17.25 2.982402959312606e-10 4.635266061583322e-08 5546
17.5 2.139195668543413e-10 3.360347643730262e-08 4722
17.75 1.514852773764787e-10 2.435870995376005e-08 3782
18 1.081358991977157e-10 1.787923020504846e-08 3174
18.25 8.123427438950839e-11 1.382044244305951e-08 2582
18.5 5.499474657847328e-11 9.35289495223997e-09 1928
18.75 4.06177700511919e-11 6.942195388416769e-09 1662
19 2.960763372194697e-11 5.012752650059078e-09 1256
19.25 1.965886897818628e-11 3.296942899394339e-09 864
19.5 9.602292117234841e-12 1.656406358850398e-09 428
19.75 9.828010148943774e-12 1.643155985609285e-09 456
20 5.0976477861581e-12 8.578370663893283e-10 248
20.25 2.060647790184297e-12 3.082110916316607e-10 104
20.5 3.036148313774253e-13 4.391077847214234e-11 18
20.75 1.792517975287575e-13 7.349060588023736e-12 7

0.25 1.191838735918201e-09 5.272976639261993e-09 18
0.5 6.323098962923917e-09 2.442301736500357e-08 62
0.75 1.422475136223912e-08 5.15027904648953e-08 98
1 2.110449626662794e-08 1.129374216558886e-07 210
1.25 2.564768134232609e-08 2.30365809662657e-07 350
1.5 2.686174479792238e-08 3.487672639786071e-07 450
1.75 2.985381806964994e-08 4.865782470120585e-07 602
2 3.657045976590183e-08 5.255938722909544e-07 762
2.25 5.000844426386376e-08 8.330981179568776e-07 1142
2.5 4.973512936336282e-08 8.874336624672755e-07 1250
2.75 5.262224265847829e-08 1.044091090063616e-06 1458
3 5.833725538370189e-08 1.278012070125657e-06 1814
3.25 6.455402860886963e-08 1.595650634594691e-06 2178
3.5 6.893118199827922e-08 1.778085643623114e-06 2498
3.75 6.991839891641022e-08 1.815644160789739e-06 2622
4 8.235003855959286e-08 2.296905072441802e-06 3338
4.25 8.725994677110067e-08 2.588479149359108e-06 3722
4.5 9.012857495565739e-08 2.97721290657738e-06 4170
4.75 8.643591835761411e-08 3.030777825965181e-06 4358
5 9.367146760527313e-08 3.54448851360281e-06 5034
5.25 1.011059589995516e-07 3.841168232336578e-06 5714
5.5 9.622121875557606e-08 3.922873219696356e-06 5982
5.75 1.002936563886669e-07 4.12684333302001e-06 6602
6 9.751680516833105e-08 4.441158063692438e-06 7130
6.25 9.784560451649119e-08 4.557070690654345e-06 8034
6.5 9.218719965317779e-08 4.6871165782221e-06 8606
6.75 8.903161550335877e-08 4.669952896384107e-06 9066
7 8.72677359021533e-08 4.957839682700863e-06 9962
7.25 8.534336775237836e-08 4.886165697216505e-06 10550
7.5 8.099121340957154e-08 4.826194918260414e-06 11226
7.75 7.783480839073914e-08 4.850852237627168e-06 12146
8 7.250483678590483e-08 4.763628604941849e-06 12606
8.25 7.152107518556417e-08 4.948971535239555e-06 13802
8.5 6.827768144858687e-08 4.915308256942813e-06 14754
8.75 6.25171634326105e-08 4.659563192663598e-06 15194
9 6.07378469935345e-08 4.645327959697214e-06 16454
9.25 5.792656748994538e-08 4.441820773181793e-06 17154
9.5 5.4581874375163e-08 4.381031904917276e-06 18266
9.75 5.143850169316651e-08 4.185768226358935e-06 18750
10 4.97856454773722e-08 4.089045182274126e-06 20234
10.25 4.799784255741677e-08 4.08705771963492e-06 21450
10.5 4.417088684745927e-08 3.882088411077042e-06 21962
10.75 4.310979880991796e-08 3.815754514727522e-06 23462
11 4.071365248974178e-08 3.722630159301399e-06 24042
11.25 4.08179667082187e-08 3.750926383532412e-06 25946
11.5 3.78831584821595e-08 3.562662911111803e-06 26118
11.75 3.746009701750551e-08 3.532576511153189e-06 27506
12 3.598419129568426e-08 3.440276071663711e-06 28631
12.25 3.053814960373367e-08 3.054994860177528e-06 28596
12.5 2.472008840342696e-08 2.538053946584657e-06 27848
12.75 1.998551227101919e-08 2.106709808424202e-06 26544
13 1.652318914019838e-08 1.884351931645751e-06 26456
13.25 1.312457380522031e-08 1.535234609068426e-06 25284
13.5 1.057972721271583e-08 1.256348671716803e-06 24260
13.75 8.689223018254891e-09 1.106883256657571e-06 23312
14 7.323071907786755e-09 9.204591435635711e-07 22368
14.25 6.086450795756725e-09 7.96610883807763e-07 21872
14.5 5.114804068714252e-09 6.572728999941917e-07 20400
14.75 4.186401443375131e-09 5.74562476185281e-07 19040
15 3.571844266212478e-09 4.863358985576194e-07 18252
15.25 2.867175355241372e-09 3.964641222077442e-07 16760
15.5 2.338267809592381e-09 3.473690807731792e-07 15776
15.75 1.907859130139313e-09 2.72551579155435e-07 13704
16 1.719199117707438e-09 2.448637174450234e-07 13112
16.25 1.301345878634088e-09 1.907001995118523e-07 11652
16.5 9.034707996131064e-10 1.433754921283757e-07 9776
16.75 6.908803880959633e-10 1.081953236351192e-07 8448
17 4.424897482710326e-10 7.181772412727622e-08 7013
17.25 3.062222439767119e-10 4.996136859690289e-08 5546
17.5 2.209244140891897e-10 3.540774353418556e-08 4722
17.75 1.443890265579642e-10 2.611622280241e-08 3782
18 1.121778548427123e-10 1.904156387326689e-08 3174
18.25 8.030192111712027e-11 1.393861665130561e-08 2582
18.5 5.335154562952665e-11 9.435733605936904e-09 1928
18.75 4.269080052657367e-11 7.595977767409484e-09 1662
19 2.922450198086982e-11 5.569604516256581e-09 1256
19.25 1.907894175737124e-11 3.465705670247418e-09 864
19.5 9.405697819525843e-12 1.744648835343322e-09 428
19.75 9.486048104017089e-12 1.762875159441182e-09 456
20 5.961731698184465e-12 9.87036651604398e-10 248
20.25 1.678802094878146e-12 3.551432049590863e-10 104
20.5 5.222501720916115e-13 3.993196271875963e-11 18
20.75 8.712052779646513e-14 2.97603354463163e-11 7

0.25 2.349546024541543e-09 1.294300809451253e-09 18
0.5 1.12704842764654e-08 1.054780116589298e-08 62
0.75 2.134320972488462e-08 2.349551740086545e-08 98
1 2.395402425731648e-08 5.048184552320634e-08 210
1.25 3.032446870179861e-08 8.995620608725667e-08 350
1.5 3.877129730183783e-08 1.508869447665213e-07 450
1.75 4.26962855437364e-08 2.263276443039486e-07 602
2 4.81418726257637e-08 2.848534029940836e-07 762
2.25 6.746446183342058e-08 4.52301572092657e-07 1142
2.5 6.467045129619403e-08 4.818361241827244e-07 1250
2.75 6.832034096585614e-08 6.07335694162224e-07 1458
3 7.560930492189118e-08 7.931651776858278e-07 1814
3.25 8.639821541767133e-08 9.599472080342009e-07 2178
3.5 9.077181105339681e-08 1.21994153627733e-06 2498
3.75 8.817923377766106e-08 1.315649067356826e-06 2622
4 1.045619538890444e-07 1.6666149425084e-06 3338
4.25 9.744740858094387e-08 1.901963868293802e-06 3722
4.5 1.038925035231439e-07 2.063198894898461e-06 4170
4.75 1.052821756875685e-07 2.296300847968487e-06 4358
5 1.088878748752987e-07 2.731591285861924e-06 5034
5.25 1.153747297757017e-07 3.039047604348003e-06 5714
5.5 1.103882823563416e-07 3.046559882949552e-06 5982
5.75 1.078446232025013e-07 3.27887324159081e-06 6602
6 1.072495765548378e-07 3.494860137941011e-06 7130
6.25 1.062619138564808e-07 3.726570776289841e-06 8034
6.5 1.035039796459408e-07 3.879961318003967e-06 8606
6.75 9.618944276096101e-08 3.890644517569229e-06 9066
7 9.155524508006602e-08 4.063601367076551e-06 9962
7.25 8.964931835417505e-08 4.088106180625501e-06 10550
7.5 8.51758713924658e-08 4.043504536407387e-06 11226
7.75 8.22541273097496e-08 4.185335086028617e-06 12146
8 7.999224204324484e-08 4.081040574530211e-06 12606
8.25 7.439668789541962e-08 4.041224081935868e-06 13802
8.5 7.378001454952713e-08 4.12206370296685e-06 14754
8.75 6.833504944374931e-08 3.954842380516507e-06 15194
9 6.4031832723051e-08 3.953587559238458e-06 16454
9.25 6.050851370616289e-08 3.882507348830206e-06 17154
9.5 5.737105084861998e-08 3.827093701960264e-06 18266
9.75 5.450486030190262e-08 3.616585499043764e-06 18750
10 5.129433396131193e-08 3.678805174825031e-06 20234
10.25 5.040010929022305e-08 3.68800956952495e-06 21450
10.5 4.681128463622676e-08 3.414629099577558e-06 21962
10.75 4.611198279308614e-08 3.42437344694455e-06 23462
11 4.350693618750907e-08 3.255658718361719e-06 24042
11.25 4.370650876002862e-08 3.347201100626146e-06 25946
11.5 4.001580410279446e-08 3.184552509148416e-06 26118
11.75 3.987518388453787e-08 3.129757985448849e-06 27506
12 3.783397361850823e-08 3.066827843281617e-06 28631
12.25 3.243357216341032e-08 2.735654414204363e-06 28596
12.5 2.608933054418854e-08 2.334208804180643e-06 27848
12.75 2.051590440375216e-08 1.945266022109269e-06 26544
13 1.72667050232528e-08 1.685611640027464e-06 26456
13.25 1.378508679689395e-08 1.408061185111354e-06 25284
13.5 1.11273590734762e-08 1.176586963129897e-06 24260
13.75 9.402788854042681e-09 1.031023814496619e-06 23312
14 7.758535529771169e-09 8.526435613411412e-07 22368
14.25 6.398935978904907e-09 7.564448771214e-07 21872
14.5 5.308620432861239e-09 6.390066117463117e-07 20400
14.75 4.444515647646015e-09 5.33122648191126e-07 19040
15 3.685943207976514e-09 4.58087524487399e-07 18252
15.25 3.03540017199653e-09 3.844917338281697e-07 16760
15.5 2.626028079195602e-09 3.264475574164828e-07 15776
15.75 1.989151416824694e-09 2.570501615950411e-07 13704
16 1.782994790290922e-09 2.385297430530693e-07 13112
16.25 1.33893509461404e-09 1.851410870593473e-07 11652
16.5 9.950982375711918e-10 1.37760576910964e-07 9776
16.75 7.441937326667066e-10 1.038654289988023e-07 8448
17 4.874500432929215e-10 7.179566427969171e-08 7013
17.25 3.181975087255392e-10 4.707156205494849e-08 5546
17.5 2.345027743689784e-10 3.462934360078876e-08 4722
17.75 1.628624271279145e-10 2.506806312912802e-08 3782
18 1.15995877012853e-10 1.927782557800439e-08 3174
18.25 8.267381002494827e-11 1.390776770386665e-08 2582
18.5 5.457912536825144e-11 9.798165790624923e-09 1928
18.75 4.434359015189136e-11 7.687969327819691e-09 1662
19 3.057223257483793e-11 5.258116535761053e-09 1256
19.25 2.153693101589656e-11 3.356940409286257e-09 864
19.5 1.155470731024511e-11 1.584172988559008e-09 428
19.75 9.706329074472471e-12 1.70244618149809e-09 456
20 5.084359920803942e-12 8.138508405745505e-10 248
20.25 1.83075460120072e-12 4.03749784759693e-10 104
20.5 6.07361054365019e-13 6.642084299952793e-11 18
20.75 1.626419556136319e-13 6.323038141678142e-11 7

0.25 6.641350102264276e-10 7.045730906264576e-09 18
0.5 5.66971990617043e-09 3.015546126334953e-08 62
0.75 1.464634342340563e-08 4.256292437930967e-08 98
1 2.117168017660154e-08 1.117224973907546e-07 210
1.25 2.557320500581398e-08 1.854423565844274e-07 350
1.5 2.92608399076488e-08 2.075987381085085e-07 450
1.75 3.372544081219e-08 3.166353182308484e-07 602
2 3.719468985727643e-08 3.960582550117629e-07 762
2.25 5.176446114821243e-08 5.874525921750188e-07 1142
2.5 4.463571469912498e-08 7.160622390472471e-07 1250
2.75 5.074584621926638e-08 8.04153100795497e-07 1458
3 6.062026405586525e-08 1.007141389367326e-06 1814
3.25 6.563730775111415e-08 1.264132393144559e-06 2178
3.5 6.915997231756816e-08 1.522938248460045e-06 2498
3.75 7.118609412928367e-08 1.575086081374131e-06 2622
4 7.900517183716685e-08 1.985175827210494e-06 3338
4.25 8.402122971616098e-08 2.131203171830402e-06 3722
4.5 8.570897652534017e-08 2.479737287499533e-06 4170
4.75 8.493380813847533e-08 2.580267025008094e-06 4358
5 9.124505196900884e-08 2.821324819589058e-06 5034
5.25 9.621185943897183e-08 3.189798759727224e-06 5714
5.5 9.403608934378964e-08 3.309259771599528e-06 5982
5.75 9.248743655362897e-08 3.465113073737798e-06 6602
6 9.03887462605077e-08 3.649958956719014e-06 7130
6.25 9.152783757601847e-08 4.03048769263215e-06 8034
6.5 8.874027998690574e-08 4.165338706844849e-06 8606
6.75 8.360874221943999e-08 4.038946744636308e-06 9066
7 8.491380436656802e-08 4.192211314478134e-06 9962
7.25 8.039961318358038e-08 4.190566192776236e-06 10550
7.5 7.575461531744083e-08 4.250470790403523e-06 11226
7.75 7.257468917547277e-08 4.390915052152793e-06 12146
8 7.148247166424707e-08 4.267650453565103e-06 12606
8.25 6.801858172473043e-08 4.360724383626245e-06 13802
8.5 6.691773359015474e-08 4.34564630007623e-06 14754
8.75 5.979735355701542e-08 4.28765310406275e-06 15194
9 5.926513965212071e-08 4.07341700118078e-06 16454
9.25 5.67157760126726e-08 4.07973159678258e-06 17154
9.5 5.273841108751136e-08 3.979069424226663e-06 18266
9.75 4.935016670687875e-08 3.809442384096396e-06 18750
10 4.836219843843258e-08 3.839500090136797e-06 20234
10.25 4.761476700685152e-08 3.723703788070315e-06 21450
10.5 4.405447230833937e-08 3.590863097291111e-06 21962
10.75 4.234914822721373e-08 3.586764057823501e-06 23462
11 3.988170941111887e-08 3.441670523595005e-06 24042
11.25 4.026335104468227e-08 3.40706800394055e-06 25946
11.5 3.845849072296812e-08 3.313290924138858e-06 26118
11.75 3.720164431766094e-08 3.266721523735191e-06 27506
12 3.521873237594025e-08 3.161120993962664e-06 28631
12.25 3.01685161832123e-08 2.843501920645881e-06 28596
12.5 2.463930884747304e-08 2.435828112416434e-06 27848
12.75 1.979033575112943e-08 2.025652680370748e-06 26544
13 1.652147316237661e-08 1.749081156722714e-06 26456
13.25 1.320181769036966e-08 1.459387172728922e-06 25284
13.5 1.078345226081059e-08 1.219635952943921e-06 24260
13.75 8.969956407233993e-09 1.055534781123688e-06 23312
14 7.519802434277748e-09 8.932729701020288e-07 22368
14.25 6.375030117494561e-09 7.862105482961291e-07 21872
14.5 5.25598873804528e-09 6.549827240789429e-07 20400
14.75 4.321141745316239e-09 5.571660774515936e-07 19040
15 3.711733369411742e-09 4.853273122777946e-07 18252
15.25 2.99126555865477e-09 3.953963001054342e-07 16760
15.5 2.491624666256533e-09 3.472806501207595e-07 15776
15.75 1.963950279319421e-09 2.724958219941681e-07 13704
16 1.740964289835717e-09 2.455076708250467e-07 13112
16.25 1.38660874474422e-09 1.93882811030413e-07 11652
16.5 1.018811581738594e-09 1.404761013142714e-07 9776
16.75 7.42454697513172e-10 1.117982149986546e-07 8448
17 4.755963275277674e-10 7.561078032977236e-08 7013
17.25 3.227047927900288e-10 5.26997212875441e-08 5546
17.5 2.258525495641194e-10 3.72174858430533e-08 4722
17.75 1.59534914744987e-10 2.645139884729308e-08 3782
18 1.168901110422712e-10 1.954096279055322e-08 3174
18.25 8.744676310805008e-11 1.424719212452718e-08 2582
18.5 5.591188966387417e-11 1.053668902135017e-08 1928
18.75 4.783874314178718e-11 8.440447940851178e-09 1662
19 3.408610022069689e-11 5.25330869029852e-09 1256
19.25 2.13013212989126e-11 3.685296796262461e-09 864
19.5 1.107368469726813e-11 1.896871253606879e-09 428
19.75 8.99670269971172e-12 1.88817632647052e-09 456
20 5.619727533860546e-12 1.021073899975565e-09 248
20.25 2.33856274595568e-12 4.360329361116275e-10 104
20.5 3.178015707297984e-13 1.244617559586807e-10 18
20.75 1.089229250639429e-13 1.514629435880608e-11 7

0.25 3.033082135972095e-09 3.866531200897634e-09 18
0.5 8.471673211799013e-09 1.553947280467727e-08 62
0.75 1.144302215947019e-08 3.101598233615211e-08 98
1 2.216876604967721e-08 9.215950721974168e-08 210
1.25 2.611539664897246e-08 1.591586266329074e-07 350
1.5 2.688100815086139e-08 2.118504561130739e-07 450
1.75 3.036166843491466e-08 3.386547834685613e-07 602
2 3.472659961916044e-08 4.257450528702332e-07 762
2.25 4.418437971996186e-08 6.371805550325633e-07 1142
2.5 4.15784118030056e-08 6.5159001878859e-07 1250
2.75 4.82337029253031e-08 7.857238286064107e-07 1458
3 5.902390887794617e-08 9.690081455247845e-07 1814
3.25 6.28372278290863e-08 1.232880260153066e-06 2178
3.5 6.733958393425794e-08 1.430122511623574e-06 2498
3.75 6.691445338297565e-08 1.505624156058315e-06 2622
4 8.251947119813852e-08 1.990784861062382e-06 3338
4.25 8.101870354874995e-08 2.130170101246537e-06 3722
4.5 8.650194384412221e-08 2.388714071477803e-06 4170
4.75 8.52715726157457e-08 2.526657632427036e-06 4358
5 8.714676889689069e-08 2.776637228285279e-06 5034
5.25 8.986200254826445e-08 3.130311464140162e-06 5714
5.5 8.830148838810274e-08 3.342500811022609e-06 5982
5.75 8.878674489657741e-08 3.51336739470739e-06 6602
6 8.487630073999407e-08 3.679263460740179e-06 7130
6.25 8.688666483229382e-08 3.89358939140637e-06 8034
6.5 8.364856180375166e-08 4.108888605924375e-06 8606
6.75 8.119946832568813e-08 3.849078291766208e-06 9066
7 7.998652406122412e-08 4.181261735585584e-06 9962
7.25 7.478058878721768e-08 4.070292700113289e-06 10550
7.5 7.445178819211754e-08 4.187977291004587e-06 11226
7.75 7.109911322860329e-08 4.270179513493265e-06 12146
8 6.728795603982059e-08 4.080021366698879e-06 12606
8.25 6.434787863950701e-08 4.264634703472218e-06 13802
8.5 6.316998564321518e-08 4.263370074460601e-06 14754
8.75 6.002946586249452e-08 4.045166001645156e-06 15194
9 5.755862208588157e-08 4.024244616840923e-06 16454
9.25 5.488990070958922e-08 4.004150518559846e-06 17154
9.5 5.11617388053957e-08 3.889965434889881e-06 18266
9.75 4.781944392131596e-08 3.718610835743419e-06 18750
10 4.785692068983229e-08 3.728386674421258e-06 20234
10.25 4.576578854441448e-08 3.701790158832621e-06 21450
10.5 4.290881150598257e-08 3.559312140563741e-06 21962
10.75 4.249280043135687e-08 3.464739605788587e-06 23462
11 3.931139942533461e-08 3.383292341772633e-06 24042
11.25 3.814611743712946e-08 3.416605445671623e-06 25946
11.5 3.73515202479825e-08 3.319021649128198e-06 26118
11.75 3.643512722934593e-08 3.312970577586092e-06 27506
12 3.445365561153939e-08 3.202970247900092e-06 28631
12.25 2.956287687305882e-08 2.824907253235521e-06 28596
12.5 2.379787062166887e-08 2.429804525187755e-06 27848
12.75 1.940608537058795e-08 2.012439496404218e-06 26544
13 1.649924826428121e-08 1.745824311891202e-06 26456
13.25 1.297717461282245e-08 1.469895317727708e-06 25284
13.5 1.062905394171774e-08 1.23200378287102e-06 24260
13.75 8.751471012682713e-09 1.073824680304278e-06 23312
14 7.385529485430724e-09 9.054223815743375e-07 22368
14.25 6.331631992056887e-09 7.879731228530248e-07 21872
14.5 5.195287174698694e-09 6.862590501350418e-07 20400
14.75 4.178561799020928e-09 5.75555814188947e-07 19040
15 3.697358050117391e-09 4.953655323813893e-07 18252
15.25 2.984267448219394e-09 4.030842195825701e-07 16760
15.5 2.560666219372755e-09 3.596491834828435e-07 15776
15.75 2.052798082756614e-09 2.73622006069049e-07 13704
16 1.743711867836644e-09 2.522062783773735e-07 13112
16.25 1.373360628960884e-09 1.970973436721973e-07 11652
16.5 9.839218754530855e-10 1.517060147423112e-07 9776
16.75 7.526185943563537e-10 1.135887004907613e-07 8448
17 4.95554497574832e-10 7.67072412406533e-08 7013
17.25 3.229797224169024e-10 5.212672113604331e-08 5546
17.5 2.472630338340228e-10 3.90576729187675e-08 4722
17.75 1.64809972633431e-10 2.79758589552902e-08 3782
18 1.183999026499455e-10 2.070053143285866e-08 3174
18.25 8.73523364533715e-11 1.525476497044333e-08 2582
18.5 6.01439847332744e-11 1.08688529523511e-08 1928
18.75 4.689110172545957e-11 8.810469566627158e-09 1662
19 3.194241577738625e-11 5.68191916132537e-09 1256
19.25 2.149210115537453e-11 3.742414236210201e-09 864
19.5 1.132205329501191e-11 1.959799807439663e-09 428
19.75 1.080512607210158e-11 1.891714320853916e-09 456
20 5.740723389325999e-12 1.017187528421357e-09 248
20.25 2.002186915672438e-12 4.775877777335673e-10 104
20.5 2.982928194856687e-13 6.599210321439069e-11 18
20.75 1.674539558559849e-13 1.046842146036901e-11 7

0.25 2.007960730822048e-09 2.933880809294174e-09 18
0.5 9.572552976824271e-09 7.658705314450329e-09 62
0.75 1.420138061069727e-08 2.326072372187165e-08 98
1 2.914669730223007e-08 4.223094171746259e-08 210
1.25 3.149753534993979e-08 8.429330803046242e-08 350
1.5 3.400647306961305e-08 1.198168594679616e-07 450
1.75 4.146388638877054e-08 1.554919491776963e-07 602
2 5.029579532157229e-08 2.191601848498887e-07 762
2.25 6.357039701636402e-08 3.430786225041172e-07 1142
2.5 6.054498651026336e-08 3.858684275526768e-07 1250
2.75 6.208489313375587e-08 4.965706260710222e-07 1458
3 7.093611118503535e-08 6.714682408355581e-07 1814
3.25 7.342939645236871e-08 8.590856903596631e-07 2178
3.5 7.481685568506962e-08 9.755206127637815e-07 2498
3.75 7.925133548101871e-08 1.093654839436109e-06 2622
4 9.140230217614974e-08 1.44602004717023e-06 3338
4.25 8.965728484419781e-08 1.624217450983508e-06 3722
4.5 8.953064740609805e-08 1.863212806699764e-06 4170
4.75 9.362509509425505e-08 1.99092294314035e-06 4358
5 9.643561013160763e-08 2.293636012432994e-06 5034
5.25 1.017127678592838e-07 2.639148996296059e-06 5714
5.5 9.460341367362944e-08 2.618490896553748e-06 5982
5.75 9.224884578512343e-08 2.851736585800181e-06 6602
6 8.797401975093206e-08 3.052858757875017e-06 7130
6.25 9.243580755441568e-08 3.336725975652917e-06 8034
6.5 9.026696315165199e-08 3.410650794273456e-06 8606
6.75 8.292939803592049e-08 3.387099080870636e-06 9066
7 8.518571649060414e-08 3.59876545815097e-06 9962
7.25 7.952433440706928e-08 3.638672525725633e-06 10550
7.5 7.661018329010735e-08 3.554698811676494e-06 11226
7.75 7.284133250095306e-08 3.671932806769519e-06 12146
8 6.839830498003004e-08 3.633533255320409e-06 12606
8.25 6.841573984324101e-08 3.733840608980376e-06 13802
8.5 6.571192923417545e-08 3.751885684413536e-06 14754
8.75 6.163792855358638e-08 3.628899892438517e-06 15194
9 5.926056867275142e-08 3.627335659352285e-06 16454
9.25 5.702309349953907e-08 3.477472282311174e-06 17154
9.5 5.449945012416251e-08 3.447157377438226e-06 18266
9.75 4.948490289609617e-08 3.337657536269398e-06 18750
10 4.924447574503077e-08 3.362776933040433e-06 20234
10.25 4.762899460886528e-08 3.35136396402308e-06 21450
10.5 4.32163281815912e-08 3.263178631290534e-06 21962
10.75 4.193657876596741e-08 3.272190124292298e-06 23462
11 4.020471824995043e-08 3.101821357386734e-06 24042
11.25 4.051167818987809e-08 3.133103871928686e-06 25946
11.5 3.834625907823311e-08 2.986915851387939e-06 26118
11.75 3.835197676582232e-08 3.01416006476929e-06 27506
12 3.673777353389494e-08 2.916925039687486e-06 28631
12.25 3.057290447342628e-08 2.615575924152167e-06 28596
12.5 2.502383476790269e-08 2.218607178580499e-06 27848
12.75 2.012149292491026e-08 1.852130174687796e-06 26544
13 1.705865738328551e-08 1.632873603670534e-06 26456
13.25 1.348589671478233e-08 1.365662438251759e-06 25284
13.5 1.114363850667343e-08 1.177696234258225e-06 24260
13.75 9.223991852252248e-09 1.006046916597199e-06 23312
14 7.746151040392361e-09 8.462940434478322e-07 22368
14.25 6.551419817664218e-09 7.530309295532505e-07 21872
14.5 5.359447315660007e-09 6.279998126746716e-07 20400
14.75 4.502858027759161e-09 5.412916120530042e-07 19040
15 3.822289874733341e-09 4.613802485699749e-07 18252
15.25 3.21775242040431e-09 3.923786292600145e-07 16760
15.5 2.686198203683379e-09 3.501839074448586e-07 15776
15.75 2.112804097982055e-09 2.672298325484112e-07 13704
16 1.847851234184707e-09 2.334072629715109e-07 13112
16.25 1.432344448283953e-09 1.898921026004137e-07 11652
16.5 1.07668658453359e-09 1.444890332512371e-07 9776
16.75 7.569521744005503e-10 1.119937513074741e-07 8448
17 5.194336001421604e-10 7.559698584986282e-08 7013
17.25 3.390117879429523e-10 5.100945812204252e-08 5546
17.5 2.479396400029667e-10 3.890355892286526e-08 4722
17.75 1.724817643823174e-10 2.859678301318751e-08 3782
18 1.298156576531656e-10 2.054947577297718e-08 3174
18.25 9.220026931481285e-11 1.503896238215862e-08 2582
18.5 6.383091838601729e-11 1.056090852023363e-08 1928
18.75 4.92466322414824e-11 8.732007378556096e-09 1662
19 3.613567810987811e-11 5.961830039988955e-09 1256
19.25 2.187395869064228e-11 3.850891389938953e-09 864
19.5 1.179926818107979e-11 1.960144387506956e-09 428
19.75 1.042844697718581e-11 1.86697832123311e-09 456
20 5.649364491397582e-12 9.011998385023058e-10 248
20.25 2.433343201798025e-12 4.057130617594978e-10 104
20.5 3.089823437398445e-13 8.848936763988959e-11 18
20.75 1.522316435461853e-13 7.818536362400106e-12 7

0.25 4.144281928233257e-09 4.910573756296883e-09 18
0.5 9.858664639135362e-09 3.126904197950301e-08 62
0.75 9.391475020771048e-09 5.547593151744184e-08 98
1 2.008580967338703e-08 1.008034122688821e-07 210
1.25 2.555727688640484e-08 1.695070820849147e-07 350
1.5 2.79791549261936e-08 2.210562901419127e-07 450
1.75 3.132862035272552e-08 3.190323322673047e-07 602
2 2.860586979430655e-08 3.760044845017294e-07 762
2.25 4.060949415597303e-08 5.801027991295696e-07 1142
2.5 4.295518521923256e-08 6.110623449004338e-07 1250
2.75 4.244296698879432e-08 7.581381970805847e-07 1458
3 4.904361451217048e-08 9.142371585462166e-07 1814
3.25 5.55093751977194e-08 1.069406155683134e-06 2178
3.5 6.117458658031459e-08 1.234791604707481e-06 2498
3.75 5.743359784206089e-08 1.404242568118184e-06 2622
4 7.00970475869385e-08 1.765371807328011e-06 3338
4.25 7.31502993680656e-08 1.91485376058839e-06 3722
4.5 7.232809939102004e-08 2.18405323798638e-06 4170
4.75 7.228358991674506e-08 2.18294796279597e-06 4358
5 7.939549969395255e-08 2.576814369317795e-06 5034
5.25 8.534288325258219e-08 2.933628499741748e-06 5714
5.5 7.898954613706682e-08 2.932010264167867e-06 5982
5.75 7.950300557169051e-08 3.100498083991098e-06 6602
6 7.626681653144783e-08 3.36852339122759e-06 7130
6.25 8.016324207577064e-08 3.615657016111286e-06 8034
6.5 7.811164175492465e-08 3.707350916721879e-06 8606
6.75 7.408472987391305e-08 3.589007927393019e-06 9066
7 7.232385690457809e-08 3.769200043937722e-06 9962
7.25 6.900021484410107e-08 3.889285518847611e-06 10550
7.5 6.658813666225859e-08 3.923627138466088e-06 11226
7.75 6.430204323807539e-08 3.911132921376746e-06 12146
8 6.176961482295062e-08 3.93667861236128e-06 12606
8.25 6.114089143217599e-08 4.012703993629974e-06 13802
8.5 5.985527365520442e-08 3.975022923272845e-06 14754
8.75 5.474842141355297e-08 3.830787534864098e-06 15194
9 5.393239029471494e-08 3.843410449313636e-06 16454
9.25 4.947690725815983e-08 3.804728113966869e-06 17154
9.5 4.857313731462403e-08 3.681607622487923e-06 18266
9.75 4.557745714727373e-08 3.525439723195162e-06 18750
10 4.515600010485284e-08 3.637457200269963e-06 20234
10.25 4.36474940750861e-08 3.536499872948582e-06 21450
10.5 3.98993969252835e-08 3.364346126702442e-06 21962
10.75 3.974844009386848e-08 3.370554498615021e-06 23462
11 3.744808841242811e-08 3.319903048072814e-06 24042
11.25 3.720370965646559e-08 3.367837119683946e-06 25946
11.5 3.441725501324498e-08 3.22888306508534e-06 26118
11.75 3.496157353739807e-08 3.182030821198024e-06 27506
12 3.37499867968598e-08 3.070145126745946e-06 28631
12.25 2.927374593661941e-08 2.72264085210147e-06 28596
12.5 2.347000675443921e-08 2.316710530768694e-06 27848
12.75 1.88279315058199e-08 1.952592034512247e-06 26544
13 1.610515779227433e-08 1.726993254210096e-06 26456
13.25 1.286799476708857e-08 1.439248720032595e-06 25284
13.5 1.063955402077629e-08 1.243578100163897e-06 24260
13.75 8.948515839197928e-09 1.080082570210595e-06 23312
14 7.359059091689267e-09 8.977051203084025e-07 22368
14.25 6.288912961169432e-09 7.951517506209261e-07 21872
14.5 5.119362744914298e-09 6.737280947927791e-07 20400
14.75 4.308339625832783e-09 5.782196122220203e-07 19040
15 3.693211659554932e-09 4.901100003042406e-07 18252
15.25 2.998872311182805e-09 4.151099973121705e-07 16760
15.5 2.652850263178513e-09 3.628871231033455e-07 15776
15.75 2.059127937965495e-09 2.82798161749353e-07 13704
16 1.776360648512881e-09 2.53426501309067e-07 13112
16.25 1.4511086714193e-09 1.98667987484873e-07 11652
16.5 1.025504024505042e-09 1.481034606706901e-07 9776
16.75 7.840637056271727e-10 1.159298546220494e-07 8448
17 5.346059946265818e-10 8.049765656258617e-08 7013
17.25 3.299333281985985e-10 5.327412831911423e-08 5546
17.5 2.502882773899138e-10 4.212552357911081e-08 4722
17.75 1.66042607499884e-10 2.962920359256746e-08 3782
18 1.21589824974869e-10 2.178626096299249e-08 3174
18.25 9.73724855286204e-11 1.715159398436116e-08 2582
18.5 6.579471790163207e-11 1.130734690341681e-08 1928
18.75 5.15380710019323e-11 8.716751317511885e-09 1662
19 3.202984035192267e-11 6.193439134991013e-09 1256
19.25 2.292834807451158e-11 4.253431689989294e-09 864
19.5 1.178022181941211e-11 2.171452725120322e-09 428
19.75 1.18500689779265e-11 2.129835772721371e-09 456
20 5.477336061057725e-12 9.480896607875979e-10 248
20.25 2.396711244021304e-12 4.543744617686641e-10 104
20.5 3.792843535131636e-13 1.282988179784058e-10 18
20.75 9.023459264761463e-14 2.66034869826359e-11 7

0.25 2.19323395351054e-09 5.799957856408297e-09 18
0.5 1.1460483124445e-08 1.494713973582556e-08 62
0.75 1.102760560714665e-08 3.339841407929704e-08 98
1 1.705457176663838e-08 7.179275282163689e-08 210
1.25 2.408148419427154e-08 1.341716988740998e-07 350
1.5 2.845384191213102e-08 1.623034202355723e-07 450
1.75 2.793312801719777e-08 2.27629410475118e-07 602
2 3.245227272664755e-08 3.095390659805871e-07 762
2.25 4.084496490475991e-08 4.956371495365248e-07 1142
2.5 4.1876075915381e-08 5.409062821261867e-07 1250
2.75 4.678254239131847e-08 5.92906297614995e-07 1458
3 4.873851969481516e-08 7.753176758083058e-07 1814
3.25 5.658719167170821e-08 9.685090269409649e-07 2178
3.5 5.842319309319765e-08 1.11230957395053e-06 2498
3.75 5.824502409163354e-08 1.164779058239438e-06 2622
4 6.915347869225668e-08 1.615477257759875e-06 3338
4.25 7.229974046927605e-08 1.691570208131667e-06 3722
4.5 7.276625773698345e-08 1.978523611526183e-06 4170
4.75 7.558666161809981e-08 2.090558191954701e-06 4358
5 7.991715816100927e-08 2.3701254464373e-06 5034
5.25 8.263411536351833e-08 2.636064355298954e-06 5714
5.5 7.854254351642531e-08 2.671591684542429e-06 5982
5.75 8.111917283994866e-08 2.962196096222521e-06 6602
6 7.720060475859201e-08 3.121130261808952e-06 7130
6.25 8.038693371299655e-08 3.273453102963237e-06 8034
6.5 7.740827665022104e-08 3.375515195270507e-06 8606
6.75 7.222872977795288e-08 3.392928066292553e-06 9066
7 7.273777455541725e-08 3.438950716429013e-06 9962
7.25 6.851147660966692e-08 3.455396778044089e-06 10550
7.5 6.472024729924465e-08 3.640482277399771e-06 11226
7.75 6.468156630964448e-08 3.717663336131809e-06 12146
8 6.177794928389749e-08 3.640868336794793e-06 12606
8.25 6.154320093846628e-08 3.72531278972444e-06 13802
8.5 5.92131367143334e-08 3.753832640997434e-06 14754
8.75 5.476675425614537e-08 3.608359229939504e-06 15194
9 5.274908614868558e-08 3.71415690172907e-06 16454
9.25 5.091015109692214e-08 3.549228268893416e-06 17154
9.5 4.80773800474411e-08 3.441362190208659e-06 18266
9.75 4.534732302891157e-08 3.400995946153271e-06 18750
10 4.399810709151928e-08 3.421366726442757e-06 20234
10.25 4.30724699218543e-08 3.32894354904369e-06 21450
10.5 4.005630664143685e-08 3.269370663102824e-06 21962
10.75 3.914706985950258e-08 3.188138784024308e-06 23462
11 3.735530761916716e-08 3.146664892158039e-06 24042
11.25 3.800109733250636e-08 3.148057386530115e-06 25946
11.5 3.540445180982356e-08 3.043434974759468e-06 26118
11.75 3.54101151963709e-08 3.068558505460348e-06 27506
12 3.318883939971829e-08 2.950193776624424e-06 28631
12.25 2.885689669107906e-08 2.713666857995516e-06 28596
12.5 2.391861184499585e-08 2.260595139762646e-06 27848
12.75 1.885894300183886e-08 1.916101894670561e-06 26544
13 1.600050248779261e-08 1.704781886598881e-06 26456
13.25 1.304752804859631e-08 1.406548019419315e-06 25284
13.5 1.075388026300297e-08 1.211553494560621e-06 24260
13.75 9.089519662692215e-09 1.049078739149809e-06 23312
14 7.488630081353375e-09 8.940442561283761e-07 22368
14.25 6.371976537920857e-09 7.778073449087654e-07 21872
14.5 5.36657228143943e-09 6.582608293151245e-07 20400
14.75 4.449235745286152e-09 5.636484695294848e-07 19040
15 3.731009059468163e-09 4.906698091916049e-07 18252
15.25 3.074142388778662e-09 4.060402057913708e-07 16760
15.5 2.662128180076532e-09 3.643456340382872e-07 15776
15.75 2.063138444125072e-09 2.883351211842175e-07 13704
16 1.794428178186636e-09 2.564795655128648e-07 13112
16.25 1.412048219911081e-09 2.031993942550228e-07 11652
16.5 1.038083018198342e-09 1.532402463261275e-07 9776
16.75 8.129173858338677e-10 1.142809275858912e-07 8448
17 5.19149849930021e-10 8.225776747903323e-08 7013
17.25 3.42770898443197e-10 5.547051235553576e-08 5546
17.5 2.623420970040755e-10 3.991667056836408e-08 4722
17.75 1.800451554020217e-10 2.968501037735857e-08 3782
18 1.328036291469229e-10 2.165144819469546e-08 3174
18.25 1.028230404250152e-10 1.686536973301076e-08 2582
18.5 6.727339967399254e-11 1.216745987036327e-08 1928
18.75 4.963611367015114e-11 9.228020107822111e-09 1662
19 3.614129822829943e-11 6.728451144133128e-09 1256
19.25 2.550506566910905e-11 4.142116962626235e-09 864
19.5 1.254596085081611e-11 2.504271728689604e-09 428
19.75 1.261371350636289e-11 2.149094595142997e-09 456
20 6.482153977484813e-12 9.956833866565015e-10 248
20.25 2.378261727855817e-12 4.113409651536118e-10 104
20.5 4.849834668764624e-13 4.637647681431452e-11 18
20.75 1.001519717441601e-13 3.170464796334869e-11 7

0.25 4.335568906444081e-09 3.219717125243761e-09 18
0.5 1.19040507352685e-08 1.012985285494117e-08 62
0.75 1.474356351662421e-08 1.641278316649799e-08 98
1 2.511812539907083e-08 4.425864874897436e-08 210
1.25 3.518550299648619e-08 6.714750794961411e-08 350
1.5 3.439708908817023e-08 9.033535475565077e-08 450
1.75 3.798940617485398e-08 1.396047455283069e-07 602
2 4.049569385599162e-08 1.918174109569852e-07 762
2.25 5.190740138683518e-08 3.250619677510575e-07 1142
2.5 5.086876450450497e-08 3.655727912708835e-07 1250
2.75 5.138830338491355e-08 4.491697084713069e-07 1458
3 5.813978981559542e-08 6.026649785011648e-07 1814
3.25 6.446642987695559e-08 7.39097081726963e-07 2178
3.5 6.791092256817054e-08 8.58678876395709e-07 2498
3.75 6.64880044862553e-08 9.839086057861171e-07 2622
4 7.2353312309881e-08 1.258867433891762e-06 3338
4.25 7.612540986498186e-08 1.425682542912274e-06 3722
4.5 7.689533551066089e-08 1.598366807888654e-06 4170
4.75 7.509560748170585e-08 1.763175360310689e-06 4358
5 8.372197212500372e-08 2.019052552417198e-06 5034
5.25 8.419606924706874e-08 2.280428886014374e-06 5714
5.5 8.151631795024534e-08 2.389802447164132e-06 5982
5.75 8.131765234531623e-08 2.557119411526055e-06 6602
6 8.046853403850419e-08 2.777618397465351e-06 7130
6.25 8.288216979542623e-08 2.912932287835687e-06 8034
6.5 8.050533096103391e-08 2.969081247376765e-06 8606
6.75 7.477302297786271e-08 3.010196613417596e-06 9066
7 7.21380473574732e-08 3.076659498187868e-06 9962
7.25 7.043730166930635e-08 3.175466566664837e-06 10550
7.5 6.827285841579264e-08 3.201093916316803e-06 11226
7.75 6.611729300596007e-08 3.258005067014506e-06 12146
8 6.128813762824636e-08 3.346837260515866e-06 12606
8.25 6.226010805006548e-08 3.303739521528274e-06 13802
8.5 6.08406388081726e-08 3.435192092392416e-06 14754
8.75 5.452970111275124e-08 3.324327156553589e-06 15194
9 5.377612984393811e-08 3.320023824328746e-06 16454
9.25 5.17607370444592e-08 3.30118516676209e-06 17154
9.5 4.873173007413947e-08 3.218424509592746e-06 18266
9.75 4.603068012928986e-08 3.145527632392091e-06 18750
10 4.433978328820854e-08 3.12923057898811e-06 20234
10.25 4.339437679642554e-08 3.119716518720698e-06 21450
10.5 4.097429353982043e-08 2.958355831618151e-06 21962
10.75 4.007680763956599e-08 3.020813951873067e-06 23462
11 3.760531784544192e-08 2.942119838481772e-06 24042
11.25 3.790833615021827e-08 3.015684721837005e-06 25946
11.5 3.569932379628431e-08 2.824392452570392e-06 26118
11.75 3.620028574204441e-08 2.889266352905892e-06 27506
12 3.441718574591222e-08 2.761386697252428e-06 28631
12.25 2.97383769625275e-08 2.486781646348516e-06 28596
12.5 2.421896858388959e-08 2.177788496791065e-06 27848
12.75 1.919138799128702e-08 1.806308600483795e-06 26544
13 1.600076457753099e-08 1.64271563188249e-06 26456
13.25 1.315951181018505e-08 1.356659879947319e-06 25284
13.5 1.067203468273323e-08 1.15328010730577e-06 24260
13.75 9.186494617348685e-09 1.010853841742755e-06 23312
14 7.697752585967827e-09 8.676180067815127e-07 22368
14.25 6.50728854768951e-09 7.41189113484685e-07 21872
14.5 5.390482875858003e-09 6.528674083907718e-07 20400
14.75 4.564961550420961e-09 5.318119987023864e-07 19040
15 3.837225604543166e-09 4.795354925827485e-07 18252
15.25 3.120860544057383e-09 3.938334254691889e-07 16760
15.5 2.747692351990815e-09 3.488952963125685e-07 15776
15.75 2.155714880938734e-09 2.773325391266536e-07 13704
16 1.871638409353688e-09 2.465091447840147e-07 13112
16.25 1.451094646086312e-09 1.924429672125495e-07 11652
16.5 1.100573577620062e-09 1.459634467009459e-07 9776
16.75 8.280623109307641e-10 1.152958879185898e-07 8448
17 5.309723523235644e-10 8.131796906405579e-08 7013
17.25 3.641599304956069e-10 5.397898891657096e-08 5546
17.5 2.720467010234682e-10 4.130081215330556e-08 4722
17.75 1.853888864642458e-10 3.02387308331803e-08 3782
18 1.420715609440595e-10 2.129725485895054e-08 3174
18.25 1.014144004265727e-10 1.670974844214971e-08 2582
18.5 7.044162928496419e-11 1.140354391838597e-08 1928
18.75 5.505320891209526e-11 9.113685440441443e-09 1662
19 3.883190167738204e-11 6.270419438259111e-09 1256
19.25 2.681776868509851e-11 4.423928306315147e-09 864
19.5 1.325915885851344e-11 2.211089259764105e-09 428
19.75 1.217857938905624e-11 1.977057392041788e-09 456
20 6.958710913418755e-12 1.029833643164408e-09 248
20.25 2.337474895272178e-12 4.738304073818681e-10 104
20.5 2.60008950584953e-13 8.671176462897533e-11 18
20.75 8.124504013439343e-14 2.561188583698924e-11 7

0.25 3.200929867241587e-09 6.60724216315599e-09 18
0.5 9.409209018489904e-09 2.058422732870591e-08 62
0.75 1.344676724959973e-08 3.656547197191367e-08 98
1 1.905487188429258e-08 8.152000264260888e-08 210
1.25 2.29213827276349e-08 1.425269495654178e-07 350
1.5 2.193224606794916e-08 2.051337749155328e-07 450
1.75 2.621701610566116e-08 2.607644464823524e-07 602
2 2.991016983426197e-08 3.280890153437561e-07 762
2.25 3.419238252106924e-08 4.79855902922153e-07 1142
2.5 3.367034898759171e-08 5.226122052973044e-07 1250
2.75 4.043860273947801e-08 6.374840778968903e-07 1458
3 4.545765680009472e-08 8.448488314907562e-07 1814
3.25 4.687175546660836e-08 9.535852769628866e-07 2178
3.5 4.932432744097945e-08 1.10673816290122e-06 2498
3.75 5.209623690113306e-08 1.113450456963072e-06 2622
4 5.705860112772699e-08 1.525781125499976e-06 3338
4.25 5.996057676502913e-08 1.661786713345315e-06 3722
4.5 6.425609266100779e-08 1.907772722837467e-06 4170
4.75 6.381949740418546e-08 2.037701415652288e-06 4358
5 6.840822010633586e-08 2.258776319975588e-06 5034
5.25 7.505349966977856e-08 2.597108639177668e-06 5714
5.5 7.04338451573669e-08 2.638313399369639e-06 5982
5.75 6.840213612234076e-08 2.835066257635399e-06 6602
6 6.94137033035817e-08 2.893133652450079e-06 7130
6.25 6.846789991354328e-08 3.207528934463485e-06 8034
6.5 6.700569388782968e-08 3.27716312308435e-06 8606
6.75 6.467699864573977e-08 3.197452398212689e-06 9066
7 6.505894876295596e-08 3.404089138235052e-06 9962
7.25 6.137455488893116e-08 3.357718357662079e-06 10550
7.5 6.059662939413495e-08 3.466430405648064e-06 11226
7.75 5.895871481946758e-08 3.621527294773414e-06 12146
8 5.592535655724276e-08 3.528827574305361e-06 12606
8.25 5.675380295496219e-08 3.595541437311974e-06 13802
8.5 5.499942363353753e-08 3.559606806865509e-06 14754
8.75 5.009825301432032e-08 3.483451393537321e-06 15194
9 4.907547157253681e-08 3.561784345664122e-06 16454
9.25 4.584655058054834e-08 3.501260737162497e-06 17154
9.5 4.455281678917887e-08 3.424029912659848e-06 18266
9.75 4.189617551448103e-08 3.299528120915854e-06 18750
10 4.072034223955471e-08 3.352471351645567e-06 20234
10.25 4.038921335372074e-08 3.258735800841606e-06 21450
10.5 3.784384891636599e-08 3.195102425451465e-06 21962
10.75 3.705189633789194e-08 3.234984008281189e-06 23462
11 3.548235932575317e-08 3.100032849274172e-06 24042
11.25 3.552630372763887e-08 3.143126506091004e-06 25946
11.5 3.312541225155726e-08 2.936274364819536e-06 26118
11.75 3.31068484598985e-08 3.003321525053046e-06 27506
12 3.200937365785081e-08 2.962673339688298e-06 28631
12.25 2.745826251768928e-08 2.65295590357664e-06 28596
12.5 2.258899378998019e-08 2.275777069080892e-06 27848
12.75 1.769439358791971e-08 1.878102350546244e-06 26544
13 1.552002431045838e-08 1.689288923462941e-06 26456
13.25 1.251510500517684e-08 1.410801569261999e-06 25284
13.5 1.05036841931509e-08 1.196753420709681e-06 24260
13.75 8.851809614641184e-09 1.039848910125697e-06 23312
14 7.305834539802381e-09 9.106322726447384e-07 22368
14.25 6.310511586964214e-09 7.972929297747991e-07 21872
14.5 5.240559685064548e-09 6.671459416965564e-07 20400
14.75 4.354295004228526e-09 5.712452852025196e-07 19040
15 3.676273663061981e-09 5.039765945040447e-07 18252
15.25 3.065366965679822e-09 4.100864374715089e-07 16760
15.5 2.680559176033813e-09 3.660685399971189e-07 15776
15.75 2.04129813199291e-09 2.938140017623882e-07 13704
16 1.790917459429579e-09 2.574095337972994e-07 13112
16.25 1.411848858827002e-09 2.072425843265895e-07 11652
16.5 1.03759970175741e-09 1.5629522649702e-07 9776
16.75 8.063004499808165e-10 1.244932483376996e-07 8448
17 5.402666764256016e-10 8.279649873513493e-08 7013
17.25 3.516251695561164e-10 5.623235313565034e-08 5546
17.5 2.592381551959121e-10 4.460180475024105e-08 4722
17.75 1.836499672522125e-10 3.125840048295037e-08 3782
18 1.344912958639503e-10 2.358049604992782e-08 3174
18.25 1.01253661565335e-10 1.741765756194527e-08 2582
18.5 6.742088713749219e-11 1.258215280718686e-08 1928
18.75 5.505816825492522e-11 1.011052010851926e-08 1662
19 3.861364411112149e-11 6.911768402044009e-09 1256
19.25 2.544223135641383e-11 5.037037311175833e-09 864
19.5 1.363894297750941e-11 1.999389815029789e-09 428
19.75 1.262917127283951e-11 2.361187115839798e-09 456
20 5.943233077671013e-12 1.281341357183174e-09 248
20.25 2.587100315425377e-12 5.158351234442873e-10 104
20.5 5.961424125183908e-13 5.853252217468855e-11 18
20.75 1.3701335658523e-13 1.413753057201913e-11 7

0.25 3.509792850590062e-09 4.35595979267988e-09 18
0.5 1.320737384675859e-08 1.476079272718331e-08 62
0.75 1.448516357115728e-08 2.462740481935804e-08 98
1 1.900965800948048e-08 4.365559021307564e-08 210
1.25 2.47926836934492e-08 1.057663447208767e-07 350
1.5 2.311041513404742e-08 1.445489625557702e-07 450
1.75 2.590401286547482e-08 1.905960272005844e-07 602
2 2.871475293141342e-08 2.386655016711704e-07 762
2.25 3.808769842003003e-08 3.87565431403638e-07 1142
2.5 4.020167798009248e-08 4.197079397141568e-07 1250
2.75 3.961461108380889e-08 4.891753975346798e-07 1458
3 4.736053126623802e-08 6.969545704061604e-07 1814
3.25 5.396610570796107e-08 7.894093346725609e-07 2178
3.5 5.312027954507317e-08 9.489710889490184e-07 2498
3.75 5.299569264669263e-08 9.863120316154998e-07 2622
4 6.099306636821554e-08 1.30850144151166e-06 3338
4.25 6.328893446466428e-08 1.428715194503519e-06 3722
4.5 6.572821582883823e-08 1.61709574257246e-06 4170
4.75 6.415748012614763e-08 1.728293509401453e-06 4358
5 6.951997921463193e-08 2.006364955092669e-06 5034
5.25 7.458080496545991e-08 2.290983348571889e-06 5714
5.5 7.362914536828453e-08 2.362456661756718e-06 5982
5.75 7.203900008652309e-08 2.517966506572945e-06 6602
6 6.945697617127678e-08 2.636887469446256e-06 7130
6.25 7.27792737564205e-08 2.829700456341281e-06 8034
6.5 6.847793207534317e-08 2.89116719208094e-06 8606
6.75 6.545082853055119e-08 2.915621872248452e-06 9066
7 6.50845315249796e-08 3.002370368896625e-06 9962
7.25 6.26886649877196e-08 3.07941811773897e-06 10550
7.5 6.026815510424043e-08 3.133957994423568e-06 11226
7.75 6.046701863187925e-08 3.23265477488373e-06 12146
8 5.613057760178587e-08 3.209966343738983e-06 12606
8.25 5.583250004432704e-08 3.326356174794968e-06 13802
8.5 5.366121250730747e-08 3.350752132163597e-06 14754
8.75 4.923878629684935e-08 3.289205700132593e-06 15194
9 4.949878968695445e-08 3.265572454073591e-06 16454
9.25 4.739257020554464e-08 3.202623405610128e-06 17154
9.5 4.47672206135624e-08 3.309855589225127e-06 18266
9.75 4.19233096674936e-08 3.070355663465487e-06 18750
10 4.14947506563123e-08 3.123328365285706e-06 20234
10.25 4.018671792597414e-08 3.086304068198483e-06 21450
10.5 3.769986105582711e-08 2.953035507600889e-06 21962
10.75 3.681608638940528e-08 3.007724953974763e-06 23462
11 3.603297258028449e-08 2.923260143900384e-06 24042
11.25 3.57494011278136e-08 2.955675415358176e-06 25946
11.5 3.376417246021329e-08 2.815089717587652e-06 26118
11.75 3.308456306404075e-08 2.830489613869644e-06 27506
12 3.198580511158574e-08 2.77389613424037e-06 28631
12.25 2.775272449069431e-08 2.501880361357724e-06 28596
12.5 2.256819310359928e-08 2.174694312796489e-06 27848
12.75 1.822562261267969e-08 1.799903160777217e-06 26544
13 1.583543897910819e-08 1.598653308002058e-06 26456
13.25 1.280369785388551e-08 1.349506316326675e-06 25284
13.5 1.040763689390706e-08 1.166227735657399e-06 24260
13.75 8.870031746180105e-09 1.026101381753406e-06 23312
14 7.448823857393269e-09 8.670486481904257e-07 22368
14.25 6.344510725945486e-09 7.73278713630361e-07 21872
14.5 5.283560011976009e-09 6.448366910428352e-07 20400
14.75 4.548176863828774e-09 5.498662726588471e-07 19040
15 3.803683887378145e-09 4.889876750527745e-07 18252
15.25 3.082466204978313e-09 4.037341470141299e-07 16760
15.5 2.789809875129032e-09 3.635924380631647e-07 15776
15.75 2.121716239830188e-09 2.832735161758239e-07 13704
16 1.886514861064547e-09 2.533749026524691e-07 13112
16.25 1.49038615309669e-09 2.006462289564924e-07 11652
16.5 1.064117333861834e-09 1.579823417366255e-07 9776
16.75 8.557113504997624e-10 1.168026205781708e-07 8448
17 5.575366132734559e-10 8.126804445541752e-08 7013
17.25 3.650317349094753e-10 5.494146838187428e-08 5546
17.5 2.579776897669901e-10 4.266348137778855e-08 4722
17.75 1.882404574139103e-10 3.190539874395209e-08 3782
18 1.359712079760765e-10 2.408181842836194e-08 3174
18.25 1.027462313123566e-10 1.765592720917062e-08 2582
18.5 7.082571227386222e-11 1.241154808079528e-08 1928
18.75 5.664693905432631e-11 9.97602474269021e-09 1662
19 3.936754631840296e-11 6.466519625284592e-09 1256
19.25 2.585236761765211e-11 5.391717963681016e-09 864
19.5 1.483349552328637e-11 2.162758893478187e-09 428
19.75 1.451236403906842e-11 2.588009236737027e-09 456
20 6.573262918874593e-12 1.386444170886813e-09 248
20.25 2.672987884582453e-12 5.058154360959853e-10 104
20.5 5.762033018746658e-13 7.473296086431833e-11 18
20.75 8.48766741903024e-14 7.502710114601087e-12 7

0.25 4.191653094274466e-09 2.970802587507042e-09 18
0.5 1.140709096881909e-08 1.359996627341662e-08 62
0.75 1.383735227701138e-08 1.825571253072396e-08 98
1 2.37664593762869e-08 3.423149649553254e-08 210
1.25 2.731433634669683e-08 6.894838971656196e-08 350
1.5 3.086962612431896e-08 8.66271215004795e-08 450
1.75 3.475297489094708e-08 1.247140800037022e-07 602
2 3.238672481725319e-08 1.73608131102569e-07 762
2.25 4.440475630341545e-08 2.788228631700371e-07 1142
2.5 4.182749843161477e-08 3.494933276513066e-07 1250
2.75 4.694644737955974e-08 4.230346365854523e-07 1458
3 4.848799936769743e-08 5.174605775422207e-07 1814
3.25 5.559830936021537e-08 6.778548269112237e-07 2178
3.5 5.617669784880128e-08 7.655512626529648e-07 2498
3.75 5.761992558901243e-08 8.218971716933089e-07 2622
4 6.611252170796812e-08 1.099781916248711e-06 3338
4.25 6.784616481918246e-08 1.15476777129388e-06 3722
4.5 6.681056539150383e-08 1.451187188499845e-06 4170
4.75 6.560225146643344e-08 1.554558743766376e-06 4358
5 6.944491947268539e-08 1.766948084410273e-06 5034
5.25 7.726922859192446e-08 2.047815403479503e-06 5714
5.5 7.157485105210837e-08 2.127867259014197e-06 5982
5.75 7.295080464821927e-08 2.280683242486133e-06 6602
6 7.17498870013916e-08 2.414374716113172e-06 7130
6.25 7.279441240642537e-08 2.610696050139899e-06 8034
6.5 6.919880438664805e-08 2.73427755855097e-06 8606
6.75 6.562732142164271e-08 2.666446768445261e-06 9066
7 6.512185491025414e-08 2.801787669153075e-06 9962
7.25 6.213030570107657e-08 2.814715202373812e-06 10550
7.5 5.986048077483645e-08 2.919255071843155e-06 11226
7.75 5.953607385852564e-08 3.039874766828698e-06 12146
8 5.530516863315384e-08 2.92120135644664e-06 12606
8.25 5.559050769848012e-08 3.104800917057113e-06 13802
8.5 5.385097755433118e-08 3.079325948517806e-06 14754
8.75 5.064961160356808e-08 2.924611421859267e-06 15194
9 4.935555844945065e-08 3.010906690755084e-06 16454
9.25 4.715742091781591e-08 2.976638578940729e-06 17154
9.5 4.536132073727409e-08 3.004989353396551e-06 18266
9.75 4.228463753090727e-08 2.891012285509678e-06 18750
10 4.151374754731189e-08 2.869730778757301e-06 20234
10.25 4.058837472081167e-08 2.861513219673644e-06 21450
10.5 3.824806357230508e-08 2.809598694959259e-06 21962
10.75 3.762556488751448e-08 2.895517755947365e-06 23462
11 3.604182243036596e-08 2.774347403908116e-06 24042
11.25 3.499500580171553e-08 2.823756863717686e-06 25946
11.5 3.363225359923706e-08 2.677847669768334e-06 26118
11.75 3.343946797466245e-08 2.690692898611175e-06 27506
12 3.153577412916962e-08 2.638576823457978e-06 28631
12.25 2.779619950467653e-08 2.389106340289787e-06 28596
12.5 2.260096671839321e-08 2.050117799796126e-06 27848
12.75 1.816408680751172e-08 1.744961179656059e-06 26544
13 1.581191533549403e-08 1.540203165467461e-06 26456
13.25 1.281737360875868e-08 1.308120004249087e-06 25284
13.5 1.063009573996171e-08 1.126656381307298e-06 24260
13.75 8.966341945034762e-09 9.922246362163727e-07 23312
14 7.585241507055775e-09 8.369472406279247e-07 22368
14.25 6.574025260276564e-09 7.369394450263303e-07 21872
14.5 5.430029851066768e-09 6.264872654127835e-07 20400
14.75 4.482791698054938e-09 5.419507932026245e-07 19040
15 3.818289268833881e-09 4.70153152427561e-07 18252
15.25 3.212344019403951e-09 3.896416647056466e-07 16760
15.5 2.799845099606526e-09 3.489874577259528e-07 15776
15.75 2.172911450757099e-09 2.769032509676748e-07 13704
16 1.870408602582934e-09 2.530983417498366e-07 13112
16.25 1.483014307715009e-09 1.97164036194768e-07 11652
16.5 1.113168388684293e-09 1.502491657726323e-07 9776
16.75 8.30923607787384e-10 1.193104847356402e-07 8448
17 5.561137023096409e-10 7.998722847435315e-08 7013
17.25 3.744681974121865e-10 5.610871451635869e-08 5546
17.5 2.701854389649205e-10 4.292231806179726e-08 4722
17.75 1.846243437714589e-10 3.201149140974093e-08 3782
18 1.477474111486093e-10 2.258142783936243e-08 3174
18.25 1.045391278245236e-10 1.726116032574388e-08 2582
18.5 7.487047361064614e-11 1.20536808149188e-08 1928
18.75 5.900350749019767e-11 9.688709927752055e-09 1662
19 3.999707881989204e-11 7.567060355005531e-09 1256
19.25 2.699573269908956e-11 4.692243610250991e-09 864
19.5 1.437990826910649e-11 2.328591929751167e-09 428
19.75 1.433660167447964e-11 2.557451929249666e-09 456
20 7.878155043655285e-12 1.181461445080467e-09 248
20.25 2.979773185875982e-12 4.64887906406822e-10 104
20.5 4.102254056483974e-13 7.231963843225703e-11 18
20.75 1.852334709912284e-13 3.541772062541773e-11 7

0.25 4.740166489763613e-09 5.815617636933371e-09 18
0.5 1.22509749997323e-08 2.101209186960452e-08 62
0.75 1.20675691074309e-08 2.47984912645466e-08 98
1 1.998446242497071e-08 6.831074263525945e-08 210
1.25 2.323364759037134e-08 1.178082606918489e-07 350
1.5 2.110714781749444e-08 1.727817660869945e-07 450
1.75 2.140790146256615e-08 2.333502381907274e-07 602
2 2.47519486545883e-08 2.745468809592183e-07 762
2.25 3.198894002417002e-08 4.351955655195526e-07 1142
2.5 3.377916915308768e-08 4.493059979650266e-07 1250
2.75 3.270586670862289e-08 5.461893424788585e-07 1458
3 3.829919004408784e-08 6.345269673325666e-07 1814
3.25 4.270981724563228e-08 8.183000939197698e-07 2178
3.5 4.529627327350562e-08 9.677970857432765e-07 2498
3.75 4.417290895218937e-08 9.762181720214006e-07 2622
4 5.16559658256252e-08 1.352367296650072e-06 3338
4.25 5.52637599118215e-08 1.441700823633146e-06 3722
4.5 5.582277556189451e-08 1.64848250440963e-06 4170
4.75 5.854530465104377e-08 1.676109866627413e-06 4358
5 6.146918973829222e-08 1.97981204089968e-06 5034
5.25 6.632537312303222e-08 2.259698834548719e-06 5714
5.5 6.237104876101184e-08 2.246672785500044e-06 5982
5.75 6.359251599300151e-08 2.452410602197816e-06 6602
6 6.317901081279753e-08 2.623285482883072e-06 7130
6.25 6.574366592189926e-08 2.79180795381516e-06 8034
6.5 6.330064557223573e-08 2.898423330995262e-06 8606
6.75 5.95768596184583e-08 2.858304707450585e-06 9066
7 5.819522714154113e-08 2.952447045130939e-06 9962
7.25 5.519875455739164e-08 3.074797607464806e-06 10550
7.5 5.403606684454723e-08 3.034172932692187e-06 11226
7.75 5.284227604277974e-08 3.164060343198609e-06 12146
8 5.055714462229639e-08 3.135807775096079e-06 12606
8.25 5.026799026791507e-08 3.225238360126879e-06 13802
8.5 4.837865831479671e-08 3.259659408682987e-06 14754
8.75 4.574714757685231e-08 3.099057222295391e-06 15194
9 4.436496507458331e-08 3.204777805107599e-06 16454
9.25 4.205974498194101e-08 3.179728984293969e-06 17154
9.5 4.066713287967539e-08 3.143207509262789e-06 18266
9.75 3.856951331704185e-08 3.018003443897418e-06 18750
10 3.866298971534451e-08 3.084126567611056e-06 20234
10.25 3.674916622004992e-08 3.087578365728842e-06 21450
10.5 3.504520763466698e-08 2.95793369924711e-06 21962
10.75 3.541673270981166e-08 2.926930098174754e-06 23462
11 3.35943797028254e-08 2.872939994501167e-06 24042
11.25 3.341395342605683e-08 2.926747356687538e-06 25946
11.5 3.109092608983968e-08 2.782896217978669e-06 26118
11.75 3.078165599492463e-08 2.814555780194479e-06 27506
12 2.983058295228579e-08 2.782633077417859e-06 28631
12.25 2.595663230069558e-08 2.465107505262442e-06 28596
12.5 2.161037499068223e-08 2.139666047252247e-06 27848
12.75 1.734188193532849e-08 1.812480791717035e-06 26544
13 1.504953864227718e-08 1.614423406628333e-06 26456
13.25 1.222385625050869e-08 1.362839391312814e-06 25284
13.5 1.029501879672768e-08 1.17823860059007e-06 24260
13.75 8.639277430224067e-09 1.014745325573169e-06 23312
14 7.116806469484668e-09 8.914130080910923e-07 22368
14.25 6.187507101242427e-09 7.818287988684171e-07 21872
14.5 5.060013803341093e-09 6.420988617505766e-07 20400
14.75 4.322064355301476e-09 5.598688670886993e-07 19040
15 3.693383905699509e-09 4.994178263957918e-07 18252
15.25 3.063430849097934e-09 4.140332241445473e-07 16760
15.5 2.59712669575151e-09 3.663987794244068e-07 15776
15.75 2.066800463093555e-09 2.921787412476239e-07 13704
16 1.820772623259733e-09 2.615948221117079e-07 13112
16.25 1.405437892093371e-09 2.068587876665844e-07 11652
16.5 1.050168873652072e-09 1.620953134635138e-07 9776
16.75 8.090454332694796e-10 1.263158106810682e-07 8448
17 5.564674926621527e-10 8.400312274258523e-08 7013
17.25 3.535757753050522e-10 5.917455765715557e-08 5546
17.5 2.65172377711218e-10 4.486938208179569e-08 4722
17.75 1.84343433734759e-10 3.246093862001856e-08 3782
18 1.41984602474189e-10 2.426747369697763e-08 3174
18.25 1.021372781905853e-10 1.97415100183541e-08 2582
18.5 7.160934654339576e-11 1.288690864060848e-08 1928
18.75 5.593264572070187e-11 1.043340349161725e-08 1662
19 4.116000349732709e-11 7.044064567569259e-09 1256
19.25 2.505408501924692e-11 4.726402839809303e-09 864
19.5 1.279510153989233e-11 2.404918171951576e-09 428
19.75 1.507239785518198e-11 2.417098419314659e-09 456
20 7.737206199198388e-12 1.397596676998807e-09 248
20.25 2.691232510933198e-12 4.646491754223287e-10 104
20.5 4.445564052479988e-13 1.515268143212814e-10 18
20.75 3.453632285733961e-13 2.410576341290802e-11 7

0.25 4.780516214527594e-09 4.804895726142039e-09 18
0.5 1.476749771121126e-08 1.152592948293008e-08 62
0.75 1.273348286377463e-08 2.662879651325469e-08 98
1 1.766140508908002e-08 4.752007894986366e-08 210
1.25 2.196767031066347e-08 9.057487770970636e-08 350
1.5 1.97255146295947e-08 1.165883332728131e-07 450
1.75 2.286662926920075e-08 1.722028948851715e-07 602
2 2.385531484376484e-08 2.201341843193222e-07 762
2.25 3.556516947370613e-08 3.100965772823249e-07 1142
2.5 3.271280734408811e-08 3.48612015026058e-07 1250
2.75 3.622021661578468e-08 4.057875347508625e-07 1458
3 4.196126497613048e-08 5.193804554986831e-07 1814
3.25 4.6179299731948e-08 6.626514708448739e-07 2178
3.5 4.922593926219909e-08 8.024870244516191e-07 2498
3.75 4.639969947001222e-08 8.86778200974503e-07 2622
4 5.761350183244002e-08 1.10861236951158e-06 3338
4.25 5.387863226892923e-08 1.234218238746612e-06 3722
4.5 5.871229105965036e-08 1.454487923560093e-06 4170
4.75 5.542046982323176e-08 1.559367197651739e-06 4358
5 6.349949787679401e-08 1.811780572897844e-06 5034
5.25 6.647557864271921e-08 1.923656572224539e-06 5714
5.5 6.160470032444929e-08 2.044737655542016e-06 5982
5.75 6.482147940675397e-08 2.123257236212737e-06 6602
6 6.56574617598399e-08 2.354812185729757e-06 7130
6.25 6.467277030861873e-08 2.578508588031783e-06 8034
6.5 6.206391314772194e-08 2.634731377067485e-06 8606
6.75 5.998411241158142e-08 2.600935433854805e-06 9066
7 5.800725653508076e-08 2.714008605060291e-06 9962
7.25 5.749791251324024e-08 2.715694367864615e-06 10550
7.5 5.465691909667796e-08 2.803718204614198e-06 11226
7.75 5.372618741362385e-08 2.87955686933168e-06 12146
8 4.957638389040997e-08 2.773657307169544e-06 12606
8.25 4.925028351594803e-08 3.000118078054427e-06 13802
8.5 5.032813533275812e-08 3.001803979212272e-06 14754
8.75 4.608996726183368e-08 2.892931837856445e-06 15194
9 4.500178851458529e-08 2.971332610320332e-06 16454
9.25 4.339026004885874e-08 2.887875583847535e-06 17154
9.5 4.126284178666141e-08 2.893679843809496e-06 18266
9.75 3.906671441981244e-08 2.792409608793795e-06 18750
10 3.853489593974467e-08 2.850515265730568e-06 20234
10.25 3.818714142023101e-08 2.848611020968211e-06 21450
10.5 3.589535644016209e-08 2.724676361964896e-06 21962
10.75 3.499063725858971e-08 2.832696182143339e-06 23462
11 3.360231513245569e-08 2.705246207525512e-06 24042
11.25 3.327476491939768e-08 2.723415077629355e-06 25946
11.5 3.166891500917515e-08 2.599396151859682e-06 26118
11.75 3.119099814732465e-08 2.660686610018983e-06 27506
12 3.032227924462049e-08 2.611901844199089e-06 28631
12.25 2.622486077714465e-08 2.339439006281822e-06 28596
12.5 2.182016937100969e-08 2.07900500520909e-06 27848
12.75 1.76289100235183e-08 1.724501369125037e-06 26544
13 1.52727111670099e-08 1.551690870971487e-06 26456
13.25 1.226814678393434e-08 1.320490059776701e-06 25284
13.5 1.036068953255866e-08 1.131361515671922e-06 24260
13.75 8.692314715459222e-09 1.00046878035584e-06 23312
14 7.230876196123662e-09 8.612391407606865e-07 22368
14.25 6.455222383558513e-09 7.510558313180617e-07 21872
14.5 5.191656602050589e-09 6.370063628860231e-07 20400
14.75 4.345924643216703e-09 5.435525149756801e-07 19040
15 3.737674674352391e-09 4.834430691899044e-07 18252
15.25 3.029211038025298e-09 3.964919078115436e-07 16760
15.5 2.698599705317948e-09 3.528186976200963e-07 15776
15.75 2.11923763056574e-09 2.825091827346775e-07 13704
16 1.846254653169825e-09 2.518478057749793e-07 13112
16.25 1.482599358854239e-09 2.071257701107329e-07 11652
16.5 1.123566665588572e-09 1.531156014087214e-07 9776
16.75 8.42961785197581e-10 1.231925622456934e-07 8448
17 5.339239328514339e-10 8.473658744234806e-08 7013
17.25 3.598936085571447e-10 5.713544773622281e-08 5546
17.5 2.686201964135614e-10 4.410041961890305e-08 4722
17.75 1.953914246019821e-10 3.267709808283653e-08 3782
18 1.442232021802682e-10 2.31218030585163e-08 3174
18.25 1.034554632618766e-10 1.819423797632708e-08 2582
18.5 7.108755110507905e-11 1.231596379753206e-08 1928
18.75 5.902975320129298e-11 1.020497056598946e-08 1662
19 4.070201561540319e-11 6.746141944757652e-09 1256
19.25 2.791049818122226e-11 5.067364023571547e-09 864
19.5 1.412980277229406e-11 2.091101883332782e-09 428
19.75 1.504525772542025e-11 2.458846868012001e-09 456
20 8.16338653079404e-12 1.308104736767351e-09 248
20.25 3.274487545815959e-12 4.256437392926142e-10 104
20.5 4.431268650458155e-13 1.760473729947421e-10 18
20.75 1.513197839947673e-13 3.007268588097666e-11 7

0.25 4.209391024148691e-09 4.843976209571968e-09 18
0.5 7.443868536264241e-09 1.71848088288959e-08 62
0.75 1.310985929242321e-08 2.476424823104918e-08 98
1 1.633128617364324e-08 4.156997545457396e-08 210
1.25 2.452683154655269e-08 5.848929493999157e-08 350
1.5 2.59410948693243e-08 8.046045977958069e-08 450
1.75 2.594320289952944e-08 1.16671897992319e-07 602
2 3.146601825989348e-08 1.577412467610615e-07 762
2.25 4.243869046441774e-08 2.423094000471148e-07 1142
2.5 3.810928358203002e-08 2.758129604000065e-07 1250
2.75 4.197640743777342e-08 3.42136006440279e-07 1458
3 4.357339237369521e-08 4.394768767974497e-07 1814
3.25 4.808373928191395e-08 5.652091314195589e-07 2178
3.5 5.086637160380459e-08 6.468236324998616e-07 2498
3.75 4.803936287541211e-08 7.339383624511213e-07 2622
4 5.715182629952467e-08 9.382654693343525e-07 3338
4.25 5.820443689756208e-08 1.104307993626115e-06 3722
4.5 6.027500769778466e-08 1.226438732110817e-06 4170
4.75 5.714055986120046e-08 1.285238531530747e-06 4358
5 6.469856308680394e-08 1.5291181799037e-06 5034
5.25 6.683463026477351e-08 1.738843344109656e-06 5714
5.5 6.449276920153484e-08 1.843126429304031e-06 5982
5.75 6.537496250307526e-08 2.018383455694783e-06 6602
6 6.394278432671281e-08 2.100541183409663e-06 7130
6.25 6.731867512529634e-08 2.320390682522002e-06 8034
6.5 6.444680306785137e-08 2.304534099847705e-06 8606
6.75 5.959271701515607e-08 2.413729691472719e-06 9066
7 5.909564122461855e-08 2.474071676315221e-06 9962
7.25 5.805173380359863e-08 2.49496599166372e-06 10550
7.5 5.452479345977082e-08 2.589181505345127e-06 11226
7.75 5.239234262182012e-08 2.666579287855816e-06 12146
8 5.004215603080179e-08 2.591138770582647e-06 12606
8.25 4.893862454391369e-08 2.749800063851804e-06 13802
8.5 4.862377925263428e-08 2.838422314066058e-06 14754
8.75 4.504562328747085e-08 2.776809316481788e-06 15194
9 4.501323365599905e-08 2.748630772241008e-06 16454
9.25 4.252636072632993e-08 2.72290168671888e-06 17154
9.5 4.063009205034687e-08 2.713031272299552e-06 18266
9.75 3.890772630991439e-08 2.664828642663655e-06 18750
10 3.916193739399452e-08 2.69419874585293e-06 20234
10.25 3.743678608471987e-08 2.743769952807757e-06 21450
10.5 3.553661919100075e-08 2.632498783010425e-06 21962
10.75 3.510722620798354e-08 2.659141415026382e-06 23462
11 3.320429535338287e-08 2.577739630248143e-06 24042
11.25 3.312215209418569e-08 2.584313970165742e-06 25946
11.5 3.121301386423432e-08 2.50985555162564e-06 26118
11.75 3.186102087590964e-08 2.49869861800416e-06 27506
12 3.065484005365876e-08 2.524979510528706e-06 28631
12.25 2.580275006114391e-08 2.260551412166788e-06 28596
12.5 2.165327530321472e-08 1.945859999707844e-06 27848
12.75 1.769018592555086e-08 1.664843766093943e-06 26544
13 1.519487402232268e-08 1.482084564022349e-06 26456
13.25 1.253712064254651e-08 1.26470868258157e-06 25284
13.5 1.035992653855566e-08 1.098538200655468e-06 24260
13.75 8.712407659421753e-09 9.573997465451613e-07 23312
14 7.436496062301985e-09 8.192056055061724e-07 22368
14.25 6.38841911488654e-09 7.50266323119664e-07 21872
14.5 5.257081567326984e-09 6.276944592910701e-07 20400
14.75 4.374312547591528e-09 5.284697623244874e-07 19040
15 3.78411870974142e-09 4.624291628723937e-07 18252
15.25 3.058656302969928e-09 3.91533112228853e-07 16760
15.5 2.740728661849551e-09 3.47066528073632e-07 15776
15.75 2.13622926402804e-09 2.75975895933183e-07 13704
16 1.88186076900939e-09 2.507249621445214e-07 13112
16.25 1.45792128255792e-09 1.992230442367659e-07 11652
16.5 1.103972296249225e-09 1.548694901490567e-07 9776
16.75 8.488349064598391e-10 1.167280196787053e-07 8448
17 5.551949025868641e-10 8.163435803338278e-08 7013
17.25 3.707178033549628e-10 5.529883001307583e-08 5546
17.5 2.787421430314106e-10 4.2669998028644e-08 4722
17.75 1.966450761843242e-10 3.144515696557089e-08 3782
18 1.461378957606109e-10 2.311688289259818e-08 3174
18.25 1.100364755848961e-10 1.667719722606111e-08 2582
18.5 7.860414824753248e-11 1.249343507873891e-08 1928
18.75 5.782668665084863e-11 9.73734283032575e-09 1662
19 3.927957646949211e-11 7.061594051277485e-09 1256
19.25 2.735305190732553e-11 5.055388779109853e-09 864
19.5 1.354830588283266e-11 2.48256918918444e-09 428
19.75 1.451893920486948e-11 2.559808111829802e-09 456
20 8.112874212038895e-12 1.224163574525472e-09 248
20.25 3.174262828464076e-12 6.625496022492348e-10 104
20.5 6.288612124809218e-13 9.235157533094534e-11 18
20.75 9.055530819731462e-14 1.77298813272869e-11 7

0.25 5.769813810307154e-09 3.943816087869047e-09 18
0.5 1.428040373641087e-08 1.917081748591492e-08 62
0.75 1.239463120990617e-08 3.484067033973201e-08 98
1 1.491058873911151e-08 6.7023209547326e-08 210
1.25 2.010272790676917e-08 1.033852942609576e-07 350
1.5 1.876029167326065e-08 1.436211795958295e-07 450
1.75 1.926387799294272e-08 1.856561188623941e-07 602
2 2.276900863871031e-08 2.343793975561377e-07 762
2.25 3.055177145824178e-08 3.590551863511374e-07 1142
2.5 2.963460250451478e-08 4.074207992631284e-07 1250
2.75 3.180436356636708e-08 4.470651685684222e-07 1458
3 3.450134771988757e-08 5.647050810071703e-07 1814
3.25 3.85137203096988e-08 6.784235311503134e-07 2178
3.5 4.010291699857897e-08 8.13756856737033e-07 2498
3.75 3.879059992242647e-08 8.712910703002929e-07 2622
4 4.891245401646379e-08 1.124211204519397e-06 3338
4.25 5.018483874721281e-08 1.298992652906995e-06 3722
4.5 4.859403445387973e-08 1.392836511167417e-06 4170
4.75 4.823405936322674e-08 1.4576411303161e-06 4358
5 5.641609534756639e-08 1.696777416501605e-06 5034
5.25 5.711577089521994e-08 1.917757254588834e-06 5714
5.5 5.514724984714384e-08 2.04146786449162e-06 5982
5.75 5.602224641848337e-08 2.182934116844895e-06 6602
6 5.616721159322943e-08 2.28657066273085e-06 7130
6.25 5.824659268599332e-08 2.495085010685916e-06 8034
6.5 5.428104504604975e-08 2.546887170449675e-06 8606
6.75 5.314804627788578e-08 2.586373594550829e-06 9066
7 5.287981460607595e-08 2.621643111034314e-06 9962
7.25 5.149608271599686e-08 2.656167257106997e-06 10550
7.5 4.879619922595486e-08 2.756186295495338e-06 11226
7.75 4.841642079873168e-08 2.850449913037638e-06 12146
8 4.469292547409357e-08 2.775403316409057e-06 12606
8.25 4.51685518499982e-08 2.863851974695814e-06 13802
8.5 4.395388013257714e-08 2.929786559466129e-06 14754
8.75 4.107310491589637e-08 2.792746138871752e-06 15194
9 4.15964732885349e-08 2.965246566620016e-06 16454
9.25 3.927121206281323e-08 2.791282723779945e-06 17154
9.5 3.773497580203712e-08 2.869521311719002e-06 18266
9.75 3.585440540166116e-08 2.714941453250127e-06 18750
10 3.585724529022606e-08 2.85532662272583e-06 20234
10.25 3.485313952503178e-08 2.831979730396142e-06 21450
10.5 3.295859054066732e-08 2.76297883978062e-06 21962
10.75 3.32096904844813e-08 2.745819883939432e-06 23462
11 3.119071377947078e-08 2.695232188645862e-06 24042
11.25 3.004255015690832e-08 2.739300091890116e-06 25946
11.5 2.939058797452445e-08 2.603214203041324e-06 26118
11.75 2.966576064520505e-08 2.615001421374625e-06 27506
12 2.845349210328251e-08 2.581211143688808e-06 28631
12.25 2.431729527394445e-08 2.35702373905028e-06 28596
12.5 2.044809432021563e-08 2.051639954441573e-06 27848
12.75 1.662185535575884e-08 1.743927685513484e-06 26544
13 1.432879149526517e-08 1.559598532129183e-06 26456
13.25 1.156841150142087e-08 1.318024026776609e-06 25284
13.5 9.957917143652432e-09 1.128605072136895e-06 24260
13.75 8.302743367116198e-09 1.001853418805083e-06 23312
14 7.054895187349059e-09 8.493780694763227e-07 22368
14.25 6.119014649068523e-09 7.578840027120984e-07 21872
14.5 5.052672823470818e-09 6.460628243601148e-07 20400
14.75 4.172306114636819e-09 5.496598192121351e-07 19040
15 3.590411116180295e-09 4.840531053309947e-07 18252
15.25 3.021879540922712e-09 4.107156768824119e-07 16760
15.5 2.661604843070814e-09 3.606740071815237e-07 15776
15.75 2.088739025415785e-09 2.859752548697771e-07 13704
16 1.769557103544816e-09 2.570466377934175e-07 13112
16.25 1.414649765580066e-09 2.068991580301698e-07 11652
16.5 1.084670171532455e-09 1.540810071048497e-07 9776
16.75 8.191300573699271e-10 1.218312218840128e-07 8448
17 5.332660520825236e-10 8.760184725508142e-08 7013
17.25 3.611249425885365e-10 5.624612232968056e-08 5546
17.5 2.655337016401494e-10 4.423101449028463e-08 4722
17.75 1.865647897228302e-10 3.340694656752985e-08 3782
18 1.453124651680883e-10 2.420221413854557e-08 3174
18.25 1.069693961990961e-10 1.90831712696838e-08 2582
18.5 7.202209027757757e-11 1.357722240062173e-08 1928
18.75 5.567708021233977e-11 1.11450520559372e-08 1662
19 3.887092885115115e-11 7.685981398868803e-09 1256
19.25 2.844838968271243e-11 4.88589363626404e-09 864
19.5 1.380957808137311e-11 2.507369766427929e-09 428
19.75 1.596857682076381e-11 2.840683854473243e-09 456
20 6.901461241884256e-12 1.261414456327536e-09 248
20.25 2.996464847061702e-12 5.301565552462674e-10 104
20.5 4.536802472165244e-13 1.417361052453265e-10 18
20.75 1.968430088175581e-13 3.533222512510059e-11 7

