1:binCentralValue 2:valuesAverage 3:valuesAverage 4:multiplicity
0.25 2.722067481397901e-17 5.160610970282458e-17 18
0.5 1.694642832754392e-16 7.651813503130118e-16 62
0.75 4.456261523627894e-16 1.516300911721576e-15 98
1 1.178394786275013e-15 6.088873587710003e-15 210
1.25 2.271401276301585e-15 1.245155267872232e-14 350
1.5 3.199635293420958e-15 1.644609272157738e-14 450
1.75 4.088153132196706e-15 3.446236584939145e-14 602
2 6.213341815892888e-15 4.644852154488916e-14 762
2.25 1.049960558034382e-14 8.804349948110928e-14 1142
2.5 1.157546355938152e-14 1.089615632742403e-13 1250
2.75 1.378770121351913e-14 1.615832345765869e-13 1458
3 1.724590413865242e-14 2.218629785003283e-13 1814
3.25 2.157579318258233e-14 2.984804414070597e-13 2178
3.5 2.691616502072765e-14 3.948094861455866e-13 2498
3.75 2.784503446347799e-14 4.771960813652753e-13 2622
4 1.713003759582123e-14 3.10622416685338e-13 3338
4.25 1.229758472199944e-32 3.485597502682723e-33 3722
4.5 1.472490969279992e-32 2.629568259820791e-33 4170
4.75 1.646104997205609e-32 1.536628140973032e-33 4358
5 1.077476362470925e-32 2.28190144152007e-33 5034
5.25 5.666898115946489e-33 4.512371054902741e-33 5714
5.5 6.926057415793211e-33 2.720702777930566e-33 5982
5.75 3.319782452447416e-32 3.619413102972897e-33 6602
6 1.073811727553893e-32 1.738818265805819e-32 7130
6.25 1.443900031675129e-32 4.420574689777143e-33 8034
6.5 1.471708548061662e-32 3.750645554477472e-33 8606
6.75 4.092729014629871e-32 5.127517577392935e-33 9066
7 1.867169894739032e-32 1.187244260677834e-32 9962
7.25 1.797210876067244e-32 7.577906500740454e-33 10550
7.5 1.948186696569125e-32 9.631797368553062e-33 11226
7.75 2.793256388027098e-32 6.307849867846532e-33 12146
8 3.055619135670551e-32 6.321577965691207e-33 12606
8.25 4.238020486760041e-32 1.096893614451357e-32 13802
8.5 2.519767411390857e-32 1.032491456053189e-32 14754
8.75 2.459066373877874e-32 5.286640754102702e-33 15194
9 4.479839642714295e-32 3.692907678666936e-32 16454
9.25 2.85293006800437e-32 9.74657306676258e-33 17154
9.5 3.412567359101707e-32 1.166490860027005e-32 18266
9.75 4.317712978088669e-32 1.075837128332998e-32 18750
10 2.759331257341743e-32 8.738509218244829e-33 20234
10.25 3.276290225769369e-32 1.64033605186487e-32 21450
10.5 4.65427651644772e-32 1.742269947829419e-32 21962
10.75 4.651046131290478e-32 1.553359608196206e-32 23462
11 5.054321492034928e-32 1.697726297825127e-32 24042
11.25 6.377340329701618e-32 1.144593942854177e-32 25946
11.5 4.647075499557456e-32 1.609008410798234e-32 26118
11.75 4.369385873696748e-32 1.543944024547985e-32 27506
12 7.265902572077363e-32 1.746287990316611e-32 28631
12.25 5.419080896021084e-32 1.558678474796741e-32 28596
12.5 4.914198292893458e-32 1.677371878408875e-32 27848
12.75 4.423430954831087e-32 1.579825156820551e-32 26544
13 5.939751440102135e-32 1.68155083945839e-32 26456
13.25 4.327328247078746e-32 1.130776664826236e-32 25284
13.5 4.342514477524143e-32 1.202827851321649e-32 24260
13.75 3.402543853985982e-32 9.223606971159415e-33 23312
14 4.315073690932153e-32 1.223103602834495e-32 22368
14.25 3.937621113060324e-32 9.950694125349518e-33 21872
14.5 3.056390301775536e-32 1.01750716855318e-32 20400
14.75 3.510840876456095e-32 1.120345620437333e-32 19040
15 2.874410072401335e-32 9.541595199911792e-33 18252
15.25 2.846714406899484e-32 8.650529353527409e-33 16760
15.5 3.616304239599643e-32 9.731823428029283e-33 15776
15.75 2.304685740481945e-32 5.290391957812243e-33 13704
16 2.670031404225456e-32 8.387178904931929e-33 13112
16.25 1.789567101406154e-32 5.275027672454004e-33 11652
16.5 1.580400082452376e-32 7.184413503253308e-33 9776
16.75 2.44249285346805e-32 6.261846867737991e-33 8448
17 1.06564707532021e-32 2.884769894339615e-33 7013
17.25 7.709771106028093e-33 2.29190235668546e-33 5546
17.5 6.851330352922094e-33 1.890283784806675e-33 4722
17.75 5.433291545050197e-33 1.456897274411641e-33 3782
18 4.453097067578254e-33 1.352568167824445e-33 3174
18.25 3.865597359406581e-33 1.242974179473042e-33 2582
18.5 2.774662567649324e-33 8.716250796959868e-34 1928
18.75 2.866482852517213e-33 8.012634251634373e-34 1662
19 2.459023435683207e-33 5.826008446282448e-34 1256
19.25 1.538416363725649e-33 4.117449745060046e-34 864
19.5 9.88659151180959e-34 3.086612094209448e-34 428
19.75 7.848108847015117e-34 3.15642328869199e-34 456
20 8.56645755642133e-34 2.093579553700376e-34 248
20.25 4.971941829881135e-34 1.851014184541406e-34 104
20.5 9.61949070255301e-35 1.271990901760751e-35 18
20.75 1.045395630456834e-34 1.207547991952258e-35 7

0.25 5.683529466866557e-18 3.14606305537807e-19 18
0.5 2.791780781998957e-17 3.643809433983536e-18 62
0.75 3.084402040895183e-17 2.33507891519954e-17 98
1 5.557022053336827e-17 1.483915085462292e-16 210
1.25 6.772539360086545e-17 3.508241856629683e-16 350
1.5 1.141876069243134e-16 3.758006165511366e-16 450
1.75 2.050019630432006e-16 5.643434729444089e-16 602
2 2.28943552444178e-16 1.014637963131321e-15 762
2.25 4.027328722727586e-16 1.941931276305625e-15 1142
2.5 3.972616985215289e-16 2.710470648076649e-15 1250
2.75 4.728690044160451e-16 4.043517206357751e-15 1458
3 6.001086184866528e-16 5.511782871924435e-15 1814
3.25 7.316340893141818e-16 7.701448645991787e-15 2178
3.5 8.531651375984957e-16 1.085267828317268e-14 2498
3.75 9.020558872425969e-16 1.285605278941165e-14 2622
4 5.609307633666465e-16 8.404042404321054e-15 3338
4.25 1.29350646678359e-28 6.724406472674562e-28 3722
4.5 6.160777866102924e-29 9.495345995087296e-28 4170
4.75 2.494091619634053e-29 1.146607388007118e-27 4358
5 4.377969297509174e-29 5.912967428254735e-28 5034
5.25 5.186463173644059e-29 4.2694501441383e-28 5714
5.5 3.917552436897451e-29 5.619588144979099e-28 5982
5.75 2.745984311830826e-29 5.589975797720227e-28 6602
6 1.748382167675649e-29 4.980661962390686e-28 7130
6.25 1.29552805514403e-29 4.122115937171388e-28 8034
6.5 9.44499981618897e-30 3.448439062983031e-28 8606
6.75 5.642656851898875e-30 2.905712963420918e-28 9066
7 3.558314239738876e-30 1.880553620051426e-28 9962
7.25 2.020359916148484e-30 1.030764653677433e-28 10550
7.5 8.464954797508088e-31 5.232155643178236e-29 11226
7.75 2.635196800526684e-31 1.583447382730528e-29 12146
8 1.384235639164268e-32 6.442361365954508e-31 12606
8.25 7.097560418910742e-33 3.063206307177899e-31 13802
8.5 6.451345971794567e-33 3.63360824860684e-31 14754
8.75 6.800089945612152e-33 4.054409634284777e-31 15194
9 9.003535344967273e-33 5.130837311556178e-31 16454
9.25 8.257858674362399e-33 4.907757867667567e-31 17154
9.5 9.055199348740476e-33 5.912821752034721e-31 18266
9.75 9.854946966817328e-33 6.236099512492479e-31 18750
10 1.072631446206468e-32 7.037256377283324e-31 20234
10.25 1.163543340249803e-32 7.607566196528009e-31 21450
10.5 1.19057838376884e-32 8.436703824466632e-31 21962
10.75 1.234012279295475e-32 9.709169106071866e-31 23462
11 1.388100471849793e-32 1.083251057028421e-30 24042
11.25 1.485158497271725e-32 1.146567605159425e-30 25946
11.5 1.520372736183333e-32 1.191044630929648e-30 26118
11.75 1.575980562059218e-32 1.317020664846373e-30 27506
12 1.754459023949984e-32 1.589643046547037e-30 28631
12.25 1.732169071385789e-32 1.501843324393016e-30 28596
12.5 1.700764021976734e-32 1.55391670541602e-30 27848
12.75 1.646120460939966e-32 1.541400501466282e-30 26544
13 1.680716760871341e-32 1.678670231814558e-30 26456
13.25 1.631724594676071e-32 1.670331078442972e-30 25284
13.5 1.566563540418915e-32 1.655996821201021e-30 24260
13.75 1.480205208665509e-32 1.680539414427371e-30 23312
14 1.489645368039451e-32 1.655014579637803e-30 22368
14.25 1.486944857527649e-32 1.728476773907202e-30 21872
14.5 1.34939378832315e-32 1.657583740868047e-30 20400
14.75 1.298229101656261e-32 1.592358327919469e-30 19040
15 1.25767345129652e-32 1.550918983653258e-30 18252
15.25 1.219754843015466e-32 1.483998309595307e-30 16760
15.5 1.216434434363528e-32 1.409759443533742e-30 15776
15.75 9.845754642807812e-33 1.318725330363897e-30 13704
16 9.845213527408601e-33 1.318459897275272e-30 13112
16.25 8.544082484956314e-33 1.207570616128532e-30 11652
16.5 7.337141514243016e-33 1.061490379171862e-30 9776
16.75 6.734815943649355e-33 9.459789309202395e-31 8448
17 5.422279008993766e-33 8.265185400014315e-31 7013
17.25 4.303814509662569e-33 6.682664590426488e-31 5546
17.5 4.001111302213314e-33 5.903110148543777e-31 4722
17.75 2.967801133882376e-33 4.830323820858205e-31 3782
18 2.597563464872425e-33 4.164882450816626e-31 3174
18.25 2.152362232882342e-33 3.613447134088874e-31 2582
18.5 1.66580551119384e-33 2.890641374579282e-31 1928
18.75 1.415772567718595e-33 2.433406184326609e-31 1662
19 1.146677007894018e-33 1.795539466959853e-31 1256
19.25 7.375348997678615e-34 1.303158585118517e-31 864
19.5 4.446460507985744e-34 6.519348758327167e-32 428
19.75 4.104218569856697e-34 6.489367805148702e-32 456
20 2.643732738627955e-34 4.125406602955879e-32 248
20.25 9.084017420647634e-35 1.675550287054403e-32 104
20.5 1.832033628304092e-35 3.51321258516499e-33 18
20.75 8.921405860269616e-36 2.201093419043676e-33 7

0.25 5.45473893049428e-19 3.604894426629358e-18 18
0.5 2.752283739196118e-18 6.001511969968771e-18 62
0.75 4.915392210584273e-18 2.741177563794871e-17 98
1 1.52606444609644e-17 5.036167167937416e-17 210
1.25 3.107371177386214e-17 2.14968315136112e-16 350
1.5 1.890323603142108e-17 2.512687651230328e-16 450
1.75 3.814527155066867e-17 3.2174201871176e-16 602
2 5.917135020657526e-17 4.178551720939333e-16 762
2.25 1.051145799788061e-16 7.863854903793115e-16 1142
2.5 1.097396478486153e-16 1.038118828591643e-15 1250
2.75 1.357188358312132e-16 1.499809184427659e-15 1458
3 1.708961823741786e-16 2.059788022867034e-15 1814
3.25 2.102808085669329e-16 2.838689070634515e-15 2178
3.5 2.505395289252566e-16 3.931777922298358e-15 2498
3.75 2.672742702439121e-16 4.607640592620319e-15 2622
4 1.633981500344631e-16 3.050311258638293e-15 3338
4.25 1.181936670440874e-28 1.470713828334584e-27 3722
4.5 6.749783807597446e-29 1.181091027766242e-27 4170
4.75 5.952525197455804e-29 5.864249308785841e-28 4358
5 3.576599370104999e-29 6.078498403947501e-28 5034
5.25 1.976381162584528e-29 4.838005852279951e-28 5714
5.5 9.914018095585824e-30 3.281381898686068e-28 5982
5.75 5.597518073782289e-30 2.406787901892647e-28 6602
6 5.379483358331211e-30 2.049708131290248e-28 7130
6.25 7.462245875089995e-30 2.668722764968502e-28 8034
6.5 8.108639167238852e-30 3.455346970546785e-28 8606
6.75 7.82943464153558e-30 3.728788866667693e-28 9066
7 7.764472452960839e-30 2.851416145020392e-28 9962
7.25 5.453319048711907e-30 1.551791931836608e-28 10550
7.5 2.037987439300311e-30 7.293454021171033e-29 11226
7.75 3.599870802936655e-31 1.650782819051158e-29 12146
8 9.949805616724168e-33 5.32937805631955e-31 12606
8.25 4.182421403074865e-33 2.086946323068608e-31 13802
8.5 4.149037858130178e-33 2.339957766645964e-31 14754
8.75 4.485107569442675e-33 2.657584211838601e-31 15194
9 6.148873121135327e-33 3.187513903467831e-31 16454
9.25 5.282314154457615e-33 3.327506923511686e-31 17154
9.5 5.803924326553285e-33 3.983660555875075e-31 18266
9.75 6.189756252823472e-33 4.115931054265737e-31 18750
10 6.740518938363369e-33 4.703913259598104e-31 20234
10.25 7.379356548723827e-33 5.169975970478957e-31 21450
10.5 7.959429038582701e-33 5.608183467859489e-31 21962
10.75 8.007787497638656e-33 6.214771529192717e-31 23462
11 8.789653444114408e-33 7.149038263263951e-31 24042
11.25 9.36901946971045e-33 7.658335865990192e-31 25946
11.5 9.702030894502271e-33 7.91082580230544e-31 26118
11.75 1.01473819996722e-32 8.828521781135559e-31 27506
12 1.165481300758334e-32 1.002146609400271e-30 28631
12.25 1.132587385232547e-32 9.807108779121844e-31 28596
12.5 1.098851593346621e-32 1.043619282646262e-30 27848
12.75 1.070779554236184e-32 1.03304863314791e-30 26544
13 1.093495548185827e-32 1.092733836053546e-30 26456
13.25 1.039132707535192e-32 1.105041959438969e-30 25284
13.5 1.029724613897207e-32 1.081663384935898e-30 24260
13.75 1.000082007868714e-32 1.095560983875818e-30 23312
14 9.73765149006018e-33 1.105664588117635e-30 22368
14.25 9.724584069125142e-33 1.123863573881542e-30 21872
14.5 9.231795348141692e-33 1.069188971413645e-30 20400
14.75 8.766952882271979e-33 1.031510696777048e-30 19040
15 8.401814056921084e-33 1.022079712163581e-30 18252
15.25 7.865947856160939e-33 1.001008441878331e-30 16760
15.5 7.728907008468431e-33 9.522768012995319e-31 15776
15.75 6.523068445062526e-33 8.509492090013008e-31 13704
16 6.568720799616396e-33 8.615312368247752e-31 13112
16.25 5.732265082134704e-33 7.783322994692465e-31 11652
16.5 4.836271035054936e-33 6.910710169746807e-31 9776
16.75 4.382017368058641e-33 6.054793509579831e-31 8448
17 3.658364140140522e-33 5.216925756288276e-31 7013
17.25 2.923629121247708e-33 4.413661390488683e-31 5546
17.5 2.586300427613625e-33 3.858105587250518e-31 4722
17.75 1.967760975990878e-33 3.119693197076218e-31 3782
18 1.72132091578399e-33 2.830824585570861e-31 3174
18.25 1.454159847966047e-33 2.312575579130899e-31 2582
18.5 1.104573666609399e-33 1.956099771578347e-31 1928
18.75 1.007188583402611e-33 1.550837132524005e-31 1662
19 7.591056106381369e-34 1.175286016736348e-31 1256
19.25 4.614754528194898e-34 9.245470696211601e-32 864
19.5 2.802999792697526e-34 4.553325358211312e-32 428
19.75 2.868113061597754e-34 4.580293295530915e-32 456
20 1.571574927467929e-34 2.613778978742215e-32 248
20.25 6.53879066002491e-35 1.235145793181356e-32 104
20.5 1.817281652632164e-35 2.22319292857544e-33 18
20.75 6.339162701941239e-36 9.918466603470023e-34 7

0.25 4.366799552328951e-19 1.572554995850809e-19 18
0.5 3.615717160491147e-18 1.07276192349394e-18 62
0.75 4.215645005863549e-18 3.077239926840592e-18 98
1 1.027542318996522e-17 1.815618664622524e-17 210
1.25 1.472012188230608e-17 7.67226876387129e-17 350
1.5 2.335137730618425e-17 7.350142062269018e-17 450
1.75 3.433138390963331e-17 8.419630717880869e-17 602
2 4.131364661692047e-17 1.396529489395824e-16 762
2.25 6.569926586444807e-17 2.971693350260274e-16 1142
2.5 6.360266559722844e-17 4.206469240203316e-16 1250
2.75 7.693986309625545e-17 6.169553622377051e-16 1458
3 9.555210849844698e-17 8.630405590013889e-16 1814
3.25 1.153679064090077e-16 1.211009680743115e-15 2178
3.5 1.388028828156331e-16 1.661080351443871e-15 2498
3.75 1.470775138658671e-16 1.95957030049462e-15 2622
4 8.912278625603693e-17 1.312411864338335e-15 3338
4.25 3.363414751292619e-28 2.064105450271889e-27 3722
4.5 1.121637639232905e-28 1.465017755095483e-27 4170
4.75 3.536621905562365e-29 1.011145203810574e-27 4358
5 2.62303001875913e-29 4.84354882936153e-28 5034
5.25 1.792880189980206e-29 2.837525628495955e-28 5714
5.5 1.114601081520816e-29 2.051036930075996e-28 5982
5.75 6.201041779899772e-30 1.436335427353839e-28 6602
6 3.773734824494059e-30 1.22517102616992e-28 7130
6.25 4.719319592266954e-30 1.855966562965594e-28 8034
6.5 5.868362443863828e-30 2.526041636393669e-28 8606
6.75 6.596939252691563e-30 2.670517015462638e-28 9066
7 5.16294201213677e-30 2.649266982950625e-28 9962
7.25 3.484117053239679e-30 1.414765043425369e-28 10550
7.5 1.343720953716487e-30 4.898541550994241e-29 11226
7.75 2.591700058466021e-31 8.96017330520232e-30 12146
8 7.286590010590851e-33 3.266370959798619e-31 12606
8.25 3.047745303526488e-33 1.569197569724684e-31 13802
8.5 3.189172797058237e-33 1.749695292464059e-31 14754
8.75 3.35742498658931e-33 1.958790904954118e-31 15194
9 4.047755972681826e-33 2.488807367670537e-31 16454
9.25 3.987350096754308e-33 2.553462224957616e-31 17154
9.5 4.460934876935969e-33 2.886079819901272e-31 18266
9.75 4.504491091022042e-33 3.144178225000386e-31 18750
10 5.076397384017194e-33 3.513973232471454e-31 20234
10.25 5.475279404653691e-33 3.892438595693868e-31 21450
10.5 5.738830863480829e-33 4.366540290975429e-31 21962
10.75 5.987352941898232e-33 4.722345147587085e-31 23462
11 6.448141291875675e-33 5.284678569952008e-31 24042
11.25 7.162136570538617e-33 5.748244832663437e-31 25946
11.5 7.369850133342924e-33 6.118497770248953e-31 26118
11.75 7.801831894226462e-33 6.552998266467458e-31 27506
12 8.627000365255539e-33 7.434240483425493e-31 28631
12.25 8.491329804705099e-33 7.568478550859604e-31 28596
12.5 8.289141572310271e-33 7.738381660085141e-31 27848
12.75 8.074965011566878e-33 7.783619241980226e-31 26544
13 7.969245871329011e-33 8.501020869697581e-31 26456
13.25 8.032310817179174e-33 8.175092063313305e-31 25284
13.5 7.594387881005456e-33 8.396393387270608e-31 24260
13.75 7.477940353897062e-33 8.495904476829835e-31 23312
14 7.364543564821456e-33 8.43205827692542e-31 22368
14.25 7.383665436877961e-33 8.563234273805032e-31 21872
14.5 6.995187432625232e-33 8.274973367687021e-31 20400
14.75 6.505746666627072e-33 8.140053047575383e-31 19040
15 6.463708664507866e-33 7.755785945294286e-31 18252
15.25 5.967163182171979e-33 7.537348064250665e-31 16760
15.5 5.820354196808759e-33 7.480643850973402e-31 15776
15.75 4.927101208124251e-33 6.596901886253562e-31 13704
16 4.934918692907691e-33 6.779817367005806e-31 13112
16.25 4.473548036995242e-33 5.933028067627545e-31 11652
16.5 3.881169834740457e-33 5.186744045144524e-31 9776
16.75 3.323961101598499e-33 4.762182974750469e-31 8448
17 2.74695087434068e-33 4.195740527460672e-31 7013
17.25 2.254169149970319e-33 3.393499467743148e-31 5546
17.5 2.038799990400884e-33 2.888034704642418e-31 4722
17.75 1.579554631109932e-33 2.361282744215677e-31 3782
18 1.350953091762111e-33 2.11574217093373e-31 3174
18.25 1.063682222561133e-33 1.822965324147784e-31 2582
18.5 8.243493373640148e-34 1.470429249594327e-31 1928
18.75 7.471896627074047e-34 1.246269426541856e-31 1662
19 6.290096190754321e-34 9.475585251596538e-32 1256
19.25 3.807164326372796e-34 6.908181862649429e-32 864
19.5 1.870807798863885e-34 3.298813780628307e-32 428
19.75 2.136455854570051e-34 3.265269389020019e-32 456
20 1.195133084228576e-34 2.083553324662881e-32 248
20.25 5.705389275055623e-35 6.335809893377775e-33 104
20.5 1.287746237530156e-35 3.359845197760346e-33 18
20.75 3.800929716432483e-36 6.269383609703198e-34 7

0.25 7.653691100332536e-20 1.075662726969984e-18 18
0.5 5.027496870085953e-19 4.711777133475395e-18 62
0.75 9.291236878422834e-19 6.182568993165508e-18 98
1 3.199213918376525e-18 2.767869114007778e-17 210
1.25 6.413206865591953e-18 9.213471680638329e-17 350
1.5 8.123131151795516e-18 9.45657876721168e-17 450
1.75 1.17400529993882e-17 8.673752613105698e-17 602
2 1.537527480839389e-17 1.310747360209284e-16 762
2.25 2.836328764708043e-17 2.41613415270197e-16 1142
2.5 3.208023900277944e-17 2.912596958728613e-16 1250
2.75 3.821692041058723e-17 4.370110788851646e-16 1458
3 4.735396282878813e-17 6.103518762875645e-16 1814
3.25 5.939511171227701e-17 8.257825503424583e-16 2178
3.5 7.300203651246515e-17 1.107075213322373e-15 2498
3.75 7.749134388713608e-17 1.305584876437263e-15 2622
4 4.729878511551699e-17 8.66536190027238e-16 3338
4.25 1.046018865835506e-27 1.288969346544359e-26 3722
4.5 4.354720541867145e-28 1.052961825913139e-26 4170
4.75 1.910509088766671e-28 7.359559819310913e-27 4358
5 7.569890664053523e-29 5.247721258052257e-27 5034
5.25 2.37416495940807e-29 2.993395402690179e-27 5714
5.5 7.904197442327006e-30 1.073971333508823e-27 5982
5.75 5.165280732152327e-30 2.759315888678275e-28 6602
6 4.803139041825685e-30 1.157668728865311e-28 7130
6.25 6.237315152980116e-30 1.747996284775727e-28 8034
6.5 7.843348413769704e-30 2.482108656069577e-28 8606
6.75 8.300663639577892e-30 2.605707928340174e-28 9066
7 6.990023454329344e-30 2.233231793656183e-28 9962
7.25 3.371353532566199e-30 1.354041547472179e-28 10550
7.5 1.109179918560339e-30 4.733204876394361e-29 11226
7.75 1.436497740760235e-31 8.639640769567389e-30 12146
8 4.061368806923475e-33 2.142300020719936e-31 12606
8.25 2.330758730819902e-33 1.273268498001842e-31 13802
8.5 2.473721013265304e-33 1.442414459333623e-31 14754
8.75 2.635027243804861e-33 1.550315865519959e-31 15194
9 3.365177153259655e-33 1.938322578618276e-31 16454
9.25 3.071055613983962e-33 2.000799367357268e-31 17154
9.5 3.428777501612314e-33 2.272873043103497e-31 18266
9.75 3.548154507890925e-33 2.502120255409478e-31 18750
10 3.967356248345834e-33 2.819500922642217e-31 20234
10.25 4.121317388586012e-33 3.14688154836212e-31 21450
10.5 4.520208835941646e-33 3.449532945837626e-31 21962
10.75 4.661060007341462e-33 3.688409498668438e-31 23462
11 5.290495525002115e-33 4.058443225737862e-31 24042
11.25 5.656809138824596e-33 4.555961263223639e-31 25946
11.5 5.726421528226506e-33 4.879023180067918e-31 26118
11.75 6.022027111210767e-33 5.300815180666954e-31 27506
12 6.652725227744753e-33 5.866362249382272e-31 28631
12.25 6.659262138185578e-33 6.007506644198593e-31 28596
12.5 6.429688209522889e-33 6.215441263352003e-31 27848
12.75 6.229505669204592e-33 6.224053477734949e-31 26544
13 6.440604269004475e-33 6.516689269611974e-31 26456
13.25 6.103991486708008e-33 6.601935621530442e-31 25284
13.5 5.987981425775114e-33 6.50829064526694e-31 24260
13.75 5.957747951674681e-33 6.534052308684215e-31 23312
14 5.77197023489171e-33 6.630521047761048e-31 22368
14.25 5.679656182656235e-33 6.857840755336886e-31 21872
14.5 5.399143988562729e-33 6.691946072991942e-31 20400
14.75 5.19560143972116e-33 6.372206956406906e-31 19040
15 4.940810809194478e-33 6.278825989791267e-31 18252
15.25 4.688686984550942e-33 5.821376361352431e-31 16760
15.5 4.462230630178728e-33 5.833269641451433e-31 15776
15.75 3.875480040590384e-33 5.260611393842033e-31 13704
16 3.845908568005791e-33 5.346917553503746e-31 13112
16.25 3.436778943924143e-33 4.831882215566039e-31 11652
16.5 2.912702991443815e-33 4.206194692481073e-31 9776
16.75 2.59223403678019e-33 3.802201906298793e-31 8448
17 2.175314832891295e-33 3.169169485693656e-31 7013
17.25 1.719633171314617e-33 2.623113127767812e-31 5546
17.5 1.553532179184274e-33 2.385929270529372e-31 4722
17.75 1.181432118921773e-33 1.95110581944191e-31 3782
18 1.015233455290946e-33 1.68502131747687e-31 3174
18.25 8.527366183936878e-34 1.41303809556761e-31 2582
18.5 6.572566804344731e-34 1.147111485536869e-31 1928
18.75 5.717836116872646e-34 1.04681095282153e-31 1662
19 4.38648773340709e-34 7.74223064659585e-32 1256
19.25 3.018179155494092e-34 5.460665460160873e-32 864
19.5 1.474813207715219e-34 2.591964377447274e-32 428
19.75 1.657486207830355e-34 2.643192131002035e-32 456
20 9.369445134392447e-35 1.554686707093975e-32 248
20.25 4.772550108863504e-35 5.026859061221755e-33 104
20.5 5.816699103674763e-36 2.573780444195127e-33 18
20.75 2.958926950625877e-36 7.617779993645228e-34 7

0.25 2.805981112939034e-19 4.545064839879969e-20 18
0.5 8.829969432862501e-19 6.254807715751584e-19 62
0.75 1.625613767450039e-18 1.42981211302199e-18 98
1 5.461550159775875e-18 4.717496999952442e-18 210
1.25 6.661848323271264e-18 3.046129624415102e-17 350
1.5 1.818750262434683e-17 3.122506443909665e-17 450
1.75 1.391898207457617e-17 3.184987288915088e-17 602
2 1.459454101914577e-17 5.956450736210972e-17 762
2.25 2.561498006329831e-17 1.157174904392612e-16 1142
2.5 2.439845441317882e-17 1.651425792536163e-16 1250
2.75 3.202829097582746e-17 2.250746033110197e-16 1458
3 3.87369377489647e-17 3.226070530293289e-16 1814
3.25 4.617293252308838e-17 4.579924285215819e-16 2178
3.5 5.589991769043978e-17 6.241199580147179e-16 2498
3.75 5.584236207792665e-17 7.82941585324872e-16 2622
4 3.420129140872027e-17 5.178838342013594e-16 3338
4.25 1.555211328499473e-27 1.11251288304776e-25 3722
4.5 2.224690041235331e-28 5.541959572383564e-26 4170
4.75 7.137205380442619e-29 1.948835639297381e-26 4358
5 6.926252613242375e-29 4.728888892288053e-27 5034
5.25 4.540289844127309e-29 5.759165841047905e-28 5714
5.5 1.635810399687978e-29 3.121833367248924e-28 5982
5.75 5.357718202669386e-30 1.306040528812877e-28 6602
6 1.920056480778371e-30 6.339455447088937e-29 7130
6.25 3.444314701616484e-30 1.309906768270594e-28 8034
6.5 5.574990663242704e-30 2.129253544797459e-28 8606
6.75 6.311009727783887e-30 2.525173098553629e-28 9066
7 6.055522150339165e-30 2.162202740249894e-28 9962
7.25 3.301988008543832e-30 1.301235721262351e-28 10550
7.5 1.179461407840432e-30 5.70169508064118e-29 11226
7.75 1.998856611079642e-31 1.11232236244262e-29 12146
8 3.301916248402465e-33 1.850356440780207e-31 12606
8.25 1.877989956388869e-33 9.938290282679879e-32 13802
8.5 2.019329401000911e-33 1.121623333585666e-31 14754
8.75 2.085452611765143e-33 1.241630127498721e-31 15194
9 2.604795898957463e-33 1.516439198599435e-31 16454
9.25 2.487319223130061e-33 1.554449371304519e-31 17154
9.5 2.777817447437821e-33 1.788433647071899e-31 18266
9.75 2.974651059286492e-33 1.941034832622631e-31 18750
10 3.216738067290809e-33 2.240463663865325e-31 20234
10.25 3.366731067892311e-33 2.444699393236917e-31 21450
10.5 3.586448035229232e-33 2.746700097786223e-31 21962
10.75 3.752059988978142e-33 2.972928178200077e-31 23462
11 4.376511865114721e-33 3.289614959079705e-31 24042
11.25 4.451104128242896e-33 3.629659184636301e-31 25946
11.5 4.65791939813717e-33 3.839208345842487e-31 26118
11.75 4.889262627434613e-33 4.162332212535631e-31 27506
12 5.309208524349923e-33 4.984254977024522e-31 28631
12.25 5.309060699594279e-33 4.793845142044328e-31 28596
12.5 5.165234484075519e-33 4.94237973718918e-31 27848
12.75 5.09794263123314e-33 4.859423917757784e-31 26544
13 5.194853302140829e-33 5.144758126652157e-31 26456
13.25 4.982323680740415e-33 5.189483651649305e-31 25284
13.5 4.840841385095353e-33 5.167020669204166e-31 24260
13.75 4.709342171767515e-33 5.289529280146853e-31 23312
14 4.66700727716968e-33 5.24748291582048e-31 22368
14.25 4.597268409814557e-33 5.378119709632821e-31 21872
14.5 4.434142944624842e-33 5.262825559855871e-31 20400
14.75 4.126041611263194e-33 5.124275204968432e-31 19040
15 4.0179864392268e-33 4.973172254406897e-31 18252
15.25 3.74549423367683e-33 4.703116901594639e-31 16760
15.5 3.611328157581556e-33 4.56891294739387e-31 15776
15.75 3.205297493842409e-33 4.082643610398566e-31 13704
16 3.086028590742813e-33 4.272344082367984e-31 13112
16.25 2.73975741066767e-33 3.811752300662348e-31 11652
16.5 2.370066673950381e-33 3.371341617407395e-31 9776
16.75 2.106106015782872e-33 2.978252593406025e-31 8448
17 1.703447301783741e-33 2.571640365975919e-31 7013
17.25 1.395564792876418e-33 2.093701739397201e-31 5546
17.5 1.235727919641371e-33 1.933401590947227e-31 4722
17.75 1.011487073517092e-33 1.525107183140807e-31 3782
18 8.504693995513449e-34 1.346811836392109e-31 3174
18.25 6.87763171316746e-34 1.132937807547754e-31 2582
18.5 5.394621288867839e-34 8.831898732939595e-32 1928
18.75 4.734271961215525e-34 8.231941656906351e-32 1662
19 3.705190867248415e-34 6.272315478382486e-32 1256
19.25 2.460917776900213e-34 4.283104710434792e-32 864
19.5 1.188405944755088e-34 2.100173763647516e-32 428
19.75 1.388542697352815e-34 2.035674652191605e-32 456
20 7.63578607250003e-35 1.266806973186274e-32 248
20.25 3.369197566832049e-35 5.020450578883421e-33 104
20.5 4.895779625729522e-36 1.667788947226679e-33 18
20.75 2.10930958739945e-36 9.094037792713501e-34 7

0.25 1.20495061915301e-20 6.114971922583034e-19 18
0.5 7.93570947014875e-20 3.231365315277884e-18 62
0.75 2.830765120910868e-19 3.907619337102825e-18 98
1 7.272465235362615e-19 1.747625810538003e-17 210
1.25 2.04481487254803e-18 4.759253936551693e-17 350
1.5 9.962387951380828e-18 4.514382714055596e-17 450
1.75 5.959514253696792e-18 3.717924740600525e-17 602
2 7.7759909869699e-18 5.677508539391117e-17 762
2.25 1.329076798662779e-17 1.118357423436403e-16 1142
2.5 1.470110682147053e-17 1.382379526186408e-16 1250
2.75 1.751699077026427e-17 2.066309653908047e-16 1458
3 2.315253540910889e-17 2.710611873931491e-16 1814
3.25 2.677134173223835e-17 3.980950170336802e-16 2178
3.5 3.395307535628627e-17 5.175981960191346e-16 2498
3.75 3.55114377802072e-17 6.195429934990415e-16 2622
4 2.212492629080416e-17 4.028077489982994e-16 3338
4.25 1.97830307505659e-27 6.038719953150662e-25 3722
4.5 1.461866050473651e-27 3.319382183128732e-25 4170
4.75 1.461181259044118e-27 1.849112685318342e-25 4358
5 1.479756495851515e-27 1.097121877044022e-25 5034
5.25 1.153299016277962e-27 4.700154475676202e-26 5714
5.5 4.012858717527536e-28 7.912850297590687e-27 5982
5.75 5.311536463206542e-29 4.288043362854257e-28 6602
6 3.976616087101044e-30 5.987125706634137e-29 7130
6.25 4.765164384552889e-30 1.306865730557972e-28 8034
6.5 6.151241629883234e-30 2.167853159966004e-28 8606
6.75 6.217073341157885e-30 2.584296826409252e-28 9066
7 4.807977139191964e-30 2.569882077994968e-28 9962
7.25 2.807137754718886e-30 1.276916422633399e-28 10550
7.5 9.884873369046605e-31 5.163053349115342e-29 11226
7.75 1.603523932365723e-31 1.008587362311462e-29 12146
8 2.943071795771439e-33 1.737661849415702e-31 12606
8.25 1.529997473868163e-33 8.663305344276809e-32 13802
8.5 1.659621406701194e-33 1.001982236858178e-31 14754
8.75 1.730993105916211e-33 1.097135424417274e-31 15194
9 1.97911141714535e-33 1.394525757257943e-31 16454
9.25 2.08071250044331e-33 1.377039878138151e-31 17154
9.5 2.297005978749678e-33 1.595816520300062e-31 18266
9.75 2.424708130684743e-33 1.730988416084672e-31 18750
10 2.722737844865176e-33 2.003656491874031e-31 20234
10.25 2.810955228001001e-33 2.172785620465448e-31 21450
10.5 3.064935991552828e-33 2.416958568573667e-31 21962
10.75 3.224027964427266e-33 2.571393506123749e-31 23462
11 3.48467184019067e-33 2.958616946235713e-31 24042
11.25 3.793066051700714e-33 3.187610153433109e-31 25946
11.5 3.876334095481964e-33 3.381776574302823e-31 26118
11.75 4.127903903576089e-33 3.626622496574767e-31 27506
12 4.720200718732977e-33 4.019063422651228e-31 28631
12.25 4.456312458816153e-33 4.192289380968787e-31 28596
12.5 4.47259027754564e-33 4.246823375571241e-31 27848
12.75 4.294741205849941e-33 4.280877027292223e-31 26544
13 4.396346108864016e-33 4.537637870641423e-31 26456
13.25 4.256092179773161e-33 4.45561735719962e-31 25284
13.5 4.075532177724492e-33 4.535901221397199e-31 24260
13.75 4.015084943808975e-33 4.560277543464413e-31 23312
14 3.954052115182775e-33 4.627243991063125e-31 22368
14.25 3.914164892160371e-33 4.639136393270342e-31 21872
14.5 3.771432483568162e-33 4.594905662275537e-31 20400
14.75 3.587345516613245e-33 4.413274194288401e-31 19040
15 3.414399176359265e-33 4.322089065683598e-31 18252
15.25 3.172490309129589e-33 4.088401110755962e-31 16760
15.5 3.06405958527358e-33 4.012370810986342e-31 15776
15.75 2.645835495090917e-33 3.652902489360204e-31 13704
16 2.629091311404863e-33 3.67145705790485e-31 13112
16.25 2.366510908443557e-33 3.236796094579969e-31 11652
16.5 1.998653266747253e-33 2.964968219292978e-31 9776
16.75 1.786608643147817e-33 2.566239423078219e-31 8448
17 1.449697578564469e-33 2.257104656304824e-31 7013
17.25 1.167495638741434e-33 1.855580100751682e-31 5546
17.5 1.036059574086091e-33 1.691187251269913e-31 4722
17.75 8.609933030797658e-34 1.363250694133462e-31 3782
18 7.151212664819915e-34 1.132540238727307e-31 3174
18.25 5.957644737391452e-34 9.750042931495941e-32 2582
18.5 4.576019036987142e-34 7.262894280723014e-32 1928
18.75 4.038979153574529e-34 6.731190123821964e-32 1662
19 3.214765452673245e-34 5.265124913724742e-32 1256
19.25 2.1522013611415e-34 3.733162439671051e-32 864
19.5 1.019919682158265e-34 1.815873928466477e-32 428
19.75 1.309712368056329e-34 1.749432425455443e-32 456
20 6.80527258571628e-35 1.032214603171209e-32 248
20.25 2.215777295433134e-35 5.417298854835082e-33 104
20.5 6.252500688283577e-36 7.477876665865544e-34 18
20.75 3.021488997935507e-36 6.174469075745209e-34 7

0.25 2.312809807149664e-19 1.04381258245733e-20 18
0.5 4.592216361412989e-19 3.143545815148185e-19 62
0.75 8.034362538366534e-19 7.536981373084133e-19 98
1 2.931058147221794e-18 2.556614511186628e-18 210
1.25 2.653260266173728e-18 1.895612254759149e-17 350
1.5 2.033135660009054e-17 1.782420157653116e-17 450
1.75 6.829482982199557e-18 1.804088951148028e-17 602
2 8.402291834250926e-18 2.900543523223127e-17 762
2.25 1.36913919210426e-17 6.053531683627771e-17 1142
2.5 1.343729435036216e-17 8.410053648040208e-17 1250
2.75 1.63825465432803e-17 1.225716373827375e-16 1458
3 2.083981797150626e-17 1.671483767668227e-16 1814
3.25 2.450905435494396e-17 2.408114233603081e-16 2178
3.5 2.782661246944743e-17 3.490104501196961e-16 2498
3.75 3.104077425578959e-17 3.923510754104782e-16 2622
4 1.834011695974214e-17 2.697804105157095e-16 3338
4.25 6.575286917289015e-26 2.94504716367247e-24 3722
4.5 4.679463014623609e-26 9.251932509480441e-25 4170
4.75 2.292300374160607e-26 2.413040547862774e-25 4358
5 7.898637246781964e-27 4.754351410235451e-26 5034
5.25 1.132528552876173e-27 1.424243196622858e-26 5714
5.5 2.501160528588748e-28 5.601857816351914e-27 5982
5.75 4.8544334754716e-29 1.220741622481213e-27 6602
6 1.602857675086331e-30 6.661410944991924e-29 7130
6.25 3.250291284185874e-30 1.14983475528529e-28 8034
6.5 5.052032007642694e-30 1.974115142858456e-28 8606
6.75 6.067711044611475e-30 2.312781046828763e-28 9066
7 5.482828492752307e-30 2.440885889764491e-28 9962
7.25 2.982951116622584e-30 1.522295111057188e-28 10550
7.5 1.342272206513603e-30 5.890343718658642e-29 11226
7.75 3.118993575900955e-31 1.130347885416088e-29 12146
8 4.14299561914856e-33 1.180514283621977e-31 12606
8.25 1.433963809828831e-33 7.538683301301285e-32 13802
8.5 1.521249587193053e-33 8.53843302957571e-32 14754
8.75 1.594578994084432e-33 9.568852753111018e-32 15194
9 1.89892823058489e-33 1.169720013201247e-31 16454
9.25 1.865414154311795e-33 1.199287825947572e-31 17154
9.5 2.088783315978204e-33 1.387698844872606e-31 18266
9.75 2.197457345356698e-33 1.501155641354493e-31 18750
10 2.553428939043714e-33 1.754505854410615e-31 20234
10.25 2.611449139865688e-33 1.872949471693804e-31 21450
10.5 2.709441439613675e-33 2.0742921098318e-31 21962
10.75 2.928084517228079e-33 2.271883801324192e-31 23462
11 3.094792146123143e-33 2.604922650927274e-31 24042
11.25 3.418278354603733e-33 2.764898411555028e-31 25946
11.5 3.535978149798389e-33 2.930909072198571e-31 26118
11.75 3.704294334663668e-33 3.152162347532703e-31 27506
12 4.228209643015255e-33 3.713275899501057e-31 28631
12.25 4.065012856318672e-33 3.658073942284824e-31 28596
12.5 3.995559023572806e-33 3.751710204128716e-31 27848
12.75 3.91055186917966e-33 3.745186308595053e-31 26544
13 3.992916835786985e-33 3.943699945651679e-31 26456
13.25 3.769142672968747e-33 3.994129531495573e-31 25284
13.5 3.691522047588285e-33 4.047761779112828e-31 24260
13.75 3.629105958827995e-33 3.995812997610836e-31 23312
14 3.601074175589177e-33 3.98912042100414e-31 22368
14.25 3.518124510845571e-33 4.13562811129226e-31 21872
14.5 3.319661073437733e-33 4.114395893530421e-31 20400
14.75 3.203926949635529e-33 3.901000326420816e-31 19040
15 3.071823951750063e-33 3.797519772931389e-31 18252
15.25 2.860833096251816e-33 3.567982083389763e-31 16760
15.5 2.839256506257168e-33 3.482847942112991e-31 15776
15.75 2.428063022052789e-33 3.162345506297428e-31 13704
16 2.437323596258227e-33 3.157793102020528e-31 13112
16.25 2.079358228671225e-33 2.897393533586189e-31 11652
16.5 1.880093942124098e-33 2.532209527009484e-31 9776
16.75 1.622865610388688e-33 2.253926104189878e-31 8448
17 1.324515081167918e-33 1.93298122027436e-31 7013
17.25 1.070893655729303e-33 1.619783703268659e-31 5546
17.5 9.542825345713517e-34 1.449724818641764e-31 4722
17.75 7.659084336089422e-34 1.197932873211361e-31 3782
18 6.197462164261587e-34 1.05220322690957e-31 3174
18.25 5.493573962407775e-34 8.454410108254231e-32 2582
18.5 4.082021417398154e-34 6.693831388685783e-32 1928
18.75 3.410638648973973e-34 6.471668542387194e-32 1662
19 2.836169570529756e-34 4.747182758466839e-32 1256
19.25 1.981673142099144e-34 3.212529716251708e-32 864
19.5 9.305670888413168e-35 1.553260910217219e-32 428
19.75 1.194176982228447e-34 1.613060992742005e-32 456
20 6.026258167114058e-35 8.980387849659088e-33 248
20.25 2.532411046670199e-35 4.848464466004733e-33 104
20.5 6.719776927962658e-36 5.144282468283301e-34 18
20.75 3.030869607077683e-36 5.903018875620444e-34 7

0.25 1.995544855672076e-19 2.149318634931345e-19 18
0.5 7.034020361077437e-19 1.358231551681364e-18 62
0.75 1.031534891100527e-18 3.275145592275746e-18 98
1 1.789237037435362e-18 9.051194492593122e-18 210
1.25 3.288751449716107e-18 2.831566265992962e-17 350
1.5 1.554625333570033e-17 2.287658809925557e-17 450
1.75 4.94722233836716e-18 2.7661148420337e-17 602
2 4.861640202424052e-18 4.497496382839842e-17 762
2.25 7.943615107604292e-18 8.200338942922479e-17 1142
2.5 8.222119836839628e-18 9.148504763942175e-17 1250
2.75 1.063536338357217e-17 1.138834453916681e-16 1458
3 1.268409354417539e-17 1.652018275498512e-16 1814
3.25 1.573932070970358e-17 2.248815558991499e-16 2178
3.5 1.846200022710422e-17 3.152633763722867e-16 2498
3.75 2.068455827328787e-17 3.535945539723437e-16 2622
4 1.277559457863887e-17 2.319374331821587e-16 3338
4.25 8.394760505297653e-25 8.967566275943263e-24 3722
4.5 6.122217244879354e-25 2.537757684817713e-24 4170
4.75 4.259348712577011e-25 1.437756261692322e-24 4358
5 2.982890379867871e-25 1.226407738558194e-24 5034
5.25 1.321055986267251e-25 9.790469001757875e-25 5714
5.5 2.017118996744398e-26 3.262078881504844e-25 5982
5.75 6.873183616051505e-28 2.788741560785418e-26 6602
6 2.502875161462486e-30 1.39729179878856e-28 7130
6.25 3.306896578609268e-30 1.368465672704882e-28 8034
6.5 4.641189383858981e-30 2.151998352198515e-28 8606
6.75 5.519675184733471e-30 2.534161489741634e-28 9066
7 5.365990773482482e-30 2.434090172559412e-28 9962
7.25 2.906158679286569e-30 1.520955631880463e-28 10550
7.5 1.261939390189488e-30 6.392959340951787e-29 11226
7.75 3.45578889026562e-31 1.441337139819611e-29 12146
8 6.353237793083862e-33 1.613348280972799e-31 12606
8.25 1.321354318340936e-33 6.838084412306701e-32 13802
8.5 1.310051590948319e-33 7.95582255253773e-32 14754
8.75 1.42610855663345e-33 8.703547775008755e-32 15194
9 1.59385109801014e-33 1.055367563736561e-31 16454
9.25 1.630396614763242e-33 1.109995736098835e-31 17154
9.5 1.868420820067963e-33 1.267527808392815e-31 18266
9.75 1.955951936125281e-33 1.369908540375802e-31 18750
10 2.177418963656917e-33 1.604549432961915e-31 20234
10.25 2.250567293343101e-33 1.735826596498363e-31 21450
10.5 2.575578862229882e-33 1.874065115396144e-31 21962
10.75 2.563358034315209e-33 2.106290621751255e-31 23462
11 3.004439700044084e-33 2.258713931468922e-31 24042
11.25 2.994965717227366e-33 2.577490211331435e-31 25946
11.5 3.108978492862645e-33 2.700832847937686e-31 26118
11.75 3.253490129121467e-33 2.873628908504901e-31 27506
12 3.733215871164544e-33 3.351894776337472e-31 28631
12.25 3.616235222476998e-33 3.333100396535145e-31 28596
12.5 3.537753454719818e-33 3.445457779199332e-31 27848
12.75 3.472203066746016e-33 3.403176933396815e-31 26544
13 3.497253014869548e-33 3.688582014488891e-31 26456
13.25 3.369304991691021e-33 3.576453055087454e-31 25284
13.5 3.278333822075433e-33 3.628033329413936e-31 24260
13.75 3.246797546715298e-33 3.609280173368107e-31 23312
14 3.071540355699495e-33 3.71264925534183e-31 22368
14.25 3.169963762083977e-33 3.755553625074975e-31 21872
14.5 3.006029626270155e-33 3.672964576535048e-31 20400
14.75 2.866713961956499e-33 3.540240635777567e-31 19040
15 2.750772375606787e-33 3.430642639577701e-31 18252
15.25 2.513081844986415e-33 3.324840995963261e-31 16760
15.5 2.496529407827117e-33 3.239748324463969e-31 15776
15.75 2.115724991680435e-33 2.907543388824181e-31 13704
16 2.121381946837948e-33 2.921137071980603e-31 13112
16.25 1.852375750095801e-33 2.606640365876063e-31 11652
16.5 1.641431238118376e-33 2.3371880906618e-31 9776
16.75 1.425516848604692e-33 2.076248430202193e-31 8448
17 1.153192568788016e-33 1.798384465415612e-31 7013
17.25 9.548172727057383e-34 1.45085674066719e-31 5546
17.5 8.345243110112009e-34 1.324152693480713e-31 4722
17.75 6.781269547286192e-34 1.094241911446221e-31 3782
18 5.795620658691799e-34 9.069445924820416e-32 3174
18.25 4.774644825943017e-34 7.725012096475277e-32 2582
18.5 3.514586062064227e-34 6.207917394951544e-32 1928
18.75 3.169070301675033e-34 5.561009554284681e-32 1662
19 2.548278077929333e-34 4.216090518771134e-32 1256
19.25 1.770186490636497e-34 2.873937987620742e-32 864
19.5 8.161989866438046e-35 1.430794429886519e-32 428
19.75 9.721653777428243e-35 1.508171846941271e-32 456
20 5.134490070831029e-35 8.893698520713771e-33 248
20.25 2.414142977224493e-35 3.85248910068813e-33 104
20.5 3.550940448034649e-36 8.133010447316104e-34 18
20.75 2.963187504099244e-36 3.875268744522714e-34 7

0.25 3.982638261200729e-19 3.497156065736037e-18 18
0.5 1.781318872000316e-18 1.156006588898526e-17 62
0.75 2.259375230004754e-18 1.662570674886889e-17 98
1 3.651258651738658e-18 2.511447407359298e-17 210
1.25 3.128648239425358e-18 3.659975495060623e-17 350
1.5 2.754363740630418e-17 3.937023595147049e-17 450
1.75 5.626063708999333e-18 4.564269343966051e-17 602
2 1.373170779328027e-17 7.248259499456933e-17 762
2.25 3.042982847366101e-17 2.598061975582538e-16 1142
2.5 1.729657908107138e-17 4.765390067813344e-16 1250
2.75 1.071430871080156e-17 3.469139307806591e-16 1458
3 1.326442273807164e-17 1.636607340460149e-16 1814
3.25 1.488646681641517e-17 1.562671216589646e-16 2178
3.5 1.82426102709413e-17 2.035465004921854e-16 2498
3.75 1.814366310659928e-17 2.557027786399639e-16 2622
4 1.121449219678719e-17 1.678209841271315e-16 3338
4.25 1.282591746231219e-23 1.454529445793242e-22 3722
4.5 7.245462965701493e-24 8.416981800041759e-23 4170
4.75 3.609799727645696e-24 6.035680640618367e-23 4358
5 1.735175022506651e-24 5.397828757134747e-23 5034
5.25 5.052689017262141e-25 3.433166599871729e-23 5714
5.5 6.033377847636776e-26 8.010197387624518e-24 5982
5.75 2.394746893866471e-27 3.651245222969357e-25 6602
6 7.398267477490022e-30 4.009446546018207e-28 7130
6.25 3.816989280311637e-30 1.281587753791251e-28 8034
6.5 5.464549065328006e-30 2.01053185843746e-28 8606
6.75 6.621179105631081e-30 2.512785538932713e-28 9066
7 7.162823123929246e-30 2.564844241888591e-28 9962
7.25 4.537174185641041e-30 1.385753776265739e-28 10550
7.5 1.998402730949207e-30 5.256340123054121e-29 11226
7.75 4.769982022247728e-31 1.176616975706274e-29 12146
8 2.862534460172422e-33 1.487352776177279e-31 12606
8.25 1.158027413605011e-33 5.91481355506653e-32 13802
8.5 1.177350931537562e-33 6.707874747626911e-32 14754
8.75 1.273821009880515e-33 7.273505602998134e-32 15194
9 1.394644354145078e-33 9.223202935211023e-32 16454
9.25 1.453833567590626e-33 9.374730344740846e-32 17154
9.5 1.607474916317034e-33 1.114109216380232e-31 18266
9.75 1.759608119883546e-33 1.154625600099687e-31 18750
10 1.873194775147682e-33 1.359740431378168e-31 20234
10.25 2.016083903804693e-33 1.464781817646279e-31 21450
10.5 2.246937748183428e-33 1.568073950296593e-31 21962
10.75 2.27801866131488e-33 1.775027245264244e-31 23462
11 2.612307008804505e-33 1.929968690787524e-31 24042
11.25 2.624388485191776e-33 2.184195662686379e-31 25946
11.5 2.728491409788462e-33 2.293629891029714e-31 26118
11.75 2.884889849045463e-33 2.440132055214062e-31 27506
12 3.397645237807292e-33 2.833530002347498e-31 28631
12.25 3.188472544513265e-33 2.847227240257267e-31 28596
12.5 3.137454000360319e-33 2.887917759377698e-31 27848
12.75 3.058225241830659e-33 2.878893812234829e-31 26544
13 3.058963727656742e-33 3.136423570755588e-31 26456
13.25 2.945596154701759e-33 3.052937086800345e-31 25284
13.5 2.869544461610004e-33 3.108610254624011e-31 24260
13.75 2.798926813799554e-33 3.120097986454879e-31 23312
14 2.779397666708842e-33 3.077578763008902e-31 22368
14.25 2.742090625992929e-33 3.207950002272514e-31 21872
14.5 2.596004924553152e-33 3.144770546909359e-31 20400
14.75 2.487016271451753e-33 3.026376338629615e-31 19040
15 2.413173846283366e-33 2.909687494302756e-31 18252
15.25 2.192697037655939e-33 2.827929595734812e-31 16760
15.5 2.184403867079982e-33 2.769511613206198e-31 15776
15.75 1.848041967812656e-33 2.474304633690576e-31 13704
16 1.838206152831537e-33 2.482102676632579e-31 13112
16.25 1.622338930304769e-33 2.224986086622444e-31 11652
16.5 1.405769619527316e-33 2.016372390961249e-31 9776
16.75 1.224653026135019e-33 1.80549369647505e-31 8448
17 1.016143838124879e-33 1.523610590118593e-31 7013
17.25 8.284033918092263e-34 1.250889364660366e-31 5546
17.5 7.235538189959012e-34 1.135416320724852e-31 4722
17.75 5.967430788552984e-34 9.165902611196787e-32 3782
18 4.869306898740432e-34 8.039258252129721e-32 3174
18.25 4.191570263395418e-34 6.809401230913309e-32 2582
18.5 3.116068911757749e-34 5.253856107567627e-32 1928
18.75 2.872918516438362e-34 4.68315347093682e-32 1662
19 2.225949401753826e-34 3.565691744492543e-32 1256
19.25 1.546347588587858e-34 2.39031368885589e-32 864
19.5 7.358493932518446e-35 1.182618195146492e-32 428
19.75 8.530394203781076e-35 1.333327883322134e-32 456
20 4.252218078738079e-35 8.066687916107732e-33 248
20.25 2.275303677170591e-35 2.93658200887215e-33 104
20.5 1.619866227076188e-36 1.076137557225341e-33 18
20.75 2.946457022701287e-36 3.398447421075646e-34 7

0.25 1.349650929718883e-16 2.521046864857486e-16 18
0.5 3.862000408906027e-16 9.187960392142665e-16 62
0.75 5.402867099981579e-16 1.682879772510839e-15 98
1 6.899245754608596e-16 2.903790875158408e-15 210
1.25 7.779566286534494e-16 5.011718409001057e-15 350
1.5 5.530702789022637e-16 5.949173676101161e-15 450
1.75 2.697785383486579e-16 7.119770097191244e-15 602
2 6.269507440158499e-17 9.515270832701899e-15 762
2.25 1.971176263695476e-16 1.092199200590628e-14 1142
2.5 6.024486377779075e-16 1.708612505059301e-15 1250
2.75 2.037304254482769e-16 9.290322254828714e-16 1458
3 1.331122432654206e-17 7.282905990732137e-16 1814
3.25 1.092897238010383e-17 1.99528082745278e-16 2178
3.5 1.35308564898621e-17 1.822824307605128e-16 2498
3.75 1.335871438089645e-17 2.310217918661616e-16 2622
4 8.541249047824079e-18 1.465076624056787e-16 3338
4.25 5.677036110189589e-23 3.270189127930316e-22 3722
4.5 2.978935592097907e-23 4.098242484518228e-22 4170
4.75 1.622630291299877e-23 4.271043684048887e-22 4358
5 9.498201969708455e-24 4.273366336405366e-22 5034
5.25 3.193001264854194e-24 2.572658161553516e-22 5714
5.5 4.215659984724815e-25 4.578853635739901e-23 5982
5.75 1.735614462378767e-26 1.129154536862726e-24 6602
6 2.392404065753086e-29 5.820369298064737e-28 7130
6.25 4.571990356381441e-30 1.657937938239386e-28 8034
6.5 4.918603930198938e-30 1.933308267304112e-28 8606
6.75 5.801041157276119e-30 2.395749622157199e-28 9066
7 6.185180587062409e-30 2.881130742194927e-28 9962
7.25 4.613373725184455e-30 1.519420173331771e-28 10550
7.5 2.103815513787186e-30 6.852197167828398e-29 11226
7.75 6.656383468822535e-31 1.619072389344342e-29 12146
8 6.773680058754944e-33 2.286194100575515e-31 12606
8.25 1.098775248478577e-33 5.355250575404616e-32 13802
8.5 1.067755574383416e-33 6.105759254775969e-32 14754
8.75 1.085219899975977e-33 6.938953990334742e-32 15194
9 1.358535795997343e-33 7.760127206379453e-32 16454
9.25 1.31014345606761e-33 8.423514181971195e-32 17154
9.5 1.44733230519115e-33 1.016995204099789e-31 18266
9.75 1.584747750633919e-33 1.057429282994478e-31 18750
10 1.707182285247671e-33 1.240630836318843e-31 20234
10.25 1.793648355171775e-33 1.360365214787447e-31 21450
10.5 1.988002425869502e-33 1.457957425570868e-31 21962
10.75 2.036902252353839e-33 1.619902846507583e-31 23462
11 2.229911074644275e-33 1.810432678848167e-31 24042
11.25 2.390876330399252e-33 1.969701175601778e-31 25946
11.5 2.467267246500233e-33 2.074159255048615e-31 26118
11.75 2.571743774858719e-33 2.24057894275181e-31 27506
12 3.082513892416159e-33 2.632261015233159e-31 28631
12.25 2.82250889054767e-33 2.640449396385417e-31 28596
12.5 2.820166136565596e-33 2.657409074413233e-31 27848
12.75 2.746100978021041e-33 2.623965095092604e-31 26544
13 2.773938669368674e-33 2.816272982640184e-31 26456
13.25 2.64899337889574e-33 2.825031070714945e-31 25284
13.5 2.566751465288821e-33 2.819253180882323e-31 24260
13.75 2.509990293948148e-33 2.846531346310374e-31 23312
14 2.480291005393773e-33 2.829074822622376e-31 22368
14.25 2.483658199454219e-33 2.900837412818963e-31 21872
14.5 2.342277782446777e-33 2.849984388528279e-31 20400
14.75 2.219655157757751e-33 2.754072710917985e-31 19040
15 2.14752132301291e-33 2.726842498500975e-31 18252
15.25 1.986204811103728e-33 2.546723227664188e-31 16760
15.5 1.982153164685786e-33 2.52896606076692e-31 15776
15.75 1.659859372072305e-33 2.253495362834166e-31 13704
16 1.655483901916294e-33 2.261814344223612e-31 13112
16.25 1.490771437470894e-33 2.001269114261534e-31 11652
16.5 1.2835166997918e-33 1.824116325829548e-31 9776
16.75 1.121991006149511e-33 1.63546801911117e-31 8448
17 9.088008599682035e-34 1.393079164957116e-31 7013
17.25 7.247979598617674e-34 1.157078920710795e-31 5546
17.5 6.586115321796184e-34 1.024816838787731e-31 4722
17.75 5.224691471781995e-34 8.590364357277584e-32 3782
18 4.466463281951445e-34 7.327618564403654e-32 3174
18.25 3.671086565899614e-34 6.097298116655279e-32 2582
18.5 2.753460476255817e-34 4.802397760311855e-32 1928
18.75 2.687194017649254e-34 4.205721485656943e-32 1662
19 2.002675364854515e-34 3.370896762448542e-32 1256
19.25 1.401349458798891e-34 2.169128417125099e-32 864
19.5 6.545912164701133e-35 1.042641331653774e-32 428
19.75 7.645233880988897e-35 1.228783377669627e-32 456
20 3.581402543512428e-35 8.270028034323781e-33 248
20.25 2.067429418221829e-35 2.912446818000594e-33 104
20.5 1.839581312037078e-36 8.884100241885323e-34 18
20.75 2.328864674209356e-36 4.05667122121425e-34 7

0.25 2.047338798254909e-15 2.289115138467088e-14 18
0.5 7.481370397081373e-15 8.0254138746607e-14 62
0.75 1.096728038748657e-14 1.2817218860516e-13 98
1 1.471791862566235e-14 2.198217831986553e-13 210
1.25 1.476514597215416e-14 3.609516780736972e-13 350
1.5 8.789518351335778e-15 4.423754975979531e-13 450
1.75 3.628140765575314e-15 5.573598705207967e-13 602
2 1.058065040474542e-15 8.988384894340705e-13 762
2.25 1.987574943738437e-15 2.037630031175843e-12 1142
2.5 2.142507316283489e-14 2.054788535439665e-12 1250
2.75 3.9099496188693e-14 8.723294379343716e-13 1458
3 1.175744299760741e-14 1.164597535444778e-13 1814
3.25 7.535266002786833e-16 5.262257255027313e-15 2178
3.5 2.206445720915388e-17 1.984141574459364e-16 2498
3.75 1.217550257455431e-17 1.755995928192152e-16 2622
4 7.548791879014035e-18 1.147662284253823e-16 3338
4.25 1.971251146214066e-21 4.842848322923986e-21 3722
4.5 1.264572135534815e-21 2.930410785744547e-21 4170
4.75 7.991854510163076e-22 2.460435727680804e-21 4358
5 5.468814995258659e-22 2.416874424550002e-21 5034
5.25 2.446664549579235e-22 1.207425288089002e-21 5714
5.5 3.535001995875691e-23 1.643026402353495e-22 5982
5.75 8.246551276511081e-25 4.558381009294043e-24 6602
6 4.834313103339145e-27 3.223315720402896e-25 7130
6.25 1.648335043260954e-28 2.589863408247679e-26 8034
6.5 2.603395849577926e-29 1.72213004992749e-27 8606
6.75 1.030221480716952e-29 4.462155956925223e-28 9066
7 9.217769109204077e-30 3.846402959937543e-28 9962
7.25 4.452850052411522e-30 2.470572762238507e-28 10550
7.5 1.85244917685501e-30 1.062792172044907e-28 11226
7.75 3.532769713667909e-31 2.92702677736679e-29 12146
8 5.035003675388118e-33 6.360362902856037e-31 12606
8.25 1.744597605592378e-33 1.032024315256549e-31 13802
8.5 1.086508432704987e-33 5.719339508856463e-32 14754
8.75 1.010389708913065e-33 6.118790415859958e-32 15194
9 1.149497537198834e-33 7.408192947774785e-32 16454
9.25 1.16416684469548e-33 7.671961221148854e-32 17154
9.5 1.36321664662077e-33 8.768330856874967e-32 18266
9.75 1.397417952426858e-33 9.812314720635342e-32 18750
10 1.559287361201923e-33 1.103699311252765e-31 20234
10.25 1.645031575634594e-33 1.217998902884639e-31 21450
10.5 1.750892087171737e-33 1.332609302901242e-31 21962
10.75 1.86701283529754e-33 1.423658746105725e-31 23462
11 1.962928706285596e-33 1.668129368859966e-31 24042
11.25 2.143344093245924e-33 1.770555926253305e-31 25946
11.5 2.238398635262346e-33 1.870679536686454e-31 26118
11.75 2.350210413347887e-33 2.015685806558836e-31 27506
12 2.596007583799786e-33 2.537100684575872e-31 28631
12.25 2.572190624517788e-33 2.379377622286683e-31 28596
12.5 2.524531837607926e-33 2.417941428349874e-31 27848
12.75 2.456029743237138e-33 2.378654295766309e-31 26544
13 2.495383326291277e-33 2.540514866890123e-31 26456
13.25 2.434802297763016e-33 2.515852649876611e-31 25284
13.5 2.347089902492289e-33 2.524291428290494e-31 24260
13.75 2.274609022423674e-33 2.539339874215838e-31 23312
14 2.229828662138718e-33 2.547714338833049e-31 22368
14.25 2.275682235719858e-33 2.581301671976105e-31 21872
14.5 2.144905477069942e-33 2.530850834015318e-31 20400
14.75 2.002190407637128e-33 2.484125516064566e-31 19040
15 1.974587014094306e-33 2.436774556802869e-31 18252
15.25 1.792660106408605e-33 2.295728229468912e-31 16760
15.5 1.803606176937121e-33 2.247940304934326e-31 15776
15.75 1.504591704057459e-33 2.023735120057967e-31 13704
16 1.487746369268725e-33 2.049914969999591e-31 13112
16.25 1.332571921863002e-33 1.833176154010343e-31 11652
16.5 1.175301384300419e-33 1.637522744878242e-31 9776
16.75 1.037891859624932e-33 1.439166675856441e-31 8448
17 8.17479861091229e-34 1.2452461556362e-31 7013
17.25 6.666613588272973e-34 1.045833487523836e-31 5546
17.5 5.929840663727019e-34 9.321885211821432e-32 4722
17.75 4.816076846519865e-34 7.636972489411822e-32 3782
18 4.22807696112246e-34 6.37763298788661e-32 3174
18.25 3.327270193266715e-34 5.387620637610799e-32 2582
18.5 2.582578688987159e-34 4.203016729759439e-32 1928
18.75 2.387637518690618e-34 3.831264085472984e-32 1662
19 1.761446469982736e-34 3.071386131546321e-32 1256
19.25 1.218345834204411e-34 1.95480879302123e-32 864
19.5 5.978435941224188e-35 9.296047565464053e-33 428
19.75 6.906204455110409e-35 1.15896602374307e-32 456
20 3.412539698153208e-35 7.310710259109653e-33 248
20.25 1.806344236510664e-35 3.094208615720759e-33 104
20.5 3.89221050998893e-36 5.126831358701723e-34 18
20.75 1.982738133941107e-36 4.295804550596437e-34 7

0.25 8.711385147482642e-14 4.318617630739906e-13 18
0.5 2.417208927840912e-13 1.589785429050962e-12 62
0.75 2.518308968720539e-13 2.493849111155512e-12 98
1 2.73013931560773e-13 4.166913061346577e-12 210
1.25 1.921841166745719e-13 6.258266208723526e-12 350
1.5 5.19098679235884e-14 6.61588105403642e-12 450
1.75 1.342539601645208e-14 6.226162638485495e-12 602
2 2.323839663264972e-13 5.46203885991937e-12 762
2.25 1.241251372725428e-12 2.001665119865084e-12 1142
2.5 9.542848349311787e-13 4.215878851190336e-12 1250
2.75 5.831340047172389e-14 8.038681267075441e-12 1458
3 2.907787463418472e-14 1.685569010259736e-12 1814
3.25 4.952623295586618e-15 6.517493197573554e-14 2178
3.5 9.419527688529829e-17 5.753242302722145e-16 2498
3.75 1.034422350282474e-17 1.548116430562626e-16 2622
4 6.333787463429969e-18 1.031172026563472e-16 3338
4.25 9.604508328027814e-20 9.087978834850782e-19 3722
4.5 2.454857905389153e-20 5.615525165280527e-19 4170
4.75 4.360791565971375e-21 1.266895098784318e-19 4358
5 1.763319913485944e-21 1.736437636560741e-20 5034
5.25 1.192565162880612e-21 1.99473842908137e-20 5714
5.5 4.332102544135468e-22 8.284860785816959e-21 5982
5.75 1.127019539349088e-22 1.771611287549239e-21 6602
6 1.644923113223635e-23 1.803877557248916e-22 7130
6.25 1.143956676273446e-24 8.023217147584553e-24 8034
6.5 5.079308645086913e-26 2.968527648082884e-25 8606
6.75 1.155322363937389e-26 1.144898365017036e-25 9066
7 4.856391726466934e-27 5.771277540967221e-26 9962
7.25 1.658754576014449e-27 1.943331161740678e-26 10550
7.5 5.103829839635646e-28 4.96607487086661e-27 11226
7.75 1.271848255296034e-28 8.379045852016288e-28 12146
8 2.551490738478548e-29 8.190878249371778e-29 12606
8.25 4.761129434471576e-30 6.501115312638672e-30 13802
8.5 7.60036250745662e-31 1.0675674378593e-30 14754
8.75 9.78225973200614e-32 3.241533582181885e-31 15194
9 1.145873472870067e-32 1.392644517874708e-31 16454
9.25 2.451298111216666e-33 9.557648410075309e-32 17154
9.5 1.60879437989093e-33 9.301427424478321e-32 18266
9.75 1.38301648231859e-33 9.738854441831697e-32 18750
10 1.512016377592292e-33 1.050203305003697e-31 20234
10.25 1.54425708615116e-33 1.14743822866236e-31 21450
10.5 1.63368004323011e-33 1.262480374281373e-31 21962
10.75 1.735000136811362e-33 1.36752245238652e-31 23462
11 1.986681364121469e-33 1.497203784567436e-31 24042
11.25 2.00798690474937e-33 1.671994777328565e-31 25946
11.5 2.08962976860038e-33 1.792920752051005e-31 26118
11.75 2.178885006813575e-33 1.924006191904991e-31 27506
12 2.932218462732529e-33 2.127231392834226e-31 28631
12.25 2.418940871731691e-33 2.272142199789138e-31 28596
12.5 2.390016076963548e-33 2.272329193904267e-31 27848
12.75 2.274936805163997e-33 2.3064334993645e-31 26544
13 2.373502047809308e-33 2.398709423827027e-31 26456
13.25 2.256479850490236e-33 2.39430437091001e-31 25284
13.5 2.193495310502554e-33 2.411634823060798e-31 24260
13.75 2.160255280353022e-33 2.41052967979854e-31 23312
14 2.111557337928454e-33 2.416548915894545e-31 22368
14.25 2.084789535804675e-33 2.495190062484878e-31 21872
14.5 2.012746911511233e-33 2.424765976445665e-31 20400
14.75 1.888885398703886e-33 2.334422549201724e-31 19040
15 1.846229624937442e-33 2.337738547118796e-31 18252
15.25 1.689041846781131e-33 2.171976177324033e-31 16760
15.5 1.686739416727173e-33 2.192176310351138e-31 15776
15.75 1.41401911879063e-33 1.932884888370129e-31 13704
16 1.396389680262247e-33 1.940964427457955e-31 13112
16.25 1.249403760742557e-33 1.766018946580444e-31 11652
16.5 1.112023308439779e-33 1.563930879193285e-31 9776
16.75 9.431396041139069e-34 1.411082546319504e-31 8448
17 7.811573499791083e-34 1.16746498985738e-31 7013
17.25 6.264965642818413e-34 1.019718335585983e-31 5546
17.5 5.609732559498978e-34 8.592541035624078e-32 4722
17.75 4.380575503575513e-34 7.532362032934718e-32 3782
18 3.663407676608737e-34 6.39594167352117e-32 3174
18.25 3.15810493369101e-34 5.165240619634596e-32 2582
18.5 2.34452164217372e-34 4.038438561659977e-32 1928
18.75 2.073108792512616e-34 3.777540078353743e-32 1662
19 1.704467013052e-34 2.842044163471999e-32 1256
19.25 1.13469748153419e-34 1.887873819286148e-32 864
19.5 5.625893656580437e-35 9.212009576778492e-33 428
19.75 6.011830049717817e-35 1.1359324669784e-32 456
20 3.367154876330015e-35 6.201228732024907e-33 248
20.25 1.461075509730219e-35 3.348882168075191e-33 104
20.5 4.57053918646355e-36 2.247385822847596e-34 18
20.75 2.210160086571425e-36 4.509805444205044e-34 7

0.25 8.923408061553852e-12 3.341057570453942e-11 18
0.5 3.353478061548183e-11 1.204407718838449e-10 62
0.75 4.654150719719621e-11 1.713974626260945e-10 98
1 7.30029604919698e-11 3.013336296622695e-10 210
1.25 9.168664548651365e-11 4.826454405410376e-10 350
1.5 8.5003233757498e-11 6.145402926741818e-10 450
1.75 7.43002112172676e-11 7.877861526574276e-10 602
2 8.404779810499078e-11 1.260003346229637e-09 762
2.25 1.844148623897298e-10 2.651258702128882e-09 1142
2.5 2.929712465883919e-10 1.977738342122212e-09 1250
2.75 2.109537821441453e-10 4.316648454225522e-10 1458
3 3.730645159562289e-11 1.588915649743007e-11 1814
3.25 1.519039280527445e-12 6.081910624814129e-14 2178
3.5 1.672240700635782e-14 5.975048489362784e-16 2498
3.75 3.455823211015154e-15 1.712923790225721e-15 2622
4 2.545640240459319e-15 5.617924197726686e-15 3338
4.25 1.208612120043966e-15 8.817717065410338e-15 3722
4.5 4.387067947373352e-16 1.026370858233461e-14 4170
4.75 9.488620187555568e-17 7.396801193449942e-15 4358
5 1.15069740519158e-17 3.754686941879247e-15 5034
5.25 3.652435628029202e-19 1.010578398478546e-15 5714
5.5 1.483432465893715e-19 1.506919975634756e-16 5982
5.75 6.17783100982612e-20 1.628570350140944e-17 6602
6 1.188293845202055e-20 1.185624141785104e-18 7130
6.25 2.601270732718622e-21 1.298312218361039e-19 8034
6.5 1.671041106095961e-21 3.234292527930246e-20 8606
6.75 1.082693886766101e-21 6.255265717973294e-21 9066
7 5.306237815291974e-22 1.043395612355269e-21 9962
7.25 1.797117703194859e-22 7.091556886983402e-22 10550
7.5 4.872611362723958e-23 5.307456417910361e-22 11226
7.75 9.39066319697135e-24 2.453615597062244e-22 12146
8 1.314224306805799e-24 8.087893319908339e-23 12606
8.25 1.597299374002867e-25 2.21520640006676e-23 13802
8.5 1.969074574118316e-26 4.798851381295935e-24 14754
8.75 2.388344875295412e-27 9.124853999486372e-25 15194
9 5.658617873728561e-28 2.182424557638597e-25 16454
9.25 2.74866985121318e-28 7.226585790303103e-26 17154
9.5 1.544951723891954e-28 2.479251687507134e-26 18266
9.75 6.85408663600236e-29 7.672980446796904e-27 18750
10 2.50714906679633e-29 2.188806517958224e-27 20234
10.25 7.626575262846139e-30 5.407108424886329e-28 21450
10.5 1.781979880162246e-30 1.030056649764943e-28 21962
10.75 3.911888630532126e-31 1.870916710553532e-29 23462
11 8.271412126192788e-32 3.709956791517689e-30 24042
11.25 2.073334803083699e-32 9.502174877741334e-31 25946
11.5 6.705004607585491e-33 3.681814807896404e-31 26118
11.75 3.424867484997352e-33 2.405332808365054e-31 27506
12 2.685561095119334e-33 2.395171513564986e-31 28631
12.25 2.399217931070734e-33 2.07475542121219e-31 28596
12.5 2.205374460237965e-33 2.109495451807638e-31 27848
12.75 2.12413626337164e-33 2.084334463204008e-31 26544
13 2.190443917063064e-33 2.191858860135571e-31 26456
13.25 2.081317523054278e-33 2.203746553892472e-31 25284
13.5 2.021459295123297e-33 2.185370763534278e-31 24260
13.75 1.963385902732597e-33 2.23288407255051e-31 23312
14 1.927052813257053e-33 2.22225257894683e-31 22368
14.25 1.930916323157731e-33 2.249931795632534e-31 21872
14.5 1.827887862918574e-33 2.25809641335581e-31 20400
14.75 1.758206219764735e-33 2.099754716394074e-31 19040
15 1.705176393191118e-33 2.153360316143889e-31 18252
15.25 1.556549297394359e-33 1.99397095217907e-31 16760
15.5 1.542993395856812e-33 2.007416915184276e-31 15776
15.75 1.311225898813211e-33 1.767178426932996e-31 13704
16 1.309057088308501e-33 1.737880092916191e-31 13112
16.25 1.150365696337021e-33 1.607078784698696e-31 11652
16.5 1.021191702327878e-33 1.429093890423558e-31 9776
16.75 8.789452409370748e-34 1.269851649179334e-31 8448
17 7.167611069962561e-34 1.066986285155605e-31 7013
17.25 5.907435843073754e-34 9.134260802081223e-32 5546
17.5 5.109629201335359e-34 7.96202664861692e-32 4722
17.75 4.24011556795641e-34 6.56584675961463e-32 3782
18 3.530479429222185e-34 5.588547815160224e-32 3174
18.25 2.807132070291405e-34 4.792189589451549e-32 2582
18.5 2.243341893872175e-34 3.592547386196799e-32 1928
18.75 1.930455567902532e-34 3.37016241684919e-32 1662
19 1.549041707057299e-34 2.608314833133604e-32 1256
19.25 1.016853016011731e-34 1.696385358081182e-32 864
19.5 4.980260655297301e-35 9.024708794754886e-33 428
19.75 5.422046557858793e-35 1.072286329580478e-32 456
20 3.290511279585409e-35 5.314423805135199e-33 248
20.25 1.433472799858984e-35 3.114713806077257e-33 104
20.5 4.06453726948252e-36 3.468079524660959e-34 18
20.75 2.636269358987173e-36 3.634571607383866e-34 7

0.25 3.863538463656955e-11 4.548573323593794e-10 18
0.5 9.746686784715689e-11 1.690022250270953e-09 62
0.75 6.859321132373194e-11 2.299934691418873e-09 98
1 4.948135157829247e-11 3.917774113649496e-09 210
1.25 8.537935283945436e-12 5.084142775772622e-09 350
1.5 4.375913838734064e-11 4.59287264243214e-09 450
1.75 2.383975919641005e-10 2.871391580197819e-09 602
2 7.109351484507728e-10 8.068932165011703e-10 762
2.25 1.44985702211765e-09 4.767495614811847e-09 1142
2.5 2.523426878523264e-10 2.460065950231028e-08 1250
2.75 5.087511963824982e-10 1.58723929781832e-08 1458
3 2.750543797129594e-10 1.34432416382999e-09 1814
3.25 1.757791775558712e-11 2.776577515811298e-11 2178
3.5 2.42275967188467e-12 7.177655527202792e-12 2498
3.75 1.4071171533416e-12 2.095777733579831e-12 2622
4 8.907447702830236e-13 7.388195062429758e-13 3338
4.25 3.297511306634886e-13 4.695488886546044e-13 3722
4.5 1.166074260988181e-13 8.734769716813115e-13 4170
4.75 6.103796844572023e-14 1.203938787682363e-12 4358
5 5.257870993442267e-14 9.627136678530928e-13 5034
5.25 3.01282850779487e-14 3.513972546155259e-13 5714
5.5 9.454757345682628e-15 9.525735649250514e-14 5982
5.75 2.538960701860739e-15 4.32149928770101e-14 6602
6 1.002733437747111e-15 2.426165933938864e-14 7130
6.25 5.907523627132432e-16 1.191524289474987e-14 8034
6.5 3.290920238718558e-16 5.266492947725086e-15 8606
6.75 1.603992624859613e-16 2.311795724060039e-15 9066
7 7.339093656626263e-17 1.046487535460657e-15 9962
7.25 2.942270787011935e-17 4.394509752275275e-16 10550
7.5 1.158377193775003e-17 1.979477630913698e-16 11226
7.75 3.849392158826554e-18 9.340399997198793e-17 12146
8 1.242718182687845e-18 4.710107858867401e-17 12606
8.25 5.123249633113273e-19 2.798339719654961e-17 13802
8.5 2.537871207595275e-19 1.5731091138738e-17 14754
8.75 1.276738235826123e-19 7.328497779553366e-18 15194
9 6.878901760707242e-20 3.464362664122148e-18 16454
9.25 3.393019736620115e-20 1.533013608647692e-18 17154
9.5 1.473236433969902e-20 6.085379266512182e-19 18266
9.75 5.756623910107138e-21 2.349491774563599e-19 18750
10 2.191239516469006e-21 1.009967464396665e-19 20234
10.25 7.798200143261059e-22 4.593916579828362e-20 21450
10.5 2.725141698829504e-22 2.155898331612469e-20 21962
10.75 1.219671851930837e-22 1.166721057677835e-20 23462
11 5.660243358325833e-23 5.767091549406352e-21 24042
11.25 2.682542071876196e-23 2.65004436368036e-21 25946
11.5 1.252233240444802e-23 1.141956578802838e-21 26118
11.75 5.88827290947035e-24 5.054680261245625e-22 27506
12 2.498537050878154e-24 2.088295957596922e-22 28631
12.25 9.232873518184852e-25 8.108260873649398e-23 28596
12.5 3.169260133854651e-25 3.264691943635269e-23 27848
12.75 1.081224110734486e-25 1.356010351924454e-23 26544
13 3.977011368859062e-26 6.139444468956556e-24 26456
13.25 1.597367946501912e-26 2.767239677813066e-24 25284
13.5 6.648736271539216e-27 1.149598838904385e-24 24260
13.75 2.779643175087981e-27 4.617646609014174e-25 23312
14 1.079124673593291e-27 1.703404110649565e-25 22368
14.25 3.97716307004664e-28 6.198372442193928e-26 21872
14.5 1.271445530666975e-28 2.135835869561722e-26 20400
14.75 4.047910912384811e-29 8.061508094305136e-27 19040
15 1.375151291635474e-29 3.362648044527184e-27 18252
15.25 4.967832262177784e-30 1.368133910244193e-27 16760
15.5 2.051406641826413e-30 5.967784720319023e-28 15776
15.75 7.467562034298638e-31 2.207339758206668e-28 13704
16 3.069467942180872e-31 8.971535671429692e-29 13112
16.25 1.093419111223912e-31 3.118830546488555e-29 11652
16.5 3.361370038875959e-32 9.817097258144159e-30 9776
16.75 1.13524711751825e-32 3.500007582688653e-30 8448
17 3.188632189451173e-33 1.085685781361846e-30 7013
17.25 1.080576848806881e-33 3.822171483676214e-31 5546
17.5 6.505676738662227e-34 1.78163185197202e-31 4722
17.75 4.35066565989236e-34 9.579226068064217e-32 3782
18 3.633250302086149e-34 6.404298636559845e-32 3174
18.25 2.776074927659901e-34 4.777959506986989e-32 2582
18.5 2.061814713335324e-34 3.758304414682109e-32 1928
18.75 1.937015878473668e-34 3.168903619118695e-32 1662
19 1.596480673432198e-34 2.45844550815465e-32 1256
19.25 9.952138696653844e-35 1.595196953764678e-32 864
19.5 4.756787869322462e-35 9.063854382749594e-33 428
19.75 5.180379587123845e-35 1.069036365569683e-32 456
20 3.316993306496421e-35 4.988448964927596e-33 248
20.25 1.532437907553952e-35 2.637990571255099e-33 104
20.5 1.823377722505688e-36 7.080512492062157e-34 18
20.75 2.891205462558833e-36 3.448707153897267e-34 7

0.25 3.524027595176244e-10 1.054406637094777e-09 18
0.5 1.562673479047769e-09 4.690863405009159e-09 62
0.75 4.213396592428282e-09 1.143942289739673e-08 98
1 7.201975886896269e-09 2.36039959520976e-08 210
1.25 1.221144195500538e-08 5.926338032498004e-08 350
1.5 1.277098168740734e-08 1.315788840690669e-07 450
1.75 1.672672994966892e-08 2.580050935792425e-07 602
2 2.41751147745509e-08 5.621773135138754e-07 762
2.25 8.298794211371812e-08 1.337266313508611e-06 1142
2.5 2.131246426723897e-07 7.420223333350751e-07 1250
2.75 1.543872311397335e-07 3.818799067366781e-08 1458
3 2.385636008577533e-08 8.60066926425036e-09 1814
3.25 1.453460794363113e-09 1.843606940639914e-09 2178
3.5 7.334210965522916e-10 3.752418085420524e-10 2498
3.75 6.664982855839025e-10 3.62743135746506e-10 2622
4 6.782048856089746e-10 1.350960370893116e-09 3338
4.25 3.767173781662015e-10 2.890761100005466e-09 3722
4.5 1.356168020903182e-10 3.758274782633633e-09 4170
4.75 2.989124421692256e-11 2.537456715117204e-09 4358
5 1.142911879806751e-11 1.215761165907841e-09 5034
5.25 4.887855846749355e-12 3.974369988639236e-10 5714
5.5 1.736913777434385e-12 1.369305892641162e-10 5982
5.75 8.597583325492849e-13 6.16884325444228e-11 6602
6 8.147558402732903e-13 2.979457840635437e-11 7130
6.25 9.258615368121245e-13 1.357420900997201e-11 8034
6.5 7.769371971761083e-13 6.382021406968451e-12 8606
6.75 4.446945427995832e-13 6.108041278641643e-12 9066
7 2.107326635866092e-13 5.915895272273372e-12 9962
7.25 8.634056613979089e-14 4.224124727824501e-12 10550
7.5 3.926073468723615e-14 2.642919863126923e-12 11226
7.75 2.051802858476208e-14 1.443040448120069e-12 12146
8 1.259661361544578e-14 7.112102239485122e-13 12606
8.25 9.022495527031669e-15 3.656468180512887e-13 13802
8.5 6.080900983663092e-15 1.896923678752227e-13 14754
8.75 3.694201123728761e-15 1.097154181567294e-13 15194
9 2.085138529462644e-15 8.842138363403973e-14 16454
9.25 1.107736590287639e-15 7.459578348215759e-14 17154
9.5 5.07779650862552e-16 6.270786081378435e-14 18266
9.75 2.354639312695638e-16 4.771001207967655e-14 18750
10 1.338867033156751e-16 3.526583711573171e-14 20234
10.25 8.294059018908412e-17 2.307076054557928e-14 21450
10.5 6.031774296567483e-17 1.329208564024213e-14 21962
10.75 4.772436149028325e-17 8.124876850676922e-15 23462
11 3.702888389416122e-17 4.343134733298554e-15 24042
11.25 2.721410713131194e-17 2.180553217586917e-15 25946
11.5 1.81859765522034e-17 1.300795524280657e-15 26118
11.75 1.263398050300317e-17 8.47593870104201e-16 27506
12 8.143608600341474e-18 5.696644672987032e-16 28631
12.25 5.134854357752658e-18 3.879590078659274e-16 28596
12.5 3.18941537202876e-18 2.622621309928886e-16 27848
12.75 1.460300715703417e-18 1.928644338705356e-16 26544
13 6.537991620636354e-19 1.456962501907045e-16 26456
13.25 2.509692967619559e-19 9.954331754668537e-17 25284
13.5 1.104288381248665e-19 6.021867810759229e-17 24260
13.75 7.361981066719379e-20 3.202228755125736e-17 23312
14 6.472695286845944e-20 1.425441338313093e-17 22368
14.25 5.369682297413808e-20 5.407410547672457e-18 21872
14.5 3.86048081191226e-20 1.952989885826201e-18 20400
14.75 2.435711796860829e-20 7.698436370046642e-19 19040
15 1.406420759841073e-20 5.449045710509155e-19 18252
15.25 7.183201796723564e-21 5.083769664763461e-19 16760
15.5 3.478806396274433e-21 4.353973792962957e-19 15776
15.75 1.435109484159117e-21 3.183351052700747e-19 13704
16 6.507239433681332e-22 2.179950836186544e-19 13112
16.25 2.676097902238042e-22 1.278522955360074e-19 11652
16.5 1.24902714084154e-22 6.571553842387988e-20 9776
16.75 7.354078515605522e-23 2.93706767997967e-20 8448
17 3.922102083904311e-23 1.105875358379007e-20 7013
17.25 2.397001858299446e-23 3.482101267067307e-21 5546
17.5 1.666599559009527e-23 9.706579865445663e-22 4722
17.75 9.250891850533387e-24 1.813420485316602e-22 3782
18 4.981940701282605e-24 8.816995616901703e-23 3174
18.25 2.42414288422526e-24 8.285094584278111e-23 2582
18.5 1.043823143184995e-24 6.990863300826224e-23 1928
18.75 4.303154285883007e-25 5.290595080004834e-23 1662
19 1.4241365066635e-25 2.830927929612598e-23 1256
19.25 4.32738812061084e-26 1.206596789771557e-23 864
19.5 1.200217018162876e-26 4.372330707603748e-24 428
19.75 5.768907858153996e-27 2.733016902851998e-24 456
20 1.444776361026248e-27 8.228185034362793e-25 248
20.25 3.311249685137941e-28 2.458509885528723e-25 104
20.5 3.795392081867884e-29 2.676335074209409e-26 18
20.75 1.102251935149798e-29 2.760250662858078e-27 7

0.25 5.993426187975575e-11 3.955052275608339e-10 18
0.5 3.963061414297543e-10 2.421160447140762e-09 62
0.75 1.603185049588619e-09 3.229356746392941e-09 98
1 4.233725709507176e-09 5.099355026437174e-09 210
1.25 6.2199019481435e-09 1.313402533205282e-08 350
1.5 4.508556550193605e-09 4.306319558639276e-08 450
1.75 7.472756809260198e-09 1.24917866580631e-07 602
2 3.893011778416171e-08 2.700688733799914e-07 762
2.25 2.543664960254036e-07 3.711369303081481e-07 1142
2.5 8.115395087745173e-08 2.844916482384691e-06 1250
2.75 1.600954103702182e-07 1.185941216069719e-06 1458
3 5.05274685471175e-08 2.504368836530175e-08 1814
3.25 6.708966395470525e-09 5.945531585686006e-09 2178
3.5 2.673988982766323e-09 5.617811752025814e-09 2498
3.75 1.109688791646889e-09 5.977299711769652e-09 2622
4 5.377343072691239e-10 9.832622431763199e-09 3338
4.25 1.751572167062769e-10 1.076042893999854e-08 3722
4.5 3.984161373258897e-10 3.675378577303161e-09 4170
4.75 2.110874574588762e-10 4.615183097453897e-09 4358
5 1.131767715232511e-10 4.233734051371652e-09 5034
5.25 1.195911611285025e-10 1.122931480180487e-09 5714
5.5 6.355181319465569e-11 5.953224495414066e-10 5982
5.75 3.085991465619639e-11 4.831516679266252e-10 6602
6 1.370160100949625e-11 3.326419314507252e-10 7130
6.25 6.454791578095277e-12 2.304324878134404e-10 8034
6.5 3.39940654047628e-12 1.543349430894583e-10 8606
6.75 2.516582035365306e-12 1.214488098095601e-10 9066
7 2.723255255880473e-12 1.101604816145956e-10 9962
7.25 3.263983172571379e-12 8.709245994892464e-11 10550
7.5 3.318142751972969e-12 6.713267524630822e-11 11226
7.75 2.583377516342872e-12 6.66880806704022e-11 12146
8 1.622367148552409e-12 6.685228759445498e-11 12606
8.25 9.892412271949565e-13 6.372056737920909e-11 13802
8.5 5.957000245213608e-13 5.343425230677717e-11 14754
8.75 3.656146737449669e-13 4.047293509888329e-11 15194
9 2.427966860371773e-13 3.167446213218786e-11 16454
9.25 1.68506344719448e-13 2.436093786809435e-11 17154
9.5 1.291564493066587e-13 1.907879679527988e-11 18266
9.75 1.043821400073881e-13 1.503901251246706e-11 18750
10 8.874167396901083e-14 1.25970300674038e-11 20234
10.25 7.16339866401588e-14 1.051071436554827e-11 21450
10.5 5.355721346261326e-14 8.580145219457228e-12 21962
10.75 4.078927485166034e-14 7.364815007438632e-12 23462
11 2.969392185707538e-14 5.900332529708948e-12 24042
11.25 2.223492765601622e-14 4.928901831991967e-12 25946
11.5 1.564290832221815e-14 3.785686263981353e-12 26118
11.75 1.178939698399118e-14 3.009334551218423e-12 27506
12 8.81152014839284e-15 2.368524772627018e-12 28631
12.25 6.080346182769047e-15 1.790141462830612e-12 28596
12.5 3.973509484075099e-15 1.313349810345509e-12 27848
12.75 2.509047255764893e-15 9.415277243139246e-13 26544
13 1.668046919961615e-15 7.057494909934704e-13 26456
13.25 1.073071386825686e-15 5.026343648127509e-13 25284
13.5 7.170164906989751e-16 3.594832207545739e-13 24260
13.75 4.825722777778836e-16 2.598827159600094e-13 23312
14 3.226288991886114e-16 1.878280939642949e-13 22368
14.25 2.193662141226163e-16 1.374280085190498e-13 21872
14.5 1.41931012649909e-16 9.511862818748454e-14 20400
14.75 9.240064196263671e-17 6.610532758379594e-14 19040
15 6.014910054725607e-17 4.665268376240422e-14 18252
15.25 3.784295554875603e-17 3.128479231894514e-14 16760
15.5 2.535472013985748e-17 2.122965516285567e-14 15776
15.75 1.510739548726162e-17 1.341215802946905e-14 13704
16 1.033937962466548e-17 9.327217338593768e-15 13112
16.25 6.359978349774442e-18 5.952890584848174e-15 11652
16.5 3.84320266210683e-18 3.619806513313459e-15 9776
16.75 2.418941399238594e-18 2.284315453239002e-15 8448
17 1.295990203397189e-18 1.338467538589033e-15 7013
17.25 6.850834728815515e-19 7.485486254987958e-16 5546
17.5 4.087397651354922e-19 4.544090450785976e-16 4722
17.75 2.300290888459688e-19 2.593484839255384e-16 3782
18 1.369688028636886e-19 1.542896987090665e-16 3174
18.25 8.258832984033415e-20 8.839630920800425e-17 2582
18.5 4.642078940224513e-20 4.702028052148018e-17 1928
18.75 2.919802231660887e-20 2.746871468142682e-17 1662
19 1.679252255374665e-20 1.374016067078294e-17 1256
19.25 9.397207240249353e-21 6.299760362236196e-18 864
19.5 4.127356896654773e-21 2.351765644506276e-18 428
19.75 3.734410790373549e-21 1.65639588131627e-18 456
20 1.750339337259305e-21 6.000887874398691e-19 248
20.25 6.486138602435385e-22 1.822970417350205e-19 104
20.5 1.058785575042511e-22 2.490797186513845e-20 18
20.75 4.296958411065857e-23 8.395334939347738e-21 7

0.25 2.606563964812217e-09 1.550559201684493e-09 18
0.5 9.358212145301076e-09 8.687381690360733e-09 62
0.75 2.433158865909251e-08 1.080501335454157e-08 98
1 4.682458166872067e-08 3.344580218514039e-08 210
1.25 4.606604438662367e-08 6.000507045631646e-08 350
1.5 4.600073138816726e-08 8.29221391286729e-08 450
1.75 6.158361468074593e-08 1.74501585788152e-07 602
2 1.059195852589978e-07 4.257930153334513e-07 762
2.25 2.198720332511728e-07 1.453976960339188e-06 1142
2.5 6.144010018314792e-07 1.69394081534748e-06 1250
2.75 3.018972061253486e-07 2.804145627432812e-06 1458
3 5.30336942870575e-08 7.937232198198089e-07 1814
3.25 1.620385520014032e-08 3.200420679969719e-07 2178
3.5 7.315213759252588e-09 1.536385272924355e-07 2498
3.75 2.974603815723496e-09 8.195567951849749e-08 2622
4 1.647759298244023e-09 6.111522801523829e-08 3338
4.25 1.230221650116206e-09 4.199721957718194e-08 3722
4.5 1.628127517447858e-09 3.159414171259112e-08 4170
4.75 1.857874206775042e-09 2.231986294237216e-08 4358
5 8.142469659313027e-10 3.906128116670938e-08 5034
5.25 3.148998353747099e-10 2.929737416416438e-08 5714
5.5 2.168876935789817e-10 1.824920532883985e-08 5982
5.75 2.67781038349494e-10 1.299005666257519e-08 6602
6 2.846234247315861e-10 9.846883602508074e-09 7130
6.25 2.981190529561957e-10 8.71133273044331e-09 8034
6.5 3.202489660962691e-10 7.498310656066108e-09 8606
6.75 3.204670072656555e-10 6.755762285139392e-09 9066
7 2.946481477390303e-10 7.935779300374478e-09 9962
7.25 2.159265510742989e-10 9.440092847379141e-09 10550
7.5 1.583475123458557e-10 1.009087104286087e-08 11226
7.75 1.202162000863809e-10 1.050152232155548e-08 12146
8 9.993987790055592e-11 9.414306351083085e-09 12606
8.25 9.825474023022054e-11 8.375550278868545e-09 13802
8.5 9.992184632308664e-11 7.141875799658849e-09 14754
8.75 9.705769020267782e-11 5.827042588826185e-09 15194
9 1.009840231414373e-10 4.989520440053197e-09 16454
9.25 9.566871594486285e-11 4.283770661971918e-09 17154
9.5 9.296343405694609e-11 3.875144496923961e-09 18266
9.75 8.055530812924975e-11 3.477384631887678e-09 18750
10 7.245612840753364e-11 3.484532240950425e-09 20234
10.25 6.199170610152206e-11 3.537757439170546e-09 21450
10.5 5.044997769310476e-11 3.375497590887516e-09 21962
10.75 4.196624287317113e-11 3.41636908730072e-09 23462
11 3.378811681216311e-11 3.225668400241513e-09 24042
11.25 2.952330382056132e-11 3.225790482082087e-09 25946
11.5 2.473274075890822e-11 2.845596507674409e-09 26118
11.75 2.266944909598012e-11 2.658239457275711e-09 27506
12 2.077553530237857e-11 2.399365211220971e-09 28631
12.25 1.876213734320588e-11 2.073845645150813e-09 28596
12.5 1.647210964512647e-11 1.682820823391537e-09 27848
12.75 1.461675971873295e-11 1.293149947346811e-09 26544
13 1.338768929471373e-11 1.057730777743252e-09 26456
13.25 1.148672499549049e-11 8.201817003646548e-10 25284
13.5 9.69563707700212e-12 6.704556868697991e-10 24260
13.75 7.962607871755293e-12 5.522137275526325e-10 23312
14 6.413660154841276e-12 4.898120690281405e-10 22368
14.25 5.061812337847468e-12 4.444351930251987e-10 21872
14.5 3.74494217200409e-12 4.002488758206165e-10 20400
14.75 2.721077962778106e-12 3.473803370091027e-10 19040
15 2.057944119370384e-12 3.17583131143894e-10 18252
15.25 1.49198741934042e-12 2.671628756665221e-10 16760
15.5 1.219213857162467e-12 2.211388243312399e-10 15776
15.75 8.856522215583002e-13 1.695837651558506e-10 13704
16 7.979098234703988e-13 1.380377162735162e-10 13112
16.25 6.625342257513777e-13 1.017374445535736e-10 11652
16.5 5.269064590436683e-13 6.926530780732235e-11 9776
16.75 4.412358019727334e-13 4.798703678163515e-11 8448
17 3.326030982759493e-13 3.005077499992174e-11 7013
17.25 2.456068743583489e-13 1.800515033838468e-11 5546
17.5 1.832673473279797e-13 1.256765913909692e-11 4722
17.75 1.29035413393904e-13 8.501620109398859e-12 3782
18 8.675984835295273e-14 7.154799413598133e-12 3174
18.25 6.192410467025624e-14 5.64398783075286e-12 2582
18.5 3.44187091694149e-14 4.145887830757454e-12 1928
18.75 2.485401977876066e-14 3.739966090645398e-12 1662
19 1.389304088973401e-14 2.596998305593295e-12 1256
19.25 7.445211565152295e-15 1.925286247451269e-12 864
19.5 3.545212926672186e-15 8.175362097385065e-13 428
19.75 3.037735788800501e-15 9.579223766413628e-13 456
20 1.388275435500561e-15 4.368406037939044e-13 248
20.25 5.384807953854394e-16 2.032841240434818e-13 104
20.5 9.190068910296686e-17 3.028862314944302e-14 18
20.75 3.927812726816658e-17 1.43903847588254e-14 7

0.25 4.927231853643659e-10 6.277316273728224e-09 18
0.5 2.687837393359882e-09 2.2673321546065e-08 62
0.75 3.798839580924383e-09 4.697591466741169e-08 98
1 7.429930499608321e-09 1.345862655400911e-07 210
1.25 9.460887274043291e-09 1.040447300933543e-07 350
1.5 1.230109925992381e-08 9.062340810883659e-08 450
1.75 2.30081936961996e-08 1.198537208023043e-07 602
2 8.675337368109464e-08 3.717710337352312e-07 762
2.25 2.207993605544746e-07 1.583416414379082e-06 1142
2.5 3.811198445999235e-07 4.605292438966151e-06 1250
2.75 7.640088529021176e-07 1.123237942803926e-06 1458
3 1.512588734803395e-07 7.199563231108668e-07 1814
3.25 4.155787277402922e-08 4.030632519615714e-07 2178
3.5 1.598706898102447e-08 1.960051278246004e-07 2498
3.75 9.681117671858219e-09 8.455322838583904e-08 2622
4 8.142545497848061e-09 7.063497206696296e-08 3338
4.25 5.754872035202788e-09 8.588737717644899e-08 3722
4.5 6.379040064436468e-09 9.89613281254665e-08 4170
4.75 8.343798684499751e-09 8.668941474499672e-08 4358
5 7.8688674317472e-09 8.275178910160103e-08 5034
5.25 3.782881542490512e-09 1.088366743647947e-07 5714
5.5 2.267860857568222e-09 8.82549485857062e-08 5982
5.75 2.611373732936847e-09 5.34960689320503e-08 6602
6 2.062309163135868e-09 4.602929925609936e-08 7130
6.25 1.244146700012744e-09 5.886306601136339e-08 8034
6.5 9.871699491286318e-10 5.586705486107329e-08 8606
6.75 1.214128062445888e-09 4.754603733488158e-08 9066
7 1.664003178019513e-09 4.28033588948869e-08 9962
7.25 1.519866793622401e-09 4.955421054359439e-08 10550
7.5 1.110731630520595e-09 5.929373713789675e-08 11226
7.75 8.960305997940966e-10 6.072891480270652e-08 12146
8 8.664544961843031e-10 5.487907713620909e-08 12606
8.25 8.921002661248322e-10 5.275188467020393e-08 13802
8.5 7.691092363893109e-10 5.593270583492013e-08 14754
8.75 5.772322044824658e-10 5.410581045558305e-08 15194
9 4.946431221069114e-10 5.204400143190476e-08 16454
9.25 4.558422227010872e-10 4.813720956769083e-08 17154
9.5 4.443575069709357e-10 4.833509217034621e-08 18266
9.75 3.774830662314381e-10 4.671145225804779e-08 18750
10 3.321467249913434e-10 4.600207789995365e-08 20234
10.25 2.901252438444722e-10 4.279424535747965e-08 21450
10.5 2.550944991417341e-10 3.786305105466852e-08 21962
10.75 2.516652803208089e-10 3.415336067900517e-08 23462
11 2.41853233390593e-10 3.003611801149837e-08 24042
11.25 2.489825113281075e-10 2.762164308616695e-08 25946
11.5 2.35088797224911e-10 2.353585207813215e-08 26118
11.75 2.330148655127631e-10 2.077901740480001e-08 27506
12 2.345239704349721e-10 1.797129753560432e-08 28631
12.25 2.264472275776208e-10 1.496649780423529e-08 28596
12.5 2.14505698108823e-10 1.211141354522367e-08 27848
12.75 2.005251533561233e-10 9.578852197720616e-09 26544
13 1.906492537794225e-10 8.043007899257591e-09 26456
13.25 1.707325460665236e-10 6.730043719568094e-09 25284
13.5 1.514867268390958e-10 5.927014124628959e-09 24260
13.75 1.295789388827409e-10 5.412847706684445e-09 23312
14 1.111253707089062e-10 5.154146944478839e-09 22368
14.25 9.619976744854946e-11 5.096642364351145e-09 21872
14.5 8.181535774166131e-11 4.986847248019232e-09 20400
14.75 6.683202111969848e-11 4.831469477477479e-09 19040
15 5.567482742808847e-11 4.831293937785462e-09 18252
15.25 4.353087425337826e-11 4.615257974669403e-09 16760
15.5 3.538919611849406e-11 4.368493230899166e-09 15776
15.75 2.593884419784416e-11 3.919654901353543e-09 13704
16 2.068605575675535e-11 3.714703665525022e-09 13112
16.25 1.526290952050648e-11 3.239753821431602e-09 11652
16.5 1.047697560221597e-11 2.650360407363914e-09 9776
16.75 7.60896675685465e-12 2.226885006190227e-09 8448
17 4.915690759617888e-12 1.78129238763558e-09 7013
17.25 3.287600302472823e-12 1.312772302426195e-09 5546
17.5 2.272929474886677e-12 1.067107117260251e-09 4722
17.75 1.466951853351686e-12 8.299222062847109e-10 3782
18 9.91917108272874e-13 6.52698702742177e-10 3174
18.25 6.874278356946402e-13 5.080712239515985e-10 2582
18.5 3.996041511551653e-13 3.681798701881722e-10 1928
18.75 3.040918422338418e-13 3.050737199750007e-10 1662
19 1.780814629626749e-13 2.257191792127814e-10 1256
19.25 9.686309216282989e-14 1.524923783786006e-10 864
19.5 5.054261795171596e-14 7.163146440135417e-11 428
19.75 4.441440227325619e-14 8.202652002253767e-11 456
20 2.116392375520998e-14 4.216315558826981e-11 248
20.25 8.996959182623205e-15 1.584242318404343e-11 104
20.5 2.045285974709188e-15 4.165145938948245e-12 18
20.75 5.522201159116367e-16 7.597284401306098e-13 7

0.25 2.144992964160081e-08 4.527794954894509e-09 18
0.5 9.752150150335344e-08 1.727829005803316e-08 62
0.75 2.387316478677384e-07 5.118579486451526e-08 98
1 4.167691267883692e-07 2.09187477369625e-07 210
1.25 3.617512077815863e-07 3.326050410252616e-07 350
1.5 3.218666781561751e-07 3.011193824138748e-07 450
1.75 2.662734458435891e-07 4.139231189208447e-07 602
2 3.38354564893065e-07 7.538722365719016e-07 762
2.25 6.624723116587648e-07 1.982141813246077e-06 1142
2.5 8.272052269586455e-07 4.307413159830277e-06 1250
2.75 2.441012315819568e-07 7.467140195979668e-06 1458
3 1.177321597546204e-07 1.543202396708917e-06 1814
3.25 5.832099820666743e-08 7.379276745766344e-07 2178
3.5 2.522961258201513e-08 4.555526327333385e-07 2498
3.75 1.958233217451078e-08 2.078705714384079e-07 2622
4 1.455170297087051e-08 2.586239630036963e-07 3338
4.25 1.66669037108904e-08 2.45056744077051e-07 3722
4.5 2.060385478042287e-08 2.561562764487862e-07 4170
4.75 1.278533570609547e-08 4.330666779685458e-07 4358
5 1.098747315935951e-08 3.281621236130526e-07 5034
5.25 9.002725722253484e-09 2.422094256683105e-07 5714
5.5 6.901911059267389e-09 2.202538795408276e-07 5982
5.75 6.159579698584386e-09 2.176937693894996e-07 6602
6 5.597780840349234e-09 1.720452673307355e-07 7130
6.25 5.409755640246451e-09 1.709138912804475e-07 8034
6.5 5.338720388477772e-09 1.597480793193763e-07 8606
6.75 5.3481528415417e-09 1.503061378212832e-07 9066
7 4.351174803897104e-09 1.81535664317032e-07 9962
7.25 3.894279110790687e-09 1.76422294038344e-07 10550
7.5 3.965466890532381e-09 1.596136145856701e-07 11226
7.75 4.005981906569552e-09 1.68933283245866e-07 12146
8 3.572225532155001e-09 1.720812195306734e-07 12606
8.25 3.413181536075655e-09 1.884520052695279e-07 13802
8.5 3.286099775210627e-09 2.007116477016044e-07 14754
8.75 3.001245002798964e-09 1.900154896248867e-07 15194
9 2.988866303819124e-09 1.875599015065409e-07 16454
9.25 2.725967689507253e-09 1.753249280293714e-07 17154
9.5 2.625311016671104e-09 1.699407483196745e-07 18266
9.75 2.396179606514365e-09 1.610955122608183e-07 18750
10 2.332599746688066e-09 1.624942306092562e-07 20234
10.25 2.144773599671524e-09 1.649108600517241e-07 21450
10.5 1.960208479382278e-09 1.579121719216407e-07 21962
10.75 1.903879118870451e-09 1.580051912069236e-07 23462
11 1.772340776812818e-09 1.505033882565428e-07 24042
11.25 1.723672045720181e-09 1.493620285363344e-07 25946
11.5 1.622285462094635e-09 1.333569265633328e-07 26118
11.75 1.576206309095425e-09 1.265446844851228e-07 27506
12 1.463500366307147e-09 1.233954079206866e-07 28631
12.25 1.34993739354838e-09 1.16658264091718e-07 28596
12.5 1.219004233799857e-09 1.058197986776739e-07 27848
12.75 1.041445296059908e-09 9.742220441503752e-08 26544
13 9.33246325461497e-10 9.333454980270166e-08 26456
13.25 8.006789729892665e-10 8.482434145855543e-08 25284
13.5 6.827958357777057e-10 7.949358974851269e-08 24260
13.75 6.072540049328544e-10 7.352585524487844e-08 23312
14 5.548487454784242e-10 7.053147303939221e-08 22368
14.25 5.226807294183949e-10 6.439213851220184e-08 21872
14.5 4.874953232081307e-10 5.80133748933138e-08 20400
14.75 4.594163169716278e-10 5.041008941911829e-08 19040
15 4.347774602325818e-10 4.808861293994354e-08 18252
15.25 3.951046906470679e-10 4.269678409617474e-08 16760
15.5 3.692213532180296e-10 3.905392939927319e-08 15776
15.75 3.138223265098403e-10 3.559302943166197e-08 13704
16 2.859652326385211e-10 3.580075393868246e-08 13112
16.25 2.444675413967221e-10 3.460274167320808e-08 11652
16.5 1.916131524534906e-10 3.086995397462266e-08 9776
16.75 1.563209059970644e-10 2.949777061083888e-08 8448
17 1.201308180391065e-10 2.574924217415488e-08 7013
17.25 9.711539082878031e-11 2.152786030321984e-08 5546
17.5 8.654344447019057e-11 1.824799897579153e-08 4722
17.75 7.47870268148359e-11 1.457237706862996e-08 3782
18 6.427747545638919e-11 1.230230178994536e-08 3174
18.25 5.321454592541399e-11 1.019682587586391e-08 2582
18.5 4.003423718341271e-11 8.025909242035713e-09 1928
18.75 3.276342611407129e-11 7.291279679975921e-09 1662
19 2.552825175479327e-11 5.804664915665709e-09 1256
19.25 1.659717662298971e-11 3.822836793991505e-09 864
19.5 7.948796819272156e-12 2.006114215748474e-09 428
19.75 8.372973966314613e-12 2.056508301867783e-09 456
20 4.54043576089122e-12 1.264423384331975e-09 248
20.25 1.680523748070801e-12 5.626534592757728e-10 104
20.5 3.408735694260415e-13 1.032155841004104e-10 18
20.75 9.858140889798672e-14 1.912421427092048e-11 7

0.25 6.371181549350219e-09 1.764844860572674e-08 18
0.5 1.071714950771382e-08 7.716807735879418e-08 62
0.75 2.329817735984747e-08 1.544995675909068e-07 98
1 4.489074784006145e-08 3.909163513149297e-07 210
1.25 4.203832464756418e-08 3.481642471528573e-07 350
1.5 6.399283572366517e-08 1.861495558945803e-07 450
1.75 1.098749394403854e-07 2.535831886811025e-07 602
2 2.191831108657945e-07 7.948371235962272e-07 762
2.25 4.636292969202786e-07 3.002947990723164e-06 1142
2.5 1.042881987666672e-06 3.970322874379926e-06 1250
2.75 9.029842384798631e-07 4.232461746385683e-06 1458
3 2.139164063817697e-07 2.105555291377498e-06 1814
3.25 9.152034883030826e-08 1.207477892111554e-06 2178
3.5 5.071181889543537e-08 7.057397556908349e-07 2498
3.75 3.741634572268734e-08 4.016419598610657e-07 2622
4 2.52813374953876e-08 4.067932554379899e-07 3338
4.25 2.533134190135896e-08 4.536445826758842e-07 3722
4.5 2.876368346556794e-08 5.227922443841505e-07 4170
4.75 3.078046151156438e-08 4.936856682552746e-07 4358
5 2.243800463361033e-08 5.336173324763963e-07 5034
5.25 1.695190802702017e-08 4.900208479772877e-07 5714
5.5 1.347955975194926e-08 4.060263484748216e-07 5982
5.75 1.221784604169862e-08 3.810328973509035e-07 6602
6 9.856592434670127e-09 3.686822918828157e-07 7130
6.25 9.134723294726144e-09 3.422420958069363e-07 8034
6.5 8.407732825476575e-09 3.019264654368811e-07 8606
6.75 7.686342468568849e-09 3.087271382651191e-07 9066
7 7.353591248422863e-09 3.17914469516383e-07 9962
7.25 6.678107658953622e-09 3.34180491268006e-07 10550
7.5 6.39251404103497e-09 3.393003114521822e-07 11226
7.75 6.501638476318549e-09 3.293436919940074e-07 12146
8 5.941804257353484e-09 3.278449804942327e-07 12606
8.25 5.92586125015482e-09 3.457055316376897e-07 13802
8.5 5.967095092441508e-09 3.520844223612073e-07 14754
8.75 5.139292525062337e-09 3.235972047624991e-07 15194
9 4.872693981563165e-09 3.200371638354793e-07 16454
9.25 4.541876910257585e-09 3.004846285534095e-07 17154
9.5 4.253010194919848e-09 2.90627238331142e-07 18266
9.75 4.027731736758489e-09 2.832182323319761e-07 18750
10 3.771040086558135e-09 2.889167721605291e-07 20234
10.25 3.516442553327837e-09 2.850547984219423e-07 21450
10.5 3.081012367086155e-09 2.601131064885431e-07 21962
10.75 3.026834692498858e-09 2.543835420059985e-07 23462
11 2.698113761224078e-09 2.449345374396328e-07 24042
11.25 2.626607514558726e-09 2.438162952561174e-07 25946
11.5 2.391956592260511e-09 2.207458147918947e-07 26118
11.75 2.218143039992312e-09 2.099111556847405e-07 27506
12 2.088525342195773e-09 2.047046303292428e-07 28631
12.25 1.936912943636162e-09 1.924343175497528e-07 28596
12.5 1.711115147415605e-09 1.756970837253865e-07 27848
12.75 1.498614616196405e-09 1.602220195159781e-07 26544
13 1.348083777776046e-09 1.440805181017604e-07 26456
13.25 1.160898334165798e-09 1.30017055962082e-07 25284
13.5 1.028037312877757e-09 1.125170458736717e-07 24260
13.75 9.44312337538323e-10 9.973987592306719e-08 23312
14 8.298740375027701e-10 9.273550254929574e-08 22368
14.25 7.455397094556009e-10 8.635322071586199e-08 21872
14.5 6.579222390637499e-10 7.765691943342806e-08 20400
14.75 5.785746847760567e-10 6.946981972227829e-08 19040
15 5.39200954972036e-10 6.565509722410898e-08 18252
15.25 4.780266612519636e-10 5.847231909144614e-08 16760
15.5 4.382787990930176e-10 5.354132944367771e-08 15776
15.75 3.63189775034164e-10 4.606074357866126e-08 13704
16 3.413663900789034e-10 4.153612588374329e-08 13112
16.25 2.923512861480235e-10 3.773581490232036e-08 11652
16.5 2.251292509341962e-10 3.180481314370343e-08 9776
16.75 1.975491386639773e-10 2.666804259816638e-08 8448
17 1.541645737701003e-10 2.083680998871145e-08 7013
17.25 1.185889391263791e-10 1.729006986466461e-08 5546
17.5 1.058948590219423e-10 1.406324885264369e-08 4722
17.75 8.237159045149081e-11 1.244117882007504e-08 3782
18 7.311874626401359e-11 1.133555810295108e-08 3174
18.25 6.075240474192943e-11 1.076465566347924e-08 2582
18.5 4.849434776043238e-11 9.248166513773214e-09 1928
18.75 4.070268136315003e-11 9.790414738464415e-09 1662
19 3.284859950738147e-11 8.880785446589861e-09 1256
19.25 2.231688813398006e-11 6.321067696367651e-09 864
19.5 1.171729590865297e-11 3.179532154541624e-09 428
19.75 1.402560869464188e-11 3.582324289659353e-09 456
20 8.581807577536968e-12 2.120221517118873e-09 248
20.25 4.292824102352784e-12 8.935996592609851e-10 104
20.5 1.020055078135504e-12 1.21056891796923e-10 18
20.75 2.694671390269303e-13 3.377625757371114e-11 7

0.25 6.25846861118459e-08 1.5658836707243e-08 18
0.5 3.741113990445701e-07 9.323901010408177e-08 62
0.75 6.668044860945635e-07 1.207028768380212e-07 98
1 1.329138574500787e-06 2.907900747400727e-07 210
1.25 1.01310208523593e-06 4.839638325851114e-07 350
1.5 9.000220498891292e-07 3.576266631775452e-07 450
1.75 6.857697179248828e-07 5.326325348831284e-07 602
2 8.069180304652709e-07 1.285732371740622e-06 762
2.25 1.023508025827495e-06 4.406270426051881e-06 1142
2.5 7.224276040010536e-07 1.033455599053221e-05 1250
2.75 5.502576183835892e-07 8.000691551450167e-06 1458
3 2.566975642952062e-07 2.795359572794792e-06 1814
3.25 1.592329938253747e-07 1.589779499175895e-06 2178
3.5 1.008155717896633e-07 1.037057117395281e-06 2498
3.75 7.290054353302493e-08 7.557972636803006e-07 2622
4 5.771569680067562e-08 8.639530399123459e-07 3338
4.25 5.214113447190551e-08 9.392102863460458e-07 3722
4.5 5.159810514222548e-08 1.104485504954132e-06 4170
4.75 4.373615278897346e-08 1.066003562893405e-06 4358
5 4.486118041609062e-08 9.12181858758467e-07 5034
5.25 3.708786530851945e-08 8.250459192066904e-07 5714
5.5 3.036962654328951e-08 7.563811234225337e-07 5982
5.75 2.752482723025959e-08 7.352630659825404e-07 6602
6 2.360892596074306e-08 7.028599991665249e-07 7130
6.25 2.19663017144304e-08 7.081293431448525e-07 8034
6.5 1.969190007254462e-08 7.059263940462436e-07 8606
6.75 1.779246045942356e-08 6.956331801225238e-07 9066
7 1.789874314242994e-08 6.750180080254838e-07 9962
7.25 1.733799407769521e-08 6.830861160085259e-07 10550
7.5 1.600127842405909e-08 6.980360367873845e-07 11226
7.75 1.513012147474464e-08 7.192533339760756e-07 12146
8 1.366222861361957e-08 7.009629269938496e-07 12606
8.25 1.35992888320464e-08 7.286976829846248e-07 13802
8.5 1.301588367898308e-08 7.200627815490873e-07 14754
8.75 1.148692096747442e-08 6.888755625498717e-07 15194
9 1.077378486346126e-08 6.851770303711273e-07 16454
9.25 9.751344816450925e-09 6.460419428286961e-07 17154
9.5 9.424037858641344e-09 6.152747629344167e-07 18266
9.75 8.668020379046519e-09 5.798197291460969e-07 18750
10 8.022846853557806e-09 5.836648353836524e-07 20234
10.25 7.634905561451266e-09 5.55505563499085e-07 21450
10.5 6.571487238046695e-09 5.106201340879137e-07 21962
10.75 6.317787651722202e-09 4.925281538419845e-07 23462
11 5.615029521890287e-09 4.579823955900039e-07 24042
11.25 5.419514451504952e-09 4.592355501501956e-07 25946
11.5 4.75677579102455e-09 4.075687536964983e-07 26118
11.75 4.503224143181127e-09 3.90286013276718e-07 27506
12 4.196251054327767e-09 3.719503552415196e-07 28631
12.25 3.737599791275266e-09 3.437956915190664e-07 28596
12.5 3.25556116063708e-09 3.083317419484808e-07 27848
12.75 2.752218388408853e-09 2.769206967818686e-07 26544
13 2.443306619180931e-09 2.495328119122101e-07 26456
13.25 2.086857634138452e-09 2.188412291346611e-07 25284
13.5 1.779993271069294e-09 1.984373648202626e-07 24260
13.75 1.537999970807651e-09 1.758253840424304e-07 23312
14 1.329034298165394e-09 1.579328669102267e-07 22368
14.25 1.207972029309864e-09 1.436402836892183e-07 21872
14.5 1.034825294724943e-09 1.257968015925319e-07 20400
14.75 9.062497323337054e-10 1.100505880981442e-07 19040
15 8.134714897627966e-10 1.015214668180926e-07 18252
15.25 7.178334089087956e-10 9.214070598015677e-08 16760
15.5 6.331647230847514e-10 8.30302392092041e-08 15776
15.75 5.273341858529193e-10 6.849947354633603e-08 13704
16 4.685618790921421e-10 6.425559595116459e-08 13112
16.25 4.078121649957063e-10 5.749954598949832e-08 11652
16.5 3.303492752289593e-10 4.542312132591081e-08 9776
16.75 2.764949310204872e-10 3.881418860914454e-08 8448
17 2.08146964462134e-10 3.010824547697702e-08 7013
17.25 1.608250410397445e-10 2.377311775256973e-08 5546
17.5 1.288827684672716e-10 2.109395326203287e-08 4722
17.75 1.085468614419338e-10 1.635661889505822e-08 3782
18 9.449571270528157e-11 1.425755909454432e-08 3174
18.25 8.289170210709594e-11 1.222858765540221e-08 2582
18.5 6.278369476775969e-11 9.980081204057073e-09 1928
18.75 5.456644344575828e-11 1.022646548929974e-08 1662
19 3.753138365612478e-11 1.027521473785657e-08 1256
19.25 2.83094367694687e-11 7.812813113217172e-09 864
19.5 1.72250975250333e-11 3.359296415456717e-09 428
19.75 2.249396071490435e-11 3.716318482914419e-09 456
20 1.559513209788761e-11 1.988689273129233e-09 248
20.25 8.881861357669904e-12 6.428601675604453e-10 104
20.5 2.28227462837518e-12 1.403533615066775e-10 18
20.75 3.681018502148743e-13 5.148214712126977e-11 7

0.25 1.140650484831356e-08 2.288064872188701e-08 18
0.5 6.239676302711366e-08 2.342590602869994e-07 62
0.75 6.600418235434625e-08 3.37825051356065e-07 98
1 8.123057113762337e-08 7.632597876385302e-07 210
1.25 9.122402743646397e-08 5.855624628565824e-07 350
1.5 1.177217200315168e-07 3.981028240678172e-07 450
1.75 1.807429881477725e-07 4.703963887931911e-07 602
2 3.513550659840685e-07 1.759319707996464e-06 762
2.25 8.777346138218576e-07 5.293715532361111e-06 1142
2.5 1.730089506794375e-06 4.350279759833673e-06 1250
2.75 8.55728467776754e-07 8.448968568304171e-06 1458
3 3.342847756533469e-07 3.715618998036702e-06 1814
3.25 1.939002064685858e-07 2.480914130424672e-06 2178
3.5 1.336148789549185e-07 1.542361653076343e-06 2498
3.75 8.573039583978354e-08 1.200546230907661e-06 2622
4 7.078097784143442e-08 1.274586173054047e-06 3338
4.25 7.010288040112296e-08 1.279070503157554e-06 3722
4.5 7.184670556442771e-08 1.350975917866616e-06 4170
4.75 6.476520102005188e-08 1.334792919058475e-06 4358
5 5.370929067642818e-08 1.467019532521184e-06 5034
5.25 4.877120284931079e-08 1.319489429729974e-06 5714
5.5 4.028019471480818e-08 1.167716028297029e-06 5982
5.75 3.508489314634212e-08 1.14944666931696e-06 6602
6 3.188034151495984e-08 1.110593018760922e-06 7130
6.25 3.067111899960388e-08 1.098029457712684e-06 8034
6.5 2.806273488854085e-08 1.087695001240112e-06 8606
6.75 2.694288826350502e-08 1.067482542073414e-06 9066
7 2.529646110138832e-08 1.09270493628643e-06 9962
7.25 2.416463772686899e-08 1.11359987185218e-06 10550
7.5 2.300633351396165e-08 1.130165955344984e-06 11226
7.75 2.157076638168532e-08 1.103805684553334e-06 12146
8 2.033252194001876e-08 1.05154889542436e-06 12606
8.25 2.00009253181947e-08 1.123940662896837e-06 13802
8.5 1.846077966489047e-08 1.115337493622609e-06 14754
8.75 1.688541632698268e-08 1.045665412883231e-06 15194
9 1.670368798178088e-08 1.036761177544471e-06 16454
9.25 1.510754850165471e-08 9.811306579024943e-07 17154
9.5 1.380008332625393e-08 9.453441547134905e-07 18266
9.75 1.218030645190968e-08 8.86031270090285e-07 18750
10 1.189968878904921e-08 8.516911433687604e-07 20234
10.25 1.104144905859381e-08 8.229943745829316e-07 21450
10.5 9.455028421474244e-09 7.433020630782077e-07 21962
10.75 8.957436611958437e-09 7.226986872365001e-07 23462
11 7.961346718593092e-09 6.663953821584581e-07 24042
11.25 7.725282011225157e-09 6.610782137240322e-07 25946
11.5 6.783632280853534e-09 5.830359802547891e-07 26118
11.75 6.300510647278667e-09 5.608684714756315e-07 27506
12 5.845495568249071e-09 5.241276188893148e-07 28631
12.25 5.172740480444776e-09 4.77162164129811e-07 28596
12.5 4.330771275657052e-09 4.273276441952168e-07 27848
12.75 3.713826674624004e-09 3.71050843371322e-07 26544
13 3.241569450969621e-09 3.328492091599325e-07 26456
13.25 2.73290249110651e-09 2.903955410245308e-07 25284
13.5 2.325532013546301e-09 2.547719258595017e-07 24260
13.75 2.00295364078257e-09 2.256947589149648e-07 23312
14 1.683868803351374e-09 2.013560552999359e-07 22368
14.25 1.517571419971318e-09 1.79697261899605e-07 21872
14.5 1.283943393952596e-09 1.561868587927796e-07 20400
14.75 1.107425757178474e-09 1.361106382966002e-07 19040
15 9.824761091237669e-10 1.233599004518987e-07 18252
15.25 8.551647913211891e-10 1.097979692875108e-07 16760
15.5 7.563447390795799e-10 9.742457222352672e-08 15776
15.75 5.974573289416029e-10 8.135132903907924e-08 13704
16 5.508531082298085e-10 7.568782440055441e-08 13112
16.25 4.801399608231183e-10 6.518594193085376e-08 11652
16.5 3.728915396668657e-10 5.225692781691753e-08 9776
16.75 2.968735565033993e-10 4.559591954635953e-08 8448
17 2.254936474031628e-10 3.418289675172913e-08 7013
17.25 1.749121880018133e-10 2.554513612018383e-08 5546
17.5 1.347840171884769e-10 2.339730579687993e-08 4722
17.75 1.166781769669875e-10 1.758553865193647e-08 3782
18 9.580901343968051e-11 1.504674738945079e-08 3174
18.25 8.354218204682891e-11 1.283693172314894e-08 2582
18.5 6.622215018468554e-11 9.541991581317798e-09 1928
18.75 6.0393771049947e-11 8.672755976481127e-09 1662
19 4.166393306687904e-11 8.937469165420383e-09 1256
19.25 3.269852012569776e-11 6.593210785340918e-09 864
19.5 1.899933016125708e-11 2.988456233420749e-09 428
19.75 2.536090825538069e-11 3.486767355025132e-09 456
20 1.675440091246966e-11 1.95048957880903e-09 248
20.25 8.316016348325941e-12 8.374525040626604e-10 104
20.5 1.877479642427851e-12 2.868474540268307e-10 18
20.75 3.072835124364502e-13 7.028610846289724e-11 7

0.25 6.791248138580894e-08 4.265827544154257e-08 18
0.5 8.360952096208708e-07 2.699350638640224e-07 62
0.75 1.364181075308787e-06 2.532306020045185e-07 98
1 2.183888549055522e-06 4.009156613639935e-07 210
1.25 1.567746778076081e-06 5.336483817152516e-07 350
1.5 9.619974833855395e-07 3.668899002279683e-07 450
1.75 7.554971763373799e-07 7.209334323721724e-07 602
2 8.477850799103097e-07 2.168015502424086e-06 762
2.25 1.182818924065085e-06 6.219651212152409e-06 1142
2.5 7.625909287747746e-07 1.29545341998183e-05 1250
2.75 8.194626762116798e-07 7.541629660917489e-06 1458
3 3.880804726683269e-07 3.72186617938399e-06 1814
3.25 2.657325287808426e-07 2.724421901536717e-06 2178
3.5 1.84817081092856e-07 2.042303878960649e-06 2498
3.75 1.257744100338759e-07 1.669460924513004e-06 2622
4 1.217524536898897e-07 1.877694832135417e-06 3338
4.25 1.132903382427868e-07 1.894420003486454e-06 3722
4.5 1.009149474055635e-07 2.07591145840006e-06 4170
4.75 8.877738865634617e-08 1.97154445419367e-06 4358
5 8.843786920249914e-08 2.016933286358274e-06 5034
5.25 7.712977825302133e-08 1.913861150069563e-06 5714
5.5 6.666065690338864e-08 1.842039282315213e-06 5982
5.75 6.097918889593287e-08 1.812495013379833e-06 6602
6 5.549091262656682e-08 1.752556799790402e-06 7130
6.25 5.298951020270121e-08 1.767110879097987e-06 8034
6.5 4.73901303057592e-08 1.786493074701647e-06 8606
6.75 4.441561015941009e-08 1.771558732981716e-06 9066
7 4.396870299243116e-08 1.802405126476051e-06 9962
7.25 4.158789374393988e-08 1.849316596714971e-06 10550
7.5 3.819821851950045e-08 1.855726897928423e-06 11226
7.75 3.600908414579841e-08 1.812213468169646e-06 12146
8 3.286972122444689e-08 1.712933617749606e-06 12606
8.25 3.323586599196049e-08 1.788416004054619e-06 13802
8.5 3.092828966121709e-08 1.73847039444441e-06 14754
8.75 2.721138455169259e-08 1.659992024702185e-06 15194
9 2.666648363712223e-08 1.618840752647221e-06 16454
9.25 2.373285704993164e-08 1.544000333340706e-06 17154
9.5 2.203468474009745e-08 1.464223668225377e-06 18266
9.75 1.962758681660712e-08 1.331527039866706e-06 18750
10 1.82216242413805e-08 1.297062033634729e-06 20234
10.25 1.674394975872688e-08 1.233411783925209e-06 21450
10.5 1.417576257184966e-08 1.108571789528109e-06 21962
10.75 1.33935635132579e-08 1.063231304409352e-06 23462
11 1.193032685327318e-08 9.675413599996023e-07 24042
11.25 1.131907175513358e-08 9.553391292379503e-07 25946
11.5 9.7872225480464e-09 8.518784528840565e-07 26118
11.75 9.037963018131671e-09 7.947786906675152e-07 27506
12 8.361647446250276e-09 7.448870698894345e-07 28631
12.25 7.231628261435529e-09 6.748315109836048e-07 28596
12.5 6.169922525498711e-09 5.805311719853856e-07 27848
12.75 5.104578868351301e-09 4.9642640358759e-07 26544
13 4.388380813452179e-09 4.452167186393223e-07 26456
13.25 3.607698936814733e-09 3.832407869501895e-07 25284
13.5 3.03689976718935e-09 3.306200373824239e-07 24260
13.75 2.575232743251078e-09 2.851499254089325e-07 23312
14 2.145266250386444e-09 2.520106359452707e-07 22368
14.25 1.915555947485604e-09 2.205461399911874e-07 21872
14.5 1.569696592998592e-09 1.903869767607822e-07 20400
14.75 1.337302439981906e-09 1.638820021835405e-07 19040
15 1.178050216638707e-09 1.452286343779411e-07 18252
15.25 9.85549711986525e-10 1.304854205562837e-07 16760
15.5 8.718877347592781e-10 1.138736315626039e-07 15776
15.75 7.104125383248323e-10 9.321934548616567e-08 13704
16 6.323051893435127e-10 8.679570097036404e-08 13112
16.25 5.348231895112008e-10 7.55429881637391e-08 11652
16.5 4.201784132161254e-10 5.980217611556184e-08 9776
16.75 3.421955788774344e-10 5.034432096052925e-08 8448
17 2.504156160739993e-10 3.792797710494379e-08 7013
17.25 1.8757209736446e-10 2.827180123126614e-08 5546
17.5 1.509247188238098e-10 2.469286478270303e-08 4722
17.75 1.225698945941163e-10 1.974548317717945e-08 3782
18 9.800038155898367e-11 1.685401749878792e-08 3174
18.25 7.89512897417218e-11 1.415142005699356e-08 2582
18.5 6.513546377509352e-11 1.055949442647262e-08 1928
18.75 5.900341228425199e-11 8.704270593328327e-09 1662
19 4.524029067678854e-11 7.919395632537171e-09 1256
19.25 3.331914804026824e-11 6.132873000827652e-09 864
19.5 1.92420510190954e-11 2.827848764631487e-09 428
19.75 2.511711858618996e-11 3.415373469624663e-09 456
20 1.504714133432452e-11 2.512213214430334e-09 248
20.25 5.794431444856069e-12 1.432065304730378e-09 104
20.5 1.026380505238049e-12 4.730190915102933e-10 18
20.75 2.541701429128403e-13 8.630260289283804e-11 7

0.25 5.541600124901169e-08 3.96528939739442e-08 18
0.5 2.531197118200141e-07 5.919721026548078e-07 62
0.75 1.479577140965117e-07 8.744092744760051e-07 98
1 1.617855573123854e-07 1.475003758138889e-06 210
1.25 1.174014458869157e-07 9.071135815969117e-07 350
1.5 1.424270031599664e-07 5.000765418145368e-07 450
1.75 2.199598549528818e-07 7.009101526376844e-07 602
2 5.20307964040278e-07 2.103845180736217e-06 762
2.25 1.119158579425099e-06 6.416262804582361e-06 1142
2.5 1.723513794693099e-06 5.943749278330927e-06 1250
2.75 7.927942976649429e-07 9.136052160463457e-06 1458
3 4.064217787964791e-07 4.097686300415295e-06 1814
3.25 2.709622867003769e-07 3.091573079098538e-06 2178
3.5 1.930709750679808e-07 2.307210715080263e-06 2498
3.75 1.33395146539156e-07 1.84596683284941e-06 2622
4 1.267797637652648e-07 2.043366149520045e-06 3338
4.25 1.262718872990565e-07 2.130948473833885e-06 3722
4.5 1.131965282644342e-07 2.240550986960493e-06 4170
4.75 1.004284344325919e-07 2.120067491963233e-06 4358
5 9.932271621322474e-08 2.368237435146634e-06 5034
5.25 8.749204226743683e-08 2.169063379734376e-06 5714
5.5 7.591629636986773e-08 2.087893577812523e-06 5982
5.75 6.778335996383508e-08 2.151185909997129e-06 6602
6 6.093847860125363e-08 2.059314155795637e-06 7130
6.25 6.118981450123918e-08 2.127654556417459e-06 8034
6.5 5.563284477425068e-08 2.152019388884897e-06 8606
6.75 5.305989878439628e-08 2.026418565738071e-06 9066
7 5.091194312251378e-08 2.189017348917046e-06 9962
7.25 4.779322427715628e-08 2.171768856422958e-06 10550
7.5 4.595137172179726e-08 2.1660700409223e-06 11226
7.75 4.288993394192906e-08 2.130690697327598e-06 12146
8 3.908342324805693e-08 2.007362452850707e-06 12606
8.25 3.748298090686726e-08 2.105104487289863e-06 13802
8.5 3.549656452607977e-08 2.040599834992199e-06 14754
8.75 3.161237292787214e-08 1.926844487620985e-06 15194
9 3.028494019460838e-08 1.901178314548669e-06 16454
9.25 2.747668868058435e-08 1.771015034254577e-06 17154
9.5 2.55924116779325e-08 1.685032373752921e-06 18266
9.75 2.218202826150763e-08 1.557093869175751e-06 18750
10 2.075140471508145e-08 1.508445164308428e-06 20234
10.25 1.914463143928087e-08 1.394700376017522e-06 21450
10.5 1.646512264383696e-08 1.24728864248387e-06 21962
10.75 1.551199403729318e-08 1.210565647174044e-06 23462
11 1.372293099597341e-08 1.115042667827487e-06 24042
11.25 1.29685363713793e-08 1.074762404127906e-06 25946
11.5 1.125361695638048e-08 9.466384333910392e-07 26118
11.75 1.039375105362143e-08 8.852768249941162e-07 27506
12 9.473764530152261e-09 8.334109107289837e-07 28631
12.25 8.246034490867808e-09 7.544721484596586e-07 28596
12.5 6.87189366165237e-09 6.564880356465907e-07 27848
12.75 5.698138764799702e-09 5.61382949074149e-07 26544
13 4.868434642726416e-09 4.98808958868576e-07 26456
13.25 4.039468010476587e-09 4.186861812308148e-07 25284
13.5 3.331996920918e-09 3.639793996551227e-07 24260
13.75 2.819167795686432e-09 3.159347660856193e-07 23312
14 2.370275605267226e-09 2.707246220982605e-07 22368
14.25 2.071745346270061e-09 2.401185811668898e-07 21872
14.5 1.695361248405391e-09 2.031157623455732e-07 20400
14.75 1.423096688606059e-09 1.75896183212591e-07 19040
15 1.238261401749958e-09 1.552356881923224e-07 18252
15.25 1.048550367468568e-09 1.361237363052351e-07 16760
15.5 9.144136403394621e-10 1.182255158850572e-07 15776
15.75 7.308348341381763e-10 9.916536216164298e-08 13704
16 6.631507153039217e-10 8.994893192564922e-08 13112
16.25 5.64778314803315e-10 7.667917153176785e-08 11652
16.5 4.34769931809917e-10 6.070285576796761e-08 9776
16.75 3.585859125616701e-10 5.125259259050257e-08 8448
17 2.604041939497798e-10 3.776491812396052e-08 7013
17.25 1.84903769854304e-10 2.922643658233207e-08 5546
17.5 1.54319049832584e-10 2.38221459740723e-08 4722
17.75 1.224813382630395e-10 1.925527865969666e-08 3782
18 1.01133173390057e-10 1.602726715181934e-08 3174
18.25 8.25158940973011e-11 1.314829941006424e-08 2582
18.5 6.387279777878503e-11 1.046038502515865e-08 1928
18.75 5.547226483048562e-11 8.587971337637689e-09 1662
19 4.556265733991907e-11 7.096607974957585e-09 1256
19.25 3.047162678328953e-11 5.51953349540765e-09 864
19.5 1.786205209758662e-11 2.649933476308836e-09 428
19.75 2.367236606440591e-11 3.313311426429494e-09 456
20 1.344177574989836e-11 2.70597254400219e-09 248
20.25 4.374901823653581e-12 1.768248946891375e-09 104
20.5 1.103882811927468e-12 4.588744325662403e-10 18
20.75 2.16257926874322e-13 8.681490784619637e-11 7

0.25 7.986454722074742e-08 1.38468978327505e-07 18
0.5 1.436056331952564e-06 8.23978192774061e-07 62
0.75 1.962529529030295e-06 6.029920825545772e-07 98
1 2.635388200606885e-06 5.908291337813399e-07 210
1.25 1.162805750960537e-06 5.929234023363287e-07 350
1.5 5.261818439751141e-07 5.206563703228709e-07 450
1.75 4.790356032916173e-07 8.509840802269893e-07 602
2 6.8727434071467e-07 2.39503927167503e-06 762
2.25 1.140668112728324e-06 6.123649564708253e-06 1142
2.5 9.500949407001542e-07 1.123925150704478e-05 1250
2.75 7.371591804278963e-07 6.608729021784086e-06 1458
3 3.788569383249281e-07 3.963308855918328e-06 1814
3.25 2.757877370672669e-07 3.111666498085717e-06 2178
3.5 2.150722325783914e-07 2.698439214471073e-06 2498
3.75 1.641159884345336e-07 2.136801135189165e-06 2622
4 1.519712230890495e-07 2.521037537337351e-06 3338
4.25 1.50349193653322e-07 2.69607695935191e-06 3722
4.5 1.371310573950127e-07 2.79105871343967e-06 4170
4.75 1.198243705850203e-07 2.648010590729845e-06 4358
5 1.214564031806993e-07 2.829474601222548e-06 5034
5.25 1.08581319489441e-07 2.654931178138974e-06 5714
5.5 9.178471393299025e-08 2.680167365262195e-06 5982
5.75 8.628979336381644e-08 2.726330901905247e-06 6602
6 7.798951303800403e-08 2.655400290402696e-06 7130
6.25 8.017740745829823e-08 2.813110014509562e-06 8034
6.5 7.473305412763167e-08 2.785661120735265e-06 8606
6.75 6.796674707112887e-08 2.683964019886785e-06 9066
7 6.444735547755757e-08 2.841787182223798e-06 9962
7.25 6.191542753615854e-08 2.819500575233416e-06 10550
7.5 5.865509114961854e-08 2.834171907717325e-06 11226
7.75 5.572622051813031e-08 2.813648127847765e-06 12146
8 5.012993272470742e-08 2.664194770707393e-06 12606
8.25 4.938573545172396e-08 2.677713673049175e-06 13802
8.5 4.587023265255999e-08 2.643459319274349e-06 14754
8.75 4.1265837275424e-08 2.472202013911825e-06 15194
9 3.785621875956755e-08 2.404585708317451e-06 16454
9.25 3.449249932618922e-08 2.252605376875216e-06 17154
9.5 3.176798625434394e-08 2.155609022284654e-06 18266
9.75 2.819392499502636e-08 1.957940128140595e-06 18750
10 2.611151391743547e-08 1.892454629119919e-06 20234
10.25 2.367494451651093e-08 1.759237712646424e-06 21450
10.5 2.028122359557488e-08 1.568961472311028e-06 21962
10.75 1.885886157005695e-08 1.501028563896881e-06 23462
11 1.670372988757872e-08 1.351802982028019e-06 24042
11.25 1.565886913805978e-08 1.304581703228281e-06 25946
11.5 1.354560230371709e-08 1.161091430971084e-06 26118
11.75 1.251095861731649e-08 1.078566160703215e-06 27506
12 1.144640156961995e-08 1.001925555048409e-06 28631
12.25 9.98307685368829e-09 8.939948444002807e-07 28596
12.5 8.155835061596e-09 7.791934467534925e-07 27848
12.75 6.626157862891475e-09 6.580400060575475e-07 26544
13 5.608919277088584e-09 5.843789338631673e-07 26456
13.25 4.643671006517982e-09 4.841055212493983e-07 25284
13.5 3.85252247501114e-09 4.181796041591239e-07 24260
13.75 3.219539028989037e-09 3.612204137009783e-07 23312
14 2.691370200895742e-09 3.087966497749807e-07 22368
14.25 2.322658229206078e-09 2.680811453308253e-07 21872
14.5 1.871836246355736e-09 2.287443294951978e-07 20400
14.75 1.578405792129542e-09 1.96591285084385e-07 19040
15 1.382595260105121e-09 1.707153333208973e-07 18252
15.25 1.152777536561306e-09 1.477860947878639e-07 16760
15.5 9.932397707097174e-10 1.285544882222734e-07 15776
15.75 8.028065739695811e-10 1.033904928216709e-07 13704
16 7.268169327091157e-10 9.486207619131263e-08 13112
16.25 5.96450373547764e-10 8.162742452231629e-08 11652
16.5 4.485998944474246e-10 6.465633448915287e-08 9776
16.75 3.699402441961572e-10 5.463458866860842e-08 8448
17 2.680579283397897e-10 3.989111131379919e-08 7013
17.25 1.97071129039629e-10 2.993820779399656e-08 5546
17.5 1.590561921588666e-10 2.47962139284244e-08 4722
17.75 1.207489327167078e-10 2.024998271625236e-08 3782
18 9.965019406810096e-11 1.670707759680327e-08 3174
18.25 8.013521410427042e-11 1.363565265133571e-08 2582
18.5 6.101880101168178e-11 1.086205295689279e-08 1928
18.75 5.185964604017752e-11 8.934357344207768e-09 1662
19 4.692316020288741e-11 6.760540785960383e-09 1256
19.25 2.821674870743122e-11 5.364282363192439e-09 864
19.5 1.628564669279886e-11 2.667834064324231e-09 428
19.75 2.069032810291555e-11 3.4345923075086e-09 456
20 1.154497905862105e-11 2.698201173376383e-09 248
20.25 5.107780944606555e-12 1.646594392370835e-09 104
20.5 1.929138069398472e-12 2.717460597352465e-10 18
20.75 2.492474545192548e-13 6.928190816048182e-11 7

0.25 1.636687593404209e-07 6.725156987613999e-08 18
0.5 7.129433698542372e-07 1.190688505163888e-06 62
0.75 3.38968662808649e-07 1.42665371381268e-06 98
1 2.386071889695362e-07 1.643009755981311e-06 210
1.25 1.428454926169767e-07 6.919389190011271e-07 350
1.5 1.454447279890738e-07 5.285497609370272e-07 450
1.75 2.131691612210592e-07 8.077447611635811e-07 602
2 5.207076806003968e-07 2.204203281650783e-06 762
2.25 9.860038343715793e-07 6.370252072582551e-06 1142
2.5 1.395503617518783e-06 6.923326210058438e-06 1250
2.75 7.820313046427907e-07 5.750927861759652e-06 1458
3 4.097480063313684e-07 3.610217244730906e-06 1814
3.25 2.723266742044562e-07 2.949190227907687e-06 2178
3.5 2.103540905829223e-07 2.677728785202806e-06 2498
3.75 1.570352417266824e-07 2.163933987772116e-06 2622
4 1.652450828468802e-07 2.324207056572083e-06 3338
4.25 1.545488104523715e-07 2.607275208661669e-06 3722
4.5 1.39238559085711e-07 2.726713713351115e-06 4170
4.75 1.245850236190075e-07 2.682482822483021e-06 4358
5 1.278394307842116e-07 2.803961772786988e-06 5034
5.25 1.134072588856985e-07 2.836468792265145e-06 5714
5.5 9.764034548723683e-08 2.690530785755988e-06 5982
5.75 9.462602668166748e-08 2.701063352469283e-06 6602
6 8.493610088738928e-08 2.830339420204836e-06 7130
6.25 8.388572418000834e-08 2.925267559809289e-06 8034
6.5 7.846252859146801e-08 2.941178334996185e-06 8606
6.75 7.081079598048036e-08 2.974894389811516e-06 9066
7 7.095472341331985e-08 3.009920745458124e-06 9962
7.25 6.520631167692107e-08 2.981282590355354e-06 10550
7.5 6.364887745965227e-08 2.941865571491088e-06 11226
7.75 5.794405575450626e-08 2.997598847914702e-06 12146
8 5.373345225631284e-08 2.781033570967287e-06 12606
8.25 5.144326671970159e-08 2.879645441648103e-06 13802
8.5 4.806606659273023e-08 2.776061728398299e-06 14754
8.75 4.280651128008357e-08 2.59433893167916e-06 15194
9 4.008722208192944e-08 2.50654099602828e-06 16454
9.25 3.560081667698146e-08 2.385859813274465e-06 17154
9.5 3.324269263079325e-08 2.276823227178404e-06 18266
9.75 2.941660103025938e-08 2.039445181352555e-06 18750
10 2.771795944547212e-08 1.986843037513179e-06 20234
10.25 2.467998733564544e-08 1.833951737189207e-06 21450
10.5 2.133115533610618e-08 1.642181123935832e-06 21962
10.75 1.990872521612242e-08 1.567046643608723e-06 23462
11 1.748294925732361e-08 1.428913570231154e-06 24042
11.25 1.647766508699151e-08 1.372320988436924e-06 25946
11.5 1.434119851576451e-08 1.208590714988274e-06 26118
11.75 1.329002599402214e-08 1.136971075428896e-06 27506
12 1.234608121971417e-08 1.053199576724291e-06 28631
12.25 1.057962604038533e-08 9.560629294954998e-07 28596
12.5 8.661555726587238e-09 8.182681265642445e-07 27848
12.75 7.163339509423204e-09 6.842904205768111e-07 26544
13 6.124774083440093e-09 6.058488198835054e-07 26456
13.25 4.947829348218074e-09 5.144885785138836e-07 25284
13.5 4.06248304081266e-09 4.387718557709007e-07 24260
13.75 3.449838399091123e-09 3.732092675828184e-07 23312
14 2.825098028671837e-09 3.259008362951054e-07 22368
14.25 2.42764194037245e-09 2.853684730423935e-07 21872
14.5 1.989436377713994e-09 2.367358009210628e-07 20400
14.75 1.686658446733583e-09 2.027836346019027e-07 19040
15 1.446615667225818e-09 1.785597359615134e-07 18252
15.25 1.178425386530085e-09 1.556522824805408e-07 16760
15.5 1.041734714465435e-09 1.329352730460597e-07 15776
15.75 8.342752525587487e-10 1.065364925209222e-07 13704
16 7.366701431467514e-10 9.903730060713857e-08 13112
16.25 6.082310643390354e-10 8.316630675366555e-08 11652
16.5 4.672751130936857e-10 6.576503906437374e-08 9776
16.75 3.89001747363239e-10 5.413212841001802e-08 8448
17 2.730007107205247e-10 3.96676180205419e-08 7013
17.25 1.99505267792928e-10 2.994515109076347e-08 5546
17.5 1.558629591300312e-10 2.485085388086516e-08 4722
17.75 1.234426463264107e-10 1.942289826841693e-08 3782
18 9.957405414682068e-11 1.610422406461024e-08 3174
18.25 8.401640696349691e-11 1.253560764925634e-08 2582
18.5 6.106830245772434e-11 1.040166851910084e-08 1928
18.75 5.041908094114362e-11 8.919636635266154e-09 1662
19 4.385247493956882e-11 6.899763737936165e-09 1256
19.25 2.782781541224534e-11 4.875876273440045e-09 864
19.5 1.492820861088059e-11 2.522545632117068e-09 428
19.75 1.818724417175732e-11 3.431522158163584e-09 456
20 1.151414552541228e-11 2.449815550507969e-09 248
20.25 7.218290785939014e-12 1.167279426091172e-09 104
20.5 2.269958885410955e-12 1.871934863655695e-10 18
20.75 4.675403742351191e-13 3.633360283463081e-11 7

0.25 7.093171176017667e-08 2.804330073614919e-07 18
0.5 1.775705361711198e-06 1.884068497120315e-06 62
0.75 1.913042722175247e-06 1.079429662932347e-06 98
1 1.491456751227902e-06 6.950220087682747e-07 210
1.25 4.810577789025054e-07 4.386210648308787e-07 350
1.5 2.629801563233374e-07 6.226248617822471e-07 450
1.75 3.031708137602413e-07 8.807275930450294e-07 602
2 5.860133493307945e-07 2.312160057988081e-06 762
2.25 9.373629117063463e-07 5.337114775236849e-06 1142
2.5 1.081274701860447e-06 7.407273438040864e-06 1250
2.75 6.394160767235427e-07 5.331871780962872e-06 1458
3 3.507227026990957e-07 3.458738304695418e-06 1814
3.25 2.551682260999933e-07 2.853969043300932e-06 2178
3.5 2.195847411679222e-07 2.755183653694367e-06 2498
3.75 1.613512050347269e-07 2.371341576705939e-06 2622
4 1.61491586360469e-07 2.764473449959261e-06 3338
4.25 1.583571623502004e-07 2.933076896385404e-06 3722
4.5 1.49920135886892e-07 2.949922203996083e-06 4170
4.75 1.334943540014142e-07 2.833941722788134e-06 4358
5 1.373999974333709e-07 3.089896449249807e-06 5034
5.25 1.215256826859475e-07 3.212372125315634e-06 5714
5.5 1.087749509964851e-07 2.98657522800353e-06 5982
5.75 1.020858019194395e-07 3.14765393314351e-06 6602
6 9.708266739342586e-08 3.215660999855367e-06 7130
6.25 9.520572213864872e-08 3.331295944840683e-06 8034
6.5 9.010313742260283e-08 3.314348075599515e-06 8606
6.75 8.01473482034633e-08 3.319835066849172e-06 9066
7 8.177640254237265e-08 3.409437372943913e-06 9962
7.25 7.328723872379866e-08 3.422053178758904e-06 10550
7.5 7.075213356586399e-08 3.398493964971007e-06 11226
7.75 6.81105160512096e-08 3.344039198653221e-06 12146
8 6.069046001637954e-08 3.210534750573907e-06 12606
8.25 5.796195047910894e-08 3.287286492041477e-06 13802
8.5 5.516302712024258e-08 3.128147702426229e-06 14754
8.75 4.811865607781765e-08 2.955810060250694e-06 15194
9 4.64869039425442e-08 2.858423951613703e-06 16454
9.25 4.097942784581927e-08 2.698336423093206e-06 17154
9.5 3.760225484477379e-08 2.581467292471839e-06 18266
9.75 3.335551725313641e-08 2.314301083282479e-06 18750
10 3.117214970155592e-08 2.260292659977595e-06 20234
10.25 2.777636415261071e-08 2.093475076624064e-06 21450
10.5 2.468091497707795e-08 1.866218111844336e-06 21962
10.75 2.253839137670522e-08 1.784107138051271e-06 23462
11 2.015700431903048e-08 1.596527404290823e-06 24042
11.25 1.88648684770747e-08 1.546484474118742e-06 25946
11.5 1.628615307509172e-08 1.387016812565753e-06 26118
11.75 1.531055288602007e-08 1.307926749101752e-06 27506
12 1.386662681874139e-08 1.226483271948565e-06 28631
12.25 1.211518900528197e-08 1.081599106766419e-06 28596
12.5 9.744517038340776e-09 9.200776451355165e-07 27848
12.75 7.910148278389664e-09 7.872856032133278e-07 26544
13 6.85259256814323e-09 6.853596071038193e-07 26456
13.25 5.531647693113903e-09 5.823959940075356e-07 25284
13.5 4.499658742160607e-09 4.916497878573421e-07 24260
13.75 3.812175973720008e-09 4.165281777862565e-07 23312
14 3.140561511404735e-09 3.554077189704076e-07 22368
14.25 2.726472337462195e-09 3.062032326518868e-07 21872
14.5 2.181619817913443e-09 2.643173735466712e-07 20400
14.75 1.838423078529123e-09 2.221385086468941e-07 19040
15 1.561559478757775e-09 1.970294536807273e-07 18252
15.25 1.313195641536365e-09 1.639019468032526e-07 16760
15.5 1.10142376932379e-09 1.449890498698421e-07 15776
15.75 8.662156623616256e-10 1.188590691616143e-07 13704
16 7.810922499225468e-10 1.05269796805525e-07 13112
16.25 6.448596263772466e-10 8.755256671073922e-08 11652
16.5 4.942762141681979e-10 6.832803739064624e-08 9776
16.75 3.99139382011815e-10 5.816961252119544e-08 8448
17 3.009247823175383e-10 3.934621901275322e-08 7013
17.25 2.007484249915442e-10 3.10853636038182e-08 5546
17.5 1.618279031383913e-10 2.529089261927431e-08 4722
17.75 1.224194929518923e-10 2.013928892175933e-08 3782
18 1.010454360130515e-10 1.649870669111229e-08 3174
18.25 7.773247026547115e-11 1.345174336853168e-08 2582
18.5 6.261650537921395e-11 9.943099755524982e-09 1928
18.75 4.919414763910477e-11 8.743750725969849e-09 1662
19 4.406173185777328e-11 6.761239828582962e-09 1256
19.25 2.700390206857868e-11 4.732760727556705e-09 864
19.5 1.33193220663048e-11 2.490368808079063e-09 428
19.75 1.599547818827142e-11 3.366341041482449e-09 456
20 1.22534194908138e-11 2.127725541734431e-09 248
20.25 8.256221217025959e-12 8.609691901100596e-10 104
20.5 2.041370740374639e-12 1.754297981819069e-10 18
20.75 5.493811372880065e-13 1.857146543781266e-11 7

0.25 3.400119019334062e-07 6.760178763504709e-08 18
0.5 1.839847237837749e-06 1.834911991694017e-06 62
0.75 8.558683026804305e-07 1.555340873521964e-06 98
1 3.563551499419281e-07 8.767579818342518e-07 210
1.25 1.967063442258894e-07 4.548301020683771e-07 350
1.5 1.247557939280427e-07 5.287075566506754e-07 450
1.75 2.009387441536667e-07 8.589926690506222e-07 602
2 4.402617392923964e-07 2.01751937538684e-06 762
2.25 8.18252537240977e-07 4.720214830856498e-06 1142
2.5 9.284413716824842e-07 6.830661797216149e-06 1250
2.75 6.078757206162489e-07 4.857875584470848e-06 1458
3 3.442669863948351e-07 3.05879456623837e-06 1814
3.25 2.563528696549724e-07 2.701049600791777e-06 2178
3.5 2.09347916678799e-07 2.591508691646348e-06 2498
3.75 1.631652382467722e-07 2.20994913507608e-06 2622
4 1.72714252987326e-07 2.51939980106725e-06 3338
4.25 1.591546039647812e-07 2.785060174352495e-06 3722
4.5 1.506964520572964e-07 2.889374999120181e-06 4170
4.75 1.302508114083672e-07 2.842464709529168e-06 4358
5 1.341241183705298e-07 3.097646984200419e-06 5034
5.25 1.229316812320099e-07 3.217637295610807e-06 5714
5.5 1.075342104699603e-07 3.061270017203137e-06 5982
5.75 1.061472907900607e-07 3.114773653623743e-06 6602
6 9.92849986632127e-08 3.190112794986319e-06 7130
6.25 9.722137516305881e-08 3.339288088739203e-06 8034
6.5 9.173065620247419e-08 3.353898799327217e-06 8606
6.75 8.379841530151992e-08 3.274756104013436e-06 9066
7 8.111781529936904e-08 3.507747709857026e-06 9962
7.25 7.760838662852653e-08 3.324172712566307e-06 10550
7.5 7.236177187385357e-08 3.429345318030997e-06 11226
7.75 6.757031323499779e-08 3.425604902013687e-06 12146
8 6.191122971167531e-08 3.268460938629912e-06 12606
8.25 5.964127424790111e-08 3.200573943610856e-06 13802
8.5 5.580643517104463e-08 3.187604647246871e-06 14754
8.75 4.93879919584051e-08 2.967337642223284e-06 15194
9 4.651203883087637e-08 2.875180384255245e-06 16454
9.25 4.151830651015286e-08 2.681398905348174e-06 17154
9.5 3.821815182429344e-08 2.547692966463749e-06 18266
9.75 3.356451116293039e-08 2.333763369524771e-06 18750
10 3.174916940116522e-08 2.256039157909541e-06 20234
10.25 2.838426613240672e-08 2.107445330616916e-06 21450
10.5 2.459429501747625e-08 1.884520898632127e-06 21962
10.75 2.284481746588748e-08 1.780231293350308e-06 23462
11 2.024258503283501e-08 1.61008837945543e-06 24042
11.25 1.912853687757636e-08 1.556246918701351e-06 25946
11.5 1.670697993882314e-08 1.404866534423757e-06 26118
11.75 1.607463924913479e-08 1.31847567090516e-06 27506
12 1.458508114698444e-08 1.251741909212921e-06 28631
12.25 1.251102206151981e-08 1.113221228980424e-06 28596
12.5 1.015693017200714e-08 9.527242280861902e-07 27848
12.75 8.4039833758926e-09 7.914151609992526e-07 26544
13 7.12620771790437e-09 7.111655625248021e-07 26456
13.25 5.790628659272984e-09 5.992576548636772e-07 25284
13.5 4.70265350342856e-09 5.027099975397545e-07 24260
13.75 3.985708094496057e-09 4.346534206398269e-07 23312
14 3.254274144611558e-09 3.710140290676632e-07 22368
14.25 2.795232764855669e-09 3.241493313377842e-07 21872
14.5 2.306979404690763e-09 2.738740705135602e-07 20400
14.75 1.9114176275757e-09 2.329023762808325e-07 19040
15 1.640126595877956e-09 2.046730935877723e-07 18252
15.25 1.364926773652723e-09 1.72943853826427e-07 16760
15.5 1.179326135537231e-09 1.50489404671884e-07 15776
15.75 9.220798077465749e-10 1.211917373498123e-07 13704
16 8.167009832169472e-10 1.093474528690739e-07 13112
16.25 6.607727586803835e-10 9.206332075769373e-08 11652
16.5 5.078650363464776e-10 7.040509600088174e-08 9776
16.75 4.250089899626499e-10 5.856380596447194e-08 8448
17 2.997545617950494e-10 4.183257328506387e-08 7013
17.25 2.068158448190993e-10 3.144837033870378e-08 5546
17.5 1.694627153945459e-10 2.526652746914456e-08 4722
17.75 1.265973258228439e-10 1.98499330516936e-08 3782
18 1.00488107831828e-10 1.655028148670955e-08 3174
18.25 8.013726530726527e-11 1.31328624107709e-08 2582
18.5 6.191012164624651e-11 1.003377678507455e-08 1928
18.75 4.808148377536463e-11 8.650706979171175e-09 1662
19 4.103721524468358e-11 7.005852494557187e-09 1256
19.25 2.653114929908309e-11 4.874814535839824e-09 864
19.5 1.270852732661483e-11 2.4874056055636e-09 428
19.75 1.565931201509625e-11 3.131931731589672e-09 456
20 1.218485204745913e-11 1.819072735267415e-09 248
20.25 8.545682352646517e-12 7.692583620270551e-10 104
20.5 1.563780293876389e-12 2.19304547779581e-10 18
20.75 3.978460311124264e-13 4.207069572719995e-11 7

0.25 4.146161964278604e-08 3.530832835182962e-07 18
0.5 1.102552285702838e-06 2.365011965370333e-06 62
0.75 8.362644681883603e-07 1.011476346496188e-06 98
1 3.425543079319013e-07 4.937897942492489e-07 210
1.25 2.004493734693527e-07 3.356096601952235e-07 350
1.5 1.486090195801911e-07 5.097729063830743e-07 450
1.75 1.97278132572979e-07 9.12470665203896e-07 602
2 4.191495266049878e-07 2.274610104485488e-06 762
2.25 7.539178105195735e-07 4.529768812058973e-06 1142
2.5 9.416229180725199e-07 5.623189616674916e-06 1250
2.75 5.836910950172826e-07 4.272206209169801e-06 1458
3 3.086227892867488e-07 2.912475192943827e-06 1814
3.25 2.302218815689306e-07 2.545104213789231e-06 2178
3.5 2.126154972747427e-07 2.472571692286617e-06 2498
3.75 1.654847708908513e-07 2.176370430423676e-06 2622
4 1.69526951184646e-07 2.580842199269784e-06 3338
4.25 1.597011060548602e-07 2.635497598848131e-06 3722
4.5 1.544031808423204e-07 2.916384586401096e-06 4170
4.75 1.340846364945375e-07 2.862903126746047e-06 4358
5 1.343915744251051e-07 3.263741308656036e-06 5034
5.25 1.261301984953398e-07 3.308754347806798e-06 5714
5.5 1.104508469406186e-07 3.109136085514547e-06 5982
5.75 1.089822809063845e-07 3.287216902981907e-06 6602
6 1.036184234564252e-07 3.310979997868953e-06 7130
6.25 1.007582491489999e-07 3.465329043689322e-06 8034
6.5 9.578572094176465e-08 3.450068365128412e-06 8606
6.75 8.891195956228765e-08 3.469663658514832e-06 9066
7 8.520866030271558e-08 3.630387049454229e-06 9962
7.25 7.855004795311325e-08 3.534348178969617e-06 10550
7.5 7.560169821389234e-08 3.558807565576752e-06 11226
7.75 7.249038548159467e-08 3.540335239837869e-06 12146
8 6.663735370744319e-08 3.380439047475002e-06 12606
8.25 6.371544417402188e-08 3.37801806742042e-06 13802
8.5 5.852412894136407e-08 3.330310232322981e-06 14754
8.75 5.188330406287719e-08 3.103951001352768e-06 15194
9 4.87096919077528e-08 3.017783630914749e-06 16454
9.25 4.402631228760969e-08 2.811549276116317e-06 17154
9.5 3.987095513852925e-08 2.68560045837475e-06 18266
9.75 3.517852276278874e-08 2.446434639593188e-06 18750
10 3.291199753133894e-08 2.410876386891202e-06 20234
10.25 3.025989197651371e-08 2.22334854613267e-06 21450
10.5 2.63115226526308e-08 2.006819792598506e-06 21962
10.75 2.404172991948623e-08 1.906932093844312e-06 23462
11 2.165796583217609e-08 1.735897093509256e-06 24042
11.25 2.096490198116469e-08 1.656247788718107e-06 25946
11.5 1.809572287910645e-08 1.503547188877841e-06 26118
11.75 1.719048431427027e-08 1.427344408005454e-06 27506
12 1.574958322678741e-08 1.360344534283486e-06 28631
12.25 1.362396380913486e-08 1.193344799204887e-06 28596
12.5 1.106192443395573e-08 1.024689269543165e-06 27848
12.75 9.147497060901959e-09 8.608867329213695e-07 26544
13 7.720504566063738e-09 7.711797979925631e-07 26456
13.25 6.21318679054004e-09 6.498267926791202e-07 25284
13.5 5.048697475689444e-09 5.47616101093323e-07 24260
13.75 4.274725791945367e-09 4.727838198990224e-07 23312
14 3.515647299979976e-09 3.963345262240466e-07 22368
14.25 2.971751055392896e-09 3.539852639310109e-07 21872
14.5 2.457647181953597e-09 2.95732432275694e-07 20400
14.75 2.046124825319971e-09 2.493226608782069e-07 19040
15 1.728747499671147e-09 2.222339564036959e-07 18252
15.25 1.461004391841551e-09 1.833092600353335e-07 16760
15.5 1.238131010794304e-09 1.617449607204013e-07 15776
15.75 9.749655647514519e-10 1.270928860119506e-07 13704
16 8.755810768663456e-10 1.138345926548605e-07 13112
16.25 7.025091345218656e-10 9.496416059027251e-08 11652
16.5 5.326094877667179e-10 7.498263348717216e-08 9776
16.75 4.360907355620333e-10 6.221784860311276e-08 8448
17 3.052355501365218e-10 4.406213243169543e-08 7013
17.25 2.111107595948176e-10 3.289410887686076e-08 5546
17.5 1.714897636428798e-10 2.697790590664043e-08 4722
17.75 1.277056844831018e-10 2.093544487637405e-08 3782
18 1.052173461432226e-10 1.642530179724073e-08 3174
18.25 8.050542152798127e-11 1.321938333568285e-08 2582
18.5 6.165397191728593e-11 1.003331228932059e-08 1928
18.75 4.880918439197742e-11 8.540628138848589e-09 1662
19 4.205509824947336e-11 6.900412398469475e-09 1256
19.25 2.692388715215879e-11 4.839761317494317e-09 864
19.5 1.256500448923721e-11 2.507605954347146e-09 428
19.75 1.551002848258925e-11 2.879087209623252e-09 456
20 1.099623581300602e-11 1.642033394727665e-09 248
20.25 7.137947805890573e-12 9.219591990361643e-10 104
20.5 1.207739180571273e-12 2.686745407368869e-10 18
20.75 1.354826266820975e-13 9.021439464629316e-11 7

0.25 6.420074162048714e-07 4.061906769371638e-08 18
0.5 3.695524433481832e-06 8.615473464076773e-07 62
0.75 1.240166219165517e-06 6.469955676440317e-07 98
1 4.186014053212613e-07 3.471302601273791e-07 210
1.25 2.27807180232141e-07 3.114753778614563e-07 350
1.5 1.413146130616964e-07 4.998738921945864e-07 450
1.75 1.771087024902905e-07 8.764813223959001e-07 602
2 3.409302189909201e-07 1.956667176159495e-06 762
2.25 6.29158044194635e-07 3.774965826555739e-06 1142
2.5 6.907514962470894e-07 5.130565170105097e-06 1250
2.75 4.428342733706072e-07 4.230539528716214e-06 1458
3 2.492789520679561e-07 2.815109688556721e-06 1814
3.25 2.20970985938313e-07 2.420092505336036e-06 2178
3.5 1.906993324581681e-07 2.467688426846446e-06 2498
3.75 1.582239610186131e-07 2.11029500900546e-06 2622
4 1.625490015820188e-07 2.534824678498762e-06 3338
4.25 1.51560237818892e-07 2.665829881458958e-06 3722
4.5 1.438520326371734e-07 2.96338215330938e-06 4170
4.75 1.293339032414615e-07 2.880334505398721e-06 4358
5 1.344741830953474e-07 3.101495033396892e-06 5034
5.25 1.241996838380005e-07 3.276479526953286e-06 5714
5.5 1.095380612716597e-07 3.144257250741276e-06 5982
5.75 1.067802962207544e-07 3.351688615525451e-06 6602
6 1.011014235023322e-07 3.389419855389777e-06 7130
6.25 1.006383036814421e-07 3.576794664581039e-06 8034
6.5 9.424949854175622e-08 3.575124999140118e-06 8606
6.75 8.88346835084364e-08 3.577679692440296e-06 9066
7 8.67749869317446e-08 3.71660018127371e-06 9962
7.25 7.932129400890312e-08 3.564885460999499e-06 10550
7.5 7.639658396555685e-08 3.653221649084085e-06 11226
7.75 7.171431922141318e-08 3.635507758782814e-06 12146
8 6.761097274807044e-08 3.386246252166656e-06 12606
8.25 6.352193344082658e-08 3.479317087979423e-06 13802
8.5 5.955230742514256e-08 3.406652784402562e-06 14754
8.75 5.201796812452855e-08 3.187038904966221e-06 15194
9 4.855024696798341e-08 3.086687207630276e-06 16454
9.25 4.353277646444861e-08 2.836481457104941e-06 17154
9.5 4.063956710137944e-08 2.702875817879309e-06 18266
9.75 3.592059783548365e-08 2.473910634358762e-06 18750
10 3.349803081180985e-08 2.409717032950834e-06 20234
10.25 3.042811334947988e-08 2.241242851359705e-06 21450
10.5 2.654169562882041e-08 2.02931060974523e-06 21962
10.75 2.45345246119958e-08 1.92011076116675e-06 23462
11 2.187781276159593e-08 1.751025606192514e-06 24042
11.25 2.073524577958011e-08 1.715633883908372e-06 25946
11.5 1.857888945705327e-08 1.506458794877674e-06 26118
11.75 1.731342972393326e-08 1.471065619997181e-06 27506
12 1.613571434473662e-08 1.388354116041616e-06 28631
12.25 1.381292661075093e-08 1.232334506956696e-06 28596
12.5 1.123572719730839e-08 1.054970202567846e-06 27848
12.75 9.268947826126607e-09 8.872806650681901e-07 26544
13 7.900496136259256e-09 7.86376986300352e-07 26456
13.25 6.434606606748721e-09 6.655968028264876e-07 25284
13.5 5.245618112208312e-09 5.537556518898398e-07 24260
13.75 4.352710618780258e-09 4.867889125934487e-07 23312
14 3.631061910290245e-09 4.09085593467737e-07 22368
14.25 3.090382570856564e-09 3.611056986712068e-07 21872
14.5 2.546201705724033e-09 3.031580892463458e-07 20400
14.75 2.124840290892519e-09 2.572488672552835e-07 19040
15 1.834374039156504e-09 2.238695121947905e-07 18252
15.25 1.519756639519698e-09 1.892120553578509e-07 16760
15.5 1.318062571477797e-09 1.635499160779234e-07 15776
15.75 1.000832024161011e-09 1.338672516058521e-07 13704
16 9.048194780746274e-10 1.179085661601513e-07 13112
16.25 7.17573268710517e-10 9.974041522300987e-08 11652
16.5 5.467410726941993e-10 7.822698021780969e-08 9776
16.75 4.42821451300799e-10 6.501541644436675e-08 8448
17 3.11920715218588e-10 4.676067525148822e-08 7013
17.25 2.173817275169043e-10 3.364420533756534e-08 5546
17.5 1.799811197349653e-10 2.703963433076762e-08 4722
17.75 1.308844702182395e-10 2.120083742393728e-08 3782
18 1.033160179700094e-10 1.719250921333676e-08 3174
18.25 8.293899007559861e-11 1.303566894753596e-08 2582
18.5 5.866960191908516e-11 1.017042196591904e-08 1928
18.75 4.946817482197035e-11 8.061728320987581e-09 1662
19 4.086798270225941e-11 6.64165807937157e-09 1256
19.25 2.719520926501207e-11 4.887684326541399e-09 864
19.5 1.229330204154465e-11 2.559580626542804e-09 428
19.75 1.613930590432589e-11 2.680254414010458e-09 456
20 1.014480869263592e-11 1.583905785458566e-09 248
20.25 5.074072195235964e-12 1.087203300188109e-09 104
20.5 9.280510411237329e-13 2.66535985673513e-10 18
20.75 5.063533987605014e-14 8.711536704282043e-11 7

0.25 7.029623620250637e-08 4.880210693820221e-07 18
0.5 2.357775856075072e-07 2.825577240604437e-06 62
0.75 1.68268092527143e-07 7.68664117116164e-07 98
1 8.927031031126702e-08 2.563303650844376e-07 210
1.25 1.047605319433732e-07 2.252753053019721e-07 350
1.5 1.362504482247091e-07 3.259440509132682e-07 450
1.75 1.810883349169116e-07 7.623838956971899e-07 602
2 3.626636032829765e-07 1.651635678089746e-06 762
2.25 6.588409684086769e-07 3.396304476341719e-06 1142
2.5 5.956893489823337e-07 5.40420236003759e-06 1250
2.75 4.28771751229968e-07 3.603926770647293e-06 1458
3 2.473408917080781e-07 2.493097975725099e-06 1814
3.25 2.027434302525169e-07 2.262668209764173e-06 2178
3.5 1.757284816915959e-07 2.360739306078371e-06 2498
3.75 1.502713829569724e-07 2.05023072528581e-06 2622
4 1.580328867268034e-07 2.444359109992385e-06 3338
4.25 1.484866128453827e-07 2.568077683303009e-06 3722
4.5 1.395756712109237e-07 2.850230294250714e-06 4170
4.75 1.278245745427989e-07 2.792996338535784e-06 4358
5 1.270943450720141e-07 3.092877393194363e-06 5034
5.25 1.234523068516022e-07 3.119165513737129e-06 5714
5.5 1.127625330932773e-07 3.035624361298786e-06 5982
5.75 1.046350830279923e-07 3.266678627257335e-06 6602
6 9.968149052538907e-08 3.345511685372927e-06 7130
6.25 9.956592535992606e-08 3.487219867962823e-06 8034
6.5 9.367430516902548e-08 3.54913954446282e-06 8606
6.75 8.830704686333674e-08 3.499997148814619e-06 9066
7 8.807896941743373e-08 3.585487933025285e-06 9962
7.25 8.10738618214586e-08 3.485132392988814e-06 10550
7.5 7.765929702967886e-08 3.572124264797524e-06 11226
7.75 7.348118955864489e-08 3.573239379824689e-06 12146
8 6.616983464903035e-08 3.423205887707613e-06 12606
8.25 6.37325988046149e-08 3.431902252345463e-06 13802
8.5 5.979665455284015e-08 3.413409500062486e-06 14754
8.75 5.250156633319251e-08 3.138314597858669e-06 15194
9 4.985276239614818e-08 3.030196059858825e-06 16454
9.25 4.379213521612544e-08 2.813294953412895e-06 17154
9.5 4.081460789985165e-08 2.708641568051539e-06 18266
9.75 3.658264646049126e-08 2.472405272474135e-06 18750
10 3.363018265129599e-08 2.41437127451478e-06 20234
10.25 3.061280815396875e-08 2.267865807969639e-06 21450
10.5 2.671513825280563e-08 2.07043493205078e-06 21962
10.75 2.507093404637895e-08 1.95895567108134e-06 23462
11 2.268816869201364e-08 1.769938432891299e-06 24042
11.25 2.16006944702492e-08 1.727967069930939e-06 25946
11.5 1.901025084027312e-08 1.543171137886171e-06 26118
11.75 1.796864139848478e-08 1.488737675902305e-06 27506
12 1.677069493784657e-08 1.422333134848081e-06 28631
12.25 1.448904309887762e-08 1.266314648705985e-06 28596
12.5 1.185444999027574e-08 1.077016410660462e-06 27848
12.75 9.633871958673184e-09 9.309971106785819e-07 26544
13 8.110763608915299e-09 8.129526137158076e-07 26456
13.25 6.703431796895072e-09 6.92869337562317e-07 25284
13.5 5.392354563569802e-09 5.905516164566076e-07 24260
13.75 4.591855288328525e-09 5.036645470055076e-07 23312
14 3.765878563236254e-09 4.296256840256872e-07 22368
14.25 3.252652967421316e-09 3.768994143924391e-07 21872
14.5 2.663819180628903e-09 3.191082078540387e-07 20400
14.75 2.242978559081364e-09 2.673215414684919e-07 19040
15 1.898302589465292e-09 2.367345768615976e-07 18252
15.25 1.543791700686676e-09 2.030337128422234e-07 16760
15.5 1.39070667194893e-09 1.704220142803326e-07 15776
15.75 1.044563126789331e-09 1.38756563154535e-07 13704
16 9.089865112005134e-10 1.278579001598203e-07 13112
16.25 7.579079205002314e-10 1.030553246233966e-07 11652
16.5 5.824057323203422e-10 8.023074158164369e-08 9776
16.75 4.728873443354153e-10 6.481880407499309e-08 8448
17 3.247028305498041e-10 4.928017814006157e-08 7013
17.25 2.230128831715069e-10 3.395727250851895e-08 5546
17.5 1.796164260894963e-10 2.857481017463276e-08 4722
17.75 1.332363617169234e-10 2.119089411876066e-08 3782
18 1.065385537494168e-10 1.759875746127902e-08 3174
18.25 7.955226130569351e-11 1.378520134391328e-08 2582
18.5 6.084212098435214e-11 1.008201735231957e-08 1928
18.75 4.938204971525621e-11 8.345096958172197e-09 1662
19 3.888220365890921e-11 6.84735081232715e-09 1256
19.25 2.790661930031649e-11 4.767996269644656e-09 864
19.5 1.160672393957062e-11 2.481034648718598e-09 428
19.75 1.627686466406909e-11 2.504701575424283e-09 456
20 9.22796330461935e-12 1.557732287395803e-09 248
20.25 4.110172288942941e-12 1.198325947822942e-09 104
20.5 7.232255834120795e-13 2.546951012545064e-10 18
20.75 1.646970036983827e-13 6.164608120244891e-11 7

0.25 8.055281374616544e-07 1.833334384924664e-07 18
0.5 4.389888552427817e-06 2.248927182517712e-07 62
0.75 9.348508688292857e-07 1.120285859035306e-07 98
1 3.391529588834338e-07 1.341773183584875e-07 210
1.25 2.1873246763632e-07 2.535966234273154e-07 350
1.5 1.748524049179475e-07 3.254078347514113e-07 450
1.75 1.712412134735709e-07 7.708262267668805e-07 602
2 2.895695868848206e-07 1.676308447526591e-06 762
2.25 4.317129683289674e-07 3.588781518176686e-06 1142
2.5 5.125203132680833e-07 4.321796920673123e-06 1250
2.75 3.453297062719553e-07 3.186556211807458e-06 1458
3 2.201848352251025e-07 2.310843663379518e-06 1814
3.25 1.788124424635484e-07 2.173117564666361e-06 2178
3.5 1.686421502221081e-07 2.199356897942916e-06 2498
3.75 1.363862332557652e-07 2.084775844951748e-06 2622
4 1.461931793750745e-07 2.463403278490152e-06 3338
4.25 1.44481975929073e-07 2.546249161967776e-06 3722
4.5 1.360557829682061e-07 2.747725423382814e-06 4170
4.75 1.233440744525551e-07 2.81230546365323e-06 4358
5 1.23900788352669e-07 3.081616709932111e-06 5034
5.25 1.182807789311651e-07 3.198230199763436e-06 5714
5.5 1.094196684923905e-07 3.177010957608128e-06 5982
5.75 1.058555601537362e-07 3.266305169061751e-06 6602
6 9.948634736644547e-08 3.349431828261543e-06 7130
6.25 9.950161118360187e-08 3.573053838922385e-06 8034
6.5 9.63644681174378e-08 3.535709774305002e-06 8606
6.75 9.029997314574539e-08 3.601607792823048e-06 9066
7 8.882371905415241e-08 3.757728675487171e-06 9962
7.25 7.98352572841013e-08 3.687427856460017e-06 10550
7.5 7.630861935057782e-08 3.77843515082403e-06 11226
7.75 7.354466703255581e-08 3.759428385623024e-06 12146
8 6.685268682479783e-08 3.505527000883261e-06 12606
8.25 6.42058675404299e-08 3.541832866949948e-06 13802
8.5 5.978412624321567e-08 3.558721904084081e-06 14754
8.75 5.332366131370034e-08 3.195421356038812e-06 15194
9 4.980344976523416e-08 3.166399587554904e-06 16454
9.25 4.448383111113998e-08 2.910847934942304e-06 17154
9.5 4.141151593691454e-08 2.770998407666962e-06 18266
9.75 3.698908436693399e-08 2.565436846573493e-06 18750
10 3.462471339672088e-08 2.484053555150451e-06 20234
10.25 3.136001467491943e-08 2.348712748829147e-06 21450
10.5 2.78284226580422e-08 2.096966824300335e-06 21962
10.75 2.606904044580319e-08 2.000296896485247e-06 23462
11 2.322619662748065e-08 1.866417598366139e-06 24042
11.25 2.181107809443126e-08 1.81693728165515e-06 25946
11.5 1.989062760353619e-08 1.610409059816292e-06 26118
11.75 1.867740042600198e-08 1.573496151596608e-06 27506
12 1.756380036435368e-08 1.485145999791228e-06 28631
12.25 1.509471578874562e-08 1.328295575993677e-06 28596
12.5 1.230037752933768e-08 1.125742729203626e-06 27848
12.75 1.00762313730817e-08 9.687799804820792e-07 26544
13 8.452461643290039e-09 8.565056926255835e-07 26456
13.25 7.045279989447111e-09 7.271277533955043e-07 25284
13.5 5.656579298083618e-09 6.108753728224567e-07 24260
13.75 4.81154612987783e-09 5.257728197153689e-07 23312
14 3.92341582957399e-09 4.55380611025203e-07 22368
14.25 3.401668934900064e-09 3.984582445838428e-07 21872
14.5 2.794746788761024e-09 3.333675054878613e-07 20400
14.75 2.326921776671077e-09 2.837078892101764e-07 19040
15 1.976906620049679e-09 2.492818122283071e-07 18252
15.25 1.633767983136149e-09 2.091552126468365e-07 16760
15.5 1.410051029999143e-09 1.82887890924401e-07 15776
15.75 1.099027861919752e-09 1.44051858674859e-07 13704
16 9.837076969142596e-10 1.294617008021635e-07 13112
16.25 8.061239512389238e-10 1.061443088099273e-07 11652
16.5 5.955022433526661e-10 8.435288529552054e-08 9776
16.75 4.878980580265284e-10 6.86928544915935e-08 8448
17 3.447745009632072e-10 4.914895044770988e-08 7013
17.25 2.318413628831254e-10 3.440731940499202e-08 5546
17.5 1.899738805603155e-10 2.80681470799622e-08 4722
17.75 1.320115740897707e-10 2.239043472481054e-08 3782
18 1.082998671524519e-10 1.818801717281627e-08 3174
18.25 8.210561155197483e-11 1.389470078454429e-08 2582
18.5 6.032335325309256e-11 1.032615625722045e-08 1928
18.75 4.719861890576967e-11 8.586305620144361e-09 1662
19 3.915492248023081e-11 6.825131681996362e-09 1256
19.25 2.739392871356794e-11 4.776501053377242e-09 864
19.5 1.166025605634395e-11 2.522154015849379e-09 428
19.75 1.628747451059183e-11 2.440576345776111e-09 456
20 8.929507422730885e-12 1.495069522856485e-09 248
20.25 4.111067047963943e-12 1.068884243600046e-09 104
20.5 1.013761421015559e-12 1.79549072523165e-10 18
20.75 4.343129407701674e-13 2.673499622583101e-11 7

0.25 2.801510732885563e-07 5.303437116398859e-07 18
0.5 3.649518858158445e-07 2.48107815683946e-06 62
0.75 5.783962915673824e-08 4.480071159537933e-07 98
1 6.537530432707089e-08 1.771055534543687e-07 210
1.25 7.319335434048022e-08 2.76129258716304e-07 350
1.5 1.063119035210805e-07 3.128619834339278e-07 450
1.75 1.668857778675225e-07 5.829379337277379e-07 602
2 2.988081912075905e-07 1.296592390563893e-06 762
2.25 4.710112609408241e-07 3.003229776920423e-06 1142
2.5 5.870745233190916e-07 3.383829106803913e-06 1250
2.75 3.844129088394321e-07 2.709741679348692e-06 1458
3 2.226351894148868e-07 2.103205871298638e-06 1814
3.25 1.841252266454566e-07 1.963951154391779e-06 2178
3.5 1.669511101941384e-07 2.080808301666994e-06 2498
3.75 1.339649692073232e-07 1.975734097597299e-06 2622
4 1.451870154484349e-07 2.361608673265078e-06 3338
4.25 1.40509432758913e-07 2.468533827834456e-06 3722
4.5 1.328471478609477e-07 2.59569714345994e-06 4170
4.75 1.215293183720639e-07 2.609625829520606e-06 4358
5 1.247642878400795e-07 2.935475104033214e-06 5034
5.25 1.189350842989651e-07 3.072192908890182e-06 5714
5.5 1.082276042150612e-07 2.9534871446606e-06 5982
5.75 1.04796364257741e-07 3.10862523124421e-06 6602
6 9.96105108308882e-08 3.168096376527399e-06 7130
6.25 9.910904598647045e-08 3.405957565517288e-06 8034
6.5 9.402242179033366e-08 3.424521242808902e-06 8606
6.75 8.737496805758368e-08 3.549698819279239e-06 9066
7 8.558558904939006e-08 3.742818242409177e-06 9962
7.25 7.850615635964477e-08 3.611614929444643e-06 10550
7.5 7.60312663392386e-08 3.569879011041019e-06 11226
7.75 7.3957638594036e-08 3.606807003879815e-06 12146
8 6.595837007849782e-08 3.45995887462879e-06 12606
8.25 6.291340511734097e-08 3.521769949156678e-06 13802
8.5 5.98148018293943e-08 3.439067820194724e-06 14754
8.75 5.295734422856976e-08 3.125792715574306e-06 15194
9 4.982106958797321e-08 3.067400092306213e-06 16454
9.25 4.48409662049163e-08 2.802084971879876e-06 17154
9.5 4.100628002246028e-08 2.731236729132486e-06 18266
9.75 3.661205832510497e-08 2.534225236398997e-06 18750
10 3.408400180882367e-08 2.441833411042115e-06 20234
10.25 3.136093772974751e-08 2.290812340940901e-06 21450
10.5 2.739074492417411e-08 2.093868469962483e-06 21962
10.75 2.634341748310223e-08 1.965772513365276e-06 23462
11 2.360730977663371e-08 1.848899733173957e-06 24042
11.25 2.219340681713882e-08 1.803932888552742e-06 25946
11.5 1.99141368427759e-08 1.620108380588895e-06 26118
11.75 1.907428969040141e-08 1.575827735115959e-06 27506
12 1.773770442322933e-08 1.508660869045919e-06 28631
12.25 1.536643933498878e-08 1.340084743838077e-06 28596
12.5 1.260551179686929e-08 1.153644014224246e-06 27848
12.75 1.033968325932812e-08 9.823529211829302e-07 26544
13 8.720355864650308e-09 8.680508056895087e-07 26456
13.25 7.237468455675092e-09 7.382535977696871e-07 25284
13.5 5.890189898403096e-09 6.164732247718801e-07 24260
13.75 4.851530957086322e-09 5.494564495766413e-07 23312
14 4.087355139531267e-09 4.619732289137302e-07 22368
14.25 3.482055311742735e-09 4.051272367831412e-07 21872
14.5 2.848132681150186e-09 3.407470055223984e-07 20400
14.75 2.421998340640695e-09 2.930385051224448e-07 19040
15 2.048681472276524e-09 2.526262636689759e-07 18252
15.25 1.699003434248637e-09 2.121898686616534e-07 16760
15.5 1.46477927288281e-09 1.870470553988295e-07 15776
15.75 1.13124533795365e-09 1.504262362208465e-07 13704
16 1.00243153490779e-09 1.342739306105488e-07 13112
16.25 8.17655621179959e-10 1.114100009968964e-07 11652
16.5 6.148690886716677e-10 8.49603318380304e-08 9776
16.75 4.845282403235276e-10 7.219253214787945e-08 8448
17 3.536750662074863e-10 5.04635824501938e-08 7013
17.25 2.347595000731997e-10 3.620068211495344e-08 5546
17.5 1.885267454372759e-10 2.970195289806598e-08 4722
17.75 1.395515211195776e-10 2.201281903769886e-08 3782
18 1.134524899654406e-10 1.786789012548434e-08 3174
18.25 8.657854040691808e-11 1.415992368927122e-08 2582
18.5 6.013543085924068e-11 1.038394150225261e-08 1928
18.75 4.977660233864619e-11 8.407295732815551e-09 1662
19 3.92376982981684e-11 7.064279750906925e-09 1256
19.25 2.611638557294441e-11 4.881457697440677e-09 864
19.5 1.138957237303537e-11 2.523623004063744e-09 428
19.75 1.61000481466155e-11 2.500328166302738e-09 456
20 8.57927588094415e-12 1.543510953117398e-09 248
20.25 4.908870045561259e-12 9.417655668351866e-10 104
20.5 9.983612907554823e-13 1.149170452515109e-10 18
20.75 5.587324523570985e-13 8.132585853624761e-12 7

0.25 5.552263557755587e-07 5.480156305482366e-07 18
0.5 2.508186593949313e-06 1.143731662609963e-06 62
0.75 4.063341161202877e-07 1.333665250214351e-07 98
1 1.856190548076435e-07 1.881092959241701e-07 210
1.25 1.583677291330458e-07 2.239748313984063e-07 350
1.5 1.101300813943168e-07 3.299526599998768e-07 450
1.75 1.633645099337906e-07 5.681366509199727e-07 602
2 2.6725436699215e-07 1.23423726180055e-06 762
2.25 4.278919993224717e-07 2.570724012263238e-06 1142
2.5 4.634284750293442e-07 3.337619523052819e-06 1250
2.75 2.874639374636323e-07 2.847836630375431e-06 1458
3 1.977769508295861e-07 1.923641760052982e-06 1814
3.25 1.669171552483903e-07 1.895138247442671e-06 2178
3.5 1.553770428911171e-07 2.00263215636568e-06 2498
3.75 1.338692919174441e-07 1.926154539286261e-06 2622
4 1.382697702462474e-07 2.303239906763626e-06 3338
4.25 1.313258386674416e-07 2.507972156295829e-06 3722
4.5 1.296150578082599e-07 2.585901552476603e-06 4170
4.75 1.166303169933639e-07 2.621392912648056e-06 4358
5 1.218520927054288e-07 2.890104700602339e-06 5034
5.25 1.133063400115278e-07 3.11808237640751e-06 5714
5.5 1.037038690507519e-07 3.017212098287357e-06 5982
5.75 1.037465240710428e-07 3.165536610861944e-06 6602
6 1.007162659042111e-07 3.147011380282778e-06 7130
6.25 9.780011546021606e-08 3.512951100142834e-06 8034
6.5 9.261955384687763e-08 3.496103480879957e-06 8606
6.75 8.971006141617006e-08 3.47218351311057e-06 9066
7 8.790611923183574e-08 3.639794050664233e-06 9962
7.25 8.100222486576569e-08 3.586315210772542e-06 10550
7.5 7.48112899620308e-08 3.677933235233513e-06 11226
7.75 7.335549100318932e-08 3.720786012679631e-06 12146
8 6.554243759899239e-08 3.56000573078508e-06 12606
8.25 6.389190301724651e-08 3.543113424067747e-06 13802
8.5 6.009331176336357e-08 3.49179876378399e-06 14754
8.75 5.409075706118559e-08 3.142359338703028e-06 15194
9 5.025019163225544e-08 3.153290546637469e-06 16454
9.25 4.540814181516952e-08 2.885288321045988e-06 17154
9.5 4.118449101110163e-08 2.816544402625604e-06 18266
9.75 3.710110881399827e-08 2.618955439190786e-06 18750
10 3.512101338088914e-08 2.505096115686177e-06 20234
10.25 3.22282363283364e-08 2.374828407806769e-06 21450
10.5 2.856035477931488e-08 2.167011186828642e-06 21962
10.75 2.668217390966442e-08 2.090507032774661e-06 23462
11 2.449789927883107e-08 1.927729711144606e-06 24042
11.25 2.317483738785631e-08 1.847192596620221e-06 25946
11.5 2.083279534548598e-08 1.666703515932035e-06 26118
11.75 2.013219438182638e-08 1.629141533853868e-06 27506
12 1.851325065826547e-08 1.577972777833786e-06 28631
12.25 1.628358639242834e-08 1.417397412784644e-06 28596
12.5 1.335719849278607e-08 1.19703820598539e-06 27848
12.75 1.084275718110135e-08 1.029994453275901e-06 26544
13 9.143923821046264e-09 9.141423249400604e-07 26456
13.25 7.586418124105436e-09 7.874342450685641e-07 25284
13.5 6.098925655180853e-09 6.629513422430646e-07 24260
13.75 5.21355426978854e-09 5.604592061773724e-07 23312
14 4.380183232349153e-09 4.816455147344509e-07 22368
14.25 3.691059114359085e-09 4.244869915006345e-07 21872
14.5 3.021984711683422e-09 3.589183455495531e-07 20400
14.75 2.5626935833427e-09 3.089133592040944e-07 19040
15 2.144313911414057e-09 2.663598113140866e-07 18252
15.25 1.777764806478926e-09 2.237589352178536e-07 16760
15.5 1.533805253714025e-09 1.953218263161061e-07 15776
15.75 1.229624991421787e-09 1.548981661212709e-07 13704
16 1.058891381822742e-09 1.399493860339619e-07 13112
16.25 8.602769019688597e-10 1.149981106533673e-07 11652
16.5 6.422435783432446e-10 8.918677580695105e-08 9776
16.75 5.190672527963195e-10 7.330539492877777e-08 8448
17 3.561793658381951e-10 5.439133437513548e-08 7013
17.25 2.531728691595679e-10 3.710781157124682e-08 5546
17.5 1.942943439892419e-10 3.05341900128676e-08 4722
17.75 1.473978041298133e-10 2.176882597607554e-08 3782
18 1.111233656772389e-10 1.902873691046066e-08 3174
18.25 8.68104756443464e-11 1.438108154971391e-08 2582
18.5 6.53067806938218e-11 1.014978970426901e-08 1928
18.75 5.319600172716342e-11 8.070550718597706e-09 1662
19 4.09491207968105e-11 6.984419360955159e-09 1256
19.25 2.678341019802309e-11 4.909127708160059e-09 864
19.5 1.206076640867423e-11 2.44822549851146e-09 428
19.75 1.598373427155431e-11 2.465853087382212e-09 456
20 8.869123006181592e-12 1.554542780069388e-09 248
20.25 5.74660270624126e-12 7.543869196130246e-10 104
20.5 9.583208324328715e-13 8.684594629838605e-11 18
20.75 5.137134862042113e-13 3.185918157177188e-11 7

0.25 8.635704728582658e-07 3.327331611982955e-07 18
0.5 1.731197582157441e-06 1.476458459447938e-06 62
0.75 1.558360895059298e-07 2.195489616277218e-07 98
1 1.344910957658936e-07 2.194293838697179e-07 210
1.25 1.106133526942095e-07 2.130322574652038e-07 350
1.5 7.585215835536725e-08 3.06721518361211e-07 450
1.75 1.233064944967733e-07 5.59938807887856e-07 602
2 2.124153620052182e-07 1.076957987903595e-06 762
2.25 3.712332580538622e-07 2.282354658516947e-06 1142
2.5 3.688439517021998e-07 3.328046784173679e-06 1250
2.75 2.824358506062784e-07 2.25972916947196e-06 1458
3 1.907970800400671e-07 1.781809653907833e-06 1814
3.25 1.618301482025816e-07 1.762498603911572e-06 2178
3.5 1.49254268668422e-07 1.908372490408601e-06 2498
3.75 1.334721008076448e-07 1.849227646042403e-06 2622
4 1.381619782152706e-07 2.199617010352413e-06 3338
4.25 1.355773217297191e-07 2.290207972321759e-06 3722
4.5 1.268168532799341e-07 2.495240995313291e-06 4170
4.75 1.165352445022305e-07 2.451334311047489e-06 4358
5 1.177210007659569e-07 2.831375325560218e-06 5034
5.25 1.14850391169458e-07 2.907381144625714e-06 5714
5.5 1.049223221225206e-07 2.892469617467596e-06 5982
5.75 1.004032784225132e-07 3.133683958209585e-06 6602
6 9.696875591880901e-08 3.152107517041856e-06 7130
6.25 9.792735066372606e-08 3.334541471148977e-06 8034
6.5 9.231891163659325e-08 3.364958560631793e-06 8606
6.75 8.794138051160535e-08 3.423780389134921e-06 9066
7 8.432275567526805e-08 3.643082615244284e-06 9962
7.25 7.928372658861705e-08 3.524664879489061e-06 10550
7.5 7.499259260838514e-08 3.570620954581259e-06 11226
7.75 7.12354216961947e-08 3.67232677845073e-06 12146
8 6.412579990575415e-08 3.48413064848336e-06 12606
8.25 6.282759918714871e-08 3.484571313983616e-06 13802
8.5 5.939565936708149e-08 3.432822839516195e-06 14754
8.75 5.259810013543603e-08 3.123551122525982e-06 15194
9 4.987270456126503e-08 3.050547195538242e-06 16454
9.25 4.42646795499214e-08 2.859359287101775e-06 17154
9.5 4.120013181263923e-08 2.72331309972048e-06 18266
9.75 3.65069091039842e-08 2.58998962446702e-06 18750
10 3.437791190918319e-08 2.484482273028022e-06 20234
10.25 3.194562095051967e-08 2.323171910503004e-06 21450
10.5 2.84502590971677e-08 2.121118745414795e-06 21962
10.75 2.645578928872501e-08 2.087923340063552e-06 23462
11 2.39464242213115e-08 1.916141881773854e-06 24042
11.25 2.264447644032845e-08 1.876353963765639e-06 25946
11.5 2.061495763375649e-08 1.691969983623149e-06 26118
11.75 1.990675461885276e-08 1.651161950307099e-06 27506
12 1.844915726104683e-08 1.574603180242496e-06 28631
12.25 1.620279014998512e-08 1.430263121159062e-06 28596
12.5 1.318816974995312e-08 1.230272379732757e-06 27848
12.75 1.094806318666623e-08 1.047424813591239e-06 26544
13 9.265880937495345e-09 9.302144054439941e-07 26456
13.25 7.644180349756785e-09 7.942547805664375e-07 25284
13.5 6.289958933514262e-09 6.571944392165033e-07 24260
13.75 5.219772877827866e-09 5.797262569951102e-07 23312
14 4.387378612349863e-09 4.95347572504146e-07 22368
14.25 3.731422012358867e-09 4.31385199594954e-07 21872
14.5 3.087306673282354e-09 3.658616922720376e-07 20400
14.75 2.599486768615795e-09 3.165603463871327e-07 19040
15 2.207235758857847e-09 2.701112361731325e-07 18252
15.25 1.830435845600892e-09 2.302293469436965e-07 16760
15.5 1.538537114384668e-09 2.036446764908827e-07 15776
15.75 1.210537456595321e-09 1.63526045889486e-07 13704
16 1.075914990214939e-09 1.428696382766217e-07 13112
16.25 8.874075523621619e-10 1.177203856828892e-07 11652
16.5 6.45994088476911e-10 9.414417199849244e-08 9776
16.75 5.326312163032703e-10 7.431005339818731e-08 8448
17 3.649622663472282e-10 5.514441431659089e-08 7013
17.25 2.506725420084643e-10 3.912575433545078e-08 5546
17.5 1.964757461144599e-10 3.143375183142759e-08 4722
17.75 1.480588840898473e-10 2.271292409179781e-08 3782
18 1.151036894557104e-10 1.823101358330322e-08 3174
18.25 8.622232009811821e-11 1.497278058799808e-08 2582
18.5 6.090347931701249e-11 1.088830139634187e-08 1928
18.75 5.168759997180898e-11 8.550773102480478e-09 1662
19 4.052845572967506e-11 7.149129340808276e-09 1256
19.25 2.771571809049768e-11 4.612592831901534e-09 864
19.5 1.179219244441969e-11 2.4538164107998e-09 428
19.75 1.492022943235024e-11 2.506696983300767e-09 456
20 8.679142756425258e-12 1.599272464609589e-09 248
20.25 5.680364133953327e-12 6.712218205619882e-10 104
20.5 7.28458903594566e-13 8.653039489082251e-11 18
20.75 1.932605959278171e-13 6.006448769714062e-11 7

0.25 1.815508904066625e-07 7.993534459416083e-07 18
0.5 5.795135616709372e-07 1.65435694217041e-06 62
0.75 1.004196198902685e-07 1.974625644948472e-07 98
1 6.327039764783656e-08 1.619779649008265e-07 210
1.25 6.474721378440035e-08 1.98541288140604e-07 350
1.5 7.117831527095612e-08 2.35840554608864e-07 450
1.75 1.314964723263418e-07 4.478663085546046e-07 602
2 2.121296433742903e-07 1.052668343203675e-06 762
2.25 3.556801304670136e-07 2.271326244849836e-06 1142
2.5 4.070933648032963e-07 2.689410566846865e-06 1250
2.75 2.506223812685178e-07 2.025524561593046e-06 1458
3 1.684153329903508e-07 1.709091966396602e-06 1814
3.25 1.508075730978022e-07 1.674021571552848e-06 2178
3.5 1.445846140038625e-07 1.834353478975421e-06 2498
3.75 1.264863210571845e-07 1.680078702984551e-06 2622
4 1.328653600750915e-07 2.119692618540947e-06 3338
4.25 1.259980210101733e-07 2.264333053236355e-06 3722
4.5 1.214159537720853e-07 2.421861173594708e-06 4170
4.75 1.090799571963971e-07 2.396047643711424e-06 4358
5 1.138906491743165e-07 2.740757210321507e-06 5034
5.25 1.117114215128425e-07 2.851002641132875e-06 5714
5.5 9.808772469160358e-08 2.848401230804909e-06 5982
5.75 9.982276904814733e-08 2.9523686379312e-06 6602
6 9.448154631813738e-08 3.060790398852597e-06 7130
6.25 9.463122009197348e-08 3.261767892765594e-06 8034
6.5 8.898794594272848e-08 3.371072692046552e-06 8606
6.75 8.419264158462038e-08 3.412843579519614e-06 9066
7 8.342175333070557e-08 3.524477731780799e-06 9962
7.25 7.73366499029149e-08 3.545326946987855e-06 10550
7.5 7.439876975659643e-08 3.496220780800493e-06 11226
7.75 7.116623393188933e-08 3.587023380544749e-06 12146
8 6.492315324725922e-08 3.333354003445671e-06 12606
8.25 6.355581215799284e-08 3.398259356430286e-06 13802
8.5 5.865719377845605e-08 3.359990791176958e-06 14754
8.75 5.194168175356912e-08 3.122730240031408e-06 15194
9 4.843598307449299e-08 3.044257635580323e-06 16454
9.25 4.407657747578459e-08 2.861275714869765e-06 17154
9.5 4.123130194037721e-08 2.724692010381817e-06 18266
9.75 3.668575087825092e-08 2.551160020999794e-06 18750
10 3.468723897004479e-08 2.459852056047427e-06 20234
10.25 3.223261218593481e-08 2.317919133660088e-06 21450
10.5 2.866674959772221e-08 2.13229911865935e-06 21962
10.75 2.665845847976282e-08 2.079738822233511e-06 23462
11 2.443185368196131e-08 1.900346975725321e-06 24042
11.25 2.330420587814191e-08 1.86581492058009e-06 25946
11.5 2.112744979107492e-08 1.696480936463382e-06 26118
11.75 2.019605253886699e-08 1.683733142457461e-06 27506
12 1.877546802111508e-08 1.59743045353532e-06 28631
12.25 1.630956214864434e-08 1.465736810208125e-06 28596
12.5 1.344117819710845e-08 1.248023249349486e-06 27848
12.75 1.113859078413318e-08 1.069975370946371e-06 26544
13 9.537089621731469e-09 9.461630299379338e-07 26456
13.25 7.842745763296692e-09 8.170421306429564e-07 25284
13.5 6.419192667580704e-09 6.875101191121476e-07 24260
13.75 5.380013037863428e-09 6.016489445714602e-07 23312
14 4.448108619518051e-09 5.107892679621407e-07 22368
14.25 3.775864135794828e-09 4.469127287070571e-07 21872
14.5 3.184764479544893e-09 3.76198858884326e-07 20400
14.75 2.678499954823156e-09 3.239985903873219e-07 19040
15 2.281825215917613e-09 2.78541562074167e-07 18252
15.25 1.899757368030618e-09 2.388357669264116e-07 16760
15.5 1.607949762688306e-09 2.06254627329416e-07 15776
15.75 1.275170774264942e-09 1.642789856283861e-07 13704
16 1.098028134892384e-09 1.493148483272944e-07 13112
16.25 9.105750004380575e-10 1.233253541511215e-07 11652
16.5 6.884565401525881e-10 9.575375961708224e-08 9776
16.75 5.530603562683451e-10 7.648360353394822e-08 8448
17 3.811826773790923e-10 5.728028271548212e-08 7013
17.25 2.625178281393423e-10 3.970081879010413e-08 5546
17.5 2.054456118497629e-10 3.184925609982437e-08 4722
17.75 1.474744120617449e-10 2.421994562250628e-08 3782
18 1.159256517099022e-10 1.880236240290462e-08 3174
18.25 8.910785060713561e-11 1.480320182877851e-08 2582
18.5 6.607131974620412e-11 1.040681578337352e-08 1928
18.75 5.108290468079757e-11 9.006353637574592e-09 1662
19 4.056666184418263e-11 7.390375081781636e-09 1256
19.25 2.792317725367904e-11 4.498268342149635e-09 864
19.5 1.227965403673044e-11 2.438479622994638e-09 428
19.75 1.394112096523133e-11 2.627367597003424e-09 456
20 8.188654806789423e-12 1.695141775072889e-09 248
20.25 4.805953133431188e-12 8.805059466407705e-10 104
20.5 4.914917122934629e-13 9.45033808380467e-11 18
20.75 8.608923795336041e-14 6.435248066717542e-11 7

0.25 1.287469096947342e-06 1.838029317107162e-07 18
0.5 2.635865672062732e-06 1.57714872290159e-07 62
0.75 3.026957127753348e-07 6.921970939607153e-08 98
1 2.000861047281061e-07 9.558071207436694e-08 210
1.25 1.007150548673858e-07 1.399432404738597e-07 350
1.5 9.337993902994576e-08 1.990756566343693e-07 450
1.75 1.052016307211234e-07 5.005742438411897e-07 602
2 1.739020265106368e-07 1.060170341449925e-06 762
2.25 2.629710831844148e-07 2.141576333617209e-06 1142
2.5 3.320369306113407e-07 2.233133574753719e-06 1250
2.75 2.188646772120785e-07 1.830354729602821e-06 1458
3 1.46089584675072e-07 1.612068007520447e-06 1814
3.25 1.427418696305584e-07 1.571829640306333e-06 2178
3.5 1.294020505795472e-07 1.79523266173468e-06 2498
3.75 1.168806676886212e-07 1.644479924949101e-06 2622
4 1.262974486755261e-07 2.068470862119117e-06 3338
4.25 1.152048327466238e-07 2.262616717934634e-06 3722
4.5 1.150089689542172e-07 2.346337197731878e-06 4170
4.75 1.048269963967188e-07 2.325200554158403e-06 4358
5 1.095650328518108e-07 2.688946747745541e-06 5034
5.25 1.078912801812535e-07 2.833299725660467e-06 5714
5.5 9.886709186005709e-08 2.748718167721082e-06 5982
5.75 9.608028549077324e-08 2.990494306643984e-06 6602
6 9.455614302065236e-08 3.055611345481724e-06 7130
6.25 8.985356677982299e-08 3.298301907911448e-06 8034
6.5 8.885084736909059e-08 3.318908015434951e-06 8606
6.75 8.190035667287438e-08 3.413121227776332e-06 9066
7 8.143012781997746e-08 3.567186309901968e-06 9962
7.25 7.666996498620634e-08 3.519617861370134e-06 10550
7.5 7.327171632923445e-08 3.514532316142858e-06 11226
7.75 7.103836396792077e-08 3.540571432149714e-06 12146
8 6.39181665294233e-08 3.376912729167583e-06 12606
8.25 6.195778897866322e-08 3.435319831955978e-06 13802
8.5 5.853279054907742e-08 3.319100659547681e-06 14754
8.75 5.195655795740236e-08 3.127795855074591e-06 15194
9 4.870917717673328e-08 3.008764365796829e-06 16454
9.25 4.414223221132177e-08 2.855329462597334e-06 17154
9.5 4.06729663859071e-08 2.748960401007883e-06 18266
9.75 3.677665755305342e-08 2.524652171189078e-06 18750
10 3.460223344183742e-08 2.471097992207295e-06 20234
10.25 3.184814995787657e-08 2.386013531537687e-06 21450
10.5 2.820749136700809e-08 2.177181351111376e-06 21962
10.75 2.695690006152454e-08 2.056979820532839e-06 23462
11 2.420751690581993e-08 1.930639050156676e-06 24042
11.25 2.34907408768544e-08 1.876256866610021e-06 25946
11.5 2.098633063647742e-08 1.749248732899418e-06 26118
11.75 2.053788695039722e-08 1.696547296422523e-06 27506
12 1.911515437464206e-08 1.615900876768044e-06 28631
12.25 1.699143743200524e-08 1.454119997194511e-06 28596
12.5 1.373720922819181e-08 1.250448636030771e-06 27848
12.75 1.142015849974665e-08 1.085789213503988e-06 26544
13 9.715681076265306e-09 9.635117811550088e-07 26456
13.25 8.1032101424374e-09 8.125532728633389e-07 25284
13.5 6.586689724056774e-09 6.930354432617901e-07 24260
13.75 5.595186730150593e-09 5.973186059381479e-07 23312
14 4.526809150142203e-09 5.226789401163632e-07 22368
14.25 3.901039879670125e-09 4.556097388084803e-07 21872
14.5 3.244581894293801e-09 3.907899377602808e-07 20400
14.75 2.718249161746626e-09 3.346853517885964e-07 19040
15 2.319897201754719e-09 2.878988724349627e-07 18252
15.25 1.932782535586253e-09 2.451589875650809e-07 16760
15.5 1.661267686480543e-09 2.119650378460758e-07 15776
15.75 1.298038692584265e-09 1.709572458464071e-07 13704
16 1.155451763740696e-09 1.501613512418159e-07 13112
16.25 9.321170105752328e-10 1.259465030157955e-07 11652
16.5 7.040710271313284e-10 9.861854087840598e-08 9776
16.75 5.54372035543764e-10 7.977751252102998e-08 8448
17 3.934007190348777e-10 5.842524716760021e-08 7013
17.25 2.667609232605513e-10 4.133554857756165e-08 5546
17.5 2.076288182701878e-10 3.34003107833688e-08 4722
17.75 1.510044921407031e-10 2.487942690532007e-08 3782
18 1.182857502598662e-10 1.936094548945403e-08 3174
18.25 9.379978247640381e-11 1.453754455091027e-08 2582
18.5 6.72844805249107e-11 1.067168684839251e-08 1928
18.75 4.992584546248362e-11 9.449991271359731e-09 1662
19 4.127786205181609e-11 7.463846823517493e-09 1256
19.25 2.81214971825827e-11 4.532037340429026e-09 864
19.5 1.360319509438262e-11 2.279828361623265e-09 428
19.75 1.365782563205191e-11 2.717636103795457e-09 456
20 8.702079764918193e-12 1.603120538128703e-09 248
20.25 4.788112324075766e-12 8.845392656404685e-10 104
20.5 5.314742797417573e-13 9.295007443593746e-11 18
20.75 2.144904542283411e-13 6.044953381027664e-11 7

0.25 3.622311850977377e-07 8.237150793615985e-07 18
0.5 1.139838487401099e-07 1.454976636621012e-06 62
0.75 2.802160819116731e-08 1.747052961703961e-07 98
1 3.806686923016166e-08 1.41364513070413e-07 210
1.25 4.826325611023595e-08 1.606670977828228e-07 350
1.5 7.285489720849831e-08 1.685948033557471e-07 450
1.75 1.118372280184522e-07 3.811699437222928e-07 602
2 1.98066105948886e-07 8.160209668262493e-07 762
2.25 2.92005456801574e-07 1.767211537900771e-06 1142
2.5 3.070390703203051e-07 2.20671362312665e-06 1250
2.75 2.063924400868548e-07 1.776485808764852e-06 1458
3 1.474678438656055e-07 1.457912986047e-06 1814
3.25 1.316752832388134e-07 1.510798047722057e-06 2178
3.5 1.361233576566487e-07 1.58939704170476e-06 2498
3.75 1.124074776206658e-07 1.576137826180207e-06 2622
4 1.208435104138766e-07 1.908744262433026e-06 3338
4.25 1.156629806727302e-07 2.123365496552472e-06 3722
4.5 1.136736874181695e-07 2.210840650879193e-06 4170
4.75 1.029580912251149e-07 2.238636767163953e-06 4358
5 1.075001305952432e-07 2.519674991754366e-06 5034
5.25 1.024309388350355e-07 2.726728768252319e-06 5714
5.5 9.234824773122577e-08 2.673991974866242e-06 5982
5.75 9.411450323674083e-08 2.838585270361818e-06 6602
6 9.060849942675857e-08 2.938246657007222e-06 7130
6.25 8.93070362885268e-08 3.1298527758845e-06 8034
6.5 8.650972548389492e-08 3.193764302853516e-06 8606
6.75 8.090957740783195e-08 3.237656361075854e-06 9066
7 8.081712451414817e-08 3.378645871446144e-06 9962
7.25 7.607209981227872e-08 3.385335214467356e-06 10550
7.5 7.255709708729675e-08 3.366783220361898e-06 11226
7.75 6.91298823977991e-08 3.441256712023329e-06 12146
8 6.329816974487111e-08 3.197934759400213e-06 12606
8.25 6.093303104181798e-08 3.281254611211563e-06 13802
8.5 5.688543567903845e-08 3.259780714032517e-06 14754
8.75 5.143352755761199e-08 3.010805918878808e-06 15194
9 4.805230399649461e-08 2.977067351537236e-06 16454
9.25 4.397342836469366e-08 2.773496057546273e-06 17154
9.5 4.034373512503825e-08 2.673811628215337e-06 18266
9.75 3.577863586696916e-08 2.508457999124704e-06 18750
10 3.420011480055946e-08 2.40636372642016e-06 20234
10.25 3.195962510843096e-08 2.309039033586912e-06 21450
10.5 2.82325567818488e-08 2.126507595232688e-06 21962
10.75 2.682246395583418e-08 2.051971450802604e-06 23462
11 2.416617551493174e-08 1.909779465109832e-06 24042
11.25 2.325031080167151e-08 1.873593721194697e-06 25946
11.5 2.128296138651903e-08 1.717456724674993e-06 26118
11.75 2.067976540593598e-08 1.689706044716982e-06 27506
12 1.943740819706742e-08 1.606175802381108e-06 28631
12.25 1.708916469942127e-08 1.473010709022614e-06 28596
12.5 1.379628999702121e-08 1.266816973697811e-06 27848
12.75 1.142042215635088e-08 1.105541884656366e-06 26544
13 9.873157288285927e-09 9.642957417535778e-07 26456
13.25 8.079567595709002e-09 8.300793826171883e-07 25284
13.5 6.720693422675587e-09 6.951094985762559e-07 24260
13.75 5.556310411869283e-09 6.098886520855924e-07 23312
14 4.656751249849347e-09 5.240344260233336e-07 22368
14.25 3.999248076229555e-09 4.597092294758015e-07 21872
14.5 3.350722324216648e-09 3.941564216047219e-07 20400
14.75 2.797356837231214e-09 3.356658126365461e-07 19040
15 2.375804437918373e-09 2.905569494469577e-07 18252
15.25 1.98192594910534e-09 2.477145940706237e-07 16760
15.5 1.694093949634338e-09 2.14844645169457e-07 15776
15.75 1.324944875868086e-09 1.725674569308232e-07 13704
16 1.155413957780418e-09 1.554731316539765e-07 13112
16.25 9.58951020501664e-10 1.287173130550388e-07 11652
16.5 7.173198650351647e-10 1.004119984806562e-07 9776
16.75 5.684177913601417e-10 8.163162826939479e-08 8448
17 3.937772334477497e-10 5.9965719160103e-08 7013
17.25 2.715257084168152e-10 4.162578106472291e-08 5546
17.5 2.139992036297384e-10 3.266020645905836e-08 4722
17.75 1.565545565948514e-10 2.506546053176607e-08 3782
18 1.224341503898698e-10 1.939874620986103e-08 3174
18.25 9.226574888509766e-11 1.515850896688485e-08 2582
18.5 6.569616924388502e-11 1.126047197747552e-08 1928
18.75 4.956271978053678e-11 9.624147838457567e-09 1662
19 4.266980177820698e-11 7.220194381236196e-09 1256
19.25 2.683820143577295e-11 4.761591098810209e-09 864
19.5 1.424036100130025e-11 2.243311173285354e-09 428
19.75 1.307724823631674e-11 2.711680282912935e-09 456
20 8.84698882983545e-12 1.471904514247021e-09 248
20.25 4.560128515021135e-12 7.930126759977899e-10 104
20.5 4.439653789055333e-13 9.029973438203231e-11 18
20.75 2.979743881746622e-13 4.230197450443527e-11 7

0.25 8.113514998470213e-07 7.144495111940124e-07 18
0.5 1.594040453344091e-06 5.45167914115222e-07 62
0.75 1.787026924964619e-07 1.049710254049332e-07 98
1 1.258062486637879e-07 1.142460054608697e-07 210
1.25 6.911176826255325e-08 1.200052893140431e-07 350
1.5 6.864989659324737e-08 1.983025609228775e-07 450
1.75 1.00781060068489e-07 3.843694395499622e-07 602
2 1.679466597408173e-07 8.479912640722649e-07 762
2.25 2.807138047765721e-07 1.427587148203244e-06 1142
2.5 2.570371723695843e-07 2.020210282642394e-06 1250
2.75 1.889081136572054e-07 1.537423388929788e-06 1458
3 1.34995335177501e-07 1.393139786934232e-06 1814
3.25 1.25166518273822e-07 1.405338978825211e-06 2178
3.5 1.232945768500812e-07 1.568839258448267e-06 2498
3.75 1.027047076962341e-07 1.546433758464408e-06 2622
4 1.121623724233247e-07 1.870616765691818e-06 3338
4.25 1.130645574341886e-07 1.994790785569217e-06 3722
4.5 1.081406876531777e-07 2.198902609191819e-06 4170
4.75 9.844874653436694e-08 2.155146546615517e-06 4358
5 1.037172698064999e-07 2.422759888049013e-06 5034
5.25 9.941647379775611e-08 2.701631538157087e-06 5714
5.5 9.26997389357539e-08 2.573461169191313e-06 5982
5.75 9.289700210151888e-08 2.754416695826692e-06 6602
6 8.865944140449704e-08 2.905922895883691e-06 7130
6.25 8.742059247290109e-08 3.059094820925201e-06 8034
6.5 8.195712130621121e-08 3.225999049569363e-06 8606
6.75 7.955045327833576e-08 3.180935359647754e-06 9066
7 7.853906137099969e-08 3.352178027831758e-06 9962
7.25 7.364005098925663e-08 3.389296006295766e-06 10550
7.5 7.145236296825674e-08 3.313122753964849e-06 11226
7.75 6.70711698917075e-08 3.450711595398647e-06 12146
8 6.181856701452498e-08 3.197442234152417e-06 12606
8.25 6.02863593484905e-08 3.254941042221785e-06 13802
8.5 5.615758003744971e-08 3.282973807393344e-06 14754
8.75 5.015429651274411e-08 3.083354748382161e-06 15194
9 4.732182965851278e-08 3.014922006149422e-06 16454
9.25 4.357516408764131e-08 2.764150264927768e-06 17154
9.5 3.99606562853514e-08 2.708891804991377e-06 18266
9.75 3.637488027393352e-08 2.508662756684688e-06 18750
10 3.406477498631375e-08 2.442378535609218e-06 20234
10.25 3.204110141914027e-08 2.338350799345688e-06 21450
10.5 2.898635669899432e-08 2.128714425624839e-06 21962
10.75 2.739222963696054e-08 2.073066697950562e-06 23462
11 2.428778574127133e-08 1.94477893672733e-06 24042
11.25 2.375335691180099e-08 1.91684474256026e-06 25946
11.5 2.140421809659505e-08 1.772698530167754e-06 26118
11.75 2.090989621415347e-08 1.727948163147679e-06 27506
12 1.959597149765311e-08 1.675034043578163e-06 28631
12.25 1.729136181572052e-08 1.521032904664236e-06 28596
12.5 1.407079700352534e-08 1.303602112842574e-06 27848
12.75 1.1741672203515e-08 1.124986935054452e-06 26544
13 9.940139045165186e-09 1.011866646115818e-06 26456
13.25 8.294308810536735e-09 8.488935039127003e-07 25284
13.5 6.749581858618776e-09 7.338571138963843e-07 24260
13.75 5.721738970867946e-09 6.238827214915751e-07 23312
14 4.759787073794475e-09 5.44316612010586e-07 22368
14.25 4.116039204396401e-09 4.743949793714663e-07 21872
14.5 3.453182048476855e-09 4.063627701788048e-07 20400
14.75 2.834258398773246e-09 3.541176491180239e-07 19040
15 2.478811080933311e-09 2.98415252409395e-07 18252
15.25 2.078721344127944e-09 2.531910666037909e-07 16760
15.5 1.72110214067192e-09 2.2465470562886e-07 15776
15.75 1.3747513719342e-09 1.764994022079644e-07 13704
16 1.202281109297282e-09 1.585909387098487e-07 13112
16.25 9.846476505420047e-10 1.346618037706578e-07 11652
16.5 7.508998503564333e-10 1.027704429093403e-07 9776
16.75 6.055331880651452e-10 8.241462595271802e-08 8448
17 4.108529286445241e-10 6.13881336908928e-08 7013
17.25 2.816770800595071e-10 4.282243830867386e-08 5546
17.5 2.20858082552761e-10 3.394062699947808e-08 4722
17.75 1.631715071205649e-10 2.572067414256238e-08 3782
18 1.24619347943799e-10 2.041068901708142e-08 3174
18.25 9.679539523503873e-11 1.517595674420896e-08 2582
18.5 6.912930982596161e-11 1.126010266697488e-08 1928
18.75 5.834056580297781e-11 9.104619331058437e-09 1662
19 4.249938224948883e-11 7.394428513094023e-09 1256
19.25 2.769524112433098e-11 4.931546786888563e-09 864
19.5 1.537612826081447e-11 2.345932898473523e-09 428
19.75 1.37704932326317e-11 2.666313826001207e-09 456
20 9.213755015584793e-12 1.414007868300968e-09 248
20.25 4.655758613680508e-12 7.620545875473141e-10 104
20.5 4.958656598919802e-13 1.017634343018123e-10 18
20.75 3.842935641150054e-13 2.57103718090799e-11 7

0.25 1.27639884894124e-06 3.726265545073777e-07 18
0.5 9.433244545645246e-07 8.021072275920137e-07 62
0.75 1.317245730451376e-07 1.152840448163128e-07 98
1 9.180309230049171e-08 1.123661574227347e-07 210
1.25 5.446664078603329e-08 1.197738425217088e-07 350
1.5 5.199727587176841e-08 2.008413774364676e-07 450
1.75 8.205273089762534e-08 3.5949235936243e-07 602
2 1.375173714269326e-07 7.691949658853856e-07 762
2.25 2.328643939132834e-07 1.270903641193752e-06 1142
2.5 2.437613311558458e-07 1.70594635831399e-06 1250
2.75 1.743318732475834e-07 1.446474851114255e-06 1458
3 1.269608413331123e-07 1.308552387978194e-06 1814
3.25 1.218842680190453e-07 1.364478789507991e-06 2178
3.5 1.180388623688352e-07 1.490129805858894e-06 2498
3.75 1.006523285237537e-07 1.488824556799123e-06 2622
4 1.09916791744264e-07 1.792230661289898e-06 3338
4.25 1.089588962813466e-07 1.940987981966762e-06 3722
4.5 1.03642161472437e-07 2.137263141994586e-06 4170
4.75 9.561611894995906e-08 2.121037944991456e-06 4358
5 9.739061003360514e-08 2.439144759661943e-06 5034
5.25 9.658639998342094e-08 2.583432087344081e-06 5714
5.5 8.959097210206157e-08 2.513181000583499e-06 5982
5.75 8.980126174574752e-08 2.714113237106103e-06 6602
6 8.576323702744038e-08 2.866403444964067e-06 7130
6.25 8.578280497913065e-08 2.982699218195339e-06 8034
6.5 8.256660729950133e-08 3.05758508704419e-06 8606
6.75 7.822790550066027e-08 3.095456989453517e-06 9066
7 7.694675619700273e-08 3.271815698330393e-06 9962
7.25 7.334751611468264e-08 3.215655416150309e-06 10550
7.5 6.94303319733557e-08 3.255292851399136e-06 11226
7.75 6.761225951649495e-08 3.271045263843877e-06 12146
8 6.032948479828907e-08 3.139602015578111e-06 12606
8.25 5.935200809083564e-08 3.186982506826782e-06 13802
8.5 5.561585755928791e-08 3.157729491814899e-06 14754
8.75 4.977371680853709e-08 2.959592847151249e-06 15194
9 4.698943829306228e-08 2.925055082343952e-06 16454
9.25 4.206984851593453e-08 2.749349036411201e-06 17154
9.5 3.912242852796994e-08 2.664415847273234e-06 18266
9.75 3.572537001548481e-08 2.453969220979933e-06 18750
10 3.402478939375871e-08 2.389824361704286e-06 20234
10.25 3.138265900783543e-08 2.327490103844912e-06 21450
10.5 2.818001263770518e-08 2.12889995354205e-06 21962
10.75 2.705858900258011e-08 2.049701100425322e-06 23462
11 2.408575196758675e-08 1.920522912402268e-06 24042
11.25 2.361048014850124e-08 1.893183586242526e-06 25946
11.5 2.147095974512638e-08 1.7564167558551e-06 26118
11.75 2.082588018843344e-08 1.71211598682781e-06 27506
12 1.966784999665369e-08 1.645924795325194e-06 28631
12.25 1.73167136658097e-08 1.529467401924539e-06 28596
12.5 1.40615984093274e-08 1.298037943397505e-06 27848
12.75 1.175706463108453e-08 1.125299081249782e-06 26544
13 1.009878886999786e-08 9.919615527798235e-07 26456
13.25 8.200201725560214e-09 8.565287090186565e-07 25284
13.5 6.865310157953142e-09 7.30343282846555e-07 24260
13.75 5.751112522716107e-09 6.30627758885509e-07 23312
14 4.818228539047544e-09 5.531562973135834e-07 22368
14.25 4.190125784441912e-09 4.759534707685709e-07 21872
14.5 3.482291558542537e-09 4.149178306792134e-07 20400
14.75 2.965774902099607e-09 3.491837414051375e-07 19040
15 2.487519064992834e-09 3.075236823420187e-07 18252
15.25 2.059276304492011e-09 2.645934911373159e-07 16760
15.5 1.768797673496182e-09 2.279901971494125e-07 15776
15.75 1.385461526915806e-09 1.812353001940631e-07 13704
16 1.233601166293164e-09 1.642600994647754e-07 13112
16.25 1.012379866452783e-09 1.358852084468482e-07 11652
16.5 7.474059525724936e-10 1.066289813947996e-07 9776
16.75 6.102802197310722e-10 8.499384706070878e-08 8448
17 4.171921850613476e-10 6.273792364151052e-08 7013
17.25 2.955727623211494e-10 4.28682186851631e-08 5546
17.5 2.231796635065181e-10 3.532510092443963e-08 4722
17.75 1.644085513162552e-10 2.624299794893343e-08 3782
18 1.287594364365468e-10 2.072775675816085e-08 3174
18.25 9.89267229573934e-11 1.544034777473165e-08 2582
18.5 7.043235893133962e-11 1.128514367836996e-08 1928
18.75 5.871820102166429e-11 9.337093558361016e-09 1662
19 4.269821461611464e-11 7.238781682118102e-09 1256
19.25 2.883204915412204e-11 4.7818629229272e-09 864
19.5 1.594557729238829e-11 2.259931895278631e-09 428
19.75 1.498703691199012e-11 2.581146142242925e-09 456
20 9.392945446139655e-12 1.370960987245561e-09 248
20.25 4.232901768918348e-12 8.545789689391593e-10 104
20.5 4.749950030590838e-13 1.042820256273313e-10 18
20.75 3.509961884086839e-13 1.523103287812114e-11 7

0.25 1.297698745913672e-07 1.084504730485028e-06 18
0.5 2.200847512109265e-07 8.332207614803334e-07 62
0.75 4.204087339346968e-08 1.210909845110233e-07 98
1 3.722149550952453e-08 1.076816852998943e-07 210
1.25 4.555343064913117e-08 1.036664325341599e-07 350
1.5 5.355677400152821e-08 1.737976499624982e-07 450
1.75 8.720637747145658e-08 3.149184221877962e-07 602
2 1.423186294410129e-07 6.545974279418756e-07 762
2.25 2.239088617050203e-07 1.192046639821202e-06 1142
2.5 2.118711137640969e-07 1.706581947480429e-06 1250
2.75 1.613022353061903e-07 1.328249135136118e-06 1458
3 1.194824848604279e-07 1.212373806735611e-06 1814
3.25 1.180534799027372e-07 1.263402185108735e-06 2178
3.5 1.129448400210513e-07 1.448264881404049e-06 2498
3.75 9.514370682629904e-08 1.390973849229495e-06 2622
4 1.075771216458197e-07 1.69042181580322e-06 3338
4.25 1.015899084793129e-07 1.878083491278559e-06 3722
4.5 1.011060582537633e-07 2.033027984957108e-06 4170
4.75 9.268507691947163e-08 1.973056423212271e-06 4358
5 9.407204822365026e-08 2.270020941184641e-06 5034
5.25 9.265675130878475e-08 2.511752499585016e-06 5714
5.5 8.586162601652295e-08 2.426662716048068e-06 5982
5.75 8.606292207669029e-08 2.625542385714636e-06 6602
6 8.503292626551923e-08 2.691931561201834e-06 7130
6.25 8.418286000282879e-08 2.832197985748546e-06 8034
6.5 7.965561511450558e-08 3.012595525694195e-06 8606
6.75 7.59856373613105e-08 2.975667291222675e-06 9066
7 7.574562435118099e-08 3.117281758582975e-06 9962
7.25 7.05583200314003e-08 3.13667579646497e-06 10550
7.5 6.705098190068485e-08 3.239892442261727e-06 11226
7.75 6.418420783753618e-08 3.24932367877816e-06 12146
8 5.895660769212771e-08 3.059231739896205e-06 12606
8.25 5.685220364707021e-08 3.183408828055514e-06 13802
8.5 5.495632661930747e-08 3.07812265992411e-06 14754
8.75 4.911739988403865e-08 2.88808158740853e-06 15194
9 4.632454374011782e-08 2.856773911328912e-06 16454
9.25 4.145071882587992e-08 2.68902452501522e-06 17154
9.5 3.928756005505966e-08 2.592191214327544e-06 18266
9.75 3.50996876061045e-08 2.422694788444972e-06 18750
10 3.357570867281097e-08 2.369894135187511e-06 20234
10.25 3.142576460652286e-08 2.277042103954822e-06 21450
10.5 2.799192910963218e-08 2.115094914208776e-06 21962
10.75 2.654498395617327e-08 2.059298616436872e-06 23462
11 2.407317434617081e-08 1.902285373748713e-06 24042
11.25 2.395362424329281e-08 1.867940170207172e-06 25946
11.5 2.161663131087253e-08 1.738381758811362e-06 26118
11.75 2.071312179570986e-08 1.735654905578452e-06 27506
12 1.974682040174489e-08 1.651313846190492e-06 28631
12.25 1.748659604739943e-08 1.509431302711919e-06 28596
12.5 1.409190527806055e-08 1.29739672557182e-06 27848
12.75 1.191414910367281e-08 1.136139914965426e-06 26544
13 1.018445819033537e-08 1.002563489297357e-06 26456
13.25 8.5046604457168e-09 8.542022009939573e-07 25284
13.5 6.992820453073371e-09 7.361010414265036e-07 24260
13.75 5.814821192323465e-09 6.393962374602481e-07 23312
14 4.924652590055513e-09 5.569340669802368e-07 22368
14.25 4.246266934550334e-09 4.804474393693083e-07 21872
14.5 3.576993677067085e-09 4.174339217082461e-07 20400
14.75 2.985606947824223e-09 3.6026582128845e-07 19040
15 2.554914901776594e-09 3.122336300518386e-07 18252
15.25 2.118505951230184e-09 2.701558062044497e-07 16760
15.5 1.835278007451515e-09 2.304399995786493e-07 15776
15.75 1.435016987906222e-09 1.831125612877978e-07 13704
16 1.258748193271665e-09 1.659266193040065e-07 13112
16.25 1.038769622808617e-09 1.386260402333956e-07 11652
16.5 7.807946038902222e-10 1.076876930936495e-07 9776
16.75 6.234115446561251e-10 8.872605160990366e-08 8448
17 4.366291300661908e-10 6.321402618645558e-08 7013
17.25 2.928137141228663e-10 4.503939663748086e-08 5546
17.5 2.29246002916659e-10 3.560656909447474e-08 4722
17.75 1.69658896710304e-10 2.720908639635987e-08 3782
18 1.307083409713115e-10 2.144960128429889e-08 3174
18.25 1.022863931368293e-10 1.606518539517223e-08 2582
18.5 6.868517531202268e-11 1.195216022492667e-08 1928
18.75 5.912280053690154e-11 9.477696412799989e-09 1662
19 4.566933021919304e-11 6.85762084157543e-09 1256
19.25 2.991108184483103e-11 4.8128981779826e-09 864
19.5 1.532089730991776e-11 2.285565936414526e-09 428
19.75 1.531708939450969e-11 2.654232029612635e-09 456
20 8.745344303309037e-12 1.400800350840792e-09 248
20.25 3.768408335910595e-12 9.081566385925131e-10 104
20.5 6.219424761819634e-13 6.945729243053156e-11 18
20.75 3.571559017330555e-13 3.125289794347627e-11 7

0.25 1.524071170905684e-06 2.353333398213501e-07 18
0.5 1.206136628137055e-06 6.362613647885343e-08 62
0.75 2.112544290713606e-07 4.251251893436372e-08 98
1 1.264570624352275e-07 5.935093139079625e-08 210
1.25 5.565606940215163e-08 1.180511435670365e-07 350
1.5 6.546976832474421e-08 1.686143392337336e-07 450
1.75 7.468188372411308e-08 3.262591730164365e-07 602
2 1.258196285868819e-07 5.943777288862425e-07 762
2.25 1.788904702102151e-07 1.203877034241709e-06 1142
2.5 1.835337059533911e-07 1.474341410483186e-06 1250
2.75 1.360188777200089e-07 1.249670020325334e-06 1458
3 1.088397648093552e-07 1.101280641290434e-06 1814
3.25 1.056205480615731e-07 1.203840385944341e-06 2178
3.5 1.046499763905412e-07 1.372563047431919e-06 2498
3.75 9.058607259043975e-08 1.380249697821906e-06 2622
4 1.003092651763221e-07 1.689136105410506e-06 3338
4.25 9.623202825960993e-08 1.788295111260403e-06 3722
4.5 9.750904829929834e-08 1.912729979792346e-06 4170
4.75 8.63131243568515e-08 1.979841936162907e-06 4358
5 9.08173581763678e-08 2.206812229400577e-06 5034
5.25 8.918037269877092e-08 2.422245218587176e-06 5714
5.5 8.254923836269909e-08 2.414725439708262e-06 5982
5.75 8.201533084718123e-08 2.598877434874186e-06 6602
6 7.976980467162428e-08 2.72740283231372e-06 7130
6.25 7.976772005049827e-08 2.890298046428137e-06 8034
6.5 7.815951178843553e-08 2.943139115948508e-06 8606
6.75 7.530276143984121e-08 2.891324806869586e-06 9066
7 7.274529147022794e-08 3.135595401286175e-06 9962
7.25 6.885192199752097e-08 3.152258256034705e-06 10550
7.5 6.616287331547305e-08 3.162413383105553e-06 11226
7.75 6.488539077887598e-08 3.13770732463478e-06 12146
8 5.820580210457016e-08 3.035331924804485e-06 12606
8.25 5.588335592198148e-08 3.169608782022887e-06 13802
8.5 5.434877068132065e-08 3.088002216123417e-06 14754
8.75 4.817205720462511e-08 2.869963990053606e-06 15194
9 4.515679154890205e-08 2.848647777321079e-06 16454
9.25 4.188167653758084e-08 2.656096763997922e-06 17154
9.5 3.875772277381153e-08 2.609716809331903e-06 18266
9.75 3.496551819134888e-08 2.434535425916089e-06 18750
10 3.282971316851087e-08 2.404051389757398e-06 20234
10.25 3.105423403629654e-08 2.292135960905821e-06 21450
10.5 2.820108472265844e-08 2.108525111725984e-06 21962
10.75 2.665889296920238e-08 2.063113036822659e-06 23462
11 2.412135920208434e-08 1.922870955114243e-06 24042
11.25 2.358893067471576e-08 1.918606684034175e-06 25946
11.5 2.145947456106408e-08 1.777844501905794e-06 26118
11.75 2.075461725392387e-08 1.747882633933294e-06 27506
12 1.98578629330515e-08 1.67631394583569e-06 28631
12.25 1.749224562003772e-08 1.526399746468825e-06 28596
12.5 1.435630234194673e-08 1.316618529843989e-06 27848
12.75 1.20148527839726e-08 1.159000680937444e-06 26544
13 1.038139021180689e-08 1.016564476543136e-06 26456
13.25 8.551935311930846e-09 8.785177043097359e-07 25284
13.5 7.050779717898124e-09 7.507558014301961e-07 24260
13.75 5.921481619567494e-09 6.500189798864023e-07 23312
14 5.003185546855198e-09 5.667960023260368e-07 22368
14.25 4.330061390399755e-09 4.932704259133971e-07 21872
14.5 3.663340827603108e-09 4.245544496022129e-07 20400
14.75 3.051514955471058e-09 3.713272408787969e-07 19040
15 2.56475249275342e-09 3.215674697445009e-07 18252
15.25 2.163346619547558e-09 2.734418526269099e-07 16760
15.5 1.854416752295233e-09 2.366362853652158e-07 15776
15.75 1.456683656761339e-09 1.880666025348938e-07 13704
16 1.300576083556699e-09 1.709836273328299e-07 13112
16.25 1.083471815887599e-09 1.388174648202788e-07 11652
16.5 7.954674016410496e-10 1.095850056050681e-07 9776
16.75 6.453326588358457e-10 8.954946172328116e-08 8448
17 4.45324192240942e-10 6.437241422072183e-08 7013
17.25 3.024377144950736e-10 4.58505181699461e-08 5546
17.5 2.344490097313426e-10 3.6596845701927e-08 4722
17.75 1.735576545795215e-10 2.710724769683891e-08 3782
18 1.301281696823036e-10 2.202113146632433e-08 3174
18.25 1.017200523613452e-10 1.678624431675776e-08 2582
18.5 7.356994363997203e-11 1.179319513647423e-08 1928
18.75 5.642833472832643e-11 1.03067413589669e-08 1662
19 4.564254602956533e-11 7.133167064266632e-09 1256
19.25 2.925259762059097e-11 4.877635503835698e-09 864
19.5 1.486977387027981e-11 2.388780578801857e-09 428
19.75 1.486382556294948e-11 2.793306745762484e-09 456
20 8.308346106197215e-12 1.560141453174833e-09 248
20.25 3.481028636124606e-12 9.049507739806566e-10 104
20.5 7.740050829135252e-13 6.916695206106418e-11 18
20.75 2.806404949050253e-13 5.043855754927856e-11 7

0.25 6.697175575402702e-07 7.81499346365426e-07 18
0.5 1.428834608928943e-07 5.710244731253995e-07 62
0.75 4.41783974390811e-08 1.157152178306555e-07 98
1 4.143594317880567e-08 9.031016112905903e-08 210
1.25 3.454264806727326e-08 1.22690120649959e-07 350
1.5 4.614090920361342e-08 1.661325621630627e-07 450
1.75 6.960891228690892e-08 2.726225028324985e-07 602
2 1.079506472998481e-07 5.358346004473718e-07 762
2.25 1.64357064636469e-07 1.113859129659766e-06 1142
2.5 1.819151882487683e-07 1.296382203435295e-06 1250
2.75 1.399542074233783e-07 1.10575278478774e-06 1458
3 1.115417712284259e-07 9.643878305215073e-07 1814
3.25 1.030750090807252e-07 1.183707452534998e-06 2178
3.5 1.082935279504932e-07 1.255003634155253e-06 2498
3.75 9.015471565235412e-08 1.283230875391996e-06 2622
4 1.020977482306345e-07 1.557159914795235e-06 3338
4.25 9.468574441041587e-08 1.717195065381853e-06 3722
4.5 9.331195867414924e-08 1.827925643109383e-06 4170
4.75 8.716325381714948e-08 1.824217276013313e-06 4358
5 8.946473874237769e-08 2.121942105753461e-06 5034
5.25 8.655738043560317e-08 2.26400506757871e-06 5714
5.5 8.219579659585419e-08 2.309209028496693e-06 5982
5.75 7.810824526141907e-08 2.568181420476438e-06 6602
6 7.784008862683208e-08 2.597667515817725e-06 7130
6.25 7.908234510933611e-08 2.756259771499655e-06 8034
6.5 7.724868737993615e-08 2.787075117788571e-06 8606
6.75 7.174902776049458e-08 2.851010421156104e-06 9066
7 7.147804857405223e-08 2.986918332982403e-06 9962
7.25 6.86196288714098e-08 3.034805535209603e-06 10550
7.5 6.519446157199194e-08 3.052390693196167e-06 11226
7.75 6.149519237107307e-08 3.130157122060708e-06 12146
8 5.691070493845904e-08 2.968289579690299e-06 12606
8.25 5.533284237097008e-08 3.055703560769618e-06 13802
8.5 5.260834563326077e-08 3.021919042522875e-06 14754
8.75 4.696007655043559e-08 2.814961425884009e-06 15194
9 4.434262502262576e-08 2.759156500237651e-06 16454
9.25 4.053980423424808e-08 2.650669149492136e-06 17154
9.5 3.846296028705081e-08 2.526239627593932e-06 18266
9.75 3.473254259891753e-08 2.355296705692899e-06 18750
10 3.246094699838129e-08 2.352931728939308e-06 20234
10.25 3.070948095337776e-08 2.24714625741017e-06 21450
10.5 2.782801723189245e-08 2.065931805859309e-06 21962
10.75 2.642531043945735e-08 2.020148730553295e-06 23462
11 2.419504529579785e-08 1.884233354476749e-06 24042
11.25 2.360996094447353e-08 1.89337663919473e-06 25946
11.5 2.164407663498954e-08 1.747105568804598e-06 26118
11.75 2.070823638317357e-08 1.733073867869508e-06 27506
12 2.00129332946549e-08 1.648815641765585e-06 28631
12.25 1.753174080250868e-08 1.525533902584931e-06 28596
12.5 1.438388738406657e-08 1.303717273799964e-06 27848
12.75 1.197994362054809e-08 1.149630436008155e-06 26544
13 1.035204830471859e-08 1.023529694534609e-06 26456
13.25 8.567754437042594e-09 8.75958605595721e-07 25284
13.5 7.138321827954269e-09 7.500071882587109e-07 24260
13.75 6.028944903069863e-09 6.513026459471515e-07 23312
14 5.0344868776754e-09 5.696518792986855e-07 22368
14.25 4.369275083702541e-09 4.997124163865966e-07 21872
14.5 3.657518901676851e-09 4.338213836227295e-07 20400
14.75 3.0677159765851e-09 3.764895229967967e-07 19040
15 2.606133151421304e-09 3.19438440003827e-07 18252
15.25 2.219785627420879e-09 2.745711720891116e-07 16760
15.5 1.899078762608337e-09 2.382712445040879e-07 15776
15.75 1.478083102013944e-09 1.918912239179883e-07 13704
16 1.317532750524687e-09 1.73893413840367e-07 13112
16.25 1.065142491262801e-09 1.45403445915986e-07 11652
16.5 8.151846656117895e-10 1.092961118592383e-07 9776
16.75 6.542744231331464e-10 9.202013205803494e-08 8448
17 4.561078775714142e-10 6.628334035191842e-08 7013
17.25 3.015925722497002e-10 4.697313564340828e-08 5546
17.5 2.371234880832985e-10 3.681164028679146e-08 4722
17.75 1.676454453399253e-10 2.830339856970674e-08 3782
18 1.331720700086589e-10 2.19814915747355e-08 3174
18.25 9.957209476250957e-11 1.761279855339449e-08 2582
18.5 7.14504516913865e-11 1.216656636003104e-08 1928
18.75 5.757334456519641e-11 1.017432915045516e-08 1662
19 4.513997735606157e-11 7.47973683013712e-09 1256
19.25 3.048227505741363e-11 4.875073845406924e-09 864
19.5 1.505515378339224e-11 2.474738143464772e-09 428
19.75 1.49168876457154e-11 2.83242580036459e-09 456
20 7.706810032549797e-12 1.595546199899541e-09 248
20.25 3.560779853678653e-12 7.968188294552443e-10 104
20.5 5.970448504672933e-13 9.4859159729087e-11 18
20.75 9.764520167588314e-14 7.948443465191737e-11 7

0.25 4.257049990854184e-07 9.507259931294212e-07 18
0.5 3.665203781217225e-07 3.175730059058918e-07 62
0.75 6.098032721741222e-08 9.732553570830737e-08 98
1 5.006045952857155e-08 8.547629017385035e-08 210
1.25 4.956609273378591e-08 9.167978717615086e-08 350
1.5 4.029228343397784e-08 1.559629186035102e-07 450
1.75 6.811270779569025e-08 2.741657115141346e-07 602
2 1.066981447328142e-07 5.016901053707506e-07 762
2.25 1.465853454571873e-07 1.037193610883113e-06 1142
2.5 1.777684652112917e-07 1.060863153246646e-06 1250
2.75 1.223876170137494e-07 1.00511500686085e-06 1458
3 1.074791809954501e-07 9.098723914360218e-07 1814
3.25 9.913106846049105e-08 1.071252373291087e-06 2178
3.5 9.40852357383221e-08 1.270382837438207e-06 2498
3.75 8.723404463002289e-08 1.188735032665212e-06 2622
4 9.536934758664953e-08 1.524894518667744e-06 3338
4.25 9.242627576388988e-08 1.637380158156486e-06 3722
4.5 8.819944075419369e-08 1.777702480515193e-06 4170
4.75 8.093162899694259e-08 1.833024452820993e-06 4358
5 8.694236710771827e-08 2.038105557984689e-06 5034
5.25 8.221971780310548e-08 2.173689655769409e-06 5714
5.5 8.164669252004957e-08 2.246013833611989e-06 5982
5.75 7.804807696231696e-08 2.383210418007521e-06 6602
6 7.688210286245767e-08 2.475152115977917e-06 7130
6.25 7.598663788568082e-08 2.697313570330908e-06 8034
6.5 7.376420326050298e-08 2.785488500721078e-06 8606
6.75 7.006470921879466e-08 2.753709653148604e-06 9066
7 6.930583047141831e-08 2.978525436060488e-06 9962
7.25 6.713546798498423e-08 2.944012989478406e-06 10550
7.5 6.373799632467024e-08 3.001255133845745e-06 11226
7.75 6.021374436011578e-08 3.020018622392073e-06 12146
8 5.488940454122674e-08 2.935466621539099e-06 12606
8.25 5.375387057859316e-08 2.989881152163612e-06 13802
8.5 5.209008491760711e-08 2.963064461122554e-06 14754
8.75 4.60093871774986e-08 2.807588064117823e-06 15194
9 4.399758663199836e-08 2.700970819062255e-06 16454
9.25 4.046523635098369e-08 2.599555794204868e-06 17154
9.5 3.732930676933006e-08 2.548198140719474e-06 18266
9.75 3.395437583026028e-08 2.375867390260526e-06 18750
10 3.261129380025955e-08 2.308095983051284e-06 20234
10.25 3.080994176002388e-08 2.209204249386505e-06 21450
10.5 2.741676347817815e-08 2.061199756002327e-06 21962
10.75 2.626811618665939e-08 2.050871229304845e-06 23462
11 2.418470001573335e-08 1.892671113192425e-06 24042
11.25 2.353601108116469e-08 1.891862137112153e-06 25946
11.5 2.190010971600263e-08 1.748937224576125e-06 26118
11.75 2.101455372456493e-08 1.730573934297175e-06 27506
12 2.002113207502263e-08 1.655792338043478e-06 28631
12.25 1.761801859309071e-08 1.540616216308351e-06 28596
12.5 1.430444397158831e-08 1.339292858093589e-06 27848
12.75 1.218310791640917e-08 1.150620903474587e-06 26544
13 1.053270756333107e-08 1.033074344330621e-06 26456
13.25 8.574431496533759e-09 8.980818198570351e-07 25284
13.5 7.244315356203657e-09 7.554645021859425e-07 24260
13.75 6.089094202249443e-09 6.61592206671469e-07 23312
14 5.129084493777916e-09 5.818136571719344e-07 22368
14.25 4.429386040753976e-09 5.116702747234301e-07 21872
14.5 3.787025850680043e-09 4.368449973711566e-07 20400
14.75 3.138859004058152e-09 3.848898367456993e-07 19040
15 2.659899183131644e-09 3.258415152310023e-07 18252
15.25 2.253673364351467e-09 2.77500424428216e-07 16760
15.5 1.898115462865495e-09 2.456941377346374e-07 15776
15.75 1.494882768707899e-09 1.968142280244031e-07 13704
16 1.35291185424527e-09 1.751601881439049e-07 13112
16.25 1.100106028078988e-09 1.465438974479731e-07 11652
16.5 8.220918039855366e-10 1.133186359270582e-07 9776
16.75 6.762707967495996e-10 9.273404549047117e-08 8448
17 4.702308156197652e-10 6.747904578515479e-08 7013
17.25 3.163693204325915e-10 4.711710524067099e-08 5546
17.5 2.431036136482069e-10 3.74333041862501e-08 4722
17.75 1.837266781855291e-10 2.795368056202888e-08 3782
18 1.360858327909212e-10 2.247317356448486e-08 3174
18.25 1.101990735386668e-10 1.674385598956564e-08 2582
18.5 7.128912103264436e-11 1.237518597337062e-08 1928
18.75 6.000687215366047e-11 1.03160964222718e-08 1662
19 4.491856274384379e-11 7.710135759761804e-09 1256
19.25 3.141120930278909e-11 4.941578176324446e-09 864
19.5 1.568425280319326e-11 2.444736342362077e-09 428
19.75 1.471329022785366e-11 2.929871379654251e-09 456
20 7.38029117510588e-12 1.647729231942069e-09 248
20.25 4.054733140297361e-12 6.497342631798122e-10 104
20.5 5.844666037934078e-13 1.232949344010934e-10 18
20.75 1.297023592714767e-13 7.196806823703814e-11 7

0.25 1.647715586321576e-06 8.246009400552675e-08 18
0.5 5.868206046387812e-07 1.365174283145289e-07 62
0.75 1.457968612264691e-07 4.548429063216429e-08 98
1 1.017216967022852e-07 5.91621579570862e-08 210
1.25 5.825537460410234e-08 8.739019484363818e-08 350
1.5 4.806329539780559e-08 1.466602535444516e-07 450
1.75 5.801889326306952e-08 2.771967808694738e-07 602
2 8.378543820190443e-08 4.845809289059608e-07 762
2.25 1.230544517513063e-07 9.651809403502509e-07 1142
2.5 1.409534362404634e-07 1.080092953440248e-06 1250
2.75 1.127616540605409e-07 8.850648669908082e-07 1458
3 9.539240353730356e-08 9.326577103806032e-07 1814
3.25 9.166636864305915e-08 1.024290451574496e-06 2178
3.5 8.847690427878185e-08 1.190577030353831e-06 2498
3.75 8.025468804893814e-08 1.154410488140042e-06 2622
4 8.797826489664028e-08 1.518916239956454e-06 3338
4.25 8.605987739629624e-08 1.638281400179699e-06 3722
4.5 8.535031021682313e-08 1.716056575838614e-06 4170
4.75 7.947259473850904e-08 1.704689578626627e-06 4358
5 8.165719273944405e-08 1.999555881670204e-06 5034
5.25 8.072436331538607e-08 2.078090367920318e-06 5714
5.5 7.76195066197149e-08 2.212567589543918e-06 5982
5.75 7.601277166194918e-08 2.294711797571604e-06 6602
6 7.359018556950511e-08 2.440922522554897e-06 7130
6.25 7.361510991771047e-08 2.639214786905168e-06 8034
6.5 7.306476280715052e-08 2.673438991750358e-06 8606
6.75 6.813255981017111e-08 2.692825602935416e-06 9066
7 6.860532271506058e-08 2.871786419070908e-06 9962
7.25 6.46383182567771e-08 2.910741746541779e-06 10550
7.5 6.34288017430331e-08 2.9221296205416e-06 11226
7.75 5.935408379013672e-08 2.954986383639934e-06 12146
8 5.438726602841712e-08 2.890791810932887e-06 12606
8.25 5.330514068999778e-08 2.900288517528028e-06 13802
8.5 5.070435026651305e-08 2.937510826274408e-06 14754
8.75 4.502205909577895e-08 2.765855926278705e-06 15194
9 4.389483794689325e-08 2.651116189125056e-06 16454
9.25 3.962511204716106e-08 2.558399753370675e-06 17154
9.5 3.757283512502213e-08 2.47004472321621e-06 18266
9.75 3.38933427070399e-08 2.322887042651896e-06 18750
10 3.186204257047845e-08 2.294636704784033e-06 20234
10.25 3.014896405431494e-08 2.214877743791905e-06 21450
10.5 2.722046679662499e-08 2.032151988774334e-06 21962
10.75 2.617607651645658e-08 2.017172582862001e-06 23462
11 2.383743530381335e-08 1.881951500432454e-06 24042
11.25 2.322460836145653e-08 1.8860526859748e-06 25946
11.5 2.162473691836729e-08 1.755831970899233e-06 26118
11.75 2.08033739866311e-08 1.72435418394833e-06 27506
12 1.964170978147476e-08 1.66084402804909e-06 28631
12.25 1.760574214435935e-08 1.536452182488542e-06 28596
12.5 1.430449779054669e-08 1.330434044413442e-06 27848
12.75 1.211317553444035e-08 1.154485890851323e-06 26544
13 1.045124942650029e-08 1.045627892198186e-06 26456
13.25 8.646261172490351e-09 8.876249380735582e-07 25284
13.5 7.173020832853766e-09 7.678451455137058e-07 24260
13.75 6.046790123435664e-09 6.681685469990992e-07 23312
14 5.195351877167827e-09 5.790936443760732e-07 22368
14.25 4.487242400161507e-09 5.165489245213931e-07 21872
14.5 3.771006637591128e-09 4.39692170548176e-07 20400
14.75 3.1552739674141e-09 3.866493459058856e-07 19040
15 2.679488954767433e-09 3.317681358279024e-07 18252
15.25 2.223583540115122e-09 2.855105075785919e-07 16760
15.5 1.885262390308139e-09 2.539303377787589e-07 15776
15.75 1.510651709678608e-09 2.020329622141202e-07 13704
16 1.347022155280366e-09 1.799756001979017e-07 13112
16.25 1.114247779298238e-09 1.493528344393864e-07 11652
16.5 8.290617136024547e-10 1.124492901827674e-07 9776
16.75 6.707072539562193e-10 9.516504522627017e-08 8448
17 4.752340447155429e-10 6.900950014699238e-08 7013
17.25 3.251289958832588e-10 4.774442793297721e-08 5546
17.5 2.513720033937549e-10 3.742868157082344e-08 4722
17.75 1.78201662085419e-10 2.957308829400805e-08 3782
18 1.354800411422113e-10 2.260046906180959e-08 3174
18.25 1.043010429136385e-10 1.845435877324384e-08 2582
18.5 7.479273200450146e-11 1.203958078692925e-08 1928
18.75 6.226484957602811e-11 1.034145161604768e-08 1662
19 4.516834684250556e-11 7.660245608212088e-09 1256
19.25 3.239800985847993e-11 4.918579990590219e-09 864
19.5 1.522023234733032e-11 2.579913200117387e-09 428
19.75 1.392802038317818e-11 2.930443304669813e-09 456
20 7.138474260183179e-12 1.685805495043038e-09 248
20.25 4.543454752517148e-12 5.512872498651994e-10 104
20.5 5.634930925954475e-13 1.303014109705769e-10 18
20.75 2.189437751491304e-13 4.176061321173863e-11 7

0.25 1.899737269508348e-07 9.825962815417177e-07 18
0.5 4.425842531328697e-08 3.388624749752026e-07 62
0.75 2.133236673803431e-08 8.478473096531434e-08 98
1 2.386957344072301e-08 7.001041920165932e-08 210
1.25 3.017352845043663e-08 8.599138920167035e-08 350
1.5 4.592362603917184e-08 1.200588134729566e-07 450
1.75 5.858963326270355e-08 2.146972911018796e-07 602
2 8.661646743555818e-08 4.217062109586729e-07 762
2.25 1.349420864305273e-07 7.822614635915118e-07 1142
2.5 1.495022747898362e-07 9.643007006013106e-07 1250
2.75 1.049750762330621e-07 9.105162500818595e-07 1458
3 9.031149221544301e-08 8.96405865106795e-07 1814
3.25 8.611820044682686e-08 9.930307453158487e-07 2178
3.5 8.911273773168608e-08 1.071587431085773e-06 2498
3.75 7.767049911508604e-08 1.070793344957873e-06 2622
4 8.917727489280136e-08 1.356864577184717e-06 3338
4.25 8.514296234310707e-08 1.557570090840773e-06 3722
4.5 8.192621452507314e-08 1.646341247210273e-06 4170
4.75 7.729348533627599e-08 1.636205737700372e-06 4358
5 8.003677059567525e-08 1.855485959486447e-06 5034
5.25 7.714508512430685e-08 2.032348285844559e-06 5714
5.5 7.475011257820166e-08 2.11596577755937e-06 5982
5.75 7.488164398802513e-08 2.201381010478612e-06 6602
6 7.129284548454312e-08 2.371246901482959e-06 7130
6.25 7.18784482435852e-08 2.49320576970232e-06 8034
6.5 7.076570890408449e-08 2.623099185856653e-06 8606
6.75 6.612350617046889e-08 2.605020259587094e-06 9066
7 6.620027226549297e-08 2.787679874614153e-06 9962
7.25 6.279759418757502e-08 2.81580028570934e-06 10550
7.5 6.072960512693636e-08 2.900781542847551e-06 11226
7.75 5.747767981584849e-08 2.878873834875208e-06 12146
8 5.401723658515209e-08 2.781424414283852e-06 12606
8.25 5.179031182040004e-08 2.830679321728389e-06 13802
8.5 4.960235101098852e-08 2.853968119321065e-06 14754
8.75 4.488522639381087e-08 2.640302426496209e-06 15194
9 4.242645387704044e-08 2.619183248703428e-06 16454
9.25 3.918514872913557e-08 2.477584470056104e-06 17154
9.5 3.595759190162784e-08 2.479202062681227e-06 18266
9.75 3.333458638723643e-08 2.268658637056409e-06 18750
10 3.133232841436228e-08 2.241171211378317e-06 20234
10.25 3.005438827689174e-08 2.158153450552353e-06 21450
10.5 2.695895915796694e-08 1.989100550446963e-06 21962
10.75 2.576802179271527e-08 2.002234919573883e-06 23462
11 2.357163046442742e-08 1.871621389903459e-06 24042
11.25 2.309945394049288e-08 1.857786120851467e-06 25946
11.5 2.139444569980505e-08 1.729936526787296e-06 26118
11.75 2.075911419158596e-08 1.687125080699527e-06 27506
12 1.980859833310441e-08 1.637132524883929e-06 28631
12.25 1.750412586717947e-08 1.521158522334368e-06 28596
12.5 1.44244138309959e-08 1.312843479995957e-06 27848
12.75 1.196259191007503e-08 1.165241697464356e-06 26544
13 1.040747422071965e-08 1.040575199517925e-06 26456
13.25 8.617945323177702e-09 8.851867996397281e-07 25284
13.5 7.230360779513772e-09 7.682954471606353e-07 24260
13.75 6.110596717605189e-09 6.596316335830498e-07 23312
14 5.221695170824181e-09 5.774504425452966e-07 22368
14.25 4.485299153923722e-09 5.220217404156236e-07 21872
14.5 3.784441684378195e-09 4.401147814454913e-07 20400
14.75 3.262950108812934e-09 3.813193782185688e-07 19040
15 2.727262486508632e-09 3.305881416419094e-07 18252
15.25 2.225489827704103e-09 2.893239014096833e-07 16760
15.5 1.972140782634853e-09 2.461886149532468e-07 15776
15.75 1.533674987754098e-09 2.031442152412017e-07 13704
16 1.372916305773068e-09 1.821759714733765e-07 13112
16.25 1.110200269797128e-09 1.514495143306768e-07 11652
16.5 8.347592513206463e-10 1.154250559592971e-07 9776
16.75 6.895607011335879e-10 9.427262222169328e-08 8448
17 4.792567757087001e-10 6.957122577998734e-08 7013
17.25 3.24263379619208e-10 4.872937094906379e-08 5546
17.5 2.455768895109516e-10 3.910440833141161e-08 4722
17.75 1.881453078838641e-10 2.921945547429835e-08 3782
18 1.460016175764617e-10 2.161560951933319e-08 3174
18.25 1.109017732160513e-10 1.782020395231692e-08 2582
18.5 7.548253753579734e-11 1.186731434081436e-08 1928
18.75 6.465140426977219e-11 1.007737323232118e-08 1662
19 4.461584258346329e-11 8.043012708305759e-09 1256
19.25 3.220869704880626e-11 5.105085590434279e-09 864
19.5 1.496606040453286e-11 2.584150752779321e-09 428
19.75 1.40263528636048e-11 2.96178020390782e-09 456
20 8.55729475729752e-12 1.560055341877291e-09 248
20.25 4.674755894805955e-12 5.091852638048417e-10 104
20.5 4.824046058405242e-13 1.148911303413576e-10 18
20.75 2.821198515251311e-13 2.689884572627698e-11 7

0.25 8.507991925729658e-07 6.169678932092639e-07 18
0.5 3.26888082141328e-07 1.328574195612994e-07 62
0.75 1.111146402662599e-07 6.733456585087043e-08 98
1 5.788674596891695e-08 5.311344877056016e-08 210
1.25 4.379686976587298e-08 8.409453236207457e-08 350
1.5 4.490082210383425e-08 1.412556815974181e-07 450
1.75 5.710626849974454e-08 2.383456794166492e-07 602
2 8.042999758797549e-08 3.838878079020695e-07 762
2.25 1.358993419581476e-07 6.891755908096612e-07 1142
2.5 1.283685109387104e-07 9.045200362494403e-07 1250
2.75 9.957770810197143e-08 8.169351109720354e-07 1458
3 8.277210512505062e-08 8.448816832383322e-07 1814
3.25 8.251548917436022e-08 9.145681998548792e-07 2178
3.5 8.135685555241176e-08 1.06683563436265e-06 2498
3.75 7.296045789689595e-08 1.017350415124387e-06 2622
4 8.219344265106697e-08 1.321611265721749e-06 3338
4.25 8.335706395047834e-08 1.447885874370352e-06 3722
4.5 7.815634267539797e-08 1.561833978759815e-06 4170
4.75 7.110038688477567e-08 1.6380652943995e-06 4358
5 7.611832026576118e-08 1.802532913589761e-06 5034
5.25 7.393714173895741e-08 1.985277500134118e-06 5714
5.5 7.241379489038752e-08 2.02113437802734e-06 5982
5.75 7.058733193558994e-08 2.180179025269598e-06 6602
6 6.865263092092158e-08 2.308159776693701e-06 7130
6.25 6.879661482952625e-08 2.478464424052615e-06 8034
6.5 6.918137489179112e-08 2.518927398381279e-06 8606
6.75 6.42832445870303e-08 2.53832110440124e-06 9066
7 6.43862556106039e-08 2.736917778040933e-06 9962
7.25 6.021616862868589e-08 2.755523265573459e-06 10550
7.5 5.891822211711026e-08 2.845604962798247e-06 11226
7.75 5.662455463866425e-08 2.826658348013597e-06 12146
8 5.253864714631908e-08 2.729526498440786e-06 12606
8.25 5.123976582962946e-08 2.786825599807184e-06 13802
8.5 4.939085140034137e-08 2.787424011383601e-06 14754
8.75 4.437898314259451e-08 2.591850540333412e-06 15194
9 4.220915028833187e-08 2.575433157090632e-06 16454
9.25 3.826111456186458e-08 2.443784942239757e-06 17154
9.5 3.578891356878448e-08 2.431502703113103e-06 18266
9.75 3.291128024424275e-08 2.246820220805613e-06 18750
10 3.060373953945123e-08 2.2652755574932e-06 20234
10.25 2.962083893015154e-08 2.155244936528505e-06 21450
10.5 2.661536304148126e-08 2.008456492182957e-06 21962
10.75 2.585556099398891e-08 1.97793376748832e-06 23462
11 2.39950442025845e-08 1.833868680819381e-06 24042
11.25 2.281867426292841e-08 1.877459734320722e-06 25946
11.5 2.176092768307515e-08 1.718067461828431e-06 26118
11.75 2.067879077823503e-08 1.722984810948643e-06 27506
12 1.978844823428488e-08 1.648252008332464e-06 28631
12.25 1.764970835792787e-08 1.519737618649245e-06 28596
12.5 1.461172479781206e-08 1.315415562270908e-06 27848
12.75 1.225538292593047e-08 1.15091796600348e-06 26544
13 1.054751433902159e-08 1.05345384815374e-06 26456
13.25 8.684034987544987e-09 8.861423447532994e-07 25284
13.5 7.298590368720021e-09 7.710741357214676e-07 24260
13.75 6.125236145857275e-09 6.723931867179722e-07 23312
14 5.164379942366108e-09 6.008070603755844e-07 22368
14.25 4.531432102408717e-09 5.286586249823582e-07 21872
14.5 3.826556137368021e-09 4.490247947196627e-07 20400
14.75 3.234439234199232e-09 3.931825441474412e-07 19040
15 2.724389549660507e-09 3.400363337701825e-07 18252
15.25 2.272480516806205e-09 2.94479987281605e-07 16760
15.5 2.00450223168178e-09 2.493701363100011e-07 15776
15.75 1.556598861959024e-09 2.075059953018548e-07 13704
16 1.395565839185084e-09 1.846224566229718e-07 13112
16.25 1.129473600062107e-09 1.523018726913351e-07 11652
16.5 8.491012413427429e-10 1.181471823431517e-07 9776
16.75 6.788349299384123e-10 9.910624388632294e-08 8448
17 4.854899788887792e-10 7.094384607763369e-08 7013
17.25 3.257211213490871e-10 5.036247190323532e-08 5546
17.5 2.533699834345019e-10 4.025680207720912e-08 4722
17.75 1.935242794682165e-10 2.975541199826804e-08 3782
18 1.375778236584379e-10 2.334443657505552e-08 3174
18.25 1.084054944637558e-10 1.843878161354127e-08 2582
18.5 7.29140747931558e-11 1.290572165852681e-08 1928
18.75 6.536912047596809e-11 1.040956587899369e-08 1662
19 4.769498264321632e-11 8.032038237594076e-09 1256
19.25 3.24006034280465e-11 5.105400024828754e-09 864
19.5 1.473987331433036e-11 2.630420064976917e-09 428
19.75 1.445952603091857e-11 2.845040388701722e-09 456
20 9.384620816522334e-12 1.43292995061944e-09 248
20.25 4.910392591082363e-12 5.654549490742715e-10 104
20.5 6.900835113753983e-13 8.221445999578427e-11 18
20.75 3.014307634683828e-13 3.633071038668383e-11 7

0.25 1.325536957682898e-06 2.702864223976951e-07 18
0.5 2.460853116369222e-07 1.478468903741678e-07 62
0.75 7.953636532255223e-08 6.449344553004169e-08 98
1 5.796110727410094e-08 5.884641549009071e-08 210
1.25 3.930165038600144e-08 7.285902905140801e-08 350
1.5 3.688156771163066e-08 1.237247016671941e-07 450
1.75 5.008922000943054e-08 2.180331280959516e-07 602
2 6.873277210654497e-08 3.330791962877522e-07 762
2.25 1.115771201280172e-07 6.198200899664845e-07 1142
2.5 1.054335368644047e-07 8.717517175733743e-07 1250
2.75 9.229272191345105e-08 7.673503858759579e-07 1458
3 7.615703148220175e-08 8.116914382090913e-07 1814
3.25 7.944044489306339e-08 8.871507286627547e-07 2178
3.5 7.930677799437209e-08 9.966102000362044e-07 2498
3.75 6.713197874185687e-08 9.857905862859857e-07 2622
4 7.737096415520231e-08 1.323386439771945e-06 3338
4.25 7.765588258944173e-08 1.410891965816135e-06 3722
4.5 7.646556574906552e-08 1.489918799051375e-06 4170
4.75 6.970895176218854e-08 1.572369100290106e-06 4358
5 7.361913376962737e-08 1.760151668028191e-06 5034
5.25 7.449687485563364e-08 1.890132307377734e-06 5714
5.5 6.887902972319879e-08 1.958668370755818e-06 5982
5.75 6.90323317654862e-08 2.135855762422724e-06 6602
6 6.864865069869877e-08 2.23705829022235e-06 7130
6.25 6.810565725770865e-08 2.367391305045598e-06 8034
6.5 6.558926201429968e-08 2.511774676379735e-06 8606
6.75 6.272335931820032e-08 2.479665591407028e-06 9066
7 6.233153516666116e-08 2.660466730809908e-06 9962
7.25 5.973396475380245e-08 2.660259716289949e-06 10550
7.5 5.812842438390746e-08 2.744345521614689e-06 11226
7.75 5.589183500986715e-08 2.744810280961291e-06 12146
8 5.130265819049436e-08 2.660173266287653e-06 12606
8.25 4.980817187117715e-08 2.722278839149572e-06 13802
8.5 4.814379545871176e-08 2.712811843767754e-06 14754
8.75 4.227269247008866e-08 2.617067245421562e-06 15194
9 4.123091990691369e-08 2.534474296836477e-06 16454
9.25 3.784680130970681e-08 2.395427360629746e-06 17154
9.5 3.549386948227957e-08 2.356418973244518e-06 18266
9.75 3.299128926977394e-08 2.184867416930664e-06 18750
10 3.060430030985472e-08 2.182976136560418e-06 20234
10.25 2.911826893088341e-08 2.140620048085741e-06 21450
10.5 2.639568515409618e-08 1.968712986647306e-06 21962
10.75 2.547336689600659e-08 1.96315470587936e-06 23462
11 2.307166103535375e-08 1.854499974173663e-06 24042
11.25 2.295454882877271e-08 1.832424084030018e-06 25946
11.5 2.120604257664136e-08 1.718161165908829e-06 26118
11.75 2.039431258075692e-08 1.710455375003439e-06 27506
12 1.930032916282891e-08 1.648434699745257e-06 28631
12.25 1.730688110049804e-08 1.526284427107701e-06 28596
12.5 1.448223926433553e-08 1.308888449588246e-06 27848
12.75 1.198740915105931e-08 1.158865182687156e-06 26544
13 1.061208414078294e-08 1.039842215923411e-06 26456
13.25 8.70208200880737e-09 8.879696123353116e-07 25284
13.5 7.276362385712607e-09 7.729294898488457e-07 24260
13.75 6.158160785395668e-09 6.63766758291277e-07 23312
14 5.238692346921358e-09 5.947686462774331e-07 22368
14.25 4.494551280078223e-09 5.29700515931857e-07 21872
14.5 3.808875111160219e-09 4.529322882234799e-07 20400
14.75 3.27418075020378e-09 3.89341893601886e-07 19040
15 2.749627469659913e-09 3.395797355642157e-07 18252
15.25 2.308048511259889e-09 2.964664619058047e-07 16760
15.5 2.015243695383786e-09 2.512983054617399e-07 15776
15.75 1.582970515711524e-09 2.071252310962257e-07 13704
16 1.402456856767876e-09 1.873914360266433e-07 13112
16.25 1.154189834909959e-09 1.507508199864353e-07 11652
16.5 8.556153849463188e-10 1.195457449684711e-07 9776
16.75 6.98554579450995e-10 9.766214382042394e-08 8448
17 4.673573366373889e-10 7.413573878833317e-08 7013
17.25 3.3524767490029e-10 5.118508981736577e-08 5546
17.5 2.670022116406194e-10 3.928070403426478e-08 4722
17.75 1.939025719723983e-10 2.981568827469393e-08 3782
18 1.478825109830634e-10 2.261327052511352e-08 3174
18.25 1.118112870201892e-10 1.794899921447868e-08 2582
18.5 7.73360106749119e-11 1.307975220873329e-08 1928
18.75 6.537583066666008e-11 1.046364009675733e-08 1662
19 4.523075648385313e-11 8.702344502259859e-09 1256
19.25 3.203547568414949e-11 5.189162558256482e-09 864
19.5 1.54552844056591e-11 2.812804513490884e-09 428
19.75 1.578399353146176e-11 2.814510056483399e-09 456
20 9.364166182633051e-12 1.416025949688314e-09 248
20.25 4.366999859359194e-12 6.1208378540514e-10 104
20.5 7.040524051561123e-13 5.963693365259827e-11 18
20.75 3.637021500078212e-13 3.908628804988863e-11 7

0.25 7.682246197902112e-08 1.010583172634838e-06 18
0.5 6.122201300084334e-08 1.811317722666718e-07 62
0.75 1.532315007322932e-08 6.696089386614185e-08 98
1 2.156850374878348e-08 6.127187026334916e-08 210
1.25 2.63276694083928e-08 6.481955261859699e-08 350
1.5 3.820736490567397e-08 9.85179917420598e-08 450
1.75 4.997569783742838e-08 2.067850188007449e-07 602
2 6.651195263771173e-08 3.480620077025775e-07 762
2.25 1.074625781093761e-07 5.647180735317757e-07 1142
2.5 1.093757325984829e-07 7.450275796779625e-07 1250
2.75 8.53127091973126e-08 7.432474573503325e-07 1458
3 7.46652792686301e-08 7.528308512258066e-07 1814
3.25 7.554511009222989e-08 8.231359018393923e-07 2178
3.5 7.62007497332099e-08 9.696781089827549e-07 2498
3.75 6.544332900664071e-08 9.504062807715893e-07 2622
4 7.869018219859231e-08 1.204170111659935e-06 3338
4.25 7.468590211277968e-08 1.348014468762598e-06 3722
4.5 7.292671317148814e-08 1.450769858677975e-06 4170
4.75 6.943758023789337e-08 1.45646248122045e-06 4358
5 7.279815257381089e-08 1.689101736688543e-06 5034
5.25 7.142988600233832e-08 1.811667928440821e-06 5714
5.5 6.615726978318547e-08 1.891435865602306e-06 5982
5.75 6.626959005267497e-08 2.070956375480536e-06 6602
6 6.644303307050738e-08 2.15487084808906e-06 7130
6.25 6.484479960117799e-08 2.337069171674341e-06 8034
6.5 6.317608174352031e-08 2.463129295131671e-06 8606
6.75 6.086820097207274e-08 2.427929636773611e-06 9066
7 6.20517700252868e-08 2.548707854948596e-06 9962
7.25 5.746348690353818e-08 2.618577587975917e-06 10550
7.5 5.644458685091072e-08 2.624928655320311e-06 11226
7.75 5.3116072056814e-08 2.730594206671374e-06 12146
8 5.008550227629269e-08 2.594961524954486e-06 12606
8.25 4.827778310484358e-08 2.672509676078051e-06 13802
8.5 4.686636874271486e-08 2.641655593483405e-06 14754
8.75 4.221728418644462e-08 2.487245730966193e-06 15194
9 4.00414700880488e-08 2.514344292809798e-06 16454
9.25 3.709861469332442e-08 2.339440405636579e-06 17154
9.5 3.450944246232843e-08 2.321298603863287e-06 18266
9.75 3.145112381240315e-08 2.204631367297407e-06 18750
10 3.048424502901073e-08 2.135143916095647e-06 20234
10.25 2.884514591531826e-08 2.115391670986229e-06 21450
10.5 2.594189684056155e-08 1.9428779458665e-06 21962
10.75 2.511793246377157e-08 1.950215837113846e-06 23462
11 2.324644746642467e-08 1.80351877786775e-06 24042
11.25 2.276745252762473e-08 1.802958933307943e-06 25946
11.5 2.126586192166413e-08 1.688696415243925e-06 26118
11.75 2.053112202362327e-08 1.684834445260345e-06 27506
12 1.921939897017908e-08 1.625811034816825e-06 28631
12.25 1.739527244189045e-08 1.506719471362648e-06 28596
12.5 1.44693234011968e-08 1.303827683181682e-06 27848
12.75 1.205083665364431e-08 1.143444197775373e-06 26544
13 1.056686083411556e-08 1.041185334804578e-06 26456
13.25 8.687838488137412e-09 8.807024264053507e-07 25284
13.5 7.293430763319683e-09 7.716584087203065e-07 24260
13.75 6.180717926035704e-09 6.621140380249613e-07 23312
14 5.31395739028456e-09 5.89129054727718e-07 22368
14.25 4.577236731874691e-09 5.281309691747075e-07 21872
14.5 3.842270820166551e-09 4.50816086735868e-07 20400
14.75 3.299429519086928e-09 3.848625346728655e-07 19040
15 2.782996359206889e-09 3.407895716089759e-07 18252
15.25 2.366573933082513e-09 2.930120052649595e-07 16760
15.5 2.01275073296047e-09 2.55814792888919e-07 15776
15.75 1.595051105789424e-09 2.104550838446864e-07 13704
16 1.412409136082551e-09 1.907857307556276e-07 13112
16.25 1.155405746117311e-09 1.538728584594482e-07 11652
16.5 8.476036312589999e-10 1.234397647886084e-07 9776
16.75 7.108177559000804e-10 9.946280924300171e-08 8448
17 4.938192268946705e-10 7.197210225618366e-08 7013
17.25 3.460433130725256e-10 5.113429277962433e-08 5546
17.5 2.624267221788252e-10 4.043503310158912e-08 4722
17.75 1.943993052261087e-10 3.034052132242112e-08 3782
18 1.447517426850349e-10 2.383618648879605e-08 3174
18.25 1.120567571938121e-10 1.862453188296583e-08 2582
18.5 7.954977264898463e-11 1.30609974934366e-08 1928
18.75 6.515774143496312e-11 1.092519031544806e-08 1662
19 4.78162815520232e-11 8.739728152836623e-09 1256
19.25 3.234425731929364e-11 5.378132309459932e-09 864
19.5 1.461982063757e-11 3.027765415191336e-09 428
19.75 1.602200178314936e-11 2.83210046644899e-09 456
20 9.621860884961013e-12 1.538922991860101e-09 248
20.25 4.044333215182288e-12 6.657078256190148e-10 104
20.5 8.101246938139161e-13 8.931818843485226e-11 18
20.75 5.307633898411593e-13 4.486737809518338e-11 7

0.25 1.203246576193911e-06 3.542503443630826e-07 18
0.5 2.65700423077255e-07 1.036519633835411e-07 62
0.75 9.09523380833461e-08 3.362651248458993e-08 98
1 4.834279419142642e-08 4.353167194916967e-08 210
1.25 3.527790253292565e-08 7.710633681667811e-08 350
1.5 3.461972860955744e-08 1.066583947571069e-07 450
1.75 4.49170425552078e-08 1.765704383818954e-07 602
2 6.21190560567753e-08 3.055877655549462e-07 762
2.25 9.069507948588399e-08 5.717947109008667e-07 1142
2.5 8.265506754191986e-08 7.630645844932563e-07 1250
2.75 7.848105799853238e-08 6.506264507755916e-07 1458
3 7.09698399130694e-08 6.951690050506295e-07 1814
3.25 6.762573065098712e-08 8.061486976008917e-07 2178
3.5 7.163206423769893e-08 9.381759166573762e-07 2498
3.75 6.313884905927021e-08 9.138294793274438e-07 2622
4 7.094335495303258e-08 1.22381212994477e-06 3338
4.25 7.169861663902344e-08 1.301008661101341e-06 3722
4.5 6.891230992811089e-08 1.412148936363304e-06 4170
4.75 6.38462116873322e-08 1.474021006894021e-06 4358
5 6.909882309605497e-08 1.693134485326494e-06 5034
5.25 6.733356495457215e-08 1.77918219442777e-06 5714
5.5 6.444467516685881e-08 1.832633462277042e-06 5982
5.75 6.386901697682461e-08 2.006671418599033e-06 6602
6 6.399520266331308e-08 2.086784584808453e-06 7130
6.25 6.500050022725583e-08 2.230336847152888e-06 8034
6.5 6.204668929701574e-08 2.373597366176774e-06 8606
6.75 5.865976818053462e-08 2.4089280357877e-06 9066
7 5.945160765280731e-08 2.516837294565087e-06 9962
7.25 5.622708859217933e-08 2.523889746429721e-06 10550
7.5 5.368102787762347e-08 2.650505611023156e-06 11226
7.75 5.383427670380291e-08 2.619256353931446e-06 12146
8 4.866928607802805e-08 2.55259862746549e-06 12606
8.25 4.715466512570474e-08 2.636104296860685e-06 13802
8.5 4.555879270944566e-08 2.6424356264955e-06 14754
8.75 4.093132036077286e-08 2.49699221610187e-06 15194
9 4.004220721434051e-08 2.432396981513101e-06 16454
9.25 3.62215636511418e-08 2.331982156124694e-06 17154
9.5 3.471124618716929e-08 2.275815126559558e-06 18266
9.75 3.111826563751916e-08 2.167032680859558e-06 18750
10 2.992049287574188e-08 2.146931820310311e-06 20234
10.25 2.844376191749266e-08 2.096806744457347e-06 21450
10.5 2.600768060049811e-08 1.921109269794918e-06 21962
10.75 2.542482115286015e-08 1.910117717280332e-06 23462
11 2.302203216504211e-08 1.803978133480034e-06 24042
11.25 2.263282993253655e-08 1.806865020433701e-06 25946
11.5 2.103972210669938e-08 1.710475461532463e-06 26118
11.75 2.035472984122251e-08 1.69995921973766e-06 27506
12 1.945446641721509e-08 1.605295654475089e-06 28631
12.25 1.717897087958385e-08 1.522376863073266e-06 28596
12.5 1.433141389175382e-08 1.318315767786192e-06 27848
12.75 1.200981231127167e-08 1.163991609246084e-06 26544
13 1.057604324336974e-08 1.038950037378736e-06 26456
13.25 8.643460070669364e-09 8.91248780152679e-07 25284
13.5 7.281524493034459e-09 7.805555897305058e-07 24260
13.75 6.121351638684411e-09 6.779332193060757e-07 23312
14 5.291947237863216e-09 6.077466405619059e-07 22368
14.25 4.64159530755978e-09 5.295148432214172e-07 21872
14.5 3.85469740075834e-09 4.560363624363297e-07 20400
14.75 3.295983640965161e-09 3.915504736242612e-07 19040
15 2.797914250465006e-09 3.446967379364911e-07 18252
15.25 2.357214712457002e-09 3.018543995143627e-07 16760
15.5 2.026178104901988e-09 2.599544841304963e-07 15776
15.75 1.602383751117544e-09 2.160853353690689e-07 13704
16 1.441550015760516e-09 1.919720156081534e-07 13112
16.25 1.163761362311869e-09 1.594731340350303e-07 11652
16.5 8.780004187033881e-10 1.232073326261448e-07 9776
16.75 7.148146641238877e-10 1.016737285993853e-07 8448
17 4.969605650850624e-10 7.401757676714159e-08 7013
17.25 3.50908826809697e-10 5.196500584801712e-08 5546
17.5 2.662927974557774e-10 4.08123060976564e-08 4722
17.75 1.917646252984894e-10 3.160105870360133e-08 3782
18 1.455395751932782e-10 2.467388394219189e-08 3174
18.25 1.136584145142931e-10 1.894561570287937e-08 2582
18.5 8.599768304169156e-11 1.275461990411685e-08 1928
18.75 6.668162229163023e-11 1.106453895651721e-08 1662
19 4.9624712541996e-11 8.436935455470519e-09 1256
19.25 3.313835822701174e-11 5.439633579244124e-09 864
19.5 1.502541297044884e-11 2.966715257890731e-09 428
19.75 1.644965074775384e-11 2.991540534116435e-09 456
20 8.962822450630617e-12 1.682198940684622e-09 248
20.25 3.897590258293594e-12 7.169890322536664e-10 104
20.5 6.163068537740643e-13 1.125783990999868e-10 18
20.75 3.185451126155469e-13 6.785994297299616e-11 7

0.25 9.557163394733606e-07 4.683419268743621e-07 18
0.5 1.674424490525217e-07 1.496973587632326e-07 62
0.75 3.739840865066777e-08 5.702741333313839e-08 98
1 3.603124482100511e-08 5.624118929975075e-08 210
1.25 2.916498363766902e-08 6.184406833068306e-08 350
1.5 2.567135346848385e-08 1.075542883649123e-07 450
1.75 3.863168424218435e-08 1.562137946788807e-07 602
2 5.407093114149782e-08 2.968907863673843e-07 762
2.25 8.028725406378832e-08 5.313924301618406e-07 1142
2.5 8.822158339659242e-08 6.429156058314972e-07 1250
2.75 7.022844298444184e-08 6.355116240171625e-07 1458
3 7.219562946677185e-08 6.50079172412746e-07 1814
3.25 6.715687541831374e-08 7.393617128475619e-07 2178
3.5 6.875327579705461e-08 8.992140769086466e-07 2498
3.75 6.148185587890106e-08 8.927927047255327e-07 2622
4 7.228803175226731e-08 1.115215999754278e-06 3338
4.25 6.965580875460621e-08 1.250076131757296e-06 3722
4.5 6.73329876524658e-08 1.380264371407112e-06 4170
4.75 6.353640532651216e-08 1.407833677990956e-06 4358
5 6.841660066980001e-08 1.606188874484404e-06 5034
5.25 6.473509632939722e-08 1.749415232215522e-06 5714
5.5 6.254427509707592e-08 1.768684978031388e-06 5982
5.75 6.447363577610504e-08 1.902677926113515e-06 6602
6 6.256050364653241e-08 2.019051121293467e-06 7130
6.25 6.121934050285914e-08 2.210808179375233e-06 8034
6.5 6.137184746269339e-08 2.245164012162023e-06 8606
6.75 5.809162229218362e-08 2.330629364276962e-06 9066
7 5.733568117337976e-08 2.502525910516763e-06 9962
7.25 5.57144118239102e-08 2.425301670728472e-06 10550
7.5 5.341841572594364e-08 2.542434940879309e-06 11226
7.75 5.141185176814251e-08 2.581286333499457e-06 12146
8 4.683826415564809e-08 2.501364156018818e-06 12606
8.25 4.69249058531144e-08 2.53019465780225e-06 13802
8.5 4.460911313447303e-08 2.555202421688248e-06 14754
8.75 4.003982675716406e-08 2.412517331130685e-06 15194
9 3.896213644337435e-08 2.403507405506415e-06 16454
9.25 3.525655208712757e-08 2.304714748154723e-06 17154
9.5 3.404662778225764e-08 2.230324822791601e-06 18266
9.75 3.096322531857644e-08 2.110591219802087e-06 18750
10 2.935630756010238e-08 2.110149832392277e-06 20234
10.25 2.804227563317932e-08 2.050850996968813e-06 21450
10.5 2.539496023604652e-08 1.908335643740876e-06 21962
10.75 2.456105093569863e-08 1.911109301537977e-06 23462
11 2.287807772927724e-08 1.769356037107231e-06 24042
11.25 2.243883867964468e-08 1.767579141270786e-06 25946
11.5 2.07501044225826e-08 1.69113345690326e-06 26118
11.75 2.03068598565314e-08 1.669205056297843e-06 27506
12 1.926085250786013e-08 1.587562608374103e-06 28631
12.25 1.72965390744531e-08 1.484675058159521e-06 28596
12.5 1.414984662030708e-08 1.312018240292861e-06 27848
12.75 1.203682448851243e-08 1.142410925818835e-06 26544
13 1.038994715138036e-08 1.044861864142971e-06 26456
13.25 8.598255030370898e-09 8.858550432794862e-07 25284
13.5 7.389695689669324e-09 7.63765539688493e-07 24260
13.75 6.144441345659258e-09 6.748247766151681e-07 23312
14 5.308758371808317e-09 6.031441923204275e-07 22368
14.25 4.594973244102867e-09 5.333315478149402e-07 21872
14.5 3.870405125988261e-09 4.587502564239282e-07 20400
14.75 3.308508591522382e-09 3.93564577540564e-07 19040
15 2.817056257876865e-09 3.432664784958268e-07 18252
15.25 2.351697906787562e-09 3.008063702239355e-07 16760
15.5 2.042098684475287e-09 2.60283335490151e-07 15776
15.75 1.637912433795659e-09 2.12303906732259e-07 13704
16 1.449743864328573e-09 1.935729637730827e-07 13112
16.25 1.166892633859251e-09 1.616788896939025e-07 11652
16.5 9.005351297347907e-10 1.22749108282542e-07 9776
16.75 7.345021837284294e-10 9.933952331438641e-08 8448
17 5.059863614752811e-10 7.256720044770653e-08 7013
17.25 3.451424990338034e-10 5.297888470398113e-08 5546
17.5 2.6249629833989e-10 4.242207983029682e-08 4722
17.75 1.980959091362516e-10 3.162103547100985e-08 3782
18 1.515331387891009e-10 2.424614678834947e-08 3174
18.25 1.1391303659258e-10 1.863300246899795e-08 2582
18.5 8.180714413320789e-11 1.31789176071008e-08 1928
18.75 6.495119815225762e-11 1.133725306101425e-08 1662
19 4.978074941132883e-11 8.487540067469852e-09 1256
19.25 3.330201882551501e-11 5.569773080818357e-09 864
19.5 1.510349758290819e-11 2.81832653745757e-09 428
19.75 1.605355693121841e-11 2.909012057349912e-09 456
20 8.215622672859251e-12 1.84870078734495e-09 248
20.25 3.109934611711722e-12 7.989688853542402e-10 104
20.5 4.262931893818971e-13 1.223456919012278e-10 18
20.75 2.100425592564572e-13 7.68962730003e-11 7

0.25 8.976629998912291e-08 9.451557423316722e-07 18
0.5 6.024990040649618e-08 1.459308395946187e-07 62
0.75 2.286094873031789e-08 4.807896914125891e-08 98
1 2.361972018556602e-08 5.005019712190447e-08 210
1.25 2.670533516462009e-08 5.884184279503894e-08 350
1.5 2.96321372420505e-08 9.352588307343413e-08 450
1.75 3.673952785523277e-08 1.723691919496749e-07 602
2 5.710248844722729e-08 2.521628853407729e-07 762
2.25 7.894334874091964e-08 5.041813394764441e-07 1142
2.5 8.405320875314189e-08 5.731835556383317e-07 1250
2.75 7.128199725231312e-08 5.664876812819972e-07 1458
3 6.834879457111594e-08 5.964687412332383e-07 1814
3.25 6.232408268625118e-08 7.392393772321434e-07 2178
3.5 6.568988140304086e-08 8.690606475977931e-07 2498
3.75 5.855326407155445e-08 8.371988193374938e-07 2622
4 6.871556893505943e-08 1.089526945466986e-06 3338
4.25 6.808823273103637e-08 1.161096126001512e-06 3722
4.5 6.40792081039727e-08 1.351069445760965e-06 4170
4.75 6.370678055595767e-08 1.348876937581141e-06 4358
5 6.648075758963638e-08 1.562069805476377e-06 5034
5.25 6.287677943919691e-08 1.69753349262235e-06 5714
5.5 6.072740623757279e-08 1.713473344885257e-06 5982
5.75 6.19551541854942e-08 1.884649591243697e-06 6602
6 5.920358840803431e-08 2.002070297294157e-06 7130
6.25 5.961868594715946e-08 2.129081891892146e-06 8034
6.5 5.923518819012902e-08 2.206993981289185e-06 8606
6.75 5.612454986226798e-08 2.282221380902929e-06 9066
7 5.64668568507488e-08 2.417369714050678e-06 9962
7.25 5.333935096754432e-08 2.392304171482773e-06 10550
7.5 5.175682015245429e-08 2.450674705908545e-06 11226
7.75 4.987791650976319e-08 2.541087953681613e-06 12146
8 4.672965992786065e-08 2.397100385596064e-06 12606
8.25 4.580753662409036e-08 2.474400341499835e-06 13802
8.5 4.319667049255537e-08 2.511069893601764e-06 14754
8.75 3.960804363197262e-08 2.350798458012681e-06 15194
9 3.766187406722906e-08 2.379192981744499e-06 16454
9.25 3.456967972870778e-08 2.274848502877854e-06 17154
9.5 3.316756033553921e-08 2.232231175594965e-06 18266
9.75 3.002039459433505e-08 2.108290258157503e-06 18750
10 2.926238008592746e-08 2.056652012085433e-06 20234
10.25 2.775656989559278e-08 2.012262812955366e-06 21450
10.5 2.510680694150198e-08 1.89596027841626e-06 21962
10.75 2.468491026360751e-08 1.87538282979414e-06 23462
11 2.232726267120125e-08 1.781346478706125e-06 24042
11.25 2.20573801615894e-08 1.756342938946499e-06 25946
11.5 2.061763681347899e-08 1.669558105137042e-06 26118
11.75 2.003999179572968e-08 1.662342582254143e-06 27506
12 1.878507113089231e-08 1.599594047740496e-06 28631
12.25 1.703255862734598e-08 1.48179901218135e-06 28596
12.5 1.428112323770495e-08 1.288533813225002e-06 27848
12.75 1.196719645413626e-08 1.137340220973099e-06 26544
13 1.036977251326154e-08 1.039958369107264e-06 26456
13.25 8.524909162177437e-09 8.923081101080021e-07 25284
13.5 7.281760588310395e-09 7.847682162820848e-07 24260
13.75 6.105344736275757e-09 6.797637276028512e-07 23312
14 5.335771664495927e-09 5.964308637249654e-07 22368
14.25 4.638125847366885e-09 5.33273107868674e-07 21872
14.5 3.877037173699628e-09 4.58703560154408e-07 20400
14.75 3.281902884119031e-09 3.973187236744824e-07 19040
15 2.797916302396714e-09 3.50818230065797e-07 18252
15.25 2.402968468475817e-09 2.956693629489991e-07 16760
15.5 2.050135217910038e-09 2.650824747036114e-07 15776
15.75 1.643004523583711e-09 2.13711057469861e-07 13704
16 1.464809052523805e-09 1.934318163263699e-07 13112
16.25 1.21653899335828e-09 1.570940971366615e-07 11652
16.5 8.95671584372569e-10 1.257901483741113e-07 9776
16.75 7.359732321146502e-10 1.01170374052633e-07 8448
17 4.990680424390188e-10 7.440820287422869e-08 7013
17.25 3.613060309406177e-10 5.174691598738867e-08 5546
17.5 2.677243221379767e-10 4.213472249283425e-08 4722
17.75 1.967972365190173e-10 3.2846878882358e-08 3782
18 1.496379083781982e-10 2.527879440970342e-08 3174
18.25 1.153477158593279e-10 1.87330839137754e-08 2582
18.5 8.149378718180529e-11 1.352453642092514e-08 1928
18.75 6.640933436494684e-11 1.124836593531054e-08 1662
19 5.100448421902507e-11 8.413142895182925e-09 1256
19.25 3.416469295765202e-11 5.567941756913475e-09 864
19.5 1.520246992912082e-11 2.875550953709913e-09 428
19.75 1.608510022301144e-11 2.964610910019419e-09 456
20 8.065010636102537e-12 1.908101761628516e-09 248
20.25 2.780087112524801e-12 8.499207847902943e-10 104
20.5 3.83618881174462e-13 1.126403636845779e-10 18
20.75 2.868643312434331e-13 8.585765333813867e-11 7

0.25 1.323036919900959e-06 1.657651716447128e-07 18
0.5 2.121096250554936e-07 6.57677583405215e-08 62
0.75 7.226279106649006e-08 2.802525758818771e-08 98
1 5.397531561347835e-08 4.231662070991499e-08 210
1.25 3.329586439157563e-08 6.389846482319186e-08 350
1.5 3.379551426902524e-08 8.712371519091398e-08 450
1.75 4.241788240037468e-08 1.490703245771886e-07 602
2 5.030986618576654e-08 2.451273725646534e-07 762
2.25 7.499466771780887e-08 4.586128521955371e-07 1142
2.5 7.045016437939024e-08 5.591013148932497e-07 1250
2.75 6.302250540008234e-08 5.429117616974091e-07 1458
3 6.08895066623214e-08 5.82240225435794e-07 1814
3.25 6.012243371165581e-08 6.769896863474514e-07 2178
3.5 6.395569708416623e-08 8.176302887376344e-07 2498
3.75 5.582739592433551e-08 8.110576846831145e-07 2622
4 6.368619327560588e-08 1.068076944713127e-06 3338
4.25 6.267896837757812e-08 1.158298740908155e-06 3722
4.5 6.188346992173773e-08 1.277004950665155e-06 4170
4.75 5.942708115141273e-08 1.321782698597156e-06 4358
5 6.242798111654723e-08 1.522131720974137e-06 5034
5.25 6.028236032703809e-08 1.627750895867485e-06 5714
5.5 5.910913344379292e-08 1.646843222385092e-06 5982
5.75 5.986315178894998e-08 1.826350611512505e-06 6602
6 5.801054286596757e-08 1.923417554727953e-06 7130
6.25 5.824979295947123e-08 2.033470314373357e-06 8034
6.5 5.721384102607706e-08 2.177210641143459e-06 8606
6.75 5.426126428906814e-08 2.210543240727468e-06 9066
7 5.511859050959845e-08 2.330688178157715e-06 9962
7.25 5.233496655428051e-08 2.320636526454198e-06 10550
7.5 5.050008337335785e-08 2.393618367391529e-06 11226
7.75 4.864318584187818e-08 2.501656533103353e-06 12146
8 4.560590763441539e-08 2.367883025819938e-06 12606
8.25 4.445727950190655e-08 2.432960143443365e-06 13802
8.5 4.230784089186852e-08 2.453030524975803e-06 14754
8.75 3.90524863837128e-08 2.286472622501553e-06 15194
9 3.655580197662937e-08 2.35940155099137e-06 16454
9.25 3.423858682363328e-08 2.23901582289627e-06 17154
9.5 3.247512111504243e-08 2.212832612682375e-06 18266
9.75 3.003802608921903e-08 2.055620435034238e-06 18750
10 2.868191423468643e-08 2.041895408383039e-06 20234
10.25 2.719959088369767e-08 2.001914379508205e-06 21450
10.5 2.502370274445876e-08 1.867883717794028e-06 21962
10.75 2.43690436824153e-08 1.868362396123367e-06 23462
11 2.249920013241967e-08 1.755547229293695e-06 24042
11.25 2.208093227359134e-08 1.728855126709547e-06 25946
11.5 2.072842002951823e-08 1.648164789470649e-06 26118
11.75 2.002943008917185e-08 1.657710916648241e-06 27506
12 1.886379624574416e-08 1.591613518506389e-06 28631
12.25 1.673564122085948e-08 1.485468811480288e-06 28596
12.5 1.408183611458623e-08 1.300051792595033e-06 27848
12.75 1.184482626560398e-08 1.138464259623884e-06 26544
13 1.037131259593696e-08 1.035358638171058e-06 26456
13.25 8.647274084779489e-09 8.900278553345903e-07 25284
13.5 7.350859745495984e-09 7.756986127469938e-07 24260
13.75 6.168380195090764e-09 6.70897262660195e-07 23312
14 5.314357259466847e-09 5.961935409972986e-07 22368
14.25 4.689637676603256e-09 5.306791403292073e-07 21872
14.5 3.88636011445785e-09 4.612089614444301e-07 20400
14.75 3.332541723683267e-09 3.96249003453314e-07 19040
15 2.816805828345256e-09 3.534134196542099e-07 18252
15.25 2.362761601364451e-09 3.031019054021312e-07 16760
15.5 2.059638547286195e-09 2.696488054298191e-07 15776
15.75 1.63749860914852e-09 2.139595322952552e-07 13704
16 1.446739960687484e-09 1.973525953496383e-07 13112
16.25 1.212484368436688e-09 1.606166394749387e-07 11652
16.5 9.293311218657465e-10 1.249539439173895e-07 9776
16.75 7.326113860563998e-10 1.026816756579906e-07 8448
17 5.03209264052107e-10 7.590741724792931e-08 7013
17.25 3.577192124593522e-10 5.371822653879526e-08 5546
17.5 2.698209327234607e-10 4.352959398645411e-08 4722
17.75 2.08183329579448e-10 3.24567326052752e-08 3782
18 1.572581580292333e-10 2.467706481615471e-08 3174
18.25 1.148496611758129e-10 1.923524174128411e-08 2582
18.5 8.242186762016581e-11 1.375516284345668e-08 1928
18.75 6.928256652498924e-11 1.101868592662335e-08 1662
19 4.80790569677733e-11 8.849589775293596e-09 1256
19.25 3.316663799994728e-11 5.77958896173866e-09 864
19.5 1.529399594656544e-11 2.912478426675144e-09 428
19.75 1.644442520041676e-11 2.99543407964902e-09 456
20 7.948622567353917e-12 1.965890813180382e-09 248
20.25 2.801048282234303e-12 7.678787760451216e-10 104
20.5 5.006074191917181e-13 1.095217028686036e-10 18
20.75 3.437868490631531e-13 7.118341927737331e-11 7

0.25 6.608261515837084e-07 5.393920408052162e-07 18
0.5 1.186591035684921e-07 1.048031761106667e-07 62
0.75 2.755689604063031e-08 5.604975194173839e-08 98
1 2.620908433561291e-08 4.159780361303227e-08 210
1.25 2.288550550506675e-08 6.125849394587213e-08 350
1.5 2.504795681390472e-08 9.187535776604869e-08 450
1.75 3.522872711579861e-08 1.472250288727945e-07 602
2 4.661705471585353e-08 2.343976387781579e-07 762
2.25 7.25139425760184e-08 4.097209724208872e-07 1142
2.5 6.849152448298796e-08 4.934776516729203e-07 1250
2.75 6.255224425261396e-08 5.014225563353921e-07 1458
3 5.995114796871959e-08 5.378489561715983e-07 1814
3.25 5.728090608078552e-08 6.580516207635662e-07 2178
3.5 6.139278303103009e-08 7.806286114726637e-07 2498
3.75 5.377856414841563e-08 7.921787265133547e-07 2622
4 6.324792787886593e-08 1.025922534960146e-06 3338
4.25 6.267930986661952e-08 1.088077507303715e-06 3722
4.5 6.172140413043938e-08 1.192242041195401e-06 4170
4.75 5.778962900078007e-08 1.284839708662137e-06 4358
5 6.129113468617468e-08 1.448989676579904e-06 5034
5.25 5.988307084536413e-08 1.559922757556639e-06 5714
5.5 5.672680287751816e-08 1.642320934847475e-06 5982
5.75 5.778801540125343e-08 1.769114809741778e-06 6602
6 5.673127358996235e-08 1.869217003548609e-06 7130
6.25 5.620057320537241e-08 1.978641780995541e-06 8034
6.5 5.572064297740515e-08 2.095445230240423e-06 8606
6.75 5.2668579237038e-08 2.152467622222958e-06 9066
7 5.319147064710819e-08 2.279786697474976e-06 9962
7.25 5.044167625370462e-08 2.272840766788501e-06 10550
7.5 4.950133272816209e-08 2.337406604736534e-06 11226
7.75 4.838925944969898e-08 2.391331934086537e-06 12146
8 4.456899408341725e-08 2.319602514850897e-06 12606
8.25 4.307952834661084e-08 2.388209253913178e-06 13802
8.5 4.20194484574776e-08 2.347355195723102e-06 14754
8.75 3.842145250220852e-08 2.231274257585643e-06 15194
9 3.591211159119701e-08 2.285212760656101e-06 16454
9.25 3.403569076079877e-08 2.158173995756584e-06 17154
9.5 3.233259375149385e-08 2.135153168262536e-06 18266
9.75 2.93609010030965e-08 2.025402389180963e-06 18750
10 2.80912029375397e-08 2.020775927203904e-06 20234
10.25 2.672471485153012e-08 1.984444827982798e-06 21450
10.5 2.458599285093842e-08 1.843305689541035e-06 21962
10.75 2.425737224127689e-08 1.8118536772969e-06 23462
11 2.198736036560923e-08 1.736344905341346e-06 24042
11.25 2.160613991128248e-08 1.724623723733397e-06 25946
11.5 2.018068721328042e-08 1.656434787985607e-06 26118
11.75 1.974202155854213e-08 1.651205562930426e-06 27506
12 1.848655205481692e-08 1.584697202022519e-06 28631
12.25 1.670071455434877e-08 1.461817977420363e-06 28596
12.5 1.405950249272617e-08 1.288615581580341e-06 27848
12.75 1.173792218531945e-08 1.13048452546846e-06 26544
13 1.035125309737581e-08 1.01955166786369e-06 26456
13.25 8.573244740910037e-09 8.838253947494085e-07 25284
13.5 7.299276611663081e-09 7.824661676457118e-07 24260
13.75 6.055827824823215e-09 6.793833913530047e-07 23312
14 5.284390237261573e-09 5.957356772096492e-07 22368
14.25 4.631093190577893e-09 5.365199240155213e-07 21872
14.5 3.891219252884537e-09 4.602747016210422e-07 20400
14.75 3.316431103358284e-09 3.990749822275826e-07 19040
15 2.851265662088686e-09 3.525063895276615e-07 18252
15.25 2.348753678437366e-09 3.047222212236991e-07 16760
15.5 2.065140516169604e-09 2.713385236746043e-07 15776
15.75 1.638046731513501e-09 2.143116869655326e-07 13704
16 1.466469696890794e-09 1.934457642878138e-07 13112
16.25 1.183313526393497e-09 1.647936770688259e-07 11652
16.5 9.093066382816262e-10 1.283411821898253e-07 9776
16.75 7.407298515713302e-10 1.033903012685544e-07 8448
17 5.166041303369846e-10 7.512592328418005e-08 7013
17.25 3.442727141272096e-10 5.616592019821807e-08 5546
17.5 2.755629883541306e-10 4.332176461058271e-08 4722
17.75 2.052687649229611e-10 3.252626494064466e-08 3782
18 1.541900488279631e-10 2.51647471894447e-08 3174
18.25 1.175111012212233e-10 1.939085068672691e-08 2582
18.5 8.475317368654835e-11 1.388059134200378e-08 1928
18.75 6.861080241010483e-11 1.15547851482939e-08 1662
19 5.128154148719313e-11 8.441779783908892e-09 1256
19.25 3.269310933142728e-11 5.975050169402932e-09 864
19.5 1.59178519644094e-11 2.926729982006358e-09 428
19.75 1.625561475185076e-11 3.00873532109267e-09 456
20 8.728613545270006e-12 1.824242405288262e-09 248
20.25 3.612624143781475e-12 6.288777631392667e-10 104
20.5 6.444603775873405e-13 7.935952521022454e-11 18
20.75 4.748248427989305e-13 5.166042835721525e-11 7

0.25 1.129494776239747e-07 7.799487483870652e-07 18
0.5 4.857328697405299e-08 1.186102044784057e-07 62
0.75 1.925788721117436e-08 3.212574093645232e-08 98
1 2.158709558072057e-08 5.279864127269126e-08 210
1.25 2.334753012232379e-08 5.124510885148118e-08 350
1.5 2.533647111675006e-08 8.379052623132201e-08 450
1.75 3.717721240416379e-08 1.41314852002587e-07 602
2 4.841123664467697e-08 2.137251968746859e-07 762
2.25 6.774130086404734e-08 3.954647363000837e-07 1142
2.5 6.119453166607396e-08 4.686268274769888e-07 1250
2.75 5.592714890293254e-08 5.07511352457681e-07 1458
3 5.553684111541743e-08 5.114853702293826e-07 1814
3.25 5.59056698685269e-08 6.165588219893142e-07 2178
3.5 5.973964292673433e-08 7.218138433653824e-07 2498
3.75 5.093978309327805e-08 7.526373911252498e-07 2622
4 6.24817343069928e-08 9.614089464100203e-07 3338
4.25 6.05067032501822e-08 1.064241604436429e-06 3722
4.5 5.985933617033567e-08 1.159431967748121e-06 4170
4.75 5.70065744072156e-08 1.199455302348244e-06 4358
5 5.922577313512835e-08 1.387842806436981e-06 5034
5.25 5.804337143281297e-08 1.508718703774894e-06 5714
5.5 5.531697667761302e-08 1.575986766739456e-06 5982
5.75 5.66769095111634e-08 1.707273943968623e-06 6602
6 5.498345397088401e-08 1.818241405089392e-06 7130
6.25 5.360949290917915e-08 1.932725361161048e-06 8034
6.5 5.455868140609684e-08 2.014599238514569e-06 8606
6.75 5.098864179999722e-08 2.106229380451426e-06 9066
7 5.184622986435994e-08 2.19649745329742e-06 9962
7.25 4.896064995018716e-08 2.191411464025189e-06 10550
7.5 4.818959130468441e-08 2.302979090548835e-06 11226
7.75 4.690561079834969e-08 2.343980127728158e-06 12146
8 4.339741516943776e-08 2.275793323429261e-06 12606
8.25 4.218628592981197e-08 2.348527282275536e-06 13802
8.5 4.098447066816756e-08 2.296325547800629e-06 14754
8.75 3.748236390579012e-08 2.172854396293816e-06 15194
9 3.520053485318437e-08 2.253652269172006e-06 16454
9.25 3.336008658066427e-08 2.126402947015322e-06 17154
9.5 3.136996231483271e-08 2.118135590690194e-06 18266
9.75 2.902250938652309e-08 1.986696947781097e-06 18750
10 2.763715262843324e-08 1.967301372370834e-06 20234
10.25 2.659623620555659e-08 1.939769667998902e-06 21450
10.5 2.439820822052727e-08 1.812730435995934e-06 21962
10.75 2.361716131537026e-08 1.815254959646929e-06 23462
11 2.192631255537994e-08 1.710658190533225e-06 24042
11.25 2.129860370287153e-08 1.706727348782046e-06 25946
11.5 2.005400696802129e-08 1.633029200844419e-06 26118
11.75 1.982523623808333e-08 1.615345585219068e-06 27506
12 1.860460315455742e-08 1.56253663011845e-06 28631
12.25 1.6501080449646e-08 1.455345575436696e-06 28596
12.5 1.400531965008521e-08 1.276120582515073e-06 27848
12.75 1.161144484950321e-08 1.135631360176444e-06 26544
13 1.030130996910068e-08 1.007070805670441e-06 26456
13.25 8.55145773492272e-09 8.853972275687571e-07 25284
13.5 7.226670989022544e-09 7.82290078789982e-07 24260
13.75 6.112032306434269e-09 6.755800351074185e-07 23312
14 5.308464398250053e-09 5.925321216233821e-07 22368
14.25 4.606302072293166e-09 5.375640921192295e-07 21872
14.5 3.894537201280491e-09 4.642644370262443e-07 20400
14.75 3.308144004507824e-09 4.008662510061124e-07 19040
15 2.86917986712952e-09 3.503467588367643e-07 18252
15.25 2.378506383977391e-09 3.033882088335628e-07 16760
15.5 2.062965034527681e-09 2.730009455103018e-07 15776
15.75 1.63326613562972e-09 2.160786155007627e-07 13704
16 1.465650721824832e-09 1.945561738132359e-07 13112
16.25 1.230934030888702e-09 1.625749061008086e-07 11652
16.5 9.334129782056585e-10 1.291254253376585e-07 9776
16.75 7.480203035455262e-10 1.041490867715616e-07 8448
17 5.27036927461928e-10 7.577132531458416e-08 7013
17.25 3.603127007161562e-10 5.491862806738128e-08 5546
17.5 2.825645820425933e-10 4.397925915273097e-08 4722
17.75 2.132035406387069e-10 3.152607367368797e-08 3782
18 1.613100683026331e-10 2.483847456286184e-08 3174
18.25 1.219951224422249e-10 1.964690591090468e-08 2582
18.5 8.310108884099641e-11 1.423508600116356e-08 1928
18.75 6.748984098513957e-11 1.197926769954409e-08 1662
19 4.873758999311094e-11 8.703265468376677e-09 1256
19.25 3.421040008348439e-11 5.955706808080998e-09 864
19.5 1.652460882690315e-11 3.09149694302354e-09 428
19.75 1.709108887159983e-11 3.028372179623884e-09 456
20 1.039951068981061e-11 1.727274766624245e-09 248
20.25 4.23995595201276e-12 4.9226786981887e-10 104
20.5 7.903789555579413e-13 6.933545856529398e-11 18
20.75 4.661719394877897e-13 4.689096554437678e-11 7

0.25 1.260068613729898e-06 1.146866076006538e-07 18
0.5 2.010721903609034e-07 3.299044659298042e-08 62
0.75 4.772925367354189e-08 1.673278018882682e-08 98
1 3.573164863791642e-08 3.478441558945989e-08 210
1.25 2.224652055320949e-08 5.207918826789223e-08 350
1.5 2.591564088929263e-08 8.341156269114048e-08 450
1.75 3.308883993235962e-08 1.367293180590265e-07 602
2 4.097826819942422e-08 2.19833725406619e-07 762
2.25 5.76802610236121e-08 3.907560560526842e-07 1142
2.5 5.844570987862305e-08 4.122260231358869e-07 1250
2.75 5.439836900366001e-08 4.452595528849091e-07 1458
3 5.169323135020417e-08 5.006272820148164e-07 1814
3.25 5.159329940618745e-08 5.898820161767715e-07 2178
3.5 5.480962562604702e-08 7.048528435743112e-07 2498
3.75 4.902748270266671e-08 7.252406892859052e-07 2622
4 5.741503135597112e-08 9.405918028765213e-07 3338
4.25 5.763229999394248e-08 1.035058578576779e-06 3722
4.5 5.660132267865895e-08 1.126187524007827e-06 4170
4.75 5.33281974328524e-08 1.186617167649325e-06 4358
5 5.534807243079013e-08 1.377501275288959e-06 5034
5.25 5.601088915713856e-08 1.457016655777594e-06 5714
5.5 5.367134763640427e-08 1.528719286752791e-06 5982
5.75 5.406755031057376e-08 1.664911414852454e-06 6602
6 5.420876745697447e-08 1.734119826912923e-06 7130
6.25 5.315443853861454e-08 1.852363320086714e-06 8034
6.5 5.214459440233644e-08 1.990187866098609e-06 8606
6.75 5.074604418562148e-08 2.005302542081998e-06 9066
7 5.015064147241229e-08 2.142268290980683e-06 9962
7.25 4.804468507766671e-08 2.139691916627034e-06 10550
7.5 4.718830745291184e-08 2.244406477292197e-06 11226
7.75 4.593972887459824e-08 2.280855626074565e-06 12146
8 4.22417321327684e-08 2.229241520608851e-06 12606
8.25 4.174309387846529e-08 2.291376205407919e-06 13802
8.5 4.013982730309437e-08 2.275180682132961e-06 14754
8.75 3.663961789649603e-08 2.17566509615464e-06 15194
9 3.496863142002925e-08 2.169146315422885e-06 16454
9.25 3.276876918940685e-08 2.077758668817552e-06 17154
9.5 3.100931114305109e-08 2.082667610744359e-06 18266
9.75 2.908934228866376e-08 1.94042674096709e-06 18750
10 2.728499525924203e-08 1.945434404935344e-06 20234
10.25 2.593538322240758e-08 1.937199944006312e-06 21450
10.5 2.385221108097102e-08 1.808646698409086e-06 21962
10.75 2.352808645946251e-08 1.784704440103898e-06 23462
11 2.176255007711757e-08 1.684469039732253e-06 24042
11.25 2.137543651555132e-08 1.688384618460458e-06 25946
11.5 1.976465887812515e-08 1.63613661838878e-06 26118
11.75 1.9262599844305e-08 1.624314146321015e-06 27506
12 1.850702331954299e-08 1.558332194426003e-06 28631
12.25 1.632808299316997e-08 1.448500894034489e-06 28596
12.5 1.402624578053321e-08 1.265463570810706e-06 27848
12.75 1.165947222554989e-08 1.119666048429382e-06 26544
13 1.034383749260767e-08 1.000888896767131e-06 26456
13.25 8.569541517546676e-09 8.851680141247514e-07 25284
13.5 7.172658368845602e-09 7.767654812865044e-07 24260
13.75 6.055461733906359e-09 6.853866314647027e-07 23312
14 5.318765941812488e-09 5.947070651873086e-07 22368
14.25 4.673316773345388e-09 5.346947002347557e-07 21872
14.5 3.860564052524928e-09 4.701294818983431e-07 20400
14.75 3.30331018646994e-09 4.007412925838258e-07 19040
15 2.819017771683979e-09 3.553969367284963e-07 18252
15.25 2.393285120576963e-09 3.034103764215214e-07 16760
15.5 2.135381719483077e-09 2.682591491126142e-07 15776
15.75 1.650411571181176e-09 2.149209195966521e-07 13704
16 1.511427688345798e-09 1.932861800020521e-07 13112
16.25 1.21647334112472e-09 1.652113891457319e-07 11652
16.5 9.139862023863726e-10 1.33977861733018e-07 9776
16.75 7.531933462341678e-10 1.050173579696035e-07 8448
17 5.158394016443397e-10 7.826230629139217e-08 7013
17.25 3.594879118660388e-10 5.570618083617049e-08 5546
17.5 2.831779509131268e-10 4.41959568307328e-08 4722
17.75 2.109132154623667e-10 3.342082068022197e-08 3782
18 1.526477948365907e-10 2.638117884560396e-08 3174
18.25 1.164702400515111e-10 2.075189278946114e-08 2582
18.5 9.229197511045994e-11 1.341624880606891e-08 1928
18.75 6.786724599415348e-11 1.162660399741939e-08 1662
19 5.155517378126382e-11 8.500163911655884e-09 1256
19.25 3.334291910165039e-11 6.216475907409532e-09 864
19.5 1.724500797127604e-11 3.039191457504775e-09 428
19.75 1.75168390139894e-11 2.951199035305732e-09 456
20 1.157295127499076e-11 1.524528959362553e-09 248
20.25 4.527010511812772e-12 4.739882057824564e-10 104
20.5 7.821884113381779e-13 7.855850747639069e-11 18
20.75 5.043256206964884e-13 5.248921455720844e-11 7

0.25 5.897584797615738e-07 5.20445068335555e-07 18
0.5 7.514809402742219e-08 1.031662377828065e-07 62
0.75 2.049007718443313e-08 3.375402542474836e-08 98
1 2.555959180115501e-08 3.964660927114485e-08 210
1.25 1.671266565647083e-08 5.474877864376654e-08 350
1.5 2.082679543609146e-08 7.721845612559555e-08 450
1.75 3.037756488579635e-08 1.275027299447457e-07 602
2 4.071258113115112e-08 1.824962475535769e-07 762
2.25 5.711747822977055e-08 3.475818663299183e-07 1142
2.5 5.556437346047587e-08 3.907699176479659e-07 1250
2.75 5.069108446185499e-08 4.38909425922545e-07 1458
3 5.06092567376745e-08 4.829303369393016e-07 1814
3.25 5.032167979788724e-08 5.74476906167783e-07 2178
3.5 5.154694387345594e-08 6.835816862807371e-07 2498
3.75 4.831660607992595e-08 6.847825661912838e-07 2622
4 5.432208035088531e-08 9.235589629995351e-07 3338
4.25 5.606775647857856e-08 9.964963660974377e-07 3722
4.5 5.488983130779712e-08 1.087770672853364e-06 4170
4.75 5.183258565532726e-08 1.156143067042239e-06 4358
5 5.3918884818145e-08 1.313826634210395e-06 5034
5.25 5.331195029951428e-08 1.42728148658406e-06 5714
5.5 5.252534972865384e-08 1.472861821742212e-06 5982
5.75 5.328326370593181e-08 1.596262877343763e-06 6602
6 5.253227427418546e-08 1.69522491964983e-06 7130
6.25 5.115606755506954e-08 1.824869111042681e-06 8034
6.5 5.143809200487708e-08 1.918043214865713e-06 8606
6.75 4.866897779770039e-08 1.96042048494113e-06 9066
7 4.870853248071198e-08 2.082721963479543e-06 9962
7.25 4.594227356764912e-08 2.137708983587239e-06 10550
7.5 4.589490067759762e-08 2.165784073309364e-06 11226
7.75 4.470586756385803e-08 2.24426114328544e-06 12146
8 4.163024325921044e-08 2.177078133193668e-06 12606
8.25 4.095883658219637e-08 2.23035226292926e-06 13802
8.5 3.856287378443165e-08 2.240050397058876e-06 14754
8.75 3.542294987369144e-08 2.137796050986684e-06 15194
9 3.456582818848424e-08 2.102342367585078e-06 16454
9.25 3.196474798494627e-08 2.050612709780012e-06 17154
9.5 3.029861311181328e-08 2.055690136556501e-06 18266
9.75 2.778339570498668e-08 1.947318242661766e-06 18750
10 2.677975908777095e-08 1.91656519067839e-06 20234
10.25 2.567865587379776e-08 1.879037478586638e-06 21450
10.5 2.376149771352736e-08 1.754271118587001e-06 21962
10.75 2.290918786914617e-08 1.766767047565253e-06 23462
11 2.146361515972207e-08 1.668813262108857e-06 24042
11.25 2.088681424876171e-08 1.68816745498604e-06 25946
11.5 1.976930273764012e-08 1.592706130410923e-06 26118
11.75 1.927748570683707e-08 1.584119955073291e-06 27506
12 1.840591381003126e-08 1.548217579530268e-06 28631
12.25 1.618005109610153e-08 1.428249607304593e-06 28596
12.5 1.376022780001948e-08 1.2693470122706e-06 27848
12.75 1.15696086958808e-08 1.104885130818948e-06 26544
13 1.009687821910826e-08 1.009486127470911e-06 26456
13.25 8.521801588741736e-09 8.726767831937782e-07 25284
13.5 7.145178831362251e-09 7.741728167780024e-07 24260
13.75 6.12335313500644e-09 6.713304134234611e-07 23312
14 5.30447783095142e-09 5.933246211732037e-07 22368
14.25 4.627745027773687e-09 5.33269237704797e-07 21872
14.5 3.962362373400757e-09 4.588307286151054e-07 20400
14.75 3.254064408088009e-09 4.042112772543321e-07 19040
15 2.852251036289669e-09 3.525651258989152e-07 18252
15.25 2.416582022106675e-09 3.010144902452012e-07 16760
15.5 2.123460350094288e-09 2.708195684311448e-07 15776
15.75 1.6406235925456e-09 2.150902438212211e-07 13704
16 1.501449352732322e-09 1.9528862865612e-07 13112
16.25 1.230287335811359e-09 1.637409493469474e-07 11652
16.5 9.340939435881709e-10 1.301432826277671e-07 9776
16.75 7.341350651514991e-10 1.074986729554384e-07 8448
17 5.249657287223853e-10 7.748968377694265e-08 7013
17.25 3.658492108198311e-10 5.515323678512731e-08 5546
17.5 2.922205009639553e-10 4.30572789509634e-08 4722
17.75 2.162724914929471e-10 3.320433176606751e-08 3782
18 1.655566188163816e-10 2.489843427497096e-08 3174
18.25 1.218255963231476e-10 2.015093636428695e-08 2582
18.5 8.509081065709594e-11 1.494256607925297e-08 1928
18.75 7.056410361339351e-11 1.140044556054933e-08 1662
19 5.021343135142781e-11 8.710487451755432e-09 1256
19.25 3.408783944080653e-11 6.391575997721599e-09 864
19.5 1.732171245697934e-11 2.976492445198207e-09 428
19.75 1.793923531538315e-11 2.794036578201113e-09 456
20 1.167126098065443e-11 1.419745421675712e-09 248
20.25 4.158692679189035e-12 5.130997921747078e-10 104
20.5 5.697869269005353e-13 9.252144080157986e-11 18
20.75 3.697957259677017e-13 7.193991190255938e-11 7

0.25 1.180037051210739e-07 7.000683386349232e-07 18
0.5 4.31352916691878e-08 8.38812962382886e-08 62
0.75 1.965262306188926e-08 2.90942700692773e-08 98
1 1.599153482294532e-08 3.638520303969715e-08 210
1.25 1.960065783869159e-08 4.317767290087637e-08 350
1.5 2.257726959727262e-08 7.298900467586943e-08 450
1.75 3.068098953374327e-08 1.266772524855623e-07 602
2 3.521935903965932e-08 1.918694733184938e-07 762
2.25 5.513257996304408e-08 3.232190053731527e-07 1142
2.5 5.167113211385296e-08 3.861941454430448e-07 1250
2.75 4.648136071504926e-08 4.183371716692964e-07 1458
3 4.834767281856663e-08 4.725847996496523e-07 1814
3.25 4.759887012632377e-08 5.469537356286278e-07 2178
3.5 5.06956996505728e-08 6.267251634571418e-07 2498
3.75 4.699760862431657e-08 6.487661421173308e-07 2622
4 5.572682578547867e-08 8.58162908837527e-07 3338
4.25 5.390290336704526e-08 9.591687127601061e-07 3722
4.5 5.209732648691534e-08 1.061468895543371e-06 4170
4.75 5.124344562230611e-08 1.104068692100924e-06 4358
5 5.279077079090801e-08 1.245748328631259e-06 5034
5.25 5.174283480174973e-08 1.372042165495421e-06 5714
5.5 5.07628249636961e-08 1.423557207587549e-06 5982
5.75 5.199388495449181e-08 1.521806787903435e-06 6602
6 5.170525761774826e-08 1.616848054217715e-06 7130
6.25 5.040514130687761e-08 1.74637838706213e-06 8034
6.5 4.976243269279354e-08 1.89087143804008e-06 8606
6.75 4.726479795416593e-08 1.909961931529593e-06 9066
7 4.766829655221034e-08 2.012457401691954e-06 9962
7.25 4.571547466311593e-08 2.034185252888147e-06 10550
7.5 4.476316799352365e-08 2.104052487928883e-06 11226
7.75 4.405416932327502e-08 2.165916909916486e-06 12146
8 4.091423687206812e-08 2.112352767104408e-06 12606
8.25 3.974899186903745e-08 2.193588526723958e-06 13802
8.5 3.848410534544864e-08 2.147730820879587e-06 14754
8.75 3.457787567784803e-08 2.089851934134249e-06 15194
9 3.391740720149875e-08 2.063477736538763e-06 16454
9.25 3.119063057952896e-08 2.023926405109871e-06 17154
9.5 2.990232842533877e-08 1.985436079020173e-06 18266
9.75 2.790355972951959e-08 1.861407171133037e-06 18750
10 2.668116053997657e-08 1.863065116183657e-06 20234
10.25 2.52812280097785e-08 1.84445389549077e-06 21450
10.5 2.342938352966629e-08 1.714051276674165e-06 21962
10.75 2.266625630928701e-08 1.746144150871886e-06 23462
11 2.094282501609636e-08 1.662445171837969e-06 24042
11.25 2.099046056677136e-08 1.648740247485773e-06 25946
11.5 1.949442095440984e-08 1.585202720927509e-06 26118
11.75 1.899471981980688e-08 1.57870878042005e-06 27506
12 1.818142469445275e-08 1.531938427773375e-06 28631
12.25 1.617647972328377e-08 1.408678099448975e-06 28596
12.5 1.366165549864454e-08 1.256490617318242e-06 27848
12.75 1.136515470570313e-08 1.10513795155815e-06 26544
13 1.003662149857859e-08 1.012178191455295e-06 26456
13.25 8.46172550908221e-09 8.677086711847111e-07 25284
13.5 7.184886085982326e-09 7.621321530431034e-07 24260
13.75 6.034061868830865e-09 6.805238434823599e-07 23312
14 5.277781718146089e-09 5.933574635421992e-07 22368
14.25 4.670537504200453e-09 5.302622013661406e-07 21872
14.5 3.966542295007316e-09 4.57016790981831e-07 20400
14.75 3.290285200028212e-09 4.003281555210182e-07 19040
15 2.881511485855768e-09 3.524419631469896e-07 18252
15.25 2.37445634397414e-09 3.069969817390024e-07 16760
15.5 2.130948724025674e-09 2.72916576201371e-07 15776
15.75 1.659827204569811e-09 2.140139415600316e-07 13704
16 1.480616458162616e-09 1.987680666089422e-07 13112
16.25 1.21980387188614e-09 1.672735895656413e-07 11652
16.5 9.541979582674225e-10 1.287118648141466e-07 9776
16.75 7.591504663578415e-10 1.056969717702823e-07 8448
17 5.250126673507488e-10 7.865308474548833e-08 7013
17.25 3.769899310846749e-10 5.605154298544371e-08 5546
17.5 2.88861386672363e-10 4.438940955126354e-08 4722
17.75 2.098410894784759e-10 3.375327232810145e-08 3782
18 1.619814261997943e-10 2.641830372690126e-08 3174
18.25 1.20583296960489e-10 2.087107549302228e-08 2582
18.5 8.746162308104007e-11 1.497537723790534e-08 1928
18.75 7.040476828937868e-11 1.167503985260053e-08 1662
19 5.132668121436697e-11 8.560216594304939e-09 1256
19.25 3.620461777633991e-11 6.17772819148725e-09 864
19.5 1.666589563712068e-11 2.948516183413514e-09 428
19.75 1.865572195879052e-11 2.840634097918797e-09 456
20 1.105510228718376e-11 1.528744448048237e-09 248
20.25 4.015768664109472e-12 5.503644635904891e-10 104
20.5 5.063034055081656e-13 9.702229705689927e-11 18
20.75 3.062550484254546e-13 7.340221855439214e-11 7

0.25 1.07765355721826e-06 1.077538123868078e-07 18
0.5 1.390917869178168e-07 2.432609645848087e-08 62
0.75 4.016611655735017e-08 1.072223892526796e-08 98
1 2.843703174342111e-08 2.822754540709483e-08 210
1.25 2.166364721725119e-08 4.50000492567924e-08 350
1.5 2.168542249941014e-08 7.423591321683852e-08 450
1.75 3.121215079929343e-08 1.169829069746577e-07 602
2 3.662158743922813e-08 1.614554907610375e-07 762
2.25 4.846021151595267e-08 3.086834899443448e-07 1142
2.5 4.439645505311859e-08 3.699110507503039e-07 1250
2.75 4.623718364677971e-08 3.652582855042983e-07 1458
3 4.496384113167092e-08 4.47978612568892e-07 1814
3.25 4.580984907771386e-08 5.147398846124026e-07 2178
3.5 4.902644348516082e-08 5.937215338370127e-07 2498
3.75 4.391485503749138e-08 6.354343648714798e-07 2622
4 5.125676771495289e-08 8.666422868852079e-07 3338
4.25 5.119271840632956e-08 9.199498688963116e-07 3722
4.5 5.051772966946643e-08 1.039551295619251e-06 4170
4.75 4.846754513022581e-08 1.066612616920732e-06 4358
5 5.01106449697235e-08 1.240493290596963e-06 5034
5.25 5.17821575818303e-08 1.3106102714344e-06 5714
5.5 4.867078380616999e-08 1.390611964392478e-06 5982
5.75 4.789556592395936e-08 1.541769982412548e-06 6602
6 4.950187063461749e-08 1.578884943822581e-06 7130
6.25 4.861960728822435e-08 1.699390705182078e-06 8034
6.5 4.814354702548939e-08 1.847266498992759e-06 8606
6.75 4.693710746069637e-08 1.819943307642909e-06 9066
7 4.721928573319797e-08 1.931703001216798e-06 9962
7.25 4.399725058620616e-08 2.013347141794183e-06 10550
7.5 4.304665831486959e-08 2.095784036550463e-06 11226
7.75 4.278288695699004e-08 2.133612068143663e-06 12146
8 4.024939036252304e-08 2.062420167100533e-06 12606
8.25 3.884025796363779e-08 2.185699672765437e-06 13802
8.5 3.729429688059127e-08 2.127412127269657e-06 14754
8.75 3.40111436731381e-08 2.047938448469733e-06 15194
9 3.317186573304351e-08 2.03609731211585e-06 16454
9.25 3.060428898038081e-08 1.985241492106478e-06 17154
9.5 2.94339133500486e-08 1.951317133570352e-06 18266
9.75 2.734523944107773e-08 1.849318983911199e-06 18750
10 2.629394372006088e-08 1.844294442722549e-06 20234
10.25 2.514166410395414e-08 1.800851063738475e-06 21450
10.5 2.289626788343871e-08 1.728612314529914e-06 21962
10.75 2.258216515260232e-08 1.710238937607053e-06 23462
11 2.04900466247572e-08 1.657784536012003e-06 24042
11.25 2.032305458639916e-08 1.665708669839038e-06 25946
11.5 1.944439038667334e-08 1.56592405743395e-06 26118
11.75 1.893294005054179e-08 1.550357184067838e-06 27506
12 1.799324646983951e-08 1.513144742585169e-06 28631
12.25 1.600654303717863e-08 1.401804669494057e-06 28596
12.5 1.370050765419167e-08 1.241107455630156e-06 27848
12.75 1.142087321619789e-08 1.082335115353326e-06 26544
13 1.005967014079518e-08 9.987106367052895e-07 26456
13.25 8.386108798466481e-09 8.66352787099248e-07 25284
13.5 7.237479032775623e-09 7.579352956290407e-07 24260
13.75 6.039634599736871e-09 6.780430194511883e-07 23312
14 5.266831665408546e-09 5.905874182420298e-07 22368
14.25 4.637505227041171e-09 5.339308647368658e-07 21872
14.5 3.874302501768816e-09 4.713917778256359e-07 20400
14.75 3.299830840746628e-09 4.021324530213049e-07 19040
15 2.871518499330463e-09 3.562853177405394e-07 18252
15.25 2.415548633485385e-09 3.033131283164032e-07 16760
15.5 2.108469248662676e-09 2.762601042048903e-07 15776
15.75 1.637205737852795e-09 2.190406876455287e-07 13704
16 1.48801294649796e-09 2.007769128840171e-07 13112
16.25 1.227156325133095e-09 1.662415722579742e-07 11652
16.5 9.61426180096861e-10 1.283387197801284e-07 9776
16.75 7.662577816691336e-10 1.061450509589911e-07 8448
17 5.245246277609874e-10 7.942618979629001e-08 7013
17.25 3.862597865645091e-10 5.559281321498357e-08 5546
17.5 2.867246454724097e-10 4.523330576663235e-08 4722
17.75 2.042304357789673e-10 3.516307648186002e-08 3782
18 1.66327433934132e-10 2.676018209064141e-08 3174
18.25 1.243802580563697e-10 2.07517854772397e-08 2582
18.5 9.448884091678764e-11 1.439459527397324e-08 1928
18.75 7.238674997381427e-11 1.175082363180824e-08 1662
19 5.051474389165928e-11 8.722302826920351e-09 1256
19.25 3.710799800851554e-11 6.170103942842213e-09 864
19.5 1.637503421309736e-11 3.030639558674888e-09 428
19.75 1.856364902692585e-11 2.879009361724461e-09 456
20 9.683461929580312e-12 1.767029813466731e-09 248
20.25 3.343908883918762e-12 6.379249037152721e-10 104
20.5 5.636753136483263e-13 1.144376255531592e-10 18
20.75 2.947907327388777e-13 7.275828818475766e-11 7

