#t    E^kin_scal0    E^grad_scal0    E^kin_scal1    E^grad_scal1    Vpot_term_0    Vpot_term_1    E_tot
0    0.125000208327259    6.15714514064603e-14    2.56972496663112e-13    1.9252335057585e-14    0.250000000000023    2.49375141472869e-13    0.37500020832787
0.5    0.0694732610601777    1.21579495020638e-14    5.660353399162e-14    3.49309467082526e-15    0.0720499151730536    5.4058502172022e-14    0.141523176233358
1    0.0307207421041658    3.17235553094904e-15    1.32915340481995e-14    1.00470669932879e-15    0.0110937681102813    1.19066128463909e-14    0.0418145102144764
1.5    0.0115958787756248    1.29953899001753e-15    3.27151879066151e-15    5.78258679193875e-16    0.000653020997519636    2.7529022585452e-15    0.0122488997731523
2    0.00452350675793103    7.09254150121996e-16    8.41753170271686e-16    5.87957082511707e-16    1.660769108669e-06    2.06442703537082e-16    0.00452516752704204
2.49999999999999    0.00211152606309377    4.30942806598429e-16    5.25226168102171e-16    4.15514301768213e-16    1.09694207675287e-05    5.82274837762643e-16    0.00212249548386326
2.99999999999998    0.000925890701155337    2.60841975573439e-16    6.40492292840662e-16    1.38972135675458e-16    0.000282862954587164    1.17065430566405e-15    0.00120875365574471
3.49999999999997    8.53073686115497e-05    1.70299933600426e-16    1.09777488584698e-15    5.68076927836585e-17    0.000873792769582877    7.31506821259455e-16    0.000959100138196483
3.99999999999996    0.000183073682170461    1.13740126263617e-16    7.95469528171657e-16    3.71889986973735e-17    0.000745945948101071    5.3533559485383e-16    0.000929019630273014
4.49999999999995    0.000520658819592048    8.14205880537398e-17    4.29343816384727e-16    2.68390713317753e-17    0.000181492109084846    2.73384899209601e-16    0.000702150928677705
4.99999999999994    0.000430533818010099    6.34677338229921e-17    1.63803515390097e-16    3.95622775877268e-17    8.98410419463025e-06    9.55725605445649e-17    0.000439517922205092
5.49999999999993    0.000279958080897803    4.79296428655424e-17    5.30505238179149e-17    5.71555971460847e-17    1.12947129558185e-12    8.70300799970125e-20    0.000279958082027432
5.99999999999992    0.000183329044664766    3.63501936121052e-17    1.5819878499062e-16    1.72920822724844e-17    5.98214147698767e-06    8.62619886151841e-17    0.000189311186142052
6.49999999999991    8.01054477097686e-05    2.59153661526524e-17    2.35295992751215e-16    9.17112736538924e-18    6.17615812074272e-05    8.87201592652589e-17    0.000141867028917555
6.9999999999999    5.4890544168059e-07    1.92680209302024e-17    1.95091831447528e-16    5.34430242744443e-18    0.000130623831201983    1.35868871380585e-16    0.000131172736644019
7.49999999999988    4.86110698165094e-05    1.57100847010409e-17    1.27400957644258e-16    4.87809708530148e-18    7.64659624811905e-05    1.1315188409826e-16    0.000125077032297961
7.99999999999987    8.73867601157248e-05    1.35775170872386e-17    6.32728304204152e-17    7.16432389254021e-18    1.17840344659087e-05    6.49978023562923e-17    9.91707945817825e-05
8.49999999999986    7.27050040520527e-05    1.16432390216904e-17    3.33775620393396e-17    1.05547246925039e-17    1.53055241330027e-07    1.0574562432315e-17    7.28580592934489e-05
8.99999999999985    5.44382002056663e-05    9.82800299084587e-18    1.17544979034748e-17    1.79990860069475e-17    6.61998791137001e-08    2.55827385843094e-17    5.45044000848452e-05
9.49999999999984    3.6852757883491e-05    7.68118432653277e-18    8.95961321458539e-17    5.5404308454845e-18    5.36801360321995e-06    4.36153357772803e-17    4.22207714868574e-05
9.99999999999983    9.80047847636558e-06    5.85308633702201e-18    7.15440731585959e-17    2.55336360241184e-18    2.65054580145879e-05    1.16477232776237e-16    3.63059364911499e-05
10.4999999999998    2.19462634872567e-06    4.86867278483207e-18    4.95133916077214e-17    2.18313345480703e-18    3.34793045820497e-05    1.23380898416263e-16    3.56739309309554e-05
10.9999999999998    2.10749360892851e-05    4.35525974050115e-18    3.02924540930689e-17    2.6025701153699e-18    1.16332574240562e-05    8.68015278575473e-17    3.27081935134654e-05
11.4999999999998    2.57028960926476e-05    4.0162438352948e-18    2.06799334809837e-17    3.35458815823493e-18    8.62934677488994e-07    2.98802467262792e-17    2.65658307701945e-05
11.9999999999998    2.11491416618452e-05    3.63833432552126e-18    1.77956705619501e-17    7.12391030891139e-18    2.50057046640958e-11    3.51189182934616e-19    2.11491666675788e-05
12.4999999999998    1.67624743042379e-05    3.05760152295891e-18    3.00782976904869e-17    6.72964568190951e-18    3.34716091089107e-07    7.48952573994168e-17    1.70971903954418e-05
12.9999999999998    9.48848264999537e-06    2.45367917909045e-18    9.2861596348835e-17    1.90681921349386e-18    4.8847965300659e-06    8.53898881985197e-17    1.43732791802439e-05
13.4999999999998    5.3052548166285e-07    1.99657980038367e-18    2.0608642124006e-17    2.2760678671855e-18    1.29615800989321e-05    1.75685260947092e-16    1.34921055807955e-05
13.9999999999997    3.906189499868e-06    1.77062725298543e-18    1.98944936849423e-17    2.09882383850569e-18    9.36381930219783e-06    1.44059877108024e-16    1.32700088022337e-05
14.4999999999997    9.99886272739925e-06    1.6970220973195e-18    8.67520248710601e-17    1.29311696850159e-18    1.78381882394212e-06    1.4752633227492e-17    1.17826815514459e-05
14.9999999999997    9.80609106223631e-06    1.60579878819933e-18    3.5897869241729e-17    1.81590817651532e-18    3.56937005959515e-08    3.23381446266944e-18    9.84178476287482e-06
15.4999999999997    8.22720268475027e-06    1.44915848862958e-18    1.27101250358787e-17    1.15859788222197e-17    4.74773996589086e-09    2.13348126907364e-17    8.23195042476325e-06
15.9999999999997    6.29402855996758e-06    1.23993071350815e-18    1.83188849013826e-16    1.06942125806016e-18    6.91489348822451e-07    9.37326950788324e-18    6.98551790898491e-06
16.4999999999998    2.18234657816993e-06    9.77752677242904e-19    1.4528980913157e-17    3.60874579316887e-18    4.09066168957143e-06    2.58644358457582e-16    6.27300826801912e-06
16.9999999999999    1.5843849384429e-07    8.63562822504244e-19    3.03447752095784e-17    2.82992995226863e-18    6.01366377874216e-06    2.47656225460288e-16    6.17210227286814e-06
17.4999999999999    3.47365117864291e-06    8.2208367777236e-19    9.14501764296888e-17    2.3371924334505e-18    2.42239655290087e-06    1.1829377240629e-16    5.89604773175668e-06
18    4.95583838095541e-06    7.9677702048557e-19    1.06457229797105e-17    4.18424005428827e-18    2.16660737720255e-07    8.54005214520337e-17    5.17249911877669e-06
18.5000000000001    4.44249418040267e-06    7.62857234986199e-19    4.18280562973668e-17    6.50487799623978e-18    5.37621425115227e-11    1.56882807728259e-18    4.44254794259584e-06
19.0000000000002    3.7846448778066e-06    6.81868779203e-19    2.76708298302679e-17    1.65122180559895e-17    5.49568003472727e-08    1.87488005992811e-16    3.83960167838622e-06
19.5000000000002    2.39894287291583e-06    5.6478466660472e-19    9.70031549748741e-17    6.13542740295892e-18    9.91778437770396e-07    3.26225238358964e-16    3.39072131111615e-06
20.0000000000003    2.34783413242635e-07    4.7421167221004e-19    8.82375862584266e-17    4.85268863785512e-18    2.98434950156787e-06    4.08073211173546e-16    3.21913291531214e-06
20.5000000000004    7.6309221233036e-07    4.39974228250484e-19    1.20369365980301e-16    4.23037409178742e-18    2.42743429885763e-06    3.2819978424202e-16    3.19052651164123e-06
21.0000000000005    2.43084466586256e-06    4.36735820459163e-19    2.71816696988991e-16    5.39329965303477e-19    5.23798570620951e-07    1.44387642950607e-17    2.95464323677074e-06
21.5000000000006    2.59044207498609e-06    4.2548540927018e-19    1.06803676438003e-16    1.07353121025494e-18    1.3692623524706e-08    7.06409058413449e-18    2.60413469862617e-06
22.0000000000006    2.28850551796864e-06    4.0655589912434e-19    4.76729702701279e-17    2.9608777297418e-17    6.74072538717548e-10    4.3589871370626e-17    2.28917959062864e-06
22.5000000000007    1.86181684821157e-06    3.50449520680538e-19    6.1442375235291e-16    6.76403326617259e-19    1.66341886361134e-07    1.91266596409231e-17    2.02815873520728e-06
23.0000000000008    7.48109639257069e-07    2.92906000772982e-19    1.05571213377277e-16    1.14400939738465e-17    1.11627776217588e-06    7.81727820093922e-16    1.86438740233198e-06
23.5000000000009    1.78230074608428e-08    2.57756670658006e-19    3.30803326668626e-16    7.35981720512597e-18    1.8183189378576e-06    6.3389454185398e-16    1.83614194629076e-06
24.000000000001    9.73362261133117e-07    2.53435321453677e-19    5.37327449565938e-16    4.29823718980792e-18    8.10727342313688e-07    2.27888410610355e-16    1.78408960421657e-06
24.500000000001    1.54105592431659e-06    2.55899704687314e-19    1.86116743927465e-17    1.61262541152194e-17    8.27830534471388e-08    3.61526021014709e-16    1.62383897816025e-06
25.0000000000011    1.4489014760955e-06    2.46374951010894e-19    1.68849559318591e-16    1.74073134288453e-17    6.24846287307401e-11    8.60508754769664e-18    1.44896396091934e-06
25.5000000000012    1.2826963568657e-06    2.32474415483336e-19    4.76820683316777e-17    7.17944610154606e-17    1.40765568586389e-08    6.93829961746256e-16    1.29677291453788e-06
26.0000000000013    8.72430189876571e-07    1.93858261279804e-19    1.19365149884753e-16    3.15681634075077e-17    3.04232493025236e-07    1.49822481551057e-15    1.17666268455116e-06
26.5000000000013    1.17427826317132e-07    1.65741654480319e-19    9.14492585404431e-16    1.40223825019063e-17    1.00800148237598e-06    1.10525944981346e-15    1.12542931072705e-06
27.0000000000014    2.21221037853947e-07    1.57971111836235e-19    1.05093506106824e-15    1.1452838270838e-17    8.97600311326478e-07    8.58742438859455e-16    1.11882135110171e-06
27.5000000000015    8.45719156593485e-07    1.5652981851668e-19    1.09395431884299e-15    2.31139834163569e-18    2.13239822539701e-07    1.38970232748082e-16    1.05895898036858e-06
28.0000000000016    9.54459795198817e-07    1.59736601384267e-19    4.59129602370366e-16    3.83696398920372e-18    6.85079364720354e-09    4.44348801049984e-17    9.61310589353581e-07
28.5000000000017    8.69001318839461e-07    1.53544211940463e-19    2.41303805527622e-16    1.23283870582417e-16    1.25723191190694e-10    1.26455145737036e-16    8.69127042521848e-07
29.0000000000017    7.34929520267056e-07    1.38094494901616e-19    2.66605729886039e-15    7.523037621796e-18    5.46776144715005e-08    2.35643598183683e-16    7.89607137647919e-07
29.5000000000018    3.27809801115423e-07    1.14870851452065e-19    1.33138163560798e-15    4.32548006815616e-17    4.08647155776468e-07    2.71699516832923e-15    7.36456960983638e-07
30.0000000000019    1.60907194327158e-09    1.03083780499425e-19    2.95145269601697e-15    2.04416017627888e-17    7.24163816028073e-07    1.64834660414006e-15    7.25772892591689e-07
30.500000000002    3.60562812330224e-07    1.02545827948008e-19    3.33544068632194e-15    8.08789668661571e-18    3.51079823801523e-07    4.07234907877291e-16    7.11642639882613e-07
31.000000000002    6.21866721769089e-07    1.04922998205765e-19    1.30832167426296e-16    8.15759458974602e-17    3.99907765488801e-08    1.87931424981024e-15    6.61857500409796e-07
31.5000000000021    6.04253935848024e-07    1.03743350483723e-19    8.850378308006e-16    6.902375801497e-17    6.40677136495179e-11    5.35948830118252e-17    6.04318004569433e-07
32.0000000000022    5.47975406080728e-07    1.00135509881259e-19    9.77980315892259e-17    3.94920141324276e-16    4.57992138602341e-09    3.22912167833691e-15    5.52555331188691e-07
32.5000000000021    3.92373077122105e-07    8.39251970142204e-20    1.33081633812847e-16    1.82909919810775e-16    1.17697027594449e-07    7.82828039874021e-15    5.1007011286091e-07
33.000000000002    6.62189942749788e-08    7.27340552080492e-20    7.75740156432673e-15    3.89749747877514e-17    4.24144551367734e-07    2.82130943045404e-15    4.90363556260471e-07
33.5000000000019    7.97371980186034e-08    6.98608797704114e-20    8.26225873194366e-15    2.84292979086759e-17    4.0844609616178e-07    1.99891668515158e-15    4.88183304470058e-07
34.0000000000018    3.62818004220832e-07    7.03622758855656e-20    4.99129494054475e-15    3.17939167612319e-17    1.05445197381654e-07    1.7118377652556e-15    4.68263208337483e-07
34.5000000000017    4.29082777781195e-07    7.16212523911202e-20    2.4100143880987e-15    3.19048550662431e-17    4.03044180302376e-09    3.82213227014126e-16    4.33113222408423e-07
35.0000000000016    3.98692477595361e-07    7.14808739755279e-20    1.45677569289167e-15    6.40875169639093e-16    2.56534043738144e-11    4.31716416085843e-16    3.98718133529174e-07
35.5000000000015    3.46587981734061e-07    6.54903233717749e-20    1.35730733909691e-14    1.04650538527677e-16    2.16550212259524e-08    2.62432477948596e-15    3.68243019262128e-07
36.0000000000014    1.679161720645e-07    5.44011107963602e-20    1.32332050957274e-14    1.65128255377379e-16    1.78952540409338e-07    9.55721221246401e-15    3.46868735429437e-07
36.5000000000013    2.01838664355628e-13    4.91235309661659e-20    2.34234964595874e-14    4.3986936993513e-17    3.41985185304939e-07    3.2189895031279e-15    3.41985413830126e-07
37.0000000000012    1.58494454627336e-07    5.01888334720776e-20    2.14415703190975e-14    9.74405818223802e-18    1.78704821829815e-07    5.24246467953313e-16    3.37199298432762e-07
37.5000000000011    2.95678066159978e-07    4.97153515769105e-20    1.58860701024822e-15    4.6644334582529e-16    2.2423498981945e-08    1.11034568045178e-14    3.1810157830048e-07
38.000000000001    2.94884855609798e-07    5.16818912301811e-20    5.51270042773343e-15    3.26157553717953e-16    6.34009286456418e-11    3.57313482004053e-16    2.94948262734667e-07
38.5000000000009    2.71897689681096e-07    5.02895857843916e-20    2.2467617042942e-16    2.50498364808802e-15    1.72341161159355e-09    1.7421607620467e-14    2.73621121444007e-07
39.0000000000008    2.02793130863646e-07    4.39159309880744e-20    2.1496897365552e-15    1.12885918068369e-15    5.28098721239757e-08    4.42326167679851e-14    2.55603050498831e-07
39.5000000000007    4.08846462717345e-08    3.98879284873363e-20    6.06840058753114e-14    7.4515256794143e-17    2.05761433480701e-07    4.76174918878421e-15    2.46646145272746e-07
40.0000000000006    3.28196865376884e-08    3.59080578833339e-20    6.16836635684056e-14    4.19988099983776e-17    2.12903198751774e-07    2.65213976546081e-15    2.45722949667301e-07
40.5000000000005    1.78521378488814e-07    3.67584908704985e-20    2.35864943475147e-14    3.79673728636416e-16    5.9300288342401e-08    1.91804519660242e-14    2.37821709977872e-07
41.0000000000004    2.20194882077138e-07    3.78334318577519e-20    1.42933748846688e-14    3.1190648981847e-16    2.64105201060759e-09    3.75573477406884e-15    2.22835952448799e-07
41.5000000000003    2.07734274682369e-07    3.87574658985212e-20    9.96657221498044e-15    3.82159774883104e-15    5.02082466638731e-12    1.55740156074064e-15    2.07739310852645e-07
42.0000000000002    1.8440428626826e-07    3.78611931151493e-20    7.64993169528262e-14    1.24810978975378e-15    9.69697055216988e-09    2.67012711874365e-14    1.94101361269166e-07
42.5000000000001    9.5764425267268e-08    5.05374686661446e-20    1.19355181575729e-13    5.50855266855139e-16    8.8389631779203e-08    2.91622832833365e-14    1.84154206114842e-07
43    3.29018353246245e-10    4.30841508853839e-20    1.73410538213806e-13    4.18347635655867e-17    1.81284381373197e-07    3.05602140874326e-15    1.81613576234881e-07
43.4999999999999    7.81345297962813e-08    3.03936646542908e-20    1.37837529221917e-13    9.73949339407108e-17    1.01599408208592e-07    8.79046908249659e-15    1.79734084730297e-07
43.9999999999998    1.5734417933798e-07    2.94134866208481e-20    1.99046951986444e-14    2.85297564335058e-15    1.39315613634321e-08    7.05760607957406e-14    1.71275834035173e-07
44.4999999999997    1.6050733750393e-07    3.79306637329152e-20    3.88191295688445e-14    1.69610503781911e-15    6.20763029192219e-11    2.46253059170713e-15    1.60569456784653e-07
44.9999999999996    1.49812158743292e-07    3.49398358668629e-20    1.32237691296288e-15    1.75313775358795e-14    7.12408606199967e-10    1.03787011776732e-13    1.50524689990293e-07
45.4999999999995    1.15592746507913e-07    1.2088170452272e-19    4.62086696837679e-14    7.17290584994437e-15    2.62516659580016e-08    2.59525313132051e-13    1.41844725372925e-07
45.9999999999994    2.70150695319589e-08    2.57587838931887e-19    4.48511475389316e-13    7.7137108483561e-17    1.10248495275392e-07    6.64139336029587e-15    1.37264020037614e-07
46.4999999999993    1.46881520486253e-08    9.45323404906051e-20    4.36183973875945e-13    1.28711656805785e-16    1.2210549755013e-07    1.44646792734806e-14    1.36794100376215e-07
46.9999999999992    9.67213034096785e-08    4.22709417079587e-20    1.05507581280295e-13    4.06914309849255e-15    3.65303441996623e-08    2.01640354239309e-13    1.33251958826462e-07
47.4999999999991    1.24181019894355e-07    6.81775423717389e-20    9.12620339478287e-14    3.17952392700857e-15    1.8675140453792e-09    3.9446014330662e-14    1.26048667827375e-07
47.999999999999    1.18604184153817e-07    1.35606225713965e-19    7.47883148446135e-14    2.50702357330266e-14    8.06753633858339e-13    5.36344637639609e-15    1.18605096129584e-07
48.4999999999989    1.07047072928342e-07    1.8456276709877e-19    4.5995165805394e-13    1.38942498802276e-14    4.73232642159961e-09    2.61486420267961e-13    1.11780134682454e-07
48.9999999999988    5.9048865538877e-08    1.97283359701301e-18    1.01981599641467e-12    1.21093501920251e-15    4.75846650949539e-08    5.64347368069196e-14    1.06634608097472e-07
49.4999999999987    7.40966001400249e-10    1.64918473170061e-18    1.19289319115357e-12    8.82608899296195e-16    1.04440596076167e-07    9.52653991779761e-14    1.05182851120416e-07
49.9999999999986    4.17783727948403e-08    3.29206694961686e-19    8.50324188929528e-13    2.91272302450665e-15    6.25831872677098e-08    2.28354473476339e-13    1.04362641654265e-07
50.4999999999985    9.08797903405888e-08    2.40843300921e-19    2.40362584272917e-13    1.79622222441432e-14    9.32566626666843e-09    4.62842017626075e-13    1.00206177774322e-07
50.9999999999984    9.46641978415198e-08    9.23616053647543e-19    2.99225480688843e-13    9.2591339809678e-15    6.06323278200061e-11    1.70538492156208e-14    9.47251557087273e-08
51.4999999999983    8.91897241132824e-08    7.0256801135838e-19    1.97980404717879e-14    1.31814791965603e-13    3.13271151633555e-10    6.61849669724533e-13    8.95038087281206e-08
51.9999999999982    7.08462530007958e-08    8.53375554353499e-18    6.88891970167277e-13    4.56003743699484e-14    1.40600745577509e-08    1.52940452704385e-12    8.4908591463952e-08
52.4999999999981    1.87987692050035e-08    2.29180920201032e-17    3.10958978919015e-12    3.74420444628029e-15    6.35493553399363e-08    3.35080059239593e-13    8.23515729819108e-08
52.999999999998    6.91782229694862e-09    7.65288279151415e-18    2.84894199345146e-12    6.09084980882274e-15    7.51560658296464e-08    5.83726986645759e-13    8.20773268940779e-08
53.4999999999979    5.62596228703748e-08    2.17032649099819e-18    3.91004039990216e-13    4.07864952195596e-14    2.40783580183416e-08    2.02438032991643e-12    8.03404370617519e-08
53.9999999999978    7.51565849360796e-08    4.39184163656565e-18    6.05096711798078e-13    3.29865600352384e-14    1.39679750618227e-09    4.29310289116347e-13    7.65544498402146e-08
54.4999999999977    7.25482473796991e-08    1.14995279002886e-17    6.02478596648809e-13    1.76244741522794e-13    7.87829268560369e-14    1.49376236333297e-14    7.25491198350873e-08
54.9999999999976    6.63684888595986e-08    1.27463114508999e-17    2.87493844906951e-12    1.50002469328031e-13    2.45882678362676e-09    2.5176680729833e-12    6.8832858264963e-08
55.4999999999975    3.86221200601152e-08    1.89678565552083e-16    8.34137586695508e-12    1.50454528931621e-15    2.73188946294056e-08    9.00956461290599e-14    6.59494478552577e-08
55.9999999999974    9.98153164732953e-10    1.70434535880223e-16    7.40737142111156e-12    2.88920453515644e-14    6.4050724168072e-08    2.70363712686928e-12    6.50590174038328e-08
56.4999999999973    2.3710050908462e-08    3.3572544606333e-17    4.7598823037961e-12    5.12279233540822e-14    4.09526746302005e-08    3.80839473467182e-12    6.46713450771969e-08
56.9999999999972    5.58520584071019e-08    2.19249577254691e-17    2.80734301416957e-12    1.12305146436145e-13    6.60424629128374e-09    3.01292598898342e-12    6.24622372944602e-08
57.4999999999971    5.93679633319716e-08    9.17700175796349e-17    2.46850853427847e-12    5.08465362716626e-14    5.9253617005464e-11    1.14838906417929e-13    5.94298512347241e-08
57.999999999997    5.63531737044752e-08    7.89106400893126e-17    2.96753236089623e-13    1.04523050318003e-12    1.43294816476863e-10    4.41888765691528e-12    5.65022294712589e-08
58.4999999999969    4.59041150699155e-08    8.06959322054144e-16    8.63198567973205e-12    2.81229581173576e-13    7.96455693739512e-09    8.74515126593566e-12    5.38863311807968e-08
58.9999999999968    1.3615046223752e-08    2.37806418797052e-15    1.96837940496362e-11    1.01714126299149e-13    3.87166506430349e-08    8.03076879178555e-12    5.23595155218189e-08
59.4999999999967    3.34202700094599e-09    8.48631739207367e-16    1.62984175450347e-11    1.30405141453069e-13    4.88120518890891e-08    1.16029315639971e-11    5.21821114929173e-08
59.9999999999966    3.45363409393072e-08    2.34258362238295e-16    8.84498493203179e-13    3.880555428403e-13    1.67132888709937e-08    1.94827123001988e-11    5.12703853108956e-08
60.4999999999965    4.80392173893163e-08    4.31830999355732e-16    3.99840018945135e-12    3.47349923679494e-13    1.09029447375154e-09    4.78838272577801e-12    4.91386464277377e-08
60.9999999999964    4.68252185954517e-08    1.23804449990082e-15    5.1371836745898e-12    1.29594973028402e-12    1.62826040730184e-15    1.96189575841574e-14    4.68316742141191e-08
61.4999999999963    4.32890193987553e-08    1.0351045374e-15    1.82203966598772e-11    1.5944103589384e-12    1.33779364181441e-09    2.39852823671043e-11    4.46706141650602e-08
61.9999999999962    2.64196202452428e-08    1.93404348118945e-14    6.48404825436899e-11    7.94244321701518e-14    1.6461477674747e-08    4.86506607973637e-12    4.29509022334802e-08
62.4999999999961    1.11931656484508e-09    1.88464172776161e-14    3.83373708973807e-11    5.16215999575687e-13    4.11698233484961e-08    4.52500035695766e-11    4.2373262350225e-08
62.999999999996    1.40512654697188e-08    3.83840704716222e-15    2.11483408866958e-11    7.01033120435325e-13    2.80526397131379e-08    5.10449954815881e-11    4.21768033907525e-08
63.4999999999959    3.59949767204463e-08    2.26115559839716e-15    3.22713503032949e-11    6.49972934523687e-13    4.88299071511971e-09    1.80606158585301e-11    4.0928951635818e-08
63.9999999999958    3.90659695084528e-08    9.77800040828973e-15    2.13025156225306e-11    2.49807204036853e-13    5.80076576847114e-11    6.69649990648485e-13    3.91462089169552e-08
64.4999999999961    3.7294033139396e-08    9.52793334777029e-15    4.02471596666059e-12    8.516946871766e-12    6.68931383144985e-11    2.99632001103338e-11    3.74034406685926e-08
64.9999999999963    3.0988144050934e-08    7.89322926684197e-14    9.80234910028151e-11    1.57829657698175e-12    4.69443390576914e-09    4.511371167371e-11    3.58273723882493e-08
65.4999999999966    1.01279274019894e-08    2.55276687402797e-13    1.0265008446095e-10    1.74310254906315e-12    2.450694683184e-08    1.27381737519376e-10    3.48669044350461e-08
65.9999999999969    1.60908862143204e-09    9.83348055670381e-14    6.53977317312525e-11    1.99602465107392e-12    3.28928780569909e-08    1.70263149773059e-10    3.47397219193839e-08
66.4999999999971    2.20139074820278e-08    2.63001568673301e-14    4.50436375071134e-12    3.44789238329152e-12    1.20364726171262e-08    1.75113323160043e-10    3.42334719786049e-08
66.9999999999974    3.20068100903381e-08    4.41533250909409e-14    2.14383350436855e-11    3.89590269864209e-12    8.78690108479397e-10    5.68554598248077e-11    3.29677340497098e-08
67.4999999999976    3.15100559978848e-08    1.4094877352391e-13    4.586700371216e-11    8.93104875589053e-12    2.28601675084052e-17    1.46648366667854e-14    3.15650096868232e-08
67.9999999999979    2.9155926173445e-08    8.29962833822441e-14    1.0599021922253e-10    1.63841993242139e-11    7.46786219284719e-10    2.18635374350061e-10    3.02438051819099e-08
68.4999999999981    1.8449653484486e-08    1.89934192074095e-12    4.32914472286946e-10    2.61738273044152e-12    1.01465114423104e-08    1.35989945110658e-10    2.91695860688452e-08
68.9999999999984    1.1323582956305e-09    2.03069068952228e-12    9.16244000009713e-11    7.21969404525616e-12    2.69511693969452e-08    5.89453144562735e-10    2.87738556218742e-08
69.4999999999986    8.44793345636346e-09    4.41725423229042e-13    2.41107759135607e-11    8.28619435897716e-12    1.95917267863335e-08    5.85680986667099e-10    2.86581799250599e-08
69.9999999999989    2.37951246275548e-08    2.27581509661413e-13    3.76963020147964e-10    1.79738061201823e-12    3.69751654989125e-09    4.73279411329055e-11    2.79189571008486e-08
70.4999999999992    2.65977339879484e-08    1.06888869835704e-12    1.63500800512321e-10    9.06614187914662e-13    5.69173278451289e-11    3.15608780087842e-12    2.6823283706993e-08
70.9999999999994    2.54315535250306e-08    1.26430104086825e-12    5.5512282028807e-11    5.59566214571523e-11    3.0768844577959e-11    1.60120769305218e-10    2.57351763434406e-08
71.4999999999997    2.09781000321867e-08    5.41798214059326e-12    8.92114545423092e-10    4.83220956768598e-12    2.75169043027043e-09    1.17608665117101e-10    2.47497638647056e-08
71.9999999999999    7.33037093588929e-09    1.95873631222078e-11    1.44509010322599e-10    2.23746322298842e-11    1.5195037135816e-08    1.41522395222888e-09    2.41271030296089e-08
72.5000000000002    7.17060601105586e-10    8.58319306193514e-12    1.10947308141558e-10    2.01139284419297e-11    2.15972531413339e-08    1.55316024441656e-09    2.40071184165014e-08
73.0000000000004    1.37809243266648e-08    2.37055360432049e-12    7.13067204887516e-10    1.39892238467729e-11    8.5457174486121e-09    6.43457330651096e-10    2.36995260882666e-08
73.5000000000007    2.1489500310513e-08    3.73053687775913e-12    8.18322874125429e-11    4.0905558412741e-11    7.12278761273787e-10    5.99215130269058e-10    2.29274625847589e-08
74.000000000001    2.17450262206702e-08    1.53810665320906e-11    2.63970875239097e-10    1.78472911177307e-11    1.33429952276397e-14    4.54224110108081e-13    2.20426930206644e-08
74.5000000000012    1.97362010809253e-08    8.92719215531186e-12    1.44723763147244e-10    7.36378331018989e-11    4.12521459711189e-10    8.29811278557107e-10    2.12058226075981e-08
75.0000000000015    1.25438696285798e-08    3.72620583873424e-11    6.68109738560807e-10    2.84356571559869e-11    6.06719733245963e-09    1.17456973703614e-09    2.05194441521797e-08
75.5000000000017    1.06955470301017e-09    4.40124543236745e-11    3.80459532557361e-10    2.67470516514318e-11    1.68621278282335e-08    1.84158708178094e-09    2.02244886515571e-08
76.000000000002    4.82602468792755e-09    1.5936834530905e-11    1.0539418319714e-09    1.87728429023558e-11    1.31330979938882e-08    1.07751259991141e-09    2.01252867911319e-08
76.5000000000022    1.5545690121271e-08    1.2942107210285e-11    8.55496912841293e-10    2.08870467508318e-11    2.75177667377779e-09    4.9358798695799e-10    1.96803808488092e-08
77.0000000000025    1.84605287276584e-08    2.97500437459397e-11    1.36858255633414e-10    6.75256119234536e-11    5.6720821446072e-11    2.37652770909842e-10    1.89890362313171e-08
77.5000000000027    1.7910673408778e-08    4.57529656983754e-11    2.0560835201891e-10    4.30311239805514e-11    1.44452739067352e-11    6.43717820747652e-11    1.82838829064573e-08
78.000000000003    1.50093599604787e-08    3.16660673583657e-11    7.51184171810466e-10    1.07507675813834e-11    1.68459431681483e-09    1.5212803041231e-10    1.7639683314456e-08
78.5000000000033    5.79646989078011e-09    5.91503856456635e-11    3.25587881839537e-10    2.04661745948133e-11    1.00422281518691e-08    9.66181998321463e-10    1.72100844830507e-08
79.0000000000035    3.41021479928782e-10    3.56221014131349e-11    7.50129076960323e-10    1.31627865146573e-11    1.5277702200632e-08    6.97342826242735e-10    1.71149804716917e-08
79.5000000000038    9.16856855714148e-09    3.2615008985166e-11    9.1632818410342e-10    1.06380054846091e-11    6.54107121263629e-09    2.62780125983918e-10    1.69320010943349e-08
80.000000000004    1.50706542072164e-08    3.77281446382567e-11    3.08898352142399e-10    3.03794257802718e-11    6.22273501879692e-10    3.67616361736024e-10    1.64375499933931e-08
80.5000000000043    1.5608864264083e-08    5.42625354515027e-11    1.44730576808595e-10    4.59211194042445e-11    1.62247771836789e-13    3.81723632231913e-12    1.58577579798415e-08
81.0000000000045    1.44711863129206e-08    4.17446002003181e-11    1.54888888390865e-10    5.25420900320199e-11    2.32695595975878e-10    3.46719171492822e-10    1.52997766590125e-08
81.5000000000048    9.76116525124945e-09    5.69830113227642e-11    3.54723864455015e-10    2.30228508747213e-11    3.99290941813637e-09    6.41469702563844e-10    1.48302740986022e-08
82.000000000005    1.18008961699796e-09    4.43604415537872e-11    4.78303957925403e-10    1.89444068351348e-11    1.21110713015771e-08    7.83997555499823e-10    1.46167672803892e-08
82.5000000000053    3.03758763347071e-09    3.95247954199032e-11    6.57068668253799e-10    1.60953088668921e-11    1.0245929276567e-08    5.65000861162858e-10    1.45612065437411e-08
83.0000000000056    1.10591369526311e-08    3.97756478099432e-11    5.00386030008312e-10    1.4934606351705e-11    2.35568322522667e-09    3.10216075321308e-10    1.4280132537349e-08
83.5000000000058    1.33648640087088e-08    5.53129216488495e-11    1.79150451623297e-10    3.64838557298265e-11    6.48677087455083e-11    1.19755804789845e-10    1.38204347512461e-08
84.0000000000061    1.30073078573028e-08    5.03847146459125e-11    1.14763952506508e-10    9.0206249940918e-11    5.32269575682718e-12    7.8615549325541e-11    1.33466010194785e-08
84.5000000000063    1.09163127564452e-08    6.22184542036626e-11    8.20940500788619e-10    1.22900161493735e-11    9.8548005273166e-10    1.14413614151609e-10    1.29116553944701e-08
85.0000000000066    4.64997128435084e-09    7.42313781865752e-11    4.05403841196767e-10    3.18459185608591e-11    6.47276572449188e-09    9.73442552646807e-10    1.26076606994337e-08
85.5000000000068    1.3859518538537e-10    4.81141492956531e-11    1.01783693369938e-09    1.95289111387759e-11    1.07154812401591e-08    5.84557888945245e-10    1.25241143086235e-08
86.0000000000071    5.93890741271393e-09    4.55262251579321e-11    9.84803702596832e-10    1.76621659893129e-11    5.08464425256924e-09    3.39289041681383e-10    1.24108328007086e-08
86.5000000000073    1.06375405118463e-08    5.94278115071146e-11    4.06369381306137e-10    4.7396865051409e-11    5.70410275571707e-10    3.6858070676654e-10    1.20897255520492e-08
87.0000000000076    1.13479278917769e-08    7.23640493944909e-11    1.86936300803012e-10    8.01619007346634e-11    6.91722292183915e-13    1.11603964964843e-11    1.16992422614977e-08
87.5000000000079    1.04716293908634e-08    6.1468175518624e-11    1.67814661006966e-10    9.81338903341742e-11    1.1711220010232e-10    4.03621045069452e-10    1.1319779362895e-08
88.0000000000081    7.25936375359817e-09    9.82691762056093e-11    2.73584146672863e-10    5.1139473873367e-11    2.39817264196534e-09    9.14704636269075e-10    1.09952338285844e-08
88.5000000000084    1.20148669295074e-09    8.14409840807142e-11    1.06888816761431e-09    2.34236505458346e-11    7.92212744499938e-09    5.30259724379068e-10    1.082762666457e-08
89.0000000000086    1.68624200049077e-09    6.36719949218343e-11    1.14229851895254e-09    2.44797572055067e-11    7.42143777124583e-09    4.42397464266622e-10    1.07805275070831e-08
89.5000000000089    7.44099985809692e-09    6.50009427761658e-11    4.00252757869484e-10    4.77281338726983e-11    1.96109713383491e-09    6.8815927448219e-10    1.06032381009324e-08
90.0000000000091    9.60203460603531e-09    8.39653510846043e-11    2.06324219517924e-10    8.79468656773538e-11    7.66297573987089e-11    2.39338233238411e-10    1.02962390329523e-08
90.5000000000094    9.55186647397589e-09    7.91510308210937e-11    1.64012132490789e-10    1.19919348147269e-10    1.60677120420903e-12    5.47448242791006e-11    9.97130058091835e-09
91.0000000000096    8.03393046854442e-09    9.84491941198618e-11    7.40021475965404e-10    3.93222064590503e-11    5.43704168308434e-10    2.15301665196821e-10    9.67072917859399e-09
91.5000000000099    3.8126457371419e-09    1.23313194922047e-10    8.30466581670009e-10    4.00529485234675e-11    4.04810970032699e-09    5.92920796903869e-10    9.44750895948828e-09
92.0000000000102    1.16114950139411e-10    9.60697751230518e-11    1.15354535776054e-09    3.36883831447035e-11    7.44448714435078e-09    5.28790205849119e-10    9.3726958163676e-09
92.5000000000104    3.72980134896165e-09    8.67556512303798e-11    7.8076692910607e-10    4.83360937309914e-11    4.01955564102153e-09    6.34274879172062e-10    9.29949054322268e-09
93.0000000000107    7.49360743952967e-09    9.58294032779849e-11    5.68692788350627e-10    7.53408467267338e-11    5.52106042099331e-10    3.02825270499705e-10    9.08840179048405e-09
93.5000000000109    8.31819769042669e-09    1.03923745506514e-10    2.25139196494102e-10    1.33149415149945e-10    2.51637380789542e-12    3.76596683055818e-11    8.82058608969073e-09
94.0000000000112    7.73050834446461e-09    9.08973233602103e-11    1.94285225699378e-10    1.57312978184571e-10    5.07231794361713e-11    3.32206543578267e-10    8.55593359472321e-09
94.5000000000114    5.57714205245241e-09    1.48247328825166e-10    3.95595155796736e-10    7.9865674629845e-11    1.35987814760265e-09    7.63554818029958e-10    8.32428317733676e-09
95.0000000000117    1.27087213621273e-09    1.37055883726106e-10    1.09719611588222e-09    4.51873191363932e-11    5.07594467543963e-09    5.65414875082513e-10    8.19167100547959e-09
95.500000000012    8.57077890167888e-10    1.17746592711196e-10    9.11648671273646e-10    5.32957002818551e-11    5.43911480241786e-09    7.69928724191158e-10    8.14881238104361e-09
96.0000000000122    4.88996064186239e-09    1.06438639524396e-10    5.54632388484151e-10    8.81582249236175e-11    1.71035595024586e-09    6.84777825685697e-10    8.03432367072611e-09
96.5000000000125    6.86454608910383e-09    1.2570867778e-10    3.33148490925162e-10    1.42627864009874e-10    1.00045247002468e-10    2.61641562348833e-10    7.82771793117017e-09
97.0000000000127    7.04624831702268e-09    1.08967649937402e-10    2.1583069191428e-10    2.03382914742546e-10    2.89766930092143e-13    2.64118537697273e-11    7.60113119431673e-09
97.500000000013    5.92833623052163e-09    1.42839181233479e-10    6.5592672817972e-10    1.00947922202317e-10    2.57015764307462e-10    3.04451876668935e-10    7.38951770311354e-09
98.0000000000132    3.16470039593069e-09    1.89087456435392e-10    9.85186757724794e-10    7.45494823755637e-11    2.31347212074172e-09    4.95648961659127e-10    7.22264517486728e-09
98.5000000000135    2.18866507233953e-10    1.6959045178882e-10    8.80595950148159e-10    7.5018936004525e-11    4.92319872889748e-09    8.83922668774041e-10    7.15119324284698e-09
99.0000000000137    2.11449104445034e-09    1.44809878897053e-10    7.34111904586272e-10    9.79541603758207e-11    3.17154817495261e-09    8.35630902887299e-10    7.09854606614939e-09
99.500000000014    5.11237746779192e-09    1.42353101983619e-10    6.23079698251869e-10    1.32788912829128e-10    5.67548922313719e-10    3.83542211994008e-10    6.96169031516426e-09
100.000000000014    6.01559636424193e-09    1.48697896784416e-10    3.17588871066276e-10    2.07841123771598e-10    8.13324910066354e-12    7.89019795098475e-11    6.77675948447473e-09
100.500000000015    5.71827249596276e-09    1.26887733782619e-10    2.47390689765229e-10    2.47743089952897e-10    1.53385037837937e-11    2.33666383662527e-10    6.58929889690982e-09
101.000000000015    4.26046031657288e-09    2.14209391150812e-10    7.22475533338912e-10    1.20564224103823e-10    6.52705413765887e-10    4.51175380159829e-10    6.42159025909214e-09
101.500000000015    1.36738850588858e-09    2.2650113869093e-10    8.14838284105867e-10    9.78952344852588e-11    2.91610395960213e-09    8.90500508385561e-10    6.31322763115832e-09
102.000000000015    3.81900361906271e-10    2.06145568831516e-10    8.82407300517767e-10    1.10288013121273e-10    3.75954111761321e-09    9.27281846177149e-10    6.26756420816719e-09
102.500000000016    2.94912419771307e-09    1.72718993575558e-10    8.27201973300781e-10    1.39388144748545e-10    1.49775641947909e-09    6.07315228230684e-10    6.19350495704773e-09
103.000000000016    4.73610009413763e-09    1.8114491933812e-10    5.12904576434476e-10    2.00456970019474e-10    1.40116026687218e-10    2.85393365929966e-10    6.05611595254688e-09
103.500000000016    5.10950870061529e-09    1.63644899692869e-10    3.14090901031169e-10    2.95423909787323e-10    1.72999781455076e-13    1.45586876279093e-11    5.89740009853602e-09
104.000000000016    4.37790330014005e-09    1.82774591401007e-10    4.99525363361417e-10    2.22181394649097e-10    9.00282521680968e-11    3.73603541125492e-10    5.74601644284516e-09
104.500000000017    2.65761974116237e-09    2.66655756245447e-10    6.84662352912851e-10    1.43569314696635e-10    1.11092231757128e-09    7.56110867615928e-10    5.61954035020451e-09
105.000000000017    4.46081500121695e-10    2.62854086023169e-10    1.00794901693678e-09    1.23446008166926e-10    2.90884705285941e-09    7.99419279249949e-10    5.54859694335794e-09
105.500000000017    1.01273520414463e-09    2.32995194705429e-10    9.54054525164791e-10    1.43626772959756e-10    2.40016625899009e-09    7.62140934653237e-10    5.50571889061794e-09
106.000000000017    3.20689087740089e-09    2.08466713859397e-10    6.85913597344705e-10    1.96022088101737e-10    6.07411820317136e-10    5.14167809716511e-10    5.41887290674038e-09
106.500000000018    4.20672504911493e-09    2.06884047924809e-10    4.41064012354814e-10    2.74693327518963e-10    2.42162909661178e-11    1.39111882800911e-10    5.29269461068054e-09
107.000000000018    4.21154163854224e-09    1.81282684263193e-10    3.24338652086911e-10    3.42569054780609e-10    2.48262149092163e-12    9.67631281876956e-11    5.15897777935157e-09
107.500000000018    3.23375563716999e-09    2.58331895857611e-10    8.19325450385482e-10    1.87794402673317e-10    2.37963240269244e-10    2.99933597959641e-10    5.03710422431528e-09
108.000000000018    1.4493956301839e-09    3.03142071948163e-10    9.54883346689043e-10    1.59125181247866e-10    1.42282704471343e-09    6.55691266578108e-10    4.94506454136051e-09
108.500000000019    2.5738058792065e-10    2.83072883745176e-10    9.831526675922e-10    1.50794017655017e-10    2.38338770987826e-09    8.38844742910268e-10    4.89663260970158e-09
109.000000000019    1.54155474811371e-09    2.49238376567969e-10    8.75237720964277e-10    1.77474372137265e-10    1.31442970030075e-09    6.88729709048906e-10    4.84666462713287e-09
109.500000000019    3.09469970497784e-09    2.39695332919015e-10    6.24140608187225e-10    2.39270021992563e-10    2.0781450418101e-10    3.51699768316072e-10    4.75731994057373e-09
110.000000000019    3.6341404758408e-09    2.23024201283052e-10    4.05211782941097e-10    3.37718459120552e-10    2.45589750298106e-12    4.39759127226035e-11    4.64652672941109e-09
110.50000000002    3.31974150935124e-09    2.14342025404986e-10    3.97477308563792e-10    3.34138217223275e-10    1.97563150887381e-11    2.50577836874435e-10    4.53603321250647e-09
111.00000000002    2.27759104989048e-09    3.141987120682e-10    7.17371653393442e-10    2.01527338551827e-10    4.25063931258896e-10    5.02713410753376e-10    4.43846609591622e-09
111.50000000002    7.24490197656198e-10    3.20767634979231e-10    8.73342141764278e-10    1.7215408374084e-10    1.50543616010667e-09    7.76842339765824e-10    4.37303255801304e-09
112.00000000002    4.38310493685156e-10    3.03362393345902e-10    9.38038293221115e-10    1.83226064184405e-10    1.71724264295089e-09    7.52998257460097e-10    4.33317814484756e-09
112.500000000021    1.8198432554893e-09    2.64521188553744e-10    7.75235633750362e-10    2.24201149183003e-10    6.5489072450919e-10    5.38913171951923e-10    4.27760512343752e-09
113.000000000021    2.8281454402805e-09    2.58614179236234e-10    5.25573377594232e-10    3.06943797208115e-10    6.18209139549505e-11    2.11895931955909e-10    4.19299364022994e-09
113.500000000021    3.0735237201723e-09    2.30730252603565e-10    3.79908882789738e-10    3.87350960293259e-10    3.40780892649381e-13    2.57666962816526e-11    4.09762129303317e-09
114.000000000021    2.55033065559194e-09    2.58642175074234e-10    5.64195826354508e-10    2.87067036742732e-10    6.08558172663247e-11    2.85806787300953e-10    4.00689829833069e-09
114.500000000022    1.50339264445982e-09    3.38646502534455e-10    6.97312628184959e-10    2.10532721011543e-10    5.85725315980689e-10    5.95059900568666e-10    3.93066971274013e-09
115.000000000022    3.90347532929035e-10    3.33543700259103e-10    9.10583857507428e-10    1.86712029254047e-10    1.39228661754955e-09    6.68025666096878e-10    3.88149940359604e-09
115.500000000022    7.0300400049405e-10    3.06366080106076e-10    8.42264677928259e-10    2.06131810308588e-10    1.13862980278832e-09    6.47800817893e-10    3.84419718951829e-09
116.000000000022    1.88088296171688e-09    2.73712792752045e-10    6.68614708588163e-10    2.61637351750235e-10    3.08772437314871e-10    3.93301535512633e-10    3.78692178763482e-09
116.500000000023    2.52181344688847e-09    2.66121720445582e-10    4.57768524765573e-10    3.39429761908176e-10    1.62681313521365e-11    1.09029031894362e-10    3.7104306172543e-09
117.000000000023    2.55744734966484e-09    2.38472775608441e-10    3.81292185994832e-10    3.80957097718978e-10    2.03814041800028e-12    6.89731985317914e-11    3.62918074793688e-09
117.500000000023    1.96302958551028e-09    2.95705246604019e-10    6.55671116965663e-10    2.59892638032386e-10    1.19236216654473e-10    2.60645958738013e-10    3.55418076250483e-09
118.000000000023    9.77331275780649e-10    3.38499942329868e-10    7.81300704776109e-10    2.13722030093532e-10    6.82083442041989e-10    5.01643673195497e-10    3.49458106821765e-09
118.500000000024    3.01058602338961e-10    3.30742682963021e-10    8.16636244813517e-10    2.04130073837358e-10    1.17753106089531e-09    6.25981477510693e-10    3.45608014235885e-09
119.000000000024    8.98189913579223e-10    3.05410165405685e-10    7.55281937438077e-10    2.25130535104933e-10    7.23461429597777e-10    5.11666284309354e-10    3.41914026543505e-09
119.500000000024    1.81066469750942e-09    2.77500833654034e-10    5.63371464443515e-10    2.87689803001564e-10    1.42271943129894e-10    2.8232642103064e-10    3.36382516276907e-09
120.000000000024    2.21568754140198e-09    2.57094942037917e-10    4.13908115638978e-10    3.5476602088821e-10    3.78333885652519e-12    5.08958057415619e-11    3.29613576456517e-09
120.500000000025    2.09677584376719e-09    2.48189342735212e-10    3.93193231521423e-10    3.59689602491429e-10    7.71361404136563e-12    1.2171297678936e-10    3.22727461134598e-09
121.000000000025    1.51341919147532e-09    3.05419891874251e-10    6.2493105657728e-10    2.50600848967922e-10    1.7831621106671e-10    2.92271450277332e-10    3.16495865023881e-09
121.500000000025    6.48144994861228e-10    3.27537181747985e-10    7.20829408229789e-10    2.15349874209918e-10    7.07138488835513e-10    4.98920930049649e-10    3.11792087793408e-09
122.000000000026    3.23807081221373e-10    3.18548852261769e-10    7.57151912243473e-10    2.15332200848198e-10    9.42293343226535e-10    5.28597430431382e-10    3.08573082023273e-09
122.500000000026    9.90938602710489e-10    2.93290747340866e-10    6.50517990099382e-10    2.41980109380025e-10    4.56809303961253e-10    4.1596052693942e-10    3.04949728043143e-09
123.000000000026    1.67964656378777e-09    2.68008833869133e-10    4.95262288252869e-10    2.95775739108227e-10    6.68201914751168e-11    1.92660537928428e-10    2.99817415442154e-09
123.500000000026    1.92804547940429e-09    2.47357360133972e-10    3.78359988639341e-10    3.57878542791319e-10    9.62641221578044e-13    2.63358793667625e-11    2.93893989155726e-09
124.000000000027    1.72216302026146e-09    2.50311727277607e-10    4.18108663967496e-10    3.23421714556966e-10    1.72824367448377e-11    1.49202088278416e-10    2.88048965108678e-09
124.500000000027    1.16557393239291e-09    3.00856404001375e-10    5.66658165209526e-10    2.43454829456117e-10    2.2431980393109e-10    3.27802702901981e-10    2.828665837893e-09
125.000000000027    4.5465131043489e-10    3.11204127467913e-10    6.7103978726554e-10    2.14053293509695e-10    6.78313718419736e-10    4.6137043477675e-10    2.79063267187452e-09
125.500000000027    3.72178671798541e-10    3.00096732058966e-10    6.77223343126391e-10    2.18876565390731e-10    7.35852625806459e-10    4.58148531410556e-10    2.76237646959165e-09
126.000000000028    1.0129817730272e-09    2.72842162623347e-10    5.74615155061426e-10    2.47702397372629e-10    2.92231320226527e-10    3.27260300028218e-10    2.72763310833935e-09
126.500000000028    1.52271298368049e-09    2.5733873133304e-10    4.40492653876346e-10    2.98250912759478e-10    3.29846395407372e-11    1.29300285205677e-10    2.68108020639577e-09
127.000000000028    1.6719888015018e-09    2.34277567696791e-10    3.54195693643125e-10    3.45383687093357e-10    5.09057431736525e-13    2.31663663971577e-11    2.62952117376397e-09
127.500000000028    1.4187123977813e-09    2.51334249061059e-10    4.32144226716244e-10    2.95741932023036e-10    2.83970974614622e-11    1.53390573615889e-10    2.57972047665898e-09
128.000000000029    9.03393699430883e-10    2.89458116390345e-10    5.29256601114591e-10    2.34907671763936e-10    2.50246309324575e-10    3.29179182716121e-10    2.53644158074045e-09
128.500000000028    3.49863509674247e-10    2.92880615162709e-10    6.22601193277146e-10    2.15735611185428e-10    6.15319457582388e-10    4.08418103163076e-10    2.50481849004499e-09
129.000000000028    4.14717103715036e-10    2.800965924602e-10    6.0344697317693e-10    2.20336171830474e-10    5.66593263859414e-10    3.9408759984196e-10    2.47927770488401e-09
129.500000000027    9.79771961664912e-10    2.56468421239801e-10    5.09416246989747e-10    2.49498400009334e-10    1.92262719178872e-10    2.59315005343373e-10    2.44673275442604e-09
130.000000000027    1.36746401976916e-09    2.42544091949762e-10    3.92711063112742e-10    2.95359078294483e-10    1.72293472172742e-11    8.98069182359066e-11    2.40511451857932e-09
130.500000000026    1.4442324918936e-09    2.24824361082444e-10    3.30478397336593e-10    3.30656167090653e-10    8.30576491185038e-13    2.92502923508426e-11    2.36027228624532e-09
131.000000000026    1.18342684882616e-09    2.4448723265448e-10    4.36695016868746e-10    2.66843776400869e-10    3.79982340131054e-11    1.4814729865197e-10    2.31759840741533e-09
131.500000000025    7.17431811054754e-10    2.72143723635377e-10    5.10934562940074e-10    2.22488024637448e-10    2.57022133412931e-10    3.01092426781913e-10    2.2811126824625e-09
132.000000000025    2.91517409949117e-10    2.74722895195412e-10    5.77985526170621e-10    2.07893373372298e-10    5.43470720402482e-10    3.58594288870787e-10    2.25418421396072e-09
132.500000000024    4.34364049615489e-10    2.63987412894985e-10    5.45727872612591e-10    2.15867077129063e-10    4.40109443686441e-10    3.30937129417534e-10    2.2309929853561e-09
133.000000000024    9.22483592969596e-10    2.40547448239537e-10    4.5703374917904e-10    2.4506662150973e-10    1.30298496130093e-10    2.0555549993242e-10    2.20098540796042e-09
133.500000000024    1.22016114474736e-09    2.25897968238764e-10    3.57017610405615e-10    2.86931076457534e-10    9.33531894646366e-12    6.46724679189455e-11    2.16401558671468e-09
134.000000000023    1.25124315475496e-09    2.13204987135884e-10    3.14372096997755e-10    3.090571571629e-10    1.40406658880278e-12    3.56644421992415e-11    2.12494590483954e-09
134.500000000023    9.96614184009866e-10    2.35377658825883e-10    4.20223261540029e-10    2.50532873339585e-10    4.5450634117355e-11    1.39954981897504e-10    2.08815359373022e-09
135.000000000022    5.83084525001785e-10    2.52895415009918e-10    4.85837324732381e-10    2.15283415370328e-10    2.52737765514844e-10    2.67202026396605e-10    2.05704047202586e-09
135.500000000022    2.51736642667878e-10    2.58815932502631e-10    5.29211523884596e-10    2.02644583356867e-10    4.73838559110434e-10    3.17600348020081e-10    2.03384758954249e-09
136.000000000021    4.40278637804591e-10    2.41326106362428e-10    4.93965687489533e-10    2.10891225350852e-10    3.44743381612078e-10    2.81483894568985e-10    2.01268893318847e-09
136.500000000021    8.48609898352566e-10    2.27136957055534e-10    4.12950871057829e-10    2.38304432444563e-10    9.23064633551249e-11    1.66043029924695e-10    1.98535165219031e-09
137.00000000002    1.0855042778705e-09    2.10555870423836e-10    3.24060194727862e-10    2.79160624239202e-10    5.57841779283105e-12    4.77466141160369e-11    1.95260599917027e-09
137.50000000002    1.08755716312159e-09    2.01346393724513e-10    3.01764939391221e-10    2.8684711519696e-10    1.94627720834091e-12    3.90329975232561e-11    1.91849488616588e-09
138.000000000019    8.51687451161832e-10    2.23661173660348e-10    3.98086941038939e-10    2.33344308646946e-10    4.91710023594903e-11    1.30612912569506e-10    1.88656378943706e-09
138.500000000019    4.8586342009724e-10    2.37806285467332e-10    4.50795952595978e-10    2.06000028416535e-10    2.3918677766591e-10    2.40102416186046e-10    1.85975488042904e-09
139.000000000019    2.33176850972406e-10    2.39326894463056e-10    4.76551025323598e-10    1.96829320230532e-10    4.10284784576239e-10    2.83309860229483e-10    1.83947873579532e-09
139.500000000018    4.23410687388083e-10    2.26217697176575e-10    4.49844767133223e-10    2.04862028097388e-10    2.77957457174127e-10    2.37893291767401e-10    1.8201859287368e-09
140.000000000018    7.77186122728305e-10    2.08021160913553e-10    3.74403237408045e-10    2.29263205462289e-10    6.87950243008717e-11    1.37884656700191e-10    1.79555340751325e-09
140.500000000017    9.65246435220657e-10    1.96361639321204e-10    2.98490961265229e-10    2.65027065484366e-10    3.747992001109e-12    3.76998110605183e-11    1.76657390435308e-09
141.000000000017    9.51528359640675e-10    1.90770010199722e-10    2.84362918504287e-10    2.67642372131645e-10    2.47377151256465e-12    3.99238730304276e-11    1.73670130501932e-09
141.500000000016    7.38270024514068e-10    2.07250493861339e-10    3.68282884148291e-10    2.21374079707271e-10    4.99257180432161e-11    1.23719882830024e-10    1.70882308310421e-09
142.000000000016    4.13529601655616e-10    2.20096642888389e-10    4.20236214767813e-10    1.94267627529913e-10    2.20274084707921e-10    2.17094541916878e-10    1.68549871346653e-09
142.500000000015    2.17624340472387e-10    2.19526675100821e-10    4.39405635795106e-10    1.8713983882062e-10    3.52944436419741e-10    2.50925123867182e-10    1.66756605047586e-09
143.000000000015    4.00709527788604e-10    2.08553028841904e-10    4.04476856840543e-10    1.96571189322034e-10    2.2675622484857e-10    2.12979687610686e-10    1.65004651525234e-09
143.500000000014    7.02607408574717e-10    1.93620990936202e-10    3.40442963844132e-10    2.18436372779304e-10    5.3487785708893e-11    1.19344189964512e-10    1.62793971180776e-09
144.000000000014    8.59945869315207e-10    1.82706480093965e-10    2.78254831361265e-10    2.47197392675747e-10    2.72554612130188e-12    3.14689184111971e-11    1.60229903797868e-09
144.500000000014    8.37895048899469e-10    1.79235578262771e-10    2.67510373672655e-10    2.49117082519924e-10    2.85103407297159e-12    3.94405926556819e-11    1.57604971008347e-09
145.000000000013    6.44800437981393e-10    1.93876125425572e-10    3.42250485930663e-10    2.07791502139965e-10    4.83230865235116e-11    1.14537575546861e-10    1.55157921354797e-09
145.500000000013    3.60150302362364e-10    2.04083293628553e-10    3.86947871886383e-10    1.84512775389401e-10    1.98108692658689e-10    1.97317366856082e-10    1.53112030278147e-09
146.000000000012    2.02212897898915e-10    2.03178396119671e-10    4.03103287330256e-10    1.7811189671011e-10    3.04217949384241e-10    2.24306953647118e-10    1.51513138109031e-09
146.500000000012    3.71493075908769e-10    1.93490302940794e-10    3.75291614015078e-10    1.84780579408997e-10    1.88767019627349e-10    1.85457340305725e-10    1.49927993220671e-09
147.000000000011    6.3361537714225e-10    1.79051980467599e-10    3.13163135716177e-10    2.06310919675183e-10    4.28940802419792e-11    1.04457460506247e-10    1.47949295374944e-09
147.500000000011    7.66772896956842e-10    1.69788055586039e-10    2.59733728572283e-10    2.31340749920717e-10    2.05791972822089e-12    2.70811953787949e-11    1.4567745461429e-09
148.00000000001    7.41935323692584e-10    1.6692311204018e-10    2.51386458029449e-10    2.32897399072431e-10    2.91742905933626e-12    3.75539398139636e-11    1.43361366170794e-09
148.50000000001    5.68306265698945e-10    1.80163637948784e-10    3.17990334031007e-10    1.95291785619931e-10    4.48834473975829e-11    1.05394146942175e-10    1.41202961763842e-09
149.000000000009    3.1789856358247e-10    1.88054473707382e-10    3.57704098460304e-10    1.75616070091429e-10    1.75681472973286e-10    1.78994435363268e-10    1.39394911417814e-09
149.500000000009    1.86954296119859e-10    1.87813822405985e-10    3.71051524848881e-10    1.68875911600503e-10    2.61290702276459e-10    2.03643174359149e-10    1.37962943161084e-09
150.000000000009    3.41162170498894e-10    1.77141319557931e-10    3.45140367737533e-10    1.75807760167752e-10    1.59186670101838e-10    1.66843966651717e-10    1.36528225471566e-09
150.500000000008    5.66197229077594e-10    1.66994283567633e-10    2.89309021679531e-10    1.95952357998306e-10    3.5971678479979e-11    9.31972184147629e-11    1.34762178921781e-09
151.000000000008    6.83844487960955e-10    1.58277718326749e-10    2.41962953445652e-10    2.18657106156524e-10    1.72738213795675e-12    2.30185436601503e-11    1.32748819168799e-09
151.500000000007    6.619009267286e-10    1.55313287532462e-10    2.34822357789098e-10    2.18933301517701e-10    2.74601707938057e-12    3.32549921646111e-11    1.30697088281185e-09
152.000000000007    5.06746970745803e-10    1.67432048944634e-10    2.94052461603828e-10    1.846097750041e-10    3.97081922937364e-11    9.52946456278809e-11    1.28784409421998e-09
152.500000000006    2.88667791080722e-10    1.73461437042488e-10    3.28785309668054e-10    1.66639672797123e-10    1.52766577061297e-10    1.61400103764857e-10    1.27172089141454e-09
153.000000000006    1.72685844463775e-10    1.73710716969839e-10    3.42138038087858e-10    1.59366423249413e-10    2.27909772009933e-10    1.82985840162966e-10    1.25879663494378e-09
153.500000000005    3.05442593621149e-10    1.65581905373752e-10    3.1880766859321e-10    1.65827063691738e-10    1.40487509375088e-10    1.49777512309447e-10    1.24592425296439e-09
154.000000000005    5.07757002859683e-10    1.54260969539172e-10    2.69036157395945e-10    1.83331624667923e-10    3.2307778147529e-11    8.34941246899032e-11    1.23018765730016e-09
154.500000000004    6.1169380332758e-10    1.47610462617764e-10    2.24706478324891e-10    2.05071074356885e-10    1.61722434012407e-12    2.16173133582817e-11    1.21231635632553e-09
155.000000000004    5.93905300464702e-10    1.44301507085993e-10    2.20051001823265e-10    2.03802404757796e-10    2.19183264861753e-12    2.98273636518805e-11    1.19407941043225e-09
155.500000000004    4.58432252982437e-10    1.5547361053731e-10    2.70758921559121e-10    1.73493401218404e-10    3.30788737316542e-11    8.5797881535613e-11    1.17703494156454e-09
156.000000000003    2.66960672883568e-10    1.60851479533383e-10    3.0179986441211e-10    1.56876657206715e-10    1.29998448538281e-10    1.46060434506814e-10    1.16254755708087e-09
156.500000000003    1.59715204752554e-10    1.61050521469205e-10    3.13285715093203e-10    1.50440715226183e-10    1.98595256322015e-10    1.67754813493529e-10    1.15084222635669e-09
157.000000000002    2.72330482113664e-10    1.5267683785345e-10    2.950803576679e-10    1.56352569330446e-10    1.26323344370723e-10    1.36497192456943e-10    1.13926078379313e-09
157.500000000002    4.48974253825242e-10    1.4519013928576e-10    2.51409702705573e-10    1.72166827796236e-10    3.058538858382e-11    7.69635400230926e-11    1.12528985221972e-09
158.000000000001    5.47418826482289e-10    1.37388063139331e-10    2.11945672209888e-10    1.90290101154293e-10    1.67774990458384e-12    2.07032482637671e-11    1.10942366115415e-09
158.500000000001    5.35062706228441e-10    1.35479546422177e-10    2.03775528864458e-10    1.92276043523737e-10    1.59688489015786e-12    2.49845272557512e-11    1.09317523718472e-09
159    4.19695175435247e-10    1.43118088405454e-10    2.49251461003872e-10    1.64833711913806e-10    2.62610155969489e-11    7.47522292221999e-11    1.07791168157753e-09
159.5    2.5176961467314e-10    1.47636974662779e-10    2.80513158892469e-10    1.48267284504654e-10    1.08835887932838e-10    1.27769125904867e-10    1.06479204657075e-09
159.999999999999    1.48648880579666e-10    1.4806709680971e-10    2.91533256195089e-10    1.42151031795365e-10    1.74334765849718e-10    1.49384555919624e-10    1.05411958714917e-09
160.499999999999    2.37152979592801e-10    1.43051474461416e-10    2.7464788001292e-10    1.46739876209435e-10    1.16850782740178e-10    1.25311219492149e-10    1.0437542125089e-09
160.999999999999    3.96873254195237e-10    1.34588621068235e-10    2.35438915839823e-10    1.61025667442909e-10    3.04305585541521e-11    7.30037412112432e-11    1.0313607583116e-09
161.499999999998    4.88266098306462e-10    1.2885437026121e-10    1.99268540635908e-10    1.77587680650186e-10    1.97812158914677e-12    2.13092889590914e-11    1.01726410040201e-09
161.999999999998    4.86054705871601e-10    1.25258792134649e-10    1.90268656568249e-10    1.8024536909588e-10    1.11285294527641e-12    1.98109499343094e-11    1.00275132654996e-09
162.499999999997    3.86900257420198e-10    1.32575094423015e-10    2.29129341447553e-10    1.56506918001384e-10    2.01942412069484e-11    6.37205119171656e-11    9.89026364416264e-10
162.999999999997    2.39478103752208e-10    1.37281647755376e-10    2.55529307328641e-10    1.4127449465208e-10    8.96536329697128e-11    1.1387557659697e-10    9.77092763054987e-10
163.499999999996    1.40192804427782e-10    1.37656163014652e-10    2.68869178669696e-10    1.35056747821024e-10    1.52220627630602e-10    1.33322699478752e-10    9.67318221042508e-10
163.999999999996    2.05538103817942e-10    1.3346645653651e-10    2.54513929406637e-10    1.38524623143273e-10    1.09966027399198e-10    1.15994486441055e-10    9.58003626744615e-10
164.499999999995    3.481595260939e-10    1.25371220075594e-10    2.21332055436063e-10    1.5034646950626e-10    3.15739155265495e-11    7.02467040473324e-11    9.470298906857e-10
164.999999999995    4.35335563779215e-10    1.20750738053167e-10    1.8766135883363e-10    1.66198084072009e-10    2.52023097469711e-12    2.20356271855824e-11    9.345016028983e-10
165.499999999994    4.40864422798381e-10    1.17205603801798e-10    1.77204003596056e-10    1.70030242934e-10    7.33334518880519e-13    1.54814093530074e-11    9.21519017002124e-10
165.999999999994    3.60282277358745e-10    1.21857678538253e-10    2.08267831143501e-10    1.50148459790257e-10    1.48527190762411e-11    5.37319964984711e-11    9.09140962405469e-10
166.499999999994    2.30774513712865e-10    1.27609430030871e-10    2.32280141307837e-10    1.35408815824187e-10    7.19926652634257e-11    1.00171633925766e-10    8.98237200064951e-10
166.999999999993    1.34335124422665e-10    1.27265829105555e-10    2.46999339396031e-10    1.28399807963825e-10    1.3195821920136e-10    1.20280460805353e-10    8.89238780894789e-10
167.499999999993    1.77132850925379e-10    1.24475548549355e-10    2.36998901888012e-10    1.30534598768067e-10    1.04553178280057e-10    1.07143573941809e-10    8.8083865235268e-10
167.999999999992    3.03079214149451e-10    1.17494420651739e-10    2.08463752613266e-10    1.40512180925038e-10    3.41132355102179e-11    6.74777332832776e-11    8.71140537132989e-10
168.499999999992    3.88305177835635e-10    1.12599626516042e-10    1.7764802956387e-10    1.54664226148472e-10    3.34224498783582e-12    2.34427912989319e-11    8.60002096350787e-10
168.999999999991    4.0085499737588e-10    1.09493519913845e-10    1.66102531960193e-10    1.59031967978383e-10    4.94313458278633e-13    1.23898854794075e-11    8.48367216165987e-10
169.499999999991    3.35413262795673e-10    1.13184237230837e-10    1.89892299628288e-10    1.42683527416555e-10    1.05558539454919e-11    4.54512788405625e-11    8.37180459857408e-10
169.99999999999    2.24753075800397e-10    1.18123191535343e-10    2.12767270657254e-10    1.27902729717875e-10    5.65002604253806e-11    8.71399230782519e-11    8.27186451214502e-10
170.49999999999    1.29358849421129e-10    1.19355161993597e-10    2.28834086316906e-10    1.21176290278158e-10    1.1382890461188e-10    1.06310082651724e-10    8.18863375273394e-10
170.999999999989    1.53667150242163e-10    1.16188145938343e-10    2.2062976180798e-10    1.2272966882774e-10    9.94396294222282e-11    9.86155547637493e-11    8.11269911002204e-10
171.499999999989    2.62427030394909e-10    1.10737780847616e-10    1.96170487606923e-10    1.31395053151258e-10    3.67535671649403e-11    6.51900736840837e-11    8.0267399284973e-10
171.999999999989    3.45367949768507e-10    1.05662073591553e-10    1.68690797311451e-10    1.43380148420466e-10    4.45691473457104e-12    2.52225351678311e-11    7.92780418994379e-10
172.499999999988    3.64834527275686e-10    1.02303707813134e-10    1.55882877198107e-10    1.48995866870583e-10    3.70206888122435e-13    9.95404703572786e-12    7.82341233081361e-10
172.999999999988    3.13428029258866e-10    1.05808779775274e-10    1.72087798682699e-10    1.36779495661265e-10    7.33734404344707e-12    3.67727291962719e-11    7.72214176617823e-10
173.499999999987    2.20211816168423e-10    1.09501587501048e-10    1.94921103516793e-10    1.22109072701526e-10    4.35465754361954e-11    7.27403685175451e-11    7.63030523841531e-10
173.999999999987    1.27141882388395e-10    1.11775184732194e-10    2.10008766850496e-10    1.15350475855608e-10    9.72363847235646e-11    9.38043230140749e-11    7.55317017564332e-10
174.499999999986    1.32843338443243e-10    1.09420878864829e-10    2.05893781270154e-10    1.15951241825383e-10    9.44811059496135e-11    8.98235634065158e-11    7.48413909759738e-10
174.999999999986    2.26554858365791e-10    1.03848169206466e-10    1.85700972240223e-10    1.22862858440314e-10    3.9559675485668e-11    6.22651055664398e-11    7.40791639304902e-10
175.499999999985    3.05501572801564e-10    9.98586955209251e-11    1.61248313563859e-10    1.32854275470366e-10    5.84042646167517e-12    2.66973887022843e-11    7.32000672520674e-10
175.999999999985    3.31644887265305e-10    9.56796712910654e-11    1.46451526821976e-10    1.40161450064193e-10    3.01390630702781e-13    8.39431237336624e-12    7.22633238446609e-10
176.499999999984    2.93217670696749e-10    9.84725857216651e-11    1.56603257778158e-10    1.31697870136818e-10    4.6859041803584e-12    2.87630598788307e-11    7.1344034839258e-10
176.999999999984    2.14133565174262e-10    1.01860712677831e-10    1.78654349538968e-10    1.17656020101072e-10    3.21552712242114e-11    6.0537513841483e-11    7.04997432557828e-10
177.499999999984    1.26443945914919e-10    1.04207246032276e-10    1.92755924920554e-10    1.10209664118334e-10    8.11256172733494e-11    8.30732256438862e-11    6.97815623903319e-10
177.999999999983    1.160269707336e-10    1.02535918007411e-10    1.9115406439606e-10    1.09846410596677e-10    8.89908476552825e-11    8.29490833450897e-11    6.9150329473412e-10
178.499999999983    1.92620842776867e-10    9.84132792341993e-11    1.75949473114107e-10    1.14366589944081e-10    4.26377832797236e-11    6.07520710611651e-11    6.84740039410142e-10
178.999999999982    2.70270193501106e-10    9.31501536755875e-11    1.53223812256838e-10    1.2357209988624e-10    7.53865602398931e-12    2.91748325207279e-11    6.76929747864489e-10
179.499999999982    3.00223053007386e-10    9.05841607253136e-11    1.38149669345729e-10    1.3100307842119e-10    3.3537997644734e-13    8.22700422003894e-12    6.68522345696104e-10
179.999999999981    2.76155951055457e-10    9.09315178237679e-11    1.43651065394996e-10    1.25313912772393e-10    2.68904654559646e-12    2.14283731092963e-11    6.60169866701507e-10
180.499999999981    2.0893140725947e-10    9.52553504931006e-11    1.64167056660289e-10    1.11984390876067e-10    2.27389956002303e-11    4.93166936566096e-11    6.52393894545767e-10
180.99999999998    1.273790129618e-10    9.73670208013366e-11    1.7763473226097e-10    1.04949744603999e-10    6.62823295509606e-11    7.20714254854182e-11    6.45684265664484e-10
181.49999999998    1.02293564123128e-10    9.62932370231234e-11    1.77954716583372e-10    1.03453827950636e-10    8.32939970960247e-11    7.65834231085389e-11    6.39872765884823e-10
181.999999999979    1.62658469138408e-10    9.27344383622029e-11    1.66256790294465e-10    1.06986742800875e-10    4.60385858264979e-11    5.91923047201247e-11    6.33867331142573e-10
182.499999999979    2.37249585662652e-10    8.78197346235059e-11    1.45927236136096e-10    1.14739097113162e-10    9.7878878720734e-12    3.14201538463622e-11    6.26943695253851e-10
182.999999999979    2.72405347288323e-10    8.49391811805161e-11    1.29814980502534e-10    1.23046754248183e-10    4.87010662923986e-13    8.6976510365878e-12    6.19390924919067e-10
183.499999999978    2.59059283675615e-10    8.50691080826233e-11    1.30997181862717e-10    1.19750651966668e-10    1.43540000287756e-12    1.54808574613501e-11    6.11792483051852e-10
183.999999999978    2.04198716922792e-10    8.79766404074166e-11    1.50770616864987e-10    1.07399310698718e-10    1.50159808400953e-11    3.9273008922651e-11    6.0463427465666e-10
184.499999999977    1.298196450822e-10    9.03446783647536e-11    1.63702408886051e-10    9.96347807715932e-11    5.18486809166933e-11    6.30008457671728e-11    5.98351039788464e-10
184.999999999977    9.25964062313555e-11    9.02347928114924e-11    1.6717451138811e-10    9.68773882564062e-11    7.57312983689962e-11    7.03403961143638e-11    5.92954793170724e-10
185.499999999976    1.36158328297903e-10    8.72306028607522e-11    1.57453050283981e-10    9.96402827729002e-11    4.87574472050673e-11    5.8352933078836e-11    5.8759264449944e-10
185.999999999976    2.05950286558781e-10    8.29932434336149e-11    1.39877242664262e-10    1.06474677842433e-10    1.25836159625825e-11    3.35802020184569e-11    5.81459268480131e-10
186.499999999975    2.45239603037959e-10    7.99786994088126e-11    1.23888774074136e-10    1.14075646088861e-10    8.42131972106385e-13    1.06683758425186e-11    5.74693230424394e-10
186.999999999975    2.41895573949384e-10    7.96235753226821e-11    1.20935402706649e-10    1.14054623773479e-10    7.16066802045505e-13    1.05635708130196e-11    5.67788813367259e-10
187.499999999974    1.98506662934649e-10    8.17612799800741e-11    1.37469449151469e-10    1.03159762847064e-10    9.13216279185687e-12    3.11668355038068e-11    5.61196153208919e-10
187.999999999974    1.32852714734548e-10    8.43818400189028e-11    1.49993346645721e-10    9.48950332247971e-11    3.88302557991087e-11    5.43488320666255e-11    5.55302022489703e-10
188.499999999974    8.74578886949128e-11    8.42207163237042e-11    1.55160738259019e-10    9.23199808216877e-11    6.70487580017051e-11    6.40462199721646e-11    5.50254302073193e-10
188.999999999973    1.12763944391418e-10    8.23658396016088e-11    1.49843267882303e-10    9.3216885259401e-11    5.12475269026486e-11    5.59879129515539e-11    5.45425376988933e-10
189.499999999973    1.76824468897796e-10    7.83514851111431e-11    1.35340358342468e-10    9.81641252441515e-11    1.62307552012115e-11    3.50918966447146e-11    5.40003089441485e-10
189.999999999972    2.19206561863911e-10    7.57440720533792e-11    1.18699829893918e-10    1.05561714738407e-10    1.52867609404305e-12    1.32114080680498e-11    5.33952262711708e-10
190.499999999972    2.25394895798051e-10    7.42053853764931e-11    1.12535122725224e-10    1.07946825792507e-10    3.66649838501413e-13    7.2323130355847e-12    5.27681192566361e-10
190.999999999971    1.92813903352553e-10    7.58323934464473e-11    1.24001649237671e-10    9.95638546711321e-11    5.18290916855518e-12    2.42231885979607e-11    5.2161789847432e-10
191.499999999971    1.36845079133824e-10    7.83559265468144e-11    1.36271461228707e-10    9.08654387548469e-11    2.76550151446992e-11    4.60920521020501e-11    5.16084972910941e-10
191.99999999997    8.59335585193292e-11    7.9160383967033e-11    1.45531627782366e-10    8.64833022807421e-11    5.74925556891799e-11    5.67251153846544e-11    5.11326543623304e-10
192.49999999997    9.43543913646299e-11    7.77856146300692e-11    1.41652177089884e-10    8.70449188573363e-11    5.23864815980743e-11    5.3717604909363e-11    5.06941188449357e-10
192.999999999969    1.49745418250518e-10    7.43571205166237e-11    1.28346232773362e-10    9.15481164102941e-11    2.03882859359126e-11    3.77611749676455e-11    5.02146348854356e-10
193.499999999969    1.94312326116581e-10    7.17318338373674e-11    1.13915792542888e-10    9.76057669561562e-11    2.70036327771369e-12    1.64795846722415e-11    4.96745667402947e-10
193.999999999969    2.08284633445263e-10    6.99685389613293e-11    1.05288382472067e-10    1.01818084953458e-10    2.16964630998654e-13    5.4891895703814e-12    4.91065794033497e-10
194.499999999968    1.8668171371063e-10    7.04986591267649e-11    1.11935363055447e-10    9.57062983517147e-11    2.69469675007086e-12    1.79657341857942e-11    4.85482465180422e-10
194.999999999968    1.39420415893939e-10    7.29717997114533e-11    1.25063750465385e-10    8.67321121820603e-11    1.86007128725532e-11    3.75128061502291e-11    4.80301597275621e-10
195.499999999967    8.78351085414984e-11    7.39843116070254e-11    1.3400520075733e-10    8.23562518153646e-11    4.69168335127472e-11    5.06991774215304e-11    4.75796883655495e-10
195.999999999967    8.02496952002844e-11    7.34267620470904e-11    1.33202888189827e-10    8.16880829597419e-11    5.17279237240028e-11    5.14698968891843e-11    4.71765249010131e-10
196.499999999966    1.24965207068163e-10    7.06183131751373e-11    1.23570313159155e-10    8.46683365673303e-11    2.49547014248997e-11    3.87392153678147e-11    4.675160867625e-10
196.999999999966    1.7137534565615e-10    6.75056791781097e-11    1.094575003734e-10    9.02703023892825e-11    4.49208632457969e-12    1.96078492452787e-11    4.62708763166801e-10
197.499999999965    1.90818469843501e-10    6.60876648514636e-11    9.97423843722707e-11    9.51559979087094e-11    2.2174153739934e-13    5.54400515467402e-12    4.57570263668018e-10
197.999999999965    1.79094508345355e-10    6.59369205130871e-11    1.0182819713649e-10    9.20443197935795e-11    1.24302504152816e-12    1.22923447771609e-11    4.52439315607201e-10
198.499999999964    1.41070324030385e-10    6.77716595233914e-11    1.14821171356034e-10    8.33979645297121e-11    1.15770684330381e-11    2.89609360342095e-11    4.4759912390677e-10
198.999999999964    9.13898445627979e-11    6.93987567145002e-11    1.23021086505216e-10    7.87562316154099e-11    3.66447223042801e-11    4.41131651236856e-11    4.43323806825889e-10
199.499999999964    7.11999727709633e-11    6.91341041477967e-11    1.24483729949685e-10    7.73150874988535e-11    4.9396987416308e-11    4.80434503071135e-11    4.3957333209072e-10
199.999999999963    1.02980485413571e-10    6.72652250092577e-11    1.1815768635452e-10    7.9055684444442e-11    2.96904070248639e-11    3.86328714102492e-11    4.35782359656904e-10
200.499999999963    1.48487782774326e-10    6.43666982100785e-11    1.05959751480689e-10    8.36011341245264e-11    7.18859782263923e-12    2.19118995249129e-11    4.31515863937172e-10
200.999999999962    1.73430492031093e-10    6.2290638738751e-11    9.54347779329504e-11    8.8453689389657e-11    4.63897489277301e-13    6.80839840881951e-12    4.26881893990549e-10
201.499999999962    1.70192948461026e-10    6.18388946781723e-11    9.3572944578485e-11    8.83608018208478e-11    5.17447825417384e-13    7.69163614302513e-12    4.22174673506974e-10
201.999999999961    1.40515640029357e-10    6.33078371900337e-11    1.05219286342202e-10    8.05704689685301e-11    6.61238312800798e-12    2.14434355896169e-11    4.17669051247747e-10
202.499999999961    9.63546686311818e-11    6.48120178778177e-11    1.13464455323564e-10    7.54374740787038e-11    2.67823994598294e-11    3.6754154505043e-11    4.1360516987614e-10
202.99999999996    6.6412419806793e-11    6.52313104099595e-11    1.17247199260125e-10    7.29187005129248e-11    4.49197781736115e-11    4.33388541549683e-11    4.10068262318382e-10
203.49999999996    8.49228931510152e-11    6.32764404472438e-11    1.12331419792531e-10    7.38087149616048e-11    3.36757295519962e-11    3.86454391390363e-11    4.06660637043428e-10
203.999999999959    1.27043980571845e-10    6.10356026334953e-11    1.02119647836547e-10    7.76689737391787e-11    1.07141759948029e-11    2.42997186797629e-11    4.02882099455632e-10
204.499999999959    1.55596053786229e-10    5.91001787774297e-11    9.08467524725733e-11    8.28939641297402e-11    1.04517593896041e-12    9.23260427450332e-12    3.98714729379436e-10
204.999999999959    1.60368810545849e-10    5.79915301275015e-11    8.69591208599844e-11    8.41765108408634e-11    2.07849963632679e-13    4.70644084696116e-12    3.94410263184792e-10
205.499999999958    1.39059533921786e-10    5.89712104720791e-11    9.44448721386674e-11    7.85159562583167e-11    3.3324741969126e-12    1.59033408553747e-11    3.90227387843136e-10
205.999999999958    1.01415195900338e-10    6.05494603261431e-11    1.02997232102175e-10    7.23220539246114e-11    1.80889988564188e-11    3.09990739683875e-11    3.86372015078074e-10
206.499999999957    6.64619917161928e-11    6.10066593963746e-11    1.08886155079309e-10    6.92601467015103e-11    3.83354826627733e-11    3.90554010061196e-11    3.8300583656228e-10
206.999999999957    6.99314582102797e-11    6.02086115405005e-11    1.07024395959636e-10    6.91564046953722e-11    3.61509132008833e-11    3.7424368492934e-11    3.79896152099606e-10
207.499999999956    1.06651964589485e-10    5.80458042679861e-11    9.84553128979475e-11    7.19791257323592e-11    1.48832151032608e-11    2.65368491900648e-11    3.76552271781103e-10
207.999999999956    1.38089445471423e-10    5.60672507539263e-11    8.84513566523977e-11    7.61362804197273e-11    2.15574766220305e-12    1.192134329042e-11    3.72821424250097e-10
208.499999999955    1.49148330570538e-10    5.45829088777563e-11    8.21743797433757e-11    7.93330283912082e-11    1.02798895580886e-13    3.55620122225186e-12    3.68897647700711e-10
208.999999999955    1.36020995505005e-10    5.51892325349352e-11    8.55682282591947e-11    7.57676747187483e-11    1.41265512045542e-12    1.10596881436249e-11    3.65018474281963e-10
209.499999999954    1.05857038733076e-10    5.6463651348415e-11    9.34471596961231e-11    7.01574267135774e-11    1.10399695363094e-11    2.4411366861128e-11    3.61376612888629e-10
209.999999999954    6.96468260047474e-11    5.73237276678512e-11    9.99395234713664e-11    6.60925008749452e-11    3.04593298291627e-11    3.46921308874963e-11    3.58154038735569e-10
210.499999999954    5.98312743473871e-11    5.71028307538453e-11    1.00901198982046e-10    6.51075115554382e-11    3.66799918211475e-11    3.56488399139712e-11    3.55271647373835e-10
210.999999999953    8.75190603369459e-11    5.53113992124052e-11    9.47077995430404e-11    6.69696393386982e-11    1.96309509779285e-11    2.81602574570715e-11    3.5229910686609e-10
211.499999999953    1.20298392215547e-10    5.33878103597767e-11    8.54927186076501e-11    7.06553965388634e-11    4.05912033754639e-12    1.50863996803129e-11    3.48979837739696e-10
211.999999999952    1.36541630372871e-10    5.20034445116506e-11    7.84238753205308e-11    7.40547848595819e-11    1.87569151859391e-13    4.20772610900753e-12    3.45419030325501e-10
212.499999999952    1.32144781153169e-10    5.16427655777403e-11    7.77739078825022e-11    7.32623464733789e-11    4.43524166962541e-13    6.5644713505883e-12    3.41831796604341e-10
212.999999999951    1.08832031247498e-10    5.25896051959788e-11    8.657432182418e-11    6.72917612407874e-11    5.80739288672943e-12    1.73068748203789e-11    3.38401987215553e-10
213.499999999951    7.47441669603869e-11    5.36354589542721e-11    9.29655575225614e-11    6.32655221281817e-11    2.20843095931009e-11    2.86149830863988e-11    3.35309998244902e-10
213.99999999995    5.40609993115844e-11    5.40187361084424e-11    9.52658543650268e-11    6.13962746374731e-11    3.46092939314955e-11    3.32396266457548e-11    3.32590784999777e-10
214.49999999995    7.05593652660979e-11    5.27605936036565e-11    9.14795747034483e-11    6.24718911075336e-11    2.4119823012973e-11    2.85403570049458e-11    3.29931604698655e-10
214.999999999949    1.02832418696334e-10    5.07372784505786e-11    8.3613932816617e-11    6.50501188687986e-11    6.95012599617662e-12    1.78040304330256e-11    3.26987905261531e-10
215.499999999949    1.2336121547495e-10    4.93004464421993e-11    7.53134157401254e-11    6.89501230765138e-11    5.58266831544392e-13    6.29208199177151e-12    3.23775549557104e-10
215.999999999949    1.26420719587779e-10    4.82858419675683e-11    7.23486399322978e-11    6.99234951065822e-11    9.61075219955724e-14    3.39839079709842e-12    3.20473194913322e-10
216.499999999948    1.09426941908618e-10    4.91760813352468e-11    7.8314472344798e-11    6.55047196082169e-11    2.4881613666913e-12    1.23542911433916e-11    3.17264667706963e-10
216.999999999948    8.0312659094065e-11    5.03413141590218e-11    8.46433442306492e-11    6.08669304741804e-11    1.40549946961147e-11    2.408053899651e-11    3.14299781650541e-10
217.499999999947    5.35118154463057e-11    5.09675150145525e-11    8.91998404235621e-11    5.84051181485993e-11    2.94553280469339e-11    3.01519614775448e-11    3.11691578557498e-10
217.999999999947    5.69492673090497e-11    5.02542457793428e-11    8.73920463421414e-11    5.81510276434418e-11    2.71337908603555e-11    2.93872017259659e-11    3.09267579660297e-10
218.499999999946    8.51362530166149e-11    4.84614976066816e-11    8.10780004159455e-11    6.02335180629726e-11    1.08294029034729e-11    2.09260662629701e-11    3.06664738268658e-10
218.999999999946    1.09432179533915e-10    4.6629400314581e-11    7.30443520041224e-11    6.36920779709382e-11    1.46044607011737e-12    9.52757986313486e-12    3.03786035756809e-10
219.499999999945    1.18283742532263e-10    4.57181138173153e-11    6.79961684385812e-11    6.62902132822582e-11    4.27631244454968e-14    2.43330436979156e-12    3.00764305564655e-10
219.999999999945    1.08748969483935e-10    4.59167340412299e-11    7.03814818412912e-11    6.373012911317e-11    8.41075544691708e-13    8.15572620471454e-12    2.97774116229033e-10
220.499999999944    8.54824085782872e-11    4.70762175848147e-11    7.72977388269184e-11    5.88190791336799e-11    7.7867514049921e-12    1.84858007285429e-11    2.94947996257235e-10
220.999999999944    5.70706242688139e-11    4.77443456355757e-11    8.24622145842437e-11    5.57960349355594e-11    2.24662892156534e-11    2.68911412418327e-11    2.92430649881679e-10
221.499999999944    4.8405038775283e-11    4.75066977203853e-11    8.34924979646313e-11    5.46561133021051e-11    2.76848824622733e-11    2.8423324983114e-11    2.90168555207792e-10
221.999999999943    6.86238125612506e-11    4.63482079348243e-11    7.92278266802894e-11    5.56665190674853e-11    1.51870733032618e-11    2.28024890444266e-11    2.87855928591538e-10
222.499999999943    9.45715218552707e-11    4.45095894249093e-11    7.16522009205324e-11    5.85946249674643e-11    3.2332533021253e-12    1.27314061049141e-11    2.85292596575216e-10
222.999999999942    1.08582129497175e-10    4.32527481567135e-11    6.51438171183677e-11    6.19441316286266e-11    1.48074357411622e-13    3.47694561615925e-12    2.82547846374453e-10
223.499999999942    1.06142462630654e-10    4.31773557819342e-11    6.42581545575352e-11    6.15372761691051e-11    2.09377773428421e-13    4.44624190410218e-12    2.79770868816759e-10
223.999999999941    8.85092255048742e-11    4.39212679204999e-11    7.14179273745702e-11    5.67944845010858e-11    3.6159119660277e-12    1.28444233079037e-11    2.77103240574961e-10
224.499999999941    6.22975967670681e-11    4.48859753442825e-11    7.62525308472177e-11    5.34043731633255e-11    1.51397474600189e-11    2.26885908252385e-11    2.74668814407151e-10
224.99999999994    4.49796618671902e-11    4.50530466654484e-11    7.82176573229817e-11    5.18960113673018e-11    2.52889465201596e-11    2.70787504281941e-11    2.72514074171276e-10
225.49999999994    5.50519296094101e-11    4.42739255549584e-11    7.63499329968391e-11    5.18741437407266e-11    1.88990474150459e-11    2.39789054460776e-11    2.70427884763058e-10
225.999999999939    7.98869580922541e-11    4.24665779122924e-11    7.01886863020587e-11    5.41019209811008e-11    5.99225132504932e-12    1.55174740890904e-11    2.68153868701846e-10
226.499999999939    9.73451906273904e-11    4.12496697759724e-11    6.3010999299863e-11    5.75709359488929e-11    5.68734124786428e-13    5.93232825687995e-12    2.65677858033785e-10
226.999999999939    1.01339021623179e-10    4.05511720524898e-11    5.99413257458646e-11    5.89880248324798e-11    4.2116916637763e-14    2.25810927853587e-12    2.63119770449186e-10
227.499999999938    8.97322635617668e-11    4.0989474230991e-11    6.43812813184634e-11    5.53441545417851e-11    1.35384855768313e-12    8.81346143883219e-12    2.60614483649522e-10
227.999999999938    6.78669561811638e-11    4.21944686541872e-11    6.94640577322069e-11    5.14644336027133e-11    8.90714961424944e-12    1.83752925103809e-11    2.58272358294901e-10
228.499999999937    4.62092767269153e-11    4.25207537112109e-11    7.32467439769023e-11    4.92323111291935e-11    2.06297608345026e-11    2.43510525860645e-11    2.56189898964789e-10
228.999999999937    4.52844156004913e-11    4.20532696516537e-11    7.29324392602704e-11    4.89255791326591e-11    2.11299884138707e-11    2.39415622164983e-11    2.54267254275443e-10
229.499999999936    6.51214365931092e-11    4.10027105813897e-11    6.79800538910946e-11    5.04013759639585e-11    9.66344681179631e-12    1.80834662058426e-11    2.52252490047191e-10
229.999999999936    8.53290640318244e-11    3.95525674453027e-11    6.17543250953737e-11    5.28903837472784e-11    1.61378741580186e-12    8.89310342300145e-12    2.50033231158583e-10
230.499999999935    9.43540592261628e-11    3.8652352547288e-11    5.72294517895988e-11    5.5249333234019e-11    5.2629301007069e-14    2.1519237544288e-12    2.47689749852504e-10
230.999999999935    8.91338116098255e-11    3.85531771491673e-11    5.78702150201066e-11    5.39339201219116e-11    3.77184161854111e-13    5.4815053203466e-12    2.45349813383212e-10
231.499999999934    7.22053058795253e-11    3.94203515871143e-11    6.38525846363755e-11    4.99397338849564e-11    4.40598944541598e-12    1.32936764066761e-11    2.43117641840063e-10
231.999999999934    5.0207534828817e-11    4.00403255346863e-11    6.84275229577781e-11    4.70381666230013e-11    1.47213833378817e-11    2.06621212449545e-11    2.41097054527119e-10
232.499999999934    3.98256570099677e-11    4.01228441983949e-11    6.92112844674508e-11    4.61891309757519e-11    2.07899709090061e-11    2.31431239766684e-11    2.3928201153724e-10
232.999999999933    5.25264572207687e-11    3.90823144035307e-11    6.63792801305555e-11    4.6770793341164e-11    1.32943623559774e-11    1.94208846327592e-11    2.37474092084756e-10
233.499999999933    7.28743711283976e-11    3.79440723904214e-11    6.05611460491632e-11    4.90452076853723e-11    3.515656962994e-12    1.15566165358785e-11    2.35497070752227e-10
233.999999999932    8.59509647596268e-11    3.66380184348687e-11    5.50299346529964e-11    5.1790275489818e-11    2.37998356250266e-13    3.7212055791427e-12    2.33368397272703e-10
234.499999999932    8.65380057134185e-11    3.62540909234557e-11    5.37209077764161e-11    5.19163933774058e-11    7.52053641422753e-14    2.69015610926295e-12    2.31194759264101e-10
234.999999999931    7.42645247129983e-11    3.6828299633302e-11    5.86433196718915e-11    4.84746072119832e-11    1.81369218376518e-12    9.06407527742622e-12    2.29088518691366e-10
235.499999999931    5.47801006341218e-11    3.78005022653233e-11    6.25263659845921e-11    4.55511406564544e-11    9.19585001928445e-12    1.72806840889824e-11    2.27134643648759e-10
235.99999999993    3.89114376929585e-11    3.80499945157969e-11    6.53050189605806e-11    4.38400748681712e-11    1.79853812252489e-11    2.12960451459785e-11    2.25387952408735e-10
236.49999999993    4.25488390947964e-11    3.74584959199831e-11    6.38597427322539e-11    4.40034274940401e-11    1.5807204480361e-11    2.00575902924189e-11    2.23735300013853e-10
236.999999999929    6.06821997804758e-11    3.63929584374745e-11    5.94638626879151e-11    4.53468833530108e-11    6.10268733913763e-12    1.39848418913478e-11    2.21973433489362e-10
237.499999999929    7.62829691716539e-11    3.51398974477281e-11    5.39518180687992e-11    4.7880099201043e-11    7.97544799725823e-13    5.99960292134595e-12    2.20051931610296e-10
237.999999999929    8.16709998343257e-11    3.44978147408515e-11    5.05966336275534e-11    4.95833414341289e-11    2.59608367077609e-14    1.67661076022435e-12    2.18051361233792e-10
238.499999999928    7.47796733661399e-11    3.45120082797239e-11    5.26867511162891e-11    4.7472796993357e-11    5.94097076696513e-13    6.02635908099082e-12    2.16071685913197e-10
238.999999999928    5.89902002964412e-11    3.555773560605e-11    5.71923804950525e-11    4.40722376885687e-11    5.0396682819071e-12    1.33444305529583e-11    2.14196652920978e-10
239.499999999927    4.13121434454422e-11    3.59110635338149e-11    6.06748839517298e-11    4.20922023007226e-11    1.38115838293024e-11    1.87038383836127e-11    2.12505715444624e-10
239.999999999927    3.63542778092044e-11    3.58838078150006e-11    6.07808908961928e-11    4.16296188972142e-11    1.6650907377235e-11    1.96584717012704e-11    2.10957974496117e-10
240.499999999926    4.96618038732881e-11    3.49324448126354e-11    5.80053701590156e-11    4.22672653108635e-11    9.07973944294343e-12    1.54329258537151e-11    2.09379549452461e-10
240.999999999926    6.62592817000239e-11    3.37919870174e-11    5.28547743716057e-11    4.44236491864414e-11    1.97313635606858e-12    8.35281169390329e-12    2.07655640325443e-10
241.499999999925    7.53887847786542e-11    3.27569586923634e-11    4.85909119116682e-11    4.66349858998497e-11    9.87172730764985e-14    2.35352707762203e-12    2.05823885633234e-10
241.999999999925    7.34783693733483e-11    3.26859529556224e-11    4.80734580916627e-11    4.62879583897917e-11    1.45566828927664e-13    3.30422173951464e-12    2.03975527378867e-10
242.499999999924    6.17466530700001e-11    3.33525784570721e-11    5.28208952216165e-11    4.29570014727497e-11    2.30851208672391e-12    9.00833903916228e-12    2.02193979347325e-10
242.999999999924    4.50332451670287e-11    3.38903540812086e-11    5.64664087782391e-11    4.03413081167733e-11    9.31529439536868e-12    1.55067715338539e-11    2.00553382072472e-10
243.499999999924    3.40695068157037e-11    3.40689111655242e-11    5.78984148627264e-11    3.92602822179164e-11    1.54639660920163e-11    1.83141646865751e-11    1.99075245840462e-10
243.999999999923    4.05431403523107e-11    3.33247065988235e-11    5.60116205693082e-11    3.96412652270075e-11    1.17379185942434e-11    1.63811325531388e-11    1.97639783894832e-10
244.499999999923    5.61444266975225e-11    3.23885848804204e-11    5.17217308611086e-11    4.12478920304157e-11    3.88764748772104e-12    1.07085158137132e-11    1.96098797770901e-10
244.999999999922    6.77233078721183e-11    3.1525831488644e-11    4.73842198749725e-11    4.32944560173252e-11    4.10073557021244e-13    4.09820978599789e-12    1.94436098596079e-10
245.499999999922    7.04886328875385e-11    3.09337467209736e-11    4.5229232560561e-11    4.42954463665814e-11    3.15455281202277e-14    1.74263020869451e-12    1.92721234272469e-10
245.999999999921    6.27775873699489e-11    3.12968678218675e-11    4.79757510828849e-11    4.19900445730181e-11    8.41135270646443e-13    6.15925276943974e-12    1.91040638887805e-10
246.499999999921    4.90319615781602e-11    3.18431670161704e-11    5.14363133196553e-11    3.93289121383924e-11    5.32083447877282e-12    1.24962107787477e-11    1.89457399309899e-10
246.99999999992    3.50085428205686e-11    3.23603334657679e-11    5.40799160286687e-11    3.77654828241161e-11    1.23982001518e-11    1.64128766830091e-11    1.8802535197393e-10
247.49999999992    3.39468814310213e-11    3.19921479630035e-11    5.40422643348717e-11    3.73541182651059e-11    1.31209972311117e-11    1.6233769457531e-11    1.86690178682645e-10
247.999999999919    4.62596884161728e-11    3.11943566527593e-11    5.0910834786099e-11    3.83321775027971e-11    6.37580694764686e-12    1.22360437404749e-11    1.8530890804595e-10
248.499999999919    5.93166084655988e-11    3.02847858095204e-11    4.65569852963561e-11    4.02369347916228e-11    1.23073209021132e-12    6.1834842391082e-12    1.83809530692418e-10
248.999999999919    6.55536704116161e-11    2.95803149833482e-11    4.32891887635755e-11    4.19142198264055e-11    5.94514243576272e-14    1.83829627015354e-12    1.82235141679456e-10
249.499999999918    6.25507188154316e-11    2.95589377896627e-11    4.38047915832939e-11    4.09432734986812e-11    2.32312175349963e-13    3.56694742635965e-12    1.80656981288779e-10
249.999999999918    5.19819255039803e-11    3.01817785129573e-11    4.74995503475971e-11    3.82554791174856e-11    2.5469170404272e-12    8.67637365145507e-12    1.79142024173902e-10
250.499999999917    3.81820809167915e-11    3.06455621230166e-11    5.03770865891104e-11    3.62886483661469e-11    8.56609603733269e-12    1.36897039908971e-11    1.77749178023295e-10
250.999999999917    3.08518990472578e-11    3.06405631545086e-11    5.12133356921672e-11    3.54824645418202e-11    1.27119801463313e-11    1.55779271727906e-11    1.76478169754876e-10
251.499999999916    3.74785620199341e-11    3.01179366745425e-11    4.94770737709664e-11    3.57900796671432e-11    8.90731991947648e-12    1.34554789564213e-11    1.75226451008484e-10
251.999999999916    5.06108787565421e-11    2.90653143254714e-11    4.57099979690383e-11    3.72653717100991e-11    2.76356785303884e-12    8.46754689793542e-12    1.73882677512125e-10
252.499999999915    5.96206487731657e-11    2.82313107877898e-11    4.20637800298037e-11    3.90813819415159e-11    2.8450837231118e-13    3.16490591119474e-12    1.72446535815781e-10
252.999999999915    6.07473980667632e-11    2.79906379287785e-11    4.05636463150492e-11    3.96857719025588e-11    5.34021604038066e-14    1.93615323946862e-12    1.70977009613022e-10
253.499999999914    5.37565548054892e-11    2.83035570809691e-11    4.34159980739415e-11    3.73674438125325e-11    9.81379739959282e-13    5.71564468013864e-12    1.6954057819303e-10
253.999999999914    4.19248844349632e-11    2.87666980146399e-11    4.62296565836362e-11    3.52137555152878e-11    5.03350976587642e-12    1.10206837032135e-11    1.68189188017617e-10
254.499999999914    3.09487121441982e-11    2.91218886059743e-11    4.8195903482698e-11    3.39325988003139e-11    1.04949443194787e-11    1.42660630669299e-11    1.66960110419593e-10
254.999999999913    3.12392292872063e-11    2.87523988357165e-11    4.75750788549576e-11    3.38566633476813e-11    1.03667145651941e-11    1.40091236435584e-11    1.65799208534314e-10
255.499999999913    4.17456040491752e-11    2.79944964017104e-11    4.51368891749505e-11    3.44902835248703e-11    4.88031737963502e-12    1.03464240814994e-11    1.64594014611841e-10
255.999999999912    5.25165387375116e-11    2.71314892487162e-11    4.12968008038327e-11    3.62156616752186e-11    9.36129253150574e-13    5.19943568087904e-12    1.63296055399309e-10
256.499999999912    5.72076454247018e-11    2.67125991184643e-11    3.87456430184763e-11    3.75241716390612e-11    5.20071549289683e-14    1.69786299635178e-12    1.61939929351984e-10
256.999999999911    5.42464595771917e-11    2.66726555638073e-11    3.92882674384874e-11    3.6667489798819e-11    2.87654124117606e-13    3.42366831306886e-12    1.60586194815492e-10
257.499999999911    4.49035732456851e-11    2.71344357570643e-11    4.26657497786697e-11    3.42272953541753e-11    2.40864140342636e-12    7.94774653053537e-12    1.59287442069556e-10
257.99999999991    3.34406751812942e-11    2.7498713877632e-11    4.50550775374527e-11    3.26023448203703e-11    7.28164195835508e-12    1.2210801249765e-11    1.58089254624869e-10
258.49999999991    2.79149165673746e-11    2.7504945196226e-11    4.55689721033396e-11    3.19877807050051e-11    1.02455485120725e-11    1.37638782976597e-11    1.56986041381677e-10
258.999999999909    3.39742338890064e-11    2.68502329492957e-11    4.4020630798363e-11    3.2296759989212e-11    7.03819943869596e-12    1.171363119722e-11    1.55893688261793e-10
259.499999999909    4.48868326779828e-11    2.60681654715537e-11    4.06681609551975e-11    3.35856835521896e-11    2.20101284067236e-12    7.31790254121173e-12    1.54727758038808e-10
259.999999999909    5.21662801255836e-11    2.56149464971975e-11    3.77372569128799e-11    3.50094290477746e-11    2.33399692027426e-13    2.72749013594774e-12    1.53488802411411e-10
260.499999999908    5.31145449855005e-11    2.52882281742919e-11    3.66732672163195e-11    3.53289403622243e-11    6.52008971347209e-14    1.75231491623834e-12    1.52222496551709e-10
260.999999999908    4.68181998223504e-11    2.55434036141862e-11    3.87928401193086e-11    3.3603681487708e-11    9.0164886512921e-13    5.32597136662465e-12    1.50985745275307e-10
261.499999999907    3.66147606322849e-11    2.60019066730579e-11    4.13901676029858e-11    3.15819568781972e-11    4.21112952264103e-12    1.00206849403911e-11    1.49820606249558e-10
261.999999999907    2.79119507840849e-11    2.60501231046232e-11    4.31822113213577e-11    3.0389005730457e-11    8.54976165727317e-12    1.26708397875147e-11    1.48753892385311e-10
262.499999999906    2.81630061262725e-11    2.58423676511519e-11    4.26014380511181e-11    3.03462953326361e-11    8.49892439739303e-12    1.2289915461629e-11    1.47741947020201e-10
262.999999999906    3.6969434675835e-11    2.53019490899436e-11    4.03009286776831e-11    3.1055113640921e-11    4.05315926770945e-12    9.01378244777653e-12    1.46694367799869e-10
263.499999999905    4.61366277529878e-11    2.45683713175679e-11    3.69857791713757e-11    3.26108482150425e-11    7.8241221309334e-13    4.48704170122419e-12    1.45571080371291e-10
263.999999999905    5.02706571047763e-11    2.41069781461434e-11    3.49051702127275e-11    3.36226853288645e-11    4.36031751572313e-14    1.45056564120932e-12    1.44399659608878e-10
264.499999999904    4.76496643361385e-11    2.41319709655168e-11    3.54041882684609e-11    3.27988294132288e-11    2.47473820120884e-13    2.99793310095391e-12    1.4323005990442e-10
264.999999999904    3.97334238007561e-11    2.44262695352172e-11    3.82838174415264e-11    3.07108365964614e-11    1.96158624464359e-12    6.99105775801456e-12    1.42106991376619e-10
265.499999999904    2.99671882965252e-11    2.48118664379888e-11    4.01901305266344e-11    2.93060495554335e-11    6.0061221316954e-12    1.07849066313864e-11    1.41066263579664e-10
265.999999999903    2.52215331096792e-11    2.47573133725633e-11    4.07753200870079e-11    2.87578112137345e-11    8.63804155245719e-12    1.19554399190239e-11    1.40105459254466e-10
266.499999999903    3.01577294506812e-11    2.43282301222518e-11    3.92524546135189e-11    2.91782834298573e-11    6.08365245359198e-12    1.01545347615777e-11    1.39154884831479e-10
266.999999999902    3.94459648102187e-11    2.3778658458309e-11    3.65459826506072e-11    3.01748850963371e-11    1.91802111003538e-12    6.28043695282903e-12    1.38143949078336e-10
267.499999999902    4.60343116347224e-11    2.31073356376914e-11    3.37406958372846e-11    3.16663243758723e-11    1.93230810152194e-13    2.3280011246936e-12    1.37069899420417e-10
267.999999999901    4.67492254873426e-11    2.29619178719021e-11    3.28925944741259e-11    3.18380365358904e-11    4.58195279837368e-14    1.48649882524323e-12    1.35974092722488e-10
268.499999999901    4.16634936351604e-11    2.30438043557226e-11    3.48087148253159e-11    3.01531395676476e-11    6.70821599350815e-13    4.56191418914226e-12    1.34901888172339e-10
268.9999999999    3.2913397021057e-11    2.35788453774988e-11    3.69350405656929e-11    2.84718156317822e-11    3.39243425249479e-12    8.59659522253919e-12    1.33888128071065e-10
269.4999999999    2.51838518617425e-11    2.36814829426873e-11    3.83636177100379e-11    2.75804276652458e-11    7.24206289101948e-12    1.09054423182805e-11    1.32956885389014e-10
269.999999999899    2.50222946591919e-11    2.34952388622223e-11    3.80674868499884e-11    2.74568871980914e-11    7.44457337670341e-12    1.05881458964432e-11    1.32074626842641e-10
270.499999999899    3.26906199150713e-11    2.28914757885557e-11    3.59677973967713e-11    2.81791356691802e-11    3.60378997223657e-12    7.83202940531481e-12    1.3116484814713e-10
270.999999999899    4.0592649067069e-11    2.23658889076287e-11    3.32623548834173e-11    2.93574390309193e-11    6.90149602178715e-13    3.92205303628645e-12    1.30190534527499e-10
271.499999999898    4.4315781896002e-11    2.19575485601705e-11    3.1371673910061e-11    3.02627409483621e-11    3.24818520070531e-14    1.23469274722415e-12    1.29174919913827e-10
271.999999999898    4.2430138729286e-11    2.18075335365529e-11    3.15574965938899e-11    2.96930543140521e-11    1.5543855089642e-13    2.51560758314733e-12    1.28159269307825e-10
272.499999999897    3.55589654406863e-11    2.2258974697285e-11    3.41294474478814e-11    2.78792227067745e-11    1.47423957623383e-12    5.88037185149558e-12    1.27181221720357e-10
272.999999999897    2.72298985482103e-11    2.24524140965977e-11    3.58907068645143e-11    2.6593305069831e-11    4.91082058737861e-12    9.19375833582738e-12    1.26270903502359e-10
273.499999999896    2.27322128020165e-11    2.24367470491749e-11    3.64674083508274e-11    2.60605825574816e-11    7.42360617318232e-12    1.03089841650541e-11    1.25429541097737e-10
273.999999999896    2.65785380108088e-11    2.20871382043647e-11    3.526562360668e-11    2.63283058612961e-11    5.3779663536214e-12    8.96355867896845e-12    1.24601130715739e-10
274.499999999895    3.463411285307e-11    2.15183070693635e-11    3.2904179226429e-11    2.7247139237155e-11    1.73415015063113e-12    5.68519464887935e-12    1.23723083185528e-10
274.999999999895    4.04314555389579e-11    2.10443820033845e-11    3.05722776532655e-11    2.83859323052427e-11    1.75597144403306e-13    2.18205826504173e-12    1.22791702910296e-10
275.499999999894    4.15099279531844e-11    2.08089837801426e-11    2.95098695561206e-11    2.88053412364792e-11    2.66781123474809e-14    1.17905377652291e-12    1.21839854414797e-10
275.999999999894    3.72339238411179e-11    2.09277130089683e-11    3.10968233477452e-11    2.74063858036369e-11    4.62901196298083e-13    3.77803281609024e-12    1.20905780013857e-10
276.499999999894    2.991222808799e-11    2.13209899645652e-11    3.29107354518053e-11    2.59960894909455e-11    2.61865597308547e-12    7.25978398013254e-12    1.20018482948524e-10
276.999999999893    2.29786377841075e-11    2.14290096578962e-11    3.42553161784755e-11    2.50747516683446e-11    5.94645220948056e-12    9.51643278678867e-12    1.19200600285093e-10
277.499999999893    2.22886685842475e-11    2.13115895838895e-11    3.42205426695972e-11    2.4873438061692e-11    6.36586427839446e-12    9.36686179884829e-12    1.18426964976669e-10
277.999999999892    2.85604727765254e-11    2.08219116662289e-11    3.25714134177134e-11    2.54154478465812e-11    3.1916460483405e-12    7.07378822722479e-12    1.17634679982614e-10
278.499999999892    3.54348805598334e-11    2.03900725185912e-11    3.01579420445096e-11    2.6477258180257e-11    6.39273657803699e-13    3.68909566167505e-12    1.1678852262267e-10
278.999999999891    3.90533309800527e-11    1.99631024867713e-11    2.83980523820359e-11    2.73288949747745e-11    3.05870905996605e-14    1.1319691913175e-12    1.15905937105552e-10
279.499999999891    3.77357763817416e-11    1.98647336881371e-11    2.84194711559046e-11    2.6946573900686e-11    9.88929344061859e-14    1.95587652052607e-12    1.15021324581401e-10
279.99999999989    3.21689670362999e-11    2.01510639829087e-11    3.06306251667014e-11    2.53532143189833e-11    1.07605978068943e-12    4.78581230215556e-12    1.14165742587738e-10
280.49999999989    2.49061776829246e-11    2.04288025211332e-11    3.19444722989949e-11    2.42955646074634e-11    3.86226082025754e-12    7.92876335809954e-12    1.13366041288873e-10
280.999999999889    2.06042213544675e-11    2.04219635774588e-11    3.284021773187e-11    2.3626123240254e-11    6.13247161693187e-12    8.99933852141154e-12    1.12624336042394e-10
281.499999999889    2.33058071513037e-11    2.01888189286852e-11    3.19244333331797e-11    2.37959310370983e-11    4.67433697847767e-12    8.00925433059945e-12    1.11898581759344e-10
281.999999999889    3.01288365452962e-11    1.97004472680056e-11    2.99391898768776e-11    2.45721014423461e-11    1.60252137701331e-12    5.19161967783128e-12    1.1113471618737e-10
282.499999999888    3.54706069871977e-11    1.91812246823887e-11    2.77426594307304e-11    2.56461705048171e-11    1.79433805189794e-13    2.10504592453301e-12    1.10325141334857e-10
282.999999999888    3.67886402733175e-11    1.89590882051503e-11    2.67284249655398e-11    2.60686413167596e-11    1.77449706538296e-14    9.33361423319257e-13    1.0949590115474e-10
283.499999999887    3.34509273072184e-11    1.90482676852734e-11    2.78802565136643e-11    2.49192934404735e-11    3.08656798736552e-13    3.07161872553041e-12    1.08679020470897e-10
283.999999999887    2.741438928396e-11    1.92896296299251e-11    2.94948853354581e-11    2.35955530633304e-11    1.94501079707466e-12    6.15995170837241e-12    1.07899419818121e-10
284.499999999886    2.1203168784142e-11    1.94707793499105e-11    3.06644896589751e-11    2.28407557429919e-11    4.75285039181384e-12    8.24527048654424e-12    1.07177314414378e-10
284.999999999886    1.99991789193418e-11    1.940107496975e-11    3.07754950432587e-11    2.25258489631042e-11    5.43697496107334e-12    8.35707653369857e-12    1.06495649390227e-10
285.499999999885    2.49974164815085e-11    1.89861292794324e-11    2.95108070173391e-11    2.29125508765108e-11    2.94902741298488e-12    6.44713899677458e-12    1.0580307006455e-10
285.999999999885    3.10729908862686e-11    1.85490580406941e-11    2.74080154480665e-11    2.38626493612887e-11    6.61565111120086e-13    3.51312192833323e-12    1.05067400775771e-10
286.499999999884    3.45008180274026e-11    1.81817014815257e-11    2.57372058078193e-11    2.47330529180245e-11    3.76350080289948e-14    1.10846312611724e-12    1.04298876368918e-10
286.999999999884    3.37618347865977e-11    1.81184510405683e-11    2.56190202182002e-11    2.44511861483451e-11    6.07565108516368e-14    1.51407618171884e-12    1.03525324886282e-10
287.499999999884    2.92028813553345e-11    1.83293113190853e-11    2.74027643000072e-11    2.31232218966277e-11    7.34752662157932e-13    3.98138604541861e-12    1.02774317578631e-10
287.999999999883    2.31055983812867e-11    1.85572277841633e-11    2.86389688003185e-11    2.20513423581012e-11    2.9069470101308e-12    6.80750992108106e-12    1.02067594255082e-10
288.499999999883    1.88988218945229e-11    1.86427073038157e-11    2.94206936058953e-11    2.15003146639981e-11    5.0125719385085e-12    7.93626306245019e-12    1.01411372469191e-10
288.999999999882    2.05706506907449e-11    1.8456269583464e-11    2.88752294697054e-11    2.15566138735134e-11    4.14506758286974e-12    7.16903906728563e-12    1.00772870267583e-10
289.499999999882    2.62963583775272e-11    1.79667671975774e-11    2.71383656424207e-11    2.22646777833394e-11    1.57799701265504e-12    4.86262539012896e-12    1.00106791403649e-10
289.999999999881    3.10969025307848e-11    1.7544327495009e-11    2.53375778201468e-11    2.30855913317989e-11    2.12157570604017e-13    2.12520435131336e-12    9.94017610996569e-11
290.499999999881    3.26663197783424e-11    1.73300295926775e-11    2.43384882163444e-11    2.35331185755427e-11    1.38861081698265e-14    7.95406178356812e-13    9.86772484494336e-11
290.99999999988    3.02455337497847e-11    1.73542949750032e-11    2.48962791553228e-11    2.28232575729294e-11    1.97542000889833e-13    2.44335849712302e-12    9.7960265951053e-11
291.49999999988    2.52250333564991e-11    1.75864825092877e-11    2.66081252094503e-11    2.15412348298042e-11    1.38172707891725e-12    4.92987782917781e-12    9.72724808131363e-11
291.999999999879    1.96943670238296e-11    1.78013413640318e-11    2.7736180740767e-11    2.07058166433882e-11    3.68356478429149e-12    7.01062673244713e-12    9.66318972887552e-11
292.499999999879    1.80354765262047e-11    1.77233104598888e-11    2.76813079294897e-11    2.05214616588971e-11    4.61465206209411e-12    7.45185802943546e-12    9.60280666660098e-11
292.999999999879    2.17709501557725e-11    1.73698145251076e-11    2.66750906434729e-11    2.08320822835784e-11    2.79108031106244e-12    5.98243212218784e-12    9.54214500411817e-11
293.499999999878    2.70929231508844e-11    1.69878839810955e-11    2.50608457022931e-11    2.15046948742814e-11    7.3148814155677e-13    3.40274471966303e-12    9.47805805697743e-11
293.999999999878    3.03862113991726e-11    1.66809353194584e-11    2.35501042535247e-11    2.22824798912701e-11    5.42637846701333e-14    1.15588279489416e-12    9.41098774429902e-11
294.499999999877    3.01938416256492e-11    1.66136692890756e-11    2.31508169754047e-11    2.2309777613775e-11    3.63075013965123e-14    1.12703406864463e-12    9.34314470739457e-11
294.999999999877    2.67077442961462e-11    1.66911580022845e-11    2.45359546326683e-11    2.11374079616184e-11    4.77736935257855e-13    3.21963891838269e-12    9.2769640746358e-11
295.499999999876    2.1585380659686e-11    1.68980765237968e-11    2.56527849995124e-11    2.01493338944487e-11    2.11744640878766e-12    5.73901996533962e-12    9.21420424515711e-11
295.999999999876    1.75844168400866e-11    1.69164863963017e-11    2.64192412845318e-11    1.96188798807189e-11    4.06315398654174e-12    6.95536938837661e-12    9.15575477765573e-11
296.499999999875    1.8194031641528e-11    1.68223292941091e-11    2.60624124416332e-11    1.95975640664165e-11    3.79716369916907e-12    6.52056002700779e-12    9.09940611698635e-11
296.999999999875    2.28458387950853e-11    1.64215171522865e-11    2.46726622084478e-11    2.014927982566e-11    1.67720303375404e-12    4.64605135067055e-12    9.04125523659041e-11
297.499999999874    2.72358823790786e-11    1.60822228307679e-11    2.30609650396236e-11    2.09022674473606e-11    2.8602043545392e-13    2.23090602096886e-12    8.97982641532535e-11
297.999999999874    2.91099605786126e-11    1.57952647460419e-11    2.21668805176857e-11    2.1314795054657e-11    1.53683202634733e-14    7.6201037582976e-13    8.91642795930904e-11
298.499999999874    2.74492659193633e-11    1.58546934709776e-11    2.23816956228811e-11    2.09094906318309e-11    1.18748340680971e-13    1.81859886969227e-12    8.85324928554262e-11
298.999999999873    2.33560376147002e-11    1.60186535627095e-11    2.39160040418393e-11    1.97822313004402e-11    9.24469127183316e-13    3.92596162057973e-12    8.79233572674523e-11
299.499999999873    1.86087620466029e-11    1.61356408938025e-11    2.49452187794466e-11    1.89651041948657e-11    2.79049135962259e-12    5.90595408509673e-12    8.73511713594369e-11
