1:binCentralValue 2:valuesAverage 3:multiplicity
0.25 0 18
0.5 0 62
0.75 0 98
1 0 210
1.25 0 350
1.5 0 450
1.75 0 602
2 0 762
2.25 0 1142
2.5 0 1250
2.75 0 1458
3 0 1814
3.25 0 2178
3.5 0 2498
3.75 0 2622
4 0 3338
4.25 0 3722
4.5 0 4170
4.75 0 4358
5 0 5034
5.25 0 5714
5.5 0 5982
5.75 0 6602
6 0 7130
6.25 0 8034
6.5 0 8606
6.75 0 9066
7 0 9962
7.25 0 10550
7.5 0 11226
7.75 0 12146
8 0 12606
8.25 0 13802
8.5 0 14754
8.75 0 15194
9 0 16454
9.25 0 17154
9.5 0 18266
9.75 0 18750
10 0 20234
10.25 0 21450
10.5 0 21962
10.75 0 23462
11 0 24042
11.25 0 25946
11.5 0 26118
11.75 0 27506
12 0 29066
12.25 0 30450
12.5 0 31742
12.75 0 32250
13 0 34250
13.25 0 35454
13.5 0 36434
13.75 0 37682
14 0 39294
14.25 0 41426
14.5 0 42066
14.75 0 43490
15 0 45702
15.25 0 46634
15.5 0 48554
15.75 0 48870
16 0 50963
16.25 0 51576
16.5 0 49316
16.75 0 49344
17 0 47192
17.25 0 47576
17.5 0 45348
17.75 0 44060
18 0 43872
18.25 0 41756
18.5 0 41528
18.75 0 39300
19 0 38276
19.25 0 36900
19.5 0 34724
19.75 0 33960
20 0 32144
20.25 0 30704
20.5 0 28896
20.75 0 26924
21 0 25656
21.25 0 23228
21.5 0 21816
21.75 0 19472
22 0 17696
22.25 0 15588
22.5 0 13760
22.75 0 11565
23 0 10016
23.25 0 8652
23.5 0 7652
23.75 0 6542
24 0 5478
24.25 0 4886
24.5 0 4068
24.75 0 3326
25 0 2696
25.25 0 2304
25.5 0 1934
25.75 0 1344
26 0 848
26.25 0 888
26.5 0 584
26.75 0 344
27 0 102
27.25 0 104
27.5 0 24
27.75 0 1

0.25 4.371469119970694e-30 18
0.5 1.582684042878404e-28 62
0.75 5.747405789765958e-28 98
1 6.149125770450728e-28 210
1.25 9.220574171767357e-28 350
1.5 1.388210686123478e-27 450
1.75 5.017475373643693e-28 602
2 1.670211486974514e-27 762
2.25 1.703407652690249e-27 1142
2.5 1.42939286365178e-27 1250
2.75 2.454526458134939e-27 1458
3 1.087393125758023e-27 1814
3.25 2.370012784993299e-27 2178
3.5 2.489242918388865e-27 2498
3.75 1.078420458605489e-27 2622
4 2.231454057820108e-27 3338
4.25 1.495130049217618e-27 3722
4.5 1.166325253544382e-27 4170
4.75 1.374640354464947e-27 4358
5 7.674681829277678e-28 5034
5.25 7.733289526727526e-28 5714
5.5 6.083513875202592e-28 5982
5.75 3.861648112125306e-28 6602
6 3.848503689068261e-28 7130
6.25 2.801385625633025e-28 8034
6.5 1.90532412399357e-28 8606
6.75 1.249502338581237e-28 9066
7 6.377454958897408e-29 9962
7.25 3.052282895085347e-29 10550
7.5 1.09271177148731e-29 11226
7.75 2.37683897471813e-30 12146
8 6.974750384193686e-32 12606
8.25 6.580987746080191e-41 13802
8.5 5.201636448693347e-41 14754
8.75 3.90446002354614e-41 15194
9 2.862974549559404e-41 16454
9.25 1.977215365567383e-41 17154
9.5 1.309165492346046e-41 18266
9.75 7.714543249049102e-42 18750
10 4.788452727330651e-42 20234
10.25 2.700134244320554e-42 21450
10.5 1.368809203081727e-42 21962
10.75 7.221993600088286e-43 23462
11 3.441215537650727e-43 24042
11.25 1.889308586869958e-43 25946
11.5 1.261444209917217e-43 26118
11.75 1.20379910561081e-43 27506
12 1.347197803531224e-43 29066
12.25 1.477990177423774e-43 30450
12.5 1.650912178044307e-43 31742
12.75 1.840087833087789e-43 32250
13 2.14800937280258e-43 34250
13.25 2.406132872763979e-43 35454
13.5 2.631127066819642e-43 36434
13.75 2.893269470226435e-43 37682
14 3.276429293549699e-43 39294
14.25 3.673497017462943e-43 41426
14.5 3.882185829187888e-43 42066
14.75 4.323516731943221e-43 43490
15 4.856208434985273e-43 45702
15.25 5.312761968123087e-43 46634
15.5 5.828176884665342e-43 48554
15.75 5.996781417624812e-43 48870
16 6.473757651654311e-43 50963
16.25 6.680066565752851e-43 51576
16.5 6.580887042046922e-43 49316
16.75 6.754562939124331e-43 49344
17 6.761480519107531e-43 47192
17.25 6.8987984872605e-43 47576
17.5 6.695188447162267e-43 45348
17.75 6.712944573399408e-43 44060
18 6.856651376988012e-43 43872
18.25 6.958513879324601e-43 41756
18.5 7.22812105168249e-43 41528
18.75 6.976579044678424e-43 39300
19 6.901946180786096e-43 38276
19.25 6.922576202336224e-43 36900
19.5 6.760100691905521e-43 34724
19.75 6.759209165031513e-43 33960
20 6.674066111731603e-43 32144
20.25 6.665930545939332e-43 30704
20.5 6.551965772490283e-43 28896
20.75 6.573736423125949e-43 26924
21 6.595355013201269e-43 25656
21.25 6.356995627652528e-43 23228
21.5 6.108480019920231e-43 21816
21.75 5.558610788945113e-43 19472
22 5.167077080670292e-43 17696
22.25 4.653634783889481e-43 15588
22.5 4.008466184058637e-43 13760
22.75 3.42108187695502e-43 11565
23 2.992458667358997e-43 10016
23.25 2.700057475641856e-43 8652
23.5 2.406426805728613e-43 7652
23.75 2.183364725509031e-43 6542
24 1.786680236722765e-43 5478
24.25 1.584415540488115e-43 4886
24.5 1.245356506292843e-43 4068
24.75 1.027477401283514e-43 3326
25 8.50413166779878e-44 2696
25.25 7.51867719986079e-44 2304
25.5 6.807433108259073e-44 1934
25.75 5.33642704184613e-44 1344
26 3.45636391388284e-44 848
26.25 3.697280876089403e-44 888
26.5 2.610796118686104e-44 584
26.75 1.721224837689829e-44 344
27 4.80289715431539e-45 102
27.25 3.873135860949845e-45 104
27.5 8.856379469040106e-46 24
27.75 2.665078918870631e-51 1

0.25 1.141389110293624e-28 18
0.5 1.984301629022194e-28 62
0.75 4.281324304330579e-28 98
1 8.576545335839623e-28 210
1.25 1.242371565320554e-27 350
1.5 1.027606897106938e-27 450
1.75 1.395517105152338e-27 602
2 2.463536376957955e-27 762
2.25 2.652877320344042e-27 1142
2.5 2.45398196706059e-27 1250
2.75 2.134705877762088e-27 1458
3 3.098527300182588e-27 1814
3.25 3.262412459491947e-27 2178
3.5 2.679490672511585e-27 2498
3.75 2.258135207896822e-27 2622
4 2.719529360670578e-27 3338
4.25 2.30983098685279e-27 3722
4.5 1.726346785771105e-27 4170
4.75 1.285375841086547e-27 4358
5 1.403208558329438e-27 5034
5.25 1.234820583314667e-27 5714
5.5 9.775754538508775e-28 5982
5.75 8.697219429088202e-28 6602
6 7.166321831824637e-28 7130
6.25 4.745990784413329e-28 8034
6.5 3.026046246068418e-28 8606
6.75 1.792652639555177e-28 9066
7 9.934570177786737e-29 9962
7.25 4.312472983228865e-29 10550
7.5 1.470641622925333e-29 11226
7.75 2.937458449750987e-30 12146
8 7.171122943297824e-32 12606
8.25 1.000013928760103e-40 13802
8.5 7.637009271480622e-41 14754
8.75 6.045133227956075e-41 15194
9 5.149552569779985e-41 16454
9.25 3.895116136078216e-41 17154
9.5 2.876805021894836e-41 18266
9.75 1.922973915808423e-41 18750
10 1.267940078857116e-41 20234
10.25 7.793821933117134e-42 21450
10.5 4.332415335232122e-42 21962
10.75 2.392043420315256e-42 23462
11 1.107955275178949e-42 24042
11.25 4.940684563832254e-43 25946
11.5 2.291596330377292e-43 26118
11.75 1.812874752148749e-43 27506
12 2.002306830065178e-43 29066
12.25 2.183487394482476e-43 30450
12.5 2.500006285840388e-43 31742
12.75 2.725596747840959e-43 32250
13 3.036791980058245e-43 34250
13.25 3.37006436792057e-43 35454
13.5 3.791442686726011e-43 36434
13.75 4.223042533694761e-43 37682
14 4.751451706631926e-43 39294
14.25 5.336578030848887e-43 41426
14.5 5.702414730031112e-43 42066
14.75 6.344315506658238e-43 43490
15 7.100729005057431e-43 45702
15.25 7.697228287992551e-43 46634
15.5 8.461988414827864e-43 48554
15.75 8.717307111319902e-43 48870
16 9.428796160653414e-43 50963
16.25 9.60926355570896e-43 51576
16.5 9.471992111168579e-43 49316
16.75 9.843401301176266e-43 49344
17 9.711801505503981e-43 47192
17.25 9.916031379693455e-43 47576
17.5 9.868793395481461e-43 45348
17.75 9.831584205083559e-43 44060
18 9.872106865260892e-43 43872
18.25 1.007228685216488e-42 41756
18.5 1.03236348756373e-42 41528
18.75 1.001640993048567e-42 39300
19 9.984236925709691e-43 38276
19.25 1.000875887149953e-42 36900
19.5 9.947900643666204e-43 34724
19.75 1.00840579830558e-42 33960
20 9.8493643157693e-43 32144
20.25 9.828796488907401e-43 30704
20.5 9.456105143583867e-43 28896
20.75 9.097893056237635e-43 26924
21 9.01630235473523e-43 25656
21.25 8.79085875432651e-43 23228
21.5 8.404220277877793e-43 21816
21.75 7.954042329049292e-43 19472
22 7.403677554007514e-43 17696
22.25 6.593848021709193e-43 15588
22.5 5.846356567584497e-43 13760
22.75 4.920035471666174e-43 11565
23 4.340916320044883e-43 10016
23.25 3.825216381364982e-43 8652
23.5 3.338702207834313e-43 7652
23.75 3.012201594775807e-43 6542
24 2.478698220710003e-43 5478
24.25 2.347217103083792e-43 4886
24.5 2.077859222006198e-43 4068
24.75 1.617622926297016e-43 3326
25 1.30373147344333e-43 2696
25.25 1.044663156278839e-43 2304
25.5 8.746270358208493e-44 1934
25.75 6.838007310781666e-44 1344
26 4.457280985098693e-44 848
26.25 5.066212892076828e-44 888
26.5 3.600057675011075e-44 584
26.75 2.223171396755193e-44 344
27 6.895263257890489e-45 102
27.25 5.597417491111081e-45 104
27.5 1.022476609820059e-45 24
27.75 1.855679272272588e-49 1

0.25 5.281706294240522e-29 18
0.5 1.548433871560528e-28 62
0.75 2.383128796853823e-28 98
1 8.680298883336357e-28 210
1.25 1.298284952476935e-27 350
1.5 1.430163980681038e-27 450
1.75 1.225575358799468e-27 602
2 2.308948390369268e-27 762
2.25 2.792251994075741e-27 1142
2.5 2.519531939982973e-27 1250
2.75 2.376015701974494e-27 1458
3 2.526064153499802e-27 1814
3.25 2.567381567450825e-27 2178
3.5 2.508062855427185e-27 2498
3.75 2.283293819176667e-27 2622
4 2.391441908684102e-27 3338
4.25 1.918821782565274e-27 3722
4.5 1.616414563726818e-27 4170
4.75 1.304578834405393e-27 4358
5 1.155820721847239e-27 5034
5.25 1.060400174682369e-27 5714
5.5 9.056987121454372e-28 5982
5.75 8.130930599883613e-28 6602
6 6.04307864014341e-28 7130
6.25 4.040000606134213e-28 8034
6.5 2.464799190204611e-28 8606
6.75 1.531517085203677e-28 9066
7 8.236255270080978e-29 9962
7.25 3.637300157640475e-29 10550
7.5 1.190476297483457e-29 11226
7.75 2.10408242886322e-30 12146
8 5.042179438199585e-32 12606
8.25 9.708047288900194e-41 13802
8.5 7.3568678501212e-41 14754
8.75 5.673723537648458e-41 15194
9 4.834442732580404e-41 16454
9.25 3.726293905276837e-41 17154
9.5 2.720882586176723e-41 18266
9.75 1.793783710182438e-41 18750
10 1.17339524633964e-41 20234
10.25 7.436516431062672e-42 21450
10.5 3.995336009720702e-42 21962
10.75 2.190894854227594e-42 23462
11 9.964663753830424e-43 24042
11.25 4.420179754926343e-43 25946
11.5 2.108721731486903e-43 26118
11.75 1.660979772602189e-43 27506
12 1.81356646205643e-43 29066
12.25 1.989474044267199e-43 30450
12.5 2.235704207924825e-43 31742
12.75 2.475222326058207e-43 32250
13 2.794901171477708e-43 34250
13.25 3.04044719826543e-43 35454
13.5 3.53266128003457e-43 36434
13.75 3.868386398013154e-43 37682
14 4.281209627756227e-43 39294
14.25 4.923777510342959e-43 41426
14.5 5.263016210074912e-43 42066
14.75 5.899144816730639e-43 43490
15 6.547157130853173e-43 45702
15.25 7.105918263249642e-43 46634
15.5 7.837481127284264e-43 48554
15.75 8.156948920049943e-43 48870
16 8.701985645266957e-43 50963
16.25 8.993426982322614e-43 51576
16.5 8.786548072045823e-43 49316
16.75 9.09400193665313e-43 49344
17 9.074228352912507e-43 47192
17.25 9.377142512408208e-43 47576
17.5 9.06181122091997e-43 45348
17.75 9.192420127287927e-43 44060
18 9.362411666104277e-43 43872
18.25 9.279619989568611e-43 41756
18.5 9.625014163567671e-43 41528
18.75 9.271974257149362e-43 39300
19 9.370871294076852e-43 38276
19.25 9.431837307350519e-43 36900
19.5 9.24946123998366e-43 34724
19.75 9.308957207815697e-43 33960
20 9.299544915187266e-43 32144
20.25 9.294708063212824e-43 30704
20.5 9.015317361051431e-43 28896
20.75 8.73887814902322e-43 26924
21 8.531711512546488e-43 25656
21.25 8.164059918258828e-43 23228
21.5 7.823219710694668e-43 21816
21.75 7.209354613800041e-43 19472
22 6.922754402566614e-43 17696
22.25 6.092565836440364e-43 15588
22.5 5.449748915693971e-43 13760
22.75 4.721547870994315e-43 11565
23 4.015145720425176e-43 10016
23.25 3.684798542780447e-43 8652
23.5 3.119754771595547e-43 7652
23.75 2.813195055331151e-43 6542
24 2.345145306099594e-43 5478
24.25 2.17278518133468e-43 4886
24.5 1.817439619991975e-43 4068
24.75 1.554262332841359e-43 3326
25 1.252190393543336e-43 2696
25.25 1.091286220590342e-43 2304
25.5 8.549288133653443e-44 1934
25.75 6.459830109001614e-44 1344
26 3.894642794253299e-44 848
26.25 4.749735283588497e-44 888
26.5 3.473283670496911e-44 584
26.75 2.125383389169946e-44 344
27 6.039387822843901e-45 102
27.25 4.614993299776849e-45 104
27.5 9.001524662424628e-46 24
27.75 3.320995882128361e-50 1

0.25 1.587879663505737e-27 18
0.5 2.964722065101903e-27 62
0.75 2.437758298411014e-27 98
1 3.851139613745942e-27 210
1.25 4.920808032408732e-27 350
1.5 3.49262201619749e-27 450
1.75 3.984743996095097e-27 602
2 2.34057256261417e-26 762
2.25 2.080680867858141e-26 1142
2.5 8.688123908571286e-27 1250
2.75 5.222937906845347e-27 1458
3 4.344826666257646e-27 1814
3.25 3.02210850078321e-27 2178
3.5 2.853867214864899e-27 2498
3.75 2.416191613216451e-27 2622
4 2.61844722765745e-27 3338
4.25 2.154973095235343e-27 3722
4.5 1.875839660607138e-27 4170
4.75 1.720003366285413e-27 4358
5 1.631465992310547e-27 5034
5.25 1.184145223741494e-27 5714
5.5 1.02424013597294e-27 5982
5.75 9.225712196736639e-28 6602
6 6.940257284763487e-28 7130
6.25 4.348818679251612e-28 8034
6.5 2.69081289124209e-28 8606
6.75 1.656140846676175e-28 9066
7 9.127038091826097e-29 9962
7.25 3.873622652643482e-29 10550
7.5 1.269116033317408e-29 11226
7.75 2.476535012148777e-30 12146
8 6.469197083909069e-32 12606
8.25 1.727506262128787e-40 13802
8.5 1.041311030390024e-40 14754
8.75 6.851523367928954e-41 15194
9 5.88365485332305e-41 16454
9.25 4.610646478943678e-41 17154
9.5 3.397040744094727e-41 18266
9.75 2.195986355648773e-41 18750
10 1.418229967763649e-41 20234
10.25 8.841129401232506e-42 21450
10.5 4.768455476448128e-42 21962
10.75 2.532329437820152e-42 23462
11 1.135124042755844e-42 24042
11.25 5.057973365579575e-43 25946
11.5 2.364767301804082e-43 26118
11.75 1.874210056592248e-43 27506
12 2.040630742263354e-43 29066
12.25 2.250962606702442e-43 30450
12.5 2.517193800552717e-43 31742
12.75 2.786104345711893e-43 32250
13 3.091099035221504e-43 34250
13.25 3.460900002921716e-43 35454
13.5 3.861336123212161e-43 36434
13.75 4.374536685534515e-43 37682
14 4.770978045056425e-43 39294
14.25 5.491717775926743e-43 41426
14.5 6.0481098981685e-43 42066
14.75 6.613379805224123e-43 43490
15 7.254750944454853e-43 45702
15.25 7.894226517340685e-43 46634
15.5 8.742812265186061e-43 48554
15.75 9.157081478257434e-43 48870
16 9.770323611353571e-43 50963
16.25 1.003703652715071e-42 51576
16.5 9.823431120946771e-43 49316
16.75 1.010280811595026e-42 49344
17 1.003253952493265e-42 47192
17.25 1.040771073951864e-42 47576
17.5 1.023584696962513e-42 45348
17.75 1.026140627439776e-42 44060
18 1.045584461346817e-42 43872
18.25 1.047253125605752e-42 41756
18.5 1.080245099323341e-42 41528
18.75 1.036777443182405e-42 39300
19 1.04918753840016e-42 38276
19.25 1.053291580690732e-42 36900
19.5 1.029317390541815e-42 34724
19.75 1.060695755719459e-42 33960
20 1.030523667224483e-42 32144
20.25 1.024071765391789e-42 30704
20.5 1.001757646881046e-42 28896
20.75 9.767144645415248e-43 26924
21 9.63949460749797e-43 25656
21.25 9.200643576907332e-43 23228
21.5 8.776426043202278e-43 21816
21.75 8.148638195190795e-43 19472
22 7.69654114913271e-43 17696
22.25 6.910588885923846e-43 15588
22.5 5.999633854461629e-43 13760
22.75 5.243094282502521e-43 11565
23 4.623897109718533e-43 10016
23.25 3.990034471057544e-43 8652
23.5 3.555047942210968e-43 7652
23.75 3.064154045413781e-43 6542
24 2.706382342431133e-43 5478
24.25 2.465049969493222e-43 4886
24.5 2.138052775624326e-43 4068
24.75 1.706709441524803e-43 3326
25 1.381039964537953e-43 2696
25.25 1.257479302461234e-43 2304
25.5 1.018011577005503e-43 1934
25.75 6.982954563953512e-44 1344
26 4.509195115389262e-44 848
26.25 5.14363303893853e-44 888
26.5 3.54274340053997e-44 584
26.75 2.108813553473854e-44 344
27 6.315146936310334e-45 102
27.25 5.527585884617115e-45 104
27.5 7.935290789423056e-46 24
27.75 5.684365358634728e-49 1

0.25 1.485786503759431e-26 18
0.5 4.073580719380929e-27 62
0.75 5.848218814981204e-27 98
1 4.652989242877277e-26 210
1.25 9.941736672942218e-26 350
1.5 7.626075194481888e-26 450
1.75 3.839288684847399e-26 602
2 2.854340528287941e-25 762
2.25 1.596814920734609e-25 1142
2.5 1.514555273244375e-26 1250
2.75 4.93316552094179e-27 1458
3 5.779355724344267e-27 1814
3.25 4.185127129374972e-27 2178
3.5 2.897181031175361e-27 2498
3.75 2.401615445275379e-27 2622
4 2.797655639960201e-27 3338
4.25 2.705515586205181e-27 3722
4.5 2.791033400848553e-27 4170
4.75 2.45414758524478e-27 4358
5 1.699750003143224e-27 5034
5.25 1.21477226469683e-27 5714
5.5 1.013547871647532e-27 5982
5.75 8.982733377090042e-28 6602
6 6.753015298064893e-28 7130
6.25 4.226501514186005e-28 8034
6.5 2.585630335012539e-28 8606
6.75 1.556754945099887e-28 9066
7 8.510005241570559e-29 9962
7.25 3.673814397633695e-29 10550
7.5 1.178681885279714e-29 11226
7.75 2.242366315673688e-30 12146
8 5.488875606574471e-32 12606
8.25 3.855898907192937e-40 13802
8.5 1.756179600946601e-40 14754
8.75 8.359785817842006e-41 15194
9 6.074322447208634e-41 16454
9.25 4.741195022853626e-41 17154
9.5 3.420459716693154e-41 18266
9.75 2.203583669666023e-41 18750
10 1.391101421195993e-41 20234
10.25 8.699802082525499e-42 21450
10.5 4.699073995609396e-42 21962
10.75 2.487126019684544e-42 23462
11 1.111200025314656e-42 24042
11.25 4.957810845222123e-43 25946
11.5 2.330400508015189e-43 26118
11.75 1.84229963502228e-43 27506
12 2.023904417235836e-43 29066
12.25 2.258335650517647e-43 30450
12.5 2.531257817171143e-43 31742
12.75 2.751420945364591e-43 32250
13 3.044490936694973e-43 34250
13.25 3.493657010297827e-43 35454
13.5 3.858386149919342e-43 36434
13.75 4.365373460181893e-43 37682
14 4.801539711682891e-43 39294
14.25 5.589422081656398e-43 41426
14.5 5.904071799740634e-43 42066
14.75 6.647994742035468e-43 43490
15 7.35545700800489e-43 45702
15.25 7.941348741619384e-43 46634
15.5 8.814892128115881e-43 48554
15.75 9.138668404094557e-43 48870
16 9.823852702867585e-43 50963
16.25 1.024937379917937e-42 51576
16.5 1.002229737447606e-42 49316
16.75 1.029843871422107e-42 49344
17 1.016074448746213e-42 47192
17.25 1.059308402108312e-42 47576
17.5 1.055745936583472e-42 45348
17.75 1.033841541314487e-42 44060
18 1.063957958258039e-42 43872
18.25 1.062562014722302e-42 41756
18.5 1.096369201433859e-42 41528
18.75 1.059029362585901e-42 39300
19 1.062577077404567e-42 38276
19.25 1.072923149839068e-42 36900
19.5 1.043357247134189e-42 34724
19.75 1.065457570138032e-42 33960
20 1.059907826773823e-42 32144
20.25 1.053804284543654e-42 30704
20.5 1.01982859591896e-42 28896
20.75 9.947736575291887e-43 26924
21 9.787861422957406e-43 25656
21.25 9.401109744405131e-43 23228
21.5 8.895335640999617e-43 21816
21.75 8.276473112143313e-43 19472
22 7.802292319579169e-43 17696
22.25 7.042437553424742e-43 15588
22.5 6.28091033860863e-43 13760
22.75 5.333150721113464e-43 11565
23 4.724445876285419e-43 10016
23.25 4.130510017841608e-43 8652
23.5 3.589683454355274e-43 7652
23.75 3.230540961183675e-43 6542
24 2.661862064682585e-43 5478
24.25 2.51925747810401e-43 4886
24.5 2.202948053109052e-43 4068
24.75 1.685582094837621e-43 3326
25 1.446751125470587e-43 2696
25.25 1.258899623417944e-43 2304
25.5 1.073609232223285e-43 1934
25.75 7.086326718835314e-44 1344
26 4.627357829726875e-44 848
26.25 5.141342067182819e-44 888
26.5 3.624743781599716e-44 584
26.75 2.056817766846395e-44 344
27 5.332522729501451e-45 102
27.25 5.493563264534909e-45 104
27.5 9.874805943893968e-46 24
27.75 4.842529580767943e-49 1

0.25 1.649243636477875e-24 18
0.5 2.520732694128619e-24 62
0.75 1.447221044299583e-24 98
1 1.589689270843496e-24 210
1.25 7.051437674775825e-25 350
1.5 3.566485797466017e-25 450
1.75 9.176824682318099e-24 602
2 2.420359091943616e-23 762
2.25 1.43161841984577e-23 1142
2.5 2.762827681015096e-24 1250
2.75 5.942345427814176e-25 1458
3 9.942993684434962e-26 1814
3.25 1.142464539354319e-26 2178
3.5 6.542100016322032e-27 2498
3.75 5.503402470056094e-27 2622
4 6.063367591448844e-27 3338
4.25 6.317477242499516e-27 3722
4.5 8.204169315385927e-27 4170
4.75 1.146668450967278e-26 4358
5 5.069032636440756e-27 5034
5.25 1.351600468251833e-27 5714
5.5 1.04196316499461e-27 5982
5.75 9.201914350769792e-28 6602
6 6.992426879005735e-28 7130
6.25 4.3148091250544e-28 8034
6.5 2.657985030815982e-28 8606
6.75 1.594851924289841e-28 9066
7 8.527074873114889e-29 9962
7.25 3.691516311754701e-29 10550
7.5 1.205921018239052e-29 11226
7.75 2.34180072403637e-30 12146
8 5.902208459362628e-32 12606
8.25 1.864768159756104e-39 13802
8.5 6.266196693731608e-40 14754
8.75 1.658639648151836e-40 15194
9 7.630481813864e-41 16454
9.25 5.274912155490351e-41 17154
9.5 3.758449510994272e-41 18266
9.75 2.3572614823161e-41 18750
10 1.5211022756449e-41 20234
10.25 9.334546900172571e-42 21450
10.5 5.040832251944688e-42 21962
10.75 2.632239107870085e-42 23462
11 1.162619561379791e-42 24042
11.25 5.210899000561033e-43 25946
11.5 2.398266989136914e-43 26118
11.75 1.884036784486946e-43 27506
12 2.065610107407969e-43 29066
12.25 2.312171200433263e-43 30450
12.5 2.575000232038467e-43 31742
12.75 2.786997440534573e-43 32250
13 3.131727491081208e-43 34250
13.25 3.549631090288474e-43 35454
13.5 3.983561386521249e-43 36434
13.75 4.459002517835106e-43 37682
14 4.989878065442341e-43 39294
14.25 5.65465614789904e-43 41426
14.5 6.150743410127213e-43 42066
14.75 6.875005405441575e-43 43490
15 7.504357391858666e-43 45702
15.25 8.098453806041006e-43 46634
15.5 9.076403874172694e-43 48554
15.75 9.430967712018226e-43 48870
16 1.009585205091155e-42 50963
16.25 1.035868720609795e-42 51576
16.5 1.029116317242843e-42 49316
16.75 1.04719722332069e-42 49344
17 1.041694510472298e-42 47192
17.25 1.091940352826553e-42 47576
17.5 1.066068066128267e-42 45348
17.75 1.067656464847505e-42 44060
18 1.099451527713342e-42 43872
18.25 1.086789717031664e-42 41756
18.5 1.120866960003693e-42 41528
18.75 1.086956661912472e-42 39300
19 1.090681324281902e-42 38276
19.25 1.094789728329959e-42 36900
19.5 1.077062610273536e-42 34724
19.75 1.09943710511312e-42 33960
20 1.086209462380883e-42 32144
20.25 1.07903717925537e-42 30704
20.5 1.048584662814313e-42 28896
20.75 1.017220398402697e-42 26924
21 1.018531143423202e-42 25656
21.25 9.555361062228141e-43 23228
21.5 9.168959011912146e-43 21816
21.75 8.583361618383771e-43 19472
22 8.006235702436738e-43 17696
22.25 7.214128520525998e-43 15588
22.5 6.384748071699006e-43 13760
22.75 5.506924018467081e-43 11565
23 4.854372961219483e-43 10016
23.25 4.270839980637863e-43 8652
23.5 3.741095070682335e-43 7652
23.75 3.293995497100036e-43 6542
24 2.805204782628761e-43 5478
24.25 2.627269025008938e-43 4886
24.5 2.213097727898194e-43 4068
24.75 1.843842920876015e-43 3326
25 1.457719349329254e-43 2696
25.25 1.268150748924493e-43 2304
25.5 1.084003407827615e-43 1934
25.75 7.521700942532155e-44 1344
26 4.875650357463828e-44 848
26.25 5.437487899772641e-44 888
26.5 3.770129316145836e-44 584
26.75 2.174794950204744e-44 344
27 4.476236831197534e-45 102
27.25 5.661677016792345e-45 104
27.5 1.289982605553202e-45 24
27.75 1.642338900105052e-49 1

0.25 3.36621344297186e-23 18
0.5 2.59488348764011e-23 62
0.75 3.63378811303483e-24 98
1 2.909693775435025e-24 210
1.25 5.276390555319782e-24 350
1.5 2.555314010025999e-23 450
1.75 3.216757566272352e-22 602
2 6.315836616880485e-22 762
2.25 2.478425778942272e-22 1142
2.5 2.164620790529487e-23 1250
2.75 1.694327950460549e-24 1458
3 1.78030002288277e-25 1814
3.25 2.971252475653507e-26 2178
3.5 1.031047268518792e-26 2498
3.75 9.941338007611301e-27 2622
4 1.445088784844535e-26 3338
4.25 1.830779864046138e-26 3722
4.5 2.209049702501303e-26 4170
4.75 2.733074004252644e-26 4358
5 2.880907929356973e-26 5034
5.25 3.190073242477964e-27 5714
5.5 1.086244889034345e-27 5982
5.75 9.600490067854266e-28 6602
6 7.070222134280372e-28 7130
6.25 4.357299982450706e-28 8034
6.5 2.623521718411218e-28 8606
6.75 1.593245907682385e-28 9066
7 8.69569541737375e-29 9962
7.25 3.784035714709354e-29 10550
7.5 1.182457488229208e-29 11226
7.75 2.305505054854985e-30 12146
8 5.712932901039038e-32 12606
8.25 8.893599016517042e-39 13802
8.5 3.555670320399958e-39 14754
8.75 7.984465687046553e-40 15194
9 1.780618074629285e-40 16454
9.25 6.604937014648302e-41 17154
9.5 4.010275824103749e-41 18266
9.75 2.526385480177206e-41 18750
10 1.584900982865188e-41 20234
10.25 9.532167534988527e-42 21450
10.5 5.115431165784222e-42 21962
10.75 2.687413456635342e-42 23462
11 1.175415588721207e-42 24042
11.25 5.35020886776608e-43 25946
11.5 2.508883309664465e-43 26118
11.75 1.96248982305201e-43 27506
12 2.160233319670054e-43 29066
12.25 2.442760654972346e-43 30450
12.5 2.689839754149646e-43 31742
12.75 2.95072327976805e-43 32250
13 3.368982728090994e-43 34250
13.25 3.701117163130957e-43 35454
13.5 4.18214102946718e-43 36434
13.75 4.693129161594562e-43 37682
14 5.273787850340305e-43 39294
14.25 5.954495620685076e-43 41426
14.5 6.530616621712816e-43 42066
14.75 7.189249074945252e-43 43490
15 8.034691551520463e-43 45702
15.25 8.596488581271451e-43 46634
15.5 9.566002776890705e-43 48554
15.75 9.931956471707146e-43 48870
16 1.067836236168792e-42 50963
16.25 1.096636899032554e-42 51576
16.5 1.086224460719155e-42 49316
16.75 1.134071660526579e-42 49344
17 1.099451603345377e-42 47192
17.25 1.145988406797069e-42 47576
17.5 1.143856499746631e-42 45348
17.75 1.13438022007233e-42 44060
18 1.170355874015566e-42 43872
18.25 1.156018081988344e-42 41756
18.5 1.197817015262834e-42 41528
18.75 1.152421138871917e-42 39300
19 1.159253138649778e-42 38276
19.25 1.17127731808882e-42 36900
19.5 1.138301820955478e-42 34724
19.75 1.175513206453641e-42 33960
20 1.162294218129314e-42 32144
20.25 1.145652777467893e-42 30704
20.5 1.119117351794538e-42 28896
20.75 1.111815151460069e-42 26924
21 1.075111634372239e-42 25656
21.25 1.037467573572798e-42 23228
21.5 9.958270581154686e-43 21816
21.75 9.215593138554717e-43 19472
22 8.509403254231526e-43 17696
22.25 7.706108327033404e-43 15588
22.5 6.799299491416919e-43 13760
22.75 5.843015729638029e-43 11565
23 5.140131717513768e-43 10016
23.25 4.554815992170695e-43 8652
23.5 4.008089704761839e-43 7652
23.75 3.553941074370431e-43 6542
24 3.009574514544779e-43 5478
24.25 2.805619327640653e-43 4886
24.5 2.420438254785027e-43 4068
24.75 1.936268894103137e-43 3326
25 1.594165310726207e-43 2696
25.25 1.365541761825314e-43 2304
25.5 1.198660611485195e-43 1934
25.75 8.096577152856308e-44 1344
26 5.316733620527332e-44 848
26.25 5.726636370125962e-44 888
26.5 4.063999820811988e-44 584
26.75 2.304906418065566e-44 344
27 4.625788776314093e-45 102
27.25 6.063149998265203e-45 104
27.5 1.525594269413495e-45 24
27.75 1.243517359373299e-49 1

0.25 2.127790038399977e-21 18
0.5 2.784907793940473e-21 62
0.75 1.117849358309136e-21 98
1 6.282834360591521e-22 210
1.25 1.878460978276738e-22 350
1.5 4.055825375207572e-21 450
1.75 2.250013058915167e-20 602
2 3.173799009850094e-20 762
2.25 1.163295853574889e-20 1142
2.5 1.194736187206317e-21 1250
2.75 1.027554686265181e-22 1458
3 3.118631276318564e-24 1814
3.25 6.71770328885846e-25 2178
3.5 3.073479546363115e-25 2498
3.75 1.53295881326327e-25 2622
4 1.569976830048466e-25 3338
4.25 1.637602387100219e-25 3722
4.5 2.012986994035595e-25 4170
4.75 1.754860818838126e-25 4358
5 7.568312644789048e-26 5034
5.25 2.065194014541616e-26 5714
5.5 1.864898919193244e-27 5982
5.75 9.669183597808753e-28 6602
6 7.143547456261344e-28 7130
6.25 4.186013539455541e-28 8034
6.5 2.5849686756095e-28 8606
6.75 1.544818224169769e-28 9066
7 8.449145201014682e-29 9962
7.25 3.661419315572978e-29 10550
7.5 1.181452299396753e-29 11226
7.75 2.216731541841802e-30 12146
8 5.628549842790896e-32 12606
8.25 6.554337578804739e-38 13802
8.5 2.141791070634779e-38 14754
8.75 3.810303395389631e-39 15194
9 5.182085204142657e-40 16454
9.25 9.624588345151125e-41 17154
9.5 4.330125214416144e-41 18266
9.75 2.593001741795261e-41 18750
10 1.613371052453638e-41 20234
10.25 9.728684539538758e-42 21450
10.5 5.174604291406596e-42 21962
10.75 2.695129263475798e-42 23462
11 1.176755999933965e-42 24042
11.25 5.352552593396842e-43 25946
11.5 2.497330831567949e-43 26118
11.75 1.963220302977529e-43 27506
12 2.146844288190288e-43 29066
12.25 2.38684118563817e-43 30450
12.5 2.68526548740808e-43 31742
12.75 2.972166403132337e-43 32250
13 3.359739977508414e-43 34250
13.25 3.757150941377855e-43 35454
13.5 4.199356371773705e-43 36434
13.75 4.647913965328179e-43 37682
14 5.192718705567955e-43 39294
14.25 5.896960246052195e-43 41426
14.5 6.45572618209847e-43 42066
14.75 7.136138613109398e-43 43490
15 7.91446481924531e-43 45702
15.25 8.605669570449854e-43 46634
15.5 9.504093933396829e-43 48554
15.75 1.000382537957687e-42 48870
16 1.069487667976661e-42 50963
16.25 1.113817754144811e-42 51576
16.5 1.078272790946018e-42 49316
16.75 1.118602680948762e-42 49344
17 1.102000214360855e-42 47192
17.25 1.154701317052094e-42 47576
17.5 1.128703460174725e-42 45348
17.75 1.125837480859083e-42 44060
18 1.167038029817018e-42 43872
18.25 1.147253846453628e-42 41756
18.5 1.181995471567157e-42 41528
18.75 1.167982032767124e-42 39300
19 1.173156209268943e-42 38276
19.25 1.164036982657468e-42 36900
19.5 1.130630262246705e-42 34724
19.75 1.162012028983616e-42 33960
20 1.146585610844127e-42 32144
20.25 1.157599836337821e-42 30704
20.5 1.132026100575554e-42 28896
20.75 1.095488377808407e-42 26924
21 1.069420083782131e-42 25656
21.25 1.038236181399722e-42 23228
21.5 9.92517770093427e-43 21816
21.75 9.187104074375669e-43 19472
22 8.639181189588987e-43 17696
22.25 7.736497394498129e-43 15588
22.5 6.729791146359751e-43 13760
22.75 5.890811313502565e-43 11565
23 5.260194385278974e-43 10016
23.25 4.625314559915099e-43 8652
23.5 4.054895597735291e-43 7652
23.75 3.599172376928449e-43 6542
24 3.042760037718568e-43 5478
24.25 2.781305456227579e-43 4886
24.5 2.413429032764413e-43 4068
24.75 1.928647243539721e-43 3326
25 1.60321457766424e-43 2696
25.25 1.392936014986853e-43 2304
25.5 1.220424216737886e-43 1934
25.75 8.377484498556752e-44 1344
26 5.436503610529315e-44 848
26.25 5.87484937125915e-44 888
26.5 4.208893062256635e-44 584
26.75 2.447424973444849e-44 344
27 5.687798061983415e-45 102
27.25 6.239347437602409e-45 104
27.5 1.774000982238117e-45 24
27.75 1.001652507311343e-49 1

0.25 1.270814359740476e-19 18
0.5 2.333106420298724e-19 62
0.75 1.847287305230568e-19 98
1 3.277808047245949e-19 210
1.25 5.337691466308316e-19 350
1.5 9.883226197826012e-19 450
1.75 2.074434734746741e-18 602
2 2.062566131131765e-18 762
2.25 7.731782209515262e-19 1142
2.5 1.274134392669317e-19 1250
2.75 2.811692180929273e-20 1458
3 5.055286936128263e-21 1814
3.25 3.872665444479036e-22 2178
3.5 1.128128508161028e-23 2498
3.75 6.613032270514066e-25 2622
4 8.735306509120086e-25 3338
4.25 1.199583496727941e-24 3722
4.5 1.874651851208697e-24 4170
4.75 2.887577295864032e-24 4358
5 1.212505916664647e-24 5034
5.25 4.459771138413056e-26 5714
5.5 1.824510510947274e-27 5982
5.75 1.0031515362206e-27 6602
6 7.665996105225757e-28 7130
6.25 4.33214427710816e-28 8034
6.5 2.680957228617062e-28 8606
6.75 1.61504066495264e-28 9066
7 8.725764520754892e-29 9962
7.25 3.760682882680041e-29 10550
7.5 1.214391857828569e-29 11226
7.75 2.357366599947703e-30 12146
8 6.197354401060542e-32 12606
8.25 4.195251887574713e-37 13802
8.5 1.502627631570955e-37 14754
8.75 2.988511690050385e-38 15194
9 4.384656842993619e-39 16454
9.25 4.211840039864782e-40 17154
9.5 6.08898505596628e-41 18266
9.75 2.832726591832362e-41 18750
10 1.741018931675709e-41 20234
10.25 1.033352580823046e-41 21450
10.5 5.459387893925594e-42 21962
10.75 2.779172903941786e-42 23462
11 1.276174256313115e-42 24042
11.25 5.754116418077639e-43 25946
11.5 2.820818016332774e-43 26118
11.75 2.296294032857291e-43 27506
12 2.506049354343371e-43 29066
12.25 2.854034987781304e-43 30450
12.5 3.162303610879291e-43 31742
12.75 3.536335680397591e-43 32250
13 4.004410911535339e-43 34250
13.25 4.526991646640269e-43 35454
13.5 4.998256678533385e-43 36434
13.75 5.678470421320637e-43 37682
14 6.266377296883698e-43 39294
14.25 7.115663684477956e-43 41426
14.5 7.831528296013834e-43 42066
14.75 8.719993495449413e-43 43490
15 9.818372187164025e-43 45702
15.25 1.069067048189398e-42 46634
15.5 1.168789011242369e-42 48554
15.75 1.222360764847284e-42 48870
16 1.311171789200888e-42 50963
16.25 1.35134971860019e-42 51576
16.5 1.329226969855077e-42 49316
16.75 1.383881358590024e-42 49344
17 1.352108141052823e-42 47192
17.25 1.42131169541302e-42 47576
17.5 1.408423480133604e-42 45348
17.75 1.409691245882883e-42 44060
18 1.426351305955412e-42 43872
18.25 1.425992721149831e-42 41756
18.5 1.484056932763529e-42 41528
18.75 1.443980478850565e-42 39300
19 1.457137499581724e-42 38276
19.25 1.451254960629223e-42 36900
19.5 1.406930060655844e-42 34724
19.75 1.446845011685352e-42 33960
20 1.431420845415142e-42 32144
20.25 1.422514690137065e-42 30704
20.5 1.408546715065689e-42 28896
20.75 1.359352553176143e-42 26924
21 1.352133224552074e-42 25656
21.25 1.287168681012148e-42 23228
21.5 1.249631026046139e-42 21816
21.75 1.147079764001924e-42 19472
22 1.078028607900638e-42 17696
22.25 9.83356563664168e-43 15588
22.5 8.539368744519902e-43 13760
22.75 7.373650424135466e-43 11565
23 6.538552104562162e-43 10016
23.25 5.758316390042081e-43 8652
23.5 5.041815369866807e-43 7652
23.75 4.405770887565039e-43 6542
24 3.826853124012808e-43 5478
24.25 3.534254806278404e-43 4886
24.5 2.970311577022886e-43 4068
24.75 2.453200847387616e-43 3326
25 2.019255661623107e-43 2696
25.25 1.791190974526814e-43 2304
25.5 1.512193088810708e-43 1934
25.75 1.057740714455434e-43 1344
26 6.827270283636667e-44 848
26.25 7.186666873650004e-44 888
26.5 5.258629469612012e-44 584
26.75 2.944130150016137e-44 344
27 8.506127009734363e-45 102
27.25 8.497626349463127e-45 104
27.5 2.759831972122182e-45 24
27.75 2.701968767157884e-49 1

0.25 3.170818097022874e-18 18
0.5 3.553614557390506e-18 62
0.75 9.062210882672866e-19 98
1 1.826830805839111e-19 210
1.25 2.135390908102506e-18 350
1.5 1.406982114035628e-17 450
1.75 4.174754832741942e-17 602
2 3.543869983182755e-17 762
2.25 6.032590241564709e-18 1142
2.5 7.516060659545355e-20 1250
2.75 7.221486902902292e-20 1458
3 4.054037727372161e-20 1814
3.25 4.608761701915684e-21 2178
3.5 1.256727423832114e-22 2498
3.75 4.206444687711134e-24 2622
4 3.435077783071891e-24 3338
4.25 3.017463041463003e-24 3722
4.5 3.152471206460587e-24 4170
4.75 5.035162231514073e-24 4358
5 7.17086602596876e-24 5034
5.25 6.777046622488524e-25 5714
5.5 9.963195794160503e-27 5982
5.75 1.049282739367434e-27 6602
6 7.374750100194573e-28 7130
6.25 4.360692060369227e-28 8034
6.5 2.588979736600807e-28 8606
6.75 1.548466043626083e-28 9066
7 8.368678308914984e-29 9962
7.25 3.670831284157453e-29 10550
7.5 1.17104827999957e-29 11226
7.75 2.240728587024141e-30 12146
8 5.617865772983753e-32 12606
8.25 2.270519856077886e-36 13802
8.5 7.818629702830857e-37 14754
8.75 1.561044309073918e-37 15194
9 2.208726222641474e-38 16454
9.25 1.940959357773114e-39 17154
9.5 1.397895651962941e-40 18266
9.75 3.1158943957785e-41 18750
10 1.861681022452645e-41 20234
10.25 1.140027629119147e-41 21450
10.5 6.51612015000201e-42 21962
10.75 4.086287270432802e-42 23462
11 2.678726907885664e-42 24042
11.25 2.281298412531682e-42 25946
11.5 2.157174279879874e-42 26118
11.75 2.400093012211172e-42 27506
12 2.736443991654178e-42 29066
12.25 3.15556073181042e-42 30450
12.5 3.568845562704062e-42 31742
12.75 3.882434278681743e-42 32250
13 4.473737695165152e-42 34250
13.25 4.94447989146545e-42 35454
13.5 5.551505166192788e-42 36434
13.75 6.142691019636755e-42 37682
14 6.834305795041678e-42 39294
14.25 7.897815410882234e-42 41426
14.5 8.540760711900418e-42 42066
14.75 9.467715950711748e-42 43490
15 1.062778306550051e-41 45702
15.25 1.165712517049622e-41 46634
15.5 1.26892758419421e-41 48554
15.75 1.350925618113388e-41 48870
16 1.456477710322376e-41 50963
16.25 1.5262508609562e-41 51576
16.5 1.530827781008682e-41 49316
16.75 1.59017230112307e-41 49344
17 1.5619927526046e-41 47192
17.25 1.646187144061114e-41 47576
17.5 1.628962824061248e-41 45348
17.75 1.61663409594532e-41 44060
18 1.674065551768241e-41 43872
18.25 1.616889221452109e-41 41756
18.5 1.675594984061254e-41 41528
18.75 1.637479459814668e-41 39300
19 1.643588494264891e-41 38276
19.25 1.623315976489e-41 36900
19.5 1.5982067904022e-41 34724
19.75 1.595179285157186e-41 33960
20 1.571203106335835e-41 32144
20.25 1.546519763164798e-41 30704
20.5 1.522454072573171e-41 28896
20.75 1.477751374519686e-41 26924
21 1.441742954179237e-41 25656
21.25 1.364706766007136e-41 23228
21.5 1.305863530147164e-41 21816
21.75 1.235895906390699e-41 19472
22 1.143552630613552e-41 17696
22.25 1.051228218440687e-41 15588
22.5 9.569917705838962e-42 13760
22.75 7.977022414756395e-42 11565
23 7.188829274777617e-42 10016
23.25 6.1664747888376e-42 8652
23.5 5.421496566613795e-42 7652
23.75 4.565997977983056e-42 6542
24 3.967821478742613e-42 5478
24.25 3.419414750168515e-42 4886
24.5 3.00450969660067e-42 4068
24.75 2.434774125646436e-42 3326
25 1.94442437879877e-42 2696
25.25 1.683207744724024e-42 2304
25.5 1.442034792431995e-42 1934
25.75 1.022513024043484e-42 1344
26 6.655571395587997e-43 848
26.25 6.909606213165542e-43 888
26.5 4.973481332634039e-43 584
26.75 2.616412997011446e-43 344
27 8.037205565131105e-44 102
27.25 7.801098600389589e-44 104
27.5 1.923107987131834e-44 24
27.75 1.869375661113409e-47 1

0.25 3.627904792937652e-16 18
0.5 8.674054233872531e-16 62
0.75 8.57994546651835e-16 98
1 1.760095361189324e-15 210
1.25 2.784155655426675e-15 350
1.5 4.06698327387415e-15 450
1.75 5.771732406012513e-15 602
2 4.121716582991834e-15 762
2.25 1.32883390819577e-15 1142
2.5 2.354576778210332e-16 1250
2.75 5.407360562431849e-17 1458
3 8.385002119084771e-18 1814
3.25 3.8174408923432e-19 2178
3.5 4.25870104648586e-21 2498
3.75 2.695550735578276e-23 2622
4 3.514098116606038e-23 3338
4.25 4.93564323483593e-23 3722
4.5 7.150343999712389e-23 4170
4.75 6.934304813781431e-23 4358
5 2.623654915776786e-23 5034
5.25 5.547918003215035e-24 5714
5.5 2.10613449806057e-25 5982
5.75 2.715407022604033e-27 6602
6 8.424571344809777e-28 7130
6.25 4.838152693581178e-28 8034
6.5 2.824397142624336e-28 8606
6.75 1.625663740918898e-28 9066
7 8.827950252586118e-29 9962
7.25 3.830191306855451e-29 10550
7.5 1.215853229381802e-29 11226
7.75 2.378543310905008e-30 12146
8 5.988425936585865e-32 12606
8.25 6.793499110081393e-35 13802
8.5 1.150921663915227e-35 14754
8.75 1.860438968258175e-36 15194
9 2.469907698031458e-37 16454
9.25 1.892007269512245e-38 17154
9.5 1.61998762390843e-39 18266
9.75 3.962716610193231e-40 18750
10 1.612319673830069e-40 20234
10.25 6.185831726428768e-41 21450
10.5 2.797186854878774e-41 21962
10.75 2.250124842056689e-41 23462
11 2.236406227384409e-41 24042
11.25 2.62679227575803e-41 25946
11.5 2.831520150843195e-41 26118
11.75 3.348712070372789e-41 27506
12 3.885888609785808e-41 29066
12.25 4.490144236790587e-41 30450
12.5 5.090442481797761e-41 31742
12.75 5.771688369566934e-41 32250
13 6.664906624899184e-41 34250
13.25 7.637703102210893e-41 35454
13.5 8.572196048669734e-41 36434
13.75 9.682533643182107e-41 37682
14 1.112425614839301e-40 39294
14.25 1.257602336808417e-40 41426
14.5 1.417485030772265e-40 42066
14.75 1.585518291727476e-40 43490
15 1.781301194636927e-40 45702
15.25 1.977432453896746e-40 46634
15.5 2.179497947181666e-40 48554
15.75 2.347938563688552e-40 48870
16 2.544520877899314e-40 50963
16.25 2.683012424635817e-40 51576
16.5 2.695856404218189e-40 49316
16.75 2.820455464300547e-40 49344
17 2.798734391373688e-40 47192
17.25 2.949510916313242e-40 47576
17.5 2.922566478601148e-40 45348
17.75 2.922602645816568e-40 44060
18 3.037759411766201e-40 43872
18.25 2.983450482154469e-40 41756
18.5 3.067380241409591e-40 41528
18.75 3.038587873464327e-40 39300
19 3.029303675692092e-40 38276
19.25 3.035875488522787e-40 36900
19.5 2.994089058533318e-40 34724
19.75 3.058327911163782e-40 33960
20 2.978384694747458e-40 32144
20.25 2.961280648357877e-40 30704
20.5 2.911537518653901e-40 28896
20.75 2.865536339413186e-40 26924
21 2.797052107140008e-40 25656
21.25 2.64799438890025e-40 23228
21.5 2.565447293111872e-40 21816
21.75 2.41503874877031e-40 19472
22 2.270199347812316e-40 17696
22.25 2.064039858028198e-40 15588
22.5 1.842435993419834e-40 13760
22.75 1.624549175024429e-40 11565
23 1.405633457998091e-40 10016
23.25 1.249036628849678e-40 8652
23.5 1.088496477454079e-40 7652
23.75 9.436763459088353e-41 6542
24 7.980971543714976e-41 5478
24.25 7.260287683764247e-41 4886
24.5 6.042398998971729e-41 4068
24.75 5.097784645593571e-41 3326
25 4.072711509439024e-41 2696
25.25 3.395804752377117e-41 2304
25.5 3.075189969238661e-41 1934
25.75 2.105346903939366e-41 1344
26 1.334942522112298e-41 848
26.25 1.408506932244932e-41 888
26.5 9.405521636404943e-42 584
26.75 5.261059557187567e-42 344
27 1.363313543727872e-42 102
27.25 1.573888737148278e-42 104
27.5 3.614716880485363e-43 24
27.75 5.775173241376083e-46 1

0.25 5.071773344535993e-15 18
0.5 4.670996331300141e-15 62
0.75 5.624508247362049e-16 98
1 7.6632088125789e-16 210
1.25 9.547294669397077e-15 350
1.5 3.501327189617244e-14 450
1.75 6.549838955774519e-14 602
2 3.057806124258718e-14 762
2.25 1.238197126174515e-15 1142
2.5 1.526171679282009e-15 1250
2.75 8.320210387501403e-16 1458
3 1.652417625795334e-16 1814
3.25 7.415218755138038e-18 2178
3.5 1.287025487098661e-19 2498
3.75 3.192548543526284e-20 2622
4 1.094811270433275e-20 3338
4.25 4.46561277284489e-21 3722
4.5 4.304141348075514e-21 4170
4.75 3.25493429135116e-21 4358
5 1.426371139645725e-21 5034
5.25 2.742547749283296e-22 5714
5.5 2.269507892907549e-23 5982
5.75 6.59760243981564e-25 6602
6 3.444900745999582e-26 7130
6.25 1.001301459253972e-26 8034
6.5 2.118870692925941e-27 8606
6.75 4.106613335925423e-28 9066
7 1.278943434877607e-28 9962
7.25 6.45523401232561e-29 10550
7.5 3.118475904919529e-29 11226
7.75 8.849376326852701e-30 12146
8 1.187779346286688e-30 12606
8.25 1.102156922025723e-31 13802
8.5 4.519998323766671e-33 14754
8.75 2.886541202288265e-34 15194
9 8.993193443548108e-35 16454
9.25 2.945335852701612e-35 17154
9.5 8.606551180269021e-36 18266
9.75 1.527925528202319e-36 18750
10 1.926726700737436e-37 20234
10.25 1.065404757737287e-37 21450
10.5 5.618694521478277e-38 21962
10.75 2.068871262661756e-38 23462
11 6.392530774964118e-39 24042
11.25 3.545600480731232e-39 25946
11.5 3.412554883122912e-39 26118
11.75 3.970454525644895e-39 27506
12 4.495293976914048e-39 29066
12.25 5.084058760923838e-39 30450
12.5 5.765460572511044e-39 31742
12.75 6.36347675520764e-39 32250
13 7.332147450855631e-39 34250
13.25 8.188137596098268e-39 35454
13.5 9.099512740995688e-39 36434
13.75 1.007362603210657e-38 37682
14 1.133013546146681e-38 39294
14.25 1.268233399903691e-38 41426
14.5 1.397972713960108e-38 42066
14.75 1.553742573086195e-38 43490
15 1.75571279575455e-38 45702
15.25 1.886805202131336e-38 46634
15.5 2.076543904414045e-38 48554
15.75 2.179156641328083e-38 48870
16 2.34898570804587e-38 50963
16.25 2.470089208370953e-38 51576
16.5 2.477664320202805e-38 49316
16.75 2.523627446131723e-38 49344
17 2.519924424768721e-38 47192
17.25 2.608399089953192e-38 47576
17.5 2.570262937676451e-38 45348
17.75 2.60643120404493e-38 44060
18 2.664386475271732e-38 43872
18.25 2.59000839676253e-38 41756
18.5 2.650520789427965e-38 41528
18.75 2.614869623390308e-38 39300
19 2.630401911856881e-38 38276
19.25 2.607295289528695e-38 36900
19.5 2.545864312250677e-38 34724
19.75 2.555635828325993e-38 33960
20 2.518027185766074e-38 32144
20.25 2.490044089364053e-38 30704
20.5 2.433283377481042e-38 28896
20.75 2.352044414840857e-38 26924
21 2.310619925328918e-38 25656
21.25 2.173594082164555e-38 23228
21.5 2.123120534324937e-38 21816
21.75 1.946241664438785e-38 19472
22 1.808765937671725e-38 17696
22.25 1.639523941722093e-38 15588
22.5 1.489370612941172e-38 13760
22.75 1.260131234349881e-38 11565
23 1.105347077030776e-38 10016
23.25 9.8154147903194e-39 8652
23.5 8.793206172047598e-39 7652
23.75 7.509614756138689e-39 6542
24 6.491420732897707e-39 5478
24.25 5.768194115596954e-39 4886
24.5 4.959330411016788e-39 4068
24.75 3.951170498733017e-39 3326
25 3.255227521735873e-39 2696
25.25 2.802424418615369e-39 2304
25.5 2.386380132344202e-39 1934
25.75 1.718474055079426e-39 1344
26 1.019907434480994e-39 848
26.25 1.132442880865631e-39 888
26.5 7.334543957968879e-40 584
26.75 4.41802829371663e-40 344
27 1.025134177889859e-40 102
27.25 1.393403787231466e-40 104
27.5 1.657612808594646e-41 24
27.75 3.255182930505313e-44 1

0.25 5.902635590403401e-13 18
0.5 1.30017346199096e-12 62
0.75 1.190281345462111e-12 98
1 2.355123149481965e-12 210
1.25 3.727449851894773e-12 350
1.5 5.250464695865816e-12 450
1.75 6.169362892470689e-12 602
2 2.737143986748676e-12 762
2.25 2.941131090310816e-13 1142
2.5 8.690551984427343e-15 1250
2.75 7.864526507998608e-16 1458
3 9.6968105250049e-17 1814
3.25 1.933019285980778e-17 2178
3.5 2.490686919771342e-17 2498
3.75 1.699153672546465e-17 2622
4 9.33821175763597e-18 3338
4.25 4.8805921568043e-18 3722
4.5 2.313803803132501e-18 4170
4.75 8.418261155221568e-19 4358
5 3.203031768937231e-19 5034
5.25 1.091432643309889e-19 5714
5.5 3.507475953421785e-20 5982
5.75 7.557958222583125e-21 6602
6 7.854292954400891e-22 7130
6.25 1.669165956431682e-22 8034
6.5 5.971246071090916e-23 8606
6.75 1.961998197599361e-23 9066
7 6.566518788108799e-24 9962
7.25 1.693087394829936e-24 10550
7.5 2.78797476310826e-25 11226
7.75 8.272995165162754e-26 12146
8 6.337616269973109e-26 12606
8.25 2.714517499946405e-26 13802
8.5 5.37791851267924e-27 14754
8.75 1.069611182889474e-27 15194
9 5.454607782621982e-28 16454
9.25 3.087249562306387e-28 17154
9.5 1.602054767224381e-28 18266
9.75 6.728895157690759e-29 18750
10 2.206263305342372e-29 20234
10.25 5.027129926062647e-30 21450
10.5 7.37790783716962e-31 21962
10.75 8.819379587307414e-32 23462
11 1.443283511690071e-32 24042
11.25 4.400761653635169e-33 25946
11.5 1.159207293125519e-33 26118
11.75 4.761210069266573e-34 27506
12 3.835498834819035e-34 29066
12.25 2.772582135301172e-34 30450
12.5 1.45670730938395e-34 31742
12.75 5.838159391462796e-35 32250
13 1.996434300572274e-35 34250
13.25 5.745690217981703e-36 35454
13.5 1.665379065470625e-36 36434
13.75 6.209645950782919e-37 37682
14 3.215938815536123e-37 39294
14.25 2.331566057461837e-37 41426
14.5 2.12113995801575e-37 42066
14.75 2.195748957809834e-37 43490
15 2.467901657544317e-37 45702
15.25 2.66350300774995e-37 46634
15.5 2.93916560556861e-37 48554
15.75 3.146378014978711e-37 48870
16 3.428205943904157e-37 50963
16.25 3.629797353800291e-37 51576
16.5 3.685227952675241e-37 49316
16.75 3.828034809288474e-37 49344
17 3.793905101993055e-37 47192
17.25 3.995539156421169e-37 47576
17.5 3.934336276184982e-37 45348
17.75 3.946290202602471e-37 44060
18 4.05782060931438e-37 43872
18.25 3.962717330726085e-37 41756
18.5 4.055134468524024e-37 41528
18.75 3.946315605955972e-37 39300
19 3.905619442120771e-37 38276
19.25 3.940557554051567e-37 36900
19.5 3.828630728065197e-37 34724
19.75 3.793411059664854e-37 33960
20 3.710289856116903e-37 32144
20.25 3.709694571068436e-37 30704
20.5 3.572126954663473e-37 28896
20.75 3.461578968497895e-37 26924
21 3.406118585926909e-37 25656
21.25 3.210356734370365e-37 23228
21.5 3.110080225252308e-37 21816
21.75 2.863206959608358e-37 19472
22 2.685612301120481e-37 17696
22.25 2.426179562010385e-37 15588
22.5 2.188575094008652e-37 13760
22.75 1.840792217844656e-37 11565
23 1.6288070548112e-37 10016
23.25 1.425337575685796e-37 8652
23.5 1.250643430125951e-37 7652
23.75 1.073728834341579e-37 6542
24 8.848372450522741e-38 5478
24.25 7.957275790778369e-38 4886
24.5 6.755221132623696e-38 4068
24.75 5.421822212220122e-38 3326
25 4.461630232736263e-38 2696
25.25 3.739588744055657e-38 2304
25.5 3.097708882276679e-38 1934
25.75 2.231495268152877e-38 1344
26 1.388715283608115e-38 848
26.25 1.512419522184929e-38 888
26.5 1.079489878860985e-38 584
26.75 5.743314849009852e-39 344
27 1.595493711032286e-39 102
27.25 2.033474517430547e-39 104
27.5 3.385324454350362e-40 24
27.75 6.826101711453804e-43 1

0.25 8.943380830562789e-12 18
0.5 7.033125438605363e-12 62
0.75 3.646368659536309e-13 98
1 3.987732732264395e-12 210
1.25 2.755309343341071e-11 350
1.5 7.383080011748741e-11 450
1.75 9.563369551601383e-11 602
2 2.298012948212829e-11 762
2.25 5.241750410653229e-12 1142
2.5 5.658789125321609e-12 1250
2.75 1.980349695170861e-12 1458
3 4.484521510497736e-13 1814
3.25 1.384417397723123e-13 2178
3.5 7.046830382118426e-14 2498
3.75 4.564547291611666e-14 2622
4 6.783681591483697e-14 3338
4.25 6.282426082486312e-14 3722
4.5 3.428017882232426e-14 4170
4.75 1.050775382702455e-14 4358
5 1.795047856288794e-15 5034
5.25 9.013533756210342e-17 5714
5.5 1.637332649204319e-17 5982
5.75 8.929527463232621e-18 6602
6 6.077861200796684e-18 7130
6.25 8.014206055005455e-18 8034
6.5 7.736135467160567e-18 8606
6.75 4.776158311932932e-18 9066
7 2.226630777190937e-18 9962
7.25 7.502589669845959e-19 10550
7.5 1.76526972405048e-19 11226
7.75 3.541899462006354e-20 12146
8 1.276909159400647e-20 12606
8.25 7.336092467569492e-21 13802
8.5 4.901306108453905e-21 14754
8.75 3.506870130534463e-21 15194
9 2.61028324571057e-21 16454
9.25 1.680499987816912e-21 17154
9.5 9.879205001660212e-22 18266
9.75 4.791460907032697e-22 18750
10 2.158224830481582e-22 20234
10.25 9.569330081307307e-23 21450
10.5 4.479039778973532e-23 21962
10.75 2.505596409963743e-23 23462
11 1.423568110894322e-23 24042
11.25 8.224436377327942e-24 25946
11.5 4.509801773589299e-24 26118
11.75 2.634140253625873e-24 27506
12 1.52185348663362e-24 29066
12.25 8.421316664497441e-25 30450
12.5 4.719278534228517e-25 31742
12.75 2.664393061235102e-25 32250
13 1.610168289882174e-25 34250
13.25 9.359683442599496e-26 35454
13.5 5.302419750982089e-26 36434
13.75 3.008341885183018e-26 37682
14 1.710589688782829e-26 39294
14.25 9.550147539094993e-27 41426
14.5 5.291716932681418e-27 42066
14.75 3.036694861731686e-27 43490
15 1.709001693348042e-27 45702
15.25 9.515922134208514e-28 46634
15.5 5.300629318255884e-28 48554
15.75 2.742922935435007e-28 48870
16 1.455019603489924e-28 50963
16.25 6.867212029245372e-29 51576
16.5 2.658442820805664e-29 49316
16.75 9.97220427953434e-30 49344
17 3.896512311859679e-30 47192
17.25 1.543707781566658e-30 47576
17.5 5.708475177772401e-31 45348
17.75 2.256345910780092e-31 44060
18 9.630613957479493e-32 43872
18.25 4.101347576295518e-32 41756
18.5 1.827413972486391e-32 41528
18.75 7.823132403156224e-33 39300
19 3.129696525569256e-33 38276
19.25 1.167334194301767e-33 36900
19.5 4.752372264608253e-34 34724
19.75 2.177444764282615e-34 33960
20 1.223634269951132e-34 32144
20.25 8.281285099766072e-35 30704
20.5 6.062130845910732e-35 28896
20.75 4.682998945954806e-35 26924
21 4.079002404024696e-35 25656
21.25 3.643329137756825e-35 23228
21.5 3.400450995964204e-35 21816
21.75 3.114234196854464e-35 19472
22 2.976821026090059e-35 17696
22.25 2.784605875550595e-35 15588
22.5 2.446943457344018e-35 13760
22.75 2.071431463728265e-35 11565
23 1.795606123083406e-35 10016
23.25 1.606112627031743e-35 8652
23.5 1.422313266021055e-35 7652
23.75 1.249028038420072e-35 6542
24 1.028960673923312e-35 5478
24.25 9.377270094115857e-36 4886
24.5 7.728926947292555e-36 4068
24.75 6.281153486061569e-36 3326
25 5.307309354920951e-36 2696
25.25 4.440914226603357e-36 2304
25.5 3.822707269325147e-36 1934
25.75 2.706794274980171e-36 1344
26 1.753979096819201e-36 848
26.25 1.823262348772806e-36 888
26.5 1.226346499494528e-36 584
26.75 7.064690146454264e-37 344
27 2.211416934203614e-37 102
27.25 2.318196550064712e-37 104
27.5 4.5558214435446e-38 24
27.75 1.195945256914804e-41 1

0.25 4.081467510333297e-10 18
0.5 4.636119207212311e-10 62
0.75 2.183272006743305e-10 98
1 3.398322942527701e-10 210
1.25 7.568434752330205e-10 350
1.5 1.779365556702529e-09 450
1.75 2.58671654152218e-09 602
2 5.603898539218842e-10 762
2.25 2.113949675187825e-10 1142
2.5 1.800582408453994e-10 1250
2.75 1.454546384680424e-10 1458
3 1.686785176468039e-10 1814
3.25 1.460502146196724e-10 2178
3.5 9.744278084260869e-11 2498
3.75 5.754177299622555e-11 2622
4 5.5852598387951e-11 3338
4.25 4.480181669795014e-11 3722
4.5 2.629307883931806e-11 4170
4.75 1.473881665815068e-11 4358
5 1.029912636305533e-11 5034
5.25 7.412083110179198e-12 5714
5.5 4.831668020968131e-12 5982
5.75 3.191002207022437e-12 6602
6 1.714018983009768e-12 7130
6.25 8.409789560787223e-13 8034
6.5 3.313489091904963e-13 8606
6.75 1.110769846958042e-13 9066
7 4.138070657568433e-14 9962
7.25 2.893080899174811e-14 10550
7.5 3.836220022145366e-14 11226
7.75 4.449916280832187e-14 12146
8 4.08740195015838e-14 12606
8.25 3.409372585588348e-14 13802
8.5 2.328075867947896e-14 14754
8.75 1.346979896852097e-14 15194
9 7.211184874080952e-15 16454
9.25 3.252430716240398e-15 17154
9.5 1.3044190710017e-15 18266
9.75 4.589852265374502e-16 18750
10 2.333124247547771e-16 20234
10.25 2.281408009564307e-16 21450
10.5 2.502113624225111e-16 21962
10.75 2.690017781489171e-16 23462
11 2.47361858757776e-16 24042
11.25 2.042383307914172e-16 25946
11.5 1.502457433352627e-16 26118
11.75 1.080425512651415e-16 27506
12 7.657669594733991e-17 29066
12.25 4.877704578474199e-17 30450
12.5 3.037347672741907e-17 31742
12.75 1.862679807058984e-17 32250
13 1.119325695417538e-17 34250
13.25 6.815041284237322e-18 35454
13.5 4.198416039931291e-18 36434
13.75 2.881485060043962e-18 37682
14 2.187468083295316e-18 39294
14.25 1.738573133871124e-18 41426
14.5 1.420737595038912e-18 42066
14.75 1.157522433319964e-18 43490
15 9.063693514141097e-19 45702
15.25 6.8101474424474e-19 46634
15.5 4.940506464223703e-19 48554
15.75 3.146922034712462e-19 48870
16 2.02384412741603e-19 50963
16.25 1.18051566941321e-19 51576
16.5 5.43210703091556e-20 49316
16.75 2.295214286555899e-20 49344
17 1.009394826577669e-20 47192
17.25 6.342841131991393e-21 47576
17.5 4.651186206922344e-21 45348
17.75 3.411277997128971e-21 44060
18 2.206362822393083e-21 43872
18.25 1.156373144275344e-21 41756
18.5 5.153290174051879e-22 41528
18.75 1.944717905460485e-22 39300
19 7.416797584060529e-23 38276
19.25 3.315446309308757e-23 36900
19.5 2.283498507354291e-23 34724
19.75 1.931937000929402e-23 33960
20 1.578420485964916e-23 32144
20.25 1.131324078068997e-23 30704
20.5 7.201843664321469e-24 28896
20.75 4.145969823105746e-24 26924
21 2.258384869979798e-24 25656
21.25 1.075688703910323e-24 23228
21.5 5.061279640688136e-25 21816
21.75 2.230838033972804e-25 19472
22 9.880078192649941e-26 17696
22.25 5.228065182540499e-26 15588
22.5 3.049188161462679e-26 13760
22.75 1.932088139518132e-26 11565
23 1.240172777893177e-26 10016
23.25 7.548026655435194e-27 8652
23.5 3.947684941359578e-27 7652
23.75 1.707101982543088e-27 6542
24 6.752210501988671e-28 5478
24.25 2.495448717240583e-28 4886
24.5 8.11787583785546e-29 4068
24.75 2.604119917048211e-29 3326
25 1.000179185079048e-29 2696
25.25 4.769229770944878e-30 2304
25.5 3.182225510824056e-30 1934
25.75 1.586837835803961e-30 1344
26 9.529474717889947e-31 848
26.25 6.50118369445674e-31 888
26.5 2.413741821527332e-31 584
26.75 7.67166404369965e-32 344
27 1.51431187632285e-32 102
27.25 1.118980596748709e-32 104
27.5 2.447291374954696e-33 24
27.75 4.577524075302551e-36 1

0.25 5.969561271613197e-10 18
0.5 4.08271646627042e-10 62
0.75 6.434403218731487e-10 98
1 8.41387571172636e-10 210
1.25 5.266385705201531e-10 350
1.5 1.589182593489543e-09 450
1.75 6.801189675185602e-09 602
2 1.6777988044368e-09 762
2.25 3.295652002361055e-09 1142
2.5 1.011561230674471e-09 1250
2.75 5.194894395209611e-10 1458
3 7.135501907206016e-10 1814
3.25 1.503230569287916e-09 2178
3.5 1.406838857101933e-09 2498
3.75 7.061773020685554e-10 2622
4 1.237775883594213e-09 3338
4.25 7.326638003737329e-10 3722
4.5 2.176600100951362e-10 4170
4.75 5.936566277472002e-11 4358
5 3.062039709830762e-11 5034
5.25 4.696799453094573e-11 5714
5.5 4.834567966716754e-11 5982
5.75 2.871309869581412e-11 6602
6 6.817376187317237e-12 7130
6.25 1.050031878432496e-11 8034
6.5 1.127206290976241e-11 8606
6.75 6.057833974942305e-12 9066
7 2.344685452489707e-12 9962
7.25 6.256065442984296e-13 10550
7.5 8.494824840482339e-13 11226
7.75 1.281686648864599e-12 12146
8 8.831547673951879e-13 12606
8.25 3.310139365841789e-13 13802
8.5 1.597981324161056e-13 14754
8.75 1.84036774848402e-13 15194
9 1.637588918496353e-13 16454
9.25 9.784481204326691e-14 17154
9.5 4.30795847878027e-14 18266
9.75 2.361963039212845e-14 18750
10 2.447326740891818e-14 20234
10.25 2.25778938573934e-14 21450
10.5 1.394153093771317e-14 21962
10.75 8.154160365429675e-15 23462
11 5.939821431636876e-15 24042
11.25 4.936534546945941e-15 25946
11.5 3.492645053469504e-15 26118
11.75 2.232314623668041e-15 27506
12 1.497164633766933e-15 29066
12.25 1.091797518252232e-15 30450
12.5 8.611454917420637e-16 31742
12.75 6.513475618525396e-16 32250
13 4.75376908024582e-16 34250
13.25 3.317950858826666e-16 35454
13.5 2.452255704396361e-16 36434
13.75 1.787769198869556e-16 37682
14 1.38392610179791e-16 39294
14.25 1.037889075901343e-16 41426
14.5 7.437884689868985e-17 42066
14.75 5.549284267148882e-17 43490
15 4.033619737732065e-17 45702
15.25 2.850150066546126e-17 46634
15.5 2.053857442085478e-17 48554
15.75 1.435085753460262e-17 48870
16 1.088503188147361e-17 50963
16.25 7.712458541002034e-18 51576
16.5 4.858330130242702e-18 49316
16.75 2.860873368525884e-18 49344
17 1.587688071125198e-18 47192
17.25 9.649344244126786e-19 47576
17.5 5.929634315546278e-19 45348
17.75 3.640664583385893e-19 44060
18 2.195717077908914e-19 43872
18.25 1.27782489928493e-19 41756
18.5 8.304296662543823e-20 41528
18.75 5.29922448126647e-20 39300
19 3.287462313667673e-20 38276
19.25 2.067818491455979e-20 36900
19.5 1.454429136050423e-20 34724
19.75 9.256006116147435e-21 33960
20 5.926364698497337e-21 32144
20.25 3.711732686515376e-21 30704
20.5 2.361817976516348e-21 28896
20.75 1.421667038216442e-21 26924
21 8.946625510716143e-22 25656
21.25 5.464815301303212e-22 23228
21.5 3.635338671936531e-22 21816
21.75 2.419133999847845e-22 19472
22 1.635968978010607e-22 17696
22.25 1.035701652031328e-22 15588
22.5 5.786344718068716e-23 13760
22.75 2.939443670242285e-23 11565
23 1.509515650616363e-23 10016
23.25 7.851822054994795e-24 8652
23.5 4.300635196209772e-24 7652
23.75 2.408980619437852e-24 6542
24 1.407723360043894e-24 5478
24.25 8.018395067680156e-25 4886
24.5 3.645185218159117e-25 4068
24.75 1.542749414501689e-25 3326
25 6.132186203840156e-26 2696
25.25 3.088570397379721e-26 2304
25.5 2.298028397836077e-26 1934
25.75 1.373095611926194e-26 1344
26 8.512449213051837e-27 848
26.25 6.002552746936314e-27 888
26.5 2.707256590630893e-27 584
26.75 1.027944533991578e-27 344
27 2.555977047189061e-28 102
27.25 2.116651878071701e-28 104
27.5 3.855005417865353e-29 24
27.75 6.124187551622346e-32 1

0.25 7.349181515004197e-10 18
0.5 8.722602567331168e-10 62
0.75 5.601703724286645e-10 98
1 8.367122486901967e-10 210
1.25 1.705078053177214e-09 350
1.5 3.840194043462332e-09 450
1.75 8.201487926320973e-09 602
2 8.214187723763328e-09 762
2.25 7.869967259221728e-09 1142
2.5 3.151884610263571e-09 1250
2.75 2.030083899697522e-09 1458
3 2.247959420682511e-09 1814
3.25 3.933022828939121e-09 2178
3.5 5.949177228583909e-09 2498
3.75 6.332319106513907e-09 2622
4 5.817704677014412e-09 3338
4.25 2.121813277864059e-09 3722
4.5 1.055120305010388e-09 4170
4.75 6.024889153013162e-10 4358
5 4.461432624281099e-10 5034
5.25 3.420531155181716e-10 5714
5.5 2.305591558859461e-10 5982
5.75 1.934275672274152e-10 6602
6 1.444618315737607e-10 7130
6.25 1.165421168428636e-10 8034
6.5 7.886602414285604e-11 8606
6.75 6.907916385211638e-11 9066
7 7.387572034890631e-11 9962
7.25 7.862270326266492e-11 10550
7.5 8.198401331822964e-11 11226
7.75 8.626158591864714e-11 12146
8 8.123670898787719e-11 12606
8.25 7.828241922742198e-11 13802
8.5 6.781271247259996e-11 14754
8.75 5.137567858189414e-11 15194
9 3.866647165037277e-11 16454
9.25 2.558702003859212e-11 17154
9.5 1.815810256041855e-11 18266
9.75 1.512087668243741e-11 18750
10 1.686226553120606e-11 20234
10.25 2.123963385831618e-11 21450
10.5 2.532425955491506e-11 21962
10.75 2.919876784334046e-11 23462
11 2.938256526164822e-11 24042
11.25 2.879976411278926e-11 25946
11.5 2.41709017606328e-11 26118
11.75 2.027305493253088e-11 27506
12 1.647410956120969e-11 29066
12.25 1.329443317335108e-11 30450
12.5 1.123433643133676e-11 31742
12.75 1.003764751669861e-11 32250
13 9.983742792808443e-12 34250
13.25 1.023586846458158e-11 35454
13.5 1.022060079970457e-11 36434
13.75 1.010836505949669e-11 37682
14 9.97863257449305e-12 39294
14.25 9.674474996559808e-12 41426
14.5 8.903788803229918e-12 42066
14.75 8.303218160513556e-12 43490
15 7.729883003066091e-12 45702
15.25 7.056364276910862e-12 46634
15.5 6.631232560216698e-12 48554
15.75 5.986831847555277e-12 48870
16 5.780240483613915e-12 50963
16.25 5.4631442065451e-12 51576
16.5 4.793856298260233e-12 49316
16.75 3.883373107087078e-12 49344
17 2.766191276656725e-12 47192
17.25 2.009315242477123e-12 47576
17.5 1.480415985275395e-12 45348
17.75 1.23013279491546e-12 44060
18 1.082531235095516e-12 43872
18.25 8.989379457430289e-13 41756
18.5 6.939897896631012e-13 41528
18.75 4.795271956389886e-13 39300
19 3.138425310498975e-13 38276
19.25 2.106744060139992e-13 36900
19.5 1.519396681751574e-13 34724
19.75 1.263406870852403e-13 33960
20 1.0949823689283e-13 32144
20.25 9.269031063618513e-14 30704
20.5 7.451339456226458e-14 28896
20.75 5.51200778552218e-14 26924
21 4.053201221946518e-14 25656
21.25 2.858624882210448e-14 23228
21.5 2.072876363977116e-14 21816
21.75 1.495446050926166e-14 19472
22 1.150707849495678e-14 17696
22.25 8.56273522430018e-15 15588
22.5 5.757037512350554e-15 13760
22.75 3.538095572395031e-15 11565
23 2.118265304265026e-15 10016
23.25 1.387113458287145e-15 8652
23.5 1.111951387462164e-15 7652
23.75 9.324654762822208e-16 6542
24 7.719036060746247e-16 5478
24.25 6.7152792757513e-16 4886
24.5 5.308789003114233e-16 4068
24.75 3.824170812995877e-16 3326
25 2.609110411741851e-16 2696
25.25 1.905461349803901e-16 2304
25.5 1.339967337403776e-16 1934
25.75 7.332871970996708e-17 1344
26 3.775196158622674e-17 848
26.25 3.017333761119819e-17 888
26.5 1.378117185713967e-17 584
26.75 5.339919069351345e-18 344
27 1.067599341515609e-18 102
27.25 7.982154469457242e-19 104
27.5 1.121611213317999e-19 24
27.75 3.058235190938618e-21 1

0.25 1.762402605569941e-09 18
0.5 2.100302528501134e-09 62
0.75 1.928244560553997e-09 98
1 2.606976580196678e-09 210
1.25 5.1039365929819e-09 350
1.5 8.502763861689635e-09 450
1.75 1.811291422836741e-08 602
2 3.666602695281792e-08 762
2.25 3.488145652278066e-08 1142
2.5 1.632357403391007e-08 1250
2.75 1.300475844524296e-08 1458
3 1.455914891334016e-08 1814
3.25 1.774398414054139e-08 2178
3.5 2.019222444608982e-08 2498
3.75 2.09541846031547e-08 2622
4 1.653824896502855e-08 3338
4.25 8.3269429712424e-09 3722
4.5 5.376367574983057e-09 4170
4.75 3.724912016376424e-09 4358
5 3.162877573388097e-09 5034
5.25 3.077068750704987e-09 5714
5.5 3.129324424977805e-09 5982
5.75 3.387013468098139e-09 6602
6 3.279908926559525e-09 7130
6.25 3.368420141203327e-09 8034
6.5 3.448370118437707e-09 8606
6.75 3.907654706209124e-09 9066
7 4.199607929403746e-09 9962
7.25 3.910445058015335e-09 10550
7.5 4.283054919045973e-09 11226
7.75 5.004189303647507e-09 12146
8 5.538865745489289e-09 12606
8.25 5.834140544630359e-09 13802
8.5 5.913046518286808e-09 14754
8.75 6.019828652161015e-09 15194
9 6.792985299174104e-09 16454
9.25 7.119534302854673e-09 17154
9.5 7.2931778743701e-09 18266
9.75 7.294645677695405e-09 18750
10 7.67749799740408e-09 20234
10.25 8.119851571441576e-09 21450
10.5 8.029212020838789e-09 21962
10.75 8.045998727822515e-09 23462
11 7.715151090160339e-09 24042
11.25 7.710202678631537e-09 25946
11.5 7.244836870328e-09 26118
11.75 7.184333456123518e-09 27506
12 6.865761074358515e-09 29066
12.25 6.682910158720459e-09 30450
12.5 6.40755815068513e-09 31742
12.75 6.06883513411636e-09 32250
13 6.109659611187117e-09 34250
13.25 5.896582449674488e-09 35454
13.5 5.665047182321806e-09 36434
13.75 5.601623595407284e-09 37682
14 5.543369543459827e-09 39294
14.25 5.655438537153511e-09 41426
14.5 5.624504391401027e-09 42066
14.75 5.6637717251929e-09 43490
15 5.949753346938696e-09 45702
15.25 6.065603211534674e-09 46634
15.5 6.308606951158988e-09 48554
15.75 6.434551950265008e-09 48870
16 6.498444095589923e-09 50963
16.25 6.116176107690449e-09 51576
16.5 5.442865287820868e-09 49316
16.75 4.919598744778984e-09 49344
17 4.484125744868814e-09 47192
17.25 4.209277378321046e-09 47576
17.5 3.746011922661475e-09 45348
17.75 3.429972464693378e-09 44060
18 3.131790158885761e-09 43872
18.25 2.755056540895533e-09 41756
18.5 2.47839270700622e-09 41528
18.75 2.131773216846929e-09 39300
19 1.847831210496687e-09 38276
19.25 1.588522595038407e-09 36900
19.5 1.335219393398425e-09 34724
19.75 1.114410137553069e-09 33960
20 9.396619970293149e-10 32144
20.25 7.7314341748609e-10 30704
20.5 6.361253992609508e-10 28896
20.75 5.091009943828083e-10 26924
21 4.27091159503272e-10 25656
21.25 3.397923025054661e-10 23228
21.5 2.797043677818362e-10 21816
21.75 2.238054410870939e-10 19472
22 1.816476244082688e-10 17696
22.25 1.437775963905778e-10 15588
22.5 1.02550758125851e-10 13760
22.75 6.936538969538896e-11 11565
23 5.044872506789133e-11 10016
23.25 3.9797331268983e-11 8652
23.5 3.274297412729621e-11 7652
23.75 2.734745844022326e-11 6542
24 2.267013615650837e-11 5478
24.25 1.941640291147041e-11 4886
24.5 1.547042564873594e-11 4068
24.75 1.222218989698779e-11 3326
25 9.452575636462906e-12 2696
25.25 7.399988096156914e-12 2304
25.5 5.656147561537733e-12 1934
25.75 3.58928508418577e-12 1344
26 2.207412601309758e-12 848
26.25 1.971983271879021e-12 888
26.5 1.152661800438888e-12 584
26.75 6.150683593752747e-13 344
27 1.674459411663026e-13 102
27.25 1.649178401242809e-13 104
27.5 3.507189409275685e-14 24
27.75 6.953968406420193e-17 1

0.25 2.959997043317978e-09 18
0.5 8.58617564885914e-09 62
0.75 1.160538643662518e-08 98
1 2.697232562425587e-08 210
1.25 2.948914207948248e-08 350
1.5 4.258480706891512e-08 450
1.75 6.066974138064102e-08 602
2 1.113124512198536e-07 762
2.25 1.022035272874499e-07 1142
2.5 6.323542145127306e-08 1250
2.75 4.682009492457134e-08 1458
3 4.331518020267292e-08 1814
3.25 6.115966658248941e-08 2178
3.5 6.667732114718507e-08 2498
3.75 7.090324533277557e-08 2622
4 6.724398651035735e-08 3338
4.25 4.637751993349983e-08 3722
4.5 3.003735082954497e-08 4170
4.75 1.964545867719662e-08 4358
5 2.003375790569304e-08 5034
5.25 1.962879104595258e-08 5714
5.5 1.737106927231592e-08 5982
5.75 1.800286387118263e-08 6602
6 1.60240717270883e-08 7130
6.25 1.476336612055528e-08 8034
6.5 1.438895025582086e-08 8606
6.75 1.297089157597028e-08 9066
7 1.284717606568154e-08 9962
7.25 1.178262627465741e-08 10550
7.5 1.170898996250927e-08 11226
7.75 1.194033628335649e-08 12146
8 1.090944197403813e-08 12606
8.25 1.124628314165149e-08 13802
8.5 1.151251184430867e-08 14754
8.75 1.058653495585569e-08 15194
9 1.058556835458522e-08 16454
9.25 9.912216513933906e-09 17154
9.5 9.252194738054052e-09 18266
9.75 8.74879904145743e-09 18750
10 9.279634115408004e-09 20234
10.25 9.895971109209015e-09 21450
10.5 9.251094982322884e-09 21962
10.75 8.897748007907708e-09 23462
11 8.523125347164828e-09 24042
11.25 8.84482557863524e-09 25946
11.5 8.453164273183571e-09 26118
11.75 8.45905836952103e-09 27506
12 8.457190541407836e-09 29066
12.25 8.127369219934334e-09 30450
12.5 8.298332928424835e-09 31742
12.75 8.200544887402584e-09 32250
13 8.421079160801552e-09 34250
13.25 8.376657791033731e-09 35454
13.5 8.535537062406516e-09 36434
13.75 8.780371419793288e-09 37682
14 9.183852558074064e-09 39294
14.25 9.629266824616528e-09 41426
14.5 9.883437861710908e-09 42066
14.75 1.059231313852078e-08 43490
15 1.123388832891909e-08 45702
15.25 1.181157859917746e-08 46634
15.5 1.272576573089148e-08 48554
15.75 1.34152670017771e-08 48870
16 1.4151962147296e-08 50963
16.25 1.314729772647573e-08 51576
16.5 1.13274043545073e-08 49316
16.75 1.001469628040658e-08 49344
17 8.688595214698484e-09 47192
17.25 7.962037152910931e-09 47576
17.5 7.101655495753919e-09 45348
17.75 6.378765171624327e-09 44060
18 6.001035651493631e-09 43872
18.25 5.482614241068127e-09 41756
18.5 5.086612166425934e-09 41528
18.75 4.615360886498484e-09 39300
19 4.424486646969798e-09 38276
19.25 4.157892879564342e-09 36900
19.5 3.830592793172223e-09 34724
19.75 3.67227305605746e-09 33960
20 3.511156589975991e-09 32144
20.25 3.357886189191218e-09 30704
20.5 3.273955858771918e-09 28896
20.75 3.084086737278346e-09 26924
21 2.985709896260219e-09 25656
21.25 2.787372559702904e-09 23228
21.5 2.587259475600074e-09 21816
21.75 2.305645439555509e-09 19472
22 2.044392650633403e-09 17696
22.25 1.81751156264154e-09 15588
22.5 1.529091259573608e-09 13760
22.75 1.215510317755969e-09 11565
23 1.003316567153183e-09 10016
23.25 8.297296025142018e-10 8652
23.5 6.848409198748851e-10 7652
23.75 5.852689998895591e-10 6542
24 4.69623134948013e-10 5478
24.25 4.047370051174659e-10 4886
24.5 3.255178861789139e-10 4068
24.75 2.52331516153373e-10 3326
25 1.988775696598997e-10 2696
25.25 1.590272422241677e-10 2304
25.5 1.297914785976493e-10 1934
25.75 7.942831959708573e-11 1344
26 5.360858078590105e-11 848
26.25 4.853813967161186e-11 888
26.5 3.14914502827799e-11 584
26.75 2.066657811072522e-11 344
27 4.99183685604315e-12 102
27.25 5.790740392908508e-12 104
27.5 1.29451621583451e-12 24
27.75 1.043156771833837e-15 1

0.25 5.109769583490043e-09 18
0.5 2.639145624179206e-08 62
0.75 4.90742955308879e-08 98
1 7.586788897878878e-08 210
1.25 1.011549565706795e-07 350
1.5 1.147318782812343e-07 450
1.75 1.70995828161424e-07 602
2 2.560402054592845e-07 762
2.25 2.391599698514242e-07 1142
2.5 1.708564312044855e-07 1250
2.75 1.524413505404041e-07 1458
3 1.598246971909854e-07 1814
3.25 1.710283576881587e-07 2178
3.5 1.853469378747156e-07 2498
3.75 1.751079217403717e-07 2622
4 1.703737205195059e-07 3338
4.25 1.312917904771278e-07 3722
4.5 1.030708293246045e-07 4170
4.75 9.158771087292042e-08 4358
5 7.956666280850443e-08 5034
5.25 7.686971907611251e-08 5714
5.5 7.317063818870036e-08 5982
5.75 7.242517474791688e-08 6602
6 6.897155326226869e-08 7130
6.25 7.163766340064721e-08 8034
6.5 6.691285830922629e-08 8606
6.75 6.578904130006853e-08 9066
7 6.763914834734531e-08 9962
7.25 6.284308212502522e-08 10550
7.5 6.162869139398855e-08 11226
7.75 6.590853320634739e-08 12146
8 6.089766340448027e-08 12606
8.25 6.240673698279455e-08 13802
8.5 6.319434179758428e-08 14754
8.75 6.011051240795372e-08 15194
9 6.259583955117805e-08 16454
9.25 5.915009056857902e-08 17154
9.5 6.112873391354101e-08 18266
9.75 5.936078744861027e-08 18750
10 5.943987888729812e-08 20234
10.25 5.949948247864044e-08 21450
10.5 5.679987248007231e-08 21962
10.75 5.758417890263244e-08 23462
11 5.37849078353016e-08 24042
11.25 5.527869848680137e-08 25946
11.5 5.418517162481535e-08 26118
11.75 5.579165963556465e-08 27506
12 5.457274364285917e-08 29066
12.25 5.290055767220815e-08 30450
12.5 5.16872099150595e-08 31742
12.75 5.034196439041948e-08 32250
13 5.18464635834249e-08 34250
13.25 5.08550302749534e-08 35454
13.5 5.040120326417964e-08 36434
13.75 4.93431697535694e-08 37682
14 5.002234559388257e-08 39294
14.25 5.0091856990682e-08 41426
14.5 5.019071152522207e-08 42066
14.75 5.105838079605983e-08 43490
15 5.379073633468349e-08 45702
15.25 5.45802799890818e-08 46634
15.5 5.660008851052374e-08 48554
15.75 5.705377623469262e-08 48870
16 5.715412189581197e-08 50963
16.25 5.385946477791242e-08 51576
16.5 4.629286797411327e-08 49316
16.75 4.128512718971164e-08 49344
17 3.579504034212543e-08 47192
17.25 3.258025979486491e-08 47576
17.5 2.806769462717877e-08 45348
17.75 2.463077086352761e-08 44060
18 2.259180762452628e-08 43872
18.25 1.991864489171489e-08 41756
18.5 1.822790542450164e-08 41528
18.75 1.611703483494608e-08 39300
19 1.462661787102389e-08 38276
19.25 1.340517358378758e-08 36900
19.5 1.205365933706894e-08 34724
19.75 1.114726347019936e-08 33960
20 1.021892009550988e-08 32144
20.25 9.451643499546397e-09 30704
20.5 8.741744449149351e-09 28896
20.75 7.868314036183433e-09 26924
21 7.421521244380925e-09 25656
21.25 6.803656703804679e-09 23228
21.5 6.054861104100454e-09 21816
21.75 5.382971693550284e-09 19472
22 4.748095017416423e-09 17696
22.25 4.15833106921893e-09 15588
22.5 3.364317927001725e-09 13760
22.75 2.555133348096257e-09 11565
23 2.026816963923761e-09 10016
23.25 1.615367279565286e-09 8652
23.5 1.302100826230137e-09 7652
23.75 1.11179756351897e-09 6542
24 8.694817074986113e-10 5478
24.25 7.511063812617445e-10 4886
24.5 5.880055985608493e-10 4068
24.75 5.000803058192757e-10 3326
25 3.844966601926423e-10 2696
25.25 3.195249489873494e-10 2304
25.5 2.566782475301683e-10 1934
25.75 1.596462742049697e-10 1344
26 1.089380741988151e-10 848
26.25 1.056774067840233e-10 888
26.5 7.581739168868694e-11 584
26.75 4.565515693084542e-11 344
27 1.391678046829656e-11 102
27.25 1.500486403272771e-11 104
27.5 2.70345324185405e-12 24
27.75 1.273884038993629e-14 1

0.25 1.13583258826583e-08 18
0.5 8.089187539625464e-08 62
0.75 1.253092078760545e-07 98
1 1.664029676492238e-07 210
1.25 1.960312769292651e-07 350
1.5 2.684126179970875e-07 450
1.75 4.203604087066958e-07 602
2 5.482050201331418e-07 762
2.25 5.149451496946998e-07 1142
2.5 3.657790645957439e-07 1250
2.75 3.002388317409444e-07 1458
3 3.158772620016016e-07 1814
3.25 3.416839995910355e-07 2178
3.5 3.804122918332823e-07 2498
3.75 3.625870222485529e-07 2622
4 4.284051645309135e-07 3338
4.25 3.004158568292192e-07 3722
4.5 2.521213304182532e-07 4170
4.75 1.912570315634292e-07 4358
5 1.886801450686562e-07 5034
5.25 1.768432842236004e-07 5714
5.5 1.637424370389745e-07 5982
5.75 1.619124799614646e-07 6602
6 1.483186092707324e-07 7130
6.25 1.448840768444184e-07 8034
6.5 1.452379671711727e-07 8606
6.75 1.397484592894597e-07 9066
7 1.37850402555871e-07 9962
7.25 1.31358539410056e-07 10550
7.5 1.297106902206597e-07 11226
7.75 1.30668086301388e-07 12146
8 1.261791344510837e-07 12606
8.25 1.301005782920397e-07 13802
8.5 1.298047952828934e-07 14754
8.75 1.178689018115894e-07 15194
9 1.210228382004513e-07 16454
9.25 1.172987935366058e-07 17154
9.5 1.177312170580523e-07 18266
9.75 1.123046735582294e-07 18750
10 1.123581917237528e-07 20234
10.25 1.137264140529352e-07 21450
10.5 1.082991117091038e-07 21962
10.75 1.073652086420658e-07 23462
11 1.048942755323567e-07 24042
11.25 1.06512148623471e-07 25946
11.5 9.854388929013613e-08 26118
11.75 9.837273937176957e-08 27506
12 9.624633479887111e-08 29066
12.25 9.348350522787625e-08 30450
12.5 9.250646327816069e-08 31742
12.75 8.670710612363839e-08 32250
13 8.80807681489588e-08 34250
13.25 8.620825238905859e-08 35454
13.5 8.332074529983905e-08 36434
13.75 8.236439764338477e-08 37682
14 8.122716910781663e-08 39294
14.25 8.081349625582874e-08 41426
14.5 7.674136089141726e-08 42066
14.75 7.674680953622551e-08 43490
15 7.589584995435239e-08 45702
15.25 7.568759349990539e-08 46634
15.5 7.59721793555365e-08 48554
15.75 7.586654837460134e-08 48870
16 7.511320832880619e-08 50963
16.25 6.929826111076988e-08 51576
16.5 5.909478086504123e-08 49316
16.75 5.204391500254633e-08 49344
17 4.520027775470295e-08 47192
17.25 4.125020092957469e-08 47576
17.5 3.5302119163444e-08 45348
17.75 3.197758446074533e-08 44060
18 2.913107802246762e-08 43872
18.25 2.572655737896707e-08 41756
18.5 2.364653125546808e-08 41528
18.75 2.108488836800133e-08 39300
19 1.942789566993459e-08 38276
19.25 1.817959650254098e-08 36900
19.5 1.646018423722602e-08 34724
19.75 1.54884608040719e-08 33960
20 1.442235492846827e-08 32144
20.25 1.35456604029346e-08 30704
20.5 1.258258673973287e-08 28896
20.75 1.146353796112973e-08 26924
21 1.100011236564006e-08 25656
21.25 1.003879548995768e-08 23228
21.5 9.195232017204078e-09 21816
21.75 8.304777872241034e-09 19472
22 7.450640570071381e-09 17696
22.25 6.456256947291293e-09 15588
22.5 5.246505926058086e-09 13760
22.75 4.147775058648039e-09 11565
23 3.226301565545307e-09 10016
23.25 2.576654158419626e-09 8652
23.5 2.159784747919889e-09 7652
23.75 1.706082037828588e-09 6542
24 1.381358122475938e-09 5478
24.25 1.135777958043247e-09 4886
24.5 9.19256183328602e-10 4068
24.75 7.194164794543426e-10 3326
25 5.669510817635145e-10 2696
25.25 4.515911700225573e-10 2304
25.5 3.571439977532833e-10 1934
25.75 2.277469191921388e-10 1344
26 1.401834469343012e-10 848
26.25 1.38747573144834e-10 888
26.5 9.386868028490168e-11 584
26.75 5.479152165920957e-11 344
27 1.849307465306973e-11 102
27.25 1.640107794941929e-11 104
27.5 4.170687381250015e-12 24
27.75 3.97805500035844e-14 1

0.25 2.310370688656537e-08 18
0.5 1.123731318775868e-07 62
0.75 2.124443478595897e-07 98
1 3.360103580037735e-07 210
1.25 3.966617162834485e-07 350
1.5 5.112764299644909e-07 450
1.75 7.883696649290095e-07 602
2 1.003078374696263e-06 762
2.25 9.844613845821217e-07 1142
2.5 6.854641415318974e-07 1250
2.75 6.351559168778969e-07 1458
3 6.506277095887988e-07 1814
3.25 6.859759618001328e-07 2178
3.5 7.307990535029699e-07 2498
3.75 6.770001012033622e-07 2622
4 7.513811537287412e-07 3338
4.25 5.819215299758227e-07 3722
4.5 4.979955594745693e-07 4170
4.75 4.112900211078666e-07 4358
5 3.96098901793931e-07 5034
5.25 3.899128723974295e-07 5714
5.5 3.692972867949501e-07 5982
5.75 3.573843695413118e-07 6602
6 3.362627373817875e-07 7130
6.25 3.419868625184848e-07 8034
6.5 3.375445818902465e-07 8606
6.75 3.277605950770685e-07 9066
7 3.252158651930598e-07 9962
7.25 3.117592303018843e-07 10550
7.5 3.054221850032748e-07 11226
7.75 3.105054777497002e-07 12146
8 2.964587251118809e-07 12606
8.25 2.995203929022086e-07 13802
8.5 3.042655539464368e-07 14754
8.75 2.984849695197865e-07 15194
9 2.946852059708334e-07 16454
9.25 2.824529964676299e-07 17154
9.5 2.800730477697569e-07 18266
9.75 2.70084344883648e-07 18750
10 2.702130321450895e-07 20234
10.25 2.655908761038468e-07 21450
10.5 2.510962415806371e-07 21962
10.75 2.478560505694001e-07 23462
11 2.414130530160649e-07 24042
11.25 2.373628830400633e-07 25946
11.5 2.208872659873225e-07 26118
11.75 2.184105721123305e-07 27506
12 2.146646643623142e-07 29066
12.25 2.109530895599484e-07 30450
12.5 2.035450877807073e-07 31742
12.75 1.919038966497746e-07 32250
13 1.935503432874848e-07 34250
13.25 1.883910359482092e-07 35454
13.5 1.804474196377581e-07 36434
13.75 1.735262705579117e-07 37682
14 1.713279278693918e-07 39294
14.25 1.696945897172118e-07 41426
14.5 1.628643635675493e-07 42066
14.75 1.63397704579669e-07 43490
15 1.60777133594151e-07 45702
15.25 1.578795171986026e-07 46634
15.5 1.596159910093114e-07 48554
15.75 1.564943927882521e-07 48870
16 1.517142285787094e-07 50963
16.25 1.391346420005812e-07 51576
16.5 1.183933258576324e-07 49316
16.75 1.015564646518678e-07 49344
17 8.800403778975069e-08 47192
17.25 7.833032677397807e-08 47576
17.5 6.655320344252558e-08 45348
17.75 5.812336566696228e-08 44060
18 5.191190362300077e-08 43872
18.25 4.501859542003993e-08 41756
18.5 4.087415805034854e-08 41528
18.75 3.609407849917386e-08 39300
19 3.280787176775624e-08 38276
19.25 2.975841266831775e-08 36900
19.5 2.661108887007746e-08 34724
19.75 2.512986373415396e-08 33960
20 2.288877527670916e-08 32144
20.25 2.096449699153856e-08 30704
20.5 1.921815855325125e-08 28896
20.75 1.72012070845743e-08 26924
21 1.628820317350958e-08 25656
21.25 1.448063424828966e-08 23228
21.5 1.333235032614214e-08 21816
21.75 1.143958028815185e-08 19472
22 1.007604250102501e-08 17696
22.25 8.839181986850486e-09 15588
22.5 7.051590681002162e-09 13760
22.75 5.309737423434464e-09 11565
23 4.045400015376671e-09 10016
23.25 3.181341559667384e-09 8652
23.5 2.597494594583378e-09 7652
23.75 2.071725726385106e-09 6542
24 1.624725342494014e-09 5478
24.25 1.346852510275724e-09 4886
24.5 1.086203767459771e-09 4068
24.75 8.97240471258596e-10 3326
25 7.033184036494373e-10 2696
25.25 5.786975382992887e-10 2304
25.5 4.601008237275052e-10 1934
25.75 3.004517514942574e-10 1344
26 1.819882632937949e-10 848
26.25 1.718479322358741e-10 888
26.5 1.14081546385822e-10 584
26.75 6.11506548147505e-11 344
27 2.125131655758395e-11 102
27.25 2.198248368513512e-11 104
27.5 3.031037212366961e-12 24
27.75 1.038124835109991e-14 1

0.25 3.809311093137602e-08 18
0.5 2.181556636046492e-07 62
0.75 3.240466098970699e-07 98
1 4.331651907553958e-07 210
1.25 6.167972163434196e-07 350
1.5 7.694338697139528e-07 450
1.75 1.111417677623814e-06 602
2 1.588999232580446e-06 762
2.25 1.364762426325205e-06 1142
2.5 1.023024342298663e-06 1250
2.75 9.517600428289738e-07 1458
3 1.01288588171523e-06 1814
3.25 1.054695648733846e-06 2178
3.5 1.137651955610033e-06 2498
3.75 1.067360936232222e-06 2622
4 1.154660050716142e-06 3338
4.25 9.152478795116937e-07 3722
4.5 7.918033101666486e-07 4170
4.75 6.380030852050752e-07 4358
5 6.533011357651485e-07 5034
5.25 6.117876855921419e-07 5714
5.5 5.634717731486412e-07 5982
5.75 5.661025650745988e-07 6602
6 5.380403606644511e-07 7130
6.25 5.336371966347574e-07 8034
6.5 5.308045040592048e-07 8606
6.75 5.076414916609018e-07 9066
7 5.158378020845517e-07 9962
7.25 4.93966985991187e-07 10550
7.5 4.957371620742046e-07 11226
7.75 4.831270400984222e-07 12146
8 4.655720986786769e-07 12606
8.25 4.796267058366823e-07 13802
8.5 4.774901847247748e-07 14754
8.75 4.588141646200827e-07 15194
9 4.54775835659986e-07 16454
9.25 4.412285889677296e-07 17154
9.5 4.348316958964808e-07 18266
9.75 4.140695966295296e-07 18750
10 4.083188621551931e-07 20234
10.25 4.153899444434112e-07 21450
10.5 3.838429524361171e-07 21962
10.75 3.807255758160326e-07 23462
11 3.63261680590289e-07 24042
11.25 3.630544741332008e-07 25946
11.5 3.373825131172224e-07 26118
11.75 3.278403194010522e-07 27506
12 3.237140753148673e-07 29066
12.25 3.116739271339482e-07 30450
12.5 2.992895988926044e-07 31742
12.75 2.814490320766029e-07 32250
13 2.784798317768891e-07 34250
13.25 2.711152580136213e-07 35454
13.5 2.59310016289902e-07 36434
13.75 2.417456730244935e-07 37682
14 2.363483885532887e-07 39294
14.25 2.285657740545331e-07 41426
14.5 2.193698458795263e-07 42066
14.75 2.119519590196881e-07 43490
15 2.069301063520093e-07 45702
15.25 2.016305001277215e-07 46634
15.5 2.008149903432291e-07 48554
15.75 1.939862841310158e-07 48870
16 1.909043106183019e-07 50963
16.25 1.74573058304374e-07 51576
16.5 1.43431033584157e-07 49316
16.75 1.25314398264853e-07 49344
17 1.078344677093151e-07 47192
17.25 9.543721520962608e-08 47576
17.5 8.123577535223876e-08 45348
17.75 7.110288004193822e-08 44060
18 6.399266688780529e-08 43872
18.25 5.507570399543647e-08 41756
18.5 4.956997721668698e-08 41528
18.75 4.373561841372005e-08 39300
19 3.933300996979494e-08 38276
19.25 3.589721470283507e-08 36900
19.5 3.233427712501082e-08 34724
19.75 2.990720140677402e-08 33960
20 2.674717794166101e-08 32144
20.25 2.440802230328183e-08 30704
20.5 2.231325510401203e-08 28896
20.75 1.995586550066885e-08 26924
21 1.871099505119349e-08 25656
21.25 1.703875390865831e-08 23228
21.5 1.529579142277289e-08 21816
21.75 1.338498601561319e-08 19472
22 1.18041696491866e-08 17696
22.25 1.005443200252897e-08 15588
22.5 8.171996564414838e-09 13760
22.75 6.092335981820778e-09 11565
23 4.654352793354241e-09 10016
23.25 3.673001328997561e-09 8652
23.5 2.969237540131425e-09 7652
23.75 2.395989272954828e-09 6542
24 1.903173054056774e-09 5478
24.25 1.556752735990436e-09 4886
24.5 1.224693744395585e-09 4068
24.75 1.001965041257696e-09 3326
25 7.700593579099982e-10 2696
25.25 6.504019373843796e-10 2304
25.5 5.414313069814498e-10 1934
25.75 3.48329062925783e-10 1344
26 2.374192784803887e-10 848
26.25 2.147618984969112e-10 888
26.5 1.376362695891479e-10 584
26.75 8.418336910543296e-11 344
27 3.217212842937778e-11 102
27.25 2.924873589823521e-11 104
27.5 4.715195704789871e-12 24
27.75 8.389798360723281e-15 1

0.25 6.255051689764761e-08 18
0.5 2.911381537404027e-07 62
0.75 3.739093733847868e-07 98
1 6.445122321589711e-07 210
1.25 8.716216186787026e-07 350
1.5 1.034039451706751e-06 450
1.75 1.490130532254021e-06 602
2 2.056719762305984e-06 762
2.25 1.843722258443181e-06 1142
2.5 1.498157395935433e-06 1250
2.75 1.334948734290175e-06 1458
3 1.52414234396916e-06 1814
3.25 1.522385496665278e-06 2178
3.5 1.620118756979409e-06 2498
3.75 1.474926020462723e-06 2622
4 1.542448742987954e-06 3338
4.25 1.307398814004472e-06 3722
4.5 1.147898391766738e-06 4170
4.75 9.863595961332114e-07 4358
5 9.900028002362301e-07 5034
5.25 9.726946036761074e-07 5714
5.5 9.15591192976995e-07 5982
5.75 9.026048154584801e-07 6602
6 8.651734990261473e-07 7130
6.25 8.742945291277316e-07 8034
6.5 8.563009111555664e-07 8606
6.75 8.377404734083328e-07 9066
7 8.346959512661409e-07 9962
7.25 8.2101137097836e-07 10550
7.5 8.098035171582158e-07 11226
7.75 7.871534751221134e-07 12146
8 7.749558174921428e-07 12606
8.25 7.897704250650552e-07 13802
8.5 7.916601161943761e-07 14754
8.75 7.476279966498165e-07 15194
9 7.569578729259471e-07 16454
9.25 7.362900567229012e-07 17154
9.5 7.33629849059537e-07 18266
9.75 6.913892034670301e-07 18750
10 6.782128550734986e-07 20234
10.25 6.706223373792799e-07 21450
10.5 6.301236648829361e-07 21962
10.75 6.235635845606105e-07 23462
11 5.934518531964632e-07 24042
11.25 5.946154033827256e-07 25946
11.5 5.36784709818197e-07 26118
11.75 5.269490776781409e-07 27506
12 5.178363737197183e-07 29066
12.25 4.878859824121419e-07 30450
12.5 4.722490542447813e-07 31742
12.75 4.350318735824203e-07 32250
13 4.258199321788007e-07 34250
13.25 4.111425721061049e-07 35454
13.5 3.910825070091246e-07 36434
13.75 3.647679375987622e-07 37682
14 3.583442163353538e-07 39294
14.25 3.458391264637128e-07 41426
14.5 3.244495697495215e-07 42066
14.75 3.165680878775412e-07 43490
15 3.120825404624369e-07 45702
15.25 3.021612488649044e-07 46634
15.5 2.983015831477635e-07 48554
15.75 2.85662249821891e-07 48870
16 2.795975073837216e-07 50963
16.25 2.544333975117354e-07 51576
16.5 2.08842229723578e-07 49316
16.75 1.824260825467993e-07 49344
17 1.542486341307379e-07 47192
17.25 1.357784801155555e-07 47576
17.5 1.141656175703161e-07 45348
17.75 9.949462882783065e-08 44060
18 8.849735686775648e-08 43872
18.25 7.564879314975075e-08 41756
18.5 6.781257696554555e-08 41528
18.75 5.922021991116448e-08 39300
19 5.274560534816764e-08 38276
19.25 4.747952923741061e-08 36900
19.5 4.179866618328949e-08 34724
19.75 3.793582933095055e-08 33960
20 3.452516855984846e-08 32144
20.25 3.05658752010932e-08 30704
20.5 2.779680908632817e-08 28896
20.75 2.457677542257852e-08 26924
21 2.285165476893088e-08 25656
21.25 2.026368816248995e-08 23228
21.5 1.840140251378369e-08 21816
21.75 1.591637213018271e-08 19472
22 1.407220819425293e-08 17696
22.25 1.169835663334165e-08 15588
22.5 9.533957158388483e-09 13760
22.75 6.953029519719378e-09 11565
23 5.324589570880172e-09 10016
23.25 4.236946084901502e-09 8652
23.5 3.40989777229455e-09 7652
23.75 2.630608114376474e-09 6542
24 2.177237015344361e-09 5478
24.25 1.73096443587106e-09 4886
24.5 1.415704447699285e-09 4068
24.75 1.114999248713049e-09 3326
25 8.792514941317535e-10 2696
25.25 7.02965577802333e-10 2304
25.5 6.027208595823442e-10 1934
25.75 4.192719408771966e-10 1344
26 2.741480468332569e-10 848
26.25 2.515354210973759e-10 888
26.5 1.523083326260463e-10 584
26.75 9.240217908045012e-11 344
27 3.504714489381853e-11 102
27.25 2.908360387157585e-11 104
27.5 4.519049610365097e-12 24
27.75 5.950793424638002e-15 1

0.25 1.035755420250378e-07 18
0.5 4.222846828772359e-07 62
0.75 5.533491078094845e-07 98
1 6.777801750135175e-07 210
1.25 9.993035419515392e-07 350
1.5 1.275409105296745e-06 450
1.75 1.838887905078065e-06 602
2 2.371161393084918e-06 762
2.25 2.252972999503811e-06 1142
2.5 1.727182322704539e-06 1250
2.75 1.537203907574267e-06 1458
3 1.716064171412029e-06 1814
3.25 1.84213459707401e-06 2178
3.5 1.981121362051603e-06 2498
3.75 1.824943442166586e-06 2622
4 1.891052035569939e-06 3338
4.25 1.600141447219829e-06 3722
4.5 1.432332139826e-06 4170
4.75 1.228869194528301e-06 4358
5 1.202761154897801e-06 5034
5.25 1.217257033248219e-06 5714
5.5 1.13120422661134e-06 5982
5.75 1.144407982480518e-06 6602
6 1.082257406630603e-06 7130
6.25 1.12150364627477e-06 8034
6.5 1.079785916543663e-06 8606
6.75 1.017938909756655e-06 9066
7 1.059744737264025e-06 9962
7.25 1.035541958376932e-06 10550
7.5 1.033673974995508e-06 11226
7.75 1.016120562423775e-06 12146
8 9.849339921375638e-07 12606
8.25 1.002599297684477e-06 13802
8.5 9.961896049366677e-07 14754
8.75 9.374924318950594e-07 15194
9 9.395902592890732e-07 16454
9.25 9.088266100392848e-07 17154
9.5 9.029258614305887e-07 18266
9.75 8.46027772771795e-07 18750
10 8.329070891669327e-07 20234
10.25 8.279120583148031e-07 21450
10.5 7.535530290961927e-07 21962
10.75 7.570244157633153e-07 23462
11 7.269534930014262e-07 24042
11.25 7.158585335261766e-07 25946
11.5 6.523151799285045e-07 26118
11.75 6.310733026489782e-07 27506
12 6.040772556265157e-07 29066
12.25 5.85166256350703e-07 30450
12.5 5.619221386682762e-07 31742
12.75 5.203577789459433e-07 32250
13 5.012373474308723e-07 34250
13.25 4.812391807237041e-07 35454
13.5 4.532781952938444e-07 36434
13.75 4.298183959935512e-07 37682
14 4.142856558847909e-07 39294
14.25 3.983721712384566e-07 41426
14.5 3.743469650617413e-07 42066
14.75 3.627639300151288e-07 43490
15 3.591004921895663e-07 45702
15.25 3.456655226780413e-07 46634
15.5 3.360815297942131e-07 48554
15.75 3.236421175831891e-07 48870
16 3.151757953051142e-07 50963
16.25 2.873862322014812e-07 51576
16.5 2.382655709605333e-07 49316
16.75 2.051604232430041e-07 49344
17 1.736182504252815e-07 47192
17.25 1.529579298033871e-07 47576
17.5 1.287481502951195e-07 45348
17.75 1.129570663436612e-07 44060
18 1.002989055992629e-07 43872
18.25 8.546231202188729e-08 41756
18.5 7.539106111040354e-08 41528
18.75 6.474084680423398e-08 39300
19 5.77592837794485e-08 38276
19.25 5.205846401499756e-08 36900
19.5 4.60923485304553e-08 34724
19.75 4.153333959386117e-08 33960
20 3.763977628948651e-08 32144
20.25 3.379687268656713e-08 30704
20.5 3.028566193254696e-08 28896
20.75 2.707085958329227e-08 26924
21 2.485246570489431e-08 25656
21.25 2.20805177064445e-08 23228
21.5 1.972380967786722e-08 21816
21.75 1.736564830009101e-08 19472
22 1.520225742163186e-08 17696
22.25 1.263349913665378e-08 15588
22.5 1.017067537688384e-08 13760
22.75 7.4558005135806e-09 11565
23 5.789797007675355e-09 10016
23.25 4.537351721713974e-09 8652
23.5 3.593925064696385e-09 7652
23.75 2.856257697062659e-09 6542
24 2.190323474617221e-09 5478
24.25 1.829506248409811e-09 4886
24.5 1.481375954149445e-09 4068
24.75 1.159069746401298e-09 3326
25 9.039768209657424e-10 2696
25.25 7.393469871363528e-10 2304
25.5 5.926987740257445e-10 1934
25.75 4.056892884340148e-10 1344
26 2.869817516559925e-10 848
26.25 2.582485733045129e-10 888
26.5 1.591394785481511e-10 584
26.75 9.661801506193701e-11 344
27 3.270547655556946e-11 102
27.25 3.206292032226207e-11 104
27.5 4.826431458539789e-12 24
27.75 5.372725009278259e-15 1

0.25 1.373694113845373e-07 18
0.5 4.841769181871567e-07 62
0.75 6.813727524458417e-07 98
1 7.327803988810621e-07 210
1.25 1.131588201967432e-06 350
1.5 1.402242139124991e-06 450
1.75 2.102341664005311e-06 602
2 2.704840377746704e-06 762
2.25 2.683169856585893e-06 1142
2.5 2.032704533507277e-06 1250
2.75 1.932890432263772e-06 1458
3 2.095801874054538e-06 1814
3.25 2.151292473756862e-06 2178
3.5 2.401302853475463e-06 2498
3.75 2.095873120483604e-06 2622
4 2.246527066716348e-06 3338
4.25 1.902230669251168e-06 3722
4.5 1.6970401358126e-06 4170
4.75 1.509645687627107e-06 4358
5 1.492449960246013e-06 5034
5.25 1.48831545774483e-06 5714
5.5 1.405248753382095e-06 5982
5.75 1.42459959841022e-06 6602
6 1.373028718032968e-06 7130
6.25 1.410068964184338e-06 8034
6.5 1.391821227987263e-06 8606
6.75 1.348622522549964e-06 9066
7 1.363439240365525e-06 9962
7.25 1.329486632785549e-06 10550
7.5 1.334329099147229e-06 11226
7.75 1.327282022192957e-06 12146
8 1.282912559145913e-06 12606
8.25 1.310357978478994e-06 13802
8.5 1.284941798318564e-06 14754
8.75 1.224137587937848e-06 15194
9 1.223798213200872e-06 16454
9.25 1.185802194269975e-06 17154
9.5 1.162565456796878e-06 18266
9.75 1.108062709393176e-06 18750
10 1.093394728143958e-06 20234
10.25 1.057075448192381e-06 21450
10.5 9.910180761524933e-07 21962
10.75 9.852092430256099e-07 23462
11 9.229054301347406e-07 24042
11.25 9.340669643907541e-07 25946
11.5 8.403526223297534e-07 26118
11.75 8.171219520925668e-07 27506
12 7.828991534160473e-07 29066
12.25 7.429287627307359e-07 30450
12.5 7.170015185118608e-07 31742
12.75 6.606642368239664e-07 32250
13 6.36772211804332e-07 34250
13.25 6.119649807773955e-07 35454
13.5 5.765936363053102e-07 36434
13.75 5.438726298471876e-07 37682
14 5.201957260696574e-07 39294
14.25 5.050679851318074e-07 41426
14.5 4.753251454343442e-07 42066
14.75 4.579312542380756e-07 43490
15 4.524480107615279e-07 45702
15.25 4.397402900842247e-07 46634
15.5 4.274167673256995e-07 48554
15.75 4.110363477348933e-07 48870
16 3.973097034746336e-07 50963
16.25 3.657327486049254e-07 51576
16.5 2.964137730928415e-07 49316
16.75 2.587698507563476e-07 49344
17 2.167294823820151e-07 47192
17.25 1.897368216789787e-07 47576
17.5 1.597151187099316e-07 45348
17.75 1.373183645488769e-07 44060
18 1.204452971184507e-07 43872
18.25 1.036962225399347e-07 41756
18.5 9.150827247137531e-08 41528
18.75 7.901907799186425e-08 39300
19 6.985647321297203e-08 38276
19.25 6.276607927228621e-08 36900
19.5 5.484628577469575e-08 34724
19.75 4.889461040259582e-08 33960
20 4.393941533142738e-08 32144
20.25 3.909775972313152e-08 30704
20.5 3.464224833111702e-08 28896
20.75 3.088613671803901e-08 26924
21 2.864244943103942e-08 25656
21.25 2.483716576192322e-08 23228
21.5 2.235081049470541e-08 21816
21.75 1.958155078668293e-08 19472
22 1.700220456256688e-08 17696
22.25 1.41892758878252e-08 15588
22.5 1.159516276990892e-08 13760
22.75 8.381253506117172e-09 11565
23 6.433815911033516e-09 10016
23.25 5.015919233822555e-09 8652
23.5 3.93037066277817e-09 7652
23.75 3.03420719759689e-09 6542
24 2.463233888591887e-09 5478
24.25 1.963220585911304e-09 4886
24.5 1.602868949825531e-09 4068
24.75 1.212016349663142e-09 3326
25 9.883233929414329e-10 2696
25.25 7.716895688513772e-10 2304
25.5 6.332502316108526e-10 1934
25.75 4.209151938866242e-10 1344
26 3.040444994422127e-10 848
26.25 2.81225420230656e-10 888
26.5 1.699488267206177e-10 584
26.75 1.051872158461403e-10 344
27 3.32148136830127e-11 102
27.25 3.166197465685811e-11 104
27.5 5.594336798045719e-12 24
27.75 5.552264777980577e-16 1

0.25 2.475105533484224e-07 18
0.5 4.674224184117842e-07 62
0.75 6.367717579044786e-07 98
1 8.815344457159789e-07 210
1.25 1.25146696906802e-06 350
1.5 1.645071798041301e-06 450
1.75 2.366725912581139e-06 602
2 2.911058062787738e-06 762
2.25 2.81368717159882e-06 1142
2.5 2.20573462712836e-06 1250
2.75 2.034838199904104e-06 1458
3 2.292598381237219e-06 1814
3.25 2.532617940886894e-06 2178
3.5 2.666791299785039e-06 2498
3.75 2.385944290706265e-06 2622
4 2.50124342477996e-06 3338
4.25 2.144414014647198e-06 3722
4.5 1.944739277961592e-06 4170
4.75 1.741640399023688e-06 4358
5 1.742864230386638e-06 5034
5.25 1.720130464864017e-06 5714
5.5 1.628357635928184e-06 5982
5.75 1.647381295236309e-06 6602
6 1.572316977604581e-06 7130
6.25 1.668211143300974e-06 8034
6.5 1.591097452526292e-06 8606
6.75 1.523851979646619e-06 9066
7 1.575409833413729e-06 9962
7.25 1.499738510870772e-06 10550
7.5 1.542300292468984e-06 11226
7.75 1.540178066149339e-06 12146
8 1.477707968245605e-06 12606
8.25 1.495078806299926e-06 13802
8.5 1.489522186712008e-06 14754
8.75 1.434509522088249e-06 15194
9 1.422454130525817e-06 16454
9.25 1.379342377864496e-06 17154
9.5 1.35456430972539e-06 18266
9.75 1.263747978612121e-06 18750
10 1.237560876774371e-06 20234
10.25 1.23328173328064e-06 21450
10.5 1.127560369797478e-06 21962
10.75 1.123999550735128e-06 23462
11 1.052324130587893e-06 24042
11.25 1.048331819976127e-06 25946
11.5 9.54474357536802e-07 26118
11.75 9.241079348337262e-07 27506
12 8.856913616443418e-07 29066
12.25 8.480929872398131e-07 30450
12.5 8.103643007228353e-07 31742
12.75 7.424289889903405e-07 32250
13 7.215397555188893e-07 34250
13.25 6.870063081884406e-07 35454
13.5 6.469505390637731e-07 36434
13.75 6.106084099854098e-07 37682
14 5.886045199503729e-07 39294
14.25 5.691561303611532e-07 41426
14.5 5.339673667992431e-07 42066
14.75 5.107266788370294e-07 43490
15 4.99643164376166e-07 45702
15.25 4.826464595999743e-07 46634
15.5 4.722898786668223e-07 48554
15.75 4.544013540801552e-07 48870
16 4.413165175126297e-07 50963
16.25 4.035127347164129e-07 51576
16.5 3.315572590705908e-07 49316
16.75 2.860681776494684e-07 49344
17 2.383391648411335e-07 47192
17.25 2.102899377093692e-07 47576
17.5 1.740887095383245e-07 45348
17.75 1.515242753477536e-07 44060
18 1.325968497726872e-07 43872
18.25 1.141657124911844e-07 41756
18.5 9.981344771040409e-08 41528
18.75 8.613733996599443e-08 39300
19 7.567049008085223e-08 38276
19.25 6.72195618492845e-08 36900
19.5 5.794989920813227e-08 34724
19.75 5.290520016422321e-08 33960
20 4.635498532495762e-08 32144
20.25 4.214613985365168e-08 30704
20.5 3.780952642605254e-08 28896
20.75 3.320468154616901e-08 26924
21 3.057567281086398e-08 25656
21.25 2.652303514471382e-08 23228
21.5 2.420347934725678e-08 21816
21.75 2.059207259777089e-08 19472
22 1.836752303047104e-08 17696
22.25 1.508571408005687e-08 15588
22.5 1.209332268216543e-08 13760
22.75 8.760938094921617e-09 11565
23 6.756042092674072e-09 10016
23.25 5.225587052738843e-09 8652
23.5 4.171930519491581e-09 7652
23.75 3.195122503401629e-09 6542
24 2.592771979324432e-09 5478
24.25 2.160357923652217e-09 4886
24.5 1.687907856312357e-09 4068
24.75 1.334639904451453e-09 3326
25 1.036713549860899e-09 2696
25.25 8.182673065754504e-10 2304
25.5 6.505172720007488e-10 1934
25.75 4.494800307053221e-10 1344
26 2.937898363523361e-10 848
26.25 2.924803109942723e-10 888
26.5 1.888940043592606e-10 584
26.75 1.064725517669797e-10 344
27 3.382293865730318e-11 102
27.25 3.235982071984213e-11 104
27.5 6.66067452497077e-12 24
27.75 1.873021062522168e-14 1

0.25 3.374921131038138e-07 18
0.5 5.606338007195637e-07 62
0.75 6.428437397658139e-07 98
1 8.949806194842607e-07 210
1.25 1.35298751530846e-06 350
1.5 1.693511493950137e-06 450
1.75 2.495226305786295e-06 602
2 3.092958520284509e-06 762
2.25 3.010740466725833e-06 1142
2.5 2.381846506399116e-06 1250
2.75 2.22670655684622e-06 1458
3 2.530818639135532e-06 1814
3.25 2.739341189810726e-06 2178
3.5 2.804778750858281e-06 2498
3.75 2.580904390614452e-06 2622
4 2.687266253868581e-06 3338
4.25 2.332151706252803e-06 3722
4.5 2.135850405070431e-06 4170
4.75 1.913029157741734e-06 4358
5 1.925240804557171e-06 5034
5.25 1.950556536097382e-06 5714
5.5 1.791821796614357e-06 5982
5.75 1.826079922938543e-06 6602
6 1.782456002932125e-06 7130
6.25 1.853635318804107e-06 8034
6.5 1.800361798571156e-06 8606
6.75 1.728365331041264e-06 9066
7 1.790063801302112e-06 9962
7.25 1.709026339822401e-06 10550
7.5 1.761063641085704e-06 11226
7.75 1.756567491449101e-06 12146
8 1.693979952587526e-06 12606
8.25 1.705532788135073e-06 13802
8.5 1.719207150957286e-06 14754
8.75 1.626842233817529e-06 15194
9 1.602936525735323e-06 16454
9.25 1.557887078030623e-06 17154
9.5 1.544244634862162e-06 18266
9.75 1.437443286881032e-06 18750
10 1.409401767188752e-06 20234
10.25 1.419506050547149e-06 21450
10.5 1.30653036495917e-06 21962
10.75 1.281362785411767e-06 23462
11 1.204510976485033e-06 24042
11.25 1.193803194819025e-06 25946
11.5 1.089614052363404e-06 26118
11.75 1.061268013879903e-06 27506
12 1.010518992550382e-06 29066
12.25 9.761313920000824e-07 30450
12.5 9.154644140182568e-07 31742
12.75 8.557500281865638e-07 32250
13 8.368735329596326e-07 34250
13.25 7.923649938438331e-07 35454
13.5 7.360042671530908e-07 36434
13.75 6.873457107917929e-07 37682
14 6.762141025293864e-07 39294
14.25 6.504011992390881e-07 41426
14.5 6.062753394895223e-07 42066
14.75 5.809946636522788e-07 43490
15 5.785645470535878e-07 45702
15.25 5.553617215880777e-07 46634
15.5 5.479537821479453e-07 48554
15.75 5.288646331894095e-07 48870
16 5.128795423890886e-07 50963
16.25 4.653467399228939e-07 51576
16.5 3.817200547049382e-07 49316
16.75 3.277263281896296e-07 49344
17 2.751283935164665e-07 47192
17.25 2.440557450283905e-07 47576
17.5 2.016064538022571e-07 45348
17.75 1.749396636566819e-07 44060
18 1.522701542709192e-07 43872
18.25 1.314188349346105e-07 41756
18.5 1.148579913634044e-07 41528
18.75 9.800348573800114e-08 39300
19 8.61293662701688e-08 38276
19.25 7.570248691906954e-08 36900
19.5 6.604106227589923e-08 34724
19.75 5.963452422362904e-08 33960
20 5.313208561475938e-08 32144
20.25 4.697785189616822e-08 30704
20.5 4.174539906447504e-08 28896
20.75 3.689334786049123e-08 26924
21 3.396929419726825e-08 25656
21.25 2.920620976603737e-08 23228
21.5 2.635713124107108e-08 21816
21.75 2.279338156720457e-08 19472
22 1.98647761062861e-08 17696
22.25 1.654215183128026e-08 15588
22.5 1.31603663714123e-08 13760
22.75 9.571635008847195e-09 11565
23 7.248872841390564e-09 10016
23.25 5.628377912593245e-09 8652
23.5 4.379963471418725e-09 7652
23.75 3.487340103803548e-09 6542
24 2.789790031970699e-09 5478
24.25 2.218030903906726e-09 4886
24.5 1.713200468186146e-09 4068
24.75 1.353960420060603e-09 3326
25 1.02324122588582e-09 2696
25.25 8.520625858181332e-10 2304
25.5 6.844948829405061e-10 1934
25.75 4.702818244727354e-10 1344
26 3.000357766828473e-10 848
26.25 3.033903108493763e-10 888
26.5 1.936105797668021e-10 584
26.75 1.120495876115001e-10 344
27 3.641910806456466e-11 102
27.25 2.734692044558866e-11 104
27.5 6.337902933360232e-12 24
27.75 2.453140342440353e-14 1

0.25 2.480808597668362e-07 18
0.5 7.035121621030743e-07 62
0.75 7.26946548846944e-07 98
1 1.01486812453464e-06 210
1.25 1.379209072716884e-06 350
1.5 1.803115167637605e-06 450
1.75 2.789119043719542e-06 602
2 3.216066315066006e-06 762
2.25 3.129685141860344e-06 1142
2.5 2.512855139061633e-06 1250
2.75 2.356430342440566e-06 1458
3 2.722113644499194e-06 1814
3.25 2.90854638491007e-06 2178
3.5 3.149694583619778e-06 2498
3.75 2.832651371149526e-06 2622
4 2.865722809757674e-06 3338
4.25 2.518888727387518e-06 3722
4.5 2.368466093495831e-06 4170
4.75 2.097242160362516e-06 4358
5 2.205439976067518e-06 5034
5.25 2.177643362674378e-06 5714
5.5 1.971571964290672e-06 5982
5.75 2.035525598796796e-06 6602
6 1.98201328383699e-06 7130
6.25 2.037156549442548e-06 8034
6.5 2.014312424694857e-06 8606
6.75 1.961425356361359e-06 9066
7 2.009056761521484e-06 9962
7.25 1.948989853491865e-06 10550
7.5 1.982901679681649e-06 11226
7.75 2.022755228241817e-06 12146
8 1.91337078896515e-06 12606
8.25 1.927492199981298e-06 13802
8.5 1.924862142210354e-06 14754
8.75 1.832275465030859e-06 15194
9 1.82418738776102e-06 16454
9.25 1.788516448625259e-06 17154
9.5 1.786215510223151e-06 18266
9.75 1.636549909005909e-06 18750
10 1.624357401594756e-06 20234
10.25 1.601031088720923e-06 21450
10.5 1.487574590259874e-06 21962
10.75 1.462692254224668e-06 23462
11 1.377044529503262e-06 24042
11.25 1.36973577127765e-06 25946
11.5 1.246312514228912e-06 26118
11.75 1.213130410658202e-06 27506
12 1.160263678845657e-06 29066
12.25 1.098935830369423e-06 30450
12.5 1.046724963136669e-06 31742
12.75 9.679710234261559e-07 32250
13 9.39910258806214e-07 34250
13.25 8.906240230894783e-07 35454
13.5 8.436547627283973e-07 36434
13.75 7.841388539603864e-07 37682
14 7.559582750537243e-07 39294
14.25 7.436707422083778e-07 41426
14.5 6.880440472717968e-07 42066
14.75 6.643672444069158e-07 43490
15 6.513871012655485e-07 45702
15.25 6.264690368779719e-07 46634
15.5 6.2473039853221e-07 48554
15.75 5.95534911618817e-07 48870
16 5.833499830661817e-07 50963
16.25 5.262971488322716e-07 51576
16.5 4.323781220643768e-07 49316
16.75 3.694308955500736e-07 49344
17 3.119906643605501e-07 47192
17.25 2.751474357945983e-07 47576
17.5 2.266755277676867e-07 45348
17.75 1.973762916636943e-07 44060
18 1.706262027640392e-07 43872
18.25 1.469020263686597e-07 41756
18.5 1.280191425951331e-07 41528
18.75 1.089620851310012e-07 39300
19 9.595078932475083e-08 38276
19.25 8.292620163236863e-08 36900
19.5 7.289326644142644e-08 34724
19.75 6.529648109285418e-08 33960
20 5.863700350558036e-08 32144
20.25 5.074383480194303e-08 30704
20.5 4.56112058877418e-08 28896
20.75 3.978145595945184e-08 26924
21 3.638727546170932e-08 25656
21.25 3.18887745357617e-08 23228
21.5 2.831413236642257e-08 21816
21.75 2.490347112087675e-08 19472
22 2.103854379056498e-08 17696
22.25 1.797190655925782e-08 15588
22.5 1.403097306476321e-08 13760
22.75 1.005670981887529e-08 11565
23 8.029928305812239e-09 10016
23.25 5.785869489165962e-09 8652
23.5 4.779429817766058e-09 7652
23.75 3.693308054595699e-09 6542
24 2.886721807323028e-09 5478
24.25 2.379022082985711e-09 4886
24.5 1.85020273537799e-09 4068
24.75 1.429400283236504e-09 3326
25 1.16658699820862e-09 2696
25.25 9.235336263851573e-10 2304
25.5 7.208536368101815e-10 1934
25.75 4.900224098600739e-10 1344
26 3.297980494254431e-10 848
26.25 3.119664981635022e-10 888
26.5 2.019979872458779e-10 584
26.75 1.146607754679432e-10 344
27 3.761986026851435e-11 102
27.25 2.923992698241307e-11 104
27.5 7.683819379359482e-12 24
27.75 3.633484781613511e-14 1

0.25 4.845442152778479e-07 18
0.5 6.391186037379913e-07 62
0.75 7.205008540243669e-07 98
1 8.967706794362613e-07 210
1.25 1.413096455485665e-06 350
1.5 1.900409894823565e-06 450
1.75 2.824133000248857e-06 602
2 3.265826232458106e-06 762
2.25 3.136725415669696e-06 1142
2.5 2.586213862133207e-06 1250
2.75 2.491619303148471e-06 1458
3 2.637778672141331e-06 1814
3.25 3.03155742347861e-06 2178
3.5 3.084462490581808e-06 2498
3.75 2.90536415491705e-06 2622
4 2.954243325953929e-06 3338
4.25 2.657655225730882e-06 3722
4.5 2.46376696973873e-06 4170
4.75 2.202265925835229e-06 4358
5 2.232822544837857e-06 5034
5.25 2.261231110702396e-06 5714
5.5 2.134298752713062e-06 5982
5.75 2.154410300920428e-06 6602
6 2.068261003011782e-06 7130
6.25 2.22226003941256e-06 8034
6.5 2.110701673371414e-06 8606
6.75 2.063311580678575e-06 9066
7 2.094310735258354e-06 9962
7.25 2.057744051189509e-06 10550
7.5 2.074147825371345e-06 11226
7.75 2.127609767696226e-06 12146
8 2.006781506531943e-06 12606
8.25 2.040643680116256e-06 13802
8.5 2.00928032508986e-06 14754
8.75 1.934149603524877e-06 15194
9 1.933737242224832e-06 16454
9.25 1.856409354353119e-06 17154
9.5 1.855364605781263e-06 18266
9.75 1.724567437448758e-06 18750
10 1.703546699975263e-06 20234
10.25 1.680801890659628e-06 21450
10.5 1.560343699646523e-06 21962
10.75 1.519207616476473e-06 23462
11 1.440192692931632e-06 24042
11.25 1.435905774101431e-06 25946
11.5 1.297159845708823e-06 26118
11.75 1.275055766942995e-06 27506
12 1.203535416200093e-06 29066
12.25 1.166916260794038e-06 30450
12.5 1.092965933223163e-06 31742
12.75 1.005909524343038e-06 32250
13 9.861513976618372e-07 34250
13.25 9.351330827335811e-07 35454
13.5 8.818702903045401e-07 36434
13.75 8.248181776197996e-07 37682
14 7.972035585359059e-07 39294
14.25 7.847180305782663e-07 41426
14.5 7.299562080594555e-07 42066
14.75 6.990697397346998e-07 43490
15 6.937285173342837e-07 45702
15.25 6.714344581582519e-07 46634
15.5 6.62154320493145e-07 48554
15.75 6.339651105917571e-07 48870
16 6.210687595356401e-07 50963
16.25 5.674974287099667e-07 51576
16.5 4.638547857411639e-07 49316
16.75 3.955908488203353e-07 49344
17 3.328018406683336e-07 47192
17.25 2.951264768620904e-07 47576
17.5 2.430869691757018e-07 45348
17.75 2.094209668422233e-07 44060
18 1.827054175734748e-07 43872
18.25 1.56404637675304e-07 41756
18.5 1.370367818825514e-07 41528
18.75 1.16906294018083e-07 39300
19 1.026315500985418e-07 38276
19.25 8.953880774158879e-08 36900
19.5 7.770939613695299e-08 34724
19.75 6.992438929277788e-08 33960
20 6.205452434836578e-08 32144
20.25 5.443539823130237e-08 30704
20.5 4.852999664859664e-08 28896
20.75 4.240270754016868e-08 26924
21 3.860525125632478e-08 25656
21.25 3.406277052799329e-08 23228
21.5 3.029296184941196e-08 21816
21.75 2.609818380665971e-08 19472
22 2.247227722104684e-08 17696
22.25 1.883777029099356e-08 15588
22.5 1.503362044067502e-08 13760
22.75 1.076246617382245e-08 11565
23 8.245637126726603e-09 10016
23.25 6.31955021428394e-09 8652
23.5 4.977573159858188e-09 7652
23.75 3.85993207166609e-09 6542
24 3.052444247328257e-09 5478
24.25 2.49740174184534e-09 4886
24.5 1.875548048436012e-09 4068
24.75 1.494923311483867e-09 3326
25 1.173590116164712e-09 2696
25.25 9.580606800359702e-10 2304
25.5 7.526419282793211e-10 1934
25.75 4.859857155844672e-10 1344
26 3.352913308290828e-10 848
26.25 3.251409016830336e-10 888
26.5 2.138438171947906e-10 584
26.75 1.2080427480444e-10 344
27 4.022705960279497e-11 102
27.25 3.035382085096726e-11 104
27.5 6.792271690059541e-12 24
27.75 3.09000484901648e-14 1

0.25 5.316219540263681e-07 18
0.5 6.541102921450674e-07 62
0.75 7.440622955065783e-07 98
1 1.083286562655127e-06 210
1.25 1.471516052310115e-06 350
1.5 1.9495653194746e-06 450
1.75 2.786801557855253e-06 602
2 3.421141740416743e-06 762
2.25 3.390333285195616e-06 1142
2.5 2.609024749521288e-06 1250
2.75 2.538132799875074e-06 1458
3 2.853441573706417e-06 1814
3.25 3.210471012510025e-06 2178
3.5 3.415286032010843e-06 2498
3.75 3.028105570253904e-06 2622
4 3.212988319386516e-06 3338
4.25 2.778437803048828e-06 3722
4.5 2.681279737614155e-06 4170
4.75 2.351734907971301e-06 4358
5 2.392597660946209e-06 5034
5.25 2.483935504422725e-06 5714
5.5 2.235570091413778e-06 5982
5.75 2.353820866624137e-06 6602
6 2.319484840662095e-06 7130
6.25 2.368365029468719e-06 8034
6.5 2.334825213891025e-06 8606
6.75 2.270770498779903e-06 9066
7 2.339728120060658e-06 9962
7.25 2.300977219154352e-06 10550
7.5 2.280477374312148e-06 11226
7.75 2.332481628332328e-06 12146
8 2.244916872277831e-06 12606
8.25 2.288212643469912e-06 13802
8.5 2.276867373276647e-06 14754
8.75 2.190031063358028e-06 15194
9 2.164340121889525e-06 16454
9.25 2.102543396855804e-06 17154
9.5 2.061708720442557e-06 18266
9.75 1.923278787206447e-06 18750
10 1.934913899622714e-06 20234
10.25 1.909682278508747e-06 21450
10.5 1.768072911050978e-06 21962
10.75 1.736811319170771e-06 23462
11 1.638925610875386e-06 24042
11.25 1.61183356834033e-06 25946
11.5 1.48518224592525e-06 26118
11.75 1.438872071541167e-06 27506
12 1.380106066866139e-06 29066
12.25 1.312158941410613e-06 30450
12.5 1.257399204222217e-06 31742
12.75 1.159640787789775e-06 32250
13 1.120320340800729e-06 34250
13.25 1.070351409433639e-06 35454
13.5 1.009768526342817e-06 36434
13.75 9.362441147244716e-07 37682
14 9.179930414371473e-07 39294
14.25 8.960680027288135e-07 41426
14.5 8.465222944647302e-07 42066
14.75 8.152362947943429e-07 43490
15 8.042867287033019e-07 45702
15.25 7.704527093199788e-07 46634
15.5 7.623645603700294e-07 48554
15.75 7.372938909650295e-07 48870
16 7.267185257339379e-07 50963
16.25 6.597456719068164e-07 51576
16.5 5.334769795246817e-07 49316
16.75 4.569104997090664e-07 49344
17 3.832810121675867e-07 47192
17.25 3.388458027661053e-07 47576
17.5 2.796541265721793e-07 45348
17.75 2.398428874234263e-07 44060
18 2.108809017829976e-07 43872
18.25 1.770606038252223e-07 41756
18.5 1.568216099421746e-07 41528
18.75 1.326933178428469e-07 39300
19 1.152707603620634e-07 38276
19.25 1.014564967748966e-07 36900
19.5 8.86988408586106e-08 34724
19.75 7.807759079169993e-08 33960
20 6.988990537135139e-08 32144
20.25 6.072663904237693e-08 30704
20.5 5.450628777970823e-08 28896
20.75 4.733801260011811e-08 26924
21 4.307804247865557e-08 25656
21.25 3.749742548622923e-08 23228
21.5 3.358457495983728e-08 21816
21.75 2.828279166785061e-08 19472
22 2.45201085566458e-08 17696
22.25 2.050597042427009e-08 15588
22.5 1.633522031717267e-08 13760
22.75 1.169588300768474e-08 11565
23 9.096984858062259e-09 10016
23.25 6.812962333318241e-09 8652
23.5 5.291241094239235e-09 7652
23.75 4.204404668458113e-09 6542
24 3.281423754474078e-09 5478
24.25 2.676477120102327e-09 4886
24.5 2.041746839644758e-09 4068
24.75 1.566530988448968e-09 3326
25 1.224054114842278e-09 2696
25.25 9.83174225935364e-10 2304
25.5 7.729002752439257e-10 1934
25.75 5.223997418038021e-10 1344
26 3.596111294350975e-10 848
26.25 3.481253153749343e-10 888
26.5 2.284008593533661e-10 584
26.75 1.213238363891654e-10 344
27 4.261663249312832e-11 102
27.25 3.73333334154098e-11 104
27.5 5.715139020082991e-12 24
27.75 7.640536576799875e-14 1

0.25 3.188653252872425e-07 18
0.5 6.349961547278807e-07 62
0.75 8.405289585303353e-07 98
1 9.676567650583475e-07 210
1.25 1.492315680295135e-06 350
1.5 2.038931111851454e-06 450
1.75 3.020623922844335e-06 602
2 3.562302233081928e-06 762
2.25 3.264288368057749e-06 1142
2.5 2.635904127545392e-06 1250
2.75 2.636833276978719e-06 1458
3 2.976614900765732e-06 1814
3.25 3.213412698732428e-06 2178
3.5 3.402538317160403e-06 2498
3.75 3.097070507512598e-06 2622
4 3.19831312839874e-06 3338
4.25 2.891504138854526e-06 3722
4.5 2.731057102535097e-06 4170
4.75 2.418083805064035e-06 4358
5 2.533587934857821e-06 5034
5.25 2.495316138005808e-06 5714
5.5 2.409561097467137e-06 5982
5.75 2.412441867090995e-06 6602
6 2.380521958486441e-06 7130
6.25 2.468961532412089e-06 8034
6.5 2.392661939450453e-06 8606
6.75 2.339201017303626e-06 9066
7 2.385923213582101e-06 9962
7.25 2.348197726070146e-06 10550
7.5 2.374603514723442e-06 11226
7.75 2.373030047457088e-06 12146
8 2.289275853843197e-06 12606
8.25 2.338956594090983e-06 13802
8.5 2.31029586382521e-06 14754
8.75 2.204019800422531e-06 15194
9 2.185100485225439e-06 16454
9.25 2.143414372408718e-06 17154
9.5 2.135293600247e-06 18266
9.75 1.975298448859188e-06 18750
10 1.937683481858701e-06 20234
10.25 1.942897809172434e-06 21450
10.5 1.807411411796326e-06 21962
10.75 1.766245501881051e-06 23462
11 1.680061773642261e-06 24042
11.25 1.645849530205683e-06 25946
11.5 1.507865713617136e-06 26118
11.75 1.465521387057665e-06 27506
12 1.399003284374468e-06 29066
12.25 1.342948888776594e-06 30450
12.5 1.288208342574857e-06 31742
12.75 1.19277515572623e-06 32250
13 1.151092898399839e-06 34250
13.25 1.08687396463313e-06 35454
13.5 1.029053938217536e-06 36434
13.75 9.746246865968037e-07 37682
14 9.336094917317184e-07 39294
14.25 9.17365777409598e-07 41426
14.5 8.53446422531667e-07 42066
14.75 8.265589449109466e-07 43490
15 8.115477677770635e-07 45702
15.25 7.937459679252104e-07 46634
15.5 7.82152223284291e-07 48554
15.75 7.518876918875605e-07 48870
16 7.389874783547139e-07 50963
16.25 6.686880420056926e-07 51576
16.5 5.501937910522506e-07 49316
16.75 4.714398135872223e-07 49344
17 3.972903867286506e-07 47192
17.25 3.506844961648455e-07 47576
17.5 2.884277617766177e-07 45348
17.75 2.471765026836907e-07 44060
18 2.176867730201731e-07 43872
18.25 1.848890357218862e-07 41756
18.5 1.628346033863222e-07 41528
18.75 1.377336195698125e-07 39300
19 1.217409865062592e-07 38276
19.25 1.05014135379316e-07 36900
19.5 9.165839412432953e-08 34724
19.75 8.075905456030198e-08 33960
20 7.184777465908892e-08 32144
20.25 6.277137885897063e-08 30704
20.5 5.6338681751237e-08 28896
20.75 4.925050234135002e-08 26924
21 4.490602016683991e-08 25656
21.25 3.878063493751397e-08 23228
21.5 3.479556259622482e-08 21816
21.75 2.95741751283983e-08 19472
22 2.57325724281675e-08 17696
22.25 2.154053634183366e-08 15588
22.5 1.718240316659348e-08 13760
22.75 1.231379725507908e-08 11565
23 9.38630500499671e-09 10016
23.25 7.104291839018528e-09 8652
23.5 5.62092072885521e-09 7652
23.75 4.394477868786137e-09 6542
24 3.475361934096149e-09 5478
24.25 2.788134900677355e-09 4886
24.5 2.068243852428682e-09 4068
24.75 1.580184713185204e-09 3326
25 1.284826247001573e-09 2696
25.25 1.003445093944187e-09 2304
25.5 8.109850999737353e-10 1934
25.75 5.400234178242799e-10 1344
26 3.655714166378598e-10 848
26.25 3.409860419637835e-10 888
26.5 2.355662698480355e-10 584
26.75 1.16701167486592e-10 344
27 4.211440149383896e-11 102
27.25 3.842482955280227e-11 104
27.5 4.742698470731506e-12 24
27.75 6.642820776945864e-14 1

0.25 5.484820797471114e-07 18
0.5 6.45743608066713e-07 62
0.75 7.57282206383157e-07 98
1 1.101234788198234e-06 210
1.25 1.511695827932896e-06 350
1.5 1.983287338093096e-06 450
1.75 2.95255746155095e-06 602
2 3.539793391979684e-06 762
2.25 3.48189377110364e-06 1142
2.5 2.744291499447407e-06 1250
2.75 2.693053723047306e-06 1458
3 3.028052778167612e-06 1814
3.25 3.256440618073625e-06 2178
3.5 3.525832960016691e-06 2498
3.75 3.261850554239884e-06 2622
4 3.400548563887641e-06 3338
4.25 3.017179028678136e-06 3722
4.5 2.814363480533527e-06 4170
4.75 2.53630777862711e-06 4358
5 2.633011107509244e-06 5034
5.25 2.68095868642326e-06 5714
5.5 2.508319479509582e-06 5982
5.75 2.556144975655153e-06 6602
6 2.521540875602195e-06 7130
6.25 2.604478093177202e-06 8034
6.5 2.553014748218688e-06 8606
6.75 2.500897654057974e-06 9066
7 2.551617277581625e-06 9962
7.25 2.528392272181049e-06 10550
7.5 2.521362487322172e-06 11226
7.75 2.556453743894809e-06 12146
8 2.464073121755714e-06 12606
8.25 2.531649090226827e-06 13802
8.5 2.486473950596555e-06 14754
8.75 2.388843894108273e-06 15194
9 2.406318282272724e-06 16454
9.25 2.284933130221131e-06 17154
9.5 2.323804657043307e-06 18266
9.75 2.141266288695501e-06 18750
10 2.123249145860133e-06 20234
10.25 2.102624860679884e-06 21450
10.5 1.958140641666284e-06 21962
10.75 1.91033131582648e-06 23462
11 1.837725953193496e-06 24042
11.25 1.792918881843586e-06 25946
11.5 1.637527600472898e-06 26118
11.75 1.596888200627371e-06 27506
12 1.529169596276069e-06 29066
12.25 1.481392005404788e-06 30450
12.5 1.41323648702748e-06 31742
12.75 1.302843300062651e-06 32250
13 1.253161903432968e-06 34250
13.25 1.209577227931669e-06 35454
13.5 1.127108274105089e-06 36434
13.75 1.059847611643436e-06 37682
14 1.047203036227788e-06 39294
14.25 1.01577125631345e-06 41426
14.5 9.577023336406765e-07 42066
14.75 9.088412391740833e-07 43490
15 9.067560931142586e-07 45702
15.25 8.826865104246699e-07 46634
15.5 8.747331284979981e-07 48554
15.75 8.453601708251365e-07 48870
16 8.292111265825625e-07 50963
16.25 7.50577457497386e-07 51576
16.5 6.218626265818659e-07 49316
16.75 5.264526123045724e-07 49344
17 4.43721483808901e-07 47192
17.25 3.930497527324647e-07 47576
17.5 3.236996436503404e-07 45348
17.75 2.774158563026189e-07 44060
18 2.409622456753614e-07 43872
18.25 2.055526705912651e-07 41756
18.5 1.806140971769969e-07 41528
18.75 1.546190414501777e-07 39300
19 1.350110533517646e-07 38276
19.25 1.165924914677821e-07 36900
19.5 1.020022254739048e-07 34724
19.75 9.105159671999465e-08 33960
20 7.941505081950758e-08 32144
20.25 7.043779473660427e-08 30704
20.5 6.190447974268873e-08 28896
20.75 5.402211424353427e-08 26924
21 4.93737119317281e-08 25656
21.25 4.299777366209677e-08 23228
21.5 3.832210668428485e-08 21816
21.75 3.258155989074373e-08 19472
22 2.833286405500472e-08 17696
22.25 2.32214959483833e-08 15588
22.5 1.823043518239914e-08 13760
22.75 1.347827820522433e-08 11565
23 1.01176096427301e-08 10016
23.25 7.684065353869091e-09 8652
23.5 5.980827131031119e-09 7652
23.75 4.783344845639792e-09 6542
24 3.63532204508693e-09 5478
24.25 2.938637639061533e-09 4886
24.5 2.262612712686795e-09 4068
24.75 1.749003553480484e-09 3326
25 1.413698253738232e-09 2696
25.25 1.071288384200321e-09 2304
25.5 8.447526665262105e-10 1934
25.75 5.560332178983277e-10 1344
26 3.727449828489213e-10 848
26.25 3.583447003798948e-10 888
26.5 2.420050723801525e-10 584
26.75 1.156901079622012e-10 344
27 4.603019151600275e-11 102
27.25 3.888522515044115e-11 104
27.5 5.145241363239267e-12 24
27.75 2.205416057664318e-14 1

0.25 2.998926127424782e-07 18
0.5 6.702205791463738e-07 62
0.75 7.032928814330931e-07 98
1 1.079880907321477e-06 210
1.25 1.504784421583064e-06 350
1.5 2.039233119427194e-06 450
1.75 2.907076889176569e-06 602
2 3.468302755649348e-06 762
2.25 3.421613922503873e-06 1142
2.5 2.89222174477904e-06 1250
2.75 2.734857061296869e-06 1458
3 3.135338579842829e-06 1814
3.25 3.366211129548004e-06 2178
3.5 3.663927555421287e-06 2498
3.75 3.365932398150696e-06 2622
4 3.450055310697189e-06 3338
4.25 3.027152832316044e-06 3722
4.5 2.87480831529693e-06 4170
4.75 2.620187289866387e-06 4358
5 2.753033064527875e-06 5034
5.25 2.783247534821485e-06 5714
5.5 2.531827671917333e-06 5982
5.75 2.635388125940135e-06 6602
6 2.575912442254472e-06 7130
6.25 2.704736021860302e-06 8034
6.5 2.663823616998944e-06 8606
6.75 2.565542737725786e-06 9066
7 2.650689852379323e-06 9962
7.25 2.574583314928391e-06 10550
7.5 2.620622141125126e-06 11226
7.75 2.674535011608937e-06 12146
8 2.550820970480889e-06 12606
8.25 2.591750594373058e-06 13802
8.5 2.567894885256463e-06 14754
8.75 2.443597445654113e-06 15194
9 2.470846888894435e-06 16454
9.25 2.372935540688806e-06 17154
9.5 2.39294176592306e-06 18266
9.75 2.243974574966594e-06 18750
10 2.201781316050234e-06 20234
10.25 2.181834427534091e-06 21450
10.5 2.041608485789431e-06 21962
10.75 1.995623900582116e-06 23462
11 1.896969024286388e-06 24042
11.25 1.869488288196431e-06 25946
11.5 1.710264384999107e-06 26118
11.75 1.662522963036107e-06 27506
12 1.59471897562587e-06 29066
12.25 1.522265086166827e-06 30450
12.5 1.469490055712467e-06 31742
12.75 1.352667843567979e-06 32250
13 1.311571289378211e-06 34250
13.25 1.249423716924892e-06 35454
13.5 1.181921226876357e-06 36434
13.75 1.10071273992983e-06 37682
14 1.074419764569421e-06 39294
14.25 1.052870139265419e-06 41426
14.5 9.961810989445611e-07 42066
14.75 9.567581837755443e-07 43490
15 9.464736000064955e-07 45702
15.25 9.258329218238729e-07 46634
15.5 9.008560588592065e-07 48554
15.75 8.868456393430976e-07 48870
16 8.651026144500448e-07 50963
16.25 7.821139759987225e-07 51576
16.5 6.514104380680911e-07 49316
16.75 5.47212189724998e-07 49344
17 4.598387791943042e-07 47192
17.25 4.093815734300117e-07 47576
17.5 3.391359861387141e-07 45348
17.75 2.884182467643026e-07 44060
18 2.548963704791171e-07 43872
18.25 2.147350846730591e-07 41756
18.5 1.86750114911715e-07 41528
18.75 1.597945082446816e-07 39300
19 1.412579692333847e-07 38276
19.25 1.225307670015333e-07 36900
19.5 1.05650517063386e-07 34724
19.75 9.383843404984577e-08 33960
20 8.321624667840278e-08 32144
20.25 7.283724732521012e-08 30704
20.5 6.535894702627814e-08 28896
20.75 5.627813302369889e-08 26924
21 5.163578865427499e-08 25656
21.25 4.451702242925179e-08 23228
21.5 3.971268985220623e-08 21816
21.75 3.373052861477634e-08 19472
22 2.974506006065369e-08 17696
22.25 2.453921547067321e-08 15588
22.5 1.913748524547341e-08 13760
22.75 1.399752391948491e-08 11565
23 1.0731641524475e-08 10016
23.25 8.152572175001192e-09 8652
23.5 6.286944177584206e-09 7652
23.75 4.891558077248346e-09 6542
24 3.85047728567923e-09 5478
24.25 3.106761712920807e-09 4886
24.5 2.314589141744679e-09 4068
24.75 1.789548618013958e-09 3326
25 1.442130132681816e-09 2696
25.25 1.114902618730418e-09 2304
25.5 8.617457671085595e-10 1934
25.75 5.530211493978866e-10 1344
26 3.739186481947202e-10 848
26.25 3.746520256326982e-10 888
26.5 2.589521028083818e-10 584
26.75 1.169808417253616e-10 344
27 4.390765811213286e-11 102
27.25 4.261103109409978e-11 104
27.5 6.025059423119181e-12 24
27.75 1.692255714949307e-14 1

0.25 5.045867672084698e-07 18
0.5 7.144509498256639e-07 62
0.75 8.416640163225444e-07 98
1 1.033021754636546e-06 210
1.25 1.512988129192247e-06 350
1.5 2.158226213368171e-06 450
1.75 3.127992043715874e-06 602
2 3.431823344360187e-06 762
2.25 3.427765401935056e-06 1142
2.5 2.86088461596154e-06 1250
2.75 2.79563151151315e-06 1458
3 3.100482481346395e-06 1814
3.25 3.387187221601276e-06 2178
3.5 3.631498508917488e-06 2498
3.75 3.353760263007363e-06 2622
4 3.46885428418228e-06 3338
4.25 3.116676429186525e-06 3722
4.5 2.926625603181447e-06 4170
4.75 2.667612614370067e-06 4358
5 2.796572571181888e-06 5034
5.25 2.772477164362542e-06 5714
5.5 2.715748128654824e-06 5982
5.75 2.680718498795257e-06 6602
6 2.678952096904479e-06 7130
6.25 2.78249679539779e-06 8034
6.5 2.743206128806794e-06 8606
6.75 2.661787106316092e-06 9066
7 2.728992509872794e-06 9962
7.25 2.661539318390322e-06 10550
7.5 2.683592366064475e-06 11226
7.75 2.732407487993799e-06 12146
8 2.662493064645415e-06 12606
8.25 2.703286013527548e-06 13802
8.5 2.684726320811403e-06 14754
8.75 2.527209835965137e-06 15194
9 2.55435328412779e-06 16454
9.25 2.471582579627792e-06 17154
9.5 2.489955102838279e-06 18266
9.75 2.294897749999314e-06 18750
10 2.259147798113829e-06 20234
10.25 2.27890746616364e-06 21450
10.5 2.132218900883839e-06 21962
10.75 2.071881729890856e-06 23462
11 1.969001886751117e-06 24042
11.25 1.944197718416486e-06 25946
11.5 1.760238145760691e-06 26118
11.75 1.736975541890055e-06 27506
12 1.655405984242604e-06 29066
12.25 1.577725354963204e-06 30450
12.5 1.54610827551241e-06 31742
12.75 1.418781773882842e-06 32250
13 1.373278906283755e-06 34250
13.25 1.321534587833925e-06 35454
13.5 1.239914848664852e-06 36434
13.75 1.158508992430362e-06 37682
14 1.134410964610745e-06 39294
14.25 1.105661140079947e-06 41426
14.5 1.050374270194198e-06 42066
14.75 1.008041872628854e-06 43490
15 9.990032481060138e-07 45702
15.25 9.768947067479305e-07 46634
15.5 9.640934131677516e-07 48554
15.75 9.409110177362948e-07 48870
16 9.215107685190962e-07 50963
16.25 8.444067341238168e-07 51576
16.5 6.895118686566406e-07 49316
16.75 5.892084673385166e-07 49344
17 4.954286961251141e-07 47192
17.25 4.384656796091275e-07 47576
17.5 3.595242237606163e-07 45348
17.75 3.105721754600813e-07 44060
18 2.724506698365427e-07 43872
18.25 2.332501070264495e-07 41756
18.5 2.036093067819672e-07 41528
18.75 1.720738471539337e-07 39300
19 1.51140293066415e-07 38276
19.25 1.301475690025827e-07 36900
19.5 1.131922980179092e-07 34724
19.75 1.024655421391449e-07 33960
20 8.902517078917079e-08 32144
20.25 7.863980438388332e-08 30704
20.5 6.971341545663238e-08 28896
20.75 6.077066797490469e-08 26924
21 5.451702547593449e-08 25656
21.25 4.730627231137528e-08 23228
21.5 4.273966692987764e-08 21816
21.75 3.602552644998765e-08 19472
22 3.126372797199892e-08 17696
22.25 2.600296507124021e-08 15588
22.5 2.045779367406111e-08 13760
22.75 1.470256531055924e-08 11565
23 1.135140495028558e-08 10016
23.25 8.445324037699057e-09 8652
23.5 6.605397196821346e-09 7652
23.75 5.142159356983437e-09 6542
24 4.016312622518937e-09 5478
24.25 3.245497450047046e-09 4886
24.5 2.495937296999583e-09 4068
24.75 1.880741214957035e-09 3326
25 1.489329408443348e-09 2696
25.25 1.189543616648374e-09 2304
25.5 9.202075142232865e-10 1934
25.75 5.942356904916617e-10 1344
26 3.924066499385064e-10 848
26.25 3.818167590741751e-10 888
26.5 2.654425984513587e-10 584
26.75 1.176565183004975e-10 344
27 4.138333118434651e-11 102
27.25 4.384690424383759e-11 104
27.5 7.090919170966442e-12 24
27.75 5.980605704118471e-15 1

0.25 4.301655671890438e-07 18
0.5 6.745602464113248e-07 62
0.75 8.081685288613952e-07 98
1 1.159187812837991e-06 210
1.25 1.583621600744983e-06 350
1.5 2.097453297981593e-06 450
1.75 2.981242965328945e-06 602
2 3.540270819156845e-06 762
2.25 3.668190986999249e-06 1142
2.5 2.934051134187618e-06 1250
2.75 2.865785024687994e-06 1458
3 3.23197202159571e-06 1814
3.25 3.437451969281304e-06 2178
3.5 3.751490156601669e-06 2498
3.75 3.429787845574825e-06 2622
4 3.560061211855587e-06 3338
4.25 3.214592546024736e-06 3722
4.5 3.02198593946278e-06 4170
4.75 2.710402504129252e-06 4358
5 2.843057550622811e-06 5034
5.25 2.893305600397982e-06 5714
5.5 2.719504601103973e-06 5982
5.75 2.81190419181907e-06 6602
6 2.804732162937851e-06 7130
6.25 2.937307838948086e-06 8034
6.5 2.841577809812132e-06 8606
6.75 2.779292790127889e-06 9066
7 2.87853057939308e-06 9962
7.25 2.804254826335702e-06 10550
7.5 2.841259189379629e-06 11226
7.75 2.889538334356565e-06 12146
8 2.817397724259607e-06 12606
8.25 2.822338183113094e-06 13802
8.5 2.837426808540004e-06 14754
8.75 2.687702200890019e-06 15194
9 2.716813787468401e-06 16454
9.25 2.635774076542217e-06 17154
9.5 2.632693586194436e-06 18266
9.75 2.445737290720077e-06 18750
10 2.399348151527266e-06 20234
10.25 2.439268686927768e-06 21450
10.5 2.273789257384789e-06 21962
10.75 2.215550003949025e-06 23462
11 2.094121462370677e-06 24042
11.25 2.073006738544835e-06 25946
11.5 1.894689002431014e-06 26118
11.75 1.848916299897774e-06 27506
12 1.798848771072972e-06 29066
12.25 1.720877086278754e-06 30450
12.5 1.642896446495262e-06 31742
12.75 1.523342018114343e-06 32250
13 1.476689855430639e-06 34250
13.25 1.412811040980194e-06 35454
13.5 1.331450639340565e-06 36434
13.75 1.2629204784271e-06 37682
14 1.220720839504515e-06 39294
14.25 1.199418644525598e-06 41426
14.5 1.13159747988149e-06 42066
14.75 1.092089922374411e-06 43490
15 1.088586513034502e-06 45702
15.25 1.043210280630504e-06 46634
15.5 1.064035008252399e-06 48554
15.75 1.005734350693191e-06 48870
16 9.988918032146715e-07 50963
16.25 9.06005777974808e-07 51576
16.5 7.429792853342359e-07 49316
16.75 6.359360472152308e-07 49344
17 5.384550632001589e-07 47192
17.25 4.748504702668718e-07 47576
17.5 3.911898963666937e-07 45348
17.75 3.356268292010079e-07 44060
18 2.996002762158685e-07 43872
18.25 2.501101786794043e-07 41756
18.5 2.218054074924109e-07 41528
18.75 1.874723758773364e-07 39300
19 1.613260326148579e-07 38276
19.25 1.427908847031861e-07 36900
19.5 1.23077479074472e-07 34724
19.75 1.098442516679795e-07 33960
20 9.635773554390813e-08 32144
20.25 8.489710434747994e-08 30704
20.5 7.546945529884521e-08 28896
20.75 6.524814756332376e-08 26924
21 5.878902998577044e-08 25656
21.25 5.121744382254026e-08 23228
21.5 4.562190617634444e-08 21816
21.75 3.860764619702967e-08 19472
22 3.367664949253232e-08 17696
22.25 2.792502233995554e-08 15588
22.5 2.179890429137322e-08 13760
22.75 1.602795830971884e-08 11565
23 1.203240981761136e-08 10016
23.25 9.078724134749478e-09 8652
23.5 7.05551458771473e-09 7652
23.75 5.500020124325871e-09 6542
24 4.232873959689846e-09 5478
24.25 3.397057288022376e-09 4886
24.5 2.593305168551279e-09 4068
24.75 1.98543385762808e-09 3326
25 1.604268086957824e-09 2696
25.25 1.247254972570953e-09 2304
25.5 9.579928027614153e-10 1934
25.75 6.502682987225841e-10 1344
26 4.182288113881181e-10 848
26.25 4.080004354184799e-10 888
26.5 2.743609009505953e-10 584
26.75 1.25650833334688e-10 344
27 4.056850371628876e-11 102
27.25 4.560204425305351e-11 104
27.5 1.006327601018006e-11 24
27.75 3.420134819931979e-14 1

0.25 3.982351185308493e-07 18
0.5 6.57457939167961e-07 62
0.75 7.303965144415418e-07 98
1 1.073049204672624e-06 210
1.25 1.621792978008911e-06 350
1.5 2.068298554545719e-06 450
1.75 2.927482132886018e-06 602
2 3.525169221436509e-06 762
2.25 3.43898323751171e-06 1142
2.5 2.935082818997318e-06 1250
2.75 2.882073162489237e-06 1458
3 3.171157762456222e-06 1814
3.25 3.534810344818213e-06 2178
3.5 3.85315195073921e-06 2498
3.75 3.465646328664117e-06 2622
4 3.643079778164332e-06 3338
4.25 3.217699007437025e-06 3722
4.5 3.084877999241998e-06 4170
4.75 2.800331214411502e-06 4358
5 2.923748668296247e-06 5034
5.25 2.918633348436295e-06 5714
5.5 2.810717297447261e-06 5982
5.75 2.841770792368398e-06 6602
6 2.808156524513957e-06 7130
6.25 2.915852798821093e-06 8034
6.5 2.872920414790919e-06 8606
6.75 2.785862038737629e-06 9066
7 2.892880216956247e-06 9962
7.25 2.826573169470128e-06 10550
7.5 2.849217607151601e-06 11226
7.75 2.90466974202395e-06 12146
8 2.857404107770367e-06 12606
8.25 2.835461709741779e-06 13802
8.5 2.851376877898998e-06 14754
8.75 2.737519320995601e-06 15194
9 2.73085057944994e-06 16454
9.25 2.656898042837716e-06 17154
9.5 2.660449853961458e-06 18266
9.75 2.4700612871973e-06 18750
10 2.455666166143014e-06 20234
10.25 2.437725189206453e-06 21450
10.5 2.290200053758642e-06 21962
10.75 2.228218416866045e-06 23462
11 2.115583450970138e-06 24042
11.25 2.093022764647907e-06 25946
11.5 1.90568682249188e-06 26118
11.75 1.857559351841671e-06 27506
12 1.801771077871702e-06 29066
12.25 1.728633406916542e-06 30450
12.5 1.665297779370459e-06 31742
12.75 1.530519121583857e-06 32250
13 1.476784578401418e-06 34250
13.25 1.438575877973061e-06 35454
13.5 1.350576063098121e-06 36434
13.75 1.273096577713256e-06 37682
14 1.235815477063967e-06 39294
14.25 1.206468644939725e-06 41426
14.5 1.14592030519484e-06 42066
14.75 1.104058906306026e-06 43490
15 1.093310730074285e-06 45702
15.25 1.069579140061399e-06 46634
15.5 1.06265716152087e-06 48554
15.75 1.029736404448011e-06 48870
16 1.026060459053804e-06 50963
16.25 9.216043216388695e-07 51576
16.5 7.619154419115633e-07 49316
16.75 6.507937747183638e-07 49344
17 5.473400126252304e-07 47192
17.25 4.833258743732297e-07 47576
17.5 3.999407967962894e-07 45348
17.75 3.443044532732542e-07 44060
18 3.034379380975662e-07 43872
18.25 2.558647248998341e-07 41756
18.5 2.258963214325881e-07 41528
18.75 1.902510832705164e-07 39300
19 1.667077931869703e-07 38276
19.25 1.464200716445436e-07 36900
19.5 1.268345549994919e-07 34724
19.75 1.139359302495384e-07 33960
20 9.919508413466319e-08 32144
20.25 8.762449070902721e-08 30704
20.5 7.793884935921179e-08 28896
20.75 6.80350031738527e-08 26924
21 6.084628470379253e-08 25656
21.25 5.344971081602578e-08 23228
21.5 4.743076133366299e-08 21816
21.75 4.01285001009122e-08 19472
22 3.500875771631412e-08 17696
22.25 2.871602102125736e-08 15588
22.5 2.290021005501627e-08 13760
22.75 1.66027780901713e-08 11565
23 1.243981990910309e-08 10016
23.25 9.382445825217631e-09 8652
23.5 7.440801185375638e-09 7652
23.75 5.63355908628448e-09 6542
24 4.361838535906169e-09 5478
24.25 3.60665034313002e-09 4886
24.5 2.746670915725885e-09 4068
24.75 2.076447006667841e-09 3326
25 1.653549246135694e-09 2696
25.25 1.271114175165069e-09 2304
25.5 1.004206271701777e-09 1934
25.75 6.794867197111878e-10 1344
26 4.310677280914595e-10 848
26.25 4.264437568917217e-10 888
26.5 2.749584565697731e-10 584
26.75 1.329666770892519e-10 344
27 3.973217050465499e-11 102
27.25 4.393742072309208e-11 104
27.5 1.08497439150704e-11 24
27.75 4.268651771067368e-14 1

0.25 5.412308036998824e-07 18
0.5 7.972434170591664e-07 62
0.75 8.66622298668487e-07 98
1 1.201050890802869e-06 210
1.25 1.635403827741421e-06 350
1.5 2.278264547994048e-06 450
1.75 2.991082581692783e-06 602
2 3.43717572988865e-06 762
2.25 3.603835175884035e-06 1142
2.5 2.974478722172e-06 1250
2.75 2.934994877188122e-06 1458
3 3.188678158396049e-06 1814
3.25 3.556545501469266e-06 2178
3.5 3.776473138390255e-06 2498
3.75 3.541404226462151e-06 2622
4 3.687104952379242e-06 3338
4.25 3.2886707412202e-06 3722
4.5 3.128450568925277e-06 4170
4.75 2.859916659048712e-06 4358
5 3.021820841734286e-06 5034
5.25 2.938365686682026e-06 5714
5.5 2.816476607079513e-06 5982
5.75 2.878172190946875e-06 6602
6 2.909908997596594e-06 7130
6.25 3.049171279057092e-06 8034
6.5 2.970962050211743e-06 8606
6.75 2.847014978919813e-06 9066
7 2.967632312491112e-06 9962
7.25 2.967205611621366e-06 10550
7.5 2.969511283687008e-06 11226
7.75 3.013707724816421e-06 12146
8 2.990556352991856e-06 12606
8.25 2.957440965431669e-06 13802
8.5 2.954358135650689e-06 14754
8.75 2.828214095604218e-06 15194
9 2.834893887413849e-06 16454
9.25 2.782069977958412e-06 17154
9.5 2.771667616326403e-06 18266
9.75 2.57221984300661e-06 18750
10 2.583500772279055e-06 20234
10.25 2.534150598812864e-06 21450
10.5 2.402914510280859e-06 21962
10.75 2.341594898627816e-06 23462
11 2.214845026318753e-06 24042
11.25 2.195955785676523e-06 25946
11.5 2.025461664960775e-06 26118
11.75 1.94996804744719e-06 27506
12 1.89617264633854e-06 29066
12.25 1.851012860056111e-06 30450
12.5 1.752143197048167e-06 31742
12.75 1.641742934985251e-06 32250
13 1.591087232703881e-06 34250
13.25 1.51176457422402e-06 35454
13.5 1.446138406939469e-06 36434
13.75 1.339963918452791e-06 37682
14 1.333209509875713e-06 39294
14.25 1.291378699109388e-06 41426
14.5 1.220989816050581e-06 42066
14.75 1.185458209412748e-06 43490
15 1.18900865517879e-06 45702
15.25 1.150110330856585e-06 46634
15.5 1.147857845395223e-06 48554
15.75 1.105651368649857e-06 48870
16 1.102383612546423e-06 50963
16.25 1.001580615241485e-06 51576
16.5 8.16229270271055e-07 49316
16.75 7.04735805980059e-07 49344
17 5.901724964573813e-07 47192
17.25 5.219384254714816e-07 47576
17.5 4.342216734628257e-07 45348
17.75 3.723414788692151e-07 44060
18 3.252626020301142e-07 43872
18.25 2.773883962413018e-07 41756
18.5 2.443488490346241e-07 41528
18.75 2.083449968947373e-07 39300
19 1.813855686248328e-07 38276
19.25 1.588989291096235e-07 36900
19.5 1.374330147911247e-07 34724
19.75 1.223773616041542e-07 33960
20 1.07255124931974e-07 32144
20.25 9.356680480588038e-08 30704
20.5 8.460359862609619e-08 28896
20.75 7.313056659275963e-08 26924
21 6.555254851088111e-08 25656
21.25 5.715340300566561e-08 23228
21.5 5.135891243457006e-08 21816
21.75 4.368021783079761e-08 19472
22 3.724866868439526e-08 17696
22.25 3.122683423926414e-08 15588
22.5 2.471495444208466e-08 13760
22.75 1.733658574440247e-08 11565
23 1.343377039304663e-08 10016
23.25 1.022275639662303e-08 8652
23.5 7.737096340309763e-09 7652
23.75 6.008085871541218e-09 6542
24 4.705957388658079e-09 5478
24.25 3.805888654603174e-09 4886
24.5 2.884740156632867e-09 4068
24.75 2.187382046816845e-09 3326
25 1.757588038396317e-09 2696
25.25 1.36538623206893e-09 2304
25.5 1.039897456527524e-09 1934
25.75 7.2106160528042e-10 1344
26 4.378784020953785e-10 848
26.25 4.42948945828869e-10 888
26.5 2.900303785624167e-10 584
26.75 1.472342829412643e-10 344
27 4.068951907151608e-11 102
27.25 4.58041580294338e-11 104
27.5 1.06087883693585e-11 24
27.75 7.753180285436506e-14 1

0.25 3.706958121141803e-07 18
0.5 8.625479632119347e-07 62
0.75 8.401293488055459e-07 98
1 1.170257480790038e-06 210
1.25 1.604316615068813e-06 350
1.5 2.139644677013082e-06 450
1.75 3.005342510047745e-06 602
2 3.481199936775704e-06 762
2.25 3.60159238404073e-06 1142
2.5 3.006436080304512e-06 1250
2.75 2.833669768465866e-06 1458
3 3.318824526348891e-06 1814
3.25 3.47355359097607e-06 2178
3.5 3.845354302580175e-06 2498
3.75 3.568948851713655e-06 2622
4 3.719528056467921e-06 3338
4.25 3.321159734329808e-06 3722
4.5 3.151076069495696e-06 4170
4.75 2.815014527698004e-06 4358
5 3.049572880618864e-06 5034
5.25 3.07157150623614e-06 5714
5.5 2.88855450905484e-06 5982
5.75 2.913254668704745e-06 6602
6 2.941881366009321e-06 7130
6.25 3.071499762886958e-06 8034
6.5 3.008871590898325e-06 8606
6.75 2.990170550694659e-06 9066
7 3.065245575241342e-06 9962
7.25 2.973564179792599e-06 10550
7.5 3.023967625717947e-06 11226
7.75 3.049025978347568e-06 12146
8 2.994790843028184e-06 12606
8.25 3.044616720303043e-06 13802
8.5 3.016264144478877e-06 14754
8.75 2.883655088129051e-06 15194
9 2.883779452327377e-06 16454
9.25 2.839401671464311e-06 17154
9.5 2.826695045499473e-06 18266
9.75 2.667341896294642e-06 18750
10 2.663677237738096e-06 20234
10.25 2.622835285762582e-06 21450
10.5 2.466753452070393e-06 21962
10.75 2.394110809266516e-06 23462
11 2.297534347365646e-06 24042
11.25 2.272221753793822e-06 25946
11.5 2.088196857012761e-06 26118
11.75 2.024837553650994e-06 27506
12 1.956423510945947e-06 29066
12.25 1.868444840465248e-06 30450
12.5 1.812532172748173e-06 31742
12.75 1.685188121288592e-06 32250
13 1.634441636945419e-06 34250
13.25 1.573264882911588e-06 35454
13.5 1.487141813148844e-06 36434
13.75 1.396662019239735e-06 37682
14 1.35737945346876e-06 39294
14.25 1.331581532404032e-06 41426
14.5 1.265680445267157e-06 42066
14.75 1.225310591016184e-06 43490
15 1.213593893738845e-06 45702
15.25 1.18908759433479e-06 46634
15.5 1.179297308420589e-06 48554
15.75 1.148754718784786e-06 48870
16 1.133344102978243e-06 50963
16.25 1.018418410340452e-06 51576
16.5 8.488586159097742e-07 49316
16.75 7.266124422586984e-07 49344
17 6.063857319406117e-07 47192
17.25 5.395358789174178e-07 47576
17.5 4.523036796877852e-07 45348
17.75 3.830688410932234e-07 44060
18 3.37525238591386e-07 43872
18.25 2.876104734581225e-07 41756
18.5 2.527541351911115e-07 41528
18.75 2.156173618068936e-07 39300
19 1.865227960798409e-07 38276
19.25 1.619802770933061e-07 36900
19.5 1.415686834708146e-07 34724
19.75 1.261811297032543e-07 33960
20 1.106225998334411e-07 32144
20.25 9.710128478616176e-08 30704
20.5 8.648497787204097e-08 28896
20.75 7.58466945274249e-08 26924
21 6.723349160286197e-08 25656
21.25 5.935334649854006e-08 23228
21.5 5.322124738408154e-08 21816
21.75 4.461294197221599e-08 19472
22 3.841181054197525e-08 17696
22.25 3.225804058013906e-08 15588
22.5 2.537103216991133e-08 13760
22.75 1.855411978866953e-08 11565
23 1.377947294055388e-08 10016
23.25 1.057990258784854e-08 8652
23.5 8.129993375629311e-09 7652
23.75 6.358010976701906e-09 6542
24 4.755021891547775e-09 5478
24.25 3.876061780019928e-09 4886
24.5 2.968878445002198e-09 4068
24.75 2.190772610099358e-09 3326
25 1.799931645565159e-09 2696
25.25 1.418326211827911e-09 2304
25.5 1.039721626134493e-09 1934
25.75 7.135356688168369e-10 1344
26 4.750352531000705e-10 848
26.25 4.453290029308816e-10 888
26.5 2.975727279943979e-10 584
26.75 1.506145202421836e-10 344
27 3.925590027207855e-11 102
27.25 4.678778658986942e-11 104
27.5 9.076794794906395e-12 24
27.75 1.072880250384176e-13 1

0.25 4.97256088974067e-07 18
0.5 8.03316547972621e-07 62
0.75 6.404298322114038e-07 98
1 1.034677000528664e-06 210
1.25 1.578576028908712e-06 350
1.5 2.125130149690246e-06 450
1.75 3.141807796498811e-06 602
2 3.529474345358171e-06 762
2.25 3.604874110262016e-06 1142
2.5 2.998810970420255e-06 1250
2.75 3.045890629074703e-06 1458
3 3.338072233980421e-06 1814
3.25 3.434526198648045e-06 2178
3.5 3.992509319078071e-06 2498
3.75 3.565466888923863e-06 2622
4 3.755754060850361e-06 3338
4.25 3.38669477263023e-06 3722
4.5 3.179538142981791e-06 4170
4.75 2.942608775757227e-06 4358
5 3.12725600398747e-06 5034
5.25 3.142381612182666e-06 5714
5.5 2.949639132265499e-06 5982
5.75 2.951733124056052e-06 6602
6 2.967772656259557e-06 7130
6.25 3.1757024979075e-06 8034
6.5 3.055233060567471e-06 8606
6.75 3.0369777353622e-06 9066
7 3.065683235953994e-06 9962
7.25 3.020365843395119e-06 10550
7.5 3.0702245175539e-06 11226
7.75 3.143899395117441e-06 12146
8 3.020648538479462e-06 12606
8.25 3.034182592866796e-06 13802
8.5 3.068225860976016e-06 14754
8.75 2.926108701880075e-06 15194
9 2.950580382588792e-06 16454
9.25 2.855239309231845e-06 17154
9.5 2.869127925402672e-06 18266
9.75 2.694422510031813e-06 18750
10 2.680025588825102e-06 20234
10.25 2.660777095891771e-06 21450
10.5 2.522298539628564e-06 21962
10.75 2.462899974290121e-06 23462
11 2.314431998364533e-06 24042
11.25 2.291226129265759e-06 25946
11.5 2.093904339685936e-06 26118
11.75 2.060868709281872e-06 27506
12 1.987608285992248e-06 29066
12.25 1.910286812912269e-06 30450
12.5 1.848228954640009e-06 31742
12.75 1.712008006629824e-06 32250
13 1.669125904126031e-06 34250
13.25 1.604819739826104e-06 35454
13.5 1.509242652752465e-06 36434
13.75 1.433865202792333e-06 37682
14 1.404674603258491e-06 39294
14.25 1.375115210519277e-06 41426
14.5 1.299382173208052e-06 42066
14.75 1.261198865169964e-06 43490
15 1.260183893649704e-06 45702
15.25 1.221747286988805e-06 46634
15.5 1.21445458115659e-06 48554
15.75 1.188287534790606e-06 48870
16 1.165004466698903e-06 50963
16.25 1.057702400882945e-06 51576
16.5 8.785801446560007e-07 49316
16.75 7.53550282607504e-07 49344
17 6.358979798615083e-07 47192
17.25 5.577541571841381e-07 47576
17.5 4.626267167599968e-07 45348
17.75 3.993151665611827e-07 44060
18 3.499256861634399e-07 43872
18.25 2.960984985943148e-07 41756
18.5 2.627592370654126e-07 41528
18.75 2.24451391427465e-07 39300
19 1.942206885358443e-07 38276
19.25 1.694266033117615e-07 36900
19.5 1.496690205336065e-07 34724
19.75 1.304380443919396e-07 33960
20 1.151216423238175e-07 32144
20.25 1.018876336958525e-07 30704
20.5 9.056159163535874e-08 28896
20.75 7.793834657480359e-08 26924
21 7.011019159046467e-08 25656
21.25 6.285869031313999e-08 23228
21.5 5.587565292971294e-08 21816
21.75 4.661273224006554e-08 19472
22 4.073223582615776e-08 17696
22.25 3.387487533253416e-08 15588
22.5 2.630559347209786e-08 13760
22.75 1.901493691813031e-08 11565
23 1.436168385568874e-08 10016
23.25 1.094352619801012e-08 8652
23.5 8.519397387119972e-09 7652
23.75 6.591025114754305e-09 6542
24 5.122297978607386e-09 5478
24.25 4.094873601991086e-09 4886
24.5 3.074839797681054e-09 4068
24.75 2.320716773075895e-09 3326
25 1.873093919745675e-09 2696
25.25 1.434849131546265e-09 2304
25.5 1.123385797910185e-09 1934
25.75 7.015469996066983e-10 1344
26 4.980922991737157e-10 848
26.25 4.68785101153275e-10 888
26.5 3.025732575436025e-10 584
26.75 1.66491163042273e-10 344
27 4.722305612642597e-11 102
27.25 4.682283263642997e-11 104
27.5 7.751277364502397e-12 24
27.75 7.936088404350989e-14 1

0.25 4.539931764860869e-07 18
0.5 7.404778648995502e-07 62
0.75 7.757337868421528e-07 98
1 1.238976303792712e-06 210
1.25 1.648462634651391e-06 350
1.5 2.262328765183937e-06 450
1.75 3.107159710878769e-06 602
2 3.633202375783616e-06 762
2.25 3.707166429091929e-06 1142
2.5 3.032040720094359e-06 1250
2.75 2.991111916603701e-06 1458
3 3.413481010952398e-06 1814
3.25 3.448923360260869e-06 2178
3.5 3.897953076433672e-06 2498
3.75 3.591133440235744e-06 2622
4 3.743631055383048e-06 3338
4.25 3.416864837570011e-06 3722
4.5 3.271021351538163e-06 4170
4.75 2.918053480310772e-06 4358
5 3.187239744745489e-06 5034
5.25 3.150756232574913e-06 5714
5.5 2.979079322654136e-06 5982
5.75 3.021243346247182e-06 6602
6 3.033371123458502e-06 7130
6.25 3.165922436487027e-06 8034
6.5 3.148103915862804e-06 8606
6.75 3.088670291479718e-06 9066
7 3.202501340515405e-06 9962
7.25 3.127194575944641e-06 10550
7.5 3.136985459008342e-06 11226
7.75 3.202680250173305e-06 12146
8 3.123917692443991e-06 12606
8.25 3.177564657441584e-06 13802
8.5 3.187101224611365e-06 14754
8.75 3.057193514885461e-06 15194
9 3.045344672401826e-06 16454
9.25 2.953608075432959e-06 17154
9.5 2.970292728696826e-06 18266
9.75 2.798491243745332e-06 18750
10 2.798741652993674e-06 20234
10.25 2.796895100302729e-06 21450
10.5 2.592705168899075e-06 21962
10.75 2.54265149219428e-06 23462
11 2.41645914447473e-06 24042
11.25 2.411919571513836e-06 25946
11.5 2.191943054191511e-06 26118
11.75 2.142567658088674e-06 27506
12 2.080042095241241e-06 29066
12.25 2.008183621308181e-06 30450
12.5 1.93789675083342e-06 31742
12.75 1.799301931473218e-06 32250
13 1.732926710210157e-06 34250
13.25 1.682999955042429e-06 35454
13.5 1.591104184780897e-06 36434
13.75 1.512731968528209e-06 37682
14 1.470816381504883e-06 39294
14.25 1.439485636557074e-06 41426
14.5 1.367370186217859e-06 42066
14.75 1.333337684167374e-06 43490
15 1.331635113982957e-06 45702
15.25 1.286767926363256e-06 46634
15.5 1.292199824101219e-06 48554
15.75 1.268663878961077e-06 48870
16 1.259756790364449e-06 50963
16.25 1.129654556401396e-06 51576
16.5 9.328476432676271e-07 49316
16.75 8.071321041081145e-07 49344
17 6.762994349315265e-07 47192
17.25 5.978937336291616e-07 47576
17.5 5.016474870350465e-07 45348
17.75 4.264304487087785e-07 44060
18 3.713123673540803e-07 43872
18.25 3.187061263373364e-07 41756
18.5 2.792283179735012e-07 41528
18.75 2.378263470106148e-07 39300
19 2.085164260637996e-07 38276
19.25 1.809538962095407e-07 36900
19.5 1.575095159148059e-07 34724
19.75 1.409043417399781e-07 33960
20 1.22365644201986e-07 32144
20.25 1.089089125871236e-07 30704
20.5 9.689174569947277e-08 28896
20.75 8.285952373305199e-08 26924
21 7.449174451238654e-08 25656
21.25 6.624292742713736e-08 23228
21.5 5.912143355738535e-08 21816
21.75 4.973982040589624e-08 19472
22 4.329028739320905e-08 17696
22.25 3.550009434971094e-08 15588
22.5 2.776179299025017e-08 13760
22.75 2.009567173392287e-08 11565
23 1.520867896548296e-08 10016
23.25 1.15045966916021e-08 8652
23.5 9.103731615821362e-09 7652
23.75 6.846298488805439e-09 6542
24 5.576005780902106e-09 5478
24.25 4.263543266591073e-09 4886
24.5 3.255216013939859e-09 4068
24.75 2.475233490144724e-09 3326
25 1.963135292121686e-09 2696
25.25 1.496080938302861e-09 2304
25.5 1.166565423454503e-09 1934
25.75 7.686429577435077e-10 1344
26 5.077475833100821e-10 848
26.25 4.736700052193658e-10 888
26.5 3.013865666926221e-10 584
26.75 1.722231345535414e-10 344
27 5.49462760242444e-11 102
27.25 5.053237901292212e-11 104
27.5 8.473388888642077e-12 24
27.75 1.001966517666334e-13 1

0.25 3.82913777010585e-07 18
0.5 6.826293670034018e-07 62
0.75 9.229101570502209e-07 98
1 1.095414088347612e-06 210
1.25 1.691557282339697e-06 350
1.5 2.262875226982396e-06 450
1.75 3.102059993972252e-06 602
2 3.675488740823418e-06 762
2.25 3.559692185341521e-06 1142
2.5 3.052546758015134e-06 1250
2.75 2.958372939480548e-06 1458
3 3.352472891153466e-06 1814
3.25 3.544581128396602e-06 2178
3.5 3.962528860763391e-06 2498
3.75 3.575590301567733e-06 2622
4 3.812288125217906e-06 3338
4.25 3.385026748879558e-06 3722
4.5 3.334200878514031e-06 4170
4.75 2.98429204412745e-06 4358
5 3.170232582939698e-06 5034
5.25 3.164216513934949e-06 5714
5.5 2.975508378877131e-06 5982
5.75 3.092283277970969e-06 6602
6 3.089767567718969e-06 7130
6.25 3.2298347453053e-06 8034
6.5 3.196232123836074e-06 8606
6.75 3.123661182974485e-06 9066
7 3.133308489677325e-06 9962
7.25 3.160213094308288e-06 10550
7.5 3.173793907967774e-06 11226
7.75 3.246986626095313e-06 12146
8 3.142035129227423e-06 12606
8.25 3.179069612127917e-06 13802
8.5 3.204212854163387e-06 14754
8.75 3.061924037653898e-06 15194
9 3.066353568530986e-06 16454
9.25 3.001028781506649e-06 17154
9.5 2.976530490276326e-06 18266
9.75 2.832394939758254e-06 18750
10 2.77592880280764e-06 20234
10.25 2.799799607606787e-06 21450
10.5 2.621492714993079e-06 21962
10.75 2.548865330552444e-06 23462
11 2.465763299416162e-06 24042
11.25 2.39324881240697e-06 25946
11.5 2.202759674558781e-06 26118
11.75 2.152842986246682e-06 27506
12 2.090522732483753e-06 29066
12.25 2.011474576775151e-06 30450
12.5 1.938344055533216e-06 31742
12.75 1.807164356168088e-06 32250
13 1.759495206725386e-06 34250
13.25 1.707717138346389e-06 35454
13.5 1.611358956532257e-06 36434
13.75 1.513721331313754e-06 37682
14 1.478364691643042e-06 39294
14.25 1.45167196501673e-06 41426
14.5 1.372434243604566e-06 42066
14.75 1.353027576992686e-06 43490
15 1.337513573977072e-06 45702
15.25 1.314739453369169e-06 46634
15.5 1.312334221350778e-06 48554
15.75 1.289941241345528e-06 48870
16 1.257981350343764e-06 50963
16.25 1.141526646323262e-06 51576
16.5 9.404974297404632e-07 49316
16.75 8.155784536327583e-07 49344
17 6.773808351787657e-07 47192
17.25 6.065884163421605e-07 47576
17.5 4.991186790626142e-07 45348
17.75 4.332906138032451e-07 44060
18 3.777887201073374e-07 43872
18.25 3.232185920548063e-07 41756
18.5 2.866028813751335e-07 41528
18.75 2.411015722863158e-07 39300
19 2.102281832562573e-07 38276
19.25 1.81940756208128e-07 36900
19.5 1.611506451648022e-07 34724
19.75 1.426848718454341e-07 33960
20 1.252266036865337e-07 32144
20.25 1.109986370639202e-07 30704
20.5 9.78683165714316e-08 28896
20.75 8.535019836549901e-08 26924
21 7.691341487514372e-08 25656
21.25 6.745522678902553e-08 23228
21.5 6.050287438546627e-08 21816
21.75 5.088133906221144e-08 19472
22 4.353731400026852e-08 17696
22.25 3.634021020389363e-08 15588
22.5 2.833853937208081e-08 13760
22.75 2.070327011121293e-08 11565
23 1.558299954293249e-08 10016
23.25 1.188553626471501e-08 8652
23.5 9.175418200675049e-09 7652
23.75 6.98239893053093e-09 6542
24 5.533605799315629e-09 5478
24.25 4.36873471203946e-09 4886
24.5 3.274634706420925e-09 4068
24.75 2.516741662499102e-09 3326
25 2.054546508980162e-09 2696
25.25 1.620659193523444e-09 2304
25.5 1.220793379872811e-09 1934
25.75 7.885121998289471e-10 1344
26 5.076969748080752e-10 848
26.25 4.810364675056317e-10 888
26.5 3.013568598264114e-10 584
26.75 1.724716510042423e-10 344
27 5.865944371863681e-11 102
27.25 5.457132197351671e-11 104
27.5 1.129427237353615e-11 24
27.75 5.500774818693839e-14 1

0.25 4.446455045675497e-07 18
0.5 7.364424732254676e-07 62
0.75 7.835892589612102e-07 98
1 1.208826652778497e-06 210
1.25 1.786654783532131e-06 350
1.5 2.04926890391649e-06 450
1.75 3.123432043608914e-06 602
2 3.698289556019364e-06 762
2.25 3.701131131617976e-06 1142
2.5 3.04231768336718e-06 1250
2.75 2.944178861422392e-06 1458
3 3.319436175285049e-06 1814
3.25 3.702977054437926e-06 2178
3.5 4.032894717638215e-06 2498
3.75 3.574780150966697e-06 2622
4 3.86294501460621e-06 3338
4.25 3.505519487392633e-06 3722
4.5 3.325077176474e-06 4170
4.75 3.008922070012735e-06 4358
5 3.198819724825386e-06 5034
5.25 3.181083701182467e-06 5714
5.5 3.072003169086546e-06 5982
5.75 3.077165475029967e-06 6602
6 3.088339532896575e-06 7130
6.25 3.215373006220809e-06 8034
6.5 3.229492858476961e-06 8606
6.75 3.145696620370362e-06 9066
7 3.251060716692424e-06 9962
7.25 3.194397707223011e-06 10550
7.5 3.221243946577593e-06 11226
7.75 3.281853977242542e-06 12146
8 3.194580147710351e-06 12606
8.25 3.228554192223587e-06 13802
8.5 3.273030540156342e-06 14754
8.75 3.142116341225508e-06 15194
9 3.109741632839082e-06 16454
9.25 3.015241613506235e-06 17154
9.5 3.047438782748148e-06 18266
9.75 2.882457778893025e-06 18750
10 2.86634923359613e-06 20234
10.25 2.854700097070524e-06 21450
10.5 2.670913350631068e-06 21962
10.75 2.612759927178122e-06 23462
11 2.499389879171227e-06 24042
11.25 2.468723334676285e-06 25946
11.5 2.258280186442506e-06 26118
11.75 2.19722197102519e-06 27506
12 2.151400828521791e-06 29066
12.25 2.043997150685574e-06 30450
12.5 2.000941563431573e-06 31742
12.75 1.874384547673399e-06 32250
13 1.804475894334815e-06 34250
13.25 1.737762751789956e-06 35454
13.5 1.661968688440352e-06 36434
13.75 1.556870066166755e-06 37682
14 1.528628791612761e-06 39294
14.25 1.505001201764694e-06 41426
14.5 1.422845716616296e-06 42066
14.75 1.391313406095484e-06 43490
15 1.374427665671567e-06 45702
15.25 1.346909167789293e-06 46634
15.5 1.352846018769089e-06 48554
15.75 1.322377339026451e-06 48870
16 1.307026495441499e-06 50963
16.25 1.184817009796857e-06 51576
16.5 9.886591686427079e-07 49316
16.75 8.496859384997612e-07 49344
17 7.059534507182998e-07 47192
17.25 6.258405324258509e-07 47576
17.5 5.26195343242919e-07 45348
17.75 4.48010741427393e-07 44060
18 3.954666575765414e-07 43872
18.25 3.390279931535125e-07 41756
18.5 2.977719672234996e-07 41528
18.75 2.532039179739979e-07 39300
19 2.20601450086489e-07 38276
19.25 1.918123359337091e-07 36900
19.5 1.694380575624094e-07 34724
19.75 1.493849638230691e-07 33960
20 1.3086111946669e-07 32144
20.25 1.16746813521967e-07 30704
20.5 1.02567677275417e-07 28896
20.75 8.950964015001778e-08 26924
21 8.128343620902175e-08 25656
21.25 7.094217023393477e-08 23228
21.5 6.369244073389498e-08 21816
21.75 5.387983306078788e-08 19472
22 4.643377773758195e-08 17696
22.25 3.857963564114372e-08 15588
22.5 3.031914718652827e-08 13760
22.75 2.183887782470915e-08 11565
23 1.658406258338707e-08 10016
23.25 1.232337583593115e-08 8652
23.5 9.663376175716789e-09 7652
23.75 7.428943636597448e-09 6542
24 5.786165058907351e-09 5478
24.25 4.720527820823533e-09 4886
24.5 3.611679755575912e-09 4068
24.75 2.572757362955445e-09 3326
25 2.134130455952418e-09 2696
25.25 1.638526440156764e-09 2304
25.5 1.254516966407884e-09 1934
25.75 8.185713396210522e-10 1344
26 5.256592602455027e-10 848
26.25 4.96045558860604e-10 888
26.5 3.133706042711961e-10 584
26.75 1.877419963880291e-10 344
27 6.230646871811554e-11 102
27.25 5.817623700100416e-11 104
27.5 1.214961302257279e-11 24
27.75 1.836640894156516e-14 1

0.25 4.114924178687237e-07 18
0.5 8.10224892172319e-07 62
0.75 7.786301174859638e-07 98
1 1.149638105204953e-06 210
1.25 1.785497975751152e-06 350
1.5 2.355695690723084e-06 450
1.75 3.219048729604414e-06 602
2 3.693590659328451e-06 762
2.25 3.778170065993472e-06 1142
2.5 3.043644682409037e-06 1250
2.75 3.121046473586841e-06 1458
3 3.410089140140429e-06 1814
3.25 3.788211293074628e-06 2178
3.5 4.025586428542289e-06 2498
3.75 3.66613286271971e-06 2622
4 3.835360883265967e-06 3338
4.25 3.474986072182218e-06 3722
4.5 3.324664705030754e-06 4170
4.75 2.995885904632982e-06 4358
5 3.224141607767937e-06 5034
5.25 3.215758347668586e-06 5714
5.5 3.05722788275182e-06 5982
5.75 3.134831468278676e-06 6602
6 3.161301461310966e-06 7130
6.25 3.386400119864819e-06 8034
6.5 3.290637608656176e-06 8606
6.75 3.253029770677909e-06 9066
7 3.306707665600062e-06 9962
7.25 3.22420168645371e-06 10550
7.5 3.291364950419148e-06 11226
7.75 3.33909747708805e-06 12146
8 3.280487596841751e-06 12606
8.25 3.325745406271208e-06 13802
8.5 3.351262389781265e-06 14754
8.75 3.171992338776735e-06 15194
9 3.233272867683804e-06 16454
9.25 3.131813149600689e-06 17154
9.5 3.105868433183142e-06 18266
9.75 2.965984241882738e-06 18750
10 2.94386937536716e-06 20234
10.25 2.928903682748239e-06 21450
10.5 2.750591406214529e-06 21962
10.75 2.691336116792697e-06 23462
11 2.577086855741565e-06 24042
11.25 2.581190571968146e-06 25946
11.5 2.336864559707507e-06 26118
11.75 2.300313574942092e-06 27506
12 2.216538553968242e-06 29066
12.25 2.144230983104003e-06 30450
12.5 2.061073166755911e-06 31742
12.75 1.941131170763152e-06 32250
13 1.866693957843886e-06 34250
13.25 1.81033374308669e-06 35454
13.5 1.714230560098652e-06 36434
13.75 1.618154247885347e-06 37682
14 1.602216069196923e-06 39294
14.25 1.560828219614099e-06 41426
14.5 1.488084632075236e-06 42066
14.75 1.448238841680201e-06 43490
15 1.443157927672729e-06 45702
15.25 1.410648039346679e-06 46634
15.5 1.397594623123723e-06 48554
15.75 1.380431455928717e-06 48870
16 1.36452963550598e-06 50963
16.25 1.239062285893904e-06 51576
16.5 1.025809252350308e-06 49316
16.75 8.768861427206188e-07 49344
17 7.457075348945086e-07 47192
17.25 6.61838640290709e-07 47576
17.5 5.47837312785508e-07 45348
17.75 4.718459005520744e-07 44060
18 4.146119830155595e-07 43872
18.25 3.507320562778361e-07 41756
18.5 3.102976174712422e-07 41528
18.75 2.661794772334208e-07 39300
19 2.318446204838544e-07 38276
19.25 2.013446981972634e-07 36900
19.5 1.759396955343778e-07 34724
19.75 1.58173502580957e-07 33960
20 1.374336969603641e-07 32144
20.25 1.205973275097901e-07 30704
20.5 1.072398761707396e-07 28896
20.75 9.277183664356407e-08 26924
21 8.4524692074999e-08 25656
21.25 7.447903680526566e-08 23228
21.5 6.647201692792927e-08 21816
21.75 5.571793360380718e-08 19472
22 4.827159224235787e-08 17696
22.25 3.974991402284376e-08 15588
22.5 3.085065707963899e-08 13760
22.75 2.295990731689786e-08 11565
23 1.724541692626703e-08 10016
23.25 1.298760783045531e-08 8652
23.5 1.001358337022892e-08 7652
23.75 7.779035029860912e-09 6542
24 6.052355943216629e-09 5478
24.25 4.834611541544191e-09 4886
24.5 3.654214529319712e-09 4068
24.75 2.788120648420409e-09 3326
25 2.194769687765191e-09 2696
25.25 1.639808287548072e-09 2304
25.5 1.324425283796805e-09 1934
25.75 8.783971927934669e-10 1344
26 5.499383904773127e-10 848
26.25 5.171059214411333e-10 888
26.5 3.223978932948017e-10 584
26.75 1.96042130153504e-10 344
27 7.052380614959743e-11 102
27.25 6.451925760189992e-11 104
27.5 1.036045859835872e-11 24
27.75 4.425313681288112e-14 1

0.25 4.040462911639644e-07 18
0.5 8.110142602554108e-07 62
0.75 8.267233516630463e-07 98
1 1.180553453402901e-06 210
1.25 1.726109461907773e-06 350
1.5 2.191242937770266e-06 450
1.75 3.4764354749157e-06 602
2 3.684821621935679e-06 762
2.25 3.619388341379721e-06 1142
2.5 3.063284683649778e-06 1250
2.75 3.0560676477783e-06 1458
3 3.338991590248385e-06 1814
3.25 3.663058004300971e-06 2178
3.5 4.001386209892681e-06 2498
3.75 3.645915479729853e-06 2622
4 3.940360376925758e-06 3338
4.25 3.416510999100093e-06 3722
4.5 3.37887411941479e-06 4170
4.75 3.054497552870502e-06 4358
5 3.27339277619669e-06 5034
5.25 3.244377478847141e-06 5714
5.5 3.078337404034915e-06 5982
5.75 3.146573032309929e-06 6602
6 3.158019729822846e-06 7130
6.25 3.306227431167438e-06 8034
6.5 3.266944939308966e-06 8606
6.75 3.19842680164734e-06 9066
7 3.252133612980812e-06 9962
7.25 3.226839546708682e-06 10550
7.5 3.297698234103548e-06 11226
7.75 3.380245326093358e-06 12146
8 3.306717647721561e-06 12606
8.25 3.291750584081836e-06 13802
8.5 3.349613412982382e-06 14754
8.75 3.200902562183826e-06 15194
9 3.214696044575775e-06 16454
9.25 3.110990334561957e-06 17154
9.5 3.127701847661599e-06 18266
9.75 2.98020160903823e-06 18750
10 2.9570384694409e-06 20234
10.25 2.931226097787839e-06 21450
10.5 2.720119571879952e-06 21962
10.75 2.679839706128455e-06 23462
11 2.580174189857198e-06 24042
11.25 2.549947752933662e-06 25946
11.5 2.312688952416593e-06 26118
11.75 2.291002232191149e-06 27506
12 2.217393784341456e-06 29066
12.25 2.147985903324688e-06 30450
12.5 2.072652508391877e-06 31742
12.75 1.938169105444808e-06 32250
13 1.874399909984122e-06 34250
13.25 1.79967482724201e-06 35454
13.5 1.715853487207157e-06 36434
13.75 1.613640347101572e-06 37682
14 1.586469702034571e-06 39294
14.25 1.55385821315576e-06 41426
14.5 1.493614547751486e-06 42066
14.75 1.473878412347865e-06 43490
15 1.456932638551674e-06 45702
15.25 1.4098422957586e-06 46634
15.5 1.429689813649802e-06 48554
15.75 1.38399510322399e-06 48870
16 1.367142004427064e-06 50963
16.25 1.236349283732726e-06 51576
16.5 1.026946865621944e-06 49316
16.75 8.90938396651828e-07 49344
17 7.498717771753112e-07 47192
17.25 6.604354432188629e-07 47576
17.5 5.535122705018544e-07 45348
17.75 4.731827523594638e-07 44060
18 4.170779694228344e-07 43872
18.25 3.557337664565841e-07 41756
18.5 3.130857287234662e-07 41528
18.75 2.683910002292138e-07 39300
19 2.342630202015429e-07 38276
19.25 2.011159389783972e-07 36900
19.5 1.800165555773262e-07 34724
19.75 1.593940442851493e-07 33960
20 1.38925466446008e-07 32144
20.25 1.230564479330945e-07 30704
20.5 1.108849177439006e-07 28896
20.75 9.538752758215931e-08 26924
21 8.623484620709866e-08 25656
21.25 7.553105041909438e-08 23228
21.5 6.788740890758266e-08 21816
21.75 5.712426229514345e-08 19472
22 4.991334338157476e-08 17696
22.25 4.092068584148639e-08 15588
22.5 3.215722319183914e-08 13760
22.75 2.293040423396023e-08 11565
23 1.787420677015418e-08 10016
23.25 1.339358297095551e-08 8652
23.5 1.041318657392416e-08 7652
23.75 8.015302977841507e-09 6542
24 6.308342323317983e-09 5478
24.25 5.057878070946628e-09 4886
24.5 3.761936452352353e-09 4068
24.75 2.784132941065392e-09 3326
25 2.220957216501886e-09 2696
25.25 1.741069581069185e-09 2304
25.5 1.405075439588599e-09 1934
25.75 9.075530678936241e-10 1344
26 5.644769154526652e-10 848
26.25 5.242049913182553e-10 888
26.5 3.325444263591914e-10 584
26.75 1.960472579736992e-10 344
27 7.073031772889016e-11 102
27.25 6.909381212262271e-11 104
27.5 1.279859815874055e-11 24
27.75 7.771068517570912e-14 1

0.25 5.266163713819129e-07 18
0.5 7.582265811975899e-07 62
0.75 7.754926008152624e-07 98
1 1.102364880166573e-06 210
1.25 1.705138138915474e-06 350
1.5 2.251414572103345e-06 450
1.75 3.336377896453164e-06 602
2 3.782287972524259e-06 762
2.25 3.714632169184481e-06 1142
2.5 3.12387521884902e-06 1250
2.75 2.960560606106069e-06 1458
3 3.452355841963506e-06 1814
3.25 3.570408613150851e-06 2178
3.5 4.082116248863287e-06 2498
3.75 3.623585216987055e-06 2622
4 3.885007392935394e-06 3338
4.25 3.479190547037029e-06 3722
4.5 3.434186964806882e-06 4170
4.75 3.124377709626701e-06 4358
5 3.28006000263528e-06 5034
5.25 3.281368721846445e-06 5714
5.5 3.101668761782464e-06 5982
5.75 3.175275913652175e-06 6602
6 3.194285858985619e-06 7130
6.25 3.371361817124831e-06 8034
6.5 3.324821076455243e-06 8606
6.75 3.262196339994707e-06 9066
7 3.362534971595211e-06 9962
7.25 3.327787069102288e-06 10550
7.5 3.334784888236692e-06 11226
7.75 3.408270484660778e-06 12146
8 3.366576947317864e-06 12606
8.25 3.386590012794561e-06 13802
8.5 3.383517732073342e-06 14754
8.75 3.258927399783433e-06 15194
9 3.287877947079445e-06 16454
9.25 3.215552418644245e-06 17154
9.5 3.163949249574447e-06 18266
9.75 3.016664244991711e-06 18750
10 2.985837906559323e-06 20234
10.25 2.996634837117494e-06 21450
10.5 2.790456752442302e-06 21962
10.75 2.755222060100481e-06 23462
11 2.645220772878297e-06 24042
11.25 2.632389583379864e-06 25946
11.5 2.3840267354262e-06 26118
11.75 2.331517655207974e-06 27506
12 2.275970507450332e-06 29066
12.25 2.187161633938272e-06 30450
12.5 2.109022763081838e-06 31742
12.75 1.985302685772994e-06 32250
13 1.935048509088092e-06 34250
13.25 1.853218644022278e-06 35454
13.5 1.777257616453187e-06 36434
13.75 1.677186045391585e-06 37682
14 1.642885088778686e-06 39294
14.25 1.629413829379716e-06 41426
14.5 1.549136441634929e-06 42066
14.75 1.506704571396486e-06 43490
15 1.512387424909277e-06 45702
15.25 1.479722915587938e-06 46634
15.5 1.476349399145395e-06 48554
15.75 1.443302079771688e-06 48870
16 1.418810137223538e-06 50963
16.25 1.298891276732335e-06 51576
16.5 1.083282690717748e-06 49316
16.75 9.356305395547724e-07 49344
17 7.843816645211461e-07 47192
17.25 6.882673093395639e-07 47576
17.5 5.714012600905561e-07 45348
17.75 5.045629776233677e-07 44060
18 4.352754604684532e-07 43872
18.25 3.708365908016434e-07 41756
18.5 3.287047168339703e-07 41528
18.75 2.802668282953241e-07 39300
19 2.444333782860011e-07 38276
19.25 2.118788821489846e-07 36900
19.5 1.868777736059662e-07 34724
19.75 1.67307455687129e-07 33960
20 1.469588698305382e-07 32144
20.25 1.293400122251565e-07 30704
20.5 1.152797447536164e-07 28896
20.75 1.010829116246603e-07 26924
21 9.044853390916498e-08 25656
21.25 7.933502536192455e-08 23228
21.5 7.050618499850479e-08 21816
21.75 5.962053575248415e-08 19472
22 5.174194074962077e-08 17696
22.25 4.264418704876868e-08 15588
22.5 3.357009254710237e-08 13760
22.75 2.434394066050923e-08 11565
23 1.869616830645445e-08 10016
23.25 1.419403622673006e-08 8652
23.5 1.064048125699115e-08 7652
23.75 8.263486217552057e-09 6542
24 6.501965022721437e-09 5478
24.25 5.214405423739287e-09 4886
24.5 4.009097175449097e-09 4068
24.75 2.930563978892998e-09 3326
25 2.353998269785648e-09 2696
25.25 1.792429261869483e-09 2304
25.5 1.417054746620843e-09 1934
25.75 9.159564630415895e-10 1344
26 5.953688715406129e-10 848
26.25 5.567301219752403e-10 888
26.5 3.563061316444217e-10 584
26.75 1.938999732738559e-10 344
27 6.462691805532408e-11 102
27.25 7.300722627814624e-11 104
27.5 1.268689067359542e-11 24
27.75 1.589267946863781e-13 1

0.25 4.129816896939742e-07 18
0.5 7.677429625041529e-07 62
0.75 8.54850634929783e-07 98
1 1.319945288943701e-06 210
1.25 1.721398239725459e-06 350
1.5 2.239195133701476e-06 450
1.75 3.240078898036418e-06 602
2 3.844871801917598e-06 762
2.25 3.739877845476469e-06 1142
2.5 3.145470069516565e-06 1250
2.75 3.096599998856973e-06 1458
3 3.559244175283765e-06 1814
3.25 3.615439662271893e-06 2178
3.5 4.095133556191628e-06 2498
3.75 3.632554431482576e-06 2622
4 3.827951100764689e-06 3338
4.25 3.582466004008221e-06 3722
4.5 3.43646609727757e-06 4170
4.75 3.05864321564442e-06 4358
5 3.322809354202775e-06 5034
5.25 3.292911540795647e-06 5714
5.5 3.163885165551251e-06 5982
5.75 3.250012600727234e-06 6602
6 3.248432748199849e-06 7130
6.25 3.452074571714239e-06 8034
6.5 3.423357765262012e-06 8606
6.75 3.331376116913634e-06 9066
7 3.346537725128239e-06 9962
7.25 3.386133486383108e-06 10550
7.5 3.335746491460808e-06 11226
7.75 3.462202154184104e-06 12146
8 3.389868223107001e-06 12606
8.25 3.386598046282944e-06 13802
8.5 3.403549556116642e-06 14754
8.75 3.313578547773213e-06 15194
9 3.363459920623439e-06 16454
9.25 3.267896972813154e-06 17154
9.5 3.199302614503737e-06 18266
9.75 3.051580958649578e-06 18750
10 3.08102470044257e-06 20234
10.25 3.034272147478749e-06 21450
10.5 2.878608061791459e-06 21962
10.75 2.832160332805758e-06 23462
11 2.702693979613799e-06 24042
11.25 2.667859068395325e-06 25946
11.5 2.411315750098245e-06 26118
11.75 2.393024943092947e-06 27506
12 2.334783686898591e-06 29066
12.25 2.250141606484017e-06 30450
12.5 2.174635454845624e-06 31742
12.75 2.029840717475037e-06 32250
13 1.977533722405025e-06 34250
13.25 1.896783963993569e-06 35454
13.5 1.815379911261313e-06 36434
13.75 1.730148510044606e-06 37682
14 1.687296435281169e-06 39294
14.25 1.671727671123182e-06 41426
14.5 1.588964723348465e-06 42066
14.75 1.557750957375663e-06 43490
15 1.543922350359167e-06 45702
15.25 1.520262372317531e-06 46634
15.5 1.52376628127686e-06 48554
15.75 1.487593844304671e-06 48870
16 1.461399756595084e-06 50963
16.25 1.336738476028147e-06 51576
16.5 1.108926945863241e-06 49316
16.75 9.523468231956551e-07 49344
17 8.128813784256382e-07 47192
17.25 7.137509534342082e-07 47576
17.5 5.892408922572758e-07 45348
17.75 5.165321635393761e-07 44060
18 4.514319821004221e-07 43872
18.25 3.851140221272283e-07 41756
18.5 3.382404825756679e-07 41528
18.75 2.872899474616636e-07 39300
19 2.499625259669943e-07 38276
19.25 2.197198616070883e-07 36900
19.5 1.927132654068235e-07 34724
19.75 1.703712485533578e-07 33960
20 1.504023510846967e-07 32144
20.25 1.330180682923318e-07 30704
20.5 1.182427861169331e-07 28896
20.75 1.031032931418437e-07 26924
21 9.335711406656225e-08 25656
21.25 8.208141384395465e-08 23228
21.5 7.326003418667571e-08 21816
21.75 6.169915053190314e-08 19472
22 5.280521273839335e-08 17696
22.25 4.402598702907824e-08 15588
22.5 3.438935022233356e-08 13760
22.75 2.532089989463662e-08 11565
23 1.925154691733684e-08 10016
23.25 1.451340044310863e-08 8652
23.5 1.113642212156656e-08 7652
23.75 8.662901305559704e-09 6542
24 6.591002885766321e-09 5478
24.25 5.28163691406731e-09 4886
24.5 4.042634331958488e-09 4068
24.75 3.011702264188019e-09 3326
25 2.463687524990195e-09 2696
25.25 1.851409319460099e-09 2304
25.5 1.413046965646055e-09 1934
25.75 9.263869136482715e-10 1344
26 6.417211459665434e-10 848
26.25 5.794761911131764e-10 888
26.5 3.774072359552849e-10 584
26.75 1.913143276259829e-10 344
27 6.197596542752458e-11 102
27.25 7.118217610101302e-11 104
27.5 1.460239569060706e-11 24
27.75 1.726886375746358e-13 1

0.25 4.835707415402708e-07 18
0.5 8.415282465928441e-07 62
0.75 9.000930333109822e-07 98
1 1.125287400933881e-06 210
1.25 1.788147981075542e-06 350
1.5 2.285311317198e-06 450
1.75 3.234907823133566e-06 602
2 3.675213038473761e-06 762
2.25 3.738687774844665e-06 1142
2.5 3.113581449994963e-06 1250
2.75 3.065728302749108e-06 1458
3 3.4470307970687e-06 1814
3.25 3.654183426073753e-06 2178
3.5 4.112554384557221e-06 2498
3.75 3.713733962294193e-06 2622
4 3.914331091445224e-06 3338
4.25 3.540046689485404e-06 3722
4.5 3.453321329871032e-06 4170
4.75 3.130033198407605e-06 4358
5 3.33217354426507e-06 5034
5.25 3.288729789817246e-06 5714
5.5 3.142661525602137e-06 5982
5.75 3.244501619831434e-06 6602
6 3.224824165443731e-06 7130
6.25 3.410189695382426e-06 8034
6.5 3.439457149233467e-06 8606
6.75 3.28976909160778e-06 9066
7 3.402692085380909e-06 9962
7.25 3.413778574020278e-06 10550
7.5 3.374341295221728e-06 11226
7.75 3.474880007985716e-06 12146
8 3.425411551020147e-06 12606
8.25 3.440455685432853e-06 13802
8.5 3.485727424640046e-06 14754
8.75 3.300611351597121e-06 15194
9 3.312974462716047e-06 16454
9.25 3.24551674342409e-06 17154
9.5 3.22767553188626e-06 18266
9.75 3.09735319173399e-06 18750
10 3.099136971286271e-06 20234
10.25 3.057367532821087e-06 21450
10.5 2.875530093502664e-06 21962
10.75 2.806432919410306e-06 23462
11 2.665273070309425e-06 24042
11.25 2.654900770965442e-06 25946
11.5 2.426581980754576e-06 26118
11.75 2.403667327048673e-06 27506
12 2.331676749095255e-06 29066
12.25 2.232373408666461e-06 30450
12.5 2.170466003982993e-06 31742
12.75 2.050136102430223e-06 32250
13 1.993782509650896e-06 34250
13.25 1.899493475271144e-06 35454
13.5 1.831122768766896e-06 36434
13.75 1.726741198552488e-06 37682
14 1.71215997946534e-06 39294
14.25 1.672730162140677e-06 41426
14.5 1.597950488209506e-06 42066
14.75 1.565335973384716e-06 43490
15 1.569475058226332e-06 45702
15.25 1.526897532038351e-06 46634
15.5 1.528212512716285e-06 48554
15.75 1.488642399396229e-06 48870
16 1.481126093175665e-06 50963
16.25 1.352025417555916e-06 51576
16.5 1.12019431768717e-06 49316
16.75 9.646425460177077e-07 49344
17 8.190738703634202e-07 47192
17.25 7.183932296403265e-07 47576
17.5 6.057496449355513e-07 45348
17.75 5.227073460735917e-07 44060
18 4.584767242219935e-07 43872
18.25 3.865136050022335e-07 41756
18.5 3.404868551316361e-07 41528
18.75 2.926090347103729e-07 39300
19 2.573272009229732e-07 38276
19.25 2.210799253757835e-07 36900
19.5 1.942279211224099e-07 34724
19.75 1.75646002749793e-07 33960
20 1.523796316401549e-07 32144
20.25 1.353525255599417e-07 30704
20.5 1.205805490632911e-07 28896
20.75 1.044525173647221e-07 26924
21 9.439339030741959e-08 25656
21.25 8.390896347258849e-08 23228
21.5 7.431697544975784e-08 21816
21.75 6.265956271860598e-08 19472
22 5.497098230678159e-08 17696
22.25 4.533306041572352e-08 15588
22.5 3.543487633274361e-08 13760
22.75 2.617157479659743e-08 11565
23 1.982289068070719e-08 10016
23.25 1.492695698027285e-08 8652
23.5 1.148125043016148e-08 7652
23.75 8.674731665560488e-09 6542
24 6.856174674190355e-09 5478
24.25 5.473633436627154e-09 4886
24.5 4.187533210019237e-09 4068
24.75 3.073767248199739e-09 3326
25 2.537650238405147e-09 2696
25.25 1.929294547198895e-09 2304
25.5 1.489823754970024e-09 1934
25.75 9.775490320291555e-10 1344
26 6.383907189003991e-10 848
26.25 5.849717646244234e-10 888
26.5 3.791321809412147e-10 584
26.75 1.976369235615545e-10 344
27 6.242040716033651e-11 102
27.25 6.948481365052618e-11 104
27.5 1.454471910542067e-11 24
27.75 2.477062951535303e-13 1

0.25 4.721068008982969e-07 18
0.5 8.489765289846738e-07 62
0.75 7.19534775307272e-07 98
1 1.125124950033446e-06 210
1.25 1.860724829913576e-06 350
1.5 2.231754312079277e-06 450
1.75 3.149019989410316e-06 602
2 3.615542280484278e-06 762
2.25 3.810097994295636e-06 1142
2.5 3.058513315848983e-06 1250
2.75 3.104329063377098e-06 1458
3 3.378772629688823e-06 1814
3.25 3.631828432744658e-06 2178
3.5 4.038752589398569e-06 2498
3.75 3.732523190892078e-06 2622
4 3.989285107978573e-06 3338
4.25 3.576512716039822e-06 3722
4.5 3.521934390529673e-06 4170
4.75 3.093796552693213e-06 4358
5 3.324383406632348e-06 5034
5.25 3.350854732617257e-06 5714
5.5 3.226435153667084e-06 5982
5.75 3.311130719688294e-06 6602
6 3.28467061664507e-06 7130
6.25 3.466197399992329e-06 8034
6.5 3.447570493857007e-06 8606
6.75 3.37985548531003e-06 9066
7 3.459768151939634e-06 9962
7.25 3.466928812804039e-06 10550
7.5 3.448391488061185e-06 11226
7.75 3.542687995684926e-06 12146
8 3.464788847783597e-06 12606
8.25 3.445450409592179e-06 13802
8.5 3.54028891072352e-06 14754
8.75 3.35651684403686e-06 15194
9 3.3765412555426e-06 16454
9.25 3.338988210340108e-06 17154
9.5 3.320787298493278e-06 18266
9.75 3.125861907253476e-06 18750
10 3.17923458077246e-06 20234
10.25 3.124512084005962e-06 21450
10.5 2.942916610302728e-06 21962
10.75 2.868484827490027e-06 23462
11 2.748353297345665e-06 24042
11.25 2.75244692502704e-06 25946
11.5 2.505438299125837e-06 26118
11.75 2.440523568525267e-06 27506
12 2.40090542664668e-06 29066
12.25 2.326121063707773e-06 30450
12.5 2.244627507472739e-06 31742
12.75 2.086032816949463e-06 32250
13 2.048526781690239e-06 34250
13.25 1.955594003921304e-06 35454
13.5 1.864148214837818e-06 36434
13.75 1.779768149557472e-06 37682
14 1.747585349667729e-06 39294
14.25 1.723558799091199e-06 41426
14.5 1.654943328635249e-06 42066
14.75 1.631802917425444e-06 43490
15 1.625413027696139e-06 45702
15.25 1.581491628627704e-06 46634
15.5 1.587908165150906e-06 48554
15.75 1.555053499132527e-06 48870
16 1.523432309998287e-06 50963
16.25 1.39323769558033e-06 51576
16.5 1.158750610947243e-06 49316
16.75 1.005098932021727e-06 49344
17 8.505873160803786e-07 47192
17.25 7.534888412065787e-07 47576
17.5 6.246214244529054e-07 45348
17.75 5.396995541692941e-07 44060
18 4.786618731390797e-07 43872
18.25 4.063401209374519e-07 41756
18.5 3.550900851800903e-07 41528
18.75 3.060354523581577e-07 39300
19 2.665898252045412e-07 38276
19.25 2.329191595983604e-07 36900
19.5 2.057357454699409e-07 34724
19.75 1.849255407554401e-07 33960
20 1.590630493484077e-07 32144
20.25 1.423706229007643e-07 30704
20.5 1.25109504616761e-07 28896
20.75 1.099763381452114e-07 26924
21 9.929371928075463e-08 25656
21.25 8.843439562268866e-08 23228
21.5 7.962919280213721e-08 21816
21.75 6.623083566021225e-08 19472
22 5.757296739292393e-08 17696
22.25 4.74552233132423e-08 15588
22.5 3.689325215395638e-08 13760
22.75 2.736978655000549e-08 11565
23 2.031004060392961e-08 10016
23.25 1.566588512975265e-08 8652
23.5 1.178529126055265e-08 7652
23.75 9.040022282200836e-09 6542
24 7.20391290043906e-09 5478
24.25 5.704463278303337e-09 4886
24.5 4.32624595010459e-09 4068
24.75 3.272756082596049e-09 3326
25 2.570567770667937e-09 2696
25.25 2.008172477610386e-09 2304
25.5 1.592716274134295e-09 1934
25.75 1.052853474144525e-09 1344
26 6.535079152557182e-10 848
26.25 6.069358048317452e-10 888
26.5 4.15342256586603e-10 584
26.75 1.971070962636136e-10 344
27 6.027706599979871e-11 102
27.25 6.813335792110446e-11 104
27.5 1.410477404358966e-11 24
27.75 1.124695677357674e-13 1

0.25 3.542438552473824e-07 18
0.5 7.389935019756861e-07 62
0.75 7.264097075569528e-07 98
1 1.266187087368036e-06 210
1.25 1.846776211201699e-06 350
1.5 2.329500122559906e-06 450
1.75 3.154445901808462e-06 602
2 3.746477762397242e-06 762
2.25 3.601006790950775e-06 1142
2.5 3.08060483732011e-06 1250
2.75 3.0603180281319e-06 1458
3 3.497294065992429e-06 1814
3.25 3.594961930819728e-06 2178
3.5 4.185072802628848e-06 2498
3.75 3.710327266484086e-06 2622
4 4.116637253307096e-06 3338
4.25 3.520588845728245e-06 3722
4.5 3.588358072732674e-06 4170
4.75 3.18653669225355e-06 4358
5 3.343843694450028e-06 5034
5.25 3.362931362083797e-06 5714
5.5 3.202120703560179e-06 5982
5.75 3.320212284743485e-06 6602
6 3.32289984744774e-06 7130
6.25 3.494237030127823e-06 8034
6.5 3.430013254395323e-06 8606
6.75 3.456587601921268e-06 9066
7 3.500086318609761e-06 9962
7.25 3.472339196131505e-06 10550
7.5 3.45369481292558e-06 11226
7.75 3.533934311861308e-06 12146
8 3.51812977885464e-06 12606
8.25 3.536786052658482e-06 13802
8.5 3.610669453992628e-06 14754
8.75 3.406031905267832e-06 15194
9 3.467016893779016e-06 16454
9.25 3.365237507857046e-06 17154
9.5 3.316764090734663e-06 18266
9.75 3.154732056355473e-06 18750
10 3.175877494546403e-06 20234
10.25 3.145186188562192e-06 21450
10.5 2.984118284937487e-06 21962
10.75 2.912034392832175e-06 23462
11 2.79768770844871e-06 24042
11.25 2.783638977435301e-06 25946
11.5 2.552532773678663e-06 26118
11.75 2.517699961850453e-06 27506
12 2.43731102578575e-06 29066
12.25 2.351038191013333e-06 30450
12.5 2.269336591360312e-06 31742
12.75 2.130523918716748e-06 32250
13 2.083080996806025e-06 34250
13.25 2.008087251304439e-06 35454
13.5 1.916361620385659e-06 36434
13.75 1.840873517269183e-06 37682
14 1.792597119220272e-06 39294
14.25 1.751573282724603e-06 41426
14.5 1.685485310063133e-06 42066
14.75 1.638638622668505e-06 43490
15 1.643272602047149e-06 45702
15.25 1.618744078075632e-06 46634
15.5 1.609713589607609e-06 48554
15.75 1.586413125208964e-06 48870
16 1.573065461146229e-06 50963
16.25 1.428216228326921e-06 51576
16.5 1.200104798312668e-06 49316
16.75 1.023117205043116e-06 49344
17 8.657662345129063e-07 47192
17.25 7.691336962943575e-07 47576
17.5 6.394502270767822e-07 45348
17.75 5.495304764457523e-07 44060
18 4.913611929799415e-07 43872
18.25 4.131797045643182e-07 41756
18.5 3.655887868009715e-07 41528
18.75 3.122429920519177e-07 39300
19 2.716763491154021e-07 38276
19.25 2.393508016763521e-07 36900
19.5 2.088468993863442e-07 34724
19.75 1.851441857234927e-07 33960
20 1.636272393063368e-07 32144
20.25 1.453539795433945e-07 30704
20.5 1.279654619616158e-07 28896
20.75 1.120142978154229e-07 26924
21 1.016512366975032e-07 25656
21.25 8.867713078497629e-08 23228
21.5 8.179565080631007e-08 21816
21.75 6.778069655522373e-08 19472
22 5.882634099828557e-08 17696
22.25 4.800425057831937e-08 15588
22.5 3.818746347570405e-08 13760
22.75 2.764499362451597e-08 11565
23 2.130334583078309e-08 10016
23.25 1.595776408058607e-08 8652
23.5 1.2052951174682e-08 7652
23.75 9.325667121572085e-09 6542
24 7.543016292952149e-09 5478
24.25 5.846490283627975e-09 4886
24.5 4.542003754006404e-09 4068
24.75 3.325156890930097e-09 3326
25 2.651692461178903e-09 2696
25.25 2.134877748851359e-09 2304
25.5 1.596771588844179e-09 1934
25.75 1.038983009776505e-09 1344
26 6.632428364147892e-10 848
26.25 6.152598713466529e-10 888
26.5 4.175471291974005e-10 584
26.75 2.227687161149552e-10 344
27 6.364056334679314e-11 102
27.25 7.26900915009144e-11 104
27.5 1.196379165733248e-11 24
27.75 5.760504996628534e-14 1

0.25 5.609451169188388e-07 18
0.5 6.748853561998533e-07 62
0.75 9.077880446127666e-07 98
1 1.125825470737925e-06 210
1.25 1.803536457372307e-06 350
1.5 2.236393691393264e-06 450
1.75 3.12411387088891e-06 602
2 3.863545891654687e-06 762
2.25 3.899589091074156e-06 1142
2.5 3.123803632570968e-06 1250
2.75 3.069289394781876e-06 1458
3 3.548185747895949e-06 1814
3.25 3.61668843461483e-06 2178
3.5 4.073537891485892e-06 2498
3.75 3.638464906558261e-06 2622
4 4.095055833535858e-06 3338
4.25 3.570127268803423e-06 3722
4.5 3.584527245452154e-06 4170
4.75 3.130165098753819e-06 4358
5 3.393328106502935e-06 5034
5.25 3.388470214398817e-06 5714
5.5 3.199655508725161e-06 5982
5.75 3.28442288964156e-06 6602
6 3.360433132867445e-06 7130
6.25 3.530017108238947e-06 8034
6.5 3.440639659875221e-06 8606
6.75 3.410488558199804e-06 9066
7 3.524006288767074e-06 9962
7.25 3.4798575531131e-06 10550
7.5 3.496242816528019e-06 11226
7.75 3.570972882782188e-06 12146
8 3.535147870551102e-06 12606
8.25 3.556353923594422e-06 13802
8.5 3.577595306974923e-06 14754
8.75 3.383305555035473e-06 15194
9 3.458871623729228e-06 16454
9.25 3.367415246663241e-06 17154
9.5 3.311145819619781e-06 18266
9.75 3.182688086078483e-06 18750
10 3.186164687493447e-06 20234
10.25 3.135898144030148e-06 21450
10.5 2.982205473381912e-06 21962
10.75 2.918777423236893e-06 23462
11 2.799563201199122e-06 24042
11.25 2.75741829194484e-06 25946
11.5 2.561936501360138e-06 26118
11.75 2.519036307912346e-06 27506
12 2.424135564750172e-06 29066
12.25 2.358166608778987e-06 30450
12.5 2.284203665695662e-06 31742
12.75 2.129163707312519e-06 32250
13 2.093118298876806e-06 34250
13.25 2.023757762801707e-06 35454
13.5 1.916865836739949e-06 36434
13.75 1.829612647334741e-06 37682
14 1.806748254299067e-06 39294
14.25 1.770513802425648e-06 41426
14.5 1.687852945289743e-06 42066
14.75 1.655531751634256e-06 43490
15 1.646704270869493e-06 45702
15.25 1.624772352381118e-06 46634
15.5 1.63871154608922e-06 48554
15.75 1.608081455961621e-06 48870
16 1.584981512780891e-06 50963
16.25 1.448383486827405e-06 51576
16.5 1.194298548800914e-06 49316
16.75 1.039162177006843e-06 49344
17 8.739119544036479e-07 47192
17.25 7.732442356498004e-07 47576
17.5 6.515443243397211e-07 45348
17.75 5.602813905080864e-07 44060
18 4.957676865484016e-07 43872
18.25 4.189825401626371e-07 41756
18.5 3.715277403382869e-07 41528
18.75 3.204127799135546e-07 39300
19 2.780163734659163e-07 38276
19.25 2.426065985944882e-07 36900
19.5 2.130738394269362e-07 34724
19.75 1.911538440982522e-07 33960
20 1.651402975824668e-07 32144
20.25 1.48076909958864e-07 30704
20.5 1.323973788159897e-07 28896
20.75 1.134773702468016e-07 26924
21 1.037878918606999e-07 25656
21.25 9.135320632703803e-08 23228
21.5 8.237619306461126e-08 21816
21.75 6.971555176499014e-08 19472
22 6.008759611593699e-08 17696
22.25 4.953808250413985e-08 15588
22.5 3.96074411027187e-08 13760
22.75 2.842080482054519e-08 11565
23 2.132614358991126e-08 10016
23.25 1.602000993881744e-08 8652
23.5 1.235784723111328e-08 7652
23.75 9.616151444116199e-09 6542
24 7.568754050800061e-09 5478
24.25 6.049276631728685e-09 4886
24.5 4.726400404577373e-09 4068
24.75 3.411097782668356e-09 3326
25 2.666331123266024e-09 2696
25.25 2.125583955655785e-09 2304
25.5 1.663785176217265e-09 1934
25.75 1.078399541430594e-09 1344
26 6.533447939993546e-10 848
26.25 6.262368546000554e-10 888
26.5 4.129825085969268e-10 584
26.75 2.292364744622727e-10 344
27 6.058732174006777e-11 102
27.25 6.916362191155541e-11 104
27.5 1.247836819928503e-11 24
27.75 1.741107168416309e-16 1

0.25 3.101632944153911e-07 18
0.5 6.927356091102355e-07 62
0.75 8.297473234285904e-07 98
1 1.200384752215079e-06 210
1.25 1.748229554480174e-06 350
1.5 2.234219179201429e-06 450
1.75 3.167950027365833e-06 602
2 3.812704781325945e-06 762
2.25 3.798644182085101e-06 1142
2.5 3.175716192265855e-06 1250
2.75 3.172551603860224e-06 1458
3 3.499896856582337e-06 1814
3.25 3.654425376302488e-06 2178
3.5 4.183906620802114e-06 2498
3.75 3.686692347455595e-06 2622
4 4.05144660896587e-06 3338
4.25 3.589975830935044e-06 3722
4.5 3.584526755876953e-06 4170
4.75 3.163000677317418e-06 4358
5 3.390199077465872e-06 5034
5.25 3.430129755673472e-06 5714
5.5 3.336274751432824e-06 5982
5.75 3.304384671551821e-06 6602
6 3.376306721751555e-06 7130
6.25 3.545246592085049e-06 8034
6.5 3.480585312216059e-06 8606
6.75 3.400586712478577e-06 9066
7 3.553047970307973e-06 9962
7.25 3.528839677033682e-06 10550
7.5 3.449381553013344e-06 11226
7.75 3.587772636865518e-06 12146
8 3.515523938104004e-06 12606
8.25 3.546383305826995e-06 13802
8.5 3.600897874591119e-06 14754
8.75 3.417688808325058e-06 15194
9 3.514547178969601e-06 16454
9.25 3.394223836031108e-06 17154
9.5 3.370296262536403e-06 18266
9.75 3.23134192584357e-06 18750
10 3.239768266496703e-06 20234
10.25 3.207441862407299e-06 21450
10.5 3.052065142059271e-06 21962
10.75 2.976858313502869e-06 23462
11 2.846710418377344e-06 24042
11.25 2.811021950021851e-06 25946
11.5 2.620337711888691e-06 26118
11.75 2.567750330539339e-06 27506
12 2.478435805304361e-06 29066
12.25 2.425068790328356e-06 30450
12.5 2.318667275565856e-06 31742
12.75 2.183180241160952e-06 32250
13 2.144281178009849e-06 34250
13.25 2.077130605533536e-06 35454
13.5 1.9924081329225e-06 36434
13.75 1.894433390532679e-06 37682
14 1.839992296533978e-06 39294
14.25 1.805534125494454e-06 41426
14.5 1.740648867117521e-06 42066
14.75 1.706279584653038e-06 43490
15 1.719995000934011e-06 45702
15.25 1.681864034292795e-06 46634
15.5 1.681863845728349e-06 48554
15.75 1.652343952944044e-06 48870
16 1.632242484693506e-06 50963
16.25 1.482212554541672e-06 51576
16.5 1.242952808247022e-06 49316
16.75 1.077972213330602e-06 49344
17 9.109182655395516e-07 47192
17.25 8.026129961689606e-07 47576
17.5 6.74241435994207e-07 45348
17.75 5.790780093556794e-07 44060
18 5.144529502905671e-07 43872
18.25 4.352610846329183e-07 41756
18.5 3.855726713599831e-07 41528
18.75 3.311471475245879e-07 39300
19 2.907653321069071e-07 38276
19.25 2.52467538107167e-07 36900
19.5 2.206469695621347e-07 34724
19.75 1.984173766636196e-07 33960
20 1.717868453053685e-07 32144
20.25 1.539146129641196e-07 30704
20.5 1.368954945195207e-07 28896
20.75 1.190601195222069e-07 26924
21 1.081908093223822e-07 25656
21.25 9.553383232065206e-08 23228
21.5 8.492741274192558e-08 21816
21.75 7.19794959622654e-08 19472
22 6.223045790263486e-08 17696
22.25 5.142837056407578e-08 15588
22.5 4.128557799058791e-08 13760
22.75 2.952580534221547e-08 11565
23 2.251329313703218e-08 10016
23.25 1.711435601818189e-08 8652
23.5 1.308969782629937e-08 7652
23.75 1.002825686133067e-08 6542
24 7.844827297666799e-09 5478
24.25 6.370292492569939e-09 4886
24.5 4.751996297020082e-09 4068
24.75 3.485263484691185e-09 3326
25 2.923321168028874e-09 2696
25.25 2.184204125997523e-09 2304
25.5 1.696819100405631e-09 1934
25.75 1.162498506161434e-09 1344
26 6.803333361472369e-10 848
26.25 6.456475026813988e-10 888
26.5 4.280393952805866e-10 584
26.75 2.558864846976316e-10 344
27 7.084997136572422e-11 102
27.25 7.069868034646459e-11 104
27.5 1.441051389799685e-11 24
27.75 7.066883762076959e-14 1

0.25 5.74068692008021e-07 18
0.5 7.664287814863267e-07 62
0.75 8.029745225835678e-07 98
1 1.189864626003727e-06 210
1.25 1.727563705555657e-06 350
1.5 2.372051374308166e-06 450
1.75 3.221443370404017e-06 602
2 3.786350496575357e-06 762
2.25 3.675058491741505e-06 1142
2.5 3.157040802769689e-06 1250
2.75 3.038423358810452e-06 1458
3 3.518012472261819e-06 1814
3.25 3.642323673928298e-06 2178
3.5 4.077230507920269e-06 2498
3.75 3.783732394541101e-06 2622
4 4.012551528350817e-06 3338
4.25 3.594818480313719e-06 3722
4.5 3.595269477599983e-06 4170
4.75 3.212464540776192e-06 4358
5 3.380795455078649e-06 5034
5.25 3.427663704487238e-06 5714
5.5 3.20238658398034e-06 5982
5.75 3.368138773555294e-06 6602
6 3.306219247631343e-06 7130
6.25 3.511198720981216e-06 8034
6.5 3.526164610758006e-06 8606
6.75 3.482250901248228e-06 9066
7 3.559322608291358e-06 9962
7.25 3.538936049149931e-06 10550
7.5 3.567721599477498e-06 11226
7.75 3.624818917994524e-06 12146
8 3.543029884303936e-06 12606
8.25 3.608281659625488e-06 13802
8.5 3.638353506957707e-06 14754
8.75 3.46042571571587e-06 15194
9 3.519482072763266e-06 16454
9.25 3.419910722757222e-06 17154
9.5 3.425935958033606e-06 18266
9.75 3.244408275552774e-06 18750
10 3.290958575349618e-06 20234
10.25 3.201102441521987e-06 21450
10.5 3.07998397341985e-06 21962
10.75 2.965974510662528e-06 23462
11 2.860585192520233e-06 24042
11.25 2.870812742019923e-06 25946
11.5 2.630214232214989e-06 26118
11.75 2.595119547999339e-06 27506
12 2.506600248997493e-06 29066
12.25 2.419912205911189e-06 30450
12.5 2.360825330394991e-06 31742
12.75 2.217367221553731e-06 32250
13 2.160583773704844e-06 34250
13.25 2.070928609731387e-06 35454
13.5 1.988374646926217e-06 36434
13.75 1.913579694793939e-06 37682
14 1.870464985091702e-06 39294
14.25 1.830038637058841e-06 41426
14.5 1.779847090333684e-06 42066
14.75 1.723474798160414e-06 43490
15 1.733731645501693e-06 45702
15.25 1.695524556215018e-06 46634
15.5 1.698221017672452e-06 48554
15.75 1.672832189157913e-06 48870
16 1.648088983412437e-06 50963
16.25 1.514557486577924e-06 51576
16.5 1.256999853327003e-06 49316
16.75 1.082695302549035e-06 49344
17 9.29659097148891e-07 47192
17.25 8.094819520562091e-07 47576
17.5 6.780426478857773e-07 45348
17.75 5.856177876313786e-07 44060
18 5.211506940400335e-07 43872
18.25 4.466458587004121e-07 41756
18.5 3.904349869459812e-07 41528
18.75 3.361759954477836e-07 39300
19 2.954905286336954e-07 38276
19.25 2.555051536441568e-07 36900
19.5 2.248760629519482e-07 34724
19.75 1.996458948658733e-07 33960
20 1.770162708786011e-07 32144
20.25 1.571186619641482e-07 30704
20.5 1.398909506423957e-07 28896
20.75 1.215519598442469e-07 26924
21 1.107411893242304e-07 25656
21.25 9.670919925067582e-08 23228
21.5 8.717848117987524e-08 21816
21.75 7.382183545866775e-08 19472
22 6.33860018847462e-08 17696
22.25 5.251727646209069e-08 15588
22.5 4.150020842141338e-08 13760
22.75 3.015601436761403e-08 11565
23 2.295956823415648e-08 10016
23.25 1.731187423373971e-08 8652
23.5 1.317060667190123e-08 7652
23.75 1.03855795150393e-08 6542
24 7.933803149269228e-09 5478
24.25 6.400566517479498e-09 4886
24.5 4.946916848251992e-09 4068
24.75 3.584050563005755e-09 3326
25 2.926431662909796e-09 2696
25.25 2.27702355935667e-09 2304
25.5 1.723503538501737e-09 1934
25.75 1.157841699969634e-09 1344
26 7.514817644111046e-10 848
26.25 6.718194936847015e-10 888
26.5 4.488821852910608e-10 584
26.75 2.61635763838738e-10 344
27 8.115362390015811e-11 102
27.25 7.573403538717256e-11 104
27.5 1.560622368745543e-11 24
27.75 9.250751305371819e-14 1

0.25 4.15966810532666e-07 18
0.5 8.025372377816073e-07 62
0.75 9.33598624598735e-07 98
1 1.127099519367037e-06 210
1.25 1.782886619809458e-06 350
1.5 2.187647543929016e-06 450
1.75 3.256365228837867e-06 602
2 3.868574322216909e-06 762
2.25 3.815160027946549e-06 1142
2.5 3.111133066518285e-06 1250
2.75 3.152555565234525e-06 1458
3 3.429269626708128e-06 1814
3.25 3.621824294971371e-06 2178
3.5 4.214917662544941e-06 2498
3.75 3.794736851779005e-06 2622
4 4.015581631249794e-06 3338
4.25 3.62823265267433e-06 3722
4.5 3.599669630645377e-06 4170
4.75 3.192530894662611e-06 4358
5 3.391717335405547e-06 5034
5.25 3.44265305928842e-06 5714
5.5 3.312934969619197e-06 5982
5.75 3.383225115610115e-06 6602
6 3.40858039431114e-06 7130
6.25 3.551994010807985e-06 8034
6.5 3.541383355535619e-06 8606
6.75 3.410946977348021e-06 9066
7 3.60849383383732e-06 9962
7.25 3.502497940418177e-06 10550
7.5 3.584566279150229e-06 11226
7.75 3.637514698952878e-06 12146
8 3.546449627023174e-06 12606
8.25 3.574467589729761e-06 13802
8.5 3.695736795322551e-06 14754
8.75 3.500877161503482e-06 15194
9 3.532860247197459e-06 16454
9.25 3.47863272180066e-06 17154
9.5 3.479431421970255e-06 18266
9.75 3.280268367807434e-06 18750
10 3.289814070948742e-06 20234
10.25 3.26522078352144e-06 21450
10.5 3.068995032275489e-06 21962
10.75 3.038550909626487e-06 23462
11 2.901618786015716e-06 24042
11.25 2.884040397461807e-06 25946
11.5 2.644327300150148e-06 26118
11.75 2.603618494091343e-06 27506
12 2.540268012473855e-06 29066
12.25 2.447978445257774e-06 30450
12.5 2.369092128757142e-06 31742
12.75 2.217349714453906e-06 32250
13 2.165291606140852e-06 34250
13.25 2.098640901684942e-06 35454
13.5 2.006438049492671e-06 36434
13.75 1.925882847233141e-06 37682
14 1.880831884129947e-06 39294
14.25 1.841730783979762e-06 41426
14.5 1.785293828303671e-06 42066
14.75 1.746663985985525e-06 43490
15 1.74374290917781e-06 45702
15.25 1.718563786431175e-06 46634
15.5 1.723874100335514e-06 48554
15.75 1.692120642866025e-06 48870
16 1.682103438192759e-06 50963
16.25 1.526531505196584e-06 51576
16.5 1.271915208642671e-06 49316
16.75 1.10161809016963e-06 49344
17 9.352130630166277e-07 47192
17.25 8.322257001210422e-07 47576
17.5 6.951869684787633e-07 45348
17.75 5.942423782186631e-07 44060
18 5.329737348922804e-07 43872
18.25 4.500767703460013e-07 41756
18.5 3.979933573931951e-07 41528
18.75 3.445293090555706e-07 39300
19 2.970673601654112e-07 38276
19.25 2.60658564559281e-07 36900
19.5 2.27494986769317e-07 34724
19.75 2.054591691048046e-07 33960
20 1.79243308549523e-07 32144
20.25 1.593772637675867e-07 30704
20.5 1.424781379300588e-07 28896
20.75 1.243059122017605e-07 26924
21 1.127420195080957e-07 25656
21.25 9.851944620679122e-08 23228
21.5 8.897189485307381e-08 21816
21.75 7.491504015978802e-08 19472
22 6.440363666757289e-08 17696
22.25 5.450385300661814e-08 15588
22.5 4.237991443296222e-08 13760
22.75 3.119934182613962e-08 11565
23 2.317089334178288e-08 10016
23.25 1.769968276001524e-08 8652
23.5 1.365189893185463e-08 7652
23.75 1.034185443334639e-08 6542
24 7.859255871506056e-09 5478
24.25 6.598116737280156e-09 4886
24.5 4.999623531892377e-09 4068
24.75 3.683372839294473e-09 3326
25 2.945564869138556e-09 2696
25.25 2.337234107460942e-09 2304
25.5 1.854430165192476e-09 1934
25.75 1.118527729103232e-09 1344
26 7.864966259621525e-10 848
26.25 6.993723299811171e-10 888
26.5 4.637837260665244e-10 584
26.75 2.659543827280227e-10 344
27 8.555278301600182e-11 102
27.25 7.353799211321044e-11 104
27.5 2.028367217498878e-11 24
27.75 2.739483146780212e-13 1

0.25 4.059246813085563e-07 18
0.5 7.907746464330494e-07 62
0.75 7.810255688667423e-07 98
1 1.203021479849463e-06 210
1.25 1.839191839684007e-06 350
1.5 2.297067497376633e-06 450
1.75 3.442608983079683e-06 602
2 3.809279077336091e-06 762
2.25 3.809007990352805e-06 1142
2.5 3.072799726208056e-06 1250
2.75 3.09553634229772e-06 1458
3 3.506289070884397e-06 1814
3.25 3.729995398518138e-06 2178
3.5 4.184812722116996e-06 2498
3.75 3.742432743753873e-06 2622
4 4.036563898715106e-06 3338
4.25 3.627148855683032e-06 3722
4.5 3.630923515734453e-06 4170
4.75 3.215195068558586e-06 4358
5 3.426751826727069e-06 5034
5.25 3.450140853111897e-06 5714
5.5 3.298692070225642e-06 5982
5.75 3.389396738789821e-06 6602
6 3.41591899834192e-06 7130
6.25 3.613314877457995e-06 8034
6.5 3.546587537954086e-06 8606
6.75 3.542514995606967e-06 9066
7 3.588539781696099e-06 9962
7.25 3.544446389721538e-06 10550
7.5 3.576964833819224e-06 11226
7.75 3.710937401714121e-06 12146
8 3.610168241172406e-06 12606
8.25 3.66942822392228e-06 13802
8.5 3.695026264561078e-06 14754
8.75 3.517219743786145e-06 15194
9 3.570788676374202e-06 16454
9.25 3.477536529927621e-06 17154
9.5 3.460762492490193e-06 18266
9.75 3.318976374739094e-06 18750
10 3.341185907579978e-06 20234
10.25 3.311338558758874e-06 21450
10.5 3.115957250991817e-06 21962
10.75 3.067781840264543e-06 23462
11 2.947042202558818e-06 24042
11.25 2.90795553290351e-06 25946
11.5 2.710890602152815e-06 26118
11.75 2.634037337037292e-06 27506
12 2.5709975270297e-06 29066
12.25 2.482437033175655e-06 30450
12.5 2.430708891846612e-06 31742
12.75 2.271173030395532e-06 32250
13 2.227146666292872e-06 34250
13.25 2.146552804468984e-06 35454
13.5 2.048208773171258e-06 36434
13.75 1.9544902087499e-06 37682
14 1.917370704028034e-06 39294
14.25 1.90057930406172e-06 41426
14.5 1.815540536100178e-06 42066
14.75 1.788279448414667e-06 43490
15 1.789159967354701e-06 45702
15.25 1.760201076584194e-06 46634
15.5 1.773900015806578e-06 48554
15.75 1.744785872144554e-06 48870
16 1.703221125678598e-06 50963
16.25 1.561688020561021e-06 51576
16.5 1.313065118555707e-06 49316
16.75 1.134403109335087e-06 49344
17 9.594451472251274e-07 47192
17.25 8.480117410813791e-07 47576
17.5 7.087886078773714e-07 45348
17.75 6.14127248512848e-07 44060
18 5.455748480684973e-07 43872
18.25 4.642789741604909e-07 41756
18.5 4.068225698160566e-07 41528
18.75 3.499433699934234e-07 39300
19 3.077489993138098e-07 38276
19.25 2.700496535850945e-07 36900
19.5 2.367372570210084e-07 34724
19.75 2.125887834911126e-07 33960
20 1.842312424940018e-07 32144
20.25 1.664439135245049e-07 30704
20.5 1.476399028222402e-07 28896
20.75 1.276019962989658e-07 26924
21 1.171389847891278e-07 25656
21.25 1.02265404127565e-07 23228
21.5 9.333466714531148e-08 21816
21.75 7.755486448559399e-08 19472
22 6.748315118549502e-08 17696
22.25 5.503221928126398e-08 15588
22.5 4.409670812579024e-08 13760
22.75 3.217311626333149e-08 11565
23 2.425615289615034e-08 10016
23.25 1.839493400547019e-08 8652
23.5 1.421628162927905e-08 7652
23.75 1.092469080475488e-08 6542
24 8.576602605999237e-09 5478
24.25 6.869701112215889e-09 4886
24.5 5.137663647153189e-09 4068
24.75 3.780726575199974e-09 3326
25 3.096289786709455e-09 2696
25.25 2.384066563217836e-09 2304
25.5 1.838836632699339e-09 1934
25.75 1.25519352241374e-09 1344
26 8.009821818018971e-10 848
26.25 7.295481217738118e-10 888
26.5 4.824700257037521e-10 584
26.75 2.925581690561214e-10 344
27 9.392563203407581e-11 102
27.25 8.223454160348557e-11 104
27.5 2.432177441166587e-11 24
27.75 4.344676803602388e-13 1

0.25 5.665328407020152e-07 18
0.5 7.380273542500516e-07 62
0.75 6.675004183068539e-07 98
1 1.198925083493753e-06 210
1.25 1.883191498833666e-06 350
1.5 2.306402041362714e-06 450
1.75 3.332877970383084e-06 602
2 3.702786110480716e-06 762
2.25 3.792058449924105e-06 1142
2.5 3.028383122390248e-06 1250
2.75 3.106952132586151e-06 1458
3 3.657059620954909e-06 1814
3.25 3.846270352144142e-06 2178
3.5 4.060603646528053e-06 2498
3.75 3.774151271619309e-06 2622
4 3.96661456149091e-06 3338
4.25 3.641167146147486e-06 3722
4.5 3.659331011220403e-06 4170
4.75 3.214680600878517e-06 4358
5 3.511103579093506e-06 5034
5.25 3.47989657274003e-06 5714
5.5 3.281104113748017e-06 5982
5.75 3.43917855015124e-06 6602
6 3.428000997569253e-06 7130
6.25 3.600614267351148e-06 8034
6.5 3.565682814553714e-06 8606
6.75 3.520020052988013e-06 9066
7 3.611835387515614e-06 9962
7.25 3.58638620925064e-06 10550
7.5 3.612397688449439e-06 11226
7.75 3.642618878091949e-06 12146
8 3.609659009216907e-06 12606
8.25 3.654438479910971e-06 13802
8.5 3.764368468985412e-06 14754
8.75 3.518255223180669e-06 15194
9 3.602859505252675e-06 16454
9.25 3.533816857118118e-06 17154
9.5 3.536146862132317e-06 18266
9.75 3.316010487974376e-06 18750
10 3.39367048195643e-06 20234
10.25 3.324455261859843e-06 21450
10.5 3.160667344327619e-06 21962
10.75 3.101141210984692e-06 23462
11 2.976078858065619e-06 24042
11.25 2.950888480155904e-06 25946
11.5 2.707343534573386e-06 26118
11.75 2.671167168635398e-06 27506
12 2.621739368199272e-06 29066
12.25 2.525357131887985e-06 30450
12.5 2.42673602510389e-06 31742
12.75 2.290121181304482e-06 32250
13 2.241918380518547e-06 34250
13.25 2.161841100203303e-06 35454
13.5 2.079483562839731e-06 36434
13.75 1.975940869135446e-06 37682
14 1.940647907034725e-06 39294
14.25 1.923676556388481e-06 41426
14.5 1.857560665500584e-06 42066
14.75 1.820938759579844e-06 43490
15 1.824333764479891e-06 45702
15.25 1.789150866050066e-06 46634
15.5 1.786765211157215e-06 48554
15.75 1.763125810066548e-06 48870
16 1.744163100436374e-06 50963
16.25 1.58202885042786e-06 51576
16.5 1.330248913200394e-06 49316
16.75 1.145979154630409e-06 49344
17 9.810166649771733e-07 47192
17.25 8.667711860698254e-07 47576
17.5 7.201172255898619e-07 45348
17.75 6.210704743949454e-07 44060
18 5.549762594696368e-07 43872
18.25 4.68962575284437e-07 41756
18.5 4.173705362209831e-07 41528
18.75 3.569127138836278e-07 39300
19 3.139888991034831e-07 38276
19.25 2.740961425379651e-07 36900
19.5 2.394720269978183e-07 34724
19.75 2.153656042103785e-07 33960
20 1.88488565526145e-07 32144
20.25 1.688879729780923e-07 30704
20.5 1.491855902421834e-07 28896
20.75 1.295892883243716e-07 26924
21 1.180653945105072e-07 25656
21.25 1.041670071424239e-07 23228
21.5 9.358637498879226e-08 21816
21.75 7.941783383522289e-08 19472
22 6.90266604368442e-08 17696
22.25 5.711418956626631e-08 15588
22.5 4.47801306849217e-08 13760
22.75 3.316702948386262e-08 11565
23 2.447558526161665e-08 10016
23.25 1.881592642024885e-08 8652
23.5 1.424358637773288e-08 7652
23.75 1.09038400091207e-08 6542
24 8.752391611068208e-09 5478
24.25 6.919378086358409e-09 4886
24.5 5.363281307766505e-09 4068
24.75 3.839392409296334e-09 3326
25 3.173811256249736e-09 2696
25.25 2.471479417420378e-09 2304
25.5 1.918503646772026e-09 1934
25.75 1.227445920398717e-09 1344
26 7.703578037808687e-10 848
26.25 7.416419087919516e-10 888
26.5 4.765243794820044e-10 584
26.75 2.950612555130747e-10 344
27 9.675494288439112e-11 102
27.25 9.141189026508597e-11 104
27.5 2.599250483643053e-11 24
27.75 4.065478846056906e-13 1

0.25 3.087686779947294e-07 18
0.5 7.668464861789217e-07 62
0.75 8.804534302639692e-07 98
1 1.141581062555297e-06 210
1.25 1.818692950447621e-06 350
1.5 2.224519866481094e-06 450
1.75 3.296954282436933e-06 602
2 3.68911623573341e-06 762
2.25 3.761063316485752e-06 1142
2.5 3.035781454393226e-06 1250
2.75 3.1685460399499e-06 1458
3 3.534564536031666e-06 1814
3.25 3.777301182896222e-06 2178
3.5 4.309451779801441e-06 2498
3.75 3.820385532166044e-06 2622
4 4.112379502315908e-06 3338
4.25 3.588953493043331e-06 3722
4.5 3.62586689474147e-06 4170
4.75 3.255735505719187e-06 4358
5 3.454283269518287e-06 5034
5.25 3.502673929110528e-06 5714
5.5 3.387982862276772e-06 5982
5.75 3.422832783148e-06 6602
6 3.429391101123718e-06 7130
6.25 3.672001223867001e-06 8034
6.5 3.590385610044647e-06 8606
6.75 3.494840184520593e-06 9066
7 3.631151454886251e-06 9962
7.25 3.58752394494732e-06 10550
7.5 3.592687977842849e-06 11226
7.75 3.738938949280659e-06 12146
8 3.596208775780082e-06 12606
8.25 3.631089659025301e-06 13802
8.5 3.732224291437339e-06 14754
8.75 3.567912431020185e-06 15194
9 3.614915506127953e-06 16454
9.25 3.50513864246171e-06 17154
9.5 3.53491313553797e-06 18266
9.75 3.366903081339957e-06 18750
10 3.383841865985599e-06 20234
10.25 3.341622694620731e-06 21450
10.5 3.145473845412689e-06 21962
10.75 3.118210288311893e-06 23462
11 2.968901562040819e-06 24042
11.25 2.968573246031114e-06 25946
11.5 2.713622179210477e-06 26118
11.75 2.667712076757261e-06 27506
12 2.604111407029852e-06 29066
12.25 2.504533457772858e-06 30450
12.5 2.454026936738631e-06 31742
12.75 2.295207484086254e-06 32250
13 2.252840011740081e-06 34250
13.25 2.180477317170525e-06 35454
13.5 2.088109029370592e-06 36434
13.75 1.994668624012154e-06 37682
14 1.968502174983774e-06 39294
14.25 1.936019226860325e-06 41426
14.5 1.85328368026793e-06 42066
14.75 1.810550846700758e-06 43490
15 1.830589353662672e-06 45702
15.25 1.800030228731006e-06 46634
15.5 1.81722584187276e-06 48554
15.75 1.780129884293551e-06 48870
16 1.752973662862797e-06 50963
16.25 1.605147880587291e-06 51576
16.5 1.339479445236712e-06 49316
16.75 1.163545189061114e-06 49344
17 9.842981393133471e-07 47192
17.25 8.747256287117943e-07 47576
17.5 7.234091362603265e-07 45348
17.75 6.270673267011588e-07 44060
18 5.578927147138703e-07 43872
18.25 4.791807901348435e-07 41756
18.5 4.189259673302352e-07 41528
18.75 3.644864698902026e-07 39300
19 3.184453921671324e-07 38276
19.25 2.770430715692373e-07 36900
19.5 2.420808047967886e-07 34724
19.75 2.202589137462805e-07 33960
20 1.927170114504969e-07 32144
20.25 1.706232706843278e-07 30704
20.5 1.5341286302944e-07 28896
20.75 1.324020484152893e-07 26924
21 1.203993842690125e-07 25656
21.25 1.058306595344345e-07 23228
21.5 9.487359523662369e-08 21816
21.75 8.138125759888591e-08 19472
22 7.000344877553596e-08 17696
22.25 5.769253438751702e-08 15588
22.5 4.55630239673358e-08 13760
22.75 3.368368962676524e-08 11565
23 2.531958258950067e-08 10016
23.25 1.864918052365299e-08 8652
23.5 1.483196605691437e-08 7652
23.75 1.113881276172858e-08 6542
24 8.936585594879656e-09 5478
24.25 7.243130703501752e-09 4886
24.5 5.475378124376533e-09 4068
24.75 4.044895580617563e-09 3326
25 3.222122073324458e-09 2696
25.25 2.410896090218637e-09 2304
25.5 1.869945546359926e-09 1934
25.75 1.257968872827986e-09 1344
26 7.973410123507608e-10 848
26.25 7.41349222704566e-10 888
26.5 4.949861980176293e-10 584
26.75 3.035016939226522e-10 344
27 9.298975910295579e-11 102
27.25 9.404111952773384e-11 104
27.5 2.358689518692084e-11 24
27.75 4.241146548313019e-13 1

0.25 5.754814996699175e-07 18
0.5 8.098018476204522e-07 62
0.75 9.091673862944922e-07 98
1 1.221355960271103e-06 210
1.25 1.793442758884664e-06 350
1.5 2.331970091657442e-06 450
1.75 3.487068207039899e-06 602
2 3.739344145091064e-06 762
2.25 3.769955914666485e-06 1142
2.5 3.14719775859732e-06 1250
2.75 3.136275610430885e-06 1458
3 3.454904044790095e-06 1814
3.25 3.71740174660696e-06 2178
3.5 4.120266853305785e-06 2498
3.75 3.835129026497246e-06 2622
4 4.165849530823331e-06 3338
4.25 3.579441975006057e-06 3722
4.5 3.608384108341336e-06 4170
4.75 3.285351657408677e-06 4358
5 3.41800858429673e-06 5034
5.25 3.516653179293318e-06 5714
5.5 3.298017028641796e-06 5982
5.75 3.465124957242787e-06 6602
6 3.402838729842662e-06 7130
6.25 3.587230395703613e-06 8034
6.5 3.593475191913239e-06 8606
6.75 3.578371228130372e-06 9066
7 3.686570878560549e-06 9962
7.25 3.61819867466875e-06 10550
7.5 3.672105137723298e-06 11226
7.75 3.744011356042138e-06 12146
8 3.656865178376938e-06 12606
8.25 3.71023825729272e-06 13802
8.5 3.766547354487839e-06 14754
8.75 3.602652742845919e-06 15194
9 3.630141285087626e-06 16454
9.25 3.567030781497796e-06 17154
9.5 3.573641043889078e-06 18266
9.75 3.35039890389153e-06 18750
10 3.435195938059141e-06 20234
10.25 3.346722221660567e-06 21450
10.5 3.200596069055861e-06 21962
10.75 3.16825870040945e-06 23462
11 3.02240478753533e-06 24042
11.25 3.005835129378601e-06 25946
11.5 2.755505532555517e-06 26118
11.75 2.733136255511715e-06 27506
12 2.684403746565909e-06 29066
12.25 2.593883201886738e-06 30450
12.5 2.479654968805281e-06 31742
12.75 2.348014529167635e-06 32250
13 2.313960985845269e-06 34250
13.25 2.205298087866426e-06 35454
13.5 2.123761004510316e-06 36434
13.75 2.03010580863704e-06 37682
14 2.007552971502086e-06 39294
14.25 1.974037216575259e-06 41426
14.5 1.897632211179826e-06 42066
14.75 1.855878600129761e-06 43490
15 1.865637687429268e-06 45702
15.25 1.833983977792734e-06 46634
15.5 1.847086030607638e-06 48554
15.75 1.816677990157257e-06 48870
16 1.784943891041244e-06 50963
16.25 1.652884323477037e-06 51576
16.5 1.372944806972833e-06 49316
16.75 1.190520046577804e-06 49344
17 1.014113738272981e-06 47192
17.25 8.999809978273571e-07 47576
17.5 7.462003331138623e-07 45348
17.75 6.511213217582315e-07 44060
18 5.68359531251548e-07 43872
18.25 4.876964052128839e-07 41756
18.5 4.348286497826637e-07 41528
18.75 3.739005166340667e-07 39300
19 3.260080462212327e-07 38276
19.25 2.836932390853744e-07 36900
19.5 2.486667617575988e-07 34724
19.75 2.256119719748663e-07 33960
20 1.991349504595851e-07 32144
20.25 1.767545419363071e-07 30704
20.5 1.565433885701367e-07 28896
20.75 1.367166573507042e-07 26924
21 1.252816389627334e-07 25656
21.25 1.096605069364187e-07 23228
21.5 9.817533579527744e-08 21816
21.75 8.400470445736715e-08 19472
22 7.304804642731405e-08 17696
22.25 5.969043150771031e-08 15588
22.5 4.685949726929113e-08 13760
22.75 3.459362063751618e-08 11565
23 2.570190265495898e-08 10016
23.25 1.969779938666591e-08 8652
23.5 1.541037206686695e-08 7652
23.75 1.176799331990255e-08 6542
24 9.094561997628651e-09 5478
24.25 7.251470170985854e-09 4886
24.5 5.488469887557763e-09 4068
24.75 4.054742959081359e-09 3326
25 3.26705214433507e-09 2696
25.25 2.554204887951674e-09 2304
25.5 1.95080560057677e-09 1934
25.75 1.332842244743754e-09 1344
26 8.148757073704217e-10 848
26.25 7.801882327806008e-10 888
26.5 5.015298714087717e-10 584
26.75 2.985812871801265e-10 344
27 9.078785366679985e-11 102
27.25 8.8978972105047e-11 104
27.5 1.837219228039042e-11 24
27.75 1.483079093160978e-13 1

0.25 3.653020685838518e-07 18
0.5 7.616228191062369e-07 62
0.75 7.660974221074157e-07 98
1 1.149313931840132e-06 210
1.25 1.784781097657313e-06 350
1.5 2.216209042686287e-06 450
1.75 3.237715921521959e-06 602
2 3.668163647899579e-06 762
2.25 3.907617019575234e-06 1142
2.5 3.288513318745862e-06 1250
2.75 3.07038161758589e-06 1458
3 3.617233767611773e-06 1814
3.25 3.734263860019617e-06 2178
3.5 4.192352260433652e-06 2498
3.75 3.861202902165821e-06 2622
4 4.138185907717701e-06 3338
4.25 3.748723852736812e-06 3722
4.5 3.639464256626856e-06 4170
4.75 3.238001059960811e-06 4358
5 3.490143262502761e-06 5034
5.25 3.504268715013293e-06 5714
5.5 3.392319113369856e-06 5982
5.75 3.514649634684829e-06 6602
6 3.474899127216109e-06 7130
6.25 3.655967933009098e-06 8034
6.5 3.609102957858737e-06 8606
6.75 3.574214642490536e-06 9066
7 3.675896191578026e-06 9962
7.25 3.681500386286075e-06 10550
7.5 3.6893245857409e-06 11226
7.75 3.731133211055732e-06 12146
8 3.679416961208484e-06 12606
8.25 3.761686307165219e-06 13802
8.5 3.794988781649395e-06 14754
8.75 3.656584304558531e-06 15194
9 3.701293598257665e-06 16454
9.25 3.594965499344417e-06 17154
9.5 3.582444191113559e-06 18266
9.75 3.428092156891762e-06 18750
10 3.457632853386716e-06 20234
10.25 3.380878282911996e-06 21450
10.5 3.19087385278901e-06 21962
10.75 3.193671287293916e-06 23462
11 3.061762404267623e-06 24042
11.25 3.022873294709577e-06 25946
11.5 2.811443955339092e-06 26118
11.75 2.734948335231005e-06 27506
12 2.674397959851456e-06 29066
12.25 2.601079258992238e-06 30450
12.5 2.514018500640641e-06 31742
12.75 2.349106661028053e-06 32250
13 2.322161041023604e-06 34250
13.25 2.23585613635252e-06 35454
13.5 2.158354147356398e-06 36434
13.75 2.074233174699358e-06 37682
14 2.029834000092769e-06 39294
14.25 1.995016554007173e-06 41426
14.5 1.93984554118194e-06 42066
14.75 1.888461014613091e-06 43490
15 1.887185477220408e-06 45702
15.25 1.870961451352672e-06 46634
15.5 1.887211444802151e-06 48554
15.75 1.834771889703169e-06 48870
16 1.830949833413859e-06 50963
16.25 1.664757106943032e-06 51576
16.5 1.39660712328876e-06 49316
16.75 1.20742444445949e-06 49344
17 1.028003653468668e-06 47192
17.25 9.078246613729055e-07 47576
17.5 7.539174111352838e-07 45348
17.75 6.5770439587014e-07 44060
18 5.797421565390941e-07 43872
18.25 4.96801992174483e-07 41756
18.5 4.407072576136926e-07 41528
18.75 3.802375620859519e-07 39300
19 3.306385849399748e-07 38276
19.25 2.901764301258555e-07 36900
19.5 2.541446358375975e-07 34724
19.75 2.296862601847364e-07 33960
20 2.007948953932751e-07 32144
20.25 1.803934282750691e-07 30704
20.5 1.594014007581952e-07 28896
20.75 1.394858228928136e-07 26924
21 1.262625747691986e-07 25656
21.25 1.126611071973062e-07 23228
21.5 9.98988176044711e-08 21816
21.75 8.455071495305254e-08 19472
22 7.396691441088872e-08 17696
22.25 6.028957732932835e-08 15588
22.5 4.734430809888332e-08 13760
22.75 3.517619071415127e-08 11565
23 2.652457408681668e-08 10016
23.25 2.003795431424025e-08 8652
23.5 1.576010468025343e-08 7652
23.75 1.201060447381868e-08 6542
24 9.234567674673909e-09 5478
24.25 7.361483894619729e-09 4886
24.5 5.583893408954121e-09 4068
24.75 4.146529630812047e-09 3326
25 3.354440966663586e-09 2696
25.25 2.642380748402468e-09 2304
25.5 2.024640999920795e-09 1934
25.75 1.302494080017425e-09 1344
26 8.130513291200828e-10 848
26.25 8.132317487741733e-10 888
26.5 5.292405152974697e-10 584
26.75 2.86631733048731e-10 344
27 9.30843204849462e-11 102
27.25 8.724520358772562e-11 104
27.5 1.732179855555822e-11 24
27.75 2.759404446333606e-14 1

