#t    E^kin_scal0    E^grad_scal0    E^kin_scal1    E^grad_scal1    Vpot_term_0    Vpot_term_1    E_tot
0    0.125000208327256    5.80703784236064e-14    2.44127086056626e-13    1.87868303779448e-14    0.25000000000002    2.43475529579459e-13    0.37500020832784
0.5    0.0694732610601792    1.16057865033942e-14    5.40277611901776e-14    3.39833924601324e-15    0.0720499151730536    5.25200887586019e-14    0.141523176233354
1    0.0307207421041663    2.92751918465573e-15    1.27945060423263e-14    9.70263072187747e-16    0.0110937681102813    1.14779972605086e-14    0.0418145102144758
1.5    0.0115958787756252    1.25283917548046e-15    3.14841559004048e-15    5.58284944107673e-16    0.000653020997519664    2.65494338278367e-15    0.0122488997731525
2    0.00452350675793123    6.59654879291473e-16    7.99174653267079e-16    5.75442771167361e-16    1.66076910866891e-06    2.00644333225091e-16    0.00452516752704213
2.49999999999999    0.00211152606309393    4.01126158232611e-16    5.10865090280867e-16    3.93082582806967e-16    1.09694207675244e-05    5.48463845421215e-16    0.00212249548386331
2.99999999999998    0.000925890701155481    2.52709763362169e-16    6.24913102960968e-16    1.31948225837045e-16    0.000282862954587141    1.10342219283887e-15    0.00120875365574474
3.49999999999997    8.53073686115975e-05    1.56320120659858e-16    1.0407891270282e-15    5.41047425278405e-17    0.000873792769582923    7.05081554027208e-16    0.000959100138196477
3.99999999999996    0.000183073682170412    1.05636535230085e-16    7.5323967701779e-16    3.53219880208876e-17    0.000745945948101241    5.16581822762286e-16    0.000929019630273063
4.49999999999995    0.000520658819592071    8.10363015521581e-17    4.08497905929707e-16    2.54899582571765e-17    0.000181492109084922    2.62200445208367e-16    0.00070215092867777
4.99999999999994    0.000430533818010158    5.58045024247782e-17    1.54715982061351e-16    3.76346061813427e-17    8.98410419463754e-06    9.28604808145882e-17    0.000439517922205136
5.49999999999993    0.000279958080897835    4.76105414513844e-17    5.22172129479539e-17    5.31547184774068e-17    1.12947129547191e-12    8.01171071647915e-20    0.000279958082027459
5.99999999999992    0.000183329044664805    3.35094692442039e-17    1.46119494275524e-16    1.71249859087033e-17    5.98214147698299e-06    8.59154315866505e-17    0.00018931118614207
6.49999999999991    8.01054477098075e-05    2.40382699787916e-17    2.24909566232626e-16    8.56334276069572e-18    6.17615812074129e-05    8.46308313583834e-17    0.000141867028917562
6.9999999999999    5.48905441681881e-07    1.87289829802341e-17    1.81275781863844e-16    5.14921021611418e-18    0.000130623831202    1.34156036294144e-16    0.000131172736644021
7.49999999999988    4.86110698164931e-05    1.4689634443318e-17    1.18270060641474e-16    4.66555691491537e-18    7.64659624812292e-05    1.10931625744678e-16    0.000125077032297971
7.99999999999987    8.73867601157341e-05    1.25092949207991e-17    6.11640071272567e-17    6.88635949076221e-18    1.17840344659203e-05    6.10994178720266e-17    9.91707945817961e-05
8.49999999999986    7.27050040520655e-05    1.12409622920578e-17    3.16762584830857e-17    1.01690646345985e-17    1.5305524133043e-07    9.95071347276818e-18    7.28580592934589e-05
8.99999999999985    5.44382002056776e-05    9.09917222044583e-18    1.16943768291776e-17    1.66550458326962e-17    6.61998791134776e-08    2.40979415711392e-17    5.45044000848526e-05
9.49999999999984    3.68527578835064e-05    7.22415393735399e-18    8.71555678908855e-17    5.17880311674685e-18    5.36801360321564e-06    4.04338307772366e-17    4.22207714868621e-05
9.99999999999983    9.80047847637868e-06    5.64949292562387e-18    6.62746350197208e-17    2.38083529436108e-18    2.65054580145848e-05    1.13289973905807e-16    3.6305936491151e-05
10.4999999999998    2.19462634872012e-06    4.41223173253725e-18    4.62509443011967e-17    2.02148245724861e-18    3.34793045820651e-05    1.18979984821993e-16    3.56739309309568e-05
10.9999999999998    2.10749360892823e-05    4.2568801975122e-18    3.02664607763401e-17    2.4098299512996e-18    1.16332574240686e-05    8.1755135797736e-17    3.27081935134696e-05
11.4999999999998    2.57028960926523e-05    3.70516065564121e-18    1.91420756096129e-17    3.09447465378383e-18    8.62934677490714e-07    2.93464491413042e-17    2.65658307701984e-05
11.9999999999998    2.11491416618501e-05    3.41472985216938e-18    1.72181526506562e-17    6.47914650947731e-18    2.50057046644926e-11    3.18434028036609e-19    2.11491666675822e-05
12.4999999999998    1.67624743042472e-05    2.88759228428476e-18    2.71314463644636e-17    6.14419521962345e-18    3.3471609108847e-07    7.20047439188122e-17    1.70971903954438e-05
12.9999999999998    9.48848265000696e-06    2.31031539352627e-18    8.49338154649513e-17    1.76537129369482e-18    4.8847965300645e-06    8.42320757826073e-17    1.43732791802447e-05
13.4999999999998    5.30525481665564e-07    1.86782593025605e-18    1.95049962009604e-17    2.05961637692706e-18    1.29615800989401e-05    1.66805094749136e-16    1.34921055807959e-05
13.9999999999997    3.90618949986572e-06    1.66654619646917e-18    1.98754559235341e-17    1.88963540196273e-18    9.36381930221008e-06    1.35930003582495e-16    1.32700088022352e-05
14.4999999999997    9.99886272740344e-06    1.62905022949726e-18    8.28926278002007e-17    1.20359244010647e-18    1.78381882394567e-06    1.3196918275081e-17    1.1782681551448e-05
14.9999999999997    9.80609106224083e-06    1.46024782466142e-18    3.3306299415545e-17    1.73467915040602e-18    3.56937005961017e-08    3.123851886578e-18    9.84178476287655e-06
15.4999999999997    8.22720268475484e-06    1.43520240156348e-18    1.27085921115458e-17    1.01678895429505e-17    4.74773996586344e-09    1.9604166334147e-17    8.23195042476462e-06
15.9999999999997    6.29402855997891e-06    1.08855837637496e-18    1.73695540535753e-16    9.48813587710381e-19    6.9148934882249e-07    8.24369311501963e-18    6.98551790898537e-06
16.4999999999998    2.18234657817839e-06    9.70028236685107e-19    1.3613102307307e-17    3.21663016714337e-18    4.09066168957907e-06    2.43455849782697e-16    6.27300826801872e-06
16.9999999999999    1.58438493843626e-07    8.02706049851678e-19    3.14424901472338e-17    2.50659939362518e-18    6.01366377875985e-06    2.30479317005488e-16    6.17210227286871e-06
17.4999999999999    3.47365117864906e-06    7.47611413271901e-19    9.06990201185537e-17    2.05288333584449e-18    2.42239655290873e-06    1.06986956130095e-16    5.89604773175828e-06
18    4.9558383809611e-06    7.8249278223744e-19    9.36700861444899e-18    3.7382171394388e-18    2.16660737721017e-07    8.16762363088433e-17    5.17249911877768e-06
18.5000000000001    4.44249418040692e-06    6.91861182288554e-19    3.96082341634563e-17    5.58192362087444e-18    5.37621425121877e-11    1.36851799335033e-18    4.44254794259669e-06
19.0000000000002    3.78464487782407e-06    6.70564424153606e-19    2.37827094989466e-17    1.45742214717629e-17    5.49568003473653e-08    1.7567486286526e-16    3.83960167838614e-06
19.5000000000002    2.39894287293735e-06    5.02977067845754e-19    8.43988072647243e-17    5.4713285790009e-18    9.91778437777547e-07    3.09679720383631e-16    3.39072131111495e-06
20.0000000000003    2.34783413245605e-07    4.60421952520289e-19    8.96594983052638e-17    4.21596709637852e-18    2.9843495015987e-06    3.73090341384361e-16    3.21913291531173e-06
20.5000000000004    7.63092212337368e-07    4.13117896376223e-19    1.20701068477655e-16    3.65898309731154e-18    2.42743429888295e-06    2.97832039693899e-16    3.19052651164293e-06
21.0000000000005    2.43084466588036e-06    4.04003412736612e-19    2.51290903181269e-16    5.12013916817308e-19    5.2379857062506e-07    1.46658754511795e-17    2.95464323677229e-06
21.5000000000006    2.59044207499643e-06    4.0039539490189e-19    9.66770739509039e-17    1.07255871937006e-18    1.36926235247685e-08    7.42746248499246e-18    2.60413469862678e-06
22.0000000000006    2.28850551797919e-06    3.92260098738899e-19    4.6205767337909e-17    2.52650722215166e-17    6.74072538725029e-10    3.9147769102319e-17    2.28917959062892e-06
22.5000000000007    1.86181684825308e-06    3.21689230685831e-19    5.66450083967132e-16    6.605714593569e-19    1.66341886365324e-07    1.99940752173567e-17    2.02815873520583e-06
23.0000000000008    7.48109639283177e-07    2.7791883015502e-19    1.07633574984348e-16    9.85628842759569e-18    1.11627776221736e-06    7.11189323402988e-16    1.86438740232949e-06
23.5000000000009    1.78230074618653e-08    2.45630853286781e-19    3.24002173670005e-16    6.26449146674841e-18    1.81831893793259e-06    5.66958027636503e-16    1.83614194629193e-06
24.000000000001    9.73362261169658e-07    2.29161934042413e-19    5.10437047373904e-16    3.57335854151334e-18    8.10727342340223e-07    1.9586635813521e-16    1.78408960421999e-06
24.500000000001    1.54105592434515e-06    2.49333653424467e-19    1.77897000569574e-17    1.41218228707077e-17    8.27830534483716e-08    3.35613841038702e-16    1.62383897816129e-06
25.0000000000011    1.44890147611277e-06    2.24356678785701e-19    1.56438722872268e-16    1.43271056026001e-17    6.24846287272259e-11    7.28295511344667e-18    1.44896396091977e-06
25.5000000000012    1.28269635693905e-06    2.24237123312735e-19    3.8917233545289e-17    6.22019510761054e-17    1.40765568596264e-08    6.35849338589455e-16    1.29677291453587e-06
26.0000000000013    8.72430189976744e-07    1.82531162485078e-19    9.67455095205077e-17    2.75088812793945e-17    3.04232493062459e-07    1.38157396900541e-15    1.17666268454521e-06
26.5000000000013    1.17427826330787e-07    1.55252930157434e-19    8.75825842442313e-16    1.17724973731357e-17    1.00800148253262e-06    9.7359012178799e-16    1.12542931072475e-06
27.0000000000014    2.21221037893006e-07    1.46638313982735e-19    1.00055420108123e-15    9.54030490666982e-18    8.97600311456301e-07    7.4805452241861e-16    1.1188213511076e-06
27.5000000000015    8.45719156686414e-07    1.51918663324862e-19    9.82306873866577e-16    2.30282557148258e-18    2.1323982255919e-07    1.42784340922532e-16    1.05895898037315e-06
28.0000000000016    9.54459795250292e-07    1.46322975046464e-19    4.06643577172644e-16    3.89893199353863e-18    6.85079364722577e-09    4.62043603468578e-17    9.61310589354411e-07
28.5000000000017    8.69001318887307e-07    1.47170004309574e-19    2.28118843209549e-16    1.03496618534116e-16    1.25723191233798e-10    1.11517966139447e-16    8.69127042521821e-07
29.0000000000017    7.3492952049885e-07    1.30199957915133e-19    2.40547713053899e-15    7.26998122381963e-18    5.46776144923151e-08    2.35979477050669e-16    7.89607137640022e-07
29.5000000000018    3.27809801262499e-07    1.04373765250774e-19    1.27861486024999e-15    3.63368138345319e-17    4.08647155995183e-07    2.3999233068891e-15    7.36456960972662e-07
30.0000000000019    1.60907194603041e-09    1.01462844974951e-19    2.76681221360367e-15    1.68007349101135e-17    7.24163816452959e-07    1.41345326757372e-15    7.25772892596157e-07
30.500000000002    3.60562812531008e-07    9.60584005560679e-20    3.07033206408881e-15    6.39516625458192e-18    3.51079823962699e-07    3.26766706854833e-16    7.11642639897297e-07
31.000000000002    6.21866721949303e-07    9.53562468101629e-20    1.35888102731552e-16    7.00187060705853e-17    3.99907765562902e-08    1.70282036549702e-15    6.61857500414416e-07
31.5000000000021    6.04253935951239e-07    1.01242357973959e-19    8.05983932839442e-16    5.52879378342781e-17    6.40677136026337e-11    4.42276116351982e-17    6.04318004570442e-07
32.0000000000022    5.47975406467699e-07    9.16098163520105e-20    7.58076838305656e-17    3.37189158691757e-16    4.57992139059908e-09    2.90856127389668e-15    5.52555331179948e-07
32.5000000000021    3.92373077710631e-07    8.11520691825918e-20    1.14651815424578e-16    1.56310214172453e-16    1.17697027793327e-07    7.05843843787741e-15    5.1007011283344e-07
33.000000000002    6.62189943799189e-08    6.88315259796807e-20    7.17469508835525e-15    3.15752147476594e-17    4.2414455228544e-07    2.37651780488206e-15    4.90363556248216e-07
33.5000000000019    7.97371982245078e-08    6.41228650254783e-20    7.60941354747609e-15    2.2724125814474e-17    4.08446096992719e-07    1.64903026005403e-15    4.88183304498459e-07
34.0000000000018    3.62818004775736e-07    6.78494328057584e-20    4.36317400334198e-15    2.97377950345701e-17    1.05445197518285e-07    1.67225211210868e-15    4.68263208359253e-07
34.5000000000017    4.29082778096951e-07    6.72780514771508e-20    2.09259834854769e-15    3.15293726381227e-17    4.03044180334889e-09    3.87308286819606e-16    4.33113222411804e-07
35.0000000000016    3.98692477867506e-07    6.73294777345004e-20    1.35261806908171e-15    5.2978182453617e-16    2.56534045187708e-11    3.74541758599645e-16    3.98718133529034e-07
35.5000000000015    3.46587983245361e-07    6.12165291122841e-20    1.2020571353545e-14    9.57627493745623e-17    2.16550213370937e-08    2.52001298580252e-15    3.68243019218863e-07
36.0000000000014    1.67916173071541e-07    5.12270944026673e-20    1.22747709409485e-14    1.3495360279468e-16    1.78952541718693e-07    8.17276825036135e-15    3.46868735372778e-07
36.5000000000013    2.01838854929252e-13    4.5400063147817e-20    2.13136322910343e-14    3.44619357779338e-17    3.41985188084959e-07    2.57811630561304e-15    3.4198541385007e-07
37.0000000000012    1.58494455848327e-07    4.87526008939647e-20    1.92340364041731e-14    7.88198024853428e-18    1.78704822987003e-07    4.33389115894941e-16    3.37199298510686e-07
37.5000000000011    2.95678067443752e-07    4.49862163227111e-20    1.60731545864474e-15    3.92353490004866e-16    2.24234990436867e-08    9.84312096217531e-15    3.18101578330274e-07
38.000000000001    2.94884856325726e-07    5.02349456452703e-20    4.94305405529885e-15    2.55743951813058e-16    6.34009281608843e-11    2.87397253865828e-16    2.94948262740132e-07
38.5000000000009    2.71897692032946e-07    4.67052157981543e-20    1.83543275998655e-16    2.10632731861483e-15    1.72341163466811e-09    1.54451571330862e-14    2.73621121402688e-07
39.0000000000008    2.02793134810779e-07    4.1017556660606e-20    2.21146040152785e-15    9.45772115406779e-16    5.28098733289566e-08    3.90569860232428e-14    2.55603050353995e-07
39.5000000000007    4.08846472088562e-08    3.60432466224605e-20    5.46403330153068e-14    5.73240800046661e-17    2.0576143958712e-07    3.69826376477873e-15    2.46646145191933e-07
40.0000000000006    3.28196877130888e-08    3.49558083259802e-20    5.52861358480437e-14    3.19830383975622e-17    2.12903204792258e-07    2.00098045621359e-15    2.45722949824481e-07
40.5000000000005    1.78521382267012e-07    3.31727969325292e-20    2.00092686037775e-14    3.38970640765779e-16    5.93002894372227e-08    1.80521390288378e-14    2.37821710104646e-07
41.0000000000004    2.2019488429498e-07    3.5903554606163e-20    1.21570719238613e-14    2.95336982045605e-16    2.64105201670744e-09    3.70440916908622e-15    2.22835952468541e-07
41.5000000000003    2.07734276487201e-07    3.65021866067101e-20    9.10299539667609e-15    3.11062014350025e-15    5.02082513634227e-12    1.32854858907028e-15    2.07739310854537e-07
42.0000000000002    1.84404297322041e-07    3.41601060344491e-20    6.64764524462563e-14    1.10116615265246e-15    9.69697121781505e-09    2.48825540996798e-14    1.94101361000063e-07
42.5000000000001    9.57644331487698e-08    4.19872287468329e-20    1.07756234982905e-13    4.34807644466233e-16    8.83896406131981e-08    2.38133221342501e-14    1.84154205766375e-07
43    3.29018323847269e-10    3.42800762666428e-20    1.53609621363572e-13    3.42917781952288e-17    1.81284401793337e-07    2.5565104028644e-15    1.81613576317642e-07
43.4999999999999    7.81345380327313e-08    2.87849892955859e-20    1.20459312313329e-13    9.89265864205813e-17    1.01599417498543e-07    9.11111675389603e-15    1.79734085200658e-07
43.9999999999998    1.57344189489627e-07    2.56479821626174e-20    1.93436025141762e-14    2.34903656400181e-15    1.39315619392496e-08    6.11335479358136e-14    1.71275834255089e-07
44.4999999999997    1.60507343047696e-07    3.37400664655589e-20    3.42444147407338e-14    1.30474662453539e-15    6.20762979514654e-11    1.9272044005725e-15    1.60569456822047e-07
44.9999999999996    1.49812174672281e-07    3.09230526911167e-20    1.38408058269837e-15    1.45015905650158e-14    7.12408735214329e-10    9.04785855644827e-14    1.50524689771783e-07
45.4999999999995    1.1559277603974e-07    8.33244073648642e-20    4.4416383011591e-14    5.88538665210693e-15    2.62516741170572e-08    2.24049991146056e-13    1.41844724508641e-07
45.9999999999994    2.70150786921965e-08    1.7668798877573e-19    3.93432655174884e-13    7.52534562236321e-17    1.10248540478017e-07    6.71715933391093e-15    1.37264019395458e-07
46.4999999999993    1.46881592360849e-08    6.79021551594585e-20    3.8033126650664e-13    1.35335318987544e-16    1.22105546216466e-07    1.54033053144013e-14    1.36794101322526e-07
46.9999999999992    9.6721332303275e-08    3.33973737709623e-20    8.61535177649666e-14    3.5045838954892e-15    3.65303538787828e-08    1.83842494302499e-13    1.33251959682687e-07
47.4999999999991    1.24181037290417e-07    4.69148554033634e-20    7.58541839558901e-14    2.88859763973303e-15    1.86751413424748e-09    3.77971726789227e-14    1.26048667964665e-07
47.999999999999    1.18604197717733e-07    9.01506058826249e-20    6.71128678843291e-14    2.00813145016886e-14    8.06754987521188e-13    4.49182582959048e-15    1.18605096158819e-07
48.4999999999989    1.07047161377023e-07    1.07913560262155e-19    3.91449553043082e-13    1.18991993235649e-14    4.73233079957704e-09    2.3729722405515e-13    1.11780132822685e-07
48.9999999999988    5.90489341939608e-08    1.22121016800854e-18    8.97118413778705e-13    9.15066799563175e-16    4.75847307567744e-08    4.26038080182478e-14    1.06634605589245e-07
49.4999999999987    7.40966381451656e-10    1.1088613914668e-18    1.02711000255244e-12    8.53423774330527e-16    1.04440760791006e-07    9.6139764135883e-14    1.05182851276757e-07
49.9999999999986    4.17784336091586e-08    1.95166896098857e-19    7.21553016284109e-13    2.63110725276238e-15    6.25832688673683e-08    2.18123768094992e-13    1.04362644784614e-07
50.4999999999985    9.08798776354077e-08    1.62607436715573e-19    2.24785366436298e-13    1.44587082241898e-14    9.32567210096019e-09    3.90576447979953e-13    1.00206179557053e-07
50.9999999999984    9.46642445738319e-08    4.98923659332327e-19    2.59159753121273e-13    7.00572052278051e-15    6.063227677058e-11    1.29767036311392e-14    9.47251559932787e-08
51.4999999999983    8.91898413481551e-08    4.55030982399943e-19    2.07113354652797e-14    1.07146534430376e-13    3.13271932553107e-10    5.66335473572395e-13    8.95038074745067e-08
51.9999999999982    7.08464951817739e-08    4.84341121928131e-18    6.31929442048064e-13    3.66005111509441e-14    1.40601348350394e-08    1.28717947420555e-12    8.49085857310841e-08
52.4999999999981    1.87988640017573e-08    1.4461430286217e-17    2.65227333454866e-12    3.47495025566711e-15    6.35497191230432e-08    3.2830625005027e-13    8.23515671937967e-08
52.999999999998    6.91786854137213e-09    4.98748092174126e-18    2.40962479296276e-12    5.49510995759494e-15    7.51564910339784e-08    5.5812732279102e-13    8.20773328275638e-08
53.4999999999979    5.62598662482542e-08    1.28277318886232e-18    3.02990015921149e-13    3.40447180439992e-14    2.40784505668733e-08    1.789751344647e-12    8.03404436024888e-08
53.9999999999978    7.51567345457057e-08    2.3252435347421e-18    4.90205758409843e-13    2.88370111434332e-14    1.39679871960449e-09    3.98627011183352e-13    7.65544509374162e-08
54.4999999999977    7.25483601847019e-08    6.46772354882541e-18    5.30048508895403e-13    1.38863176034314e-13    7.87856735164258e-14    1.22627279705572e-14    7.2549120151256e-08
54.9999999999976    6.63692443872175e-08    6.45359493733039e-18    2.39141581013551e-12    1.25059813797375e-13    2.4588576419476e-09    2.22589130291234e-12    6.88328444025456e-08
55.4999999999975    3.86227669772493e-08    1.11794665930537e-16    7.14391017794643e-12    1.52115979228422e-15    2.73194196858902e-08    9.51889955640928e-14    6.59494273952675e-08
55.9999999999974    9.98168407365e-10    1.0972957742362e-16    6.17907507981839e-12    2.50177316734564e-14    6.4052151094359e-08    2.49085861182141e-12    6.50590145628769e-08
56.4999999999973    2.37105357867869e-08    1.87713355730091e-17    3.90261849084483e-12    4.35582799561513e-14    4.09534426779823e-08    3.4429128992566e-12    6.46713675732106e-08
56.9999999999972    5.58528558928555e-08    1.36010027533858e-17    2.53009221528886e-12    8.83276993473076e-14    6.60430923218938e-09    2.46918848586011e-12    6.24622527470464e-08
57.4999999999971    5.93683824988123e-08    4.71588546631095e-17    2.0945537157753e-12    3.80728901881917e-14    5.92530987191245e-11    8.52838752561331e-14    5.94298535551715e-08
57.999999999997    5.63540911564852e-08    4.78189734780376e-17    2.91017916296458e-13    8.3439128437675e-13    1.43299806240805e-10    3.70549900678156e-12    5.65022219187524e-08
58.4999999999969    4.59062532914864e-08    4.42132286177916e-16    7.62961909048729e-12    2.20666935677013e-13    7.96503131011554e-09    7.1541648270851e-12    5.38862894945875e-08
58.9999999999968    1.36160553002483e-08    1.44248046656368e-15    1.62854009527027e-11    8.64307820989798e-14    3.87197614627957e-08    7.26984006176485e-12    5.2359459877321e-08
59.4999999999967    3.34233565844884e-09    5.34873569909637e-16    1.33257106521528e-11    1.09631747359019e-13    4.8815994323746e-08    1.03828571893553e-11    5.21821487166573e-08
59.9999999999966    3.45385481245338e-08    1.31260736186141e-16    6.57186848577078e-13    3.14615700564607e-13    1.67142274195654e-08    1.66930911940521e-11    5.12704405691031e-08
60.4999999999965    4.80406029624382e-08    2.24733236719056e-16    3.156410545129e-12    2.92486611131855e-13    1.09031080084566e-09    4.29341878005959e-12    4.91386563039534e-08
60.9999999999964    4.68262337122636e-08    6.69499488058862e-16    4.41999735344036e-12    1.00558028140762e-12    1.62994455107594e-15    1.57743146374381e-14    4.68316773636571e-08
61.4999999999963    4.32957282853163e-08    5.09464430673951e-16    1.48037419217537e-11    1.2960944240007e-12    1.33802076272603e-09    2.06566459107185e-11    4.46705060397632e-08
61.9999999999962    2.64260061975308e-08    1.09747665368834e-14    5.4054339983523e-11    7.19283270989759e-14    1.64658750261568e-08    4.70231185480424e-12    4.29507207786195e-08
62.4999999999961    1.1196042053865e-09    1.16846224713191e-14    3.09646145657565e-11    4.23069405381269e-13    4.11827678167096e-08    3.94321063368244e-11    4.23732034970265e-08
62.999999999996    1.40553621942165e-08    2.09739146259443e-15    1.67677826963036e-11    5.70073633633581e-13    2.80602128084388e-08    4.40599525415263e-11    4.21769749089182e-08
63.4999999999959    3.60025142641424e-08    1.3689440471986e-15    2.79383278614034e-11    5.03211741266657e-13    4.88370170189468e-09    1.44324555802464e-11    4.0929091330164e-08
63.9999999999958    3.90698337537237e-08    4.86149938092966e-15    1.76908428346824e-11    1.91944475321524e-13    5.80027364350709e-11    5.03875064241205e-13    3.91462280140324e-08
64.4999999999961    3.73014048814385e-08    5.52662983582113e-15    3.70716087234646e-12    6.69331196270201e-12    6.69253881580513e-11    2.46593206699305e-11    3.74033955897314e-08
64.9999999999963    3.10077398844853e-08    4.17607063379345e-14    8.37970033265756e-11    1.21775297166753e-12    4.69824586254835e-09    3.60069493952995e-11    3.58270492134335e-08
65.4999999999966    1.01385465554582e-08    1.49098463650664e-13    8.31473277412754e-11    1.40236126857178e-12    2.4534026306168e-08    1.09093741514367e-10    3.48663653906141e-08
65.9999999999969    1.61109992129909e-09    6.00888638443732e-14    5.2880035360181e-11    1.58993011546392e-12    3.2930207379125e-08    1.44100461994687e-10    3.47399378167582e-08
66.4999999999971    2.20346871331444e-08    1.40827608332426e-14    4.45124637128277e-12    2.72752080060936e-12    1.20462923457281e-08    1.45807834678543e-10    3.42339801634838e-08
66.9999999999974    3.20202559579871e-08    2.27699164829459e-14    1.71747791431688e-11    3.11112364555904e-12    8.7891430933008e-10    4.83563209800487e-11    3.29678352610024e-08
67.4999999999976    3.15195583080807e-08    7.2924316742785e-14    3.83954807396269e-11    6.9986088768852e-12    2.08453482075415e-17    1.2194142438243e-14    3.15650375370017e-08
67.9999999999979    2.92113797139154e-08    4.0926354221248e-14    8.56688932062864e-11    1.30527604233999e-11    7.48360393926218e-10    1.84510075308693e-10    3.02430127631343e-08
68.4999999999981    1.85089123234852e-08    1.05279231986081e-12    3.58597995538035e-10    2.07685777623794e-12    1.01808390492265e-08    1.1652373999294e-10    2.91680027583387e-08
68.9999999999984    1.13600038279229e-09    1.22676164183157e-12    7.97527115956245e-11    5.62701218331917e-12    2.70611496710841e-08    4.89385073612456e-10    2.87731416129096e-08
69.4999999999986    8.48106706627478e-09    2.39094862310449e-13    2.23902604301349e-11    6.48851147479507e-12    1.96631631893353e-08    4.86178987211107e-10    2.86595271095884e-08
69.9999999999989    2.38586029329932e-08    1.34363969862187e-13    3.10286921105336e-10    1.61016262507468e-12    3.70567269915506e-09    4.37884059882531e-11    2.79200954858368e-08
70.4999999999992    2.66247049337038e-08    5.16167818956895e-13    1.38072210608464e-10    6.76885000245558e-13    5.68936514351838e-11    2.49265200053459e-12    2.68233565005672e-08
70.9999999999994    2.54729300106065e-08    6.7952241864725e-13    4.67751346325749e-11    4.62733757698443e-11    3.09026725484263e-11    1.3745750231874e-10    2.57350182182947e-08
71.4999999999997    2.10974088014953e-08    3.08429860507189e-12    7.67561915207395e-10    4.16693515911427e-12    2.77158177564928e-09    1.04138127261809e-10    2.4747941853378e-08
71.9999999999999    7.39684659234696e-09    1.22114463485439e-11    1.44950490194631e-10    1.77797738730618e-11    1.53431919034999e-08    1.20905450336869e-09    2.41240347096317e-08
72.5000000000002    7.21445764091081e-10    5.61607044040459e-12    5.73437801366287e-11    1.68125904850609e-11    2.18259060974303e-08    1.38146090126778e-09    2.40085852038513e-08
73.0000000000004    1.39021152234674e-08    1.29174012640375e-12    5.2029409087666e-10    1.30696095275745e-11    8.6180668453379e-09    6.48265306273489e-10    2.37031028156094e-08
73.5000000000007    2.16075366400633e-08    2.02882822024394e-12    3.97259042867024e-11    3.40247776292741e-11    7.14978360003405e-10    5.30678339507562e-10    2.29289728497105e-08
74.000000000001    2.17664414216935e-08    8.10873334141699e-12    2.52049557166108e-10    1.53874016218294e-11    1.05895000827374e-14    4.56390584762125e-13    2.20424540939077e-08
74.5000000000012    1.96949292094825e-08    4.67376416432464e-12    1.59957928856169e-10    7.34225794556759e-11    4.12571130039937e-10    8.60634863645275e-10    2.12061894756439e-08
75.0000000000015    1.24881004894058e-08    2.9608273243492e-11    7.40182370963542e-10    2.68895512252863e-11    6.05545431250227e-09    1.18023578958917e-09    2.05204707869296e-08
75.5000000000017    1.04961145751909e-09    3.86039948324024e-11    3.28590878447565e-10    2.77337030710807e-11    1.68011108574149e-08    1.97992679832985e-09    2.02255776896149e-08
76.000000000002    4.8136022352463e-09    1.1774929214378e-11    1.03662859671734e-09    1.96326459565721e-11    1.30710474767775e-08    1.17217380217237e-09    2.01248596860845e-08
76.5000000000022    1.55166491334805e-08    8.06427029338529e-12    9.13322284851509e-10    1.90433139344661e-11    2.73583217304209e-09    4.86783321197094e-10    1.96796944967991e-08
77.0000000000025    1.84580463323837e-08    2.18590442722041e-11    1.4431163157029e-10    6.35951939625618e-11    5.58420320731655e-11    2.45144826937082e-10    1.8988799061199e-08
77.5000000000027    1.79112078277737e-08    3.75880278517093e-11    2.12214525275713e-10    4.14504249277402e-11    1.45477796510084e-11    6.63144239885176e-11    1.82833230094683e-08
78.000000000003    1.49628797122449e-08    2.6981102320872e-11    8.17799866741986e-10    8.14171137150196e-12    1.69002741262611e-09    1.33903322498927e-10    1.76397331278043e-08
78.5000000000033    5.74975331514054e-09    5.27590266327823e-11    2.87238951442072e-10    2.21444877007791e-11    1.00321051115013e-08    1.06717792640158e-09    1.72111788188191e-08
79.0000000000035    3.38873567582036e-10    3.24926407842897e-11    7.69542340382391e-10    1.33693181448907e-11    1.5213713203267e-08    7.47526923988869e-10    1.71155179941494e-08
79.5000000000038    9.16159290771746e-09    2.72543087824226e-11    9.97237014692981e-10    9.0461936214991e-12    6.49462084516173e-09    2.41529862017198e-10    1.69312811319933e-08
80.000000000004    1.50476773387358e-08    3.06091523750845e-11    3.09171986374638e-10    3.27509255113187e-11    6.14654219767306e-10    4.01875113357478e-10    1.64367387361216e-08
80.5000000000043    1.56077822041009e-08    4.9563301595613e-11    1.58747054571702e-10    3.7257568070712e-11    1.42801310543247e-13    3.72036911304186e-12    1.58572132987625e-08
81.0000000000045    1.4459996210887e-08    3.53072688670117e-11    1.33727028805284e-10    5.4507064644387e-11    2.35791720800153e-10    3.79886039358081e-10    1.52992153333619e-08
81.5000000000048    9.71182143456397e-09    5.05645508640326e-11    3.27596299311947e-10    2.43993118394849e-11    4.01249946244774e-09    7.03745375668027e-10    1.48306264346952e-08
82.000000000005    1.14954434827507e-09    3.97235944096938e-11    4.9340186452011e-10    1.80646625353114e-11    1.21062113640044e-08    8.10933160560513e-10    1.46178789943051e-08
82.5000000000053    3.05710188152212e-09    3.49647581643878e-11    7.06533093153718e-10    1.45461599185973e-11    1.01925433211798e-08    5.55835937746762e-10    1.45615251516854e-08
83.0000000000056    1.10699637679103e-08    3.60209312687053e-11    5.01750365071225e-10    1.54002866349351e-11    2.33025742704078e-09    3.26473148018308e-10    1.42798659259442e-08
83.5000000000058    1.33778817268612e-08    4.61461305474128e-11    1.64098596113497e-10    3.91377899189712e-11    6.27715832746555e-11    1.29806452498103e-10    1.38198422792139e-08
84.0000000000061    1.30150354122202e-08    4.95735289860294e-11    1.24965384957919e-10    7.74556799992079e-11    5.6266055608169e-12    7.31273976020869e-11    1.33457840093262e-08
84.5000000000063    1.09186906872758e-08    4.89651321962117e-11    8.10330506151723e-10    1.14897237739306e-11    1.00162694503625e-09    1.19836404035179e-10    1.29109393984691e-08
85.0000000000066    4.6135534926997e-09    6.47844028031089e-11    3.93062619019761e-10    2.94275267393455e-11    6.53590323308868e-09    9.70945495087623e-10    1.26076767694382e-08
85.5000000000068    1.39585590332827e-10    4.05179497955193e-11    1.02751616510735e-09    1.61010899238819e-11    1.07515758108e-08    5.50139841410706e-10    1.25254364473702e-08
86.0000000000071    5.9962325936293e-09    4.03405334546006e-11    1.01646876022661e-09    1.38240191362328e-11    5.06202206781646e-09    2.82798494163821e-10    1.2411686468427e-08
86.5000000000073    1.06666748476179e-08    4.90920067640799e-11    4.20805461619892e-10    3.77651276294383e-11    5.59831777335352e-10    3.55106849469099e-10    1.20892760704358e-08
87.0000000000076    1.13922752594004e-08    6.29903454292798e-11    1.69283038332698e-10    6.25851779032283e-11    5.79388586784296e-13    1.08504327713064e-11    1.16985636424237e-08
87.5000000000079    1.05603166463489e-08    5.10939042500321e-11    1.455436329802e-10    8.15957254890703e-11    1.22656167748244e-10    3.56764674170197e-10    1.13179707509867e-08
88.0000000000081    7.34362630660869e-09    7.34783303305161e-11    2.61784619443251e-10    4.16951934140164e-11    2.48104016339107e-09    7.9090320043963e-10    1.09925278136272e-08
88.5000000000084    1.17521410608934e-09    6.20838585797385e-11    9.00677893603671e-10    1.78420309962608e-11    8.16449366433103e-09    5.07278825565246e-10    1.08275903791653e-08
89.0000000000086    1.75627229445302e-09    4.62431917691909e-11    1.01200143773795e-09    1.63309478790878e-11    7.57363013052916e-09    3.79396342410969e-10    1.07838743447794e-08
89.5000000000089    7.60302067251628e-09    5.5408326492588e-11    3.60110948900863e-10    3.26712170911666e-11    1.96676954145669e-09    5.87451551560643e-10    1.06054322580182e-08
90.0000000000091    9.71697917893516e-09    6.36755687768672e-11    1.75340380616981e-10    6.56406780358209e-11    7.29852427913881e-11    2.01508149308092e-10    1.02961291984643e-08
90.5000000000094    9.61160184240325e-09    6.98254109133281e-11    1.43737558178558e-10    9.64629547705985e-11    1.79115598966959e-12    4.65837802132981e-11    9.9700027024687e-09
91.0000000000096    8.12964656914433e-09    7.28790019370132e-11    6.86088856694426e-10    2.70104904387588e-11    5.70998374966547e-10    1.81673434273223e-10    9.66829672745429e-09
91.5000000000099    3.82950522572634e-09    8.55902603902652e-11    7.30010962150591e-10    2.6806589709243e-11    4.20929903438549e-09    5.64160739725216e-10    9.44537281208714e-09
92.0000000000102    9.37872177161137e-11    5.9345376719167e-11    1.11591696217097e-09    1.78525176266537e-11    7.66559139880575e-09    4.22023810290036e-10    9.37451728332869e-09
92.5000000000104    3.86224570538159e-09    5.81884127749526e-11    7.11061408333691e-10    2.44190526536585e-11    4.07039588690403e-09    5.76411361518496e-10    9.30272182756642e-09
93.0000000000107    7.65270565742999e-09    6.78991494248935e-11    5.12401832332495e-10    3.88345861858536e-11    5.40789071845832e-10    2.76735721168901e-10    9.08936601838796e-09
93.5000000000109    8.44516798527956e-09    7.99633313631206e-11    1.70942578991743e-10    9.11864796888561e-11    1.94371800405255e-12    3.02823575207388e-11    8.81948645084808e-09
94.0000000000112    7.81833524662582e-09    7.32538974485967e-11    1.61160108543047e-10    1.08693307436576e-10    5.63561799268751e-11    3.3599192647259e-10    8.5537906664535e-09
94.5000000000114    5.63190691879485e-09    1.10065329336296e-10    3.11908294218527e-10    5.38550091509224e-11    1.45259006092463e-09    7.61295041318031e-10    8.32162065374325e-09
95.0000000000117    1.18409908545144e-09    1.31089278491557e-10    1.05384632705991e-09    3.16731748590449e-11    5.33922835139104e-09    4.52191693467063e-10    8.19212791072005e-09
95.500000000012    9.46760260098901e-10    9.47820289438658e-11    8.32069858767413e-10    5.45783755298199e-11    5.56122461762375e-09    6.63701253513021e-10    8.15311639447678e-09
96.0000000000122    5.07443557189124e-09    9.56991198751401e-11    4.80930783954802e-10    8.4869970673262e-11    1.68235041173314e-09    6.18179947414328e-10    8.03646580554191e-09
96.5000000000125    6.99216510407254e-09    8.92814485737872e-11    3.13026601015421e-10    1.08111862347705e-10    8.90602498686403e-11    2.35260091924168e-10    7.82690535780227e-09
97.0000000000127    7.10616028426039e-09    9.59455263524068e-11    1.97484844984149e-10    1.67921561032977e-10    4.21135850370779e-13    3.10980911093499e-11    7.59903144358965e-09
97.500000000013    6.00704075897527e-09    1.21844465919349e-10    6.0978909536442e-10    8.60127019017481e-11    2.90249692996713e-10    2.71637326021834e-10    7.38657404117933e-09
98.0000000000132    3.1346076464738e-09    1.60960328397382e-10    8.54752943749979e-10    7.07280070433672e-11    2.50270424111359e-09    4.96993710787129e-10    7.22074687756525e-09
98.5000000000135    1.65783511880525e-10    1.49767766382526e-10    8.49060685054882e-10    6.15333966232264e-11    5.1557127262787e-09    7.72539989692611e-10    7.15439807591247e-09
99.0000000000137    2.28773229746603e-09    1.18023391046349e-10    6.62921021543231e-10    8.63577625144204e-11    3.18024214776764e-09    7.66926140404754e-10    7.10220276074242e-09
99.500000000014    5.27558656257082e-09    1.2005291528114e-10    5.3599548566055e-10    1.33062557913824e-10    5.35292904625829e-10    3.62200187339612e-10    6.96219061339177e-09
100.000000000014    6.11245069822114e-09    1.13122986555099e-10    2.86724650027523e-10    1.86924976840121e-10    6.00567991363547e-12    6.97568486664208e-11    6.77498584022394e-09
100.500000000015    5.74187823224418e-09    1.12800990547699e-10    2.33313952950863e-10    2.18043791580308e-10    1.94825719165784e-11    2.6157608820769e-10    6.58709562744732e-09
101.000000000015    4.23705695462139e-09    1.70477414916426e-10    6.35506867258207e-10    1.17404432956535e-10    7.24828363810478e-10    5.34366140924876e-10    6.41964017448792e-09
101.500000000015    1.24334434851191e-09    1.8295513786828e-10    8.17347892053313e-10    8.46596211937429e-11    3.08953234332386e-09    8.96608703083578e-10    6.31444804603469e-09
102.000000000015    4.22543826586135e-10    1.58354941611664e-10    8.41525212704263e-10    8.41126388028233e-11    3.80490573407719e-09    9.60034019364148e-10    6.27147637314622e-09
102.500000000016    3.10111656130082e-09    1.45432255989519e-10    7.96748811803438e-10    1.12283810581894e-10    1.4369788498517e-09    6.02588323106487e-10    6.19514861263386e-09
103.000000000016    4.86538404156618e-09    1.52197105925825e-10    4.53192352736512e-10    1.91239883174142e-10    1.20034967351084e-10    2.73025764061985e-10    6.05507411481573e-09
103.500000000016    5.20328807004742e-09    1.37549258088551e-10    2.93640892937173e-10    2.44475346633856e-10    1.09243931622472e-13    1.58203560695765e-11    5.8948831677082e-09
104.000000000016    4.38625539389371e-09    1.70747545694188e-10    5.07495375887674e-10    1.8092875255805e-10    1.12892298710312e-10    3.8513398866232e-10    5.74345335540626e-09
104.500000000017    2.55552408402718e-09    2.43206376981811e-10    6.98127500467071e-10    1.22937860117178e-10    1.25673572082812e-09    7.42157892902314e-10    5.61868943532368e-09
105.000000000017    3.53957525487217e-10    2.43061330924314e-10    8.78304488909805e-10    1.13566569423247e-10    3.07826139309215e-09    8.85038531661931e-10    5.55218983949866e-09
105.500000000017    1.16065358995796e-09    2.10841488667357e-10    8.86473023027061e-10    1.42410267327751e-10    2.35811084385025e-09    7.51188962930075e-10    5.50967817576046e-09
106.000000000017    3.39472764915084e-09    1.85569004028738e-10    6.41791668334707e-10    1.94142512110367e-10    5.39484023735685e-10    4.63565531510919e-10    5.41928038887126e-09
106.500000000018    4.31132009133751e-09    1.83224146564134e-10    3.62591485041095e-10    2.91514624501136e-10    1.65884913688934e-11    1.25465130697558e-10    5.29070396951033e-09
107.000000000018    4.24923295641305e-09    1.61335825551183e-10    3.16498793939254e-10    3.0481244657493e-10    4.23802070238914e-12    1.19993640208356e-10    5.15611168338917e-09
107.500000000018    3.22274608034167e-09    2.36052880564426e-10    7.88587661806323e-10    1.81483203533528e-10    2.99135436400322e-10    3.06202230198607e-10    5.03420749284488e-09
108.000000000018    1.3190802844089e-09    2.88580919002964e-10    8.89159738454854e-10    1.49173997833448e-10    1.62104723767062e-09    6.78335865490339e-10    4.94537804286113e-09
108.500000000019    2.52135105553861e-10    2.56139065047368e-10    9.70681599211935e-10    1.40211373115755e-10    2.48986517247605e-09    7.91638410916762e-10    4.90067072632173e-09
109.000000000019    1.7284818175249e-09    2.19503993600202e-10    8.26227894347351e-10    1.69852910007436e-10    1.2462909798379e-09    6.59041160730212e-10    4.84939875604801e-09
109.500000000019    3.23391946979004e-09    2.19748443963107e-10    5.83531754388322e-10    2.35126710951555e-10    1.72005453552188e-10    3.12422870529452e-10    4.75675470317466e-09
110.000000000019    3.71715188982917e-09    1.96933891037195e-10    3.78096831747998e-10    3.23159918669615e-10    1.19833109112252e-12    2.77919741422727e-11    4.64433283651737e-09
110.50000000002    3.32193377152661e-09    2.1389556938392e-10    4.07812709334324e-10    2.95552993326251e-10    2.91212913240889e-11    2.65287858547989e-10    4.53360419344319e-09
111.00000000002    2.25215212721234e-09    2.91902653246709e-10    6.39511587547522e-10    1.88835561369039e-10    5.1635572883535e-10    5.48040100585527e-10    4.43679775879648e-09
111.50000000002    6.24616928418206e-10    3.1126608007443e-10    8.7527079978104e-10    1.48285246725271e-10    1.69601758295983e-09    7.18751867626576e-10    4.37420850558535e-09
112.00000000002    5.08272714251986e-10    2.84237736404367e-10    8.58998342728163e-10    1.6894271628552e-10    1.78140368883785e-09    7.35026988864912e-10    4.3368821873728e-09
112.500000000021    1.99381722545943e-09    2.47931935347533e-10    7.05405484518559e-10    2.18431167549566e-10    6.13682943690616e-10    4.99885923374099e-10    4.2791546799398e-09
113.000000000021    2.94673153535292e-09    2.44549922760626e-10    4.77525103720982e-10    2.926927442784e-10    4.87227137776863e-11    1.82084367584169e-10    4.19230638747478e-09
113.500000000021    3.14689661228845e-09    2.05329984570666e-10    3.58484828769004e-10    3.59838910491282e-10    3.38366391713735e-13    2.47875183030835e-11    4.0956762208142e-09
114.000000000021    2.5626234342203e-09    2.55870808321546e-10    5.65878750600768e-10    2.50823107534663e-10    8.17916275351136e-11    2.87768180614879e-10    4.00475590882727e-09
114.500000000022    1.44968486627417e-09    3.17096958265765e-10    7.06440599238862e-10    1.85560010402685e-10    6.94854047796774e-10    5.76072372987596e-10    3.92970885496585e-09
115.000000000022    3.24240353989409e-10    3.1618848795661e-10    8.66854974148775e-10    1.6940799785414e-10    1.52713041069679e-09    6.79600323725331e-10    3.88342254837106e-09
115.500000000022    8.02709005063078e-10    2.71566124192728e-10    8.14480846124398e-10    1.91872915371288e-10    1.14570009008038e-09    6.20367049803098e-10    3.84669603063497e-09
116.000000000022    2.0014993058209e-09    2.58884966208488e-10    6.06762929975579e-10    2.432233047623e-10    2.81027383213325e-10    3.96288124585219e-10    3.78768601456581e-09
116.500000000023    2.62214148034083e-09    2.37408390397283e-10    4.33089531394422e-10    3.10766888806874e-10    1.13143737627735e-11    9.47872708654975e-11    3.70950793556768e-09
117.000000000023    2.59216181319963e-09    2.27059000710354e-10    3.50388772678876e-10    3.60228798482063e-10    3.02467590244912e-12    9.47421434757701e-11    3.62760520444914e-09
117.500000000023    1.93663510625001e-09    2.77894276712252e-10    6.87710152452701e-10    2.32440769309352e-10    1.46919488911093e-10    2.712095646448e-10    3.55280935828021e-09
118.000000000023    8.83556475129981e-10    3.13246242596233e-10    7.97849639719615e-10    1.94976712697961e-10    7.62740621253588e-10    5.42567047182299e-10    3.49493673857968e-09
118.500000000024    2.74833781919738e-10    3.0504795732775e-10    8.24887095499591e-10    1.86926930923978e-10    1.20895629027883e-09    6.5767088474234e-10    3.45832294069223e-09
119.000000000024    9.88827924970011e-10    2.79058131097008e-10    7.31241052971848e-10    2.21760945989972e-10    6.74300205988364e-10    5.25416582807313e-10    3.42060484382452e-09
119.500000000024    1.90051998285263e-09    2.63177354057895e-10    5.39041199925796e-10    2.80738158862368e-10    1.15330542958677e-10    2.64736146027572e-10    3.36354338468494e-09
120.000000000024    2.2703070153161e-09    2.44652627034543e-10    3.88481688311786e-10    3.53075855389004e-10    2.04520282689349e-12    3.62500915247529e-11    3.29481248040308e-09
120.500000000025    2.09992031744709e-09    2.31488647136998e-10    3.95099225415494e-10    3.3864774492214e-10    1.14369449108397e-11    1.49164762472031e-10    3.2257576423046e-09
121.000000000025    1.45215408119685e-09    2.98883445011027e-10    6.12842358538823e-10    2.31970384432322e-10    2.23681742027883e-10    3.44378560721486e-10    3.16391057192839e-09
121.500000000025    5.50582730257236e-10    3.11332614008544e-10    7.28801168553738e-10    1.98594887714216e-10    7.81607270534087e-10    5.48254970812941e-10    3.11917364188076e-09
122.000000000026    3.43468923973806e-10    2.92247350737898e-10    7.70882980278103e-10    1.87971744447273e-10    9.24008843777542e-10    5.69428171945449e-10    3.08800801516007e-09
122.500000000026    1.09171332484583e-09    2.673228356362e-10    6.57150185568475e-10    2.21207476690833e-10    3.89987443342319e-10    4.23072106324167e-10    3.05045337240782e-09
123.000000000026    1.76850979368397e-09    2.42082314015451e-10    4.65277450033299e-10    2.85183384616498e-10    4.55782263321833e-11    1.90697810932799e-10    2.9973289796142e-09
123.500000000026    1.96759281365e-09    2.47932513097886e-10    3.54540628842991e-10    3.43594406838807e-10    4.80099813617042e-13    2.31881726074699e-11    2.93732863485078e-09
124.000000000027    1.69406867927742e-09    2.32318416763671e-10    4.38231885399067e-10    2.95985290992721e-10    2.61724427391389e-11    1.92454828367958e-10    2.87923154353997e-09
124.500000000027    1.04343007746842e-09    3.07158291479802e-10    5.60822766749051e-10    2.20009910548535e-10    2.79043399411988e-10    4.18123724841218e-10    2.82858817049902e-09
125.000000000027    3.77586868745911e-10    2.89444305095612e-10    7.31182259376227e-10    1.9202668253064e-10    7.10540307258938e-10    4.9192832909439e-10    2.79270875210172e-09
125.500000000027    4.21306347148257e-10    2.90958022594665e-10    6.99549583695654e-10    1.98499619482849e-10    6.63192100670077e-10    4.90931218199003e-10    2.7644368917905e-09
126.000000000028    1.1182528810143e-09    2.54661339671827e-10    5.81813795291233e-10    2.36846284605586e-10    2.19068070698096e-10    3.17113633120321e-10    2.72775600440137e-09
126.500000000028    1.57992030394452e-09    2.51634464707858e-10    4.18102087392956e-10    3.06614092558172e-10    1.7949372451285e-11    1.05442304046983e-10    2.67966262510177e-09
127.000000000028    1.67791114822304e-09    2.2822897284778e-10    3.41469983404876e-10    3.47344264759048e-10    5.96130545961525e-13    3.2206884266131e-11    2.62775738404683e-09
127.500000000028    1.34499360403746e-09    2.46192220785147e-10    4.88373465468829e-10    2.63939438295817e-10    4.41207379924661e-11    1.90842049789186e-10    2.5784615163689e-09
128.000000000029    7.54779739841581e-10    2.96036059436876e-10    5.73836097958559e-10    2.12574200632431e-10    3.07817357752203e-10    3.92159958352322e-10    2.53720341397397e-09
128.500000000028    3.02485580735249e-10    2.73613734329316e-10    6.80723481096481e-10    1.92414903335452e-10    6.16702183820288e-10    4.41242496499232e-10    2.50718237981602e-09
129.000000000028    4.80046499405251e-10    2.83179110265509e-10    6.24382755460315e-10    2.11492947452268e-10    4.73633036141933e-10    4.08344068649634e-10    2.48107841737491e-09
129.500000000027    1.09197451450571e-09    2.36845146746791e-10    4.97761812455866e-10    2.52300997711995e-10    1.24055871821906e-10    2.43409727289502e-10    2.44634807053177e-09
130.000000000027    1.4043370846298e-09    2.46969672267927e-10    3.68041537582121e-10    3.1052310301398e-10    7.14887737100424e-12    6.63240730733557e-11    2.40334434793819e-09
130.500000000026    1.43537563410277e-09    2.12220548415145e-10    3.38525446848706e-10    3.19820000536702e-10    1.64702194396194e-12    5.08788389047568e-11    2.35846749075204e-09
131.000000000026    1.10206066751479e-09    2.51242778117337e-10    4.76481832385573e-10    2.47380573192896e-10    6.4025154915382e-11    1.75141583146134e-10    2.31633258927211e-09
131.500000000025    5.79687385046076e-10    2.83826289706397e-10    5.49123804553703e-10    2.13102561514281e-10    3.3061369938621e-10    3.25647099225368e-10    2.28200083943204e-09
132.000000000025    2.55897706578979e-10    2.82454836961734e-10    5.72750703966103e-10    2.00862968964245e-10    5.48386903560402e-10    3.96555789757668e-10    2.25690890978913e-09
132.500000000024    5.46192984478704e-10    2.62028375492543e-10    5.40812862451732e-10    2.09004639846503e-10    3.43785042167364e-10    3.30807446912414e-10    2.23263135134926e-09
133.000000000024    1.02381239841677e-09    2.30719436613714e-10    4.38883957133518e-10    2.48873384098472e-10    7.2862976392869e-11    1.85187917362479e-10    2.20034007001782e-09
133.500000000024    1.26337436163662e-09    2.23097973511712e-10    3.30227003960522e-10    3.00639786827349e-10    2.64755180397705e-12    4.22634100344226e-11    2.1622500877746e-09
134.000000000023    1.23100524652551e-09    2.07895774815034e-10    3.29753352358378e-10    2.91006338519769e-10    3.52461483896227e-12    5.98557314516622e-11    2.12304105850931e-09
134.500000000023    9.00940731727373e-10    2.47600802504105e-10    4.49757441327022e-10    2.28645515114236e-10    8.14283319681845e-11    1.78722541712799e-10    2.08709536435372e-09
135.000000000022    4.60107921292704e-10    2.50007174188869e-10    5.13571863899709e-10    1.99539226671061e-10    3.26832371571629e-10    3.08120736504821e-10    2.05817929412879e-09
135.500000000022    2.30747647289458e-10    2.62281250695354e-10    5.27817738403642e-10    1.96694711074066e-10    4.69548300264418e-10    3.49381764901832e-10    2.03647141262877e-09
136.000000000021    5.58876805770425e-10    2.34169440710831e-10    4.8771621004785e-10    2.08259879579366e-10    2.53413928339393e-10    2.71578693822706e-10    2.01401495827057e-09
136.500000000021    9.39463203330273e-10    2.22874642431313e-10    3.85618592330554e-10    2.47938209715282e-10    4.66871501798704e-11    1.42013363604145e-10    1.98459516159144e-09
137.00000000002    1.12092141024606e-09    2.07353148107236e-10    3.06004954308764e-10    2.90224324905712e-10    1.2283678287234e-12    2.52081031320638e-11    1.95094030852856e-09
137.50000000002    1.05743618959142e-09    1.96392642019842e-10    3.04280308454327e-10    2.83203591324267e-10    5.17948591667797e-12    7.03143243482787e-11    1.91680654165481e-09
138.000000000019    7.52577935296401e-10    2.34360535705946e-10    4.19429724130431e-10    2.20012659645248e-10    8.6867705114149e-11    1.72523676387064e-10    1.88577223627924e-09
138.500000000019    3.76342945154366e-10    2.34229048067033e-10    4.71707250582177e-10    1.94655396193314e-10    3.01667182002358e-10    2.82363981277824e-10    1.86096580327707e-09
139.000000000019    2.30910520013956e-10    2.40789672327808e-10    4.82556039305741e-10    1.90044545325016e-10    3.92078131251316e-10    3.05473674899046e-10    1.84185258312288e-09
139.500000000018    5.34476798669637e-10    2.16769873958559e-10    4.42677036356344e-10    2.05125446067914e-10    1.97415692595469e-10    2.24716075460063e-10    1.82118092310798e-09
140.000000000018    8.47457810886763e-10    2.08876585569846e-10    3.54224254328088e-10    2.37267773582252e-10    3.35854021851796e-11    1.13399503005156e-10    1.79481132955729e-09
140.500000000017    1.00257736702473e-09    1.85815033679794e-10    2.87146177563611e-10    2.697448604549e-10    7.11965632700485e-13    1.90603529711149e-11    1.76505575732685e-09
141.000000000017    9.14508268333446e-10    1.92983304748341e-10    3.04238304654657e-10    2.50685550250109e-10    6.57216888965894e-12    6.62450386979076e-11    1.73523263557412e-09
141.500000000016    6.56342718338807e-10    2.14967646200693e-10    3.85360806215262e-10    2.02449492695564e-10    8.72195196449589e-11    1.61880192185592e-10    1.70822037528088e-09
142.000000000016    3.27908649545422e-10    2.16296201800229e-10    4.31540305889876e-10    1.8554512453502e-10    2.79251249237384e-10    2.45988436798385e-10    1.68652996780632e-09
142.500000000015    2.16829910449072e-10    2.26695326276441e-10    4.42321216717287e-10    1.80637135906411e-10    3.46813129945667e-10    2.56227296714714e-10    1.66952401600959e-09
143.000000000015    5.01932663720486e-10    2.00936178307918e-10    3.89593085282649e-10    1.98483680554712e-10    1.64843573096043e-10    1.95151342406349e-10    1.65094052336816e-09
143.500000000014    7.70379897157797e-10    1.93275124795306e-10    3.12757495516651e-10    2.279844716282e-10    2.66297030679728e-11    9.63131205906258e-11    1.62733981275655e-09
144.000000000014    8.87590468444847e-10    1.78462695718669e-10    2.69226035351654e-10    2.4884603001856e-10    5.89870983461057e-13    1.63563966326863e-11    1.60107149714988e-09
144.500000000014    8.13951630239043e-10    1.74465908724023e-10    2.84458214973913e-10    2.32155861110462e-10    6.3320466915097e-12    6.34679482803522e-11    1.5748316100193e-09
145.000000000013    5.68128168409571e-10    2.04849463244492e-10    3.51808951700708e-10    1.95465203113246e-10    8.14697287627005e-11    1.49382909394531e-10    1.55110442462525e-09
145.500000000013    2.83421814953376e-10    2.03737732473385e-10    3.97035687722678e-10    1.73359461142573e-10    2.47084372026939e-10    2.27441312755608e-10    1.53208038107456e-09
146.000000000012    2.08596081475562e-10    2.05816614752871e-10    4.13925181600619e-10    1.71299250872027e-10    2.91657933424533e-10    2.2548323192757e-10    1.51677829405318e-09
146.500000000012    4.54354550173387e-10    1.88586034905509e-10    3.63731017819721e-10    1.84610838293129e-10    1.34170980682708e-10    1.74529943572315e-10    1.49998336544677e-09
147.000000000011    6.93475980344934e-10    1.76255332469099e-10    2.95098523504545e-10    2.09666786384482e-10    2.01491971065173e-11    8.43320291114381e-11    1.47897784892102e-09
147.500000000011    7.89533739775222e-10    1.67511769032139e-10    2.42632732402221e-10    2.41114990070208e-10    4.10003192380969e-13    1.44716196921205e-11    1.45567485416429e-09
148.00000000001    7.14332515966448e-10    1.675145158011e-10    2.66152060355094e-10    2.1990841738191e-10    6.24911364145083e-12    5.84618801203856e-11    1.43261850326639e-09
148.50000000001    5.04801006310596e-10    1.80698750305114e-10    3.29005475639078e-10    1.83409545045353e-10    7.21392139952567e-11    1.41552580719321e-10    1.41160657201472e-09
149.000000000009    2.47395716806038e-10    1.87368310324805e-10    3.69759366514641e-10    1.65130674587606e-10    2.15453407000012e-10    2.09667805980322e-10    1.39477528121342e-09
149.500000000009    1.99273079115341e-10    1.81626278289705e-10    3.77088211366032e-10    1.61736745686141e-10    2.46968589621337e-10    2.14308328530121e-10    1.38100123260868e-09
150.000000000009    4.063339381398e-10    1.74546641317769e-10    3.36376268962715e-10    1.73539471584005e-10    1.14008004209123e-10    1.61074591064641e-10    1.36587891527805e-09
150.500000000008    6.22233787789552e-10    1.60757965476243e-10    2.74152958816552e-10    1.98596649189075e-10    1.65974597295763e-11    7.48645376811452e-11    1.34720335868214e-09
151.000000000008    7.09402385447543e-10    1.53642751609132e-10    2.26653418983421e-10    2.24801939301701e-10    2.87469724136918e-13    1.17623620424201e-11    1.32655032710835e-09
151.500000000007    6.3832887817596e-10    1.54937388814177e-10    2.5011960121613e-10    2.02702746019842e-10    5.47247555287507e-12    5.4561192250214e-11    1.3061222820292e-09
152.000000000007    4.52739548332024e-10    1.68640246001263e-10    3.02888606492766e-10    1.70207985500662e-10    6.25410404586245e-11    1.30469181185113e-10    1.28748660797045e-09
152.500000000006    2.27066204614927e-10    1.74578481692654e-10    3.35465740822068e-10    1.57244458270224e-10    1.87622906077599e-10    1.90420882477491e-10    1.27239867395496e-09
153.000000000006    1.78795810027776e-10    1.74637506221713e-10    3.44078053384078e-10    1.53139715554745e-10    2.1811867687069e-10    1.91227739527734e-10    1.25999750158674e-09
153.500000000005    3.68754882546285e-10    1.6211420796138e-10    3.03950202003268e-10    1.64519944707264e-10    1.00908029669036e-10    1.46203600053859e-10    1.24645086694109e-09
154.000000000005    5.55996755341483e-10    1.54023197428265e-10    2.54917288055654e-10    1.84086018103898e-10    1.53138872871692e-11    6.55041094170342e-11    1.2298412556335e-09
154.500000000004    6.33542049993432e-10    1.44891494609958e-10    2.15046823252159e-10    2.06121170734942e-10    3.18871511902206e-13    1.15876060283395e-11    1.21150801613073e-09
155.000000000004    5.72444660328396e-10    1.44429549102933e-10    2.32017665893079e-10    1.90274011573808e-10    4.51886516175244e-12    4.96761408998424e-11    1.19336089295981e-09
155.500000000004    4.11168219499393e-10    1.57102412569822e-10    2.78689301093024e-10    1.6054651793421e-10    5.27887177783181e-11    1.16423139651263e-10    1.17671830852603e-09
156.000000000003    2.13037237872429e-10    1.624479076403e-10    3.12142967989033e-10    1.48723564724636e-10    1.60879887808485e-10    1.65902427038998e-10    1.16313399307388e-09
156.500000000003    1.67680407522249e-10    1.59502476046923e-10    3.21550071894189e-10    1.44669208702866e-10    1.92383251892613e-10    1.66059584136632e-10    1.15184500019547e-09
157.000000000002    3.26390406672917e-10    1.52304733470294e-10    2.86565001922228e-10    1.54857677800709e-10    9.3435126015952e-11    1.26177472053142e-10    1.13973041793524e-09
157.500000000002    4.96139097864125e-10    1.42218471403108e-10    2.39359944303874e-10    1.72630898875699e-10    1.51218214188583e-11    5.95302646157792e-11    1.12500049848144e-09
158.000000000001    5.67684032218809e-10    1.33098503678757e-10    2.02138666826108e-10    1.93319324520189e-10    3.60496674841829e-13    1.20960285284769e-11    1.10869705244718e-09
158.500000000001    5.15431975096272e-10    1.36498133734546e-10    2.11839837921339e-10    1.82854183384898e-10    3.82281965789606e-12    4.20961583782851e-11    1.09254310817324e-09
159    3.78903578522076e-10    1.44414442865113e-10    2.51273852174356e-10    1.57508825500516e-10    4.34853655157402e-11    1.02060217825761e-10    1.07764628240356e-09
159.5    2.03808339358192e-10    1.50359645710511e-10    2.86226575883884e-10    1.4095278832179e-10    1.3718238190687e-10    1.46735586007401e-10    1.06526531718865e-09
159.999999999999    1.52891654065857e-10    1.4877904219478e-10    2.93659145015278e-10    1.37228075739173e-10    1.71825547677237e-10    1.50662063048622e-10    1.05504552774095e-09
160.499999999999    2.90333784362408e-10    1.3935690196306e-10    2.62629587247422e-10    1.49087022684181e-10    8.83822478482741e-11    1.14394948668359e-10    1.0441844927737e-09
160.999999999999    4.36074750226e-10    1.35440839826317e-10    2.19583089170817e-10    1.67403894664066e-10    1.63317500512298e-11    5.6278942981648e-11    1.03111326692008e-09
161.499999999998    5.09307203712436e-10    1.22103991474761e-10    1.89891248509759e-10    1.82360003606066e-10    4.79637272758163e-13    1.25175248872839e-11    1.01665960946306e-09
161.999999999998    4.65936052372882e-10    1.28794547728769e-10    1.95297187579483e-10    1.74386308102473e-10    2.92987193478821e-12    3.48107172157831e-11    1.00215468493418e-09
162.499999999997    3.53148479099754e-10    1.32783059582738e-10    2.36015038337605e-10    1.47743842342214e-10    3.47392998812986e-11    8.43112584959289e-11    9.88740977739537e-10
162.999999999997    1.98460136514149e-10    1.37881661155842e-10    2.59175273547659e-10    1.36721014642162e-10    1.17183853182621e-10    1.28030433618923e-10    9.77452372661356e-10
163.499999999996    1.41038842179098e-10    1.36059365204806e-10    2.68516217316313e-10    1.33135389722128e-10    1.58870895913498e-10    1.30507371149106e-10    9.68128081484949e-10
163.999999999996    2.51958306548409e-10    1.31877926687376e-10    2.44029201241849e-10    1.41216025804499e-10    8.89642867931934e-11    1.00445779905995e-10    9.58491526981321e-10
164.499999999995    3.90582009334132e-10    1.24873827829218e-10    2.0732326350346e-10    1.54937776519524e-10    1.7899827479244e-11    5.12529638687717e-11    9.4686966853435e-10
164.999999999995    4.56048495313736e-10    1.16125165610966e-10    1.7945914643774e-10    1.69458784771459e-10    6.20782052496869e-13    1.22405135800344e-11    9.33952887766432e-10
165.499999999994    4.27350195069572e-10    1.19037447844626e-10    1.82200603317861e-10    1.63038504422649e-10    1.98738856581417e-12    2.73491475455509e-11    9.20963286766073e-10
165.999999999994    3.31497671034421e-10    1.22557467991327e-10    2.19748297986995e-10    1.40271387035163e-10    2.70379035972292e-11    6.77154715893173e-11    9.08828199234452e-10
166.499999999994    1.8996958382052e-10    1.28372505337438e-10    2.40172665294085e-10    1.28653741126046e-10    1.02002479058756e-10    1.09317473398956e-10    8.98488448035802e-10
166.999999999993    1.26176338108025e-10    1.30252414819865e-10    2.4616580681315e-10    1.26498037945979e-10    1.46882953964587e-10    1.14060763911333e-10    8.9003631556294e-10
167.499999999993    2.20795944982459e-10    1.26291224725185e-10    2.25741326794533e-10    1.34296607693963e-10    8.52735456059673e-11    8.89929849631438e-11    8.81391634765251e-10
167.999999999992    3.49085501518542e-10    1.17176734512952e-10    1.9481928947397e-10    1.45175578392963e-10    1.74182368810188e-11    4.73746787582349e-11    8.71050019537681e-10
168.499999999992    4.1150934907524e-10    1.09001339810557e-10    1.69326962922661e-10    1.58469412989663e-10    5.60381957226906e-13    1.06031949164928e-11    8.5947064167184e-10
168.999999999991    3.94874471280092e-10    1.07902738455848e-10    1.65795249590765e-10    1.57685731747366e-10    1.21485537455948e-12    2.030432834846e-11    8.4777737479709e-10
169.499999999991    3.07670144263697e-10    1.14901343796886e-10    1.99768243222774e-10    1.35627744410023e-10    2.26591510703786e-11    5.61384950165649e-11    8.36765121780325e-10
169.99999999999    1.7932882939573e-10    1.19867390518795e-10    2.17230217512829e-10    1.2606141834121e-10    9.14289025475051e-11    9.3427484355424e-11    8.27344242671493e-10
170.49999999999    1.13525620727333e-10    1.21921544822836e-10    2.21301784262759e-10    1.21590340921041e-10    1.3508258736178e-10    1.06269988717169e-10    8.19691866812918e-10
170.999999999989    1.96508578030444e-10    1.1782328201629e-10    2.09437244851295e-10    1.25864139207136e-10    7.87176250148018e-11    8.35919474327911e-11    8.11942816552759e-10
171.499999999989    3.16532424180791e-10    1.06867900748927e-10    1.8311918027419e-10    1.33739697552725e-10    1.58072487020962e-11    4.65844389192046e-11    8.02650890377934e-10
171.999999999989    3.74933785598039e-10    1.01463327785497e-10    1.57004162537353e-10    1.4760839816913e-10    4.95912056800894e-13    1.07606527932503e-11    7.9226623894007e-10
172.499999999988    3.63076342105666e-10    1.00915760501928e-10    1.53796913280419e-10    1.47199913560302e-10    8.49833014570956e-13    1.5852403660812e-11    7.81691166123698e-10
172.999999999988    2.85081397798352e-10    1.0613451968905e-10    1.83322022367263e-10    1.29261348095787e-10    1.92747490222417e-11    4.86519794233578e-11    7.71726016396052e-10
173.499999999987    1.65622208261479e-10    1.13078924916188e-10    1.99108728761378e-10    1.18814095031475e-10    7.99694669096836e-11    8.65864699564699e-11    7.63179893836673e-10
173.999999999987    1.06085111820969e-10    1.1226223516927e-10    2.11314651773152e-10    1.11332940798378e-10    1.18692303987458e-10    9.64750032034037e-11    7.56162246752631e-10
174.499999999986    1.76043659948237e-10    1.07278106711232e-10    1.9853198727268e-10    1.15569718917597e-10    7.04324317619139e-11    8.12873018093962e-11    7.49143206421056e-10
174.999999999986    2.80683139707715e-10    9.98995620387549e-11    1.73338037029306e-10    1.24465306780754e-10    1.49668389151916e-11    4.74569342077007e-11    7.40809818679422e-10
175.499999999985    3.38485097860547e-10    9.48250629056516e-11    1.48219307410361e-10    1.3689428550725e-10    5.85910158146781e-13    1.24734250371912e-11    7.31483088879147e-10
175.999999999985    3.33738248940094e-10    9.40173860582721e-11    1.45147671153383e-10    1.3633023601839e-10    6.4127573799585e-13    1.20771460466003e-11    7.21951963954735e-10
176.499999999984    2.66789905152767e-10    9.8649152745579e-11    1.67402108630149e-10    1.22696986468898e-10    1.56813613786692e-11    4.16883353458006e-11    7.12907849721863e-10
176.999999999984    1.5913334006132e-10    1.04880955156249e-10    1.86573138393732e-10    1.09851508854359e-10    6.77295758610287e-11    7.68964833681223e-11    7.05065001694811e-10
177.499999999984    9.90237479600893e-11    1.02499540206838e-10    1.98667759696703e-10    1.0278953799383e-10    1.04649762099225e-10    9.09751815100203e-11    6.98605529466706e-10
177.999999999983    1.52461586574999e-10    9.83622962477796e-11    1.86377090111765e-10    1.06935052211569e-10    6.68365333128366e-11    8.12981959609495e-11    6.92270754419899e-10
178.499999999983    2.48148052552081e-10    9.20415578365988e-11    1.6501785968729e-10    1.13948013709469e-10    1.60969388030497e-11    4.95820493911378e-11    6.84834471979626e-10
178.999999999982    3.0483011904534e-10    8.92395445955178e-11    1.40125518819348e-10    1.2717753674295e-10    8.80066815028827e-13    1.42407277329961e-11    6.7649351375118e-10
179.499999999982    3.09749732691352e-10    8.58714471324698e-11    1.32019197061286e-10    1.30811014068375e-10    3.5934760634071e-13    9.05327134572101e-12    6.67864009905545e-10
179.999999999981    2.50630842301961e-10    9.05615475985411e-11    1.59243295683947e-10    1.12866149880076e-10    1.063818702942e-11    3.56930224603645e-11    6.5963304495431e-10
180.499999999981    1.5904469289839e-10    9.38126183450105e-11    1.77728669974388e-10    1.01024393535038e-10    5.09742617060332e-11    6.97952560901534e-11    6.52379892549014e-10
180.99999999998    9.32742912705397e-11    9.44740042033019e-11    1.85442349174485e-10    9.64191414796693e-11    8.83902505623753e-11    8.83338173778496e-11    6.46333854068221e-10
181.49999999998    1.27181418753861e-10    9.28901312469579e-11    1.78626564658425e-10    9.67845013845937e-11    6.50870195325509e-11    8.0064060155979e-11    6.40633695732368e-10
181.999999999979    2.1527330140191e-10    8.74446145407268e-11    1.57483981302394e-10    1.04662788938164e-10    1.90098096222889e-11    5.01842034042972e-11    6.34058699209781e-10
182.499999999979    2.74479576649988e-10    8.41278996719294e-11    1.34289150607294e-10    1.15535183777482e-10    1.47945217007323e-12    1.66812951570115e-11    6.26592558033777e-10
182.999999999979    2.85606476675918e-10    8.14130674214199e-11    1.24080330804854e-10    1.20867172676185e-10    1.7147986030398e-13    6.65986177793912e-12    6.18798389216621e-10
183.499999999978    2.38354421501104e-10    8.39475090844767e-11    1.4250971803097e-10    1.08390409827692e-10    6.41196476847181e-12    3.16638776560714e-11    6.11277900868786e-10
183.999999999978    1.57847320680426e-10    8.76765514858343e-11    1.60056909700422e-10    9.70230620008609e-11    3.70747737114951e-11    6.48689772814673e-11    6.04547594860505e-10
184.499999999977    9.19154169043804e-11    8.76562317739986e-11    1.71296910901268e-10    9.12025366087958e-11    7.39102181750267e-11    8.29182625954718e-11    5.98899576958941e-10
184.999999999977    1.07682662086549e-10    8.7185124648275e-11    1.6423483206407e-10    9.18503787988749e-11    6.26059187998799e-11    8.01388711765214e-11    5.9369778757417e-10
185.499999999976    1.86203082565394e-10    8.17364066558539e-11    1.49693516897613e-10    9.66980750291125e-11    2.17527622287954e-11    5.17781588562629e-11    5.87862002233031e-10
185.999999999976    2.45630009774542e-10    7.94397651261953e-11    1.25555319976775e-10    1.08350662182933e-10    2.3122916145527e-12    1.98989776373748e-11    5.81187026312372e-10
186.499999999975    2.6475867156488e-10    7.51739445059537e-11    1.16046084759406e-10    1.13063446970509e-10    9.41557892717526e-14    5.00080256817254e-12    5.74137106158193e-10
186.999999999975    2.2459249446555e-10    7.88788296307618e-11    1.28400982784788e-10    1.03785706874159e-10    3.97744757935636e-12    2.76320903792022e-11    5.67267551713818e-10
187.499999999974    1.56713199264838e-10    8.11357161175767e-11    1.46210560191464e-10    9.06792554642328e-11    2.72428877827388e-11    5.90523277697083e-11    5.61033946590559e-10
187.999999999974    8.92436624715668e-11    8.35440778890861e-11    1.60392879924219e-10    8.50749044602387e-11    6.23283900261414e-11    7.51692111481924e-11    5.55753125919445e-10
188.499999999974    9.49806821179408e-11    8.09034516572903e-11    1.59006754823765e-10    8.3897922870347e-11    5.95863187406381e-11    7.26104639890133e-11    5.50985594198995e-10
188.999999999973    1.60641343661509e-10    7.8521408510496e-11    1.4063954773864e-10    8.97012369520363e-11    2.35802201883544e-11    5.27080093220771e-11    5.45791766373113e-10
189.499999999973    2.2202605133732e-10    7.4256896045676e-11    1.19060012887211e-10    9.96161222387095e-11    2.84639870888062e-12    2.20025692274911e-11    5.39808050445288e-10
189.999999999972    2.43521507100028e-10    7.20476861229319e-11    1.08015399208335e-10    1.0582545779644e-10    6.63211559440626e-14    3.92800553074312e-12    5.33404376914422e-10
190.499999999972    2.12929228415924e-10    7.34444534892041e-11    1.18261319477888e-10    9.72501245920558e-11    2.52990019200237e-12    2.27131157475896e-11    5.27128141914664e-10
190.999999999971    1.51808744253374e-10    7.65987854066626e-11    1.34579061018063e-10    8.66612639134926e-11    2.0992078115453e-11    5.07165236194224e-11    5.21356456326467e-10
191.499999999971    8.80694409484266e-11    7.79450403871206e-11    1.47293791713598e-10    8.0175042918763e-11    5.31576880429734e-11    6.98058035883482e-11    5.1644680759923e-10
191.99999999997    8.27585635880624e-11    7.75691646762151e-11    1.47133039318211e-10    7.92857033188803e-11    5.53042358303761e-11    7.00425633141755e-11    5.1209327004592e-10
192.49999999997    1.41341704161351e-10    7.3898418879129e-11    1.32777215158495e-10    8.40035926957533e-11    2.38545816917047e-11    5.15252716401675e-11    5.07400784226601e-10
192.999999999969    1.97651902290201e-10    7.13148372673809e-11    1.14203197226138e-10    9.23008576516971e-11    3.33304437052115e-12    2.32149972396245e-11    5.02018836045562e-10
193.499999999969    2.22576234384177e-10    6.79234932251475e-11    1.02198220291062e-10    9.94773100792528e-11    5.81833899769833e-14    3.98508117618695e-12    4.96218522545802e-10
193.999999999969    2.00996006843598e-10    6.85024032540189e-11    1.08190030759027e-10    9.37249055202976e-11    1.53630811416848e-12    1.75269246946494e-11    4.90476579185759e-10
194.499999999968    1.47385597462374e-10    7.21091566702082e-11    1.24388175092949e-10    8.29300052933092e-11    1.57298969955958e-11    4.26040772072505e-11    4.85146908721687e-10
194.999999999968    8.68514005064944e-11    7.36321617130939e-11    1.36370432364091e-10    7.61439023026036e-11    4.47763211972616e-11    6.27903498856106e-11    4.80564567969155e-10
195.499999999967    7.4306833212134e-11    7.27941078487767e-11    1.40548627049985e-10    7.38409260364942e-11    5.13223705099787e-11    6.37313955520926e-11    4.76544260209461e-10
195.999999999967    1.21123767281042e-10    7.01951559036618e-11    1.28886414509258e-10    7.80227805023941e-11    2.46376003186794e-11    4.944445623608e-11    4.72310174751115e-10
196.499999999966    1.75176671483975e-10    6.67013850403179e-11    1.11773136462866e-10    8.49548557315642e-11    4.09957499622647e-12    2.47741199488835e-11    4.67479743663833e-10
196.999999999966    2.03165438503447e-10    6.37479795497464e-11    9.62846271814554e-11    9.44609515038883e-11    9.70568874757163e-14    4.49093228385702e-12    4.62246985909869e-10
197.499999999965    1.88968376399039e-10    6.52601215286321e-11    9.85900805776766e-11    9.09880902365932e-11    8.13088718780183e-13    1.23562929703435e-11    4.56976050431065e-10
197.999999999965    1.44806678460816e-10    6.7308696080877e-11    1.16046480341934e-10    7.93724496742712e-11    1.09281528046272e-11    3.35758926059983e-11    4.52038349968523e-10
198.499999999964    8.95072103219093e-11    6.79857315920709e-11    1.27054665268202e-10    7.30396445087669e-11    3.60393463436149e-11    5.41014780621742e-11    4.47728076096738e-10
198.999999999964    6.69625456853361e-11    6.83533708936329e-11    1.31450598142428e-10    7.03614720252044e-11    4.75934944101985e-11    5.9262573343577e-11    4.43984054500377e-10
199.499999999964    1.02840997099212e-10    6.57489940662775e-11    1.23800352509622e-10    7.23924863370112e-11    2.70278788304895e-11    4.83717712269581e-11    4.4018248006957e-10
199.999999999963    1.52950119080752e-10    6.29380663883344e-11    1.07803569910257e-10    7.89180514427589e-11    5.83546079691373e-12    2.74253812033252e-11    4.35870648822341e-10
200.499999999963    1.83764306306233e-10    6.04905455920288e-11    9.29214057088462e-11    8.73202503353684e-11    2.38825124615052e-13    6.41231706979486e-12    4.31147650136886e-10
200.999999999962    1.79780228317134e-10    6.01620269206296e-11    9.17668197346106e-11    8.66170315438905e-11    2.9875491442579e-13    7.69534079611865e-12    4.26320202226809e-10
201.499999999962    1.42909347652964e-10    6.2326980656496e-11    1.06742344411997e-10    7.75927845614388e-11    6.30542479136354e-12    2.5862442241398e-11    4.21739324315657e-10
201.999999999961    9.27567373532813e-11    6.38415208206002e-11    1.17475866591329e-10    7.01924643291447e-11    2.65706028741148e-11    4.6816740710457e-11    4.17653932678927e-10
202.499999999961    6.23359790217829e-11    6.44467369195014e-11    1.22164985957285e-10    6.71474432535447e-11    4.28746609494981e-11    5.51681487197903e-11    4.14137954821403e-10
202.99999999996    8.5291104760924e-11    6.26751564593043e-11    1.16042428824461e-10    6.85771461936641e-11    3.00077606487252e-11    4.81203704952791e-11    4.10713967382358e-10
203.49999999996    1.3193964136427e-10    6.0667300593381e-11    1.03061450755854e-10    7.37762673248117e-11    8.45954698555909e-12    2.89732473861923e-11    4.06877454410068e-10
203.999999999959    1.65318805224492e-10    5.78724557482151e-11    8.93699796319376e-11    8.07463219519005e-11    5.6097478593581e-13    8.74513291531249e-12    4.02613670257793e-10
204.499999999959    1.6851315449707e-10    5.74985910818465e-11    8.43764088376084e-11    8.31349498284201e-11    9.87672530687298e-14    4.58239713386616e-12    3.9820426863188e-10
204.999999999959    1.40958737411316e-10    5.76123241615392e-11    9.70215562393554e-11    7.38530187309909e-11    3.29563450700241e-12    2.12151423375917e-11    3.93956413387796e-10
205.499999999958    9.68778043437149e-11    5.97664039841016e-11    1.07397332335372e-10    6.62967778947657e-11    1.85874226091695e-11    4.11648172767829e-11    3.90090558443907e-10
205.999999999958    6.06114846288531e-11    6.11551408730484e-11    1.1497831092368e-10    6.28016607391604e-11    3.738235515847e-11    4.98260671142886e-11    3.86755019437501e-10
206.499999999957    7.08859987058512e-11    5.99472216089799e-11    1.10281555930637e-10    6.39132446213936e-11    3.24755667148567e-11    4.61332187869192e-11    3.83636806368638e-10
206.999999999957    1.13256111453848e-10    5.77153681213472e-11    9.83930453453274e-11    6.86940758078269e-11    1.17566255926581e-11    3.04101938108764e-11    3.80225420131884e-10
207.499999999956    1.48767342962282e-10    5.48639432785299e-11    8.62219228199888e-11    7.44677175729841e-11    1.23439759760648e-12    1.0839963238587e-11    3.76395287469978e-10
207.999999999956    1.57878281460363e-10    5.38158198373332e-11    7.92790043224919e-11    7.83491621407529e-11    4.09587194220268e-14    3.00876100877141e-12    3.72371987489135e-10
208.499999999955    1.3699962823092e-10    5.4938475398471e-11    8.64146742774246e-11    7.22070721744737e-11    1.66906635581762e-12    1.62041512697601e-11    3.68433067706867e-10
208.999999999955    1.00227033788099e-10    5.6157762030096e-11    9.77455748060753e-11    6.40213872204563e-11    1.2743397013072e-11    3.38956352615644e-11    3.64790790119363e-10
209.499999999954    6.23005183430983e-11    5.75958467406741e-11    1.04810433268385e-10    6.03995308891754e-11    3.14595776845891e-11    4.50622473734561e-11    3.61628154299378e-10
209.999999999954    6.07750924905891e-11    5.77117447682132e-11    1.04422413995844e-10    5.98736320918399e-11    3.2654617964376e-11    4.33175584255269e-11    3.58755059736389e-10
210.499999999954    9.69186418642545e-11    5.54062237626907e-11    9.47288317276173e-11    6.35688832348042e-11    1.41769328598274e-11    3.09026217306452e-11    3.55702135179839e-10
210.999999999953    1.32721725148294e-10    5.2240559483161e-11    8.29487424836755e-11    6.89992149508124e-11    1.93592296369138e-12    1.34043085326056e-11    3.52250473562239e-10
211.499999999953    1.46718342535354e-10    5.05190297743748e-11    7.55571407636805e-11    7.33954981833476e-11    3.59723120898371e-14    2.34598874627812e-12    3.48571972315124e-10
211.999999999952    1.32322467071127e-10    5.09161104526621e-11    7.9028079532535e-11    6.95563871272689e-11    8.85663710702462e-13    1.22243495874223e-11    3.44933057481717e-10
212.499999999952    9.96787722746676e-11    5.28805176773558e-11    9.06755772431162e-11    6.22494639682246e-11    9.14409343958383e-12    2.6896011489189e-11    3.41524436092137e-10
212.999999999951    6.19410590210479e-11    5.4755353957217e-11    9.75339772265201e-11    5.89616193418935e-11    2.6504364932958e-11    3.88512877376054e-11    3.38547662217242e-10
213.499999999951    5.48152574279286e-11    5.39715620821397e-11    9.88563485271352e-11    5.71665667144333e-11    3.06965042371846e-11    4.03735936557437e-11    3.35879832644565e-10
213.99999999995    8.35967781567071e-11    5.25639538209322e-11    8.98221448404684e-11    6.05922243097284e-11    1.50313924493781e-11    3.15010046941707e-11    3.33107498271385e-10
214.49999999995    1.18319771347861e-10    4.92400273514749e-11    8.04540580437431e-11    6.44146517876666e-11    2.46720005898906e-12    1.50890213485041e-11    3.29984729938239e-10
214.999999999949    1.34267793715517e-10    4.79376236974025e-11    7.10296236052527e-11    7.051291801795e-11    5.57005919690487e-14    2.83113472258634e-12    3.26634794350677e-10
215.499999999949    1.25804932984807e-10    4.80163638853136e-11    7.25818746942736e-11    6.79871010504789e-11    4.77209002078884e-13    8.4023530039836e-12    3.23269834620936e-10
215.999999999949    9.72211795911631e-11    5.03465010333305e-11    8.4181134859605e-11    6.03263846029252e-11    6.57708271170288e-12    2.14450256357054e-11    3.20097308434432e-10
216.499999999948    6.28281956453503e-11    5.13056650340152e-11    9.15523235628871e-11    5.5737015700176e-11    2.17504479957214e-11    3.41134708523634e-11    3.17287118790513e-10
216.999999999948    4.94397143582469e-11    5.17062237845957e-11    9.26929128122837e-11    5.46251539590913e-11    2.84446595377822e-11    3.78860408752281e-11    3.14794705327228e-10
217.499999999947    7.26822710830111e-11    4.91649808348668e-11    8.67487562293674e-11    5.67262542248777e-11    1.57732921799895e-11    3.11734319900543e-11    3.12268986542167e-10
217.999999999947    1.03526725012872e-10    4.76178266135288e-11    7.77558258192694e-11    6.04364534321443e-11    3.28313975265549e-12    1.68289366752562e-11    3.09448907305726e-10
218.499999999946    1.21952781151418e-10    4.58086174567055e-11    6.94861123994433e-11    6.51032489461916e-11    1.23622589370501e-13    3.92567581415279e-12    3.06400058357282e-10
218.999999999946    1.19657164677056e-10    4.50839858856238e-11    6.71072855214776e-11    6.60081718139724e-11    2.09265262825661e-13    5.23033923135345e-12    3.03296212392309e-10
219.499999999945    9.56721921628092e-11    4.73539377342631e-11    7.71557311338579e-11    5.89615098567113e-11    4.16272580756874e-12    1.70322475727566e-11    3.00338344267967e-10
219.999999999945    6.5001974278621e-11    4.8223809683316e-11    8.37053365866715e-11    5.43509044336722e-11    1.66138670810805e-11    2.97741901399305e-11    2.97670082203292e-10
220.499999999944    4.62337356942423e-11    4.89269091760616e-11    8.79480912180111e-11    5.17605915271403e-11    2.58313336178004e-11    3.46213393585642e-11    2.9532200059182e-10
220.999999999944    6.13664176376141e-11    4.70043214173537e-11    8.28116861518658e-11    5.36481178231901e-11    1.74490728326899e-11    3.07378926430561e-11    2.9301750850577e-10
221.499999999944    9.07643930339761e-11    4.45249918798167e-11    7.48060205837492e-11    5.71918539904128e-11    4.80267981505941e-12    1.83914800978782e-11    2.90481419400892e-10
221.999999999943    1.09699201504487e-10    4.41259646370181e-11    6.7036392118322e-11    6.08279593782966e-11    3.33172232656322e-13    5.69354495639231e-12    2.87716234827172e-10
222.499999999943    1.12686339211679e-10    4.29272714947985e-11    6.37788489425111e-11    6.24396714237896e-11    7.08584095540021e-14    2.95425217867143e-12    2.84857241661003e-10
222.999999999942    9.48903083938406e-11    4.42266256787357e-11    7.00422356067623e-11    5.76116756993834e-11    2.13153877601107e-12    1.31937448734529e-11    2.82096129028186e-10
223.499999999942    6.83990557177306e-11    4.49884903234172e-11    7.78376475263897e-11    5.17433516022069e-11    1.13451756784546e-11    2.52413880304078e-11    2.79555108878607e-10
223.999999999941    4.61204947287836e-11    4.58681090123303e-11    8.20294826899191e-11    4.94787576097277e-11    2.23616646723573e-11    3.14586543535373e-11    2.77317163066655e-10
224.499999999941    5.10383928984981e-11    4.57285841713613e-11    8.01271647730861e-11    4.96981704860422e-11    1.93567623055287e-11    2.92572844405416e-11    2.75206359075058e-10
224.99999999994    7.67684236463067e-11    4.35373457610668e-11    7.26792357814084e-11    5.2945356259292e-11    7.2011747877675e-12    1.98009608178182e-11    2.7293249705366e-10
225.49999999994    9.91046403991652e-11    4.13525760721257e-11    6.39480611521472e-11    5.70652569774889e-11    8.26370770001748e-13    8.13661689118457e-12    2.70433522262113e-10
225.999999999939    1.06047792550459e-10    4.05569313150999e-11    6.04071941803012e-11    5.89071786948751e-11    2.31671062232554e-14    1.86801937232371e-12    2.67810283219282e-10
226.499999999939    9.41418462812352e-11    4.11428284555627e-11    6.33082585591542e-11    5.5808727748178e-11    8.86633851177987e-13    9.94294041488645e-12    2.65231235310195e-10
226.999999999939    7.12455523671628e-11    4.24304662421572e-11    7.12740405286459e-11    4.98033349260602e-11    7.06627113502081e-12    2.09946986749779e-11    2.62814363874025e-10
227.499999999938    4.75009166891151e-11    4.32136206012706e-11    7.49736418452271e-11    4.76570859743204e-11    1.82375149190403e-11    2.90901291093411e-11    2.60672909138314e-10
227.999999999938    4.42476101254845e-11    4.32454510562148e-11    7.53636905584527e-11    4.70478881701257e-11    2.01549076013976e-11    2.86539426807525e-11    2.58713490192428e-10
228.499999999937    6.50749037518079e-11    4.16953190742459e-11    6.9202941685338e-11    4.94442329786693e-11    9.57337100278027e-12    2.16834517418708e-11    2.56674220234712e-10
228.999999999937    8.81028919021459e-11    3.98390844363862e-11    6.29878985620399e-11    5.20206175103376e-11    1.58483763151441e-12    9.87988784930777e-12    2.54415217891732e-10
229.499999999936    9.91460707551583e-11    3.83414654537638e-11    5.66564950722917e-11    5.59264268291458e-11    3.6295282078795e-14    1.90628387038194e-12    2.5201303726282e-10
229.999999999936    9.25929788264807e-11    3.83515320076162e-11    5.8444411390807e-11    5.34322999450222e-11    3.42751134206217e-13    6.44064657670429e-12    2.49604619880837e-10
230.499999999935    7.25823208603851e-11    4.00110731041315e-11    6.55203934774147e-11    4.88188189394654e-11    4.40376805951006e-12    1.59910128613806e-11    2.47327387302287e-10
230.999999999935    4.84464238386994e-11    4.14803944820113e-11    7.01667379085574e-11    4.5509276571441e-11    1.46339175880085e-11    2.50429308831443e-11    2.45279681271862e-10
231.499999999934    3.95169202703894e-11    4.16657940095699e-11    7.0899878169363e-11    4.45092705211553e-11    1.95528691326556e-11    2.73036301862239e-11    2.43448362289357e-10
231.999999999934    5.56178324134117e-11    3.98944383873986e-11    6.72105517291741e-11    4.58649872110746e-11    1.12033435990013e-11    2.1803305452048e-11    2.41594458792108e-10
232.499999999934    7.79389468433559e-11    3.81788521253253e-11    6.05133101083711e-11    4.88146357828852e-11    2.36168036303188e-12    1.17424147288764e-11    2.39549839951846e-10
232.999999999933    9.10258571956891e-11    3.68233328890078e-11    5.48646183832153e-11    5.19222341512805e-11    8.60152126238841e-14    2.62518560836587e-12    2.37347243440182e-10
233.499999999933    8.89629577432892e-11    3.65979330418181e-11    5.40899989276103e-11    5.1686886532062e-11    1.34205591863798e-13    3.63890497448095e-12    2.35110886811124e-10
233.999999999932    7.27767221973349e-11    3.75509895056289e-11    6.02953412007883e-11    4.75273284006408e-11    2.79078717964408e-12    1.20280896538265e-11    2.32969258137864e-10
234.499999999932    5.01129436522618e-11    3.88335444177463e-11    6.56769425055253e-11    4.37061852340259e-11    1.15337503811271e-11    2.11621284177322e-11    2.31025494608419e-10
234.999999999931    3.75130988664216e-11    3.90027395226281e-11    6.73719964723464e-11    4.20960856372446e-11    1.80800796253708e-11    2.52290106269474e-11    2.29293010750959e-10
235.499999999931    4.74624552049211e-11    3.82427289762764e-11    6.46612964142055e-11    4.27087279068227e-11    1.22342425097605e-11    2.22881552043658e-11    2.27597606216352e-10
235.99999999993    6.81597966185026e-11    3.65329090038723e-11    5.89165233096676e-11    4.50905904194393e-11    3.28169903343975e-12    1.3761226257519e-11    2.25742744642441e-10
236.49999999993    8.33706764141014e-11    3.477607482002e-11    5.28187816746174e-11    4.84491336755419e-11    2.06273781571589e-13    4.11185817598575e-12    2.23732798541838e-10
236.999999999929    8.51418848411586e-11    3.43854000029063e-11    5.02884653993932e-11    4.9705696378821e-11    4.27993112703027e-14    2.09511655443491e-12    2.21659362487984e-10
237.499999999929    7.23547680802248e-11    3.5064453823238e-11    5.56119749056642e-11    4.56870099328603e-11    1.52674907447635e-12    9.41054603488669e-12    2.1965550185135e-10
237.999999999929    5.13803232406871e-11    3.70378361367126e-11    6.12283654202166e-11    4.16335157901428e-11    8.14015808932013e-12    1.83831567869443e-11    2.17803355464023e-10
238.499999999928    3.63181118002179e-11    3.68304448073311e-11    6.38749748511321e-11    4.00891925691271e-11    1.54203710823345e-11    2.36195240477191e-11    2.16152619157862e-10
238.999999999928    4.05783693042497e-11    3.6439698424564e-11    6.32098914520803e-11    3.98532335956076e-11    1.27569961850819e-11    2.17433028991775e-11    2.14581491860761e-10
239.499999999927    5.91118530755814e-11    3.46448832894979e-11    5.79010116220753e-11    4.19320615232436e-11    4.4086390750488e-12    1.49067620720802e-11    2.12905210657527e-10
239.999999999927    7.47212300885987e-11    3.32888838814483e-11    5.13403268622734e-11    4.53222334600053e-11    4.51823710292565e-13    5.95179010580866e-12    2.11076288108427e-10
240.499999999926    7.98644491222375e-11    3.273306796776e-11    4.74213807785606e-11    4.78566697281583e-11    1.38440282531818e-14    1.27446820573977e-12    2.09163879830709e-10
240.999999999926    7.07351220757744e-11    3.34290233556033e-11    5.08818901818443e-11    4.44906231770295e-11    6.88282188926695e-13    7.05861236242089e-12    2.07283553341599e-10
241.499999999925    5.39084051806008e-11    3.40479708733484e-11    5.62050301634236e-11    4.0466196712029e-11    5.1618863042569e-12    1.57307397029276e-11    2.05520228936586e-10
241.999999999925    3.69572874015164e-11    3.45602021936976e-11    5.97998614279577e-11    3.8342040692808e-11    1.24159201391745e-11    2.1863260851238e-11    2.03938572706392e-10
242.499999999924    3.52909930502366e-11    3.44720622155435e-11    5.98639690942191e-11    3.77904845879885e-11    1.28775989098281e-11    2.21785307513333e-11    2.02473638609149e-10
242.999999999924    5.00012667794447e-11    3.33250719659692e-11    5.57215127152943e-11    3.94058876771579e-11    5.9144325718186e-12    1.65889026407576e-11    2.00957074350442e-10
243.499999999924    6.61711354734309e-11    3.20336032340623e-11    5.03913047687503e-11    4.19300508274667e-11    9.72771791559051e-13    7.7972924225128e-12    1.99296158517782e-10
243.999999999923    7.43235609674523e-11    3.11291776708781e-11    4.63734365914195e-11    4.42139327299004e-11    2.53862143601235e-14    1.47244871170046e-12    1.97537942885711e-10
244.499999999923    7.03097601968402e-11    3.07363287800746e-11    4.65149218411339e-11    4.34942274138494e-11    2.27550705332556e-13    4.49638740448706e-12    1.95779176341718e-10
244.999999999922    5.57512191280221e-11    3.21001421506947e-11    5.20644096734199e-11    3.94233902094397e-11    2.83549183462282e-12    1.1930205478818e-11    1.94104858475017e-10
245.499999999922    3.87100352126777e-11    3.31466798140314e-11    5.57244222479978e-11    3.68723847503776e-11    9.26616514018246e-12    1.88636396171064e-11    1.92583326782373e-10
245.999999999921    3.18641067787224e-11    3.31431076436107e-11    5.69283417300296e-11    3.58430344378999e-11    1.26014231191017e-11    2.08219681135228e-11    1.91201981822887e-10
246.499999999921    4.19293897693108e-11    3.22030826984292e-11    5.37204200452299e-11    3.68634936541067e-11    7.75055826926913e-12    1.73537819937072e-11    1.89820726430053e-10
246.99999999992    5.78064147770405e-11    3.08628603456626e-11    4.87540110016616e-11    3.91330777626391e-11    1.87330907031749e-12    9.88996591347889e-12    1.883196388708e-10
247.49999999992    6.82874815141457e-11    2.97090072006622e-11    4.42954879096841e-11    4.1833824258198e-11    9.42155561695533e-14    2.48963276797245e-12    1.86709649206832e-10
247.999999999919    6.81167130436727e-11    2.9287773661751e-11    4.28196982515907e-11    4.23832437566993e-11    6.03715088607852e-14    2.39922512424752e-12    1.85067025346822e-10
248.499999999919    5.67394453484012e-11    3.00601065812018e-11    4.82028850682639e-11    3.87120021507996e-11    1.39753191892476e-12    8.37289779564173e-12    1.83484868863233e-10
248.999999999919    4.11524420662125e-11    3.09080183755248e-11    5.19034625548674e-11    3.54746742087276e-11    6.44315087730565e-12    1.61384438277629e-11    1.82020191910401e-10
249.499999999918    3.06978261516099e-11    3.11289309027106e-11    5.4137295848134e-11    3.39401447577522e-11    1.1379570250234e-11    1.94197442341443e-11    1.80703512144585e-10
249.999999999918    3.54844103533128e-11    3.05714938673833e-11    5.2212667692256e-11    3.43570126441362e-11    9.04248860223115e-12    1.77627664407793e-11    1.79430839600099e-10
250.499999999917    4.96221924424969e-11    2.98348561436785e-11    4.7861454989621e-11    3.60118094810482e-11    3.04337491363685e-12    1.1700652310839e-11    1.7807434028132e-10
250.999999999917    6.18912070406344e-11    2.86117529047066e-11    4.28674353562401e-11    3.88885520270313e-11    2.82379702517185e-13    4.06434194452917e-12    1.76605668975659e-10
251.499999999916    6.51784728731627e-11    2.79324486373422e-11    4.05244216894464e-11    4.01513632047915e-11    1.58801648320759e-14    1.27797984936579e-12    1.75080566418941e-10
251.999999999916    5.69092693647749e-11    2.85233983010328e-11    4.34267149549405e-11    3.75802252845916e-11    6.12485371363538e-13    6.53724330382351e-12    1.73589336580527e-10
252.499999999915    4.36952035877173e-11    2.88785818996437e-11    4.75797392420795e-11    3.41974327360543e-11    4.13122695723744e-12    1.37042960930559e-11    1.72186480515788e-10
252.999999999915    3.06624073087448e-11    2.9795032660987e-11    5.03798440394681e-11    3.24289457414558e-11    9.61382671561367e-12    1.80432578000432e-11    1.70923314266313e-10
253.499999999914    3.06882647727873e-11    2.94606909467539e-11    4.98593759669354e-11    3.25748165043319e-11    9.635329851008e-12    1.75212399547319e-11    1.69739717996548e-10
253.999999999914    4.27999702307887e-11    2.84512469643104e-11    4.65281905427497e-11    3.38449750856743e-11    4.23797116569865e-12    1.26413985282097e-11    1.68503752517431e-10
254.499999999914    5.52504043982319e-11    2.75628349861186e-11    4.17834282755814e-11    3.65204442617845e-11    6.44506801654538e-13    5.40305639613412e-12    1.67164675119505e-10
254.999999999913    6.10295128944337e-11    2.66421058497685e-11    3.88888760127239e-11    3.80121188488145e-11    1.58404615920715e-14    1.16754836737069e-12    1.65756002434703e-10
255.499999999913    5.65577139074253e-11    2.67509270708817e-11    3.99722106907649e-11    3.65545648229321e-11    2.42332608806494e-13    4.27633578657393e-12    1.64354084887384e-10
255.999999999912    4.52517274734857e-11    2.74821997039436e-11    4.3940053693003e-11    3.34549558994349e-11    2.55179414918818e-12    1.03374149010189e-11    1.63018145820074e-10
256.499999999912    3.18723961165735e-11    2.85353325530337e-11    4.70071306666413e-11    3.14227803643805e-11    7.78706436715834e-12    1.51778427774254e-11    1.61802546845213e-10
256.999999999911    2.75757247567011e-11    2.85213126685101e-11    4.70510554715489e-11    3.12323560693965e-11    9.93238476217411e-12    1.63750167836685e-11    1.60687850511999e-10
257.499999999911    3.60303769477919e-11    2.81010338886225e-11    4.49329175439169e-11    3.18026108587811e-11    5.6556404646305e-12    1.30388315690953e-11    1.59561411272838e-10
257.99999999991    4.87848735688673e-11    2.6712692752548e-11    4.05939707743068e-11    3.388970998921e-11    1.23150328512922e-12    7.12936062618133e-12    1.58342110996243e-10
258.49999999991    5.64560114275752e-11    2.5619662322546e-11    3.73464458792709e-11    3.58251733463272e-11    5.19496260481866e-14    1.74513448985237e-12    1.5704437709162e-10
258.999999999909    5.53831288102114e-11    2.54474145078784e-11    3.6925866736479e-11    3.55787732801031e-11    7.19484470112381e-14    2.32217931576501e-12    1.55729311097448e-10
259.499999999909    4.60933750649136e-11    2.61421580594015e-11    4.09847847007796e-11    3.26458530795742e-11    1.36962946423179e-12    7.22678456157676e-12    1.54462584930477e-10
259.999999999909    3.37956483367558e-11    2.6804208930091e-11    4.377514571596e-11    3.04774368729521e-11    5.68800470906566e-12    1.27523202602689e-11    1.53292764825093e-10
260.499999999908    2.6068694762086e-11    2.70857530667144e-11    4.44609207271459e-11    2.98374184662412e-11    9.34091696283893e-12    1.54365125212309e-11    1.52230216506257e-10
260.999999999908    3.06547492820016e-11    2.68144931478877e-11    4.34546849235364e-11    2.99339042664089e-11    6.78530145663679e-12    1.35484033710596e-11    1.51191536447531e-10
261.499999999907    4.24879357207119e-11    2.56025277525152e-11    3.95365914143787e-11    3.1863781191531e-11    2.03389826835625e-12    8.55971635196632e-12    1.50084450699459e-10
261.999999999907    5.14665748744057e-11    2.44546634096097e-11    3.62965318624555e-11    3.36720057147426e-11    1.57905514016193e-13    2.84492380850794e-12    1.48892605183738e-10
262.499999999906    5.32617026311157e-11    2.41627414903805e-11    3.48234608654504e-11    3.42965395482487e-11    1.65879093831705e-14    1.10654115421662e-12    1.47667573598795e-10
262.999999999906    4.67810334705527e-11    2.46332023729139e-11    3.75881655182391e-11    3.17621168196708e-11    6.20224218007666e-13    5.08268965654136e-12    1.46467432055926e-10
263.499999999905    3.59710390077128e-11    2.52829991177858e-11    4.02875330300056e-11    2.9749401011864e-11    3.77182936804628e-12    1.02790330600038e-11    1.45341834595418e-10
263.999999999905    2.60679838496489e-11    2.58629194671715e-11    4.19349484852294e-11    2.85409514214411e-11    8.12214442148555e-12    1.37916076377409e-11    1.44320555282717e-10
264.499999999904    2.66953576502457e-11    2.57296366923717e-11    4.15128367864041e-11    2.82921286200644e-11    7.65403749256035e-12    1.34722456759658e-11    1.43356242917612e-10
264.999999999904    3.64644255499918e-11    2.4831530464464e-11    3.89897331140981e-11    2.93922914572257e-11    3.1667292850592e-12    9.50322258399173e-12    1.42347932454831e-10
265.499999999904    4.61392694825227e-11    2.3800827386962e-11    3.56236440999914e-11    3.1044091946971e-11    4.50474942881817e-13    4.20110235200512e-12    1.41259410211334e-10
265.999999999903    5.05275707722771e-11    2.29976409164419e-11    3.33767230450597e-11    3.22926165193321e-11    1.12065733282e-14    9.18418203205904e-13    1.40124176029645e-10
266.499999999903    4.68471892308116e-11    2.33604130402664e-11    3.39648792344577e-11    3.13093039551405e-11    2.04370484852059e-13    3.30516785860518e-12    1.38991323804134e-10
266.999999999902    3.79828574700599e-11    2.38929916792795e-11    3.73953868000707e-11    2.87233882648174e-11    2.08840791987301e-12    7.82922459260157e-12    1.37912256726702e-10
267.499999999902    2.74639868704197e-11    2.4775041556704e-11    3.95634641280992e-11    2.70792300529893e-11    6.22105076572301e-12    1.1820473733974e-11    1.36923247107909e-10
267.999999999901    2.39688958401224e-11    2.47383544271729e-11    3.96402315676224e-11    2.66658356776393e-11    7.91196388235183e-12    1.30854570921597e-11    1.36010738487069e-10
268.499999999901    3.08126174324127e-11    2.39803514722358e-11    3.80874339692017e-11    2.72760769282059e-11    4.55117149220545e-12    1.03841716615124e-11    1.35091822955774e-10
268.9999999999    4.0397888949955e-11    2.3216278021223e-11    3.47750487731376e-11    2.87302337396767e-11    1.05102063776876e-12    5.93337167984517e-12    1.34103841801606e-10
269.4999999999    4.67348974611809e-11    2.22949127537154e-11    3.19075167635758e-11    3.04541354365951e-11    5.24363625663027e-14    1.61255323397382e-12    1.33056452011607e-10
269.999999999899    4.61580190265857e-11    2.22764056353711e-11    3.15309606257197e-11    3.03325615500214e-11    4.73314980163004e-14    1.64688991726122e-12    1.31992168252975e-10
270.499999999899    3.91917652478674e-11    2.27646469704144e-11    3.42817015791767e-11    2.82412315334055e-11    9.78676394727975e-13    5.50491074887733e-12    1.30962932474469e-10
270.999999999899    2.93457879752072e-11    2.3372707824943e-11    3.64781821528989e-11    2.64332021981569e-11    4.24306548819546e-12    1.01313034011062e-11    1.30004249040508e-10
271.499999999898    2.29002557273185e-11    2.34106134617116e-11    3.78084067384939e-11    2.54623576188726e-11    7.3046543232637e-12    1.22430770607677e-11    1.29129364930428e-10
271.999999999898    2.57465926138238e-11    2.31701002630429e-11    3.70207416022126e-11    2.55829374680235e-11    5.71754745601378e-12    1.10430185666783e-11    1.28280937969795e-10
272.499999999897    3.47058933358865e-11    2.23727892812097e-11    3.38917931824787e-11    2.70233511767088e-11    1.92679085036308e-12    7.4646331879158e-12    1.27385251014563e-10
272.999999999897    4.24862080860281e-11    2.13704844325537e-11    3.12870024678955e-11    2.83209531483313e-11    1.9729585157326e-13    2.76239014569131e-12    1.26424334132073e-10
273.499999999896    4.43919073327673e-11    2.13225118434092e-11    2.94645332172272e-11    2.94562060322349e-11    1.04264425413737e-14    7.8613018793813e-13    1.25431715056118e-10
273.999999999896    4.0064618724774e-11    2.13429502722759e-11    3.11476878895668e-11    2.78307247684707e-11    3.67445155510895e-13    3.69868810234027e-12    1.24452114912939e-10
274.499999999895    3.15140944866937e-11    2.18748023350583e-11    3.37843436725488e-11    2.57610584671584e-11    2.52977254830343e-12    8.06454198223815e-12    1.23528613492001e-10
274.999999999895    2.31152218535546e-11    2.24339457154582e-11    3.55304213733731e-11    2.44020161145777e-11    5.95269166869858e-12    1.12475165581805e-11    1.22681813283843e-10
275.499999999894    2.23857070366185e-11    2.22937417188118e-11    3.5372704322956e-11    2.42868412907076e-11    6.22673349848826e-12    1.13219297666935e-11    1.21887657634276e-10
275.999999999894    2.95126266876325e-11    2.15646301133369e-11    3.33147235409455e-11    2.5117030353539e-11    2.95952829222813e-12    8.60124934425399e-12    1.21069788331936e-10
276.499999999894    3.75326834322623e-11    2.08710299803004e-11    3.09059757524089e-11    2.62447502878652e-11    5.26340965868617e-13    4.11218786561799e-12    1.20192968284323e-10
276.999999999893    4.19336227634275e-11    2.0223039475408e-11    2.85144382238339e-11    2.76679173296606e-11    1.80048424924803e-14    9.151108262664e-13    1.19272133461089e-10
277.499999999893    4.01039069160062e-11    2.02140900264152e-11    2.85938862906665e-11    2.71408071972805e-11    9.89587057916975e-14    2.19679876336248e-12    1.18348447899523e-10
277.999999999892    3.32430239725538e-11    2.07003410953517e-11    3.15634522997937e-11    2.49900960149648e-11    1.2391235346441e-12    5.72398012498336e-12    1.17460017042291e-10
278.499999999892    2.48136754338435e-11    2.11885820867022e-11    3.35508777819441e-11    2.34968263003028e-11    4.23887862879431e-12    9.35024141485724e-12    1.16639081646444e-10
278.999999999891    2.06949161398922e-11    2.12911775380608e-11    3.38222689555949e-11    2.30993384836995e-11    6.15275818602309e-12    1.0820363591026e-11    1.15880822894296e-10
279.499999999891    2.46226276366771e-11    2.11067170558725e-11    3.22034034178737e-11    2.36018949861648e-11    4.07991025694517e-12    9.51764959812662e-12    1.1513220295166e-10
279.99999999989    3.27879789414249e-11    2.0177914269566e-11    3.01848941330121e-11    2.43783650236708e-11    1.11302780246106e-12    5.69138918278834e-12    1.14333569352923e-10
280.49999999989    3.86354097408514e-11    1.94390410011107e-11    2.77231922304864e-11    2.58377584677486e-11    7.67237960401173e-14    1.77311670301411e-12    1.13485241939251e-10
280.999999999889    3.9383997843353e-11    1.92179752537732e-11    2.66587668169851e-11    2.63559056642045e-11    1.68295215873589e-14    9.83791457326584e-13    1.1261726655723e-10
281.499999999889    3.44568155610086e-11    1.94748949627654e-11    2.896741284268e-11    2.44257574373429e-11    4.93196713387671e-13    3.95214892457785e-12    1.11770226441762e-10
281.999999999889    2.64534432397427e-11    2.02011056093871e-11    3.07132601023863e-11    2.28717559652999e-11    2.64901298927163e-12    8.08517327270731e-12    1.10973751178795e-10
282.499999999888    2.0261513710453e-11    2.03357853992826e-11    3.23377962244093e-11    2.19177696800032e-11    5.24874065653239e-12    1.01409159561354e-11    1.10242521626816e-10
282.999999999888    2.10919779167477e-11    2.01106368693585e-11    3.19771772886413e-11    2.19004334675091e-11    4.70995681989161e-12    9.75335764872346e-12    1.09543540010872e-10
283.499999999887    2.77355706554015e-11    1.96628351989891e-11    2.95758068488312e-11    2.28405927284946e-11    1.89253960729005e-12    7.11014474786803e-12    1.08817489786875e-10
283.999999999887    3.45656250508847e-11    1.88972629809534e-11    2.71663315891546e-11    2.40159666162775e-11    2.57432479499721e-13    3.13779220534281e-12    1.08040410922113e-10
284.499999999886    3.75703323106731e-11    1.84562100300918e-11    2.56618557959867e-11    2.49093942795595e-11    7.05585983643657e-15    6.2681975227545e-13    1.07231668028423e-10
284.999999999886    3.49171419832148e-11    1.84406232178044e-11    2.6182925811523e-11    2.41624018836848e-11    1.52317855058236e-13    2.57072955057566e-12    1.06426140301861e-10
285.499999999885    2.81016302424372e-11    1.91138009558962e-11    2.85795428905759e-11    2.24361053378422e-11    1.41085069746752e-12    6.0152522665639e-12    1.05657182390783e-10
285.999999999885    2.10318262721381e-11    1.93307062854423e-11    3.03298074957168e-11    2.11436521197458e-11    3.88056525471598e-12    9.23192281794795e-12    1.04948480245707e-10
286.499999999884    1.87593446329114e-11    1.94008563340462e-11    3.09705755129272e-11    2.04932742851284e-11    4.70694787310418e-12    9.95622848898814e-12    1.04287227127106e-10
286.999999999884    2.36044790298218e-11    1.86774824605908e-11    2.93589764550305e-11    2.11416387748702e-11    2.64789060355655e-12    8.18801204300668e-12    1.03618479366876e-10
287.499999999884    3.05619214130447e-11    1.79717803497874e-11    2.69670961489239e-11    2.2279861496971e-11    6.02576555626411e-13    4.52568395213269e-12    1.02908919916486e-10
287.999999999883    3.49890661500137e-11    1.7645166779743e-11    2.45848816978123e-11    2.37317244670521e-11    3.2037129089376e-14    1.1788416885188e-12    1.02161717912229e-10
288.499999999883    3.47718255061818e-11    1.73718676341651e-11    2.41495503955162e-11    2.38075785135981e-11    3.21414812442471e-14    1.26859308195172e-12    1.01401556612657e-10
288.999999999882    2.92430805143527e-11    1.79532658461266e-11    2.63518955168894e-11    2.21325932492005e-11    6.18450948007697e-13    4.36603404873306e-12    1.0066532012331e-10
289.499999999882    2.24706717711003e-11    1.82679499014729e-11    2.82778823935498e-11    2.05642381248663e-11    2.54316170957887e-12    7.85353859132415e-12    9.99774424918923e-11
289.999999999881    1.80532820088037e-11    1.85266520874395e-11    2.9570634877012e-11    1.96820344558063e-11    4.21116710288638e-12    9.29758101965321e-12    9.93413515516012e-11
290.499999999881    2.01285688662488e-11    1.81565843563852e-11    2.84943467751092e-11    2.00616623715018e-11    3.28114870239607e-12    8.5978094376319e-12    9.8720120509273e-11
290.99999999988    2.61898511116943e-11    1.76446327358917e-11    2.68582754189322e-11    2.06580403940397e-11    1.14344948714331e-12    5.57750721734888e-12    9.80717563650501e-11
291.49999999988    3.1689299256538e-11    1.70291827073186e-11    2.39835061174802e-11    2.22572331584828e-11    1.25499105412703e-13    2.29801835036054e-12    9.73827386955928e-11
291.999999999879    3.34960906770534e-11    1.67693943028093e-11    2.29810588254938e-11    2.27832594558063e-11    7.08099066792712e-15    6.35571801493078e-13    9.66724560533238e-11
292.499999999879    3.0347183861171e-11    1.67992957865914e-11    2.39882051586945e-11    2.17640125191138e-11    2.18030614673305e-13    2.85385730795457e-12    9.59705852481986e-11
292.999999999879    2.42827146322644e-11    1.71926576100642e-11    2.61089807945144e-11    2.00410245490352e-11    1.47880604989051e-12    6.19846863763513e-12    9.53026522734039e-11
293.499999999878    1.83511050043072e-11    1.77212121646661e-11    2.73943225384872e-11    1.91606566902422e-11    3.52161638266693e-12    8.53731103404168e-12    9.46862238144113e-11
293.999999999878    1.75915583029043e-11    1.74780241450265e-11    2.77112655259748e-11    1.88324701644498e-11    3.82308729835707e-12    8.66529573894295e-12    9.41017011756554e-11
294.499999999877    2.20150079249748e-11    1.72006427907331e-11    2.61515483084456e-11    1.94823642598366e-11    1.98147078718143e-12    6.67742759936378e-12    9.35084616705353e-11
294.999999999877    2.79009056386263e-11    1.66156208718225e-11    2.40423155270438e-11    2.05086148266724e-11    4.01901765246314e-13    3.40858277221344e-12    9.28779414016247e-11
295.499999999876    3.11545549972267e-11    1.63391747234864e-11    2.23780585664592e-11    2.15158766548752e-11    1.76464314902497e-14    8.12257335006506e-13    9.22175687085444e-11
295.999999999876    3.03830941023228e-11    1.62001219206962e-11    2.22553331624524e-11    2.13262506954732e-11    4.650206231697e-14    1.34061067056643e-12    9.1551912613828e-11
296.499999999875    2.56960199893636e-11    1.63933408634285e-11    2.44444378345403e-11    1.97288962414977e-11    6.53309704386961e-13    3.9922419619075e-12    9.09082465951245e-11
296.999999999875    1.97857658804577e-11    1.67198088475877e-11    2.57657110885412e-11    1.86024600705745e-11    2.37595715623699e-12    7.05554398822434e-12    9.03052470316224e-11
297.499999999874    1.64656156835895e-11    1.67440321978958e-11    2.64188376079766e-11    1.80854168310634e-11    3.6946266671739e-12    8.33601686676213e-12    8.97445458544614e-11
297.999999999874    1.84677631461628e-11    1.6582012930041e-11    2.56999161842367e-11    1.81749545989746e-11    2.76075466029727e-12    7.51158659836054e-12    8.91969881180728e-11
298.499999999874    2.36620255643909e-11    1.61925841580157e-11    2.37635381582093e-11    1.91297668043924e-11    9.22396844087136e-13    4.95220990716446e-12    8.86225214362599e-11
298.999999999873    2.84986697268323e-11    1.55739761632234e-11    2.19486275268779e-11    2.00996202743351e-11    9.565676505616e-14    1.7979501280124e-12    8.80145005843373e-11
299.499999999873    2.97435440443224e-11    1.55193450834379e-11    2.09448623851208e-11    2.06415057994965e-11    6.35820556504313e-15    5.33773807718261e-13    8.73893893256609e-11
