1:binCentralValue 2:valuesAverage 3:multiplicity
0.707107 0 18
1.41421 0 62
2.12132 0 98
2.82843 0 210
3.53554 0 350
4.24264 0 450
4.94975 0 602
5.65686 0 762
6.36396 0 1142
7.07107 0 1250
7.77818 0 1458
8.48528 0 1814
9.19239 0 2178
9.8995 0 2498
10.6066 0 2622
11.3137 0 3338
12.0208 0 3722
12.7279 0 4170
13.435 0 4358
14.1421 0 5034
14.8492 0 5714
15.5564 0 5982
16.2635 0 6602
16.9706 0 7130
17.6777 0 8034
18.3848 0 8606
19.0919 0 9066
19.799 0 9962
20.5061 0 10550
21.2132 0 11226
21.9203 0 12146
22.6274 0 12303
23.3345 0 12584
24.0416 0 12120
24.7487 0 11180
25.4559 0 11096
26.163 0 10056
26.8701 0 9716
27.5772 0 8604
28.2843 0 8060
28.9914 0 7320
29.6985 0 6356
30.4056 0 5348
31.1127 0 4308
31.8198 0 3563
32.5269 0 2448
33.234 0 1868
33.9411 0 1358
34.6482 0 1062
35.3554 0 776
36.0625 0 432
36.7696 0 200
37.4767 0 168
38.1838 0 56
38.8909 0 7

0.707107 6.197812792309819e-28 18
1.41421 4.334237324813274e-27 62
2.12132 5.030627801329378e-27 98
2.82843 2.037152592637451e-26 210
3.53554 4.088425822384615e-26 350
4.24264 4.994835245207975e-26 450
4.94975 3.590047481314379e-26 602
5.65686 4.380505351440745e-26 762
6.36396 6.595432477624289e-26 1142
7.07107 6.589710958381685e-26 1250
7.77818 3.530652589007355e-26 1458
8.48528 4.268776963011317e-26 1814
9.19239 3.708942520525871e-26 2178
9.8995 1.164031348593553e-26 2498
10.6066 3.169714075328799e-27 2622
11.3137 8.20955461273525e-29 3338
12.0208 6.765153665892575e-39 3722
12.7279 3.576597798394926e-39 4170
13.435 1.672017453791959e-39 4358
14.1421 7.559647804809948e-40 5034
14.8492 2.623076242071924e-40 5714
15.5564 5.619689670158846e-41 5982
16.2635 5.555593348471932e-42 6602
16.9706 6.371358498314931e-43 7130
17.6777 7.495342939200775e-43 8034
18.3848 9.284413474226633e-43 8606
19.0919 1.140923032364101e-42 9066
19.799 1.457182494354089e-42 9962
20.5061 1.729732969749455e-42 10550
21.2132 1.948777518495131e-42 11226
21.9203 2.352779182268544e-42 12146
22.6274 2.480235529809418e-42 12303
23.3345 2.570605904767971e-42 12584
24.0416 2.461536637713053e-42 12120
24.7487 2.245894707061044e-42 11180
25.4559 2.205474473447554e-42 11096
26.163 2.10507438695563e-42 10056
26.8701 2.088693451584069e-42 9716
27.5772 1.933584419987365e-42 8604
28.2843 1.90107425238504e-42 8060
28.9914 1.857437550898496e-42 7320
29.6985 1.70445990649073e-42 6356
30.4056 1.590316256833625e-42 5348
31.1127 1.329139594032039e-42 4308
31.8198 1.161685433225589e-42 3563
32.5269 8.265453480093108e-43 2448
33.234 6.105686947588075e-43 1868
33.9411 4.57980824041057e-43 1358
34.6482 3.60936778970754e-43 1062
35.3554 2.701211589749479e-43 776
36.0625 1.593416376845455e-43 432
36.7696 7.845431008388518e-44 200
37.4767 7.183969797850092e-44 168
38.1838 2.423739744319607e-44 56
38.8909 3.378481537625809e-45 7

0.707107 1.273649244068027e-27 18
1.41421 5.625866526524181e-27 62
2.12132 1.267693004810199e-26 98
2.82843 5.057522308335556e-26 210
3.53554 7.013017776512326e-26 350
4.24264 7.461169855304262e-26 450
4.94975 5.401418336224695e-26 602
5.65686 6.975898530427591e-26 762
6.36396 8.306661650669418e-26 1142
7.07107 8.332516135024385e-26 1250
7.77818 7.621132277155063e-26 1458
8.48528 5.840658589468753e-26 1814
9.19239 3.107714231550179e-26 2178
9.8995 1.751536364439201e-26 2498
10.6066 4.384449436263103e-27 2622
11.3137 1.003868352838108e-28 3338
12.0208 2.313438669576138e-38 3722
12.7279 1.214633253310253e-38 4170
13.435 5.212249576796834e-39 4358
14.1421 2.087520414651902e-39 5034
14.8492 6.132917476018085e-40 5714
15.5564 1.134430271606713e-40 5982
16.2635 9.193284148581159e-42 6602
16.9706 1.217065744951123e-42 7130
17.6777 1.457676430036094e-42 8034
18.3848 1.971313708765459e-42 8606
19.0919 2.587777726485077e-42 9066
19.799 3.215178504052655e-42 9962
20.5061 3.77195311051907e-42 10550
21.2132 4.321907681267786e-42 11226
21.9203 5.090804305178912e-42 12146
22.6274 5.558565112990643e-42 12303
23.3345 5.551298260376097e-42 12584
24.0416 5.418548222568878e-42 12120
24.7487 4.89301120499283e-42 11180
25.4559 4.794988143357908e-42 11096
26.163 4.479393087918179e-42 10056
26.8701 4.480110597454648e-42 9716
27.5772 4.120452985150685e-42 8604
28.2843 3.989039371113594e-42 8060
28.9914 3.720540495566071e-42 7320
29.6985 3.441603737620948e-42 6356
30.4056 3.102181792155384e-42 5348
31.1127 2.755317423892434e-42 4308
31.8198 2.236430224634666e-42 3563
32.5269 1.666308172093776e-42 2448
33.234 1.168255029041928e-42 1868
33.9411 9.220964851822063e-43 1358
34.6482 7.662882505621847e-43 1062
35.3554 5.68022180351092e-43 776
36.0625 3.34874637306174e-43 432
36.7696 1.740429770649608e-43 200
37.4767 1.659739772648195e-43 168
38.1838 5.25670243178664e-44 56
38.8909 6.319434374492734e-45 7

0.707107 1.750577544291977e-27 18
1.41421 7.149522530510981e-27 62
2.12132 1.668552974745816e-26 98
2.82843 4.436318961524614e-26 210
3.53554 7.494793899110913e-26 350
4.24264 6.146835111605767e-26 450
4.94975 6.516083876688246e-26 602
5.65686 7.983741626039099e-26 762
6.36396 8.611704496378348e-26 1142
7.07107 8.026180466627474e-26 1250
7.77818 7.28573487469398e-26 1458
8.48528 4.761777270111127e-26 1814
9.19239 2.710622240569657e-26 2178
9.8995 1.346996952079707e-26 2498
10.6066 3.835662961255771e-27 2622
11.3137 9.827877836372535e-29 3338
12.0208 2.041671813422864e-38 3722
12.7279 9.745957423643089e-39 4170
13.435 4.13590401892198e-39 4358
14.1421 1.651537745118583e-39 5034
14.8492 5.011538799502012e-40 5714
15.5564 9.32186826733284e-41 5982
16.2635 8.453467119331107e-42 6602
16.9706 1.80023826070458e-42 7130
17.6777 2.416267923907269e-42 8034
18.3848 3.534042523615436e-42 8606
19.0919 4.249409332242214e-42 9066
19.799 5.261127327456399e-42 9962
20.5061 5.689320451267031e-42 10550
21.2132 6.775656400837387e-42 11226
21.9203 7.821436399630534e-42 12146
22.6274 8.13834339604435e-42 12303
23.3345 8.089429014778484e-42 12584
24.0416 7.103224225188056e-42 12120
24.7487 5.781074918268829e-42 11180
25.4559 5.541636327071277e-42 11096
26.163 4.882697263912218e-42 10056
26.8701 4.369788016545315e-42 9716
27.5772 3.896496208625088e-42 8604
28.2843 3.541797616000461e-42 8060
28.9914 3.255441639586646e-42 7320
29.6985 2.891357357744374e-42 6356
30.4056 2.639798028902658e-42 5348
31.1127 2.275668016512731e-42 4308
31.8198 1.898798047695439e-42 3563
32.5269 1.345964701765559e-42 2448
33.234 9.759441959311528e-43 1868
33.9411 7.450890182238932e-43 1358
34.6482 6.206582248024713e-43 1062
35.3554 4.597754525108825e-43 776
36.0625 2.422891890323843e-43 432
36.7696 1.262370384443696e-43 200
37.4767 1.084853391899399e-43 168
38.1838 3.892637278745231e-44 56
38.8909 6.515962905244842e-45 7

0.707107 2.00103601687868e-25 18
1.41421 9.640246174106458e-25 62
2.12132 1.239533458572039e-24 98
2.82843 1.465780245651646e-24 210
3.53554 1.219682879175052e-24 350
4.24264 5.135658640895171e-25 450
4.94975 3.944260045660352e-25 602
5.65686 2.469986172017077e-25 762
6.36396 1.586268289165624e-25 1142
7.07107 1.282230578628016e-25 1250
7.77818 6.874760184716144e-26 1458
8.48528 5.085528032500567e-26 1814
9.19239 2.655090627100246e-26 2178
9.8995 1.470950568353758e-26 2498
10.6066 4.803602794362776e-27 2622
11.3137 1.394602343092924e-28 3338
12.0208 3.55881204183199e-38 3722
12.7279 1.307054823738876e-38 4170
13.435 4.939980127587495e-39 4358
14.1421 1.949439720573705e-39 5034
14.8492 5.864979332875037e-40 5714
15.5564 1.090657429786309e-40 5982
16.2635 1.268043468840195e-41 6602
16.9706 4.911804319763926e-42 7130
17.6777 6.933900189916145e-42 8034
18.3848 9.485375200387523e-42 8606
19.0919 1.167064136197529e-41 9066
19.799 1.46367102401922e-41 9962
20.5061 1.688595213655157e-41 10550
21.2132 1.936318914072038e-41 11226
21.9203 2.301479627050819e-41 12146
22.6274 2.376605073893864e-41 12303
23.3345 2.222404273725811e-41 12584
24.0416 1.946222530424071e-41 12120
24.7487 1.525392128169993e-41 11180
25.4559 1.403679722262619e-41 11096
26.163 1.16809320818988e-41 10056
26.8701 1.015476674811471e-41 9716
27.5772 8.531403668271921e-42 8604
28.2843 7.516115928231832e-42 8060
28.9914 6.766511277698281e-42 7320
29.6985 6.012848395651354e-42 6356
30.4056 5.263894292599755e-42 5348
31.1127 4.508665111112392e-42 4308
31.8198 3.975914879657719e-42 3563
32.5269 2.655247094099042e-42 2448
33.234 1.956403115620669e-42 1868
33.9411 1.506239938125003e-42 1358
34.6482 1.196629896134571e-42 1062
35.3554 8.827792380197923e-43 776
36.0625 4.634878468556086e-43 432
36.7696 2.336523805028649e-43 200
37.4767 2.047077611881261e-43 168
38.1838 6.014637491932902e-44 56
38.8909 1.146185952138968e-44 7

0.707107 2.011842197275822e-24 18
1.41421 6.635567741659519e-24 62
2.12132 1.39052687682816e-23 98
2.82843 5.203054536809868e-23 210
3.53554 4.696401457592092e-23 350
4.24264 1.243690116248785e-23 450
4.94975 3.137577740253345e-24 602
5.65686 8.066959817258286e-25 762
6.36396 2.820300788179532e-25 1142
7.07107 2.367397962998911e-25 1250
7.77818 8.522942742661369e-26 1458
8.48528 4.845618246191121e-26 1814
9.19239 2.775571120603885e-26 2178
9.8995 1.461269270534732e-26 2498
10.6066 4.724118316655736e-27 2622
11.3137 1.312469851620924e-28 3338
12.0208 6.25084100250274e-38 3722
12.7279 1.538091515966799e-38 4170
13.435 5.134560615556527e-39 4358
14.1421 1.948580349438614e-39 5034
14.8492 5.644361288843453e-40 5714
15.5564 1.162342320058771e-40 5982
16.2635 2.506407249217397e-41 6602
16.9706 2.034522324767913e-41 7130
17.6777 2.561440930263623e-41 8034
18.3848 3.607299735943556e-41 8606
19.0919 4.945783081124191e-41 9066
19.799 5.732197980619355e-41 9962
20.5061 6.666368243916614e-41 10550
21.2132 7.930636897794118e-41 11226
21.9203 9.78165159089811e-41 12146
22.6274 9.810949032210254e-41 12303
23.3345 9.076567503163445e-41 12584
24.0416 7.630252233235757e-41 12120
24.7487 5.748877856547885e-41 11180
25.4559 5.065034417048537e-41 11096
26.163 3.969858265424144e-41 10056
26.8701 3.18491579119303e-41 9716
27.5772 2.431386501901156e-41 8604
28.2843 2.074382416714073e-41 8060
28.9914 1.7925113582834e-41 7320
29.6985 1.499781039829807e-41 6356
30.4056 1.205119024277288e-41 5348
31.1127 9.668944001167512e-42 4308
31.8198 7.755668437378089e-42 3563
32.5269 5.205396179203723e-42 2448
33.234 3.804593073582505e-42 1868
33.9411 2.722144382917375e-42 1358
34.6482 2.213352467622931e-42 1062
35.3554 1.78230558947478e-42 776
36.0625 7.891820802010335e-43 432
36.7696 4.36513325094549e-43 200
37.4767 3.626439698635143e-43 168
38.1838 1.158287607076481e-43 56
38.8909 1.497310432502473e-44 7

0.707107 1.526359413832929e-22 18
1.41421 5.786545686005433e-22 62
2.12132 8.105730503715348e-22 98
2.82843 1.382247463192432e-21 210
3.53554 2.051833203159444e-21 350
4.24264 5.149209064763581e-22 450
4.94975 7.069689772497318e-23 602
5.65686 5.64321931580332e-24 762
6.36396 1.22471530116707e-24 1142
7.07107 5.828623007908939e-25 1250
7.77818 9.916315800709132e-26 1458
8.48528 5.130561044990406e-26 1814
9.19239 2.818241593949115e-26 2178
9.8995 1.382246659376299e-26 2498
10.6066 4.70067019911733e-27 2622
11.3137 1.062369716069047e-28 3338
12.0208 3.26407797350553e-37 3722
12.7279 5.281379498688215e-38 4170
13.435 9.16986502774103e-39 4358
14.1421 2.578442107988915e-39 5034
14.8492 7.110735646280518e-40 5714
15.5564 1.904457786124488e-40 5982
16.2635 8.570218614750461e-41 6602
16.9706 9.52831817594967e-41 7130
17.6777 1.392705804342354e-40 8034
18.3848 2.05432762183699e-40 8606
19.0919 2.544272824464968e-40 9066
19.799 3.186285428441671e-40 9962
20.5061 3.939182574323072e-40 10550
21.2132 5.043945017370402e-40 11226
21.9203 6.294883368901336e-40 12146
22.6274 6.969243569808955e-40 12303
23.3345 7.329590698912838e-40 12584
24.0416 6.927223174691538e-40 12120
24.7487 6.342258654782238e-40 11180
25.4559 6.34294893886005e-40 11096
26.163 5.869510307948678e-40 10056
26.8701 5.607944504673452e-40 9716
27.5772 5.175958239149992e-40 8604
28.2843 5.00247818162948e-40 8060
28.9914 4.746246992505937e-40 7320
29.6985 4.292940442189965e-40 6356
30.4056 4.021603341664563e-40 5348
31.1127 3.459455626879764e-40 4308
31.8198 2.869272062395985e-40 3563
32.5269 1.956735485377779e-40 2448
33.234 1.571836421600162e-40 1868
33.9411 1.150880368888064e-40 1358
34.6482 9.27189314564115e-41 1062
35.3554 7.265484245522658e-41 776
36.0625 4.283588449782948e-41 432
36.7696 1.957785142189669e-41 200
37.4767 1.656593623381139e-41 168
38.1838 5.57078674957758e-42 56
38.8909 4.707015222946986e-43 7

0.707107 5.595413075233987e-21 18
1.41421 2.104716138622325e-20 62
2.12132 4.430467530013565e-20 98
2.82843 1.28882779650646e-19 210
3.53554 1.099996616629849e-19 350
4.24264 1.603891910617665e-20 450
4.94975 8.056664175135731e-22 602
5.65686 2.617139928985524e-23 762
6.36396 7.328270691716751e-24 1142
7.07107 5.739097653105603e-24 1250
7.77818 4.103137836609494e-25 1458
8.48528 5.202579839184364e-26 1814
9.19239 3.009551547504474e-26 2178
9.8995 1.567235841775551e-26 2498
10.6066 4.661689491100053e-27 2622
11.3137 1.268223343731147e-28 3338
12.0208 9.150012395472438e-37 3722
12.7279 6.924737412367165e-38 4170
13.435 7.270472930791392e-39 4358
14.1421 2.332460117905387e-39 5034
14.8492 8.610164214948581e-40 5714
15.5564 4.817624037513737e-40 5982
16.2635 4.394851596427038e-40 6602
16.9706 5.151475978871854e-40 7130
17.6777 7.095493841550769e-40 8034
18.3848 9.394017938303595e-40 8606
19.0919 1.20781064590693e-39 9066
19.799 1.470208999996161e-39 9962
20.5061 1.734833475984075e-39 10550
21.2132 2.109066388130343e-39 11226
21.9203 2.581854842381687e-39 12146
22.6274 2.600412532765235e-39 12303
23.3345 2.378493697093603e-39 12584
24.0416 1.954790338229269e-39 12120
24.7487 1.507761292159879e-39 11180
25.4559 1.279924080066076e-39 11096
26.163 9.349660742652447e-40 10056
26.8701 7.113867439000863e-40 9716
27.5772 5.269453534521309e-40 8604
28.2843 3.971046458511243e-40 8060
28.9914 3.170689607135251e-40 7320
29.6985 2.632057846108658e-40 6356
30.4056 2.06347479417793e-40 5348
31.1127 1.604704472198843e-40 4308
31.8198 1.280808267188333e-40 3563
32.5269 8.857525967094705e-41 2448
33.234 6.345941145555238e-41 1868
33.9411 4.557878820753846e-41 1358
34.6482 3.499598079710323e-41 1062
35.3554 2.831985861054253e-41 776
36.0625 1.528969915866164e-41 432
36.7696 7.060587369953475e-42 200
37.4767 5.581657107073894e-42 168
38.1838 2.179046687650209e-42 56
38.8909 1.817851545047252e-43 7

0.707107 2.70625682354081e-20 18
1.41421 4.315177104220031e-20 62
2.12132 3.328829456191131e-20 98
2.82843 9.084477160822871e-20 210
3.53554 3.418837033561766e-19 350
4.24264 1.729697343021596e-19 450
4.94975 7.806395820796869e-21 602
5.65686 2.228503339584468e-22 762
6.36396 6.091429183062345e-23 1142
7.07107 2.187626851375798e-23 1250
7.77818 1.580439824112048e-24 1458
8.48528 1.045361658602238e-25 1814
9.19239 2.793237742890918e-26 2178
9.8995 1.272450479362797e-26 2498
10.6066 4.866131720243171e-27 2622
11.3137 1.115861363769626e-28 3338
12.0208 7.31552006380723e-36 3722
12.7279 4.966558181355397e-37 4170
13.435 1.865428110983425e-38 4358
14.1421 3.595329092862176e-39 5034
14.8492 3.283930577319216e-39 5714
15.5564 3.113048636651696e-39 5982
16.2635 3.337356335509441e-39 6602
16.9706 3.997630400461183e-39 7130
17.6777 5.529018935297643e-39 8034
18.3848 8.32705757638942e-39 8606
19.0919 1.072311860475927e-38 9066
19.799 1.259597376651847e-38 9962
20.5061 1.498195853757943e-38 10550
21.2132 1.847181399193075e-38 11226
21.9203 2.308344530382989e-38 12146
22.6274 2.342812920067058e-38 12303
23.3345 2.225396790958143e-38 12584
24.0416 1.897419314570063e-38 12120
24.7487 1.513917363215415e-38 11180
25.4559 1.33090566766465e-38 11096
26.163 1.053462823191165e-38 10056
26.8701 8.505879484175034e-39 9716
27.5772 6.994184786789575e-39 8604
28.2843 5.950941254412645e-39 8060
28.9914 5.169647105973743e-39 7320
29.6985 4.337150946928849e-39 6356
30.4056 3.907828640243889e-39 5348
31.1127 2.895026151614218e-39 4308
31.8198 2.396947992063383e-39 3563
32.5269 1.535016199426014e-39 2448
33.234 1.136566148604927e-39 1868
33.9411 8.394086834814288e-40 1358
34.6482 6.505379825844551e-40 1062
35.3554 4.604717135627995e-40 776
36.0625 2.493087291022532e-40 432
36.7696 1.13121311242402e-40 200
37.4767 9.812870117400875e-41 168
38.1838 2.556689851743005e-41 56
38.8909 4.299217844262165e-42 7

0.707107 9.556746002512412e-19 18
1.41421 4.45179017334844e-18 62
2.12132 1.370211965101128e-17 98
2.82843 3.268717487098533e-17 210
3.53554 6.275588913552651e-18 350
4.24264 6.631776198022689e-19 450
4.94975 7.131437942686151e-20 602
5.65686 2.011340744555695e-20 762
6.36396 2.979917341976752e-22 1142
7.07107 1.819080442173515e-22 1250
7.77818 3.469485053845922e-23 1458
8.48528 1.835544827731434e-25 1814
9.19239 4.122423310247177e-26 2178
9.8995 1.576267901629078e-26 2498
10.6066 5.523264044544365e-27 2622
11.3137 1.350564714259865e-28 3338
12.0208 3.546984015859767e-35 3722
12.7279 1.465012810855015e-36 4170
13.435 2.829867843262051e-38 4358
14.1421 1.015038476613296e-38 5034
14.8492 1.393870846098944e-38 5714
15.5564 1.367852576369766e-38 5982
16.2635 1.633140039341011e-38 6602
16.9706 2.128627380984425e-38 7130
17.6777 3.007548783449265e-38 8034
18.3848 4.209021144518322e-38 8606
19.0919 5.160142918759508e-38 9066
19.799 6.64162812096424e-38 9962
20.5061 8.031981088272951e-38 10550
21.2132 1.005099356190781e-37 11226
21.9203 1.197611617083545e-37 12146
22.6274 1.24486406680456e-37 12303
23.3345 1.195220807936258e-37 12584
24.0416 1.007007768061755e-37 12120
24.7487 8.147890453461202e-38 11180
25.4559 7.314490464005697e-38 11096
26.163 5.673222760964198e-38 10056
26.8701 4.735100542601746e-38 9716
27.5772 3.919750832792354e-38 8604
28.2843 3.37548570242694e-38 8060
28.9914 2.99765879694466e-38 7320
29.6985 2.627669857839299e-38 6356
30.4056 2.313246068137865e-38 5348
31.1127 1.910055690801309e-38 4308
31.8198 1.599738150343301e-38 3563
32.5269 1.159123272099301e-38 2448
33.234 8.954146662065161e-39 1868
33.9411 7.070782453868829e-39 1358
34.6482 5.375508672279716e-39 1062
35.3554 4.043002263171911e-39 776
36.0625 2.317255795114137e-39 432
36.7696 1.032063773110392e-39 200
37.4767 7.730844944055674e-40 168
38.1838 2.836881912790214e-40 56
38.8909 4.318438326866117e-41 7

0.707107 8.919359329650711e-17 18
1.41421 4.819047541055752e-16 62
2.12132 1.419165153011689e-15 98
2.82843 3.535571764876908e-15 210
3.53554 2.347485565304415e-15 350
4.24264 1.824502919378249e-16 450
4.94975 1.75658857553702e-18 602
5.65686 4.594755251184478e-19 762
6.36396 1.47101366185571e-21 1142
7.07107 6.07111033021789e-22 1250
7.77818 1.139855932921832e-22 1458
8.48528 5.29513105351744e-25 1814
9.19239 4.312915633232892e-26 2178
9.8995 1.422037825739518e-26 2498
10.6066 5.459976556668862e-27 2622
11.3137 1.371938467302329e-28 3338
12.0208 2.467652667355283e-34 3722
12.7279 1.567816474332543e-35 4170
13.435 2.638965085226232e-37 4358
14.1421 5.697183888875542e-38 5034
14.8492 5.950969631130055e-38 5714
15.5564 6.435206035624564e-38 5982
16.2635 6.652812981363872e-38 6602
16.9706 7.068915018910041e-38 7130
17.6777 9.879771105475559e-38 8034
18.3848 1.722628951126368e-37 8606
19.0919 2.58081251736212e-37 9066
19.799 3.015128199050811e-37 9962
20.5061 3.420256756503607e-37 10550
21.2132 4.165277820741108e-37 11226
21.9203 5.099693616881849e-37 12146
22.6274 5.468387301434121e-37 12303
23.3345 5.629635362383886e-37 12584
24.0416 5.281773698543056e-37 12120
24.7487 4.539815844199285e-37 11180
25.4559 4.423165019530652e-37 11096
26.163 3.851010310470126e-37 10056
26.8701 3.599219332589441e-37 9716
27.5772 3.308696525943213e-37 8604
28.2843 3.250807410042804e-37 8060
28.9914 3.181007997571566e-37 7320
29.6985 3.040271646993317e-37 6356
30.4056 2.736571766959605e-37 5348
31.1127 2.368020725358156e-37 4308
31.8198 2.14440894478685e-37 3563
32.5269 1.507958543119866e-37 2448
33.234 1.245677004559828e-37 1868
33.9411 9.602333735371757e-38 1358
34.6482 7.882607257448236e-38 1062
35.3554 5.541612130475489e-38 776
36.0625 3.264450028245529e-38 432
36.7696 1.543831172055225e-38 200
37.4767 1.352426296116136e-38 168
38.1838 5.464541510019684e-39 56
38.8909 1.186440953963747e-39 7

0.707107 2.342107992257947e-14 18
1.41421 7.961668292388192e-14 62
2.12132 1.263301585259411e-13 98
2.82843 3.942945834899857e-13 210
3.53554 6.870521688966064e-13 350
4.24264 1.006456928770558e-13 450
4.94975 8.735437939660103e-16 602
5.65686 2.89939832746664e-17 762
6.36396 5.540357234777829e-20 1142
7.07107 1.155742060740192e-20 1250
7.77818 7.041626080103464e-22 1458
8.48528 1.76387439563555e-24 1814
9.19239 8.961342395812915e-26 2178
9.8995 1.496983584860954e-26 2498
10.6066 5.374136369887183e-27 2622
11.3137 1.55707245402251e-28 3338
12.0208 1.998494076191255e-32 3722
12.7279 3.696158932228152e-34 4170
13.435 3.721370451335131e-36 4358
14.1421 4.727638775614594e-37 5034
14.8492 8.255672304273169e-37 5714
15.5564 9.631671158889049e-37 5982
16.2635 1.108074828906041e-36 6602
16.9706 1.398296927569784e-36 7130
17.6777 1.979184633131983e-36 8034
18.3848 2.620550402003164e-36 8606
19.0919 3.310329841671675e-36 9066
19.799 4.420242861666091e-36 9962
20.5061 5.626487992320054e-36 10550
21.2132 7.592215421996581e-36 11226
21.9203 1.024532853416335e-35 12146
22.6274 1.085478518910341e-35 12303
23.3345 9.688848402286327e-36 12584
24.0416 9.093262688344623e-36 12120
24.7487 8.264342636835195e-36 11180
25.4559 7.959002721334956e-36 11096
26.163 6.871145621919718e-36 10056
26.8701 6.530533260602194e-36 9716
27.5772 6.068591237363858e-36 8604
28.2843 5.803090065826961e-36 8060
28.9914 5.535337419251165e-36 7320
29.6985 5.005848209428523e-36 6356
30.4056 4.419830640924931e-36 5348
31.1127 3.666559179577685e-36 4308
31.8198 3.303690149694601e-36 3563
32.5269 2.283172473333964e-36 2448
33.234 1.768514122456722e-36 1868
33.9411 1.404457518205521e-36 1358
34.6482 1.153812216302531e-36 1062
35.3554 8.437893132353729e-37 776
36.0625 4.751159177568313e-37 432
36.7696 2.52867597769405e-37 200
37.4767 1.83173458174778e-37 168
38.1838 6.962840607679854e-38 56
38.8909 1.251924156476531e-38 7

0.707107 2.040101054485884e-14 18
1.41421 1.266345636450426e-13 62
2.12132 6.717295731462949e-13 98
2.82843 1.238726568065012e-12 210
3.53554 6.253310525685466e-13 350
4.24264 2.263464308837586e-13 450
4.94975 3.537822911671664e-15 602
5.65686 9.807527967139849e-17 762
6.36396 4.308518569783762e-18 1142
7.07107 4.493010694393943e-19 1250
7.77818 1.160904411568283e-20 1458
8.48528 1.553676133877049e-22 1814
9.19239 1.330344145726677e-23 2178
9.8995 2.214135488017278e-24 2498
10.6066 2.322857423047002e-25 2622
11.3137 1.531836483898815e-26 3338
12.0208 2.206250511634905e-28 3722
12.7279 3.754711129501058e-30 4170
13.435 3.686789602180252e-31 4358
14.1421 3.933543995774004e-32 5034
14.8492 2.356117090000217e-33 5714
15.5564 6.342154864100922e-35 5982
16.2635 4.53213270348248e-36 6602
16.9706 4.239496474493179e-36 7130
17.6777 5.169143223279951e-36 8034
18.3848 7.441228089350535e-36 8606
19.0919 1.06917225975516e-35 9066
19.799 1.440398031355147e-35 9962
20.5061 1.769065953210473e-35 10550
21.2132 2.259420015845122e-35 11226
21.9203 2.840505232936653e-35 12146
22.6274 2.959147899610652e-35 12303
23.3345 2.963616326083624e-35 12584
24.0416 2.744501259432742e-35 12120
24.7487 2.322457840209702e-35 11180
25.4559 2.107523406797395e-35 11096
26.163 1.732429204089383e-35 10056
26.8701 1.42723065144581e-35 9716
27.5772 1.137935404046865e-35 8604
28.2843 9.677718506015365e-36 8060
28.9914 8.406961840427424e-36 7320
29.6985 7.169743455960291e-36 6356
30.4056 6.067585514385611e-36 5348
31.1127 4.795663919637703e-36 4308
31.8198 3.958503904375742e-36 3563
32.5269 2.51637371968532e-36 2448
33.234 1.891983426555437e-36 1868
33.9411 1.315176243826268e-36 1358
34.6482 1.009968741990499e-36 1062
35.3554 7.204899300007648e-37 776
36.0625 3.400974891863727e-37 432
36.7696 1.885964050320008e-37 200
37.4767 1.469805059166889e-37 168
38.1838 4.26487980565282e-38 56
38.8909 6.302556300117581e-39 7

0.707107 3.318855258193354e-11 18
1.41421 1.267582462877055e-10 62
2.12132 2.958705598679009e-10 98
2.82843 5.831269125703789e-10 210
3.53554 6.444911228536936e-10 350
4.24264 1.000394861114696e-10 450
4.94975 5.1478391677976e-13 602
5.65686 3.941444557332971e-15 762
6.36396 1.301780392912484e-15 1142
7.07107 8.406040487943838e-17 1250
7.77818 1.35903662059095e-17 1458
8.48528 8.233479970873026e-19 1814
9.19239 1.387125607512678e-20 2178
9.8995 2.365829833513279e-21 2498
10.6066 4.308114605363126e-22 2622
11.3137 7.499182880201543e-23 3338
12.0208 2.162468457279266e-24 3722
12.7279 9.938101864917976e-26 4170
13.435 7.597358195171049e-27 4358
14.1421 7.826285549874112e-28 5034
14.8492 1.381698193269101e-28 5714
15.5564 1.068925250969654e-29 5982
16.2635 5.416204860095551e-31 6602
16.9706 5.235082434704144e-32 7130
17.6777 3.381867434620466e-33 8034
18.3848 2.116001575113309e-34 8606
19.0919 1.341278155396835e-34 9066
19.799 1.675388909407062e-34 9962
20.5061 2.087762923080504e-34 10550
21.2132 2.79643859932124e-34 11226
21.9203 3.59497072357884e-34 12146
22.6274 3.90009867384159e-34 12303
23.3345 3.777882557944727e-34 12584
24.0416 3.813016191556679e-34 12120
24.7487 3.424170905029052e-34 11180
25.4559 3.384576409187113e-34 11096
26.163 3.086383806565374e-34 10056
26.8701 2.899784644201708e-34 9716
27.5772 2.73432993954555e-34 8604
28.2843 2.511162602819374e-34 8060
28.9914 2.424549825703887e-34 7320
29.6985 2.202329684049476e-34 6356
30.4056 1.973886842230205e-34 5348
31.1127 1.671529927377926e-34 4308
31.8198 1.472091600081139e-34 3563
32.5269 1.016676031786548e-34 2448
33.234 7.922649293024918e-35 1868
33.9411 5.9814423885145e-35 1358
34.6482 4.792312900120185e-35 1062
35.3554 3.420317497269392e-35 776
36.0625 1.750617108897102e-35 432
36.7696 1.005141784544562e-35 200
37.4767 7.724771783999497e-36 168
38.1838 2.178273522420067e-36 56
38.8909 4.384418140446804e-37 7

0.707107 6.277353971462608e-11 18
1.41421 1.090619245853017e-10 62
2.12132 1.389463805870733e-10 98
2.82843 7.983703677099914e-10 210
3.53554 2.765433318180201e-09 350
4.24264 7.051166919507244e-10 450
4.94975 4.860356657103092e-11 602
5.65686 1.895384020397173e-11 762
6.36396 6.308652720908202e-12 1142
7.07107 7.829195985837046e-13 1250
7.77818 1.781062027028419e-13 1458
8.48528 7.621330012039433e-14 1814
9.19239 2.8774260472958e-14 2178
9.8995 5.73733583321506e-15 2498
10.6066 7.658407966506754e-16 2622
11.3137 1.412887687313882e-16 3338
12.0208 3.988579238547518e-17 3722
12.7279 1.210667285222681e-17 4170
13.435 1.963837852451247e-18 4358
14.1421 2.766562142955171e-19 5034
14.8492 4.907930160559036e-20 5714
15.5564 1.322620304688526e-20 5982
16.2635 3.270846598887509e-21 6602
16.9706 5.227303031893057e-22 7130
17.6777 6.871576628182926e-23 8034
18.3848 1.385550540716944e-23 8606
19.0919 3.35842415409211e-24 9066
19.799 6.72840245951118e-25 9962
20.5061 9.553052265381042e-26 10550
21.2132 1.385643076997526e-26 11226
21.9203 3.256900482649014e-27 12146
22.6274 7.113402506708391e-28 12303
23.3345 1.241501618974492e-28 12584
24.0416 1.746989646494325e-29 12120
24.7487 2.690039565242618e-30 11180
25.4559 5.761542004635733e-31 11096
26.163 9.61869234549443e-32 10056
26.8701 1.426700985664008e-32 9716
27.5772 2.473580744370777e-33 8604
28.2843 1.100420205656847e-33 8060
28.9914 8.442463059671461e-34 7320
29.6985 7.362298354328019e-34 6356
30.4056 6.711930799325877e-34 5348
31.1127 5.557163141541979e-34 4308
31.8198 4.735091381996662e-34 3563
32.5269 3.325997012276792e-34 2448
33.234 2.55257601062933e-34 1868
33.9411 1.929983593684332e-34 1358
34.6482 1.624130148049006e-34 1062
35.3554 1.223396700264578e-34 776
36.0625 6.393936652748684e-35 432
36.7696 3.222376201978533e-35 200
37.4767 2.724267138964844e-35 168
38.1838 7.572814098408635e-36 56
38.8909 8.312344208758052e-37 7

0.707107 2.643017273143472e-10 18
1.41421 3.071132790551653e-09 62
2.12132 3.462532999439122e-09 98
2.82843 2.455740034650267e-08 210
3.53554 6.32737464231198e-08 350
4.24264 2.351608164185989e-08 450
4.94975 1.508317840672114e-09 602
5.65686 2.830300801389523e-10 762
6.36396 2.713126299196993e-10 1142
7.07107 8.27381487255178e-11 1250
7.77818 3.308318505167793e-11 1458
8.48528 9.862608628427697e-12 1814
9.19239 3.002454113936063e-12 2178
9.8995 1.033437369738401e-12 2498
10.6066 5.325089333254416e-13 2622
11.3137 2.816446188054935e-13 3338
12.0208 1.014750544086611e-13 3722
12.7279 2.875748159644638e-14 4170
13.435 7.443898879682663e-15 4358
14.1421 4.295406137835859e-15 5034
14.8492 2.061628211298128e-15 5714
15.5564 6.954150131112239e-16 5982
16.2635 1.931474655969267e-16 6602
16.9706 5.239625161162424e-17 7130
17.6777 2.21674186350102e-17 8034
18.3848 8.899422453575654e-18 8606
19.0919 2.91744520112679e-18 9066
19.799 7.584170243996233e-19 9962
20.5061 1.775382685732554e-19 10550
21.2132 6.145107665312288e-20 11226
21.9203 2.443745877009562e-20 12146
22.6274 7.995691931496371e-21 12303
23.3345 2.278529252705603e-21 12584
24.0416 4.952273970399701e-22 12120
24.7487 1.332489289146126e-22 11180
25.4559 4.982390185877237e-23 11096
26.163 1.420373500158654e-23 10056
26.8701 3.476839450669055e-24 9716
27.5772 5.896414875839695e-25 8604
28.2843 1.389007332435788e-25 8060
28.9914 5.148526777977212e-26 7320
29.6985 1.451880352833071e-26 6356
30.4056 3.345402999647813e-27 5348
31.1127 4.745086433592741e-28 4308
31.8198 6.182516456587278e-29 3563
32.5269 1.366922131340421e-29 2448
33.234 5.373170338267671e-30 1868
33.9411 1.310557049388491e-30 1358
34.6482 1.787962773949223e-31 1062
35.3554 2.100257824122846e-32 776
36.0625 2.328491291758858e-33 432
36.7696 6.896585790324043e-34 200
37.4767 2.249545799056772e-34 168
38.1838 3.425696148204515e-35 56
38.8909 1.843818263210909e-36 7

0.707107 4.579565457315007e-10 18
1.41421 1.589134066781857e-09 62
2.12132 2.301664007239173e-09 98
2.82843 2.827931546568553e-08 210
3.53554 2.322293312607483e-08 350
4.24264 1.478566821028664e-08 450
4.94975 2.829570474873112e-09 602
5.65686 2.205309161051564e-09 762
6.36396 8.684643716460691e-10 1142
7.07107 2.338592770160583e-10 1250
7.77818 7.953234180467127e-11 1458
8.48528 3.083268492890204e-11 1814
9.19239 1.25622143155606e-11 2178
9.8995 3.926717084664393e-12 2498
10.6066 1.139100961631435e-12 2622
11.3137 5.253632074279331e-13 3338
12.0208 1.784653385696172e-13 3722
12.7279 6.986305052291608e-14 4170
13.435 1.914650268819772e-14 4358
14.1421 7.013460882085227e-15 5034
14.8492 2.267955326877081e-15 5714
15.5564 8.257656123567376e-16 5982
16.2635 2.893023206037253e-16 6602
16.9706 9.296957120392695e-17 7130
17.6777 2.68968122065001e-17 8034
18.3848 7.796088432679994e-18 8606
19.0919 2.321732405614103e-18 9066
19.799 7.729132106192236e-19 9962
20.5061 2.269490035643657e-19 10550
21.2132 7.251758785392112e-20 11226
21.9203 2.208260169944202e-20 12146
22.6274 6.86880859046834e-21 12303
23.3345 2.100498099831371e-21 12584
24.0416 5.926486964536901e-22 12120
24.7487 1.567306848377305e-22 11180
25.4559 4.37452623667968e-23 11096
26.163 1.046409225399452e-23 10056
26.8701 2.551502530533916e-24 9716
27.5772 5.842288044704801e-25 8604
28.2843 1.345536140387401e-25 8060
28.9914 3.208147087989864e-26 7320
29.6985 6.662428679254198e-27 6356
30.4056 1.608652019922909e-27 5348
31.1127 3.319749896951542e-28 4308
31.8198 6.665995136422724e-29 3563
32.5269 1.243741420963047e-29 2448
33.234 2.640563765473808e-30 1868
33.9411 5.50237710114103e-31 1358
34.6482 1.020182593494732e-31 1062
35.3554 1.866293458101633e-32 776
36.0625 2.72511769898679e-33 432
36.7696 5.272291852148016e-34 200
37.4767 1.667706270189321e-34 168
38.1838 2.810835136148141e-35 56
38.8909 6.062180474060053e-36 7

0.707107 5.216258711391301e-10 18
1.41421 3.398251130065433e-09 62
2.12132 9.794018238257048e-09 98
2.82843 2.90529044479437e-08 210
3.53554 2.359578721997157e-08 350
4.24264 2.094038579530129e-08 450
4.94975 1.336842333511337e-08 602
5.65686 6.656053183483438e-09 762
6.36396 2.918773024726306e-09 1142
7.07107 1.139695852632334e-09 1250
7.77818 6.121722157450154e-10 1458
8.48528 2.855762608847973e-10 1814
9.19239 9.343154441494756e-11 2178
9.8995 3.002181229826253e-11 2498
10.6066 1.23108044395254e-11 2622
11.3137 5.641667304276258e-12 3338
12.0208 1.981085283770273e-12 3722
12.7279 6.745581435962209e-13 4170
13.435 2.248637481393654e-13 4358
14.1421 8.778519721093709e-14 5034
14.8492 3.150643433670162e-14 5714
15.5564 1.114973208241861e-14 5982
16.2635 4.361420690435393e-15 6602
16.9706 1.518604963900878e-15 7130
17.6777 5.513033690162912e-16 8034
18.3848 1.798779150854178e-16 8606
19.0919 5.996337840528307e-17 9066
19.799 2.184369684473688e-17 9962
20.5061 7.98285512053808e-18 10550
21.2132 3.023065178454947e-18 11226
21.9203 1.213987599036855e-18 12146
22.6274 5.078493261033412e-19 12303
23.3345 1.768228700474489e-19 12584
24.0416 5.34550276236657e-20 12120
24.7487 1.621996707604641e-20 11180
25.4559 4.106597902343938e-21 11096
26.163 1.134635030615291e-21 10056
26.8701 3.752836923520704e-22 9716
27.5772 1.263034592136484e-22 8604
28.2843 4.174554680136026e-23 8060
28.9914 1.318788466789868e-23 7320
29.6985 3.827852917186178e-24 6356
30.4056 1.193498396502782e-24 5348
31.1127 3.715103384098982e-25 4308
31.8198 1.205606054014252e-25 3563
32.5269 3.003405064074061e-26 2448
33.234 8.713654249709095e-27 1868
33.9411 2.448774394391421e-27 1358
34.6482 6.220951110111564e-28 1062
35.3554 1.506939032004257e-28 776
36.0625 2.190274105968502e-29 432
36.7696 4.813972591837736e-30 200
37.4767 1.520098476922842e-30 168
38.1838 1.917948914508071e-31 56
38.8909 8.828378688077915e-33 7

0.707107 2.695378330711754e-10 18
1.41421 1.934154384178853e-09 62
2.12132 6.171925528610482e-09 98
2.82843 2.786979659952362e-08 210
3.53554 1.314068519695605e-08 350
4.24264 1.309664362715834e-08 450
4.94975 2.732582833741021e-08 602
5.65686 1.659328356748584e-08 762
6.36396 4.122857566315516e-09 1142
7.07107 1.807531984639681e-09 1250
7.77818 1.199161573112949e-09 1458
8.48528 6.874061474770052e-10 1814
9.19239 2.977078330216746e-10 2178
9.8995 1.578871605489546e-10 2498
10.6066 8.249837336428628e-11 2622
11.3137 3.79615286118005e-11 3338
12.0208 1.388054957208154e-11 3722
12.7279 5.906580420552271e-12 4170
13.435 2.580716199276615e-12 4358
14.1421 1.216647173487957e-12 5034
14.8492 5.702435742049358e-13 5714
15.5564 2.145841266117866e-13 5982
16.2635 8.764542526198576e-14 6602
16.9706 3.60227437731165e-14 7130
17.6777 1.723370836011682e-14 8034
18.3848 6.993499136861944e-15 8606
19.0919 2.68675411357557e-15 9066
19.799 1.109400379533348e-15 9962
20.5061 4.479373419789609e-16 10550
21.2132 1.860780701351042e-16 11226
21.9203 7.897552183391855e-17 12146
22.6274 3.312525252749316e-17 12303
23.3345 1.314119592374841e-17 12584
24.0416 4.959277688174613e-18 12120
24.7487 1.774943948005714e-18 11180
25.4559 7.093964518225438e-19 11096
26.163 2.588159054102441e-19 10056
26.8701 9.908562211180746e-20 9716
27.5772 3.480323910592115e-20 8604
28.2843 1.270091038081123e-20 8060
28.9914 4.605252626161875e-21 7320
29.6985 1.446281369746735e-21 6356
30.4056 4.775589955526188e-22 5348
31.1127 1.389830279369916e-22 4308
31.8198 4.153930877516949e-23 3563
32.5269 9.56679842409132e-24 2448
33.234 2.352446859697661e-24 1868
33.9411 6.32978656319473e-25 1358
34.6482 1.606928136829646e-25 1062
35.3554 3.851665139581139e-26 776
36.0625 7.557709343366775e-27 432
36.7696 1.523306871942268e-27 200
37.4767 5.831640429781602e-28 168
38.1838 8.86269556724414e-29 56
38.8909 7.668278359797144e-30 7

0.707107 7.627677445638969e-10 18
1.41421 4.044823271004804e-09 62
2.12132 1.029024135401771e-08 98
2.82843 4.86418831886218e-08 210
3.53554 2.514603691244184e-08 350
4.24264 2.553009725010425e-08 450
4.94975 3.955870435561701e-08 602
5.65686 3.170695813019497e-08 762
6.36396 2.198466740815901e-08 1142
7.07107 7.21744435028826e-09 1250
7.77818 5.011728719105152e-09 1458
8.48528 3.231019142109824e-09 1814
9.19239 1.515138365615909e-09 2178
9.8995 8.416697438081331e-10 2498
10.6066 4.891543209102519e-10 2622
11.3137 2.962444569254749e-10 3338
12.0208 1.182275862818264e-10 3722
12.7279 4.997732045009754e-11 4170
13.435 2.494857970491961e-11 4358
14.1421 1.387453482538208e-11 5034
14.8492 6.79488419859075e-12 5714
15.5564 2.779963856420816e-12 5982
16.2635 1.24339888953881e-12 6602
16.9706 5.6512835719914e-13 7130
17.6777 2.582593164418249e-13 8034
18.3848 1.123090423218592e-13 8606
19.0919 4.663414396665551e-14 9066
19.799 2.165194692645341e-14 9962
20.5061 9.328302656172949e-15 10550
21.2132 4.113412324691187e-15 11226
21.9203 1.719033690600906e-15 12146
22.6274 7.334066980400961e-16 12303
23.3345 3.335007839572955e-16 12584
24.0416 1.355494314091239e-16 12120
24.7487 4.882616993148009e-17 11180
25.4559 1.996416531686518e-17 11096
26.163 7.89275054074207e-18 10056
26.8701 3.379843890770036e-18 9716
27.5772 1.298191027175764e-18 8604
28.2843 5.238690803227708e-19 8060
28.9914 2.170815559958502e-19 7320
29.6985 8.671873334652191e-20 6356
30.4056 3.773902107397251e-20 5348
31.1127 1.561072910210721e-20 4308
31.8198 6.470373091015441e-21 3563
32.5269 2.29957792603688e-21 2448
33.234 9.020379007385318e-22 1868
33.9411 3.649819076488139e-22 1358
34.6482 1.24832590565252e-22 1062
35.3554 4.846412442090722e-23 776
36.0625 1.191204069786313e-23 432
36.7696 3.808581022734657e-24 200
37.4767 1.377000326161529e-24 168
38.1838 2.836502066437838e-25 56
38.8909 2.212451752450979e-26 7

0.707107 8.721852236637175e-10 18
1.41421 3.627686499243428e-09 62
2.12132 1.209244815739528e-08 98
2.82843 6.59940735896505e-08 210
3.53554 4.23914450967808e-08 350
4.24264 3.877003226365505e-08 450
4.94975 8.344087066765063e-08 602
5.65686 5.017717137040845e-08 762
6.36396 2.539765843007553e-08 1142
7.07107 1.42360680254508e-08 1250
7.77818 1.127001208158234e-08 1458
8.48528 7.189922035444923e-09 1814
9.19239 3.489665290283534e-09 2178
9.8995 2.384304194656096e-09 2498
10.6066 1.613070477372866e-09 2622
11.3137 9.13925724907197e-10 3338
12.0208 3.96823335939902e-10 3722
12.7279 2.278434468028824e-10 4170
13.435 1.435326733803815e-10 4358
14.1421 8.066572564803478e-11 5034
14.8492 4.259979136240744e-11 5714
15.5564 1.978180165073582e-11 5982
16.2635 1.080407462701701e-11 6602
16.9706 6.521044838892562e-12 7130
17.6777 3.819501160517155e-12 8034
18.3848 1.983636282291462e-12 8606
19.0919 9.717633689099062e-13 9066
19.799 5.23017323305615e-13 9962
20.5061 2.965246018037986e-13 10550
21.2132 1.690084819584633e-13 11226
21.9203 1.01673215584256e-13 12146
22.6274 5.696007519082531e-14 12303
23.3345 2.777072242317604e-14 12584
24.0416 1.271862321983936e-14 12120
24.7487 6.615434234073042e-15 11180
25.4559 3.756561471304009e-15 11096
26.163 2.010251689343803e-15 10056
26.8701 1.158890599175753e-15 9716
27.5772 5.818867186984174e-16 8604
28.2843 2.925803292172385e-16 8060
28.9914 1.456655425214653e-16 7320
29.6985 6.804844685620034e-17 6356
30.4056 3.270180957550367e-17 5348
31.1127 1.581144977921387e-17 4308
31.8198 7.335310652904372e-18 3563
32.5269 2.821320921210513e-18 2448
33.234 1.268391494141294e-18 1868
33.9411 5.326830160723394e-19 1358
34.6482 2.791537724404227e-19 1062
35.3554 1.194523950481958e-19 776
36.0625 3.545689700212526e-20 432
36.7696 1.145057752195716e-20 200
37.4767 6.106225557567519e-21 168
38.1838 1.328232905695736e-21 56
38.8909 9.749687950223509e-23 7

0.707107 1.254803549550293e-09 18
1.41421 7.656414038707808e-09 62
2.12132 2.307384308080584e-08 98
2.82843 1.257533543031875e-07 210
3.53554 9.189821682628245e-08 350
4.24264 1.013186479327604e-07 450
4.94975 1.431478447354442e-07 602
5.65686 8.490291311279875e-08 762
6.36396 5.570214531673928e-08 1142
7.07107 3.69561371694266e-08 1250
7.77818 3.272350801731508e-08 1458
8.48528 2.606049738088054e-08 1814
9.19239 1.750130736003931e-08 2178
9.8995 1.363729421878593e-08 2498
10.6066 9.398609402955149e-09 2622
11.3137 6.634734973177332e-09 3338
12.0208 3.84473249206784e-09 3722
12.7279 2.415109854383411e-09 4170
13.435 1.440299288229739e-09 4358
14.1421 1.148920432679961e-09 5034
14.8492 8.374807415901636e-10 5714
15.5564 5.605610528315727e-10 5982
16.2635 3.959917956791503e-10 6602
16.9706 2.550918977158906e-10 7130
17.6777 1.60531339961078e-10 8034
18.3848 9.560361668762212e-11 8606
19.0919 6.03760235355519e-11 9066
19.799 3.890895330342893e-11 9962
20.5061 2.376289269931604e-11 10550
21.2132 1.49551284940191e-11 11226
21.9203 1.043402880637741e-11 12146
22.6274 7.104506753948089e-12 12303
23.3345 4.849408766709372e-12 12584
24.0416 3.10698782751275e-12 12120
24.7487 1.914469348733786e-12 11180
25.4559 1.250872288106739e-12 11096
26.163 7.628187591527726e-13 10056
26.8701 4.902510751651752e-13 9716
27.5772 2.772634949484055e-13 8604
28.2843 1.669368719869934e-13 8060
28.9914 9.904605939802261e-14 7320
29.6985 5.641018412783412e-14 6356
30.4056 3.335693255493747e-14 5348
31.1127 1.924695350091091e-14 4308
31.8198 1.067860977718109e-14 3563
32.5269 4.090766075890189e-15 2448
33.234 1.937232518120376e-15 1868
33.9411 1.031426949040911e-15 1358
34.6482 5.548182276496059e-16 1062
35.3554 2.596296060287413e-16 776
36.0625 9.788129006300982e-17 432
36.7696 3.682246222351901e-17 200
37.4767 2.816362951583884e-17 168
38.1838 8.891341960948707e-18 56
38.8909 1.062733418740919e-18 7

0.707107 1.088512554802388e-08 18
1.41421 4.170613378511826e-08 62
2.12132 5.658820753259081e-08 98
2.82843 2.234332302193971e-07 210
3.53554 2.200401379872247e-07 350
4.24264 2.19119429944071e-07 450
4.94975 2.450229046226259e-07 602
5.65686 2.273544694544265e-07 762
6.36396 2.717618225292486e-07 1142
7.07107 2.198558468936825e-07 1250
7.77818 2.192438100129504e-07 1458
8.48528 2.14428772624333e-07 1814
9.19239 2.298001135183113e-07 2178
9.8995 2.191297087839137e-07 2498
10.6066 2.046412202118866e-07 2622
11.3137 2.183444167555917e-07 3338
12.0208 2.097789378931738e-07 3722
12.7279 1.770894133445778e-07 4170
13.435 1.68822216188463e-07 4358
14.1421 1.67286701699681e-07 5034
14.8492 1.664573134345001e-07 5714
15.5564 1.476531543220921e-07 5982
16.2635 1.342204768354847e-07 6602
16.9706 1.232740203274214e-07 7130
17.6777 1.085598263606936e-07 8034
18.3848 9.197610267898127e-08 8606
19.0919 7.431839769015432e-08 9066
19.799 6.57328387199297e-08 9962
20.5061 5.838583258242951e-08 10550
21.2132 5.333215086189032e-08 11226
21.9203 5.095328677027913e-08 12146
22.6274 4.703331916316938e-08 12303
23.3345 4.215082144911642e-08 12584
24.0416 3.506053483137263e-08 12120
24.7487 2.781005903161736e-08 11180
25.4559 2.413387660233484e-08 11096
26.163 1.836444828474751e-08 10056
26.8701 1.430075700875261e-08 9716
27.5772 1.024340315581135e-08 8604
28.2843 7.623004344995133e-09 8060
28.9914 5.512160234445251e-09 7320
29.6985 3.891800990711195e-09 6356
30.4056 2.696451372436763e-09 5348
31.1127 1.685237498613598e-09 4308
31.8198 1.059176998322479e-09 3563
32.5269 5.327086640408333e-10 2448
33.234 3.079695265908624e-10 1868
33.9411 1.788107805662155e-10 1358
34.6482 1.197012071873713e-10 1062
35.3554 7.823000237785142e-11 776
36.0625 4.336342415637062e-11 432
36.7696 1.971989484353201e-11 200
37.4767 1.50868243620804e-11 168
38.1838 5.085113868198938e-12 56
38.8909 3.892083410673061e-13 7

0.707107 1.082286818298654e-07 18
1.41421 1.500638384690675e-07 62
2.12132 2.260760851169617e-07 98
2.82843 5.706604018129006e-07 210
3.53554 5.199861204070275e-07 350
4.24264 5.078588722552143e-07 450
4.94975 6.127780144650078e-07 602
5.65686 5.384056262372492e-07 762
6.36396 6.766725335340897e-07 1142
7.07107 5.961554408136439e-07 1250
7.77818 6.110487905117483e-07 1458
8.48528 6.531103555971191e-07 1814
9.19239 7.152953466012137e-07 2178
9.8995 7.930997619062891e-07 2498
10.6066 7.511409361659385e-07 2622
11.3137 8.275472706730456e-07 3338
12.0208 7.654037784574502e-07 3722
12.7279 7.745154390151308e-07 4170
13.435 6.79438562076134e-07 4358
14.1421 6.730737137436011e-07 5034
14.8492 6.232274441812748e-07 5714
15.5564 5.434419620850981e-07 5982
16.2635 5.25936578633854e-07 6602
16.9706 4.495945777656601e-07 7130
17.6777 4.067988262604682e-07 8034
18.3848 3.42008574931268e-07 8606
19.0919 2.942218912917665e-07 9066
19.799 2.690348259383067e-07 9962
20.5061 2.305356894374942e-07 10550
21.2132 2.034602344847274e-07 11226
21.9203 1.916242266072227e-07 12146
22.6274 1.701597159963924e-07 12303
23.3345 1.429252903255514e-07 12584
24.0416 1.108995986775798e-07 12120
24.7487 8.503821675680463e-08 11180
25.4559 6.78546688555054e-08 11096
26.163 5.076972977941004e-08 10056
26.8701 4.023455395730844e-08 9716
27.5772 2.906180415173789e-08 8604
28.2843 2.17762875087989e-08 8060
28.9914 1.628554047912032e-08 7320
29.6985 1.145269554224779e-08 6356
30.4056 7.969886966738495e-09 5348
31.1127 5.358238738975649e-09 4308
31.8198 3.736861138806468e-09 3563
32.5269 1.955464928935255e-09 2448
33.234 1.187151995842637e-09 1868
33.9411 7.770450988967367e-10 1358
34.6482 5.031522042944942e-10 1062
35.3554 3.339754657358702e-10 776
36.0625 1.566487541811451e-10 432
36.7696 6.333931336109069e-11 200
37.4767 4.570763574755081e-11 168
38.1838 1.681347061838099e-11 56
38.8909 1.390629965184038e-12 7

0.707107 1.149780494187589e-07 18
1.41421 2.862033581183265e-07 62
2.12132 4.338511885489971e-07 98
2.82843 9.529489001758768e-07 210
3.53554 1.000262320611042e-06 350
4.24264 8.735740935565137e-07 450
4.94975 9.539922681556188e-07 602
5.65686 9.49042141826157e-07 762
6.36396 1.288764325748691e-06 1142
7.07107 1.138258721831188e-06 1250
7.77818 1.303204101780981e-06 1458
8.48528 1.427408675625323e-06 1814
9.19239 1.447869328604093e-06 2178
9.8995 1.591973479335739e-06 2498
10.6066 1.48890809556402e-06 2622
11.3137 1.832184523411956e-06 3338
12.0208 1.797476547155499e-06 3722
12.7279 1.759493320704117e-06 4170
13.435 1.713761596770356e-06 4358
14.1421 1.705451326436682e-06 5034
14.8492 1.682561050199504e-06 5714
15.5564 1.479416619202195e-06 5982
16.2635 1.385964509047703e-06 6602
16.9706 1.211797565266631e-06 7130
17.6777 1.12103358990524e-06 8034
18.3848 9.563698579964452e-07 8606
19.0919 8.088851786759592e-07 9066
19.799 7.173905428618985e-07 9962
20.5061 6.188579648780736e-07 10550
21.2132 5.336454204163705e-07 11226
21.9203 4.860202480213657e-07 12146
22.6274 4.17776974551111e-07 12303
23.3345 3.464118673224017e-07 12584
24.0416 2.647392445369845e-07 12120
24.7487 1.972975258241231e-07 11180
25.4559 1.559278636925242e-07 11096
26.163 1.138209708096957e-07 10056
26.8701 8.855689004254259e-08 9716
27.5772 6.360841226165037e-08 8604
28.2843 4.877891092109928e-08 8060
28.9914 3.648260786683924e-08 7320
29.6985 2.596966166864285e-08 6356
30.4056 1.858015318227755e-08 5348
31.1127 1.273556665412654e-08 4308
31.8198 8.704525570351592e-09 3563
32.5269 4.590979935416705e-09 2448
33.234 2.748545074793219e-09 1868
33.9411 1.640941016207503e-09 1358
34.6482 1.112867754563796e-09 1062
35.3554 6.908208401943299e-10 776
36.0625 3.747013081316538e-10 432
36.7696 1.736414184557496e-10 200
37.4767 1.351979975749113e-10 168
38.1838 4.789727812524862e-11 56
38.8909 2.957943936624628e-12 7

0.707107 1.843584019735897e-07 18
1.41421 3.911468732867756e-07 62
2.12132 5.945442427046541e-07 98
2.82843 1.52464962269295e-06 210
3.53554 1.237139491516439e-06 350
4.24264 1.147105816256192e-06 450
4.94975 1.424810032389845e-06 602
5.65686 1.310498158626273e-06 762
6.36396 1.693034519862038e-06 1142
7.07107 1.640786097233367e-06 1250
7.77818 1.641464987577924e-06 1458
8.48528 1.941993035128734e-06 1814
9.19239 2.05336349561764e-06 2178
9.8995 2.107237166453756e-06 2498
10.6066 2.064118739080305e-06 2622
11.3137 2.549727005917338e-06 3338
12.0208 2.535428601295994e-06 3722
12.7279 2.483096856994036e-06 4170
13.435 2.194646829787015e-06 4358
14.1421 2.275057477984909e-06 5034
14.8492 2.259633056880566e-06 5714
15.5564 1.871004728023637e-06 5982
16.2635 1.797875201164935e-06 6602
16.9706 1.551615234278812e-06 7130
17.6777 1.42016606161302e-06 8034
18.3848 1.202545321357755e-06 8606
19.0919 9.871316037827091e-07 9066
19.799 8.79682363913768e-07 9962
20.5061 7.471542576733019e-07 10550
21.2132 6.663907083872735e-07 11226
21.9203 5.894982342372911e-07 12146
22.6274 5.163635384594428e-07 12303
23.3345 4.278867334063602e-07 12584
24.0416 3.351992381481527e-07 12120
24.7487 2.443301938768355e-07 11180
25.4559 1.967514529170745e-07 11096
26.163 1.414805543525742e-07 10056
26.8701 1.099954939361674e-07 9716
27.5772 7.931653327073551e-08 8604
28.2843 6.141507495322391e-08 8060
28.9914 4.753910944710086e-08 7320
29.6985 3.394480221270246e-08 6356
30.4056 2.469418051091816e-08 5348
31.1127 1.717253400495926e-08 4308
31.8198 1.19434637128016e-08 3563
32.5269 6.549866086987156e-09 2448
33.234 4.281808781934013e-09 1868
33.9411 2.494197754410386e-09 1358
34.6482 1.764521269718798e-09 1062
35.3554 1.079716734479825e-09 776
36.0625 5.276569884699517e-10 432
36.7696 2.449299778996307e-10 200
37.4767 1.795506655956836e-10 168
38.1838 5.943704902774028e-11 56
38.8909 6.931387405879569e-12 7

0.707107 2.735841343536544e-07 18
1.41421 4.248843545960487e-07 62
2.12132 6.734432136205245e-07 98
2.82843 1.814687635969178e-06 210
3.53554 1.582489036928801e-06 350
4.24264 1.602486196261538e-06 450
4.94975 1.614696744126709e-06 602
5.65686 1.691498400326224e-06 762
6.36396 2.245927012275294e-06 1142
7.07107 2.177211381953689e-06 1250
7.77818 2.447892325173592e-06 1458
8.48528 2.713051162597637e-06 1814
9.19239 2.825549900354682e-06 2178
9.8995 3.018708548906846e-06 2498
10.6066 2.967016866840298e-06 2622
11.3137 3.629184401964757e-06 3338
12.0208 3.525031328905844e-06 3722
12.7279 3.455567328098016e-06 4170
13.435 3.237743848088906e-06 4358
14.1421 3.17966328666033e-06 5034
14.8492 3.114321213584685e-06 5714
15.5564 2.649206838348714e-06 5982
16.2635 2.514541594751867e-06 6602
16.9706 2.147513439567581e-06 7130
17.6777 1.908416413502926e-06 8034
18.3848 1.590903627816177e-06 8606
19.0919 1.295435833063849e-06 9066
19.799 1.167977146115689e-06 9962
20.5061 9.958686737781834e-07 10550
21.2132 8.490404589561261e-07 11226
21.9203 7.603019361066944e-07 12146
22.6274 6.60465795543223e-07 12303
23.3345 5.456008091003413e-07 12584
24.0416 4.046463569153409e-07 12120
24.7487 2.939990688977589e-07 11180
25.4559 2.340142782306123e-07 11096
26.163 1.700798643275158e-07 10056
26.8701 1.300301059032828e-07 9716
27.5772 9.174992105231413e-08 8604
28.2843 7.379704146773033e-08 8060
28.9914 5.485099401980545e-08 7320
29.6985 3.922314297643752e-08 6356
30.4056 2.859454100598765e-08 5348
31.1127 1.999987975259708e-08 4308
31.8198 1.386950770028021e-08 3563
32.5269 7.412258114572151e-09 2448
33.234 4.779142710370225e-09 1868
33.9411 2.951299315905972e-09 1358
34.6482 1.937775749426952e-09 1062
35.3554 1.216232894705688e-09 776
36.0625 5.787301246364651e-10 432
36.7696 2.905146028766835e-10 200
37.4767 2.067614472706177e-10 168
38.1838 7.209867686890486e-11 56
38.8909 8.978822142428964e-12 7

0.707107 3.455254143577397e-07 18
1.41421 5.803079042469875e-07 62
2.12132 8.333815058526451e-07 98
2.82843 2.155349435332691e-06 210
3.53554 1.763682614372604e-06 350
4.24264 1.623393248260285e-06 450
4.94975 1.932702040861169e-06 602
5.65686 1.928877412741657e-06 762
6.36396 2.593865577876375e-06 1142
7.07107 2.372678080906519e-06 1250
7.77818 2.803059918589074e-06 1458
8.48528 3.066801868428558e-06 1814
9.19239 3.436830781855865e-06 2178
9.8995 3.634378480342331e-06 2498
10.6066 3.586784498244857e-06 2622
11.3137 4.270234973672353e-06 3338
12.0208 4.05719509732547e-06 3722
12.7279 4.129277360039592e-06 4170
13.435 3.676528519781171e-06 4358
14.1421 3.697958444462384e-06 5034
14.8492 3.592027419656568e-06 5714
15.5564 3.025272099312815e-06 5982
16.2635 2.753126863526901e-06 6602
16.9706 2.415479596590537e-06 7130
17.6777 2.122738065613264e-06 8034
18.3848 1.757398895115459e-06 8606
19.0919 1.451035993484858e-06 9066
19.799 1.292820248695784e-06 9962
20.5061 1.089831029408782e-06 10550
21.2132 9.258171176943071e-07 11226
21.9203 8.202374189929253e-07 12146
22.6274 7.137043222589345e-07 12303
23.3345 5.83429603878527e-07 12584
24.0416 4.370033349221348e-07 12120
24.7487 3.163339451476202e-07 11180
25.4559 2.528373100781018e-07 11096
26.163 1.790279713832965e-07 10056
26.8701 1.366367362515679e-07 9716
27.5772 9.828591685384105e-08 8604
28.2843 7.588706681743356e-08 8060
28.9914 5.695505897345232e-08 7320
29.6985 4.169735852454161e-08 6356
30.4056 2.993058521274733e-08 5348
31.1127 2.03514813101267e-08 4308
31.8198 1.415170019055881e-08 3563
32.5269 7.596743583110533e-09 2448
33.234 5.039251131040366e-09 1868
33.9411 3.094765347236902e-09 1358
34.6482 1.945281471830388e-09 1062
35.3554 1.200922112906838e-09 776
36.0625 6.60858604242758e-10 432
36.7696 2.906350651070502e-10 200
37.4767 1.900742471902934e-10 168
38.1838 5.854370809497449e-11 56
38.8909 1.013976231944258e-11 7

0.707107 3.839962036880798e-07 18
1.41421 4.25291158653782e-07 62
2.12132 8.561046139485194e-07 98
2.82843 2.301168661087848e-06 210
3.53554 2.057179286486753e-06 350
4.24264 1.887841186436503e-06 450
4.94975 2.208009545913459e-06 602
5.65686 2.182775221013023e-06 762
6.36396 3.00944248288351e-06 1142
7.07107 2.835046340656367e-06 1250
7.77818 3.30082476964735e-06 1458
8.48528 3.625589929271224e-06 1814
9.19239 4.107577731647112e-06 2178
9.8995 4.356718201550732e-06 2498
10.6066 4.338752744145587e-06 2622
11.3137 5.039061923576158e-06 3338
12.0208 4.779531603683084e-06 3722
12.7279 5.05014246806142e-06 4170
13.435 4.414744564581205e-06 4358
14.1421 4.562657100656606e-06 5034
14.8492 4.33560205301197e-06 5714
15.5564 3.664408502164699e-06 5982
16.2635 3.339317785002659e-06 6602
16.9706 2.945185523911938e-06 7130
17.6777 2.6245399670168e-06 8034
18.3848 2.181370585732874e-06 8606
19.0919 1.765063080026232e-06 9066
19.799 1.562916712532274e-06 9962
20.5061 1.340873612133158e-06 10550
21.2132 1.118457026164714e-06 11226
21.9203 9.875504921016349e-07 12146
22.6274 8.53065466159379e-07 12303
23.3345 6.958145600942404e-07 12584
24.0416 5.177330117530537e-07 12120
24.7487 3.735599396779842e-07 11180
25.4559 2.878263171691147e-07 11096
26.163 2.099698407624072e-07 10056
26.8701 1.582762020237597e-07 9716
27.5772 1.104355780269463e-07 8604
28.2843 8.807992732914717e-08 8060
28.9914 6.613436101412279e-08 7320
29.6985 4.642941853915313e-08 6356
30.4056 3.381791833890485e-08 5348
31.1127 2.354342850120033e-08 4308
31.8198 1.594992393086252e-08 3563
32.5269 8.542332616639724e-09 2448
33.234 5.662903361235644e-09 1868
33.9411 3.353340326155418e-09 1358
34.6482 2.046530824722096e-09 1062
35.3554 1.31050003705817e-09 776
36.0625 7.226646665120652e-10 432
36.7696 3.255722911799775e-10 200
37.4767 2.08164100290499e-10 168
38.1838 6.156694458291598e-11 56
38.8909 1.188694439312783e-11 7

0.707107 3.163360868993633e-07 18
1.41421 4.317732709214879e-07 62
2.12132 1.051221648232571e-06 98
2.82843 2.46744865317484e-06 210
3.53554 2.099020957139577e-06 350
4.24264 1.841561814354264e-06 450
4.94975 2.259904909525837e-06 602
5.65686 2.403781664389017e-06 762
6.36396 3.070745823412229e-06 1142
7.07107 3.047675591531596e-06 1250
7.77818 3.634711844859447e-06 1458
8.48528 3.99159916735667e-06 1814
9.19239 4.457818672332191e-06 2178
9.8995 4.62640237452817e-06 2498
10.6066 4.576821969141999e-06 2622
11.3137 5.606913499701809e-06 3338
12.0208 5.214346364837335e-06 3722
12.7279 5.404425749887415e-06 4170
13.435 4.877031251624222e-06 4358
14.1421 4.938168612148919e-06 5034
14.8492 4.799121956849167e-06 5714
15.5564 3.995940859485538e-06 5982
16.2635 3.54181950112901e-06 6602
16.9706 3.150895110141399e-06 7130
17.6777 2.785856316316623e-06 8034
18.3848 2.32715220825309e-06 8606
19.0919 1.919861094919913e-06 9066
19.799 1.685217985119459e-06 9962
20.5061 1.429374838735037e-06 10550
21.2132 1.213821842498784e-06 11226
21.9203 1.089693093070578e-06 12146
22.6274 9.238121991080287e-07 12303
23.3345 7.534287330472832e-07 12584
24.0416 5.698610313560908e-07 12120
24.7487 3.984561167779522e-07 11180
25.4559 3.176180936107649e-07 11096
26.163 2.268917001784488e-07 10056
26.8701 1.702998708631701e-07 9716
27.5772 1.235926518852465e-07 8604
28.2843 9.552746047046017e-08 8060
28.9914 7.190847702962296e-08 7320
29.6985 4.954542722571189e-08 6356
30.4056 3.650672457046734e-08 5348
31.1127 2.486256360621626e-08 4308
31.8198 1.626687317308606e-08 3563
32.5269 9.131131360060087e-09 2448
33.234 5.61478538112325e-09 1868
33.9411 3.434117788885738e-09 1358
34.6482 2.256419979183766e-09 1062
35.3554 1.348225769337655e-09 776
36.0625 7.683024980489239e-10 432
36.7696 3.167858038086905e-10 200
37.4767 2.215086089524608e-10 168
38.1838 5.810068643265924e-11 56
38.8909 1.015863732436312e-11 7

0.707107 2.563637671705603e-07 18
1.41421 5.490933050953821e-07 62
2.12132 1.036180310752291e-06 98
2.82843 2.772140967604606e-06 210
3.53554 1.9796120744044e-06 350
4.24264 2.152978699260784e-06 450
4.94975 2.392355486004257e-06 602
5.65686 2.568481370891934e-06 762
6.36396 3.468652971946932e-06 1142
7.07107 3.352420110649059e-06 1250
7.77818 3.798195901523355e-06 1458
8.48528 4.34935063493792e-06 1814
9.19239 5.032701897988358e-06 2178
9.8995 5.197587567401881e-06 2498
10.6066 5.189049002154255e-06 2622
11.3137 6.120583402136403e-06 3338
12.0208 5.80644560794126e-06 3722
12.7279 5.917030820551533e-06 4170
13.435 5.488512594388155e-06 4358
14.1421 5.36415753689441e-06 5034
14.8492 5.396427638277197e-06 5714
15.5564 4.402663026043347e-06 5982
16.2635 4.04621892134509e-06 6602
16.9706 3.548860400325256e-06 7130
17.6777 3.225782903253806e-06 8034
18.3848 2.654556244670914e-06 8606
19.0919 2.202064083870248e-06 9066
19.799 1.928586293572295e-06 9962
20.5061 1.622662704176057e-06 10550
21.2132 1.396244751457691e-06 11226
21.9203 1.224453579990521e-06 12146
22.6274 1.037878917854532e-06 12303
23.3345 8.301690954918531e-07 12584
24.0416 6.365147263627052e-07 12120
24.7487 4.520353911831638e-07 11180
25.4559 3.537490683472752e-07 11096
26.163 2.549388680394626e-07 10056
26.8701 1.888908529737859e-07 9716
27.5772 1.357490508180288e-07 8604
28.2843 1.065430693578139e-07 8060
28.9914 7.940911140672436e-08 7320
29.6985 5.528199584425178e-08 6356
30.4056 4.00222740485161e-08 5348
31.1127 2.765217359816939e-08 4308
31.8198 1.852267577553627e-08 3563
32.5269 9.929933618042633e-09 2448
33.234 6.28384465669394e-09 1868
33.9411 3.875477533275344e-09 1358
34.6482 2.41119496063105e-09 1062
35.3554 1.431849799635955e-09 776
36.0625 8.148326341826582e-10 432
36.7696 3.182548302829115e-10 200
37.4767 2.520957432915223e-10 168
38.1838 6.421892836072839e-11 56
38.8909 7.90588693955754e-12 7

0.707107 3.239264864769791e-07 18
1.41421 5.113286823774846e-07 62
2.12132 9.523355328665947e-07 98
2.82843 2.56242436700774e-06 210
3.53554 2.215407349646709e-06 350
4.24264 2.10250637005734e-06 450
4.94975 2.681327593758504e-06 602
5.65686 2.826720399502406e-06 762
6.36396 3.674706293506796e-06 1142
7.07107 3.643593694708331e-06 1250
7.77818 4.081979781190324e-06 1458
8.48528 4.66955624213458e-06 1814
9.19239 5.207103746765715e-06 2178
9.8995 5.570996537686062e-06 2498
10.6066 5.6205945369936e-06 2622
11.3137 6.646913823076827e-06 3338
12.0208 6.490223487319959e-06 3722
12.7279 6.495834498149402e-06 4170
13.435 5.918876286926232e-06 4358
14.1421 5.811169889961928e-06 5034
14.8492 5.723354642217724e-06 5714
15.5564 4.941618918799779e-06 5982
16.2635 4.284022229257118e-06 6602
16.9706 3.7540429051048e-06 7130
17.6777 3.457733281537313e-06 8034
18.3848 2.812567132044853e-06 8606
19.0919 2.335003757115825e-06 9066
19.799 2.054922778390565e-06 9962
20.5061 1.728021061616796e-06 10550
21.2132 1.47848974311852e-06 11226
21.9203 1.321755583731578e-06 12146
22.6274 1.133125398415828e-06 12303
23.3345 9.158765031639572e-07 12584
24.0416 6.918252752105235e-07 12120
24.7487 4.892805341192578e-07 11180
25.4559 3.811301062292979e-07 11096
26.163 2.728992370707383e-07 10056
26.8701 2.065170237781148e-07 9716
27.5772 1.447265138023477e-07 8604
28.2843 1.156213402852739e-07 8060
28.9914 8.333200199312441e-08 7320
29.6985 5.948418450066353e-08 6356
30.4056 4.361562830147841e-08 5348
31.1127 2.962134258309547e-08 4308
31.8198 1.963269325376983e-08 3563
32.5269 1.067217906255572e-08 2448
33.234 6.863192698145517e-09 1868
33.9411 3.871878853249265e-09 1358
34.6482 2.529843095902657e-09 1062
35.3554 1.515731146594419e-09 776
36.0625 8.428884221439202e-10 432
36.7696 3.454494994907678e-10 200
37.4767 2.56392867633675e-10 168
38.1838 7.723269265741997e-11 56
38.8909 7.519770820056473e-12 7

0.707107 3.949455593606741e-07 18
1.41421 6.034708667279441e-07 62
2.12132 1.001083052931077e-06 98
2.82843 2.639332103075581e-06 210
3.53554 2.228282516584565e-06 350
4.24264 2.10964847606231e-06 450
4.94975 2.464525390066081e-06 602
5.65686 2.808849247983322e-06 762
6.36396 3.904167416985361e-06 1142
7.07107 3.699882028127066e-06 1250
7.77818 4.370315996576584e-06 1458
8.48528 5.015155447332869e-06 1814
9.19239 5.633855305728738e-06 2178
9.8995 6.134369271748387e-06 2498
10.6066 5.940038704716675e-06 2622
11.3137 7.131805791642765e-06 3338
12.0208 6.962641808497166e-06 3722
12.7279 6.799328851595965e-06 4170
13.435 6.351716033250612e-06 4358
14.1421 6.375201788951339e-06 5034
14.8492 6.151860438618411e-06 5714
15.5564 5.292753435349198e-06 5982
16.2635 4.687086576843512e-06 6602
16.9706 4.049368909825247e-06 7130
17.6777 3.704781677518584e-06 8034
18.3848 3.095398433465288e-06 8606
19.0919 2.654932585794793e-06 9066
19.799 2.242493480421995e-06 9962
20.5061 1.907614171132409e-06 10550
21.2132 1.644963712804395e-06 11226
21.9203 1.4946386132564e-06 12146
22.6274 1.255342471082086e-06 12303
23.3345 1.007947774449723e-06 12584
24.0416 7.641655162907595e-07 12120
24.7487 5.458489973549589e-07 11180
25.4559 4.195931739227269e-07 11096
26.163 3.065237714170655e-07 10056
26.8701 2.257480016424105e-07 9716
27.5772 1.625444877626366e-07 8604
28.2843 1.263174034189758e-07 8060
28.9914 9.306901700361729e-08 7320
29.6985 6.42627343966312e-08 6356
30.4056 4.747758141184264e-08 5348
31.1127 3.196913811710373e-08 4308
31.8198 2.135509481393219e-08 3563
32.5269 1.199804358269899e-08 2448
33.234 7.355957789214825e-09 1868
33.9411 4.253508627446047e-09 1358
34.6482 2.831142027051627e-09 1062
35.3554 1.700273587776257e-09 776
36.0625 8.613985188101416e-10 432
36.7696 3.767703835094936e-10 200
37.4767 2.823374670159825e-10 168
38.1838 8.247062813402381e-11 56
38.8909 8.366421088588429e-12 7

0.707107 4.250141770873231e-07 18
1.41421 4.915560478466872e-07 62
2.12132 1.08702206844775e-06 98
2.82843 2.590418010215431e-06 210
3.53554 2.085241393669032e-06 350
4.24264 2.247064662948593e-06 450
4.94975 2.622124063283772e-06 602
5.65686 2.966441988718371e-06 762
6.36396 3.957672427437144e-06 1142
7.07107 3.939793643139461e-06 1250
7.77818 4.354193675438416e-06 1458
8.48528 5.268806090681051e-06 1814
9.19239 5.923578299192947e-06 2178
9.8995 6.335677755605907e-06 2498
10.6066 5.933422506122693e-06 2622
11.3137 7.584443579300285e-06 3338
12.0208 7.271509368635048e-06 3722
12.7279 7.135764403238114e-06 4170
13.435 6.603590680073159e-06 4358
14.1421 6.568207860768226e-06 5034
14.8492 6.480893137770796e-06 5714
15.5564 5.528219752380279e-06 5982
16.2635 4.98051663599722e-06 6602
16.9706 4.362979295421952e-06 7130
17.6777 3.990514246406755e-06 8034
18.3848 3.312455640835391e-06 8606
19.0919 2.785931790677124e-06 9066
19.799 2.409307560032921e-06 9962
20.5061 2.036679404887055e-06 10550
21.2132 1.7700507665062e-06 11226
21.9203 1.588106269137864e-06 12146
22.6274 1.34290166591994e-06 12303
23.3345 1.09227063802971e-06 12584
24.0416 8.159201104360277e-07 12120
24.7487 5.917198152509733e-07 11180
25.4559 4.614457874294596e-07 11096
26.163 3.267596558701677e-07 10056
26.8701 2.433734254297251e-07 9716
27.5772 1.729071516710803e-07 8604
28.2843 1.353857496218885e-07 8060
28.9914 9.983500806818452e-08 7320
29.6985 6.947179600562899e-08 6356
30.4056 5.219295356936023e-08 5348
31.1127 3.526313600059777e-08 4308
31.8198 2.3679557900385e-08 3563
32.5269 1.286860534696037e-08 2448
33.234 8.059653191537493e-09 1868
33.9411 4.845824794498844e-09 1358
34.6482 3.110410315553646e-09 1062
35.3554 1.84917870901561e-09 776
36.0625 8.922367934317483e-10 432
36.7696 4.052774545438354e-10 200
37.4767 2.982079272978374e-10 168
38.1838 8.338076011266055e-11 56
38.8909 9.314240314696041e-12 7

0.707107 3.298147230698011e-07 18
1.41421 5.401692537247903e-07 62
2.12132 1.127727981977588e-06 98
2.82843 2.69310991776313e-06 210
3.53554 2.388390714912276e-06 350
4.24264 2.097996922507494e-06 450
4.94975 2.747762866302273e-06 602
5.65686 3.152990029093743e-06 762
6.36396 4.169484526171608e-06 1142
7.07107 4.243809481222075e-06 1250
7.77818 5.053961038979927e-06 1458
8.48528 5.562507839637567e-06 1814
9.19239 6.205121032007414e-06 2178
9.8995 6.811390273236389e-06 2498
10.6066 6.51364430283223e-06 2622
11.3137 7.981907758449276e-06 3338
12.0208 7.498077643133121e-06 3722
12.7279 7.629048710390312e-06 4170
13.435 6.93616169050114e-06 4358
14.1421 6.793591551942545e-06 5034
14.8492 6.806550907810055e-06 5714
15.5564 5.939959414049052e-06 5982
16.2635 5.271167003895685e-06 6602
16.9706 4.572804997278283e-06 7130
17.6777 4.197376517651326e-06 8034
18.3848 3.526818482335708e-06 8606
19.0919 2.981647919499748e-06 9066
19.799 2.612250172497092e-06 9962
20.5061 2.184545570979347e-06 10550
21.2132 1.878751905666163e-06 11226
21.9203 1.705375417203188e-06 12146
22.6274 1.453819136409879e-06 12303
23.3345 1.167662418140941e-06 12584
24.0416 8.865095998574118e-07 12120
24.7487 6.38835062845817e-07 11180
25.4559 4.937203802121935e-07 11096
26.163 3.505895714521392e-07 10056
26.8701 2.657253412160736e-07 9716
27.5772 1.849284670025261e-07 8604
28.2843 1.452756003362392e-07 8060
28.9914 1.097419179611485e-07 7320
29.6985 7.490183061401684e-08 6356
30.4056 5.665956630429678e-08 5348
31.1127 3.747975347425037e-08 4308
31.8198 2.494226721387144e-08 3563
32.5269 1.364851540974637e-08 2448
33.234 8.652065864732726e-09 1868
33.9411 5.147615054306276e-09 1358
34.6482 3.113241330619836e-09 1062
35.3554 1.90514913501682e-09 776
36.0625 9.527859905687149e-10 432
36.7696 4.10650750660969e-10 200
37.4767 3.290976829218122e-10 168
38.1838 9.287692673589384e-11 56
38.8909 1.085820642171891e-11 7

0.707107 3.127513848131575e-07 18
1.41421 6.528902198295029e-07 62
2.12132 1.03117822706784e-06 98
2.82843 2.544609409526824e-06 210
3.53554 2.421080013890496e-06 350
4.24264 2.401050948298563e-06 450
4.94975 3.00170449599959e-06 602
5.65686 3.260914468648376e-06 762
6.36396 4.251722817776656e-06 1142
7.07107 4.250653146468384e-06 1250
7.77818 4.958777519165392e-06 1458
8.48528 5.787454241869763e-06 1814
9.19239 6.583194080262857e-06 2178
9.8995 6.933787653523203e-06 2498
10.6066 6.913328394470627e-06 2622
11.3137 8.406337939493509e-06 3338
12.0208 7.881241377965231e-06 3722
12.7279 7.928750425613787e-06 4170
13.435 7.341584488981616e-06 4358
14.1421 7.459589429248029e-06 5034
14.8492 7.25336548465647e-06 5714
15.5564 6.206655504330698e-06 5982
16.2635 5.533733812192979e-06 6602
16.9706 4.844706645775647e-06 7130
17.6777 4.511857521359502e-06 8034
18.3848 3.762764438770553e-06 8606
19.0919 3.129886846904142e-06 9066
19.799 2.744465082816618e-06 9962
20.5061 2.325075047034676e-06 10550
21.2132 1.965614524996603e-06 11226
21.9203 1.820236666198594e-06 12146
22.6274 1.554767428628603e-06 12303
23.3345 1.247931167838558e-06 12584
24.0416 9.396126786292258e-07 12120
24.7487 6.705614596040984e-07 11180
25.4559 5.362530909807353e-07 11096
26.163 3.772040352612649e-07 10056
26.8701 2.751019785606021e-07 9716
27.5772 2.011475882906166e-07 8604
28.2843 1.568156959968294e-07 8060
28.9914 1.170794733136487e-07 7320
29.6985 8.118036372716387e-08 6356
30.4056 6.011284430017776e-08 5348
31.1127 4.132793219597382e-08 4308
31.8198 2.769794487278413e-08 3563
32.5269 1.446702227923133e-08 2448
33.234 9.226993661333504e-09 1868
33.9411 5.172336598819536e-09 1358
34.6482 3.318703208796915e-09 1062
35.3554 2.110068952109713e-09 776
36.0625 1.145275568406479e-09 432
36.7696 4.348837301158445e-10 200
37.4767 3.835139782091074e-10 168
38.1838 1.019296722058089e-10 56
38.8909 1.448642699013039e-11 7

0.707107 3.890983616540516e-07 18
1.41421 5.665698601934352e-07 62
2.12132 1.058743556668077e-06 98
2.82843 2.737172973819831e-06 210
3.53554 2.439189120280745e-06 350
4.24264 2.252126544210972e-06 450
4.94975 2.668611942403838e-06 602
5.65686 3.343380723194995e-06 762
6.36396 4.274635305490346e-06 1142
7.07107 4.656427456090183e-06 1250
7.77818 5.125723944691942e-06 1458
8.48528 6.011897450245208e-06 1814
9.19239 6.887800614219581e-06 2178
9.8995 7.294968921556223e-06 2498
10.6066 7.117336508398816e-06 2622
11.3137 8.745425350788608e-06 3338
12.0208 8.325199367374473e-06 3722
12.7279 8.375584066351095e-06 4170
13.435 7.613398999648604e-06 4358
14.1421 7.489152529917416e-06 5034
14.8492 7.396262591631391e-06 5714
15.5564 6.382797930137418e-06 5982
16.2635 5.766507466910325e-06 6602
16.9706 5.158395965795021e-06 7130
17.6777 4.680838209673662e-06 8034
18.3848 3.911628559811677e-06 8606
19.0919 3.340130596302323e-06 9066
19.799 2.875867132037153e-06 9962
20.5061 2.460722936883888e-06 10550
21.2132 2.117835953224366e-06 11226
21.9203 1.919130892998096e-06 12146
22.6274 1.616620579373459e-06 12303
23.3345 1.330047914268742e-06 12584
24.0416 9.955846857202695e-07 12120
24.7487 7.21192007011775e-07 11180
25.4559 5.58335578276938e-07 11096
26.163 4.043187356621804e-07 10056
26.8701 3.013867545881558e-07 9716
27.5772 2.155146180845582e-07 8604
28.2843 1.664475516276415e-07 8060
28.9914 1.244829749144964e-07 7320
29.6985 8.703034254567153e-08 6356
30.4056 6.591048106375365e-08 5348
31.1127 4.381175954873076e-08 4308
31.8198 2.876617869212155e-08 3563
32.5269 1.556750055719867e-08 2448
33.234 9.834621535675564e-09 1868
33.9411 5.802645001771372e-09 1358
34.6482 3.626645098424193e-09 1062
35.3554 2.299477600746705e-09 776
36.0625 1.183509142306903e-09 432
36.7696 4.851914223537869e-10 200
37.4767 3.846763098992328e-10 168
38.1838 1.053817407747863e-10 56
38.8909 1.854108800152471e-11 7

0.707107 4.236912583811035e-07 18
1.41421 5.661993367413192e-07 62
2.12132 1.219624858772566e-06 98
2.82843 2.795600286234742e-06 210
3.53554 2.558457153531736e-06 350
4.24264 2.539387192521812e-06 450
4.94975 3.00655555185193e-06 602
5.65686 3.449839092507537e-06 762
6.36396 4.621613084782004e-06 1142
7.07107 4.765973876267306e-06 1250
7.77818 5.543037528011741e-06 1458
8.48528 6.307794487818094e-06 1814
9.19239 7.048272241098301e-06 2178
9.8995 7.682160202902787e-06 2498
10.6066 7.49646109052111e-06 2622
11.3137 9.022510964561655e-06 3338
12.0208 8.538015871519888e-06 3722
12.7279 8.789645034863298e-06 4170
13.435 7.864194640392109e-06 4358
14.1421 7.949509912932851e-06 5034
14.8492 7.773339063216192e-06 5714
15.5564 6.76557524200845e-06 5982
16.2635 6.039236471923324e-06 6602
16.9706 5.273328903216003e-06 7130
17.6777 4.886473720969151e-06 8034
18.3848 4.172647437906932e-06 8606
19.0919 3.485277991535748e-06 9066
19.799 3.045368911689845e-06 9962
20.5061 2.604445771635252e-06 10550
21.2132 2.256454931296869e-06 11226
21.9203 2.053215022105497e-06 12146
22.6274 1.718735526305764e-06 12303
23.3345 1.429264689642165e-06 12584
24.0416 1.07457857252342e-06 12120
24.7487 7.691333663522055e-07 11180
25.4559 5.998519277361862e-07 11096
26.163 4.384683793506795e-07 10056
26.8701 3.199220170131366e-07 9716
27.5772 2.254115091247495e-07 8604
28.2843 1.772322337243119e-07 8060
28.9914 1.327383213854718e-07 7320
29.6985 9.217259895945846e-08 6356
30.4056 6.980800536652618e-08 5348
31.1127 4.674365941281278e-08 4308
31.8198 3.181680069000233e-08 3563
32.5269 1.654089908404767e-08 2448
33.234 1.070570659918958e-08 1868
33.9411 6.197916068957351e-09 1358
34.6482 3.759547374275866e-09 1062
35.3554 2.387473880181205e-09 776
36.0625 1.210671204058589e-09 432
36.7696 5.515886508447925e-10 200
37.4767 4.043127175654902e-10 168
38.1838 1.244643611337119e-10 56
38.8909 2.058801092319944e-11 7

0.707107 2.953551358644223e-07 18
1.41421 6.166436314650436e-07 62
2.12132 1.215523673598576e-06 98
2.82843 2.75299208581852e-06 210
3.53554 2.412504549661764e-06 350
4.24264 2.392487710686615e-06 450
4.94975 3.052555769956643e-06 602
5.65686 3.516364334367859e-06 762
6.36396 4.736566430318931e-06 1142
7.07107 4.862194333248285e-06 1250
7.77818 5.303722065487581e-06 1458
8.48528 6.257115222289324e-06 1814
9.19239 7.191802416743091e-06 2178
9.8995 7.932675497976669e-06 2498
10.6066 7.475065814178675e-06 2622
11.3137 9.128756197362535e-06 3338
12.0208 8.908152819454336e-06 3722
12.7279 9.024823142672386e-06 4170
13.435 8.206357155416472e-06 4358
14.1421 8.201171255483476e-06 5034
14.8492 7.999297064006139e-06 5714
15.5564 7.012252902733815e-06 5982
16.2635 6.278236303524248e-06 6602
16.9706 5.638345620726354e-06 7130
17.6777 5.127414764006982e-06 8034
18.3848 4.311519390474856e-06 8606
19.0919 3.657976320088942e-06 9066
19.799 3.215312176732083e-06 9962
20.5061 2.721830526562875e-06 10550
21.2132 2.320005546120648e-06 11226
21.9203 2.150363388073671e-06 12146
22.6274 1.840762332769432e-06 12303
23.3345 1.518088996005599e-06 12584
24.0416 1.126027820344858e-06 12120
24.7487 8.220214813309639e-07 11180
25.4559 6.334809597453799e-07 11096
26.163 4.609261212035912e-07 10056
26.8701 3.409582621572148e-07 9716
27.5772 2.481299854379483e-07 8604
28.2843 1.900671183031875e-07 8060
28.9914 1.450392484437833e-07 7320
29.6985 1.002055415800424e-07 6356
30.4056 7.332155047735386e-08 5348
31.1127 4.947445391705624e-08 4308
31.8198 3.451407723632628e-08 3563
32.5269 1.739842179163606e-08 2448
33.234 1.129563278781778e-08 1868
33.9411 6.703504514147445e-09 1358
34.6482 4.167321323779768e-09 1062
35.3554 2.640767721181196e-09 776
36.0625 1.189051684941784e-09 432
36.7696 5.987827551827252e-10 200
37.4767 4.934838814896182e-10 168
38.1838 1.30308473861404e-10 56
38.8909 1.8156625793925e-11 7

0.707107 2.539548384335624e-07 18
1.41421 5.844658604865656e-07 62
2.12132 1.09892472768091e-06 98
2.82843 2.68178710389174e-06 210
3.53554 2.592003208659833e-06 350
4.24264 2.458745738747125e-06 450
4.94975 3.024799765066353e-06 602
5.65686 3.612370701692604e-06 762
6.36396 4.804869950929634e-06 1142
7.07107 4.855835275218068e-06 1250
7.77818 5.555571103352491e-06 1458
8.48528 6.533077116394768e-06 1814
9.19239 7.354112060746335e-06 2178
9.8995 8.14922817730747e-06 2498
10.6066 7.894351353266866e-06 2622
11.3137 9.710301737244471e-06 3338
12.0208 9.013595092626799e-06 3722
12.7279 9.235311392464645e-06 4170
13.435 8.47776980722418e-06 4358
14.1421 8.504346849338354e-06 5034
14.8492 8.41049900526903e-06 5714
15.5564 7.224229825406022e-06 5982
16.2635 6.540701279394674e-06 6602
16.9706 5.882019372538363e-06 7130
17.6777 5.361623054593432e-06 8034
18.3848 4.523092858109237e-06 8606
19.0919 3.818620682199969e-06 9066
19.799 3.370318559884599e-06 9962
20.5061 2.909865101679145e-06 10550
21.2132 2.486420152828955e-06 11226
21.9203 2.286932028486215e-06 12146
22.6274 1.92821213894231e-06 12303
23.3345 1.595652617547664e-06 12584
24.0416 1.201225338691718e-06 12120
24.7487 8.631515291919096e-07 11180
25.4559 6.705209245575234e-07 11096
26.163 4.806568636663879e-07 10056
26.8701 3.627465873962168e-07 9716
27.5772 2.631393328920122e-07 8604
28.2843 2.006627232274392e-07 8060
28.9914 1.543981272599333e-07 7320
29.6985 1.088264022006759e-07 6356
30.4056 8.04985195342755e-08 5348
31.1127 5.396291883145992e-08 4308
31.8198 3.683213847471782e-08 3563
32.5269 1.93053527382781e-08 2448
33.234 1.21406266002056e-08 1868
33.9411 7.214078420196202e-09 1358
34.6482 4.5871043510901e-09 1062
35.3554 2.764903967292347e-09 776
36.0625 1.378608913033461e-09 432
36.7696 6.539914623937499e-10 200
37.4767 5.038303731450534e-10 168
38.1838 1.473803219199951e-10 56
38.8909 2.096038267399686e-11 7

0.707107 3.524316886047541e-07 18
1.41421 6.998263008335959e-07 62
2.12132 1.097499844565642e-06 98
2.82843 2.484864487779807e-06 210
3.53554 2.526261398841995e-06 350
4.24264 2.406644145105011e-06 450
4.94975 3.133218610502204e-06 602
5.65686 3.6376042307083e-06 762
6.36396 4.925652793243697e-06 1142
7.07107 4.901237914462065e-06 1250
7.77818 5.700596976726494e-06 1458
8.48528 6.810676617907627e-06 1814
9.19239 7.465606334627621e-06 2178
9.8995 8.223148192664029e-06 2498
10.6066 7.9611202163127e-06 2622
11.3137 9.878735208667339e-06 3338
12.0208 9.470263460542625e-06 3722
12.7279 9.423834734033242e-06 4170
13.435 8.699205160367333e-06 4358
14.1421 8.840844897886073e-06 5034
14.8492 8.494183322563852e-06 5714
15.5564 7.348256721783482e-06 5982
16.2635 6.727774434620223e-06 6602
16.9706 5.971417731405511e-06 7130
17.6777 5.53082246907822e-06 8034
18.3848 4.6984364016212e-06 8606
19.0919 3.965421947747694e-06 9066
19.799 3.488137729883731e-06 9962
20.5061 3.015223743699972e-06 10550
21.2132 2.565499225325901e-06 11226
21.9203 2.361296154396398e-06 12146
22.6274 2.009100212417607e-06 12303
23.3345 1.650855584579066e-06 12584
24.0416 1.245743341184891e-06 12120
24.7487 9.119376150087252e-07 11180
25.4559 7.070295206452427e-07 11096
26.163 5.046136763028944e-07 10056
26.8701 3.854092679020419e-07 9716
27.5772 2.791962073582013e-07 8604
28.2843 2.173030194981588e-07 8060
28.9914 1.611847073215225e-07 7320
29.6985 1.164883801085311e-07 6356
30.4056 8.573432412342467e-08 5348
31.1127 5.693757474810123e-08 4308
31.8198 3.850314190649344e-08 3563
32.5269 2.163267606440602e-08 2448
33.234 1.317965928363296e-08 1868
33.9411 7.705230142596776e-09 1358
34.6482 4.75450552257788e-09 1062
35.3554 3.185652023974923e-09 776
36.0625 1.556840489300444e-09 432
36.7696 7.434728494422813e-10 200
37.4767 5.586700167061964e-10 168
38.1838 1.64893662793546e-10 56
38.8909 2.980449966256664e-11 7

0.707107 4.708781352362005e-07 18
1.41421 6.13426032379327e-07 62
2.12132 1.132119180535273e-06 98
2.82843 2.724039990580657e-06 210
3.53554 2.422232418829597e-06 350
4.24264 2.579949283508008e-06 450
4.94975 3.387841284758975e-06 602
5.65686 3.749147948401923e-06 762
6.36396 4.918515388723572e-06 1142
7.07107 5.095253139405958e-06 1250
7.77818 5.922262348136897e-06 1458
8.48528 6.933816083615599e-06 1814
9.19239 7.787441484175093e-06 2178
9.8995 8.444790929939385e-06 2498
10.6066 8.326951398180948e-06 2622
11.3137 1.013165920705434e-05 3338
12.0208 9.8259513317045e-06 3722
12.7279 9.973776426294188e-06 4170
13.435 8.944145802200221e-06 4358
14.1421 8.903248544167495e-06 5034
14.8492 8.828021038490851e-06 5714
15.5564 7.689935874494033e-06 5982
16.2635 6.991130388110385e-06 6602
16.9706 6.239648432415124e-06 7130
17.6777 5.697023815096897e-06 8034
18.3848 4.909718966618067e-06 8606
19.0919 4.137767170246514e-06 9066
19.799 3.605682475108392e-06 9962
20.5061 3.120363829980418e-06 10550
21.2132 2.641087783918047e-06 11226
21.9203 2.435713236685205e-06 12146
22.6274 2.143125428411116e-06 12303
23.3345 1.735477207311332e-06 12584
24.0416 1.301243332311228e-06 12120
24.7487 9.763742546926257e-07 11180
25.4559 7.547349676548745e-07 11096
26.163 5.375920533681455e-07 10056
26.8701 4.096394942638728e-07 9716
27.5772 2.949403612112861e-07 8604
28.2843 2.276958526402144e-07 8060
28.9914 1.730873734187577e-07 7320
29.6985 1.236860990622125e-07 6356
30.4056 9.202724441112436e-08 5348
31.1127 6.136742735313918e-08 4308
31.8198 4.135894552278751e-08 3563
32.5269 2.309476676802185e-08 2448
33.234 1.408934305500585e-08 1868
33.9411 8.377355169660324e-09 1358
34.6482 5.130051558375265e-09 1062
35.3554 3.203354701786754e-09 776
36.0625 1.594512854904288e-09 432
36.7696 7.505015054466946e-10 200
37.4767 5.628663275403553e-10 168
38.1838 1.862534602651538e-10 56
38.8909 2.372185755276036e-11 7

0.707107 4.810650616054869e-07 18
1.41421 5.451076118994904e-07 62
2.12132 1.251488489310857e-06 98
2.82843 2.455025582333768e-06 210
3.53554 2.721658916028959e-06 350
4.24264 2.357614571769678e-06 450
4.94975 3.083960639077693e-06 602
5.65686 3.553198795161188e-06 762
6.36396 5.00650493137334e-06 1142
7.07107 5.327555110547282e-06 1250
7.77818 5.98459786439573e-06 1458
8.48528 7.078324713306716e-06 1814
9.19239 7.807272456968521e-06 2178
9.8995 8.550293228519922e-06 2498
10.6066 8.348601688186896e-06 2622
11.3137 1.018162327761269e-05 3338
12.0208 9.714433788321524e-06 3722
12.7279 9.970628182481865e-06 4170
13.435 9.032227512946641e-06 4358
14.1421 9.19322953556995e-06 5034
14.8492 9.048605121383659e-06 5714
15.5564 7.550220666655992e-06 5982
16.2635 7.107585817358757e-06 6602
16.9706 6.28480826638221e-06 7130
17.6777 5.880061953283612e-06 8034
18.3848 4.940802042619721e-06 8606
19.0919 4.161180097547997e-06 9066
19.799 3.715692179697297e-06 9962
20.5061 3.225367967653341e-06 10550
21.2132 2.768808506692452e-06 11226
21.9203 2.54990149843375e-06 12146
22.6274 2.19058624849701e-06 12303
23.3345 1.788670179960993e-06 12584
24.0416 1.354440826302313e-06 12120
24.7487 1.00800563095815e-06 11180
25.4559 7.778825879362633e-07 11096
26.163 5.585683046719529e-07 10056
26.8701 4.315119640783273e-07 9716
27.5772 3.064391579009669e-07 8604
28.2843 2.399439269783717e-07 8060
28.9914 1.790944274484516e-07 7320
29.6985 1.291172773615579e-07 6356
30.4056 9.855353111342939e-08 5348
31.1127 6.470872426996596e-08 4308
31.8198 4.236986612207968e-08 3563
32.5269 2.408333967023124e-08 2448
33.234 1.478914366528714e-08 1868
33.9411 8.892539381414037e-09 1358
34.6482 5.172173618822902e-09 1062
35.3554 3.530594975149545e-09 776
36.0625 1.721024675739228e-09 432
36.7696 7.964549857858143e-10 200
37.4767 5.477174918236523e-10 168
38.1838 1.959763926565961e-10 56
38.8909 1.785386437365181e-11 7

0.707107 3.703421039627846e-07 18
1.41421 6.413087445218125e-07 62
2.12132 1.073473552869693e-06 98
2.82843 2.499315298450519e-06 210
3.53554 2.645869230570466e-06 350
4.24264 2.738571629818494e-06 450
4.94975 3.100631582334407e-06 602
5.65686 3.788432107145897e-06 762
6.36396 5.318064936664662e-06 1142
7.07107 5.385315351456471e-06 1250
7.77818 6.193075817729942e-06 1458
8.48528 7.288017025535115e-06 1814
9.19239 8.053113692199939e-06 2178
9.8995 8.823472799041491e-06 2498
10.6066 8.656443149353559e-06 2622
11.3137 1.054812406574608e-05 3338
12.0208 1.014484739391027e-05 3722
12.7279 1.040895619439393e-05 4170
13.435 9.347061540622142e-06 4358
14.1421 9.466980298023506e-06 5034
14.8492 9.329380925018825e-06 5714
15.5564 8.048414813470121e-06 5982
16.2635 7.52982683748349e-06 6602
16.9706 6.530124886992418e-06 7130
17.6777 6.085915071261029e-06 8034
18.3848 5.125705597400171e-06 8606
19.0919 4.404251508219638e-06 9066
19.799 3.879990945785686e-06 9962
20.5061 3.389121797334411e-06 10550
21.2132 2.908044168399502e-06 11226
21.9203 2.677310035379999e-06 12146
22.6274 2.288205205378055e-06 12303
23.3345 1.906209142523483e-06 12584
24.0416 1.414742243357722e-06 12120
24.7487 1.044777703264442e-06 11180
25.4559 8.244659844258908e-07 11096
26.163 5.900212442158339e-07 10056
26.8701 4.476959605220253e-07 9716
27.5772 3.263674110145625e-07 8604
28.2843 2.518593136812698e-07 8060
28.9914 1.907431539314523e-07 7320
29.6985 1.381302270186598e-07 6356
30.4056 1.026129922761715e-07 5348
31.1127 6.824967448078424e-08 4308
31.8198 4.6496494469079e-08 3563
32.5269 2.536531071030427e-08 2448
33.234 1.668984490373835e-08 1868
33.9411 9.158034489104347e-09 1358
34.6482 5.94578625472028e-09 1062
35.3554 3.703626300713524e-09 776
36.0625 1.686734327776838e-09 432
36.7696 8.7075358804576e-10 200
37.4767 6.201449772679952e-10 168
38.1838 1.927223077455292e-10 56
38.8909 1.686262603646915e-11 7

0.707107 2.838260943783193e-07 18
1.41421 5.777099579267774e-07 62
2.12132 1.142675626954307e-06 98
2.82843 2.620078229573244e-06 210
3.53554 2.644556146038258e-06 350
4.24264 2.754772886977227e-06 450
4.94975 3.16091124760176e-06 602
5.65686 3.708703524942487e-06 762
6.36396 5.37742601411471e-06 1142
7.07107 5.35886929241574e-06 1250
7.77818 6.079580854062563e-06 1458
8.48528 7.095053800574183e-06 1814
9.19239 8.143532283949403e-06 2178
9.8995 9.157527778066023e-06 2498
10.6066 8.643630286074434e-06 2622
11.3137 1.072102412144162e-05 3338
12.0208 1.011280938867576e-05 3722
12.7279 1.044831561317218e-05 4170
13.435 9.557829553920763e-06 4358
14.1421 9.592779670990305e-06 5034
14.8492 9.394948365937947e-06 5714
15.5564 8.145462842800901e-06 5982
16.2635 7.449133143688579e-06 6602
16.9706 6.682221080091264e-06 7130
17.6777 6.143436733314882e-06 8034
18.3848 5.186268254781662e-06 8606
19.0919 4.401146300810101e-06 9066
19.799 3.941740512497866e-06 9962
20.5061 3.403604521995e-06 10550
21.2132 2.946897495813925e-06 11226
21.9203 2.67782196449638e-06 12146
22.6274 2.356095745878801e-06 12303
23.3345 1.937172303079524e-06 12584
24.0416 1.462841705977891e-06 12120
24.7487 1.07413223024772e-06 11180
25.4559 8.375495562317442e-07 11096
26.163 6.142227801847471e-07 10056
26.8701 4.659830969829031e-07 9716
27.5772 3.396381689230544e-07 8604
28.2843 2.635933367087643e-07 8060
28.9914 1.999419128765388e-07 7320
29.6985 1.432462711723431e-07 6356
30.4056 1.079892905877746e-07 5348
31.1127 7.175468874993641e-08 4308
31.8198 4.86893904265917e-08 3563
32.5269 2.602442838968452e-08 2448
33.234 1.690748730168779e-08 1868
33.9411 1.001047989929491e-08 1358
34.6482 6.188147550390535e-09 1062
35.3554 3.78795551026196e-09 776
36.0625 1.922054983731429e-09 432
36.7696 9.062467271848865e-10 200
37.4767 6.698569120342953e-10 168
38.1838 1.899523825293219e-10 56
38.8909 1.415313631085757e-11 7

0.707107 3.326034517192575e-07 18
1.41421 6.073281351866527e-07 62
2.12132 1.234276412838281e-06 98
2.82843 2.716626551952319e-06 210
3.53554 2.83598212482561e-06 350
4.24264 2.716687764809946e-06 450
4.94975 3.369324137663848e-06 602
5.65686 3.788740147468833e-06 762
6.36396 5.446447472381076e-06 1142
7.07107 5.390659179345673e-06 1250
7.77818 6.209209869584396e-06 1458
8.48528 7.420371840335092e-06 1814
9.19239 8.402786564639632e-06 2178
9.8995 8.977210592629912e-06 2498
10.6066 9.142332352790046e-06 2622
11.3137 1.08331649352793e-05 3338
12.0208 1.055335037345014e-05 3722
12.7279 1.043820698946974e-05 4170
13.435 9.681514591363398e-06 4358
14.1421 9.829092503187046e-06 5034
14.8492 9.772271187239464e-06 5714
15.5564 8.24014375547803e-06 5982
16.2635 7.773834607627709e-06 6602
16.9706 6.88610633933901e-06 7130
17.6777 6.248945190702257e-06 8034
18.3848 5.428440834337172e-06 8606
19.0919 4.63744785300664e-06 9066
19.799 4.101688300336804e-06 9962
20.5061 3.532792346939605e-06 10550
21.2132 3.060021886839702e-06 11226
21.9203 2.816036054681259e-06 12146
22.6274 2.433612545087065e-06 12303
23.3345 2.0164408688272e-06 12584
24.0416 1.519331972293185e-06 12120
24.7487 1.129152983885955e-06 11180
25.4559 9.07792787532104e-07 11096
26.163 6.382085496439469e-07 10056
26.8701 4.895989434800454e-07 9716
27.5772 3.556802166463705e-07 8604
28.2843 2.747585252824436e-07 8060
28.9914 2.095616597310251e-07 7320
29.6985 1.516286721589263e-07 6356
30.4056 1.140082384047304e-07 5348
31.1127 7.526795881646143e-08 4308
31.8198 5.199863329658225e-08 3563
32.5269 2.733528819725783e-08 2448
33.234 1.766116157337762e-08 1868
33.9411 1.018683934249689e-08 1358
34.6482 6.533911709594821e-09 1062
35.3554 4.217020696715202e-09 776
36.0625 2.099818203408613e-09 432
36.7696 1.000936055758846e-09 200
37.4767 6.78651247295759e-10 168
38.1838 1.83664054022187e-10 56
38.8909 2.7982758406149e-11 7

0.707107 4.103334731042272e-07 18
1.41421 6.25197327944092e-07 62
2.12132 1.217379566911436e-06 98
2.82843 2.481229748962292e-06 210
3.53554 2.519241726202434e-06 350
4.24264 2.774845747510853e-06 450
4.94975 3.508334659837935e-06 602
5.65686 3.901946260941473e-06 762
6.36396 5.350351841346285e-06 1142
7.07107 5.476240542443002e-06 1250
7.77818 5.981354580477613e-06 1458
8.48528 7.78383404832018e-06 1814
9.19239 8.566715737967282e-06 2178
9.8995 9.286124494037026e-06 2498
10.6066 9.198995431856974e-06 2622
11.3137 1.113603287476237e-05 3338
12.0208 1.064023547237152e-05 3722
12.7279 1.055754174023949e-05 4170
13.435 9.681626128484014e-06 4358
14.1421 9.93590854830268e-06 5034
14.8492 9.847533609336734e-06 5714
15.5564 8.63531682126927e-06 5982
16.2635 7.821989850496528e-06 6602
16.9706 6.859913785198298e-06 7130
17.6777 6.36940043780212e-06 8034
18.3848 5.504705280960563e-06 8606
19.0919 4.609752844896013e-06 9066
19.799 4.184495967308595e-06 9962
20.5061 3.626893088327716e-06 10550
21.2132 3.111476994944997e-06 11226
21.9203 2.916365529450566e-06 12146
22.6274 2.490496788752406e-06 12303
23.3345 2.074519893246104e-06 12584
24.0416 1.553035220307458e-06 12120
24.7487 1.16622997807961e-06 11180
25.4559 9.154657282173194e-07 11096
26.163 6.540492040724547e-07 10056
26.8701 5.077247041987145e-07 9716
27.5772 3.64864837297136e-07 8604
28.2843 2.842271287724705e-07 8060
28.9914 2.170925316992099e-07 7320
29.6985 1.566399980405004e-07 6356
30.4056 1.163166531821239e-07 5348
31.1127 7.940767006022947e-08 4308
31.8198 5.326134078565861e-08 3563
32.5269 3.035032872946814e-08 2448
33.234 1.770389979104818e-08 1868
33.9411 1.099493453232323e-08 1358
34.6482 6.897431792728872e-09 1062
35.3554 4.328391288247959e-09 776
36.0625 2.240019661572157e-09 432
36.7696 1.115985506184488e-09 200
37.4767 7.163577365923678e-10 168
38.1838 2.054177228053782e-10 56
38.8909 3.367755518674568e-11 7

0.707107 3.852592550506861e-07 18
1.41421 4.717494065911539e-07 62
2.12132 1.204303484954311e-06 98
2.82843 2.698327502530488e-06 210
3.53554 2.635354335687453e-06 350
4.24264 2.762395569101276e-06 450
4.94975 3.188015965355822e-06 602
5.65686 3.99488172489078e-06 762
6.36396 5.343034092750088e-06 1142
7.07107 5.667435211001213e-06 1250
7.77818 6.519126262731463e-06 1458
8.48528 7.633283275453009e-06 1814
9.19239 8.769226288103192e-06 2178
9.8995 9.23930053708196e-06 2498
10.6066 9.36744195929298e-06 2622
11.3137 1.12848593005222e-05 3338
12.0208 1.070615040792369e-05 3722
12.7279 1.088092654173183e-05 4170
13.435 1.003560686887181e-05 4358
14.1421 1.020412703247105e-05 5034
14.8492 1.012480495311897e-05 5714
15.5564 8.739249636440104e-06 5982
16.2635 8.040461636520962e-06 6602
16.9706 7.121953808169158e-06 7130
17.6777 6.607888209651269e-06 8034
18.3848 5.689155336725808e-06 8606
19.0919 4.913685908722086e-06 9066
19.799 4.285770318361015e-06 9962
20.5061 3.722127727187653e-06 10550
21.2132 3.210423035646558e-06 11226
21.9203 3.013504695756107e-06 12146
22.6274 2.563091139382495e-06 12303
23.3345 2.156729477270976e-06 12584
24.0416 1.638768614009416e-06 12120
24.7487 1.20048567117786e-06 11180
25.4559 9.475090508535688e-07 11096
26.163 6.86886806721471e-07 10056
26.8701 5.281571602653121e-07 9716
27.5772 3.875216948702697e-07 8604
28.2843 3.000418981258422e-07 8060
28.9914 2.341573110891268e-07 7320
29.6985 1.675756822186113e-07 6356
30.4056 1.239852210865579e-07 5348
31.1127 8.009116340875575e-08 4308
31.8198 5.71677592328163e-08 3563
32.5269 3.092035871029362e-08 2448
33.234 1.820916542842453e-08 1868
33.9411 1.175920956202635e-08 1358
34.6482 7.579002608677312e-09 1062
35.3554 4.559007789824413e-09 776
36.0625 2.342800459759224e-09 432
36.7696 1.075391442189223e-09 200
37.4767 7.367376523661649e-10 168
38.1838 2.156618818312109e-10 56
38.8909 3.523767827390257e-11 7

0.707107 3.094981288439827e-07 18
1.41421 6.399237043344085e-07 62
2.12132 1.0873651285025e-06 98
2.82843 2.616933745276202e-06 210
3.53554 2.748190632624579e-06 350
4.24264 2.89764462136954e-06 450
4.94975 3.323155363393779e-06 602
5.65686 3.903747293207002e-06 762
6.36396 5.476492883111318e-06 1142
7.07107 5.80408645072827e-06 1250
7.77818 6.642309927884648e-06 1458
8.48528 7.88946569354363e-06 1814
9.19239 8.866958896782154e-06 2178
9.8995 9.59332078544055e-06 2498
10.6066 9.292855258067075e-06 2622
11.3137 1.107830719855415e-05 3338
12.0208 1.084786293409199e-05 3722
12.7279 1.113891719030884e-05 4170
13.435 1.007682401495303e-05 4358
14.1421 1.012167843661341e-05 5034
14.8492 1.010522001504407e-05 5714
15.5564 8.603377681019863e-06 5982
16.2635 8.16059608605809e-06 6602
16.9706 7.212806494104827e-06 7130
17.6777 6.666712294179836e-06 8034
18.3848 5.883908020070539e-06 8606
19.0919 4.955078690084957e-06 9066
19.799 4.374313433979033e-06 9962
20.5061 3.809654289257253e-06 10550
21.2132 3.324330251318796e-06 11226
21.9203 3.06014544213035e-06 12146
22.6274 2.603485719268102e-06 12303
23.3345 2.230686239898559e-06 12584
24.0416 1.690047968295252e-06 12120
24.7487 1.233284125595864e-06 11180
25.4559 9.692235785082591e-07 11096
26.163 7.143287222778194e-07 10056
26.8701 5.572213194443226e-07 9716
27.5772 3.98814857407926e-07 8604
28.2843 3.124615915086914e-07 8060
28.9914 2.409143759628932e-07 7320
29.6985 1.702009087356849e-07 6356
30.4056 1.274486699602345e-07 5348
31.1127 8.659533720490399e-08 4308
31.8198 5.902061946119439e-08 3563
32.5269 3.251188600696115e-08 2448
33.234 2.002726728936032e-08 1868
33.9411 1.174702491795139e-08 1358
34.6482 7.570447340088163e-09 1062
35.3554 4.994875044640527e-09 776
36.0625 2.280989177852793e-09 432
36.7696 1.08059943323611e-09 200
37.4767 7.626847853158468e-10 168
38.1838 2.521169884220008e-10 56
38.8909 2.929115666734437e-11 7

0.707107 2.958159306111945e-07 18
1.41421 6.015122554212618e-07 62
2.12132 1.168995475077369e-06 98
2.82843 2.588305668469953e-06 210
3.53554 2.529075538732681e-06 350
4.24264 2.85977562010258e-06 450
4.94975 3.66226928275451e-06 602
5.65686 3.898115403619406e-06 762
6.36396 5.533679508216341e-06 1142
7.07107 5.894336160707441e-06 1250
7.77818 6.593626810432585e-06 1458
8.48528 8.061144842554403e-06 1814
9.19239 8.865571712561574e-06 2178
9.8995 9.634183697915487e-06 2498
10.6066 9.442490027729466e-06 2622
11.3137 1.145113112278908e-05 3338
12.0208 1.10200427884098e-05 3722
12.7279 1.124155153816674e-05 4170
13.435 1.029908031587883e-05 4358
14.1421 1.047085454529418e-05 5034
14.8492 1.03854174452979e-05 5714
15.5564 8.950206287693632e-06 5982
16.2635 8.307044923731044e-06 6602
16.9706 7.394387475037947e-06 7130
17.6777 6.885119361508509e-06 8034
18.3848 5.92755513060969e-06 8606
19.0919 5.060970350810894e-06 9066
19.799 4.444063064288889e-06 9962
20.5061 3.925979131589235e-06 10550
21.2132 3.436395044092455e-06 11226
21.9203 3.1490519648136e-06 12146
22.6274 2.695706048651314e-06 12303
23.3345 2.283228291483198e-06 12584
24.0416 1.729846849045683e-06 12120
24.7487 1.279963764561996e-06 11180
25.4559 1.011701359168411e-06 11096
26.163 7.280439646180742e-07 10056
26.8701 5.757916411336693e-07 9716
27.5772 4.118623264730898e-07 8604
28.2843 3.211462413458109e-07 8060
28.9914 2.472592218002373e-07 7320
29.6985 1.785974033980233e-07 6356
30.4056 1.316544566660378e-07 5348
31.1127 9.135326227960181e-08 4308
31.8198 6.146820071157066e-08 3563
32.5269 3.420914889307622e-08 2448
33.234 2.128292949082187e-08 1868
33.9411 1.249398110340339e-08 1358
34.6482 8.661548727702702e-09 1062
35.3554 5.187497006584298e-09 776
36.0625 2.414303208002467e-09 432
36.7696 1.117415661655129e-09 200
37.4767 8.358858231043811e-10 168
38.1838 2.520590952624222e-10 56
38.8909 2.953750954541525e-11 7

0.707107 4.039843664198157e-07 18
1.41421 5.218612089721102e-07 62
2.12132 1.335358870694912e-06 98
2.82843 2.604048283174664e-06 210
3.53554 2.750772955837472e-06 350
4.24264 2.851025464327619e-06 450
4.94975 3.439886893483063e-06 602
5.65686 3.944794024213096e-06 762
6.36396 5.576913316266586e-06 1142
7.07107 5.708054210992182e-06 1250
7.77818 6.601074981563856e-06 1458
8.48528 7.883822881488132e-06 1814
9.19239 8.924071590719731e-06 2178
9.8995 9.823778028857952e-06 2498
10.6066 9.691189222075833e-06 2622
11.3137 1.175468079503558e-05 3338
12.0208 1.104749344496355e-05 3722
12.7279 1.115094150567963e-05 4170
13.435 1.020119982277883e-05 4358
14.1421 1.061050902130683e-05 5034
14.8492 1.057040380087745e-05 5714
15.5564 9.039099372439538e-06 5982
16.2635 8.621877834353086e-06 6602
16.9706 7.448982651823641e-06 7130
17.6777 6.973724891034096e-06 8034
18.3848 5.974257620886424e-06 8606
19.0919 5.160526898910888e-06 9066
19.799 4.62582476563229e-06 9962
20.5061 4.012980203080063e-06 10550
21.2132 3.456074093713132e-06 11226
21.9203 3.230134888533069e-06 12146
22.6274 2.799173170710996e-06 12303
23.3345 2.331549473843597e-06 12584
24.0416 1.74532987475021e-06 12120
24.7487 1.283478353127988e-06 11180
25.4559 1.039659692670998e-06 11096
26.163 7.519848101401557e-07 10056
26.8701 5.889024880877269e-07 9716
27.5772 4.207573904348992e-07 8604
28.2843 3.364713913769229e-07 8060
28.9914 2.558089450528056e-07 7320
29.6985 1.887699453641481e-07 6356
30.4056 1.38558063940362e-07 5348
31.1127 9.357760087659593e-08 4308
31.8198 6.537616812354053e-08 3563
32.5269 3.523103995144854e-08 2448
33.234 2.200214322916619e-08 1868
33.9411 1.304085769600648e-08 1358
34.6482 8.419504120154022e-09 1062
35.3554 5.211076563850199e-09 776
36.0625 2.709582071205788e-09 432
36.7696 1.278828216888814e-09 200
37.4767 9.300761660631118e-10 168
38.1838 2.852442193605108e-10 56
38.8909 3.360173093498862e-11 7

0.707107 4.872377467311596e-07 18
1.41421 6.36366312146598e-07 62
2.12132 1.074315160764654e-06 98
2.82843 2.727488825219571e-06 210
3.53554 2.762529831322266e-06 350
4.24264 2.738400501611337e-06 450
4.94975 3.406971562511067e-06 602
5.65686 4.301117056431708e-06 762
6.36396 5.669965732167446e-06 1142
7.07107 5.497267139436632e-06 1250
7.77818 6.849075577242635e-06 1458
8.48528 8.205240528511986e-06 1814
9.19239 8.97954383260637e-06 2178
9.8995 9.938984698088037e-06 2498
10.6066 9.915507334093824e-06 2622
11.3137 1.184387239069044e-05 3338
12.0208 1.140613526536399e-05 3722
12.7279 1.151038006196755e-05 4170
13.435 1.057286491907453e-05 4358
14.1421 1.066684140926215e-05 5034
14.8492 1.073745536701089e-05 5714
15.5564 9.105184164331366e-06 5982
16.2635 8.672833123650882e-06 6602
16.9706 7.636054538871797e-06 7130
17.6777 7.152419416534036e-06 8034
18.3848 6.188978064396433e-06 8606
19.0919 5.20663275271469e-06 9066
19.799 4.699689825793433e-06 9962
20.5061 4.018105116253239e-06 10550
21.2132 3.496652272876436e-06 11226
21.9203 3.376216895935883e-06 12146
22.6274 2.851261128522019e-06 12303
23.3345 2.386512016036893e-06 12584
24.0416 1.837605932617113e-06 12120
24.7487 1.350937924443688e-06 11180
25.4559 1.0619196984401e-06 11096
26.163 7.823804049815645e-07 10056
26.8701 6.107173927440064e-07 9716
27.5772 4.423290276751326e-07 8604
28.2843 3.445740023458857e-07 8060
28.9914 2.650002913036788e-07 7320
29.6985 1.943001946543398e-07 6356
30.4056 1.439176802165843e-07 5348
31.1127 9.656664579799652e-08 4308
31.8198 6.794876084508309e-08 3563
32.5269 3.772918063520685e-08 2448
33.234 2.298243133027148e-08 1868
33.9411 1.422758095154958e-08 1358
34.6482 8.773201171805312e-09 1062
35.3554 5.774827656933462e-09 776
36.0625 2.925774195966404e-09 432
36.7696 1.29861053670213e-09 200
37.4767 9.760381713294569e-10 168
38.1838 2.810044074408208e-10 56
38.8909 3.106289361745239e-11 7

0.707107 4.317040992867886e-07 18
1.41421 5.395923796771348e-07 62
2.12132 1.179377410001924e-06 98
2.82843 2.862503645573369e-06 210
3.53554 2.771072173425645e-06 350
4.24264 2.87119746373128e-06 450
4.94975 3.495802422860933e-06 602
5.65686 3.986890323784876e-06 762
6.36396 5.68931644747598e-06 1142
7.07107 5.81277500404597e-06 1250
7.77818 6.596343975443068e-06 1458
8.48528 8.285110644617569e-06 1814
9.19239 8.929365666381835e-06 2178
9.8995 1.026857635191042e-05 2498
10.6066 1.005135526216024e-05 2622
11.3137 1.172907057931196e-05 3338
12.0208 1.153162370482073e-05 3722
12.7279 1.189794293824161e-05 4170
13.435 1.069527941151642e-05 4358
14.1421 1.096082816819794e-05 5034
14.8492 1.069976286190937e-05 5714
15.5564 9.422273371525677e-06 5982
16.2635 8.674357852559854e-06 6602
16.9706 7.696658339180246e-06 7130
17.6777 7.2904475282651e-06 8034
18.3848 6.166830290262432e-06 8606
19.0919 5.351060872584175e-06 9066
19.799 4.822770273144816e-06 9962
20.5061 4.113182264227023e-06 10550
21.2132 3.676077079440575e-06 11226
21.9203 3.349047421983314e-06 12146
22.6274 2.903453019184869e-06 12303
23.3345 2.457350683457039e-06 12584
24.0416 1.849701235495393e-06 12120
24.7487 1.392985920247881e-06 11180
25.4559 1.097737850513837e-06 11096
26.163 8.030820500617123e-07 10056
26.8701 6.230889952003054e-07 9716
27.5772 4.528775815918522e-07 8604
28.2843 3.598345975502558e-07 8060
28.9914 2.683191130772968e-07 7320
29.6985 2.0099160854453e-07 6356
30.4056 1.492167739864744e-07 5348
31.1127 1.032930412453795e-07 4308
31.8198 7.032524476082436e-08 3563
32.5269 3.659770559994602e-08 2448
33.234 2.372799022463298e-08 1868
33.9411 1.437869181600735e-08 1358
34.6482 9.089596358270686e-09 1062
35.3554 6.518896300658335e-09 776
36.0625 3.089274139624755e-09 432
36.7696 1.333113150295171e-09 200
37.4767 9.689778684275323e-10 168
38.1838 2.908081514184886e-10 56
38.8909 2.610902212959366e-11 7

0.707107 3.007090281580089e-07 18
1.41421 6.052540828721739e-07 62
2.12132 1.250513053982306e-06 98
2.82843 2.794618026590205e-06 210
3.53554 2.803528342364901e-06 350
4.24264 2.853403940051536e-06 450
4.94975 3.503459593036785e-06 602
5.65686 4.090227246303999e-06 762
6.36396 5.57430782040129e-06 1142
7.07107 5.967422422875798e-06 1250
7.77818 6.837741547093055e-06 1458
8.48528 8.137910915992194e-06 1814
9.19239 9.015066907583323e-06 2178
9.8995 1.021182655224772e-05 2498
10.6066 9.723224991886887e-06 2622
11.3137 1.195919088825901e-05 3338
12.0208 1.169916737008993e-05 3722
12.7279 1.182563636499638e-05 4170
13.435 1.061796950580849e-05 4358
14.1421 1.10017125236306e-05 5034
14.8492 1.088281180504187e-05 5714
15.5564 9.314364587513221e-06 5982
16.2635 8.868577224818464e-06 6602
16.9706 7.834820198741658e-06 7130
17.6777 7.393689491020185e-06 8034
18.3848 6.264590282669105e-06 8606
19.0919 5.425121444978679e-06 9066
19.799 4.881634593518356e-06 9962
20.5061 4.247309764781657e-06 10550
21.2132 3.723506335100011e-06 11226
21.9203 3.492660216728491e-06 12146
22.6274 2.966401317896821e-06 12303
23.3345 2.548715692378272e-06 12584
24.0416 1.918223627068234e-06 12120
24.7487 1.419208466112328e-06 11180
25.4559 1.123541324956578e-06 11096
26.163 8.181896771775132e-07 10056
26.8701 6.532280583393365e-07 9716
27.5772 4.730739789557015e-07 8604
28.2843 3.668157033262547e-07 8060
28.9914 2.865598818779323e-07 7320
29.6985 2.067497717191403e-07 6356
30.4056 1.591413642208196e-07 5348
31.1127 1.050249138868876e-07 4308
31.8198 7.36941506656608e-08 3563
32.5269 3.990078162010568e-08 2448
33.234 2.463803171694174e-08 1868
33.9411 1.479693120407394e-08 1358
34.6482 9.65611578375377e-09 1062
35.3554 6.445581738331868e-09 776
36.0625 3.178594394535203e-09 432
36.7696 1.340788992158529e-09 200
37.4767 1.005395277682614e-09 168
38.1838 2.869066223408031e-10 56
38.8909 4.330930778607903e-11 7

0.707107 2.798407007650808e-07 18
1.41421 7.038098039782924e-07 62
2.12132 1.167221751484571e-06 98
2.82843 2.789796684729464e-06 210
3.53554 2.693195137772864e-06 350
4.24264 2.909342900905655e-06 450
4.94975 3.454052235045881e-06 602
5.65686 4.229266653207274e-06 762
6.36396 5.781014715916723e-06 1142
7.07107 5.998963020658508e-06 1250
7.77818 7.011162627528821e-06 1458
8.48528 8.496100485915104e-06 1814
9.19239 9.151990273138556e-06 2178
9.8995 1.012554066538395e-05 2498
10.6066 1.029094000133699e-05 2622
11.3137 1.229772547468481e-05 3338
12.0208 1.191560057388541e-05 3722
12.7279 1.190950133605194e-05 4170
13.435 1.083718819564395e-05 4358
14.1421 1.127734941715632e-05 5034
14.8492 1.115986657947879e-05 5714
15.5564 9.550805738610238e-06 5982
16.2635 8.919895706892929e-06 6602
16.9706 7.93289113903696e-06 7130
17.6777 7.503687724681378e-06 8034
18.3848 6.340833053906675e-06 8606
19.0919 5.487824177590753e-06 9066
19.799 4.874781841614297e-06 9962
20.5061 4.265783560835116e-06 10550
21.2132 3.766715938650686e-06 11226
21.9203 3.512463164278676e-06 12146
22.6274 3.056709767043886e-06 12303
23.3345 2.556967781489882e-06 12584
24.0416 1.936023382209535e-06 12120
24.7487 1.455582143980922e-06 11180
25.4559 1.150718916903173e-06 11096
26.163 8.504284922772944e-07 10056
26.8701 6.664915747710639e-07 9716
27.5772 4.935234970819354e-07 8604
28.2843 3.765241171016592e-07 8060
28.9914 2.996762319890387e-07 7320
29.6985 2.111575654921102e-07 6356
30.4056 1.618610243651173e-07 5348
31.1127 1.107239746498975e-07 4308
31.8198 7.545196244871864e-08 3563
32.5269 4.156731095022397e-08 2448
33.234 2.512247926481127e-08 1868
33.9411 1.545483192540482e-08 1358
34.6482 1.010407416447391e-08 1062
35.3554 6.774004281115231e-09 776
36.0625 3.21538850856884e-09 432
36.7696 1.21671030127895e-09 200
37.4767 9.889756578400014e-10 168
38.1838 3.214862347062268e-10 56
38.8909 3.27554688782937e-11 7

0.707107 3.872221421949641e-07 18
1.41421 5.276799786425093e-07 62
2.12132 1.245089885270287e-06 98
2.82843 2.894407450652175e-06 210
3.53554 2.876775660331326e-06 350
4.24264 2.950435864828412e-06 450
4.94975 3.481017229354866e-06 602
5.65686 4.193845126518399e-06 762
6.36396 5.941249343969286e-06 1142
7.07107 5.889567825818069e-06 1250
7.77818 7.237548601110906e-06 1458
8.48528 8.33001750783518e-06 1814
9.19239 9.450893991855356e-06 2178
9.8995 1.019674251844474e-05 2498
10.6066 1.017451608535804e-05 2622
11.3137 1.214758156923226e-05 3338
12.0208 1.178774037255716e-05 3722
12.7279 1.20357167814868e-05 4170
13.435 1.103392188068837e-05 4358
14.1421 1.106839541978894e-05 5034
14.8492 1.125872054893429e-05 5714
15.5564 9.622001862058971e-06 5982
16.2635 9.118496158810846e-06 6602
16.9706 8.120463797670356e-06 7130
17.6777 7.581116028731192e-06 8034
18.3848 6.582465818651296e-06 8606
19.0919 5.561920716620072e-06 9066
19.799 4.970727119817128e-06 9962
20.5061 4.373166978577396e-06 10550
21.2132 3.824719717129492e-06 11226
21.9203 3.57297499479467e-06 12146
22.6274 3.158050164282363e-06 12303
23.3345 2.658901717127585e-06 12584
24.0416 2.030013446601751e-06 12120
24.7487 1.482486114851955e-06 11180
25.4559 1.185190715497294e-06 11096
26.163 8.800613792089805e-07 10056
26.8701 6.770166525892073e-07 9716
27.5772 5.015850374103863e-07 8604
28.2843 3.936823685979626e-07 8060
28.9914 3.020897078679787e-07 7320
29.6985 2.223508932066839e-07 6356
30.4056 1.633115552444064e-07 5348
31.1127 1.164583894547063e-07 4308
31.8198 8.09441627249193e-08 3563
32.5269 4.260562691149878e-08 2448
33.234 2.702414449401702e-08 1868
33.9411 1.688472972892495e-08 1358
34.6482 1.041156713613898e-08 1062
35.3554 6.6748507839359e-09 776
36.0625 3.262804654160822e-09 432
36.7696 1.309913751678441e-09 200
37.4767 1.045301596448895e-09 168
38.1838 3.574831374187585e-10 56
38.8909 4.364988827715058e-11 7

0.707107 4.651473960484084e-07 18
1.41421 6.75425050939518e-07 62
2.12132 1.075722568586885e-06 98
2.82843 2.913663497484095e-06 210
3.53554 2.774992518412763e-06 350
4.24264 3.065674524924501e-06 450
4.94975 3.741714947009335e-06 602
5.65686 4.234615752245945e-06 762
6.36396 5.961336255280225e-06 1142
7.07107 6.135456276723891e-06 1250
7.77818 7.048536529275564e-06 1458
8.48528 8.247082143851592e-06 1814
9.19239 9.595572285677071e-06 2178
9.8995 1.028895719721977e-05 2498
10.6066 1.01476362307134e-05 2622
11.3137 1.255463214264376e-05 3338
12.0208 1.208341733456341e-05 3722
12.7279 1.234071358681263e-05 4170
13.435 1.116801455582059e-05 4358
14.1421 1.143243021906743e-05 5034
14.8492 1.118457923637279e-05 5714
15.5564 9.745761059691925e-06 5982
16.2635 9.2072531830744e-06 6602
16.9706 8.057147200668659e-06 7130
17.6777 7.64730456105984e-06 8034
18.3848 6.684432878606563e-06 8606
19.0919 5.691525822955482e-06 9066
19.799 5.121418145193527e-06 9962
20.5061 4.464956729642998e-06 10550
21.2132 3.916624613409506e-06 11226
21.9203 3.725517266593881e-06 12146
22.6274 3.183268847691291e-06 12303
23.3345 2.661330952880444e-06 12584
24.0416 2.055046189988188e-06 12120
24.7487 1.507088017309119e-06 11180
25.4559 1.21378602318682e-06 11096
26.163 8.885922108312128e-07 10056
26.8701 6.95432300846441e-07 9716
27.5772 5.169919759457956e-07 8604
28.2843 4.00860969418833e-07 8060
28.9914 3.133467251845531e-07 7320
29.6985 2.281779416387699e-07 6356
30.4056 1.714897055698002e-07 5348
31.1127 1.166476305543533e-07 4308
31.8198 8.068251733295471e-08 3563
32.5269 4.456491707898221e-08 2448
33.234 2.770416141341205e-08 1868
33.9411 1.737746847767231e-08 1358
34.6482 1.096166572456209e-08 1062
35.3554 7.289608756312808e-09 776
36.0625 3.395755525723549e-09 432
36.7696 1.553668800964083e-09 200
37.4767 1.153600270527623e-09 168
38.1838 3.048586682797855e-10 56
38.8909 4.693167100460121e-11 7

0.707107 4.026235076586756e-07 18
1.41421 6.520697095829694e-07 62
2.12132 1.218978941732568e-06 98
2.82843 2.662692778071675e-06 210
3.53554 2.683091050101442e-06 350
4.24264 2.847936979537541e-06 450
4.94975 3.632904458138451e-06 602
5.65686 4.244065875155916e-06 762
6.36396 6.188786558844706e-06 1142
7.07107 6.266226284682274e-06 1250
7.77818 7.160053792283488e-06 1458
8.48528 8.581408522200636e-06 1814
9.19239 9.674336005582005e-06 2178
9.8995 1.036134401926933e-05 2498
10.6066 1.017911053151409e-05 2622
11.3137 1.238290290277988e-05 3338
12.0208 1.208425035730405e-05 3722
12.7279 1.242358612074205e-05 4170
13.435 1.129568495375797e-05 4358
14.1421 1.15248287281178e-05 5034
14.8492 1.136165464053812e-05 5714
15.5564 9.8171787625249e-06 5982
16.2635 9.288744348156151e-06 6602
16.9706 8.12143674878679e-06 7130
17.6777 7.896913628431688e-06 8034
18.3848 6.63464626615147e-06 8606
19.0919 5.681681253210759e-06 9066
19.799 5.185699328729864e-06 9962
20.5061 4.491991201600754e-06 10550
21.2132 3.981169646066114e-06 11226
21.9203 3.748135158005622e-06 12146
22.6274 3.229519913857668e-06 12303
23.3345 2.753886435603575e-06 12584
24.0416 2.080733864449082e-06 12120
24.7487 1.54026262506412e-06 11180
25.4559 1.248798371808708e-06 11096
26.163 9.137418472363378e-07 10056
26.8701 7.107396520990916e-07 9716
27.5772 5.283863191347557e-07 8604
28.2843 4.188493613375909e-07 8060
28.9914 3.201515025772935e-07 7320
29.6985 2.341755244539187e-07 6356
30.4056 1.776160971993453e-07 5348
31.1127 1.225954397922802e-07 4308
31.8198 8.499838973056242e-08 3563
32.5269 4.697271457734773e-08 2448
33.234 2.884020380984631e-08 1868
33.9411 1.713417239454052e-08 1358
34.6482 1.110725679585948e-08 1062
35.3554 7.800035857039134e-09 776
36.0625 3.730497781131712e-09 432
36.7696 1.547752492874467e-09 200
37.4767 1.19710697844523e-09 168
38.1838 3.100590396164689e-10 56
38.8909 5.024297679034481e-11 7

0.707107 3.150350776401841e-07 18
1.41421 6.231600547621456e-07 62
2.12132 1.324792072253033e-06 98
2.82843 3.059607904629828e-06 210
3.53554 2.998390809686678e-06 350
4.24264 2.915251772106204e-06 450
4.94975 3.532181836972972e-06 602
5.65686 4.116041956908103e-06 762
6.36396 6.218327263840121e-06 1142
7.07107 6.243386648705519e-06 1250
7.77818 7.119617103927412e-06 1458
8.48528 8.225863258707583e-06 1814
9.19239 9.69907989629332e-06 2178
9.8995 1.075732412465114e-05 2498
10.6066 1.016277572948709e-05 2622
11.3137 1.226515186736034e-05 3338
12.0208 1.198767452393447e-05 3722
12.7279 1.252790407904636e-05 4170
13.435 1.113270564493932e-05 4358
14.1421 1.159483521227468e-05 5034
14.8492 1.150695090627472e-05 5714
15.5564 1.002357264682118e-05 5982
16.2635 9.3207069100933e-06 6602
16.9706 8.303722959785447e-06 7130
17.6777 7.893456303419598e-06 8034
18.3848 6.798697225997767e-06 8606
19.0919 5.813725989399798e-06 9066
19.799 5.212756391961919e-06 9962
20.5061 4.605674490245917e-06 10550
21.2132 4.02574996943648e-06 11226
21.9203 3.823360216938586e-06 12146
22.6274 3.302103954296035e-06 12303
23.3345 2.805010881615461e-06 12584
24.0416 2.111437042033471e-06 12120
24.7487 1.594061036193891e-06 11180
25.4559 1.255314717112156e-06 11096
26.163 9.335222335684625e-07 10056
26.8701 7.329499355243112e-07 9716
27.5772 5.402817981885463e-07 8604
28.2843 4.268156464399572e-07 8060
28.9914 3.277749123141227e-07 7320
29.6985 2.413250793836627e-07 6356
30.4056 1.829371249570982e-07 5348
31.1127 1.238761346201618e-07 4308
31.8198 8.719077618162772e-08 3563
32.5269 4.776688835656829e-08 2448
33.234 2.876738942557553e-08 1868
33.9411 1.788319821856796e-08 1358
34.6482 1.136775679474717e-08 1062
35.3554 7.807437515071633e-09 776
36.0625 4.091854258711515e-09 432
36.7696 1.460790956190789e-09 200
37.4767 1.330544389927174e-09 168
38.1838 2.853215383403354e-10 56
38.8909 7.858348965377232e-11 7

0.707107 3.39851701022209e-07 18
1.41421 7.314341553934538e-07 62
2.12132 1.06898529086671e-06 98
2.82843 3.128546113963324e-06 210
3.53554 2.917583443883592e-06 350
4.24264 2.75775524866647e-06 450
4.94975 3.652524119174172e-06 602
5.65686 4.15643777624345e-06 762
6.36396 6.121592032695239e-06 1142
7.07107 6.110788293747698e-06 1250
7.77818 7.24413474329674e-06 1458
8.48528 8.545111207037462e-06 1814
9.19239 9.829708615765714e-06 2178
9.8995 1.07985973997163e-05 2498
10.6066 1.05403771185385e-05 2622
11.3137 1.287556003840684e-05 3338
12.0208 1.245125843008158e-05 3722
12.7279 1.245788051529858e-05 4170
13.435 1.13847096827907e-05 4358
14.1421 1.135523858466421e-05 5034
14.8492 1.185282689415492e-05 5714
15.5564 1.001556045478298e-05 5982
16.2635 9.517642763029954e-06 6602
16.9706 8.386108972268125e-06 7130
17.6777 7.958814693791337e-06 8034
18.3848 6.93361948707873e-06 8606
19.0919 5.936975575545116e-06 9066
19.799 5.243952329795148e-06 9962
20.5061 4.688091456915181e-06 10550
21.2132 4.138947019626068e-06 11226
21.9203 3.857534858924235e-06 12146
22.6274 3.355522506660446e-06 12303
23.3345 2.862965831185577e-06 12584
24.0416 2.136329042090089e-06 12120
24.7487 1.619142849414379e-06 11180
25.4559 1.286798972791807e-06 11096
26.163 9.608892119404492e-07 10056
26.8701 7.483281267045809e-07 9716
27.5772 5.545327359463925e-07 8604
28.2843 4.290854689975455e-07 8060
28.9914 3.36059993120244e-07 7320
29.6985 2.506240815009486e-07 6356
30.4056 1.860350194394755e-07 5348
31.1127 1.263441617756547e-07 4308
31.8198 9.036822267452326e-08 3563
32.5269 4.821743506514007e-08 2448
33.234 2.957154768294044e-08 1868
33.9411 1.915471253255907e-08 1358
34.6482 1.145341997396982e-08 1062
35.3554 7.620196572322617e-09 776
36.0625 4.318647313837521e-09 432
36.7696 1.756485445587318e-09 200
37.4767 1.322806545931892e-09 168
38.1838 2.781082565013835e-10 56
38.8909 7.47562949310603e-11 7

