1:binCentralValue 2:valuesAverage 3:multiplicity
0.707107 0 18
1.41421 0 62
2.12132 0 98
2.82843 0 210
3.53554 0 350
4.24264 0 450
4.94975 0 602
5.65686 0 762
6.36396 0 1142
7.07107 0 1250
7.77818 0 1458
8.48528 0 1814
9.19239 0 2178
9.8995 0 2498
10.6066 0 2622
11.3137 0 3338
12.0208 0 3722
12.7279 0 4170
13.435 0 4358
14.1421 0 5034
14.8492 0 5714
15.5564 0 5982
16.2635 0 6602
16.9706 0 7130
17.6777 0 8034
18.3848 0 8606
19.0919 0 9066
19.799 0 9962
20.5061 0 10550
21.2132 0 11226
21.9203 0 12146
22.6274 0 12303
23.3345 0 12584
24.0416 0 12120
24.7487 0 11180
25.4559 0 11096
26.163 0 10056
26.8701 0 9716
27.5772 0 8604
28.2843 0 8060
28.9914 0 7320
29.6985 0 6356
30.4056 0 5348
31.1127 0 4308
31.8198 0 3563
32.5269 0 2448
33.234 0 1868
33.9411 0 1358
34.6482 0 1062
35.3554 0 776
36.0625 0 432
36.7696 0 200
37.4767 0 168
38.1838 0 56
38.8909 0 7

0.707107 3.317999679591185e-28 18
1.41421 7.52103454919802e-28 62
2.12132 2.376574743866192e-27 98
2.82843 5.82529607457853e-27 210
3.53554 5.860102313747277e-27 350
4.24264 8.740407417071992e-27 450
4.94975 4.338165745497818e-27 602
5.65686 2.398750376930841e-27 762
6.36396 7.89845133891906e-27 1142
7.07107 3.535638708352617e-27 1250
7.77818 4.708221068445477e-27 1458
8.48528 1.974088427122523e-27 1814
9.19239 1.062463179504117e-27 2178
9.8995 6.520290413443667e-29 2498
10.6066 8.63294415941931e-30 2622
11.3137 3.858810206270144e-31 3338
12.0208 6.903189732506876e-40 3722
12.7279 1.952818448687465e-40 4170
13.435 5.60654344004425e-41 4358
14.1421 2.255023267745946e-41 5034
14.8492 1.152675458022292e-41 5714
15.5564 2.788289752699525e-42 5982
16.2635 7.127426738403706e-43 6602
16.9706 3.546906625161076e-43 7130
17.6777 4.867312546797739e-43 8034
18.3848 6.124280283989908e-43 8606
19.0919 7.325191876360369e-43 9066
19.799 9.214404534041162e-43 9962
20.5061 1.044950299723418e-42 10550
21.2132 1.215793017085339e-42 11226
21.9203 1.44861569677901e-42 12146
22.6274 1.573014885261964e-42 12303
23.3345 1.66230524934167e-42 12584
24.0416 1.589779059910859e-42 12120
24.7487 1.475104716454544e-42 11180
25.4559 1.502833582503976e-42 11096
26.163 1.419852026359011e-42 10056
26.8701 1.410295328530104e-42 9716
27.5772 1.308605758175589e-42 8604
28.2843 1.290929867543618e-42 8060
28.9914 1.280793459527352e-42 7320
29.6985 1.188466105324054e-42 6356
30.4056 1.11421756483167e-42 5348
31.1127 9.269838438202035e-43 4308
31.8198 8.140858930593897e-43 3563
32.5269 5.861354330757473e-43 2448
33.234 4.521585294788728e-43 1868
33.9411 3.305684681212688e-43 1358
34.6482 2.722760828943798e-43 1062
35.3554 2.057067353400283e-43 776
36.0625 1.235232536729748e-43 432
36.7696 6.455109859697189e-44 200
37.4767 4.976460941996644e-44 168
38.1838 1.751363832508127e-44 56
38.8909 9.620295525753308e-46 7

0.707107 7.457508651325799e-28 18
1.41421 1.005815983696625e-27 62
2.12132 2.699433557560278e-27 98
2.82843 1.294748002460636e-26 210
3.53554 1.466405792721594e-26 350
4.24264 7.036299310431792e-27 450
4.94975 3.770891867602239e-27 602
5.65686 5.876084868287639e-27 762
6.36396 1.408852867825383e-26 1142
7.07107 9.540021752370945e-27 1250
7.77818 5.038679220863712e-27 1458
8.48528 2.240865888084022e-27 1814
9.19239 1.383011276925535e-27 2178
9.8995 2.385967605923048e-28 2498
10.6066 1.26713775544338e-29 2622
11.3137 3.277603364072732e-31 3338
12.0208 1.956932037592379e-39 3722
12.7279 6.37988212476645e-40 4170
13.435 1.928975383844985e-40 4358
14.1421 6.312146415979042e-41 5034
14.8492 1.991173150832766e-41 5714
15.5564 4.438670450480665e-42 5982
16.2635 9.600435097624714e-43 6602
16.9706 6.540187066791725e-43 7130
17.6777 8.522229704143206e-43 8034
18.3848 1.201740469086068e-42 8606
19.0919 1.621340241572703e-42 9066
19.799 1.952321224249582e-42 9962
20.5061 2.215460173174632e-42 10550
21.2132 2.574112763332419e-42 11226
21.9203 3.078298243965522e-42 12146
22.6274 3.317499534351969e-42 12303
23.3345 3.45197248071574e-42 12584
24.0416 3.296117174774985e-42 12120
24.7487 2.979931288828012e-42 11180
25.4559 3.079237355913643e-42 11096
26.163 2.849398367814e-42 10056
26.8701 2.795187028056219e-42 9716
27.5772 2.539325595963306e-42 8604
28.2843 2.473182576573723e-42 8060
28.9914 2.360335367832651e-42 7320
29.6985 2.137104702057118e-42 6356
30.4056 1.909434334149016e-42 5348
31.1127 1.629498969011854e-42 4308
31.8198 1.413433855614038e-42 3563
32.5269 1.003986206729016e-42 2448
33.234 7.822497117473557e-43 1868
33.9411 5.677884950678016e-43 1358
34.6482 4.813683845379913e-43 1062
35.3554 3.135093935958963e-43 776
36.0625 2.174170115057955e-43 432
36.7696 9.989747786811899e-44 200
37.4767 8.921978383505776e-44 168
38.1838 3.046950326350255e-44 56
38.8909 2.709020254624126e-45 7

0.707107 5.095162438725896e-28 18
1.41421 1.278740496203417e-27 62
2.12132 4.129636808373978e-27 98
2.82843 1.023513964281182e-26 210
3.53554 1.316939475999229e-26 350
4.24264 7.226657023275377e-27 450
4.94975 8.965194893644854e-27 602
5.65686 2.152797991872257e-26 762
6.36396 1.491293576238908e-26 1142
7.07107 7.852625607360215e-27 1250
7.77818 3.751049009608743e-27 1458
8.48528 2.037793813406959e-27 1814
9.19239 1.228128900834394e-27 2178
9.8995 1.712362378089719e-28 2498
10.6066 1.015166295992284e-29 2622
11.3137 2.82557663263275e-31 3338
12.0208 1.55785363309395e-39 3722
12.7279 4.843023799801026e-40 4170
13.435 1.383972356350811e-40 4358
14.1421 4.453451441611745e-41 5034
14.8492 1.377087587094056e-41 5714
15.5564 3.325379664791118e-42 5982
16.2635 1.142575487666158e-42 6602
16.9706 8.682303875612429e-43 7130
17.6777 1.266663444527919e-42 8034
18.3848 1.918606842472895e-42 8606
19.0919 2.360013242539464e-42 9066
19.799 2.724976792146372e-42 9962
20.5061 2.947435658119531e-42 10550
21.2132 3.530650074334837e-42 11226
21.9203 3.97914377489323e-42 12146
22.6274 4.198247342985431e-42 12303
23.3345 4.37502852851806e-42 12584
24.0416 3.81735217240913e-42 12120
24.7487 3.239287418842209e-42 11180
25.4559 3.134784327480847e-42 11096
26.163 2.774055002344716e-42 10056
26.8701 2.595156602565189e-42 9716
27.5772 2.229081293898186e-42 8604
28.2843 2.075387719521429e-42 8060
28.9914 1.976984752847364e-42 7320
29.6985 1.72477308272063e-42 6356
30.4056 1.525968104120505e-42 5348
31.1127 1.270161151228917e-42 4308
31.8198 1.118845017149742e-42 3563
32.5269 7.758781499363932e-43 2448
33.234 6.192280243608957e-43 1868
33.9411 4.487568041377439e-43 1358
34.6482 3.695670582816969e-43 1062
35.3554 2.681776247937216e-43 776
36.0625 1.62558578931366e-43 432
36.7696 7.402164141001009e-44 200
37.4767 6.772884728896119e-44 168
38.1838 2.629122815226558e-44 56
38.8909 1.009376562475335e-45 7

0.707107 2.859078647265092e-27 18
1.41421 1.390853040095947e-26 62
2.12132 1.241527031104071e-26 98
2.82843 4.676018187097655e-26 210
3.53554 1.181912828332328e-25 350
4.24264 7.709248618617063e-26 450
4.94975 1.031924318808449e-25 602
5.65686 9.891145794364771e-26 762
6.36396 2.740377905308797e-26 1142
7.07107 9.178070750338563e-27 1250
7.77818 5.102974265467351e-27 1458
8.48528 2.35050107588658e-27 1814
9.19239 1.280478445179678e-27 2178
9.8995 2.156603765244363e-28 2498
10.6066 1.148812969646663e-29 2622
11.3137 3.650716793745612e-31 3338
12.0208 2.274608970946426e-39 3722
12.7279 6.163658295201789e-40 4170
13.435 1.710548550751962e-40 4358
14.1421 5.877930045059145e-41 5034
14.8492 1.924846979840953e-41 5714
15.5564 4.974757967489381e-42 5982
16.2635 1.995096137801524e-42 6602
16.9706 1.723780183234547e-42 7130
17.6777 2.623360508843848e-42 8034
18.3848 3.666663629030174e-42 8606
19.0919 4.350787698309887e-42 9066
19.799 5.272750047356217e-42 9962
20.5061 5.902751168236539e-42 10550
21.2132 7.004284467548573e-42 11226
21.9203 7.822406111301893e-42 12146
22.6274 8.237171747382278e-42 12303
23.3345 8.024071558175139e-42 12584
24.0416 6.962271717212825e-42 12120
24.7487 5.559902624600139e-42 11180
25.4559 5.107284040909541e-42 11096
26.163 4.446319822748967e-42 10056
26.8701 4.02611058290242e-42 9716
27.5772 3.406149331560547e-42 8604
28.2843 3.012037205945587e-42 8060
28.9914 2.821966547726035e-42 7320
29.6985 2.452341848901693e-42 6356
30.4056 2.132838774684309e-42 5348
31.1127 1.796962245869033e-42 4308
31.8198 1.51308302664522e-42 3563
32.5269 1.056577903402518e-42 2448
33.234 8.414984062713138e-43 1868
33.9411 6.094163693640595e-43 1358
34.6482 5.20023227351781e-43 1062
35.3554 3.714597763191902e-43 776
36.0625 2.336612890356067e-43 432
36.7696 8.789495802885218e-44 200
37.4767 9.137980380017189e-44 168
38.1838 2.797320467412856e-44 56
38.8909 1.409052544614588e-45 7

0.707107 3.678873276033308e-27 18
1.41421 3.360515695266654e-26 62
2.12132 2.177501847650889e-25 98
2.82843 4.237346124588414e-25 210
3.53554 5.542963726118626e-26 350
4.24264 1.073264432065089e-25 450
4.94975 3.67285066234938e-25 602
5.65686 2.380339699429756e-25 762
6.36396 2.860867478428626e-26 1142
7.07107 7.293308807693303e-27 1250
7.77818 4.166828849348823e-27 1458
8.48528 2.225024448615437e-27 1814
9.19239 1.228382262934206e-27 2178
9.8995 2.069831716334897e-28 2498
10.6066 1.096308653794459e-29 2622
11.3137 3.203812954955294e-31 3338
12.0208 3.223586271272975e-39 3722
12.7279 6.963040708760253e-40 4170
13.435 1.791728368899635e-40 4358
14.1421 5.708783081030539e-41 5034
14.8492 1.956502917518648e-41 5714
15.5564 6.360781338190323e-42 5982
16.2635 4.099424887142893e-42 6602
16.9706 4.200418930926788e-42 7130
17.6777 5.471445097806976e-42 8034
18.3848 7.953563828437382e-42 8606
19.0919 1.052818194862374e-41 9066
19.799 1.18241357810292e-41 9962
20.5061 1.360582292396746e-41 10550
21.2132 1.600118990978701e-41 11226
21.9203 1.878142042793542e-41 12146
22.6274 1.902723944470908e-41 12303
23.3345 1.829503974219186e-41 12584
24.0416 1.484582133561375e-41 12120
24.7487 1.206531406525419e-41 11180
25.4559 1.055642027616516e-41 11096
26.163 8.701837840037464e-42 10056
26.8701 7.228980469365648e-42 9716
27.5772 5.658606090236654e-42 8604
28.2843 4.7661029924729e-42 8060
28.9914 4.26442256138522e-42 7320
29.6985 3.61073683199564e-42 6356
30.4056 3.047287164655769e-42 5348
31.1127 2.458947302791949e-42 4308
31.8198 2.060612305598394e-42 3563
32.5269 1.425513887743208e-42 2448
33.234 1.091491805378056e-42 1868
33.9411 8.272365663638766e-43 1358
34.6482 6.703647161997827e-43 1062
35.3554 4.628005120179303e-43 776
36.0625 2.842951765622605e-43 432
36.7696 1.223082793289548e-43 200
37.4767 1.18808798347025e-43 168
38.1838 3.193556397479661e-44 56
38.8909 2.867979490969196e-45 7

0.707107 7.373832574855034e-26 18
1.41421 2.596818181258481e-25 62
2.12132 1.46687512427375e-25 98
2.82843 2.254329459682263e-24 210
3.53554 7.13876059851578e-24 350
4.24264 5.046262640252342e-24 450
4.94975 5.385734408293274e-24 602
5.65686 1.360822638136863e-24 762
6.36396 4.803295737768437e-26 1142
7.07107 7.401546913995919e-27 1250
7.77818 4.326119743894282e-27 1458
8.48528 2.156696788705571e-27 1814
9.19239 1.406652732329869e-27 2178
9.8995 1.902051445695017e-28 2498
10.6066 9.971522681669184e-30 2622
11.3137 3.533082937918388e-31 3338
12.0208 1.633688941884539e-38 3722
12.7279 1.965009456320561e-39 4170
13.435 3.747646471734011e-40 4358
14.1421 8.578148957640739e-41 5034
14.8492 2.846761113780106e-41 5714
15.5564 1.182694895472641e-41 5982
16.2635 8.859850796947243e-42 6602
16.9706 1.023871447608979e-41 7130
17.6777 1.447101552409659e-41 8034
18.3848 2.309095006262468e-41 8606
19.0919 2.938994266503155e-41 9066
19.799 3.385527018894188e-41 9962
20.5061 3.938468855929514e-41 10550
21.2132 4.915295883667775e-41 11226
21.9203 5.741322230223681e-41 12146
22.6274 6.086234193164859e-41 12303
23.3345 6.184939036137924e-41 12584
24.0416 5.692727642423669e-41 12120
24.7487 4.936198555841588e-41 11180
25.4559 4.908406830111993e-41 11096
26.163 4.294232121944899e-41 10056
26.8701 4.047572961524382e-41 9716
27.5772 3.574347488983574e-41 8604
28.2843 3.380202815526082e-41 8060
28.9914 3.205689457088434e-41 7320
29.6985 2.893201451399484e-41 6356
30.4056 2.569387520899016e-41 5348
31.1127 2.24810658356222e-41 4308
31.8198 1.857657675442619e-41 3563
32.5269 1.318028939439496e-41 2448
33.234 1.107001948453286e-41 1868
33.9411 7.973515048909541e-42 1358
34.6482 6.107453127240827e-42 1062
35.3554 4.525418991203685e-42 776
36.0625 2.583490565952396e-42 432
36.7696 1.16002892363773e-42 200
37.4767 1.147865446269664e-42 168
38.1838 4.422119666762641e-43 56
38.8909 3.134409995395162e-44 7

0.707107 1.342909174212834e-24 18
1.41421 7.811483165830489e-24 62
2.12132 2.718650447524661e-23 98
2.82843 3.60158734111882e-23 210
3.53554 1.560633481663388e-23 350
4.24264 1.985362914534948e-23 450
4.94975 2.510989764265216e-23 602
5.65686 4.064426542657352e-24 762
6.36396 1.334901846996504e-25 1142
7.07107 9.355603526103441e-27 1250
7.77818 4.291781570105225e-27 1458
8.48528 2.491890592671519e-27 1814
9.19239 1.621950430755752e-27 2178
9.8995 2.309267605181545e-28 2498
10.6066 1.027875961387315e-29 2622
11.3137 3.901761166530954e-31 3338
12.0208 1.528050782297446e-38 3722
12.7279 1.681029524665013e-39 4170
13.435 2.926775580814458e-40 4358
14.1421 8.490155933174554e-41 5034
14.8492 3.651433486126747e-41 5714
15.5564 2.371900049465423e-41 5982
16.2635 2.239779978355892e-41 6602
16.9706 2.62824935033257e-41 7130
17.6777 3.845472664822233e-41 8034
18.3848 5.275469854779383e-41 8606
19.0919 6.527593383450625e-41 9066
19.799 7.651143348842101e-41 9962
20.5061 8.619916840696247e-41 10550
21.2132 1.010252152286349e-40 11226
21.9203 1.14548295014506e-40 12146
22.6274 1.207056210786046e-40 12303
23.3345 1.118194262702082e-40 12584
24.0416 8.790502067560308e-41 12120
24.7487 6.630722494044047e-41 11180
25.4559 5.739140716655369e-41 11096
26.163 4.373446000025257e-41 10056
26.8701 3.546661044200357e-41 9716
27.5772 2.592248436062617e-41 8604
28.2843 2.037510808865548e-41 8060
28.9914 1.693617202112613e-41 7320
29.6985 1.397958744724333e-41 6356
30.4056 1.137073289274958e-41 5348
31.1127 9.155661452876315e-42 4308
31.8198 7.568761473744874e-42 3563
32.5269 5.230371364714245e-42 2448
33.234 4.115267051425111e-42 1868
33.9411 2.864980979324038e-42 1358
34.6482 2.103643771777636e-42 1062
35.3554 1.715097129458782e-42 776
36.0625 1.007836923706241e-42 432
36.7696 4.572163839529763e-43 200
37.4767 4.334891762746739e-43 168
38.1838 1.330481395631114e-43 56
38.8909 1.394266130635875e-44 7

0.707107 1.270150941653476e-24 18
1.41421 7.052293789391143e-24 62
2.12132 2.669664303012759e-23 98
2.82843 7.696954255531751e-23 210
3.53554 1.043656665685011e-22 350
4.24264 7.317687515919831e-23 450
4.94975 6.521687300756912e-23 602
5.65686 2.649906756432946e-23 762
6.36396 2.485608546713189e-24 1142
7.07107 3.640495809045171e-26 1250
7.77818 9.944023509501177e-27 1458
8.48528 3.828049018761557e-27 1814
9.19239 1.97176780168686e-27 2178
9.8995 1.795922549143684e-28 2498
10.6066 1.106997320025578e-29 2622
11.3137 3.750192669120083e-31 3338
12.0208 2.412640134167545e-37 3722
12.7279 7.052758026634435e-39 4170
13.435 5.607679261598971e-40 4358
14.1421 1.172700539006677e-40 5034
14.8492 8.325232239171372e-41 5714
15.5564 6.514839719028018e-41 5982
16.2635 7.064802067798407e-41 6602
16.9706 8.298568366722847e-41 7130
17.6777 1.143961106303206e-40 8034
18.3848 1.709145772353167e-40 8606
19.0919 2.317147205623234e-40 9066
19.799 2.531529056637394e-40 9962
20.5061 2.9306697094983e-40 10550
21.2132 3.460776212305905e-40 11226
21.9203 4.024041505559643e-40 12146
22.6274 4.048858348413606e-40 12303
23.3345 3.84562899641605e-40 12584
24.0416 3.206422056313162e-40 12120
24.7487 2.500026084530601e-40 11180
25.4559 2.189977549376637e-40 11096
26.163 1.789819700745446e-40 10056
26.8701 1.348611567347612e-40 9716
27.5772 1.010458737243622e-40 8604
28.2843 8.137893114990829e-41 8060
28.9914 6.823212162905346e-41 7320
29.6985 5.582245966880199e-41 6356
30.4056 4.539529903356728e-41 5348
31.1127 3.646341532950675e-41 4308
31.8198 2.857653091396274e-41 3563
32.5269 1.928818413916668e-41 2448
33.234 1.512050698645866e-41 1868
33.9411 9.900251129635173e-42 1358
34.6482 8.09565833084512e-42 1062
35.3554 5.763907813544992e-42 776
36.0625 3.070826308728533e-42 432
36.7696 1.362068033782912e-42 200
37.4767 1.291165823930788e-42 168
38.1838 4.55210550183393e-43 56
38.8909 2.678112172263081e-44 7

0.707107 1.056055856812122e-22 18
1.41421 5.486692964544385e-22 62
2.12132 1.475367512503629e-21 98
2.82843 1.263390558434142e-21 210
3.53554 6.022919276637463e-22 350
4.24264 6.75756364370829e-22 450
4.94975 3.895354251651935e-22 602
5.65686 3.069620645068695e-22 762
6.36396 1.242968677591967e-23 1142
7.07107 7.453507534198489e-26 1250
7.77818 1.452818597797116e-26 1458
8.48528 6.99514618692736e-27 1814
9.19239 2.018960724957015e-27 2178
9.8995 2.173911229071911e-28 2498
10.6066 1.092059115990716e-29 2622
11.3137 3.7940248136016e-31 3338
12.0208 4.610042662391277e-37 3722
12.7279 1.267721565840581e-38 4170
13.435 8.747942613372267e-40 4358
14.1421 1.950475538143843e-40 5034
14.8492 1.708204990192673e-40 5714
15.5564 1.442946803592702e-40 5982
16.2635 1.488492132435072e-40 6602
16.9706 1.985991247463892e-40 7130
17.6777 2.768304430908513e-40 8034
18.3848 4.009227546055749e-40 8606
19.0919 4.691351768103801e-40 9066
19.799 5.415221667869042e-40 9962
20.5061 6.243444996525768e-40 10550
21.2132 7.736708125316213e-40 11226
21.9203 8.502253598614813e-40 12146
22.6274 8.739639455587728e-40 12303
23.3345 8.020756350455295e-40 12584
24.0416 6.471119233908615e-40 12120
24.7487 4.90958999172897e-40 11180
25.4559 4.203782453072984e-40 11096
26.163 3.235267855789504e-40 10056
26.8701 2.429231575995001e-40 9716
27.5772 1.73234343045748e-40 8604
28.2843 1.291779521879013e-40 8060
28.9914 1.04583249486265e-40 7320
29.6985 8.281184604886024e-41 6356
30.4056 6.778510517490295e-41 5348
31.1127 5.523009119753395e-41 4308
31.8198 4.691046258807772e-41 3563
32.5269 3.412783220223255e-41 2448
33.234 2.658336043803392e-41 1868
33.9411 1.895883582856999e-41 1358
34.6482 1.578904977462726e-41 1062
35.3554 1.236163825819419e-41 776
36.0625 6.791651797457471e-42 432
36.7696 3.282900169166569e-42 200
37.4767 2.524690948309887e-42 168
38.1838 1.101868804083035e-42 56
38.8909 9.679612363713451e-44 7

0.707107 9.259315190838255e-22 18
1.41421 3.554984082713168e-21 62
2.12132 8.078608675640585e-21 98
2.82843 4.744902536987398e-21 210
3.53554 1.038913314072767e-21 350
4.24264 1.143139320936809e-21 450
4.94975 2.14269843755018e-21 602
5.65686 7.768262349971287e-21 762
6.36396 2.584447541679229e-22 1142
7.07107 5.586421124337082e-25 1250
7.77818 5.611438064252345e-26 1458
8.48528 1.586046681759671e-26 1814
9.19239 2.493149180913057e-27 2178
9.8995 2.216232677224952e-28 2498
10.6066 1.045824666590822e-29 2622
11.3137 3.946920566006246e-31 3338
12.0208 6.080293088430307e-36 3722
12.7279 2.069755472100223e-37 4170
13.435 7.270998729128634e-39 4358
14.1421 8.64019863846403e-40 5034
14.8492 3.69026189884555e-40 5714
15.5564 3.46648879259566e-40 5982
16.2635 3.233580513540553e-40 6602
16.9706 3.623902298700249e-40 7130
17.6777 4.98570945170092e-40 8034
18.3848 8.024983129590972e-40 8606
19.0919 1.256683516747238e-39 9066
19.799 1.329144531691175e-39 9962
20.5061 1.529274813913597e-39 10550
21.2132 1.776263852198248e-39 11226
21.9203 2.139536090789334e-39 12146
22.6274 2.220164776878523e-39 12303
23.3345 2.263417880247485e-39 12584
24.0416 2.032508345791075e-39 12120
24.7487 1.69713443406565e-39 11180
25.4559 1.630684555256005e-39 11096
26.163 1.410055687856072e-39 10056
26.8701 1.268421543542839e-39 9716
27.5772 1.043049748028769e-39 8604
28.2843 9.949803097860788e-40 8060
28.9914 9.215214107972216e-40 7320
29.6985 8.364138342193505e-40 6356
30.4056 7.504392784027163e-40 5348
31.1127 6.568241789734055e-40 4308
31.8198 5.50815522566582e-40 3563
32.5269 4.212169960432513e-40 2448
33.234 3.237577915363649e-40 1868
33.9411 2.522309336481338e-40 1358
34.6482 2.092813767858609e-40 1062
35.3554 1.478540936985606e-40 776
36.0625 9.179904386780551e-41 432
36.7696 5.095679313194884e-41 200
37.4767 3.613941285663952e-41 168
38.1838 1.286570878794381e-41 56
38.8909 1.176079499097448e-42 7

0.707107 6.932270072764577e-21 18
1.41421 1.980335250500587e-20 62
2.12132 3.213525674430674e-20 98
2.82843 2.525361267016519e-19 210
3.53554 3.264109268999306e-19 350
4.24264 1.821579596523096e-19 450
4.94975 1.73612944555292e-19 602
5.65686 1.531252647408436e-19 762
6.36396 8.543231997153417e-21 1142
7.07107 1.415513531115219e-22 1250
7.77818 3.904301608178301e-25 1458
8.48528 7.29357688391396e-26 1814
9.19239 7.122797589987108e-27 2178
9.8995 2.175340743782569e-28 2498
10.6066 1.074063963762865e-29 2622
11.3137 4.135468077829549e-31 3338
12.0208 8.67974693607489e-35 3722
12.7279 4.18362327508622e-36 4170
13.435 2.472895320897117e-37 4358
14.1421 2.111759838677532e-39 5034
14.8492 1.473312352838941e-39 5714
15.5564 1.511505704030656e-39 5982
16.2635 1.669079568543274e-39 6602
16.9706 2.033625439818823e-39 7130
17.6777 2.711596754124452e-39 8034
18.3848 3.891004710739584e-39 8606
19.0919 4.940880932539543e-39 9066
19.799 5.789040735532718e-39 9962
20.5061 6.789280251201932e-39 10550
21.2132 8.337096413357719e-39 11226
21.9203 9.857499073610194e-39 12146
22.6274 1.035333388966501e-38 12303
23.3345 1.023071161771658e-38 12584
24.0416 9.1009934512616e-39 12120
24.7487 7.656544176415674e-39 11180
25.4559 7.126249913637522e-39 11096
26.163 6.04833301467151e-39 10056
26.8701 5.287988757874727e-39 9716
27.5772 4.489517590442144e-39 8604
28.2843 4.137068829093452e-39 8060
28.9914 3.797122233391926e-39 7320
29.6985 3.403493767917142e-39 6356
30.4056 2.942377260467588e-39 5348
31.1127 2.467617336280035e-39 4308
31.8198 2.13721093700783e-39 3563
32.5269 1.519771939795112e-39 2448
33.234 1.194454725067904e-39 1868
33.9411 9.23887646748514e-40 1358
34.6482 7.178338321127682e-40 1062
35.3554 4.798595533117995e-40 776
36.0625 2.837476637418834e-40 432
36.7696 1.476519231843282e-40 200
37.4767 1.036697768406843e-40 168
38.1838 4.642586842669848e-41 56
38.8909 2.945361445694406e-42 7

0.707107 1.063160564671428e-20 18
1.41421 3.602337310205625e-20 62
2.12132 7.980905382649612e-20 98
2.82843 1.891607664375932e-19 210
3.53554 6.936953197654008e-20 350
4.24264 5.912093332610976e-20 450
4.94975 2.992463526583869e-19 602
5.65686 3.05428382827766e-19 762
6.36396 1.201716487099723e-22 1142
7.07107 4.903942961249618e-24 1250
7.77818 4.50053453029634e-26 1458
8.48528 3.719064699317831e-26 1814
9.19239 1.240771083590247e-26 2178
9.8995 2.125734068992094e-28 2498
10.6066 1.055868285438274e-29 2622
11.3137 3.917410197749368e-31 3338
12.0208 7.791580636773767e-34 3722
12.7279 5.180422132046816e-35 4170
13.435 2.533700925844774e-36 4358
14.1421 2.123663970551037e-38 5034
14.8492 3.910148189743472e-39 5714
15.5564 3.136628381998136e-39 5982
16.2635 3.073614810904074e-39 6602
16.9706 3.920126664303195e-39 7130
17.6777 4.864183876255715e-39 8034
18.3848 7.170144246912441e-39 8606
19.0919 9.888380472368642e-39 9066
19.799 1.188767881967153e-38 9962
20.5061 1.398286967699763e-38 10550
21.2132 1.657442609461904e-38 11226
21.9203 1.917360194991261e-38 12146
22.6274 2.053933530708769e-38 12303
23.3345 2.022672018365566e-38 12584
24.0416 1.797322842677333e-38 12120
24.7487 1.510073611263892e-38 11180
25.4559 1.333948498257373e-38 11096
26.163 1.085639699117349e-38 10056
26.8701 8.377519512048585e-39 9716
27.5772 6.298402220935663e-39 8604
28.2843 5.107525800703082e-39 8060
28.9914 4.32346714781143e-39 7320
29.6985 3.496743775906814e-39 6356
30.4056 2.85242694268117e-39 5348
31.1127 2.12691236543675e-39 4308
31.8198 1.705621399046068e-39 3563
32.5269 1.080306530973353e-39 2448
33.234 8.056939384623573e-40 1868
33.9411 5.758695230838226e-40 1358
34.6482 4.383759554862112e-40 1062
35.3554 3.144959351331763e-40 776
36.0625 1.858170895622916e-40 432
36.7696 8.776691831977906e-41 200
37.4767 6.883030288285773e-41 168
38.1838 2.446802247161753e-41 56
38.8909 1.024087318636036e-42 7

0.707107 1.824232072482106e-19 18
1.41421 8.585390019777735e-19 62
2.12132 1.455597871793236e-18 98
2.82843 6.418262096033125e-19 210
3.53554 1.244196699907282e-19 350
4.24264 7.168766940628967e-20 450
4.94975 8.990935748700441e-19 602
5.65686 7.943220720911027e-19 762
6.36396 2.060898259394325e-19 1142
7.07107 4.060241297553258e-21 1250
7.77818 3.793144356687233e-24 1458
8.48528 2.454122977719685e-25 1814
9.19239 3.827201894423454e-26 2178
9.8995 1.973956264923848e-28 2498
10.6066 1.396686881016824e-29 2622
11.3137 1.013825095227964e-30 3338
12.0208 1.223488369384436e-31 3722
12.7279 2.427309436389892e-32 4170
13.435 3.357823252190555e-33 4358
14.1421 1.552233314431608e-35 5034
14.8492 3.848882398170518e-38 5714
15.5564 1.155382483433075e-38 5982
16.2635 1.210423157862832e-38 6602
16.9706 1.58560348196154e-38 7130
17.6777 2.16435682331083e-38 8034
18.3848 3.089409291651782e-38 8606
19.0919 4.198798294367237e-38 9066
19.799 4.883511633222938e-38 9962
20.5061 5.89702088452477e-38 10550
21.2132 7.174059957054393e-38 11226
21.9203 8.808320304301226e-38 12146
22.6274 9.202943814926691e-38 12303
23.3345 9.42858477475235e-38 12584
24.0416 8.788903632062767e-38 12120
24.7487 7.63915612961105e-38 11180
25.4559 7.525729914257059e-38 11096
26.163 6.815417125491365e-38 10056
26.8701 6.333210747712737e-38 9716
27.5772 5.452090590402133e-38 8604
28.2843 5.158263384392183e-38 8060
28.9914 4.772469467143685e-38 7320
29.6985 4.307238164385763e-38 6356
30.4056 3.851916932236097e-38 5348
31.1127 3.261944887964354e-38 4308
31.8198 2.701256271830234e-38 3563
32.5269 1.801332529206582e-38 2448
33.234 1.421156095247216e-38 1868
33.9411 1.072320650433612e-38 1358
34.6482 8.33884348100609e-39 1062
35.3554 6.154748877923235e-39 776
36.0625 3.654230552167096e-39 432
36.7696 1.756673380909864e-39 200
37.4767 1.477431637431308e-39 168
38.1838 5.079253133270064e-40 56
38.8909 3.104383551174082e-41 7

0.707107 2.459519443053301e-19 18
1.41421 1.397807680037751e-18 62
2.12132 5.839984483402315e-18 98
2.82843 6.730686595551835e-17 210
3.53554 2.954925056767748e-17 350
4.24264 4.242084547403327e-18 450
4.94975 2.425268663727189e-18 602
5.65686 7.300833584406011e-18 762
6.36396 2.948711363525044e-18 1142
7.07107 2.713987832895761e-20 1250
7.77818 3.694889457682994e-24 1458
8.48528 5.282509333530215e-25 1814
9.19239 2.838006783527248e-26 2178
9.8995 2.744674010698056e-28 2498
10.6066 2.064148831845261e-29 2622
11.3137 3.237302244128694e-30 3338
12.0208 4.679235112757531e-31 3722
12.7279 2.5601883346288e-31 4170
13.435 4.165310843194851e-32 4358
14.1421 1.348966585376548e-34 5034
14.8492 3.031051469714263e-37 5714
15.5564 2.847558759729463e-38 5982
16.2635 2.529549542565894e-38 6602
16.9706 3.105346400902338e-38 7130
17.6777 4.452568139235109e-38 8034
18.3848 6.008323446795978e-38 8606
19.0919 6.881006333835392e-38 9066
19.799 7.99122950201186e-38 9962
20.5061 9.267704616211492e-38 10550
21.2132 1.147522156842593e-37 11226
21.9203 1.31095744060006e-37 12146
22.6274 1.476883915039759e-37 12303
23.3345 1.521818531867122e-37 12584
24.0416 1.430619524164609e-37 12120
24.7487 1.262700173111781e-37 11180
25.4559 1.279458482491242e-37 11096
26.163 1.163674577970142e-37 10056
26.8701 1.070431591508467e-37 9716
27.5772 9.344794757782313e-38 8604
28.2843 8.594422971621307e-38 8060
28.9914 8.272982085880141e-38 7320
29.6985 7.195031229901383e-38 6356
30.4056 6.508487558329294e-38 5348
31.1127 5.528154880021208e-38 4308
31.8198 4.587516320524008e-38 3563
32.5269 3.256208664290896e-38 2448
33.234 2.419930803780039e-38 1868
33.9411 1.85303850142527e-38 1358
34.6482 1.384520696138808e-38 1062
35.3554 1.0859105699027e-38 776
36.0625 6.291939695848746e-39 432
36.7696 2.864057403306353e-39 200
37.4767 2.308305370931578e-39 168
38.1838 6.842935008924609e-40 56
38.8909 1.062696211840977e-40 7

0.707107 4.543663623517254e-17 18
1.41421 1.496397500390999e-16 62
2.12132 3.903223165402911e-16 98
2.82843 1.674009074448291e-15 210
3.53554 1.31007603717744e-15 350
4.24264 8.049177783818094e-16 450
4.94975 6.462955316723749e-16 602
5.65686 6.308958186666498e-17 762
6.36396 5.627491695380577e-19 1142
7.07107 1.217473630975563e-22 1250
7.77818 4.886178226154687e-24 1458
8.48528 6.849098201379451e-25 1814
9.19239 8.594063875007842e-26 2178
9.8995 2.00471364605043e-27 2498
10.6066 6.663205293826129e-28 2622
11.3137 2.309548063656614e-28 3338
12.0208 9.880682849306287e-29 3722
12.7279 1.05052074873864e-29 4170
13.435 2.478174398866902e-30 4358
14.1421 1.113784276920721e-32 5034
14.8492 6.434804481064415e-35 5714
15.5564 5.398721741453761e-37 5982
16.2635 1.039667264633351e-37 6602
16.9706 9.715045786695478e-38 7130
17.6777 1.021168968906661e-37 8034
18.3848 1.511999336721201e-37 8606
19.0919 2.243066165115557e-37 9066
19.799 2.314319406516672e-37 9962
20.5061 2.712188561373517e-37 10550
21.2132 3.164458456340544e-37 11226
21.9203 3.754303658375424e-37 12146
22.6274 3.84334614075808e-37 12303
23.3345 3.794935464053218e-37 12584
24.0416 3.09026406798587e-37 12120
24.7487 2.393596757043142e-37 11180
25.4559 2.037752248706683e-37 11096
26.163 1.620366326875925e-37 10056
26.8701 1.241984187282116e-37 9716
27.5772 8.446213048292101e-38 8604
28.2843 6.410332610791289e-38 8060
28.9914 4.883275916962715e-38 7320
29.6985 3.556719755768294e-38 6356
30.4056 2.805908893334563e-38 5348
31.1127 2.104037711139463e-38 4308
31.8198 1.73712949527576e-38 3563
32.5269 1.119111689352221e-38 2448
33.234 8.613950913118755e-39 1868
33.9411 6.763179555961251e-39 1358
34.6482 5.139592142002554e-39 1062
35.3554 3.820911274568268e-39 776
36.0625 2.168226542103954e-39 432
36.7696 8.990681709046182e-40 200
37.4767 8.136828455335443e-40 168
38.1838 2.814239742678083e-40 56
38.8909 3.084063422175512e-41 7

0.707107 1.277775376372045e-16 18
1.41421 3.606257204535658e-16 62
2.12132 3.19551416440317e-16 98
2.82843 2.542545860151784e-16 210
3.53554 1.797575417609951e-15 350
4.24264 2.508725904020713e-15 450
4.94975 2.221687922388547e-15 602
5.65686 2.31371006972289e-16 762
6.36396 5.825389533652031e-18 1142
7.07107 6.249941660935698e-19 1250
7.77818 4.092327702073202e-22 1458
8.48528 5.5421974124372e-24 1814
9.19239 5.049200601446863e-25 2178
9.8995 7.832722302175319e-26 2498
10.6066 7.923152415663689e-26 2622
11.3137 5.187834660850926e-26 3338
12.0208 9.161699531369981e-27 3722
12.7279 8.642790185493584e-28 4170
13.435 1.403220886840321e-28 4358
14.1421 3.693868723908976e-31 5034
14.8492 1.240606827554243e-33 5714
15.5564 1.560827889936279e-35 5982
16.2635 6.318674589682369e-36 6602
16.9706 5.68579032097672e-36 7130
17.6777 3.854406517124605e-36 8034
18.3848 1.611671978826445e-36 8606
19.0919 1.009779908887544e-36 9066
19.799 7.554954808951373e-37 9962
20.5061 8.131054234401965e-37 10550
21.2132 9.782042688365418e-37 11226
21.9203 1.057294890085747e-36 12146
22.6274 1.061017217495044e-36 12303
23.3345 1.006514155982054e-36 12584
24.0416 8.273150849294153e-37 12120
24.7487 6.219548276464417e-37 11180
25.4559 5.593709790968745e-37 11096
26.163 4.48413889844311e-37 10056
26.8701 3.629386786838543e-37 9716
27.5772 2.557585149095525e-37 8604
28.2843 2.072010956265111e-37 8060
28.9914 1.820731603999664e-37 7320
29.6985 1.526617263895948e-37 6356
30.4056 1.331250244503528e-37 5348
31.1127 1.130386891382064e-37 4308
31.8198 1.01856186029202e-37 3563
32.5269 7.329490360623102e-38 2448
33.234 5.948326375232414e-38 1868
33.9411 5.075107779386794e-38 1358
34.6482 3.650743244798065e-38 1062
35.3554 2.732192906767893e-38 776
36.0625 1.580562448428644e-38 432
36.7696 7.249516275162823e-39 200
37.4767 6.889596993866308e-39 168
38.1838 1.863871259216724e-39 56
38.8909 1.831875043034189e-40 7

0.707107 2.313441980518523e-16 18
1.41421 1.039803416417351e-15 62
2.12132 1.136186353271246e-15 98
2.82843 8.890836137016733e-15 210
3.53554 1.782028142165914e-15 350
4.24264 1.495653286100153e-15 450
4.94975 2.608816266007926e-15 602
5.65686 2.061413480451984e-14 762
6.36396 1.250443925681956e-15 1142
7.07107 3.675869569460998e-18 1250
7.77818 4.422631910986432e-22 1458
8.48528 1.104269971969362e-22 1814
9.19239 2.641412007741023e-23 2178
9.8995 1.800374551389038e-23 2498
10.6066 1.315931292759304e-23 2622
11.3137 1.112259177346569e-23 3338
12.0208 3.733483856754365e-24 3722
12.7279 1.098939986774945e-24 4170
13.435 8.313015588657275e-26 4358
14.1421 1.470100334779963e-28 5034
14.8492 2.142126540138051e-31 5714
15.5564 1.041396257754425e-31 5982
16.2635 6.16907155184032e-32 6602
16.9706 2.617922091417828e-32 7130
17.6777 1.325379607295364e-32 8034
18.3848 5.445183869679167e-33 8606
19.0919 6.939448178655802e-34 9066
19.799 3.039512684471437e-35 9962
20.5061 4.346419937911431e-36 10550
21.2132 3.920268970518295e-36 11226
21.9203 4.598047857963835e-36 12146
22.6274 4.859249462471457e-36 12303
23.3345 4.876843123692181e-36 12584
24.0416 4.434114630417214e-36 12120
24.7487 3.83240217578554e-36 11180
25.4559 3.563172316730937e-36 11096
26.163 3.117427918302606e-36 10056
26.8701 2.814735041944597e-36 9716
27.5772 2.372189422404512e-36 8604
28.2843 2.097796830826851e-36 8060
28.9914 1.871542156966619e-36 7320
29.6985 1.634198675553665e-36 6356
30.4056 1.390098390167649e-36 5348
31.1127 1.19836645339395e-36 4308
31.8198 1.031500643577814e-36 3563
32.5269 7.069604998186694e-37 2448
33.234 5.463459919696425e-37 1868
33.9411 4.045231589553501e-37 1358
34.6482 3.275942038245833e-37 1062
35.3554 2.493200084570488e-37 776
36.0625 1.291514919261033e-37 432
36.7696 6.586037095202654e-38 200
37.4767 5.402719501489545e-38 168
38.1838 1.938364347857037e-38 56
38.8909 1.393987082088687e-39 7

0.707107 5.469375871441402e-15 18
1.41421 1.301328343604273e-14 62
2.12132 8.82008323033942e-15 98
2.82843 4.35785478861206e-14 210
3.53554 8.762879095975484e-14 350
4.24264 6.775143116910692e-14 450
4.94975 2.051325726443047e-14 602
5.65686 7.00531112572531e-14 762
6.36396 2.185839004417623e-16 1142
7.07107 2.999571543893446e-18 1250
7.77818 9.464226466516047e-21 1458
8.48528 1.590024046018499e-21 1814
9.19239 7.309634072152898e-22 2178
9.8995 5.298816287026701e-22 2498
10.6066 3.262037275736588e-22 2622
11.3137 3.304695018198303e-22 3338
12.0208 7.913502040852623e-23 3722
12.7279 7.931452252068052e-24 4170
13.435 6.330420631841951e-25 4358
14.1421 3.391152311548249e-27 5034
14.8492 2.316445730688031e-29 5714
15.5564 1.075289494498772e-29 5982
16.2635 4.114365684765928e-30 6602
16.9706 2.326259162142585e-30 7130
17.6777 2.347501423117645e-30 8034
18.3848 9.894692829720585e-31 8606
19.0919 1.402165073870711e-31 9066
19.799 1.517789138007272e-32 9962
20.5061 2.142847930053901e-34 10550
21.2132 1.13715425500708e-35 11226
21.9203 1.012348097485796e-35 12146
22.6274 1.022480407825703e-35 12303
23.3345 9.883702761208456e-36 12584
24.0416 8.218480500997051e-36 12120
24.7487 6.094498839927613e-36 11180
25.4559 5.276060955978167e-36 11096
26.163 4.20400612364605e-36 10056
26.8701 3.184979083595214e-36 9716
27.5772 2.116771763242716e-36 8604
28.2843 1.489940677178075e-36 8060
28.9914 1.096366330881476e-36 7320
29.6985 8.103361884632294e-37 6356
30.4056 6.304411665838709e-37 5348
31.1127 4.985116976731574e-37 4308
31.8198 4.17302572709981e-37 3563
32.5269 2.82830907315967e-37 2448
33.234 2.205759728500076e-37 1868
33.9411 1.671618027232636e-37 1358
34.6482 1.346456959023287e-37 1062
35.3554 1.030399868257516e-37 776
36.0625 6.299308476318231e-38 432
36.7696 2.647586599549182e-38 200
37.4767 2.297642842376942e-38 168
38.1838 6.955596329746099e-39 56
38.8909 6.09872665532127e-40 7

0.707107 8.997855955097611e-14 18
1.41421 3.299473304310494e-13 62
2.12132 2.136548968394366e-13 98
2.82843 5.144089045987094e-13 210
3.53554 3.266571828194052e-12 350
4.24264 2.675812471297491e-12 450
4.94975 3.369063061916042e-12 602
5.65686 2.767622105443699e-12 762
6.36396 6.735409333653623e-14 1142
7.07107 2.070286400138571e-16 1250
7.77818 3.566173995011564e-19 1458
8.48528 5.389446646885273e-19 1814
9.19239 3.045638648084647e-19 2178
9.8995 1.535408457814627e-19 2498
10.6066 7.616268358492935e-20 2622
11.3137 2.823206801863531e-20 3338
12.0208 3.791713799725334e-21 3722
12.7279 2.460352953642456e-22 4170
13.435 3.496604161996903e-23 4358
14.1421 8.903444329574883e-25 5034
14.8492 2.092545907419154e-25 5714
15.5564 9.04536431464418e-26 5982
16.2635 4.049887559036396e-26 6602
16.9706 1.689136737695751e-26 7130
17.6777 6.707086413392851e-27 8034
18.3848 3.064656950935183e-27 8606
19.0919 2.823728880856297e-27 9066
19.799 4.644933899918681e-28 9962
20.5061 5.686400463392123e-30 10550
21.2132 7.846350725402527e-32 11226
21.9203 2.314194124300556e-32 12146
22.6274 1.324693489979173e-32 12303
23.3345 1.877503122962381e-32 12584
24.0416 1.796081235144725e-32 12120
24.7487 3.789909413302388e-33 11180
25.4559 4.3305323443928e-34 11096
26.163 9.377319109881974e-35 10056
26.8701 8.829522743820642e-36 9716
27.5772 5.838803830977857e-36 8604
28.2843 4.687383584633541e-36 8060
28.9914 3.708096728684833e-36 7320
29.6985 2.88936109531968e-36 6356
30.4056 2.356300200473308e-36 5348
31.1127 1.857512500153297e-36 4308
31.8198 1.554987390870033e-36 3563
32.5269 1.059788636405657e-36 2448
33.234 7.951017912271007e-37 1868
33.9411 5.62664966683052e-37 1358
34.6482 4.692126695028805e-37 1062
35.3554 3.362461931711489e-37 776
36.0625 1.985835384139594e-37 432
36.7696 8.763216937741057e-38 200
37.4767 7.681133361184908e-38 168
38.1838 2.442013990763644e-38 56
38.8909 1.121912424528988e-39 7

0.707107 7.723802794388754e-14 18
1.41421 9.237900282464267e-13 62
2.12132 6.815455254777285e-12 98
2.82843 1.448870438732437e-11 210
3.53554 9.491984503457556e-13 350
4.24264 2.717205394368319e-12 450
4.94975 1.20080026108309e-11 602
5.65686 8.814712195962823e-12 762
6.36396 3.991114632489987e-15 1142
7.07107 1.688811524848276e-16 1250
7.77818 9.790955351698059e-17 1458
8.48528 7.639268562990716e-17 1814
9.19239 1.376599658192707e-17 2178
9.8995 5.277742597675753e-18 2498
10.6066 3.421430573442736e-18 2622
11.3137 2.334604677198702e-18 3338
12.0208 5.964718150498027e-19 3722
12.7279 3.318542551799283e-20 4170
13.435 1.140088756809436e-21 4358
14.1421 8.348116556708372e-23 5034
14.8492 2.883966485045267e-23 5714
15.5564 7.754153555098383e-24 5982
16.2635 4.353855428531796e-24 6602
16.9706 1.379970957511942e-24 7130
17.6777 4.75886123846185e-25 8034
18.3848 2.779755862617307e-25 8606
19.0919 3.022944635735116e-26 9066
19.799 2.340177851379031e-27 9962
20.5061 8.176973568645448e-29 10550
21.2132 2.323282488677558e-29 11226
21.9203 9.201428174218796e-30 12146
22.6274 7.293919541187729e-30 12303
23.3345 1.491926049797471e-29 12584
24.0416 1.245136327049416e-29 12120
24.7487 1.928620284092955e-30 11180
25.4559 1.650891011737773e-31 11096
26.163 6.517283916094335e-33 10056
26.8701 1.72768866443563e-34 9716
27.5772 1.133005612207469e-34 8604
28.2843 8.442331522174768e-35 8060
28.9914 3.789259576119358e-35 7320
29.6985 8.591584152317028e-36 6356
30.4056 5.307714640967745e-36 5348
31.1127 3.684586997059888e-36 4308
31.8198 2.799170577323839e-36 3563
32.5269 1.730462215091415e-36 2448
33.234 1.313498872055656e-36 1868
33.9411 8.481250025361886e-37 1358
34.6482 6.700544753157573e-37 1062
35.3554 4.593009434736256e-37 776
36.0625 2.754063034051045e-37 432
36.7696 1.160906432279371e-37 200
37.4767 1.034504590305706e-37 168
38.1838 3.149276151153885e-38 56
38.8909 3.939386281164314e-39 7

0.707107 2.430217989360259e-13 18
1.41421 1.163375663086039e-12 62
2.12132 4.100257745940333e-12 98
2.82843 4.094208517495929e-11 210
3.53554 1.169818667566254e-10 350
4.24264 1.146387315529933e-10 450
4.94975 1.869097354065569e-10 602
5.65686 6.039397300991458e-11 762
6.36396 9.158868159637197e-14 1142
7.07107 1.782900458221048e-14 1250
7.77818 1.259456328504484e-14 1458
8.48528 5.888247077049101e-15 1814
9.19239 7.858161836549861e-16 2178
9.8995 1.007659283002361e-16 2498
10.6066 4.556826267682644e-17 2622
11.3137 1.181668770465027e-16 3338
12.0208 8.664773536721753e-17 3722
12.7279 2.718941636293952e-17 4170
13.435 6.478714154101196e-19 4358
14.1421 7.804320753176541e-20 5034
14.8492 2.348336336208323e-20 5714
15.5564 9.104336063576306e-21 5982
16.2635 4.119444326488855e-21 6602
16.9706 3.028444593123757e-21 7130
17.6777 3.072594294555448e-21 8034
18.3848 2.199180145823161e-21 8606
19.0919 3.621662038693065e-22 9066
19.799 1.545718901316404e-23 9962
20.5061 1.367806636874946e-24 10550
21.2132 8.028815375066951e-25 11226
21.9203 6.155731018942664e-25 12146
22.6274 3.933886778017091e-25 12303
23.3345 1.549483650447277e-25 12584
24.0416 2.511534436684829e-26 12120
24.7487 3.483250969937772e-27 11180
25.4559 7.233676992745846e-28 11096
26.163 1.090870141169336e-28 10056
26.8701 4.407395811336861e-29 9716
27.5772 1.13596215337011e-29 8604
28.2843 2.269264988923435e-30 8060
28.9914 8.295705363223914e-31 7320
29.6985 3.920564376642709e-31 6356
30.4056 2.510046519551056e-31 5348
31.1127 1.00171367880186e-31 4308
31.8198 3.788623969483063e-33 3563
32.5269 1.880212340516774e-34 2448
33.234 7.241943210335965e-35 1868
33.9411 4.657633404865702e-35 1358
34.6482 3.913735622660202e-35 1062
35.3554 2.566622530116655e-35 776
36.0625 1.400297589495673e-35 432
36.7696 6.378036033382614e-36 200
37.4767 5.519300043582761e-36 168
38.1838 1.871649387437595e-36 56
38.8909 1.682984413900003e-37 7

0.707107 2.019304956330791e-11 18
1.41421 1.455842650298897e-10 62
2.12132 7.243053556627715e-10 98
2.82843 1.099773513881868e-09 210
3.53554 3.52361912281664e-10 350
4.24264 6.48276433276341e-10 450
4.94975 1.372558547500186e-09 602
5.65686 3.003680858837783e-10 762
6.36396 1.541488988280653e-12 1142
7.07107 6.508052585096413e-13 1250
7.77818 4.806889167650451e-13 1458
8.48528 1.668363433596228e-13 1814
9.19239 1.991274043928501e-14 2178
9.8995 1.201348867386342e-14 2498
10.6066 1.0546267095391e-14 2622
11.3137 9.812701876915225e-15 3338
12.0208 1.667954610131953e-15 3722
12.7279 1.455022929244318e-16 4170
13.435 1.418415758651415e-17 4358
14.1421 7.259664447486968e-18 5034
14.8492 3.584497450176145e-18 5714
15.5564 1.5771373392637e-18 5982
16.2635 7.318915083277958e-19 6602
16.9706 5.576950434807581e-19 7130
17.6777 2.120455040918025e-19 8034
18.3848 2.543734509537796e-20 8606
19.0919 4.367849419770177e-21 9066
19.799 1.125059106866942e-21 9962
20.5061 4.037746885843672e-22 10550
21.2132 2.616189276830035e-22 11226
21.9203 1.796947305286339e-22 12146
22.6274 1.576383350492506e-22 12303
23.3345 1.173395954537148e-22 12584
24.0416 1.432232856179791e-22 12120
24.7487 4.13294604671375e-23 11180
25.4559 2.612282895920148e-24 11096
26.163 2.148432981869205e-25 10056
26.8701 8.612718379236528e-26 9716
27.5772 4.409776378065103e-26 8604
28.2843 2.968841712704461e-26 8060
28.9914 1.490971533364532e-26 7320
29.6985 2.169846046169754e-27 6356
30.4056 1.604706218366722e-28 5348
31.1127 1.833792109798237e-29 4308
31.8198 3.823226507499334e-30 3563
32.5269 8.576989979725582e-31 2448
33.234 1.2812848262395e-31 1868
33.9411 2.317373410810527e-32 1358
34.6482 1.031433094348935e-32 1062
35.3554 2.658450945540142e-33 776
36.0625 2.753359250110413e-34 432
36.7696 2.403879823959709e-35 200
37.4767 3.649563755565959e-36 168
38.1838 7.913728095386664e-37 56
38.8909 6.493176236288161e-38 7

0.707107 1.035516655107043e-10 18
1.41421 5.039528093526019e-10 62
2.12132 2.74056285010242e-09 98
2.82843 4.423257928374302e-09 210
3.53554 6.321630347782959e-10 350
4.24264 2.37330797492472e-10 450
4.94975 9.195037240458819e-10 602
5.65686 1.207236710905117e-09 762
6.36396 2.60935993404525e-10 1142
7.07107 8.477232948159279e-12 1250
7.77818 5.276705076364329e-12 1458
8.48528 1.992966397832852e-12 1814
9.19239 7.476348789797654e-13 2178
9.8995 5.678667850610911e-13 2498
10.6066 5.620197478248326e-13 2622
11.3137 4.155758409390167e-13 3338
12.0208 7.488428964440171e-14 3722
12.7279 7.439990167316347e-15 4170
13.435 1.385326339736194e-15 4358
14.1421 1.365658220336228e-15 5034
14.8492 9.809659642594708e-16 5714
15.5564 4.017696384059105e-16 5982
16.2635 1.744665318094081e-16 6602
16.9706 7.626516710349897e-17 7130
17.6777 2.925873802568217e-17 8034
18.3848 1.587381675115408e-17 8606
19.0919 9.907308019692189e-18 9066
19.799 1.775613287563239e-18 9962
20.5061 4.98415537599402e-19 10550
21.2132 3.003707153537716e-19 11226
21.9203 1.987161789728912e-19 12146
22.6274 1.906037184123216e-19 12303
23.3345 1.934732670407965e-19 12584
24.0416 1.569781186057479e-19 12120
24.7487 4.203106111674499e-20 11180
25.4559 6.079410481886399e-21 11096
26.163 4.238752667596733e-22 10056
26.8701 1.280003331267535e-22 9716
27.5772 1.078972066301426e-22 8604
28.2843 5.989113673541701e-23 8060
28.9914 3.772579906430597e-23 7320
29.6985 2.218052056975831e-23 6356
30.4056 3.435605236025973e-24 5348
31.1127 4.608860754040298e-25 4308
31.8198 1.441979184683446e-25 3563
32.5269 4.38219859984207e-26 2448
33.234 1.640145435821533e-26 1868
33.9411 5.148026189294028e-27 1358
34.6482 2.140901700021106e-27 1062
35.3554 9.477989873678158e-28 776
36.0625 1.81434901626325e-28 432
36.7696 3.16613078093076e-29 200
37.4767 1.129543287564849e-29 168
38.1838 9.775135547995436e-31 56
38.8909 4.045703417948226e-32 7

0.707107 6.55742386465204e-11 18
1.41421 3.586069551419235e-10 62
2.12132 2.940805635428458e-09 98
2.82843 9.52366715281816e-09 210
3.53554 1.524363518510781e-09 350
4.24264 2.883461188483534e-09 450
4.94975 1.314499477505305e-08 602
5.65686 2.713674757022906e-09 762
6.36396 1.790953916002861e-11 1142
7.07107 7.310104191802174e-12 1250
7.77818 1.694450542931076e-11 1458
8.48528 6.725434546150707e-12 1814
9.19239 1.24023979769062e-12 2178
9.8995 1.388797198351401e-12 2498
10.6066 2.913040227953951e-12 2622
11.3137 2.948327923071439e-12 3338
12.0208 3.48837011664729e-13 3722
12.7279 1.680293582090352e-14 4170
13.435 9.20510783178727e-15 4358
14.1421 1.02536198287782e-14 5034
14.8492 5.593415979319073e-15 5714
15.5564 1.802724426291274e-15 5982
16.2635 6.721149734627474e-16 6602
16.9706 3.583768757545989e-16 7130
17.6777 2.302386512580999e-16 8034
18.3848 1.134687138952255e-16 8606
19.0919 2.558441472364351e-17 9066
19.799 6.78736420924783e-18 9962
20.5061 3.342752414318342e-18 10550
21.2132 2.394757806640333e-18 11226
21.9203 1.719508064444002e-18 12146
22.6274 1.479690814094305e-18 12303
23.3345 1.672956671855606e-18 12584
24.0416 1.454172159361511e-18 12120
24.7487 7.549781708496729e-19 11180
25.4559 1.151012922396837e-19 11096
26.163 6.512576830033998e-21 10056
26.8701 2.049466224893546e-21 9716
27.5772 1.553049873063442e-21 8604
28.2843 7.264870803389276e-22 8060
28.9914 3.327610302328295e-22 7320
29.6985 1.587125382695763e-22 6356
30.4056 4.741146050285992e-23 5348
31.1127 1.108806152043191e-23 4308
31.8198 2.264332640998737e-24 3563
32.5269 3.858875695727573e-25 2448
33.234 1.098614736361405e-25 1868
33.9411 4.369102162901262e-26 1358
34.6482 3.12312763519576e-26 1062
35.3554 1.618390128963298e-26 776
36.0625 1.84276134343114e-27 432
36.7696 2.653998004503559e-28 200
37.4767 9.01808021876809e-29 168
38.1838 2.266546233481886e-29 56
38.8909 2.551107704095859e-30 7

0.707107 1.858263463453622e-11 18
1.41421 1.472200478679906e-10 62
2.12132 1.615841014521077e-09 98
2.82843 9.791144371918938e-09 210
3.53554 1.126252507874631e-10 350
4.24264 9.960445776399335e-11 450
4.94975 8.115957306581055e-09 602
5.65686 7.767334045251534e-09 762
6.36396 4.007434427559603e-10 1142
7.07107 2.065723618717896e-11 1250
7.77818 2.123649362103287e-11 1458
8.48528 1.904236508050897e-11 1814
9.19239 3.591597392783417e-12 2178
9.8995 2.2620004072473e-12 2498
10.6066 4.512912352900691e-12 2622
11.3137 6.958190346349111e-12 3338
12.0208 1.530780233259116e-12 3722
12.7279 2.25564161443125e-13 4170
13.435 3.941176508584707e-14 4358
14.1421 3.227882915910529e-14 5034
14.8492 2.494939130653703e-14 5714
15.5564 1.111255400385906e-14 5982
16.2635 4.910201359666831e-15 6602
16.9706 2.830395368585849e-15 7130
17.6777 1.663842850273384e-15 8034
18.3848 7.100010085606695e-16 8606
19.0919 2.026543285503452e-16 9066
19.799 5.299761152376866e-17 9962
20.5061 2.237232300068117e-17 10550
21.2132 1.478052619567363e-17 11226
21.9203 1.102707497187344e-17 12146
22.6274 8.795926808619847e-18 12303
23.3345 7.803095438331422e-18 12584
24.0416 6.683203985795295e-18 12120
24.7487 5.069581141177327e-18 11180
25.4559 1.308900309999521e-18 11096
26.163 1.064869631211504e-19 10056
26.8701 1.899170292969844e-20 9716
27.5772 1.090517714482301e-20 8604
28.2843 5.528403078205783e-21 8060
28.9914 2.706933151177364e-21 7320
29.6985 1.478686939076182e-21 6356
30.4056 8.91751705487866e-22 5348
31.1127 3.412898767597698e-22 4308
31.8198 6.608520001124882e-23 3563
32.5269 8.767334607198506e-24 2448
33.234 2.226510710367031e-24 1868
33.9411 9.227673534086958e-25 1358
34.6482 3.486099982720118e-25 1062
35.3554 1.699999645883866e-25 776
36.0625 3.725146866395562e-26 432
36.7696 9.649406973895482e-27 200
37.4767 4.414568116320623e-27 168
38.1838 6.677089923011897e-28 56
38.8909 3.842040153304435e-29 7

0.707107 5.320341452132336e-11 18
1.41421 2.009382238882684e-10 62
2.12132 1.952340061227262e-09 98
2.82843 1.307333650384467e-08 210
3.53554 2.779578402913744e-09 350
4.24264 3.20185223372466e-09 450
4.94975 1.189510809358846e-08 602
5.65686 1.465670644171507e-08 762
6.36396 5.219673979281059e-10 1142
7.07107 6.503623316985234e-11 1250
7.77818 5.245671612066995e-11 1458
8.48528 5.188972538525196e-11 1814
9.19239 1.241839831768014e-11 2178
9.8995 1.220231032914367e-11 2498
10.6066 2.589906988891082e-11 2622
11.3137 3.347749986298789e-11 3338
12.0208 4.605984816077525e-12 3722
12.7279 3.338986935021459e-13 4170
13.435 1.515498949916504e-13 4358
14.1421 1.77014604511878e-13 5034
14.8492 1.069824126996014e-13 5714
15.5564 4.233828046225371e-14 5982
16.2635 2.064176124893664e-14 6602
16.9706 1.211245054926438e-14 7130
17.6777 7.521662608792708e-15 8034
18.3848 3.236512446496698e-15 8606
19.0919 1.578433908310001e-15 9066
19.799 6.583835705298859e-16 9962
20.5061 1.860508846872806e-16 10550
21.2132 9.00108017239297e-17 11226
21.9203 5.7823039328966e-17 12146
22.6274 4.048867646289287e-17 12303
23.3345 3.311629062899708e-17 12584
24.0416 2.740618494366145e-17 12120
24.7487 1.542716707577637e-17 11180
25.4559 3.69623766282902e-18 11096
26.163 2.40194592280304e-19 10056
26.8701 5.19357176816755e-20 9716
27.5772 3.15183892360312e-20 8604
28.2843 1.542662471079292e-20 8060
28.9914 5.988263264458605e-21 7320
29.6985 3.263040674480956e-21 6356
30.4056 1.820850251863288e-21 5348
31.1127 8.692215727041392e-22 4308
31.8198 3.828487304688209e-22 3563
32.5269 6.474497091204589e-23 2448
33.234 1.141473948909416e-23 1868
33.9411 5.315614070821799e-24 1358
34.6482 2.230044068159692e-24 1062
35.3554 1.076964786103482e-24 776
36.0625 3.168138105580031e-25 432
36.7696 1.205119186157855e-25 200
37.4767 3.854552750972387e-26 168
38.1838 4.397326208195643e-27 56
38.8909 1.735761373978852e-28 7

0.707107 1.717759520947358e-10 18
1.41421 3.471687142212122e-10 62
2.12132 1.825958532488658e-09 98
2.82843 1.486077058174984e-08 210
3.53554 8.539560887453554e-09 350
4.24264 1.012804742146683e-08 450
4.94975 1.384775899892941e-08 602
5.65686 1.45215453513211e-08 762
6.36396 3.95671064875404e-10 1142
7.07107 1.580361891491336e-10 1250
7.77818 1.484860241852886e-10 1458
8.48528 1.152272309892767e-10 1814
9.19239 2.609082202945134e-11 2178
9.8995 2.425737881358173e-11 2498
10.6066 5.692807918203863e-11 2622
11.3137 7.274740303140951e-11 3338
12.0208 9.669692523172543e-12 3722
12.7279 6.305726300647915e-13 4170
13.435 4.258127860970377e-13 4358
14.1421 5.524494701806227e-13 5034
14.8492 3.424419914677386e-13 5714
15.5564 1.330396341828314e-13 5982
16.2635 5.457638468548158e-14 6602
16.9706 2.332569821987742e-14 7130
17.6777 1.226112137362551e-14 8034
18.3848 5.565767099333974e-15 8606
19.0919 2.654849042765418e-15 9066
19.799 1.123762461259631e-15 9962
20.5061 4.620444503025994e-16 10550
21.2132 2.739701336478827e-16 11226
21.9203 1.815851229347797e-16 12146
22.6274 1.24196299322241e-16 12303
23.3345 7.643864056543029e-17 12584
24.0416 3.975977082544881e-17 12120
24.7487 2.801516366817737e-17 11180
25.4559 1.295793289375627e-17 11096
26.163 2.627217649899736e-18 10056
26.8701 5.000624485573552e-19 9716
27.5772 2.439992350521884e-19 8604
28.2843 1.210128781942422e-19 8060
28.9914 5.697190502639211e-20 7320
29.6985 3.222853756924193e-20 6356
30.4056 2.20544656025839e-20 5348
31.1127 1.19986042175794e-20 4308
31.8198 3.267858335037993e-21 3563
32.5269 4.68671514169383e-22 2448
33.234 1.368428428699665e-22 1868
33.9411 7.689362810444334e-23 1358
34.6482 3.139663147746586e-23 1062
35.3554 1.141552471162834e-23 776
36.0625 4.155985060840386e-24 432
36.7696 1.538665855376467e-24 200
37.4767 5.323667051841983e-25 168
38.1838 4.455280973986838e-26 56
38.8909 1.245046810499641e-27 7

0.707107 2.005666732232221e-10 18
1.41421 6.634893918692324e-10 62
2.12132 4.749187552689016e-09 98
2.82843 1.88127636929293e-08 210
3.53554 4.158500324296503e-09 350
4.24264 5.062800934512694e-09 450
4.94975 2.934167158643033e-08 602
5.65686 2.35948677156314e-08 762
6.36396 1.117453952603834e-09 1142
7.07107 4.773854749035341e-10 1250
7.77818 5.938073390930446e-10 1458
8.48528 3.284087668459875e-10 1814
9.19239 9.47849838746917e-11 2178
9.8995 8.972201518131503e-11 2498
10.6066 2.101148693012576e-10 2622
11.3137 2.277061712485965e-10 3338
12.0208 4.750484814454923e-11 3722
12.7279 9.178236689629309e-12 4170
13.435 3.893242558597668e-12 4358
14.1421 3.276757513821459e-12 5034
14.8492 1.694564382528033e-12 5714
15.5564 7.584548606985289e-13 5982
16.2635 4.199063622049955e-13 6602
16.9706 2.416018229287776e-13 7130
17.6777 1.253976050849483e-13 8034
18.3848 4.522252813461413e-14 8606
19.0919 1.940840247372576e-14 9066
19.799 9.681463382876414e-15 9962
20.5061 4.503661144571215e-15 10550
21.2132 2.653949779668113e-15 11226
21.9203 1.490498336875582e-15 12146
22.6274 9.218064419300032e-16 12303
23.3345 5.592772831843905e-16 12584
24.0416 2.938060171762824e-16 12120
24.7487 1.075662492617331e-16 11180
25.4559 2.759976501940328e-17 11096
26.163 6.325580379902471e-18 10056
26.8701 2.212959451846947e-18 9716
27.5772 9.367156503979634e-19 8604
28.2843 4.612954419472855e-19 8060
28.9914 2.214181530532368e-19 7320
29.6985 9.813364334410291e-20 6356
30.4056 4.616642531446412e-20 5348
31.1127 2.279276504305615e-20 4308
31.8198 8.112055124510638e-21 3563
32.5269 1.738481085479897e-21 2448
33.234 5.981490567975629e-22 1868
33.9411 2.07415738949147e-22 1358
34.6482 5.831235814344669e-23 1062
35.3554 2.067152211819117e-23 776
36.0625 4.710102516738059e-24 432
36.7696 1.803802691764062e-24 200
37.4767 6.944269063818041e-25 168
38.1838 1.355971037184334e-25 56
38.8909 1.250635107318237e-26 7

0.707107 3.27273868062414e-10 18
1.41421 1.436487595444374e-09 62
2.12132 7.468393357538754e-09 98
2.82843 2.458391552683442e-08 210
3.53554 5.464999053355463e-09 350
4.24264 1.201526624758323e-08 450
4.94975 4.55561815111823e-08 602
5.65686 2.130823489768255e-08 762
6.36396 1.835500298431928e-09 1142
7.07107 9.35982735460338e-10 1250
7.77818 8.414763866117238e-10 1458
8.48528 5.617638450356732e-10 1814
9.19239 2.317257947805264e-10 2178
9.8995 1.708914551100527e-10 2498
10.6066 2.95228465322558e-10 2622
11.3137 2.856520938058561e-10 3338
12.0208 6.295856796699572e-11 3722
12.7279 1.467662712372906e-11 4170
13.435 7.533397612482098e-12 4358
14.1421 5.681936098997891e-12 5034
14.8492 2.924369428945677e-12 5714
15.5564 1.222801433155511e-12 5982
16.2635 6.185657650240816e-13 6602
16.9706 3.354426448572542e-13 7130
17.6777 1.669065009827615e-13 8034
18.3848 6.326130451288806e-14 8606
19.0919 2.686406584295741e-14 9066
19.799 1.423091647473909e-14 9962
20.5061 7.534059135926234e-15 10550
21.2132 4.485490651350231e-15 11226
21.9203 2.566449652499719e-15 12146
22.6274 1.50900819507235e-15 12303
23.3345 7.627818541191736e-16 12584
24.0416 3.300355125032105e-16 12120
24.7487 1.378959361017523e-16 11180
25.4559 3.760881925818883e-17 11096
26.163 1.089357739176746e-17 10056
26.8701 4.213947715806868e-18 9716
27.5772 1.858718803318906e-18 8604
28.2843 8.592493192273874e-19 8060
28.9914 4.192488563036908e-19 7320
29.6985 2.225762140211185e-19 6356
30.4056 1.150413240001738e-19 5348
31.1127 4.519155915156145e-20 4308
31.8198 1.562993011638114e-20 3563
32.5269 3.903315051350636e-21 2448
33.234 1.519126915171822e-21 1868
33.9411 5.098043249354307e-22 1358
34.6482 1.397653452856135e-22 1062
35.3554 4.451287362003307e-23 776
36.0625 1.239973082740621e-23 432
36.7696 4.704415389139329e-24 200
37.4767 1.639983041692612e-24 168
38.1838 3.837933140834906e-25 56
38.8909 1.761193145220425e-26 7

0.707107 1.631024148400462e-10 18
1.41421 1.230869241324382e-09 62
2.12132 6.063634209275246e-09 98
2.82843 2.667534502992803e-08 210
3.53554 1.235169647613695e-08 350
4.24264 1.714878187123888e-08 450
4.94975 5.444293607233435e-08 602
5.65686 2.912842142604635e-08 762
6.36396 5.73410603022278e-09 1142
7.07107 1.80166509916495e-09 1250
7.77818 2.057239341671431e-09 1458
8.48528 1.363719671329636e-09 1814
9.19239 5.201901963319037e-10 2178
9.8995 4.306526623077571e-10 2498
10.6066 6.258819405093277e-10 2622
11.3137 4.278619112317796e-10 3338
12.0208 8.685679292460184e-11 3722
12.7279 2.776874090015107e-11 4170
13.435 1.833024322474852e-11 4358
14.1421 1.409214737765118e-11 5034
14.8492 7.32677502506161e-12 5714
15.5564 2.822562529246944e-12 5982
16.2635 1.4764546084182e-12 6602
16.9706 9.344575357578375e-13 7130
17.6777 4.964250905586311e-13 8034
18.3848 1.889594949935551e-13 8606
19.0919 8.537964986950467e-14 9066
19.799 4.481483572443007e-14 9962
20.5061 2.518630532384377e-14 10550
21.2132 1.463439486676431e-14 11226
21.9203 7.795814546188461e-15 12146
22.6274 4.263025128276589e-15 12303
23.3345 2.161277761884752e-15 12584
24.0416 1.045756954461551e-15 12120
24.7487 4.240164468035999e-16 11180
25.4559 1.543189548603891e-16 11096
26.163 5.107472074808834e-17 10056
26.8701 2.21443684104188e-17 9716
27.5772 9.46729204606364e-18 8604
28.2843 4.064449452181677e-18 8060
28.9914 1.815912935700097e-18 7320
29.6985 7.985958128269113e-19 6356
30.4056 3.444586061584587e-19 5348
31.1127 1.479582681619574e-19 4308
31.8198 5.506010183674743e-20 3563
32.5269 1.708647700205955e-20 2448
33.234 5.935411071828036e-21 1868
33.9411 2.201302374054404e-21 1358
34.6482 7.376632662308535e-22 1062
35.3554 2.224966306967854e-22 776
36.0625 6.836849303968846e-23 432
36.7696 2.26626740474432e-23 200
37.4767 1.002050385806071e-23 168
38.1838 1.672826305414312e-24 56
38.8909 1.381462485285537e-25 7

0.707107 2.188299108388632e-10 18
1.41421 1.629402438760419e-09 62
2.12132 8.262723820834255e-09 98
2.82843 3.809079227138459e-08 210
3.53554 2.070735284212423e-08 350
4.24264 2.442151528073148e-08 450
4.94975 7.101245814010328e-08 602
5.65686 3.70642042284055e-08 762
6.36396 1.423785074770607e-08 1142
7.07107 5.241094563222071e-09 1250
7.77818 4.60985260319718e-09 1458
8.48528 2.834066176490653e-09 1814
9.19239 1.275506001726325e-09 2178
9.8995 1.037330277432491e-09 2498
10.6066 1.059476176632171e-09 2622
11.3137 6.839715512406033e-10 3338
12.0208 2.027444073496322e-10 3722
12.7279 8.846045387426446e-11 4170
13.435 5.074837297789138e-11 4358
14.1421 3.344232447081795e-11 5034
14.8492 1.761796898487129e-11 5714
15.5564 8.628993779981568e-12 5982
16.2635 4.846058867649831e-12 6602
16.9706 2.822822140893638e-12 7130
17.6777 1.453533283527743e-12 8034
18.3848 6.140090920012089e-13 8606
19.0919 2.949383261163399e-13 9066
19.799 1.584200784623885e-13 9962
20.5061 8.751277120019174e-14 10550
21.2132 4.751176363371318e-14 11226
21.9203 2.646331145760326e-14 12146
22.6274 1.347513438759036e-14 12303
23.3345 6.639516680732293e-15 12584
24.0416 2.994236347458948e-15 12120
24.7487 1.315126818713403e-15 11180
25.4559 5.148961863077762e-16 11096
26.163 1.977626592982605e-16 10056
26.8701 8.582541927864079e-17 9716
27.5772 3.720706079797e-17 8604
28.2843 1.715896654313292e-17 8060
28.9914 7.853575694836385e-18 7320
29.6985 3.587569702451451e-18 6356
30.4056 1.543837788148927e-18 5348
31.1127 6.012697934771573e-19 4308
31.8198 2.614068043974829e-19 3563
32.5269 8.390071534067942e-20 2448
33.234 3.030831614426202e-20 1868
33.9411 1.253126757532067e-20 1358
34.6482 4.129592098526413e-21 1062
35.3554 1.491456025172313e-21 776
36.0625 4.515956789265078e-22 432
36.7696 1.25587524041921e-22 200
37.4767 5.320100615374808e-23 168
38.1838 1.048099503954844e-23 56
38.8909 7.680001899251879e-25 7

0.707107 4.654300213181583e-10 18
1.41421 2.77662626253726e-09 62
2.12132 1.387299661975552e-08 98
2.82843 4.67642976267071e-08 210
3.53554 1.968084494782613e-08 350
4.24264 3.639736673961526e-08 450
4.94975 8.201479732610414e-08 602
5.65686 4.044448123360051e-08 762
6.36396 1.916221571993293e-08 1142
7.07107 1.080099061633912e-08 1250
7.77818 1.151881157860685e-08 1458
8.48528 6.863109710292154e-09 1814
9.19239 3.044280926567538e-09 2178
9.8995 2.200259434148833e-09 2498
10.6066 1.980643520341115e-09 2622
11.3137 1.240226461941773e-09 3338
12.0208 4.521943007397157e-10 3722
12.7279 2.208408782483849e-10 4170
13.435 1.328551223568197e-10 4358
14.1421 8.470178404348461e-11 5034
14.8492 4.770094047344301e-11 5714
15.5564 2.386753483741731e-11 5982
16.2635 1.414114380297968e-11 6602
16.9706 8.082528328562807e-12 7130
17.6777 4.264230151004822e-12 8034
18.3848 2.098306237820268e-12 8606
19.0919 1.032041016064044e-12 9066
19.799 5.690264847705578e-13 9962
20.5061 3.199554828521098e-13 10550
21.2132 1.694984351915733e-13 11226
21.9203 9.169748970740356e-14 12146
22.6274 4.920823807916722e-14 12303
23.3345 2.541010230485001e-14 12584
24.0416 1.218513634159072e-14 12120
24.7487 5.37302240538004e-15 11180
25.4559 2.494268756727994e-15 11096
26.163 1.09531474915133e-15 10056
26.8701 5.375648769899737e-16 9716
27.5772 2.466398519195017e-16 8604
28.2843 1.130064804226853e-16 8060
28.9914 5.640285279672502e-17 7320
29.6985 2.923221434609366e-17 6356
30.4056 1.34488196912008e-17 5348
31.1127 5.608913960546539e-18 4308
31.8198 2.493984219832206e-18 3563
32.5269 9.439752714921618e-19 2448
33.234 4.283058550919228e-19 1868
33.9411 1.60528246621756e-19 1358
34.6482 6.141307575334237e-20 1062
35.3554 2.343409718882109e-20 776
36.0625 6.46256351889842e-21 432
36.7696 2.301909951129286e-21 200
37.4767 1.278421503628714e-21 168
38.1838 5.137059446132592e-22 56
38.8909 4.120306588251728e-23 7

0.707107 7.471400579477571e-10 18
1.41421 2.983972916083041e-09 62
2.12132 1.447359724702889e-08 98
2.82843 5.86046243964021e-08 210
3.53554 4.218308427928282e-08 350
4.24264 5.298334147449468e-08 450
4.94975 1.016964560168459e-07 602
5.65686 5.831654705740701e-08 762
6.36396 3.227256168471409e-08 1142
7.07107 2.70674368871753e-08 1250
7.77818 2.691999334216591e-08 1458
8.48528 2.100250771980857e-08 1814
9.19239 1.384784132105309e-08 2178
9.8995 1.089930534390839e-08 2498
10.6066 8.599806415855519e-09 2622
11.3137 7.004677240865398e-09 3338
12.0208 4.589605578824929e-09 3722
12.7279 3.361502117620732e-09 4170
13.435 2.380564927762515e-09 4358
14.1421 1.844001593287693e-09 5034
14.8492 1.344422045711321e-09 5714
15.5564 9.207851518066962e-10 5982
16.2635 6.619450366626327e-10 6602
16.9706 4.663043190903013e-10 7130
17.6777 3.45666760549863e-10 8034
18.3848 2.366682639797214e-10 8606
19.0919 1.638449942836553e-10 9066
19.799 1.186194950013257e-10 9962
20.5061 8.490754252303681e-11 10550
21.2132 6.167262979555577e-11 11226
21.9203 4.772383498375841e-11 12146
22.6274 3.458197044556521e-11 12303
23.3345 2.228774817279187e-11 12584
24.0416 1.239595289936202e-11 12120
24.7487 6.873500172959941e-12 11180
25.4559 4.058556811327924e-12 11096
26.163 2.252371183800902e-12 10056
26.8701 1.336186271021604e-12 9716
27.5772 7.333180124043204e-13 8604
28.2843 4.366073620097203e-13 8060
28.9914 2.457337240147522e-13 7320
29.6985 1.303598737668959e-13 6356
30.4056 7.138493349540305e-14 5348
31.1127 3.266815393391721e-14 4308
31.8198 1.598539581286957e-14 3563
32.5269 5.302282932229547e-15 2448
33.234 2.558276060348331e-15 1868
33.9411 1.287396586569987e-15 1358
34.6482 6.426485420363994e-16 1062
35.3554 3.126197599328254e-16 776
36.0625 1.142682218867088e-16 432
36.7696 4.22867798912195e-17 200
37.4767 2.543034490426105e-17 168
38.1838 6.652877600465956e-18 56
38.8909 8.466002549748814e-19 7

0.707107 4.891669236289499e-09 18
1.41421 1.18535775869712e-08 62
2.12132 3.58405190681774e-08 98
2.82843 1.324246279310007e-07 210
3.53554 1.276358104408767e-07 350
4.24264 1.25329881623953e-07 450
4.94975 1.771134027263664e-07 602
5.65686 1.440716672657606e-07 762
6.36396 1.15870503672435e-07 1142
7.07107 9.946869908314462e-08 1250
7.77818 1.042053990740355e-07 1458
8.48528 9.05454136020958e-08 1814
9.19239 7.6448295220316e-08 2178
9.8995 6.812843019137522e-08 2498
10.6066 5.857971011006801e-08 2622
11.3137 5.750082231673903e-08 3338
12.0208 4.672414257971484e-08 3722
12.7279 4.215845089452909e-08 4170
13.435 3.456816540522765e-08 4358
14.1421 3.02047750523241e-08 5034
14.8492 2.497023759818529e-08 5714
15.5564 1.735349289357257e-08 5982
16.2635 1.325265776032333e-08 6602
16.9706 1.015085178705834e-08 7130
17.6777 8.141302421725902e-09 8034
18.3848 6.203799651271276e-09 8606
19.0919 4.655094880564299e-09 9066
19.799 3.673853788277045e-09 9962
20.5061 2.943825880739712e-09 10550
21.2132 2.436896491498917e-09 11226
21.9203 2.120759376970515e-09 12146
22.6274 1.723121114043014e-09 12303
23.3345 1.345624931508925e-09 12584
24.0416 9.570595487976066e-10 12120
24.7487 6.341703915422361e-10 11180
25.4559 4.429513271055656e-10 11096
26.163 2.975003654623017e-10 10056
26.8701 2.110019565319124e-10 9716
27.5772 1.381259595286644e-10 8604
28.2843 9.281359698496792e-11 8060
28.9914 6.342979808015241e-11 7320
29.6985 4.029613384707745e-11 6356
30.4056 2.732100374822468e-11 5348
31.1127 1.762490444339831e-11 4308
31.8198 1.149312335085849e-11 3563
32.5269 6.079664566113653e-12 2448
33.234 3.512512962101543e-12 1868
33.9411 1.949348680340133e-12 1358
34.6482 1.070180894329502e-12 1062
35.3554 5.730195611614773e-13 776
36.0625 2.210087411082865e-13 432
36.7696 7.596368528133681e-14 200
37.4767 4.187647159986203e-14 168
38.1838 1.262868691096069e-14 56
38.8909 9.208686226492538e-16 7

0.707107 5.306695720667074e-08 18
1.41421 7.916887383190154e-08 62
2.12132 1.071670339845175e-07 98
2.82843 2.759827434517924e-07 210
3.53554 2.559651381925628e-07 350
4.24264 3.02265497183099e-07 450
4.94975 3.526500644215555e-07 602
5.65686 3.37239224239515e-07 762
6.36396 3.885358134555385e-07 1142
7.07107 3.661455534029381e-07 1250
7.77818 3.955429715584795e-07 1458
8.48528 4.269353187818713e-07 1814
9.19239 4.112432501504588e-07 2178
9.8995 4.514734606539691e-07 2498
10.6066 4.382209510368208e-07 2622
11.3137 5.159232965662133e-07 3338
12.0208 5.299896501956297e-07 3722
12.7279 4.817894521200224e-07 4170
13.435 4.118940045558533e-07 4358
14.1421 4.159902874004351e-07 5034
14.8492 4.223982436938231e-07 5714
15.5564 3.834133079275378e-07 5982
16.2635 3.69375788342353e-07 6602
16.9706 3.350719378718572e-07 7130
17.6777 3.2798365590268e-07 8034
18.3848 2.950202210286053e-07 8606
19.0919 2.553923078354287e-07 9066
19.799 2.456170007081973e-07 9962
20.5061 2.167504199008913e-07 10550
21.2132 1.955443443029106e-07 11226
21.9203 1.834188176519725e-07 12146
22.6274 1.596910260402099e-07 12303
23.3345 1.358278057506895e-07 12584
24.0416 1.064609276767456e-07 12120
24.7487 7.902508612611108e-08 11180
25.4559 6.32279437026026e-08 11096
26.163 4.777710406807126e-08 10056
26.8701 3.786885370064202e-08 9716
27.5772 2.805447275585953e-08 8604
28.2843 2.239862903782817e-08 8060
28.9914 1.72062764382969e-08 7320
29.6985 1.285198409383212e-08 6356
30.4056 9.524609499692716e-09 5348
31.1127 6.552741436293273e-09 4308
31.8198 4.474934572802249e-09 3563
32.5269 2.352910933580712e-09 2448
33.234 1.428980828447871e-09 1868
33.9411 8.893169158641805e-10 1358
34.6482 5.946292648211143e-10 1062
35.3554 3.908960597280025e-10 776
36.0625 1.849622951732162e-10 432
36.7696 8.667227539277732e-11 200
37.4767 7.160339119643207e-11 168
38.1838 1.62800838486041e-11 56
38.8909 4.676001351276292e-12 7

0.707107 1.516731751528751e-07 18
1.41421 1.519890113195782e-07 62
2.12132 1.882245162566246e-07 98
2.82843 4.597575647196373e-07 210
3.53554 4.660827683464934e-07 350
4.24264 4.021223725492362e-07 450
4.94975 5.128980256260031e-07 602
5.65686 5.357123374431623e-07 762
6.36396 6.22708960767871e-07 1142
7.07107 5.404306874886401e-07 1250
7.77818 5.840200917968595e-07 1458
8.48528 6.655447135168495e-07 1814
9.19239 6.764371561671323e-07 2178
9.8995 6.871079320155585e-07 2498
10.6066 6.845540344406994e-07 2622
11.3137 7.541857681102884e-07 3338
12.0208 7.716584992735819e-07 3722
12.7279 7.912694283808476e-07 4170
13.435 7.048991852836683e-07 4358
14.1421 7.244475484673135e-07 5034
14.8492 7.059303902240602e-07 5714
15.5564 6.186264399604425e-07 5982
16.2635 5.703794332093851e-07 6602
16.9706 5.105476773358778e-07 7130
17.6777 4.653840280004797e-07 8034
18.3848 4.120012962160186e-07 8606
19.0919 3.519253235211173e-07 9066
19.799 3.140125375058345e-07 9962
20.5061 2.704956029717316e-07 10550
21.2132 2.353701361130874e-07 11226
21.9203 2.198291228755489e-07 12146
22.6274 1.905238114783676e-07 12303
23.3345 1.580612805577975e-07 12584
24.0416 1.255235293330792e-07 12120
24.7487 9.091455471008219e-08 11180
25.4559 7.199991049270528e-08 11096
26.163 5.312999909050561e-08 10056
26.8701 4.133101519140314e-08 9716
27.5772 2.955211033714797e-08 8604
28.2843 2.330682143758269e-08 8060
28.9914 1.784623515606333e-08 7320
29.6985 1.309952864433309e-08 6356
30.4056 9.703110163121987e-09 5348
31.1127 6.782720852414099e-09 4308
31.8198 4.804859437164203e-09 3563
32.5269 2.72820430958355e-09 2448
33.234 1.679347935142137e-09 1868
33.9411 1.089962908318768e-09 1358
34.6482 7.4012277845541e-10 1062
35.3554 4.857919635540181e-10 776
36.0625 2.14219046914145e-10 432
36.7696 8.178569528487793e-11 200
37.4767 7.860548168898759e-11 168
38.1838 1.499179215468996e-11 56
38.8909 2.649227323627351e-12 7

0.707107 1.568006829498537e-07 18
1.41421 1.633005422084184e-07 62
2.12132 2.570830175278061e-07 98
2.82843 6.311963516734604e-07 210
3.53554 6.04093709496006e-07 350
4.24264 5.885742228971324e-07 450
4.94975 7.041791277784602e-07 602
5.65686 7.071019195786458e-07 762
6.36396 8.45130345374291e-07 1142
7.07107 7.950662856947389e-07 1250
7.77818 8.233789366401119e-07 1458
8.48528 9.245892780333785e-07 1814
9.19239 9.920997670217284e-07 2178
9.8995 1.066942069938971e-06 2498
10.6066 1.066484024375668e-06 2622
11.3137 1.184078850042871e-06 3338
12.0208 1.187261554683007e-06 3722
12.7279 1.205779770223244e-06 4170
13.435 1.138433740611295e-06 4358
14.1421 1.071621815849792e-06 5034
14.8492 1.038154064037886e-06 5714
15.5564 9.49408595973032e-07 5982
16.2635 8.383281642055123e-07 6602
16.9706 7.441177787083683e-07 7130
17.6777 6.81245452939313e-07 8034
18.3848 5.752541632850795e-07 8606
19.0919 4.92790984031217e-07 9066
19.799 4.354293778352558e-07 9962
20.5061 3.585673124266406e-07 10550
21.2132 3.089759953366149e-07 11226
21.9203 2.846151410458487e-07 12146
22.6274 2.419228424853042e-07 12303
23.3345 2.017643722773287e-07 12584
24.0416 1.535306226295423e-07 12120
24.7487 1.118786918724287e-07 11180
25.4559 8.722483806431919e-08 11096
26.163 6.358389357474542e-08 10056
26.8701 4.961451720877826e-08 9716
27.5772 3.515124219015158e-08 8604
28.2843 2.703720887233864e-08 8060
28.9914 2.074200846114474e-08 7320
29.6985 1.5486693981165e-08 6356
30.4056 1.141478933528982e-08 5348
31.1127 7.839046181204949e-09 4308
31.8198 5.475918551654653e-09 3563
32.5269 3.049838215431555e-09 2448
33.234 1.903308797100039e-09 1868
33.9411 1.249010799551549e-09 1358
34.6482 8.178021143966966e-10 1062
35.3554 4.922727538318437e-10 776
36.0625 2.42911466971016e-10 432
36.7696 9.692200503630939e-11 200
37.4767 7.980110758313242e-11 168
38.1838 1.486514533906799e-11 56
38.8909 1.38198854879063e-12 7

0.707107 1.436772101785398e-07 18
1.41421 1.730066092222207e-07 62
2.12132 3.367220851627077e-07 98
2.82843 7.693151434131473e-07 210
3.53554 6.859453761807389e-07 350
4.24264 7.256320622258283e-07 450
4.94975 8.489411895726106e-07 602
5.65686 8.63111360189941e-07 762
6.36396 1.058264260144502e-06 1142
7.07107 9.92498771288454e-07 1250
7.77818 1.060574472444828e-06 1458
8.48528 1.158751721455131e-06 1814
9.19239 1.315288936790917e-06 2178
9.8995 1.31290154502245e-06 2498
10.6066 1.292036488462692e-06 2622
11.3137 1.540915226840908e-06 3338
12.0208 1.534018373659828e-06 3722
12.7279 1.531407621844165e-06 4170
13.435 1.326240402041393e-06 4358
14.1421 1.369538248923835e-06 5034
14.8492 1.293683973511808e-06 5714
15.5564 1.124188515373781e-06 5982
16.2635 1.030487906743091e-06 6602
16.9706 8.807483196780954e-07 7130
17.6777 7.979221054152689e-07 8034
18.3848 6.686498753591721e-07 8606
19.0919 5.519108480222115e-07 9066
19.799 4.930023979893792e-07 9962
20.5061 4.183750624241016e-07 10550
21.2132 3.54371959128474e-07 11226
21.9203 3.196602505302723e-07 12146
22.6274 2.701444672526236e-07 12303
23.3345 2.195811481086398e-07 12584
24.0416 1.7041770631035e-07 12120
24.7487 1.223982049222995e-07 11180
25.4559 9.513557267663071e-08 11096
26.163 6.914692325739516e-08 10056
26.8701 5.307109666319925e-08 9716
27.5772 3.842519589797146e-08 8604
28.2843 2.939474660802301e-08 8060
28.9914 2.238544529545576e-08 7320
29.6985 1.656542668912451e-08 6356
30.4056 1.192096591178347e-08 5348
31.1127 8.246528399393028e-09 4308
31.8198 5.744397778103357e-09 3563
32.5269 3.108005070976181e-09 2448
33.234 1.965799742344757e-09 1868
33.9411 1.27420310584992e-09 1358
34.6482 7.997944330111353e-10 1062
35.3554 5.283839453418252e-10 776
36.0625 2.693784777680936e-10 432
36.7696 1.157724680170989e-10 200
37.4767 8.370034661155498e-11 168
38.1838 1.746677393011906e-11 56
38.8909 1.32580542325977e-12 7

0.707107 2.574615481147998e-07 18
1.41421 1.889580397319136e-07 62
2.12132 3.41457313536212e-07 98
2.82843 8.918881471555894e-07 210
3.53554 7.873244954215078e-07 350
4.24264 7.869350193689885e-07 450
4.94975 9.48688018554275e-07 602
5.65686 9.532662345867548e-07 762
6.36396 1.266311945457183e-06 1142
7.07107 1.119436105337912e-06 1250
7.77818 1.242943194742268e-06 1458
8.48528 1.449763425975753e-06 1814
9.19239 1.621201379478367e-06 2178
9.8995 1.742413272177867e-06 2498
10.6066 1.661904125817159e-06 2622
11.3137 1.917451358946219e-06 3338
12.0208 1.905918217065359e-06 3722
12.7279 1.97689013787635e-06 4170
13.435 1.757558615818589e-06 4358
14.1421 1.772941651434224e-06 5034
14.8492 1.604483834197893e-06 5714
15.5564 1.43507041929014e-06 5982
16.2635 1.275814287160064e-06 6602
16.9706 1.104937010064324e-06 7130
17.6777 9.946748570997876e-07 8034
18.3848 8.235811708851158e-07 8606
19.0919 6.847459812972475e-07 9066
19.799 6.088764273412102e-07 9962
20.5061 4.965930393488205e-07 10550
21.2132 4.247301830470858e-07 11226
21.9203 3.800921793987413e-07 12146
22.6274 3.185041598529988e-07 12303
23.3345 2.610778657746767e-07 12584
24.0416 1.977558189148082e-07 12120
24.7487 1.407983532904185e-07 11180
25.4559 1.069440437492187e-07 11096
26.163 7.869034702140735e-08 10056
26.8701 5.968237906425947e-08 9716
27.5772 4.303898272604366e-08 8604
28.2843 3.33298768091421e-08 8060
28.9914 2.501662512732358e-08 7320
29.6985 1.826352258277944e-08 6356
30.4056 1.335691856379236e-08 5348
31.1127 9.207943917671007e-09 4308
31.8198 6.119843908530943e-09 3563
32.5269 3.402369182106269e-09 2448
33.234 2.240712287020716e-09 1868
33.9411 1.334597001864239e-09 1358
34.6482 9.032936567888539e-10 1062
35.3554 5.406642414195911e-10 776
36.0625 2.889911354547297e-10 432
36.7696 1.302510880665764e-10 200
37.4767 9.034724153411535e-11 168
38.1838 2.168633707628993e-11 56
38.8909 1.426366713154962e-12 7

0.707107 3.657196186044424e-07 18
1.41421 2.015552387898618e-07 62
2.12132 3.826873091004157e-07 98
2.82843 9.961537519146524e-07 210
3.53554 8.439443070882152e-07 350
4.24264 8.54408533939984e-07 450
4.94975 1.014494608919586e-06 602
5.65686 1.061045287527454e-06 762
6.36396 1.377767582354174e-06 1142
7.07107 1.266987967860022e-06 1250
7.77818 1.428585374222378e-06 1458
8.48528 1.680471410357019e-06 1814
9.19239 1.862075984341153e-06 2178
9.8995 1.961008500437028e-06 2498
10.6066 1.842203712368614e-06 2622
11.3137 2.232573316544535e-06 3338
12.0208 2.281715246763031e-06 3722
12.7279 2.266494915448855e-06 4170
13.435 2.022886459161811e-06 4358
14.1421 2.011912559731886e-06 5034
14.8492 1.867614089718346e-06 5714
15.5564 1.648715604461833e-06 5982
16.2635 1.455994578902724e-06 6602
16.9706 1.256223455450751e-06 7130
17.6777 1.13973336896809e-06 8034
18.3848 9.440822251705044e-07 8606
19.0919 7.95495555205952e-07 9066
19.799 6.834022478641516e-07 9962
20.5061 5.604468891011699e-07 10550
21.2132 4.794661546977788e-07 11226
21.9203 4.330879840733633e-07 12146
22.6274 3.593659000245622e-07 12303
23.3345 2.958304951337171e-07 12584
24.0416 2.232828872362426e-07 12120
24.7487 1.591798999999869e-07 11180
25.4559 1.230051959810175e-07 11096
26.163 8.817915528848398e-08 10056
26.8701 6.627893264017637e-08 9716
27.5772 4.812938938692819e-08 8604
28.2843 3.573475050034183e-08 8060
28.9914 2.736524268274882e-08 7320
29.6985 1.979409943111081e-08 6356
30.4056 1.426286490376009e-08 5348
31.1127 9.716072144279379e-09 4308
31.8198 6.907377343014154e-09 3563
32.5269 3.737110776900393e-09 2448
33.234 2.450819249425156e-09 1868
33.9411 1.426017633172602e-09 1358
34.6482 8.667349945575392e-10 1062
35.3554 6.245661718270078e-10 776
36.0625 2.860559282725498e-10 432
36.7696 1.36990285978504e-10 200
37.4767 9.757907013838725e-11 168
38.1838 2.530956364842332e-11 56
38.8909 2.829102403023219e-12 7

0.707107 2.440149378616369e-07 18
1.41421 2.400466967340679e-07 62
2.12132 4.286885111519377e-07 98
2.82843 9.802754663733564e-07 210
3.53554 8.435822915156148e-07 350
4.24264 8.854140201262324e-07 450
4.94975 1.11491475303537e-06 602
5.65686 1.189430625687824e-06 762
6.36396 1.479131974722356e-06 1142
7.07107 1.432807163951856e-06 1250
7.77818 1.62039306988222e-06 1458
8.48528 1.957460843653509e-06 1814
9.19239 2.108142878733503e-06 2178
9.8995 2.261545673467889e-06 2498
10.6066 2.122759019400043e-06 2622
11.3137 2.594926142448976e-06 3338
12.0208 2.55411365221729e-06 3722
12.7279 2.576224439459914e-06 4170
13.435 2.285449774031803e-06 4358
14.1421 2.244454434522188e-06 5034
14.8492 2.093627191508737e-06 5714
15.5564 1.900647806541669e-06 5982
16.2635 1.667803028994562e-06 6602
16.9706 1.437626453232297e-06 7130
17.6777 1.31741131097607e-06 8034
18.3848 1.101302100466347e-06 8606
19.0919 9.286353801060859e-07 9066
19.799 7.857365605748721e-07 9962
20.5061 6.524109022035559e-07 10550
21.2132 5.498722161396277e-07 11226
21.9203 4.91338640424746e-07 12146
22.6274 4.143736696754646e-07 12303
23.3345 3.368000262697831e-07 12584
24.0416 2.542415550046007e-07 12120
24.7487 1.80107622562575e-07 11180
25.4559 1.380976418191575e-07 11096
26.163 9.928537198765523e-08 10056
26.8701 7.594223200795551e-08 9716
27.5772 5.489822844619568e-08 8604
28.2843 4.056270075140411e-08 8060
28.9914 3.05565850807878e-08 7320
29.6985 2.217455888407183e-08 6356
30.4056 1.574108677621267e-08 5348
31.1127 1.090766359761771e-08 4308
31.8198 7.53973624641904e-09 3563
32.5269 4.086886953242815e-09 2448
33.234 2.612262977991738e-09 1868
33.9411 1.544168226059673e-09 1358
34.6482 9.277365901745401e-10 1062
35.3554 6.025624857724491e-10 776
36.0625 3.185163796467052e-10 432
36.7696 1.447743583847e-10 200
37.4767 1.095284334619529e-10 168
38.1838 3.051032268821528e-11 56
38.8909 4.708099754794242e-12 7

0.707107 2.345203418025911e-07 18
1.41421 2.257655679908956e-07 62
2.12132 3.863093262343918e-07 98
2.82843 1.003278519474937e-06 210
3.53554 9.721156662734172e-07 350
4.24264 9.774030255625385e-07 450
4.94975 1.068481988587369e-06 602
5.65686 1.265575138867748e-06 762
6.36396 1.702816758018713e-06 1142
7.07107 1.513237811217067e-06 1250
7.77818 1.853375262400682e-06 1458
8.48528 2.018159836003274e-06 1814
9.19239 2.328439658106652e-06 2178
9.8995 2.435976326207451e-06 2498
10.6066 2.3709184981152e-06 2622
11.3137 2.795005422380168e-06 3338
12.0208 2.802253655443309e-06 3722
12.7279 2.886738596523188e-06 4170
13.435 2.530322265494051e-06 4358
14.1421 2.51270157022776e-06 5034
14.8492 2.284572464897847e-06 5714
15.5564 2.033796853406702e-06 5982
16.2635 1.876316597289683e-06 6602
16.9706 1.598001471159857e-06 7130
17.6777 1.451382539377886e-06 8034
18.3848 1.20262824525068e-06 8606
19.0919 9.94442721333759e-07 9066
19.799 8.685787470743961e-07 9962
20.5061 7.32850077679093e-07 10550
21.2132 6.107311555730981e-07 11226
21.9203 5.539371399560076e-07 12146
22.6274 4.688541679485009e-07 12303
23.3345 3.686253043227866e-07 12584
24.0416 2.809377882868268e-07 12120
24.7487 1.988248658091854e-07 11180
25.4559 1.520574308130428e-07 11096
26.163 1.100875422142574e-07 10056
26.8701 8.412909329135836e-08 9716
27.5772 6.059636595315094e-08 8604
28.2843 4.462199639871826e-08 8060
28.9914 3.414679733601373e-08 7320
29.6985 2.449379071081326e-08 6356
30.4056 1.798458984959549e-08 5348
31.1127 1.199259755636565e-08 4308
31.8198 8.274343752765566e-09 3563
32.5269 4.461254185343445e-09 2448
33.234 2.756916414104435e-09 1868
33.9411 1.718355737300448e-09 1358
34.6482 1.042641867990196e-09 1062
35.3554 7.023222197152728e-10 776
36.0625 3.397907859268437e-10 432
36.7696 1.534463955167904e-10 200
37.4767 1.251074424306247e-10 168
38.1838 3.661643493482818e-11 56
38.8909 4.236640866463743e-12 7

0.707107 1.922800134388688e-07 18
1.41421 2.595934553498204e-07 62
2.12132 4.794804275943494e-07 98
2.82843 1.085168843572359e-06 210
3.53554 1.057357288607044e-06 350
4.24264 9.560414697115219e-07 450
4.94975 1.225205140435421e-06 602
5.65686 1.400724948501792e-06 762
6.36396 1.867396026890627e-06 1142
7.07107 1.688813902495916e-06 1250
7.77818 1.938119104508251e-06 1458
8.48528 2.283668300603312e-06 1814
9.19239 2.506720515204359e-06 2178
9.8995 2.691762182125682e-06 2498
10.6066 2.611373328777881e-06 2622
11.3137 3.043985677747075e-06 3338
12.0208 3.007958612109686e-06 3722
12.7279 3.104241436019304e-06 4170
13.435 2.729335645623596e-06 4358
14.1421 2.681841955739458e-06 5034
14.8492 2.518256670177301e-06 5714
15.5564 2.24193310600211e-06 5982
16.2635 2.006840594818298e-06 6602
16.9706 1.717514560783966e-06 7130
17.6777 1.576159450667751e-06 8034
18.3848 1.32249947062342e-06 8606
19.0919 1.111533004778559e-06 9066
19.799 9.673802380928729e-07 9962
20.5061 8.05045964078404e-07 10550
21.2132 6.886267452268286e-07 11226
21.9203 6.181787256975189e-07 12146
22.6274 5.144287209323771e-07 12303
23.3345 4.169422265517451e-07 12584
24.0416 3.155271902136719e-07 12120
24.7487 2.260661215060092e-07 11180
25.4559 1.696904265084372e-07 11096
26.163 1.244022999325183e-07 10056
26.8701 9.394512528363985e-08 9716
27.5772 6.743663165939405e-08 8604
28.2843 5.011601867246453e-08 8060
28.9914 3.711470287162263e-08 7320
29.6985 2.754261234748826e-08 6356
30.4056 1.940065985895858e-08 5348
31.1127 1.341248919224554e-08 4308
31.8198 9.264842309110092e-09 3563
32.5269 4.864419868889246e-09 2448
33.234 2.997357014997825e-09 1868
33.9411 1.857747725667255e-09 1358
34.6482 1.171598563950713e-09 1062
35.3554 6.94408671910495e-10 776
36.0625 3.878157556635948e-10 432
36.7696 1.583013649228442e-10 200
37.4767 1.344675305971607e-10 168
38.1838 3.95771474895857e-11 56
38.8909 3.909313209200051e-12 7

0.707107 2.835904947325426e-07 18
1.41421 2.341088315972293e-07 62
2.12132 4.101070535590682e-07 98
2.82843 1.019452833902565e-06 210
3.53554 1.018928130299193e-06 350
4.24264 1.023948486210285e-06 450
4.94975 1.286971150405201e-06 602
5.65686 1.465231310254512e-06 762
6.36396 1.921616987597501e-06 1142
7.07107 1.846988440526614e-06 1250
7.77818 2.045688381851866e-06 1458
8.48528 2.46848978571498e-06 1814
9.19239 2.717924495403665e-06 2178
9.8995 2.852417319747799e-06 2498
10.6066 2.839612381383125e-06 2622
11.3137 3.324659017245432e-06 3338
12.0208 3.329723721067418e-06 3722
12.7279 3.296640771901795e-06 4170
13.435 2.985431134403861e-06 4358
14.1421 2.995446597957267e-06 5034
14.8492 2.736614679161302e-06 5714
15.5564 2.445442506433991e-06 5982
16.2635 2.180443856240801e-06 6602
16.9706 1.906605885444994e-06 7130
17.6777 1.76252475823704e-06 8034
18.3848 1.467821231140855e-06 8606
19.0919 1.237577047355645e-06 9066
19.799 1.06421841265813e-06 9962
20.5061 8.9119786322008e-07 10550
21.2132 7.589627662484999e-07 11226
21.9203 6.921500719765874e-07 12146
22.6274 5.698899197820685e-07 12303
23.3345 4.656158945177113e-07 12584
24.0416 3.49848497291896e-07 12120
24.7487 2.521964055564793e-07 11180
25.4559 1.902983801364917e-07 11096
26.163 1.33499059429738e-07 10056
26.8701 1.026786520735501e-07 9716
27.5772 7.372634965239121e-08 8604
28.2843 5.419229835195587e-08 8060
28.9914 4.102063583730006e-08 7320
29.6985 2.93236233691013e-08 6356
30.4056 2.171439220020268e-08 5348
31.1127 1.463218986847678e-08 4308
31.8198 9.841120319940102e-09 3563
32.5269 5.279425275799046e-09 2448
33.234 3.292288256351398e-09 1868
33.9411 2.06955783820938e-09 1358
34.6482 1.267685455587168e-09 1062
35.3554 8.079568233061523e-10 776
36.0625 4.12301134286547e-10 432
36.7696 1.837328199925469e-10 200
37.4767 1.402427187813708e-10 168
38.1838 4.540318174707547e-11 56
38.8909 4.420519984801418e-12 7

0.707107 3.64034693884721e-07 18
1.41421 2.663481162177041e-07 62
2.12132 4.515875438263763e-07 98
2.82843 1.003868001183214e-06 210
3.53554 1.11260095962922e-06 350
4.24264 1.033850785005025e-06 450
4.94975 1.203580569060611e-06 602
5.65686 1.468946222758004e-06 762
6.36396 1.953493447822451e-06 1142
7.07107 1.938890881544264e-06 1250
7.77818 2.188140656767405e-06 1458
8.48528 2.633068275001603e-06 1814
9.19239 2.890682651974236e-06 2178
9.8995 3.128185944205491e-06 2498
10.6066 3.008335358297111e-06 2622
11.3137 3.4859211276271e-06 3338
12.0208 3.570911083942608e-06 3722
12.7279 3.538328898746651e-06 4170
13.435 3.200300450322524e-06 4358
14.1421 3.123311723638132e-06 5034
14.8492 2.929258853813491e-06 5714
15.5564 2.588918367672401e-06 5982
16.2635 2.365982440917152e-06 6602
16.9706 2.042692019221961e-06 7130
17.6777 1.852335320496521e-06 8034
18.3848 1.577103169412916e-06 8606
19.0919 1.340969982648169e-06 9066
19.799 1.166628999808282e-06 9962
20.5061 9.663240053357553e-07 10550
21.2132 8.301846028651713e-07 11226
21.9203 7.554017929472686e-07 12146
22.6274 6.231994852577932e-07 12303
23.3345 5.129638274052324e-07 12584
24.0416 3.83768316700881e-07 12120
24.7487 2.793576900295264e-07 11180
25.4559 2.11787356422199e-07 11096
26.163 1.489004343372757e-07 10056
26.8701 1.141278395661109e-07 9716
27.5772 8.144920535944614e-08 8604
28.2843 6.102207938563587e-08 8060
28.9914 4.614134055881441e-08 7320
29.6985 3.293572189934346e-08 6356
30.4056 2.372626449703763e-08 5348
31.1127 1.572370132168972e-08 4308
31.8198 1.105505076582101e-08 3563
32.5269 5.79966873483325e-09 2448
33.234 3.63456021840697e-09 1868
33.9411 2.252852543061722e-09 1358
34.6482 1.331791022061459e-09 1062
35.3554 8.88192440754743e-10 776
36.0625 4.322332618094731e-10 432
36.7696 1.854848207261359e-10 200
37.4767 1.415176007664938e-10 168
38.1838 4.313472657918831e-11 56
38.8909 5.88797526697275e-12 7

0.707107 3.047551356052088e-07 18
1.41421 2.377301977481343e-07 62
2.12132 4.598756900215152e-07 98
2.82843 9.939660050598644e-07 210
3.53554 1.191060409592757e-06 350
4.24264 1.244680220234453e-06 450
4.94975 1.353900422920428e-06 602
5.65686 1.573869434178001e-06 762
6.36396 2.043429753511741e-06 1142
7.07107 2.034064064237238e-06 1250
7.77818 2.319166568393296e-06 1458
8.48528 2.777971635010535e-06 1814
9.19239 3.057231156663592e-06 2178
9.8995 3.287133292261909e-06 2498
10.6066 3.147428115916821e-06 2622
11.3137 3.736405495146919e-06 3338
12.0208 3.753245372681008e-06 3722
12.7279 3.832495017986228e-06 4170
13.435 3.403343905479768e-06 4358
14.1421 3.353083511982144e-06 5034
14.8492 3.092999305101067e-06 5714
15.5564 2.786972538999877e-06 5982
16.2635 2.53884874310789e-06 6602
16.9706 2.246644387672056e-06 7130
17.6777 2.039173464281264e-06 8034
18.3848 1.701547141938591e-06 8606
19.0919 1.437180889499228e-06 9066
19.799 1.268253322713873e-06 9962
20.5061 1.059781826219089e-06 10550
21.2132 9.092969196480731e-07 11226
21.9203 8.200617270793591e-07 12146
22.6274 6.903540833547345e-07 12303
23.3345 5.627304357245163e-07 12584
24.0416 4.223207594279591e-07 12120
24.7487 3.058297448889072e-07 11180
25.4559 2.310304495338905e-07 11096
26.163 1.655063173823939e-07 10056
26.8701 1.250988813214916e-07 9716
27.5772 8.900074380333764e-08 8604
28.2843 6.655885810530265e-08 8060
28.9914 5.085149524856944e-08 7320
29.6985 3.642143810540617e-08 6356
30.4056 2.686801015601225e-08 5348
31.1127 1.78477714565348e-08 4308
31.8198 1.175251100408961e-08 3563
32.5269 6.352682096994389e-09 2448
33.234 3.863969824074969e-09 1868
33.9411 2.496715512546469e-09 1358
34.6482 1.529881533987141e-09 1062
35.3554 9.414847593358667e-10 776
36.0625 4.937289984582162e-10 432
36.7696 1.992383949823353e-10 200
37.4767 1.523855830618217e-10 168
38.1838 5.148892213372546e-11 56
38.8909 5.021956697979164e-12 7

0.707107 2.280727686329464e-07 18
1.41421 2.267093971160048e-07 62
2.12132 4.49628881552778e-07 98
2.82843 9.869664649599144e-07 210
3.53554 1.124465733125867e-06 350
4.24264 1.166684601985829e-06 450
4.94975 1.300929660831605e-06 602
5.65686 1.505011786847463e-06 762
6.36396 2.157853278001115e-06 1142
7.07107 2.144916110067982e-06 1250
7.77818 2.450256234957887e-06 1458
8.48528 2.88322090129576e-06 1814
9.19239 3.185972406825455e-06 2178
9.8995 3.444821887438297e-06 2498
10.6066 3.291280684101993e-06 2622
11.3137 3.937060335981411e-06 3338
12.0208 3.94046703823081e-06 3722
12.7279 3.98626037550064e-06 4170
13.435 3.500029096086245e-06 4358
14.1421 3.549478519286688e-06 5034
14.8492 3.31929243071612e-06 5714
15.5564 2.893951203021371e-06 5982
16.2635 2.652752406237891e-06 6602
16.9706 2.326048227823355e-06 7130
17.6777 2.141502211622939e-06 8034
18.3848 1.794588295286459e-06 8606
19.0919 1.546575337947692e-06 9066
19.799 1.328323398102432e-06 9962
20.5061 1.115081180629208e-06 10550
21.2132 9.791880386233355e-07 11226
21.9203 8.737920311565788e-07 12146
22.6274 7.367166058098843e-07 12303
23.3345 5.98379665012518e-07 12584
24.0416 4.57723585592252e-07 12120
24.7487 3.24705071085182e-07 11180
25.4559 2.503588169258448e-07 11096
26.163 1.803628807082358e-07 10056
26.8701 1.357650736345788e-07 9716
27.5772 9.614176432969304e-08 8604
28.2843 7.432875795598168e-08 8060
28.9914 5.623853015269114e-08 7320
29.6985 4.039120111849281e-08 6356
30.4056 2.922097809897374e-08 5348
31.1127 1.974906304695252e-08 4308
31.8198 1.354884313767196e-08 3563
32.5269 6.956122027171518e-09 2448
33.234 4.309298931904563e-09 1868
33.9411 2.67792714738999e-09 1358
34.6482 1.619724289029893e-09 1062
35.3554 1.083128189459488e-09 776
36.0625 5.690998271927488e-10 432
36.7696 2.248349549713998e-10 200
37.4767 1.735867406873451e-10 168
38.1838 5.809139913833271e-11 56
38.8909 5.618975104930141e-12 7

0.707107 2.136476569005682e-07 18
1.41421 2.685979138659555e-07 62
2.12132 4.488111418249342e-07 98
2.82843 1.044168661755776e-06 210
3.53554 1.193246019076069e-06 350
4.24264 1.208556458556713e-06 450
4.94975 1.428771427600187e-06 602
5.65686 1.64578251397144e-06 762
6.36396 2.18620445179664e-06 1142
7.07107 2.207480485662874e-06 1250
7.77818 2.500658591531477e-06 1458
8.48528 2.982931332031726e-06 1814
9.19239 3.412473202535449e-06 2178
9.8995 3.490195322583392e-06 2498
10.6066 3.509936523715968e-06 2622
11.3137 4.227909936158842e-06 3338
12.0208 4.101522355181215e-06 3722
12.7279 4.23816907426376e-06 4170
13.435 3.754337831001949e-06 4358
14.1421 3.71952135239104e-06 5034
14.8492 3.492806073122944e-06 5714
15.5564 3.129231351787542e-06 5982
16.2635 2.887104911831499e-06 6602
16.9706 2.515306561906088e-06 7130
17.6777 2.297674553827305e-06 8034
18.3848 1.947597997465019e-06 8606
19.0919 1.653773784492525e-06 9066
19.799 1.449454417651002e-06 9962
20.5061 1.207668600420392e-06 10550
21.2132 1.065467395992863e-06 11226
21.9203 9.546193656569445e-07 12146
22.6274 7.997276152880684e-07 12303
23.3345 6.589289004996874e-07 12584
24.0416 4.995869846753407e-07 12120
24.7487 3.538662223482038e-07 11180
25.4559 2.771658962059682e-07 11096
26.163 1.997345269961387e-07 10056
26.8701 1.494625424030255e-07 9716
27.5772 1.06212428051862e-07 8604
28.2843 8.11967446228132e-08 8060
28.9914 6.089232992762697e-08 7320
29.6985 4.450254738591474e-08 6356
30.4056 3.236126146188331e-08 5348
31.1127 2.153606024506559e-08 4308
31.8198 1.469175221132698e-08 3563
32.5269 8.019689047544251e-09 2448
33.234 4.733664499592888e-09 1868
33.9411 3.097452516513617e-09 1358
34.6482 1.812364037918429e-09 1062
35.3554 1.150541364991172e-09 776
36.0625 6.171077346663297e-10 432
36.7696 2.563244968164793e-10 200
37.4767 1.908343215517422e-10 168
38.1838 5.457906273346336e-11 56
38.8909 8.205931907117085e-12 7

0.707107 2.976937938606628e-07 18
1.41421 2.330628468344844e-07 62
2.12132 5.238238273985456e-07 98
2.82843 9.973401781382184e-07 210
3.53554 1.159702144641144e-06 350
4.24264 1.174892813854496e-06 450
4.94975 1.396724340524257e-06 602
5.65686 1.701819106348988e-06 762
6.36396 2.318121420050878e-06 1142
7.07107 2.201473879314491e-06 1250
7.77818 2.613636426253243e-06 1458
8.48528 3.081461661687308e-06 1814
9.19239 3.450623596094651e-06 2178
9.8995 3.660812037858814e-06 2498
10.6066 3.515503956476689e-06 2622
11.3137 4.358405124039006e-06 3338
12.0208 4.254132374907683e-06 3722
12.7279 4.318669782892361e-06 4170
13.435 4.001494535506598e-06 4358
14.1421 3.752971281684441e-06 5034
14.8492 3.562547961898409e-06 5714
15.5564 3.22002131905717e-06 5982
16.2635 2.912071948987488e-06 6602
16.9706 2.552632163041936e-06 7130
17.6777 2.404737918715486e-06 8034
18.3848 1.993522884408963e-06 8606
19.0919 1.680367676931843e-06 9066
19.799 1.483946207611626e-06 9962
20.5061 1.244703759261645e-06 10550
21.2132 1.095494987762624e-06 11226
21.9203 9.857553035203704e-07 12146
22.6274 8.417989797115934e-07 12303
23.3345 6.953338703381803e-07 12584
24.0416 5.198966381523814e-07 12120
24.7487 3.724612712486235e-07 11180
25.4559 2.87447400291971e-07 11096
26.163 2.078363681947047e-07 10056
26.8701 1.591205172615823e-07 9716
27.5772 1.117969772914122e-07 8604
28.2843 8.629858755790362e-08 8060
28.9914 6.395837257483377e-08 7320
29.6985 4.746609966854066e-08 6356
30.4056 3.38249963687022e-08 5348
31.1127 2.31743022027902e-08 4308
31.8198 1.581295381598674e-08 3563
32.5269 8.259626210379063e-09 2448
33.234 5.178645562354479e-09 1868
33.9411 3.154493117617425e-09 1358
34.6482 2.09035656224727e-09 1062
35.3554 1.239239965851064e-09 776
36.0625 5.988887464624238e-10 432
36.7696 2.677912886182468e-10 200
37.4767 2.076452945585232e-10 168
38.1838 6.003041255203536e-11 56
38.8909 9.057782721531544e-12 7

0.707107 3.632159950093096e-07 18
1.41421 2.57307287820623e-07 62
2.12132 4.024623212968446e-07 98
2.82843 1.011033648516478e-06 210
3.53554 1.174819438654234e-06 350
4.24264 1.334783832959387e-06 450
4.94975 1.48495842346963e-06 602
5.65686 1.63369155583383e-06 762
6.36396 2.390279375424044e-06 1142
7.07107 2.321624751154155e-06 1250
7.77818 2.588312637290923e-06 1458
8.48528 3.215286589298075e-06 1814
9.19239 3.637161940326813e-06 2178
9.8995 3.786652027164747e-06 2498
10.6066 3.631147414290332e-06 2622
11.3137 4.429539882110518e-06 3338
12.0208 4.452995771746533e-06 3722
12.7279 4.505239983096935e-06 4170
13.435 4.067596188528449e-06 4358
14.1421 4.028308384686295e-06 5034
14.8492 3.782136668449417e-06 5714
15.5564 3.405726810149547e-06 5982
16.2635 3.07429204651652e-06 6602
16.9706 2.743527396105985e-06 7130
17.6777 2.522810771160803e-06 8034
18.3848 2.156450326506298e-06 8606
19.0919 1.792040385252833e-06 9066
19.799 1.590606230864614e-06 9962
20.5061 1.3498514946181e-06 10550
21.2132 1.1869509953937e-06 11226
21.9203 1.07365466031929e-06 12146
22.6274 8.979959509255588e-07 12303
23.3345 7.419884676318225e-07 12584
24.0416 5.615646946456474e-07 12120
24.7487 4.028208022907258e-07 11180
25.4559 3.12414025409928e-07 11096
26.163 2.228516723121299e-07 10056
26.8701 1.745244535971316e-07 9716
27.5772 1.217367039422742e-07 8604
28.2843 9.442343867238312e-08 8060
28.9914 7.145980234005083e-08 7320
29.6985 5.073380738504508e-08 6356
30.4056 3.63148979283774e-08 5348
31.1127 2.559097070074882e-08 4308
31.8198 1.758424131464902e-08 3563
32.5269 9.20478841472012e-09 2448
33.234 5.594785387849268e-09 1868
33.9411 3.457092509884971e-09 1358
34.6482 2.208733339818992e-09 1062
35.3554 1.338524725002104e-09 776
36.0625 6.906773699699458e-10 432
36.7696 3.041475877899628e-10 200
37.4767 2.243025607293633e-10 168
38.1838 6.598365754048903e-11 56
38.8909 1.476388528735046e-11 7

0.707107 2.895126255449976e-07 18
1.41421 2.548376321001094e-07 62
2.12132 5.248577383810858e-07 98
2.82843 1.02654105728457e-06 210
3.53554 1.18708163998592e-06 350
4.24264 1.275039078574005e-06 450
4.94975 1.441061782994544e-06 602
5.65686 1.778728266925505e-06 762
6.36396 2.440057155456362e-06 1142
7.07107 2.360783056642505e-06 1250
7.77818 2.65156641320914e-06 1458
8.48528 3.399423639880815e-06 1814
9.19239 3.802923300769508e-06 2178
9.8995 3.801341256117793e-06 2498
10.6066 3.785293763568882e-06 2622
11.3137 4.564614069374056e-06 3338
12.0208 4.5465821980526e-06 3722
12.7279 4.576718147850463e-06 4170
13.435 4.176574842557967e-06 4358
14.1421 4.155229078325889e-06 5034
14.8492 3.8968954889498e-06 5714
15.5564 3.501810009005084e-06 5982
16.2635 3.163155755980512e-06 6602
16.9706 2.857467002122364e-06 7130
17.6777 2.581775433135774e-06 8034
18.3848 2.231738685071724e-06 8606
19.0919 1.851090331580512e-06 9066
19.799 1.625529664204187e-06 9962
20.5061 1.405327922911237e-06 10550
21.2132 1.255924783749955e-06 11226
21.9203 1.100758370829866e-06 12146
22.6274 9.403193674829741e-07 12303
23.3345 7.697628686295343e-07 12584
24.0416 5.830772349841483e-07 12120
24.7487 4.273997919181931e-07 11180
25.4559 3.263179266807522e-07 11096
26.163 2.352614922492575e-07 10056
26.8701 1.82375677238678e-07 9716
27.5772 1.310350988942295e-07 8604
28.2843 9.841337378389061e-08 8060
28.9914 7.521435121321354e-08 7320
29.6985 5.419408633015355e-08 6356
30.4056 3.854125610748406e-08 5348
31.1127 2.663501843843786e-08 4308
31.8198 1.884145537814856e-08 3563
32.5269 9.727383049481092e-09 2448
33.234 5.873657599105558e-09 1868
33.9411 3.761342160183059e-09 1358
34.6482 2.388924479017265e-09 1062
35.3554 1.423583251605245e-09 776
36.0625 7.37478856236572e-10 432
36.7696 3.524165448694522e-10 200
37.4767 2.537079205773698e-10 168
38.1838 7.712779585420871e-11 56
38.8909 1.581460591963799e-11 7

0.707107 2.226834651893249e-07 18
1.41421 2.317774781116313e-07 62
2.12132 4.275274248050638e-07 98
2.82843 1.030008273171639e-06 210
3.53554 1.163920617892995e-06 350
4.24264 1.291141247358354e-06 450
4.94975 1.556165101208516e-06 602
5.65686 1.842442426496936e-06 762
6.36396 2.521269596066931e-06 1142
7.07107 2.467885897711906e-06 1250
7.77818 2.769010905882139e-06 1458
8.48528 3.372603575176739e-06 1814
9.19239 3.868145224271197e-06 2178
9.8995 4.161277110223023e-06 2498
10.6066 3.99705399342453e-06 2622
11.3137 4.748797769711302e-06 3338
12.0208 4.74565827028936e-06 3722
12.7279 4.814988434343589e-06 4170
13.435 4.248022900584064e-06 4358
14.1421 4.375214793374327e-06 5034
14.8492 4.100102832657296e-06 5714
15.5564 3.573920203257375e-06 5982
16.2635 3.36113169211898e-06 6602
16.9706 2.937875119993148e-06 7130
17.6777 2.723608700172974e-06 8034
18.3848 2.282473248802658e-06 8606
19.0919 1.978203600010973e-06 9066
19.799 1.729549895543677e-06 9962
20.5061 1.474065182736461e-06 10550
21.2132 1.312237921552228e-06 11226
21.9203 1.17410607685131e-06 12146
22.6274 9.962836674041582e-07 12303
23.3345 8.301724262337064e-07 12584
24.0416 6.278293596527773e-07 12120
24.7487 4.581566802154625e-07 11180
25.4559 3.583155834293212e-07 11096
26.163 2.491581592064295e-07 10056
26.8701 1.945245071020757e-07 9716
27.5772 1.392692489014206e-07 8604
28.2843 1.070031313184451e-07 8060
28.9914 8.091551196996447e-08 7320
29.6985 5.7699216306059e-08 6356
30.4056 4.120500996045295e-08 5348
31.1127 2.939335484458032e-08 4308
31.8198 2.005021191579075e-08 3563
32.5269 1.074697524314995e-08 2448
33.234 6.501535270818827e-09 1868
33.9411 3.957855836116297e-09 1358
34.6482 2.511848122239903e-09 1062
35.3554 1.541196851630127e-09 776
36.0625 8.158964606078146e-10 432
36.7696 3.340689698716111e-10 200
37.4767 2.668382334567573e-10 168
38.1838 8.288768375142347e-11 56
38.8909 1.37325760228209e-11 7

0.707107 2.342316911437764e-07 18
1.41421 2.796675242978508e-07 62
2.12132 4.930437242469297e-07 98
2.82843 9.227864747947416e-07 210
3.53554 1.226311113692181e-06 350
4.24264 1.391903233819394e-06 450
4.94975 1.558819293783424e-06 602
5.65686 1.795019094308128e-06 762
6.36396 2.49387913221609e-06 1142
7.07107 2.473371940209762e-06 1250
7.77818 2.848843388232552e-06 1458
8.48528 3.500762610731802e-06 1814
9.19239 3.918015783416918e-06 2178
9.8995 4.161539340637994e-06 2498
10.6066 4.014826439821569e-06 2622
11.3137 4.883515575001968e-06 3338
12.0208 4.894963701471564e-06 3722
12.7279 4.899301239497706e-06 4170
13.435 4.47246314747024e-06 4358
14.1421 4.497802503968966e-06 5034
14.8492 4.173118599114081e-06 5714
15.5564 3.745701313394139e-06 5982
16.2635 3.458577069528331e-06 6602
16.9706 3.057978083100409e-06 7130
17.6777 2.849969227267075e-06 8034
18.3848 2.380093016229117e-06 8606
19.0919 2.019921038869848e-06 9066
19.799 1.771719239833801e-06 9962
20.5061 1.532593100681446e-06 10550
21.2132 1.349184939272051e-06 11226
21.9203 1.239931291004337e-06 12146
22.6274 1.047829883826497e-06 12303
23.3345 8.713322317210031e-07 12584
24.0416 6.59280892360744e-07 12120
24.7487 4.809001713372855e-07 11180
25.4559 3.710689017120006e-07 11096
26.163 2.689540988675384e-07 10056
26.8701 2.068799344452728e-07 9716
27.5772 1.487083856228177e-07 8604
28.2843 1.148885499951488e-07 8060
28.9914 8.66261244759997e-08 7320
29.6985 6.33845584210257e-08 6356
30.4056 4.368332359425773e-08 5348
31.1127 3.19027429804449e-08 4308
31.8198 2.113663726846238e-08 3563
32.5269 1.150887547635554e-08 2448
33.234 6.804234238873622e-09 1868
33.9411 4.299551532904295e-09 1358
34.6482 2.815377384863142e-09 1062
35.3554 1.692808013745964e-09 776
36.0625 8.013076591486463e-10 432
36.7696 3.602167265185514e-10 200
37.4767 2.734531739151503e-10 168
38.1838 8.560038817055186e-11 56
38.8909 1.854831831907689e-11 7

0.707107 3.31290445977182e-07 18
1.41421 2.601789648060629e-07 62
2.12132 4.915461088613868e-07 98
2.82843 1.047340522375364e-06 210
3.53554 1.228821183361179e-06 350
4.24264 1.307771300030435e-06 450
4.94975 1.518326607347087e-06 602
5.65686 1.85884602380203e-06 762
6.36396 2.454810813758798e-06 1142
7.07107 2.557525375825443e-06 1250
7.77818 2.88988591185644e-06 1458
8.48528 3.720545183267287e-06 1814
9.19239 3.915087264678426e-06 2178
9.8995 4.238239862299785e-06 2498
10.6066 4.046991618582772e-06 2622
11.3137 5.058879204188286e-06 3338
12.0208 5.062954733379204e-06 3722
12.7279 4.981524469302969e-06 4170
13.435 4.639753067590546e-06 4358
14.1421 4.633706236763643e-06 5034
14.8492 4.279229331654918e-06 5714
15.5564 3.917038336945577e-06 5982
16.2635 3.572610010288597e-06 6602
16.9706 3.115251064068824e-06 7130
17.6777 2.933967843138056e-06 8034
18.3848 2.47041985547486e-06 8606
19.0919 2.094163505616511e-06 9066
19.799 1.866573039218949e-06 9962
20.5061 1.61580768837841e-06 10550
21.2132 1.434426277777809e-06 11226
21.9203 1.30484124011986e-06 12146
22.6274 1.094001998757731e-06 12303
23.3345 9.147519877851644e-07 12584
24.0416 6.91365935626351e-07 12120
24.7487 5.042457731605774e-07 11180
25.4559 3.896772197192472e-07 11096
26.163 2.839045522861505e-07 10056
26.8701 2.187414110276885e-07 9716
27.5772 1.572806645749674e-07 8604
28.2843 1.195976550352772e-07 8060
28.9914 9.376404701948901e-08 7320
29.6985 6.809722982298735e-08 6356
30.4056 4.675246685975415e-08 5348
31.1127 3.288888830948418e-08 4308
31.8198 2.277354327791769e-08 3563
32.5269 1.247393783406514e-08 2448
33.234 7.575177559130279e-09 1868
33.9411 4.627066626036023e-09 1358
34.6482 2.951122910392931e-09 1062
35.3554 1.844196511323329e-09 776
36.0625 8.343140852894989e-10 432
36.7696 3.98825017359842e-10 200
37.4767 2.754095062445849e-10 168
38.1838 8.797524281463388e-11 56
38.8909 1.826378809366164e-11 7

0.707107 3.986029215140884e-07 18
1.41421 2.708827828485087e-07 62
2.12132 4.448891629469759e-07 98
2.82843 1.017025857720277e-06 210
3.53554 1.111796423765745e-06 350
4.24264 1.309421674928294e-06 450
4.94975 1.540715339482088e-06 602
5.65686 1.883154434324279e-06 762
6.36396 2.59677221146769e-06 1142
7.07107 2.52741095090812e-06 1250
7.77818 3.013501409572077e-06 1458
8.48528 3.535863955447381e-06 1814
9.19239 4.211649624636173e-06 2178
9.8995 4.186816705603759e-06 2498
10.6066 4.274667771590285e-06 2622
11.3137 5.065581393638792e-06 3338
12.0208 5.098588818895474e-06 3722
12.7279 5.109010204287736e-06 4170
13.435 4.751677671072318e-06 4358
14.1421 4.780797608843067e-06 5034
14.8492 4.510854761780649e-06 5714
15.5564 4.024967498759147e-06 5982
16.2635 3.695055674322235e-06 6602
16.9706 3.213423203768034e-06 7130
17.6777 3.027960409047506e-06 8034
18.3848 2.566987068172499e-06 8606
19.0919 2.20053959862798e-06 9066
19.799 1.93372782496517e-06 9962
20.5061 1.679556652643513e-06 10550
21.2132 1.473743317200703e-06 11226
21.9203 1.335235550668195e-06 12146
22.6274 1.140540170875971e-06 12303
23.3345 9.484388372339889e-07 12584
24.0416 7.218391799785525e-07 12120
24.7487 5.175955474851669e-07 11180
25.4559 4.178627153665227e-07 11096
26.163 2.905619067964663e-07 10056
26.8701 2.322471178753709e-07 9716
27.5772 1.63750694238447e-07 8604
28.2843 1.312633086121695e-07 8060
28.9914 9.781000754442271e-08 7320
29.6985 7.251154640865838e-08 6356
30.4056 4.997740354285626e-08 5348
31.1127 3.502053293705243e-08 4308
31.8198 2.445804870388472e-08 3563
32.5269 1.377729953050921e-08 2448
33.234 8.232413878813494e-09 1868
33.9411 4.798002129444212e-09 1358
34.6482 3.189894722178866e-09 1062
35.3554 1.957278866908492e-09 776
36.0625 9.804980041897726e-10 432
36.7696 4.415889774234864e-10 200
37.4767 3.221229202111056e-10 168
38.1838 9.133002736693981e-11 56
38.8909 1.307349434185327e-11 7

0.707107 3.097418189762419e-07 18
1.41421 2.615539639380067e-07 62
2.12132 4.608822203190831e-07 98
2.82843 1.056305266336433e-06 210
3.53554 1.112870218239023e-06 350
4.24264 1.318372541183042e-06 450
4.94975 1.581073582599539e-06 602
5.65686 1.938110079564255e-06 762
6.36396 2.536779801781699e-06 1142
7.07107 2.573520006003251e-06 1250
7.77818 3.021741454602474e-06 1458
8.48528 3.700269803080165e-06 1814
9.19239 4.243610626649834e-06 2178
9.8995 4.322170838979722e-06 2498
10.6066 4.339014897666464e-06 2622
11.3137 5.254975040330232e-06 3338
12.0208 5.201647898321799e-06 3722
12.7279 5.321504216874418e-06 4170
13.435 4.745482800661428e-06 4358
14.1421 4.904880066047892e-06 5034
14.8492 4.585887010042666e-06 5714
15.5564 4.126710104910929e-06 5982
16.2635 3.783025939728164e-06 6602
16.9706 3.347026937605527e-06 7130
17.6777 3.121161162797589e-06 8034
18.3848 2.633184154149058e-06 8606
19.0919 2.251676618170798e-06 9066
19.799 2.024816440124798e-06 9962
20.5061 1.738818255707912e-06 10550
21.2132 1.524346345735099e-06 11226
21.9203 1.393518590040932e-06 12146
22.6274 1.208379571137559e-06 12303
23.3345 9.826301520009616e-07 12584
24.0416 7.580428683945534e-07 12120
24.7487 5.518351276918875e-07 11180
25.4559 4.326074018041937e-07 11096
26.163 3.116005819468209e-07 10056
26.8701 2.411796777031737e-07 9716
27.5772 1.723596534011271e-07 8604
28.2843 1.345164395047021e-07 8060
28.9914 1.026931578306179e-07 7320
29.6985 7.543020131154239e-08 6356
30.4056 5.363711847505978e-08 5348
31.1127 3.790934932647429e-08 4308
31.8198 2.627670664682807e-08 3563
32.5269 1.433710651706953e-08 2448
33.234 8.77719213120652e-09 1868
33.9411 5.304611720176698e-09 1358
34.6482 3.349664407629869e-09 1062
35.3554 2.014810521819142e-09 776
36.0625 1.142114360071228e-09 432
36.7696 4.453805409663792e-10 200
37.4767 3.609901970804284e-10 168
38.1838 1.028078761003236e-10 56
38.8909 1.341192854976386e-11 7

0.707107 2.086252247845171e-07 18
1.41421 2.978019156555584e-07 62
2.12132 5.423082962373274e-07 98
2.82843 1.05849772014642e-06 210
3.53554 1.196399200256939e-06 350
4.24264 1.332125407163122e-06 450
4.94975 1.682406064612855e-06 602
5.65686 1.941303443592687e-06 762
6.36396 2.721104136398088e-06 1142
7.07107 2.651809004622865e-06 1250
7.77818 3.14284155075254e-06 1458
8.48528 3.802914779192889e-06 1814
9.19239 4.341939203865207e-06 2178
9.8995 4.4520235920801e-06 2498
10.6066 4.432872961122608e-06 2622
11.3137 5.394525931203744e-06 3338
12.0208 5.393874345009318e-06 3722
12.7279 5.414640230000634e-06 4170
13.435 5.005165952364859e-06 4358
14.1421 4.919801125440796e-06 5034
14.8492 4.643991396526453e-06 5714
15.5564 4.227981112791979e-06 5982
16.2635 3.894667196967828e-06 6602
16.9706 3.467795664423985e-06 7130
17.6777 3.247853995910317e-06 8034
18.3848 2.801635469155978e-06 8606
19.0919 2.309954808664863e-06 9066
19.799 2.081582160238099e-06 9962
20.5061 1.809352186300648e-06 10550
21.2132 1.597588859794101e-06 11226
21.9203 1.474064161199537e-06 12146
22.6274 1.250796352629693e-06 12303
23.3345 1.032788858783601e-06 12584
24.0416 7.936732230779714e-07 12120
24.7487 5.772355634878602e-07 11180
25.4559 4.474680507661252e-07 11096
26.163 3.2928735862345e-07 10056
26.8701 2.537382944523454e-07 9716
27.5772 1.838899716229065e-07 8604
28.2843 1.417368229457673e-07 8060
28.9914 1.063846192513704e-07 7320
29.6985 8.11670210322508e-08 6356
30.4056 5.745301105022521e-08 5348
31.1127 3.994863840474412e-08 4308
31.8198 2.793468009354336e-08 3563
32.5269 1.48463017783804e-08 2448
33.234 9.125812748135056e-09 1868
33.9411 5.487067316690153e-09 1358
34.6482 3.602744047467984e-09 1062
35.3554 2.268824618234463e-09 776
36.0625 1.15697488433321e-09 432
36.7696 4.900844114656773e-10 200
37.4767 3.999218428333492e-10 168
38.1838 1.05666395401474e-10 56
38.8909 1.400337828773676e-11 7

0.707107 2.374882106961722e-07 18
1.41421 2.952544044420077e-07 62
2.12132 4.348353427053972e-07 98
2.82843 1.034777814815294e-06 210
3.53554 1.19645691543482e-06 350
4.24264 1.307134212315907e-06 450
4.94975 1.676592327213995e-06 602
5.65686 2.011029439095948e-06 762
6.36396 2.741118409736837e-06 1142
7.07107 2.696088584722888e-06 1250
7.77818 3.057299136646396e-06 1458
8.48528 3.768224356933064e-06 1814
9.19239 4.442988789497716e-06 2178
9.8995 4.578373399677599e-06 2498
10.6066 4.39464750391285e-06 2622
11.3137 5.45156523014698e-06 3338
12.0208 5.34328788253684e-06 3722
12.7279 5.524001902794254e-06 4170
13.435 5.078231077797803e-06 4358
14.1421 5.138910112621185e-06 5034
14.8492 4.849725002843243e-06 5714
15.5564 4.295931905650353e-06 5982
16.2635 3.953130990369519e-06 6602
16.9706 3.528002741299129e-06 7130
17.6777 3.302557244186591e-06 8034
18.3848 2.802119717540425e-06 8606
19.0919 2.355476207689964e-06 9066
19.799 2.133010455079214e-06 9962
20.5061 1.848251880188034e-06 10550
21.2132 1.633548992157888e-06 11226
21.9203 1.497515172627212e-06 12146
22.6274 1.293197982446785e-06 12303
23.3345 1.066124227930837e-06 12584
24.0416 8.218315853268836e-07 12120
24.7487 6.015202918518813e-07 11180
25.4559 4.686576257727424e-07 11096
26.163 3.400803846891358e-07 10056
26.8701 2.671066432200987e-07 9716
27.5772 1.919130816495706e-07 8604
28.2843 1.481272484320587e-07 8060
28.9914 1.122570636868598e-07 7320
29.6985 8.374920471382404e-08 6356
30.4056 6.021097842448422e-08 5348
31.1127 4.276027808561898e-08 4308
31.8198 2.8884739931204e-08 3563
32.5269 1.606313005609448e-08 2448
33.234 9.941066089906156e-09 1868
33.9411 5.886897369343415e-09 1358
34.6482 3.725845650322125e-09 1062
35.3554 2.343259214054113e-09 776
36.0625 1.107037231837506e-09 432
36.7696 5.358020132578166e-10 200
37.4767 4.277333745783807e-10 168
38.1838 1.083602619128253e-10 56
38.8909 1.897909254578872e-11 7

0.707107 3.322077061671414e-07 18
1.41421 3.018430740872019e-07 62
2.12132 5.350950925773994e-07 98
2.82843 1.149786771121566e-06 210
3.53554 1.09649967115613e-06 350
4.24264 1.473689655026137e-06 450
4.94975 1.57526092123283e-06 602
5.65686 1.904215805892404e-06 762
6.36396 2.603419206392184e-06 1142
7.07107 2.737137884066863e-06 1250
7.77818 3.280528010406716e-06 1458
8.48528 3.774887740968962e-06 1814
9.19239 4.441182159910241e-06 2178
9.8995 4.623014841391142e-06 2498
10.6066 4.658853468488259e-06 2622
11.3137 5.608280754230763e-06 3338
12.0208 5.53155764660036e-06 3722
12.7279 5.694368428801425e-06 4170
13.435 5.199289283405545e-06 4358
14.1421 5.260185378993582e-06 5034
14.8492 4.973001426547409e-06 5714
15.5564 4.39936290127697e-06 5982
16.2635 4.101529039999701e-06 6602
16.9706 3.658507255240888e-06 7130
17.6777 3.417731616914197e-06 8034
18.3848 2.903878131529646e-06 8606
19.0919 2.467874671259573e-06 9066
19.799 2.20756953473111e-06 9962
20.5061 1.928942681350033e-06 10550
21.2132 1.689395411135217e-06 11226
21.9203 1.57113916037647e-06 12146
22.6274 1.350221469202722e-06 12303
23.3345 1.11200653947547e-06 12584
24.0416 8.635869967396997e-07 12120
24.7487 6.263983143270455e-07 11180
25.4559 4.917693950848055e-07 11096
26.163 3.616146500753607e-07 10056
26.8701 2.796767591999887e-07 9716
27.5772 2.003547995958595e-07 8604
28.2843 1.555616141372086e-07 8060
28.9914 1.196244061176629e-07 7320
29.6985 8.837798074742308e-08 6356
30.4056 6.336703220203443e-08 5348
31.1127 4.485340243230518e-08 4308
31.8198 3.150120579071164e-08 3563
32.5269 1.635632068783084e-08 2448
33.234 1.03647361399097e-08 1868
33.9411 6.174208598230865e-09 1358
34.6482 4.037928979713677e-09 1062
35.3554 2.500440142978244e-09 776
36.0625 1.292161638241027e-09 432
36.7696 5.365998356349487e-10 200
37.4767 4.593833496479501e-10 168
38.1838 1.208622828325752e-10 56
38.8909 1.847032207889129e-11 7

