#t    E^kin_scal0    E^grad_scal0    E^kin_scal1    E^grad_scal1    Vpot_term_0    Vpot_term_1    E_tot
0    0.125000208327259    6.15714514064603e-14    2.56972496663112e-13    1.9252335057585e-14    0.250000000000023    2.49375141472869e-13    0.37500020832787
0.5    0.0694755884339214    1.21585174158925e-14    5.66053518593748e-14    3.49328753770285e-15    0.0720493751837177    5.40600987937313e-14    0.141524963617765
1    0.0307231365768008    3.1727702855981e-15    1.32927631547378e-14    1.00486221178382e-15    0.0110934041569219    1.19075080655321e-14    0.0418165407337521
1.5    0.0115974306496064    1.29981234168131e-15    3.27193299956028e-15    5.78416541003261e-16    0.000652946243812596    2.75323213626977e-15    0.0122503768934269
2    0.00452445011805058    7.09444560778486e-16    8.41931709735724e-16    5.88154965995447e-16    1.65933242699017e-06    2.06394717298753e-16    0.00452610945047992
2.49999999999999    0.0021121270359723    4.31077317615748e-16    5.25507449605751e-16    4.15601281339746e-16    1.09789512572048e-05    5.82587465488614e-16    0.00212310598723146
2.99999999999998    0.000926178583966452    2.60934865751282e-16    6.40841965554123e-16    1.39003444594742e-16    0.000283014133764611    1.17114281453566e-15    0.00120919271773327
3.49999999999997    8.53156176716804e-05    1.70367540174801e-16    1.09803173860239e-15    5.68437387696525e-17    0.0008741787778667    7.32026099987311e-16    0.000959494395540438
3.99999999999996    0.000183176409572373    1.13787866313067e-16    7.95701413569822e-16    3.7212338939754e-17    0.000746222896378979    5.35669419102874e-16    0.000929399305952834
4.49999999999995    0.000520883059936938    8.14559181265357e-17    4.29540287749104e-16    2.6854298191231e-17    0.000181548145136489    2.73485515508354e-16    0.000702431205074239
4.99999999999994    0.000430713001502585    6.34960668335065e-17    1.63872399468555e-16    3.95823134522156e-17    8.98592971328549e-06    9.56113587619809e-17    0.000439698931216233
5.49999999999993    0.000280080450444933    4.79516718438163e-17    5.3072832442021e-17    5.71857128443911e-17    1.14171345503166e-12    8.75292972103281e-20    0.000280080451586805
5.99999999999992    0.000183413337065138    3.63674714697473e-17    1.5829707718772e-16    1.72983533935513e-17    5.98600614177379e-06    8.62983821345891e-17    0.00018939934320721
6.49999999999991    8.01415232922364e-05    2.59281517766855e-17    2.35418921827454e-16    9.17696736146309e-18    6.17956370779808e-05    8.87703853221887e-17    0.000141937160370577
6.9999999999999    5.48795537462381e-07    1.92778951450947e-17    1.95221557273961e-16    5.34728402308764e-18    0.000130690297028474    1.35919721679727e-16    0.000131239092566292
7.49999999999988    4.86376132099955e-05    1.57183005671643e-17    1.27483329146216e-16    4.88086926406722e-18    7.65023995477324e-05    1.13200549912811e-16    0.000125140012757989
7.99999999999987    8.74316140830035e-05    1.35846906083134e-17    6.33036061742294e-17    7.16811652362199e-18    1.17893133524227e-05    6.50368921134756e-17    9.92209274355753e-05
8.49999999999986    7.27425495145474e-05    1.16494660262537e-17    3.33960703489456e-17    1.05606791045146e-17    1.53109191266613e-07    1.05801980129796e-17    7.28956587058802e-05
8.99999999999985    5.44670639970922e-05    9.83333884479592e-18    1.17611642342024e-17    1.80090900486351e-17    6.62461108923779e-08    2.56007142716791e-17    5.45333101080498e-05
9.49999999999984    3.68727058062929e-05    7.68543021270522e-18    8.96482471855577e-17    5.54372348502006e-18    5.3711373241414e-06    4.36460118523807e-17    4.22438431305808e-05
9.99999999999983    9.80578309682719e-06    5.85639271644481e-18    7.15939747339422e-17    2.55478660337427e-18    2.65203946196156e-05    1.16545906402468e-16    3.63261777166393e-05
10.4999999999998    2.19588573929452e-06    4.87146585752598e-18    4.95459122803455e-17    2.18440919025032e-18    3.34979767449161e-05    1.23457937590712e-16    3.56938624843906e-05
10.9999999999998    2.10867603789517e-05    4.35777721193591e-18    3.03100749627066e-17    2.60413277852398e-18    1.16397714380634e-05    8.68585381113404e-17    3.27265318171392e-05
11.4999999999998    2.571744819282e-05    4.01857491153928e-18    2.06928380980269e-17    3.3565999183829e-18    8.6342785535996e-07    2.98997057837968e-17    2.65808760482379e-05
11.9999999999998    2.11612950045652e-05    3.6404731111003e-18    1.78075353325022e-17    7.12822970531771e-18    2.50247497614729e-11    3.51451899828788e-19    2.11613200293439e-05
12.4999999999998    1.67722839348984e-05    3.05941321116522e-18    3.00963869582192e-17    6.73409392460105e-18    3.34900562740464e-07    7.49480839846178e-17    1.71071844977537e-05
12.9999999999998    9.49422711832114e-06    2.45516062733544e-18    9.29172618132586e-17    1.90819347136076e-18    4.88758053734995e-06    8.54576339047382e-17    1.43818076558538e-05
13.4999999999998    5.30917050042218e-07    1.99779377984766e-18    2.06201920198835e-17    2.27761675491264e-18    1.29692142495304e-05    1.75811123455611e-16    1.35001312997733e-05
13.9999999999997    3.90834368674515e-06    1.77171069308407e-18    1.99101577393079e-17    2.1002169064112e-18    9.36957862744396e-06    1.44161342409019e-16    1.3277922314357e-05
14.4999999999997    1.00047859671208e-05    1.69806323789054e-18    8.68180161263335e-17    1.29381437222247e-18    1.78498286020017e-06    1.47594718739425e-17    1.17897688274256e-05
14.9999999999997    9.81203975615213e-06    1.60679004226849e-18    3.59239265874689e-17    1.81696318821608e-18    3.57210241716917e-08    3.23602290864658e-18    9.84776078036641e-06
15.4999999999997    8.2322536600038e-06    1.45006089458567e-18    1.27207879241029e-17    1.15934472144984e-17    4.74928611053329e-09    2.13466166490504e-17    8.23700294616144e-06
15.9999999999997    6.29799664926652e-06    1.24071420058764e-18    1.83331543765819e-16    1.06984767565949e-18    6.91857136984064e-07    9.37520011821715e-18    6.9898537864456e-06
16.4999999999998    2.18386846054214e-06    9.7837494086621e-19    1.45364678504738e-17    3.61142310036214e-18    4.09304784539461e-06    2.58837054700342e-16    6.27691630621471e-06
16.9999999999999    1.58475738297801e-07    8.64114385486804e-19    3.03944107684391e-17    2.83176132555934e-18    6.01746431307436e-06    2.47817750424397e-16    6.17594005165407e-06
17.4999999999999    3.47567797441558e-06    8.22607445577061e-19    9.15598797077436e-17    2.33827950251923e-18    2.42406475004478e-06    1.18347752660859e-16    5.89974272467343e-06
18    4.95893975549064e-06    7.97287446350215e-19    1.06494954009257e-17    4.18744896072904e-18    2.16829957128561e-07    8.54761986384661e-17    5.17576971272031e-06
18.5000000000001    4.44532430833284e-06    7.63348620585316e-19    4.18618947036319e-17    6.50843819509954e-18    5.38641639050078e-11    1.570710980642e-18    4.44537817254745e-06
19.0000000000002    3.78708893015324e-06    6.82314123566011e-19    2.76754585860668e-17    1.65257077237493e-17    5.49792896880651e-08    1.87627561781581e-16    3.84206822007382e-06
19.5000000000002    2.40059347175233e-06    5.65157516739063e-19    9.69961254127939e-17    6.14165463127844e-18    9.92317717449335e-07    3.26546626601898e-16    3.39291118963191e-06
20.0000000000003    2.35011691146238e-07    4.74525273899177e-19    8.84230230124735e-17    4.85522867671679e-18    2.98619225175649e-06    4.08274067049194e-16    3.22120394340476e-06
20.5000000000004    7.63464605278005e-07    4.40263436989858e-19    1.20593294298733e-16    4.23221007999248e-18    2.42911984605128e-06    3.28339781970388e-16    3.19258445178289e-06
21.0000000000005    2.43235785927172e-06    4.37023609229358e-19    2.72025337147233e-16    5.39602137689472e-19    5.24210865337537e-07    1.4459165261887e-17    2.95656872489672e-06
21.5000000000006    2.59213682656846e-06    4.25766667618579e-19    1.06885238794045e-16    1.07435852322985e-18    1.37067943880851e-08    7.07365951104432e-18    2.605843621072e-06
22.0000000000006    2.29001707109094e-06    4.06827432891361e-19    4.7720520745918e-17    2.96276585989952e-17    6.73958474913241e-10    4.36013365598133e-17    2.29069102968721e-06
22.5000000000007    1.86308794816803e-06    3.50687316918109e-19    6.14891861910075e-16    6.774505975617e-19    1.66417716922281e-07    1.91719590225429e-17    2.02950566572541e-06
23.0000000000008    7.48704653498512e-07    2.9310571668722e-19    1.05861530016448e-16    1.14464851436389e-17    1.11691916323564e-06    7.8212332386829e-16    1.86562381763387e-06
23.5000000000009    1.78124804860812e-08    2.57930978696768e-19    3.31493513345695e-16    7.36133121522549e-18    1.81954182878579e-06    6.33995144491044e-16    1.83735431024498e-06
24.000000000001    9.73919741460972e-07    2.53606184292068e-19    5.38046406966588e-16    4.29713660386037e-18    8.1135820519935e-07    2.27812326377085e-16    1.78527794743073e-06
24.500000000001    1.54206966442102e-06    2.56072435922554e-19    1.86307947649068e-17    1.61391344940044e-17    8.28605692374205e-08    3.61866705095729e-16    1.62493023405534e-06
25.0000000000011    1.44988005714708e-06    2.46542573645746e-19    1.68998463556018e-16    1.74144456081241e-17    6.26311105885753e-11    8.61580408216794e-18    1.44994268845294e-06
25.5000000000012    1.28357338478081e-06    2.32634543221073e-19    4.76548592436089e-17    7.18570120642961e-17    1.40799430157907e-08    6.94306365212165e-16    1.29765332861065e-06
26.0000000000013    8.73078696003523e-07    1.93994096942807e-19    1.19163520539965e-16    3.16002335904697e-17    3.04384397602645e-07    1.49961951699442e-15    1.17746309525675e-06
26.5000000000013    1.17558614906041e-07    1.65856929508798e-19    9.16362394772422e-16    1.40210229644527e-17    1.00863126079317e-06    1.10504595346553e-15    1.1261898777348e-06
27.0000000000014    2.21306351126492e-07    1.5807971876748e-19    1.05287442740723e-15    1.14494531471907e-17    8.98272409466512e-07    8.58432796217534e-16    1.11957876251592e-06
27.5000000000015    8.46253885941851e-07    1.56637501673228e-19    1.0945898977603e-15    2.31812391016795e-18    2.13429882612287e-07    1.39374818026641e-16    1.05968376979058e-06
28.0000000000016    9.55113293117946e-07    1.59846827481733e-19    4.59465771231569e-16    3.84342288758633e-18    6.85928948359265e-09    4.4524366437502e-17    9.61972583109532e-07
28.5000000000017    8.69602410051609e-07    1.53651243294264e-19    2.41558821843104e-16    1.23357582742135e-16    1.25618128284772e-10    1.26437760846285e-16    8.69728028671401e-07
29.0000000000017    7.35457534669071e-07    1.38192657495355e-19    2.66779120112917e-15    7.54690091996176e-18    5.46975508206706e-08    2.36305875844141e-16    7.90155088401524e-07
29.5000000000018    3.28093781967736e-07    1.14953076262721e-19    1.3346956442826e-15    4.32584444241264e-17    4.08872471151182e-07    2.71692085288294e-15    7.36966257213908e-07
30.0000000000019    1.60398116688353e-09    1.03156068029804e-19    2.95697376027864e-15    2.0424568305515e-17    7.24667829678989e-07    1.64674039482768e-15    7.26271815470114e-07
30.500000000002    3.60758728483424e-07    1.02617650862516e-19    3.33954291698205e-15    8.07236117524887e-18    3.51377389134367e-07    4.06357921670184e-16    7.12136121371867e-07
31.000000000002    6.22287336073522e-07    1.04996300182565e-19    1.31207461203089e-16    8.1634506089824e-17    4.00332902671949e-08    1.88099654100806e-15    6.6232062843466e-07
31.5000000000021    6.04678344362589e-07    1.03816351669078e-19    8.85862922854587e-16    6.90393082103947e-17    6.42342564235239e-11    5.36567452784229e-17    6.04742579627676e-07
32.0000000000022    5.48364783963342e-07    1.00207161259904e-19    9.7644331489325e-17    3.95268160271464e-16    4.58013401230269e-09    3.23098862970447e-15    5.52944921699646e-07
32.5000000000021    3.92680670255328e-07    8.39864358672864e-20    1.32980783244589e-16    1.83070409885674e-16    1.17749224138965e-07    7.83409527680817e-15    5.10429902544524e-07
33.000000000002    6.62993474873124e-08    7.27867185710982e-20    7.77105629637027e-15    3.89195866139245e-17    4.2440738803874e-07    2.81665123462227e-15    4.90706746152752e-07
33.5000000000019    7.97569789852918e-08    6.99102056692631e-20    8.27546108928397e-15    2.83749778223187e-17    4.0876822261044e-07    1.99465197362236e-15    4.8852521189429e-07
34.0000000000018    3.63046578875186e-07    7.0412291872826e-20    4.99230468044403e-15    3.18869995200661e-17    1.05548288237049e-07    1.71674465948805e-15    4.68594873853241e-07
34.5000000000017    4.29385668964285e-07    7.16720772863751e-20    2.41157315326949e-15    3.19735355325155e-17    4.03611250394622e-09    3.8312186009427e-16    4.33421784294972e-07
35.0000000000016    3.98977458862736e-07    7.15321267684822e-20    1.4583486876719e-15    6.41220517888683e-16    2.5607733259808e-11    4.31418396545764e-16    3.99003069127055e-07
35.5000000000015    3.46846125972323e-07    6.55384447667214e-20    1.35795254589613e-14    1.04955439480043e-16    2.16606728070766e-08    2.63104428947051e-15    3.6850681509499e-07
36.0000000000014    1.68070786791451e-07    5.4441624196783e-20    1.32615418909256e-14    1.649982834303e-16    1.79045328692484e-07    9.54780711612093e-15    3.47116138458336e-07
36.5000000000013    1.44430407562046e-13    4.91590858481592e-20    2.34585784341448e-14    4.38421114852027e-17    3.42227441090383e-07    3.20708708378654e-15    3.42227612230348e-07
37.0000000000012    1.58573675108543e-07    5.02249525076114e-20    2.1461800943923e-14    9.70330418679897e-18    1.78866395148729e-07    5.23148050668429e-16    3.37440092251974e-07
37.5000000000011    2.95881071480627e-07    4.97510654855312e-20    1.59385505077101e-15    4.66698767624385e-16    2.24497619625522e-08    1.1111841764142e-14    3.18330846615624e-07
38.000000000001    2.95098004866235e-07    5.17190960802849e-20    5.51806715393528e-15    3.26152344310055e-16    6.35764196030402e-11    3.57658080612572e-16    2.95161587487767e-07
38.5000000000009    2.7209642225308e-07    5.03264953143702e-20    2.24362519424333e-16    2.50714735377148e-15    1.7231084883358e-09    1.74291479925654e-14    2.73819550902124e-07
39.0000000000008    2.02958433085433e-07    4.39493312482213e-20    2.16274262745506e-15    1.12956881695878e-15    5.28298797528219e-08    4.4252177134843e-14    2.55788360382787e-07
39.5000000000007    4.09372984628842e-08    3.99185522794959e-20    6.07662807864408e-14    7.41649129829843e-17    2.05886087044884e-07    4.73662648518164e-15    2.4682345108488e-07
40.0000000000006    3.28220204894732e-08    3.59342415735715e-20    6.17567565355911e-14    4.17472870907958e-17    2.13077451392032e-07    2.63558711321022e-15    2.45899536315632e-07
40.5000000000005    1.7863186424627e-07    3.67855140349656e-20    2.35758190278827e-14    3.80657237131382e-16    5.93626585484592e-08    1.92309117658745e-14    2.37994565982154e-07
41.0000000000004    2.20353697855746e-07    3.78606717682001e-20    1.43005278168149e-14    3.12616907954333e-16    2.64513892172908e-09    3.76533387607621e-15    2.22998855155991e-07
41.5000000000003    2.07886533618318e-07    3.87862793108117e-20    9.977406331661e-15    3.82337339313928e-15    5.00462676314919e-12    1.55505734334131e-15    2.07891553600957e-07
42.0000000000002    1.84545375282515e-07    3.78879522826091e-20    7.65180580873268e-14    1.25144130161099e-15    9.69838294504525e-09    2.67628148468859e-14    1.94243862759913e-07
42.5000000000001    9.58567231289703e-08    5.05793167723024e-20    1.19566098708675e-13    5.49491205584673e-16    8.84318969131019e-08    2.90795438610518e-14    1.84288769237257e-07
43    3.3151146042818e-10    4.31258686865616e-20    1.73577726477076e-13    4.15416847056383e-17    1.81413548382243e-07    3.04431018910682e-15    1.81745236506293e-07
43.4999999999999    7.81691856240682e-08    3.04179689827133e-20    1.37900669608092e-13    9.81698138916794e-17    1.01696055369544e-07    8.85671309940989e-15    1.79865387849195e-07
43.9999999999998    1.57452860620908e-07    2.94352807467694e-20    1.99685873833376e-14    2.85376226910195e-15    1.39491959437251e-08    7.06119224263224e-14    1.71402149998935e-07
44.4999999999997    1.60625960063903e-07    3.79590543825103e-20    3.88582750922709e-14    1.69553478643409e-15    6.2255601953351e-11    2.464181448982e-15    1.60688258683885e-07
44.9999999999996    1.49924072416567e-07    3.49709764268921e-20    1.32700891462078e-15    1.7545872843814e-14    7.1210141349834e-10    1.03813470071558e-13    1.50636296516453e-07
45.4999999999995    1.15689803987466e-07    1.20958899774042e-19    4.64190059569266e-14    7.1747862802034e-15    2.62597133206633e-08    2.59530503028349e-13    1.41949830432546e-07
45.9999999999994    2.70513978208944e-08    2.57861722190226e-19    4.48874986089098e-13    7.7193726820389e-17    1.10312988057255e-07    6.68032507971289e-15    1.37364841510912e-07
46.4999999999993    1.46858782843914e-08    9.46547013687157e-20    4.36433455370868e-13    1.29998629802017e-16    1.22208115928294e-07    1.46141064349247e-14    1.3689444539034e-07
46.9999999999992    9.67793742859743e-08    4.23107623172811e-20    1.05338764658457e-13    4.07825200786265e-15    3.65711296884656e-08    2.02112700220668e-13    1.33350815504199e-07
47.4999999999991    1.24271966699328e-07    6.82195017902707e-20    9.12871330972919e-14    3.18676097610183e-15    1.8706296638795e-09    3.954973734378e-14    1.26142730386907e-07
47.999999999999    1.18692881996763e-07    1.35735612179096e-19    7.48697264067392e-14    2.50796659521856e-14    8.02138172137833e-13    5.34811902081033e-15    1.18693789432582e-07
48.4999999999989    1.07130691093453e-07    1.84545456623115e-19    4.59932634637064e-13    1.39286180962767e-14    4.73241349695037e-09    2.62026542408549e-13    1.11863840478383e-07
48.9999999999988    5.91078052879476e-08    1.97450200875141e-18    1.02118291707529e-12    1.20303911730651e-15    4.76051957942844e-08    5.60240880110016e-14    1.06714079494251e-07
49.4999999999987    7.44544212475236e-10    1.65134439156423e-18    1.19314066317249e-12    8.91596341214295e-16    1.04514738410816e-07    9.6157096196223e-14    1.05260572814298e-07
49.9999999999986    4.17940207112242e-08    3.29639911726677e-19    8.50062055665364e-13    2.92916827039637e-15    6.26451955174988e-08    2.29592237691635e-13    1.04440298812514e-07
50.4999999999985    9.09424940880237e-08    2.41035279506656e-19    2.41087502918009e-13    1.79598946947709e-14    9.33825323892306e-09    4.6289769790236e-13    1.00281469272283e-07
50.9999999999984    9.47354111393982e-08    9.24318359047042e-19    2.99535382679308e-13    9.25201007738981e-15    6.0812948076749e-11    1.70580171592873e-14    9.47965499338092e-08
51.4999999999983    8.92575285375662e-08    7.0364896768252e-19    1.98905137604859e-14    1.31916949254393e-13    3.13043608127738e-10    6.61879244554044e-13    8.95713858331051e-08
51.9999999999982    7.09071182535013e-08    8.53822274447097e-18    6.91360107588007e-13    4.55887967437397e-14    1.40632661135088e-08    1.52855053111161e-12    8.49726498749838e-08
52.4999999999981    1.88248745326571e-08    2.29424798380957e-17    3.10979879138976e-12    3.77842756681511e-15    6.35848274890921e-08    3.37895194974442e-13    8.24131535171056e-08
52.999999999998    6.91473854749898e-09    7.664351652084e-18    2.84797381749387e-12    6.13548025090562e-15    7.52203836367113e-08    5.87765938978156e-13    8.21385640671113e-08
53.4999999999979    5.62919782228547e-08    2.17282952428818e-18    3.89504548656195e-13    4.086194825707e-14    2.41066143344359e-08    2.02841772406598e-12    8.04010513436844e-08
53.9999999999978    7.52122129401277e-08    4.39411204286873e-18    6.05060072587088e-13    3.30596600182549e-14    1.39927517184123e-09    4.30442543062944e-13    7.66125566786388e-08
54.4999999999977    7.2603416122237e-08    1.15108167232275e-17    6.03135329672896e-13    1.76292785715355e-13    7.79111101829375e-14    1.48531364310357e-14    7.26042883261098e-08
54.9999999999976    6.64211860679986e-08    1.2740557640583e-17    2.8738158499619e-12    1.50347903619046e-13    2.45852798771999e-09    2.5222833659284e-12    6.88852605155786e-08
55.4999999999975    3.86617310344102e-08    1.89827230127457e-16    8.34833118215102e-12    1.5063552959693e-15    2.7329247729135e-08    9.07028841787485e-14    6.5999419493794e-08
55.9999999999974    1.00206925186751e-09    1.70659293842575e-16    7.40060098032818e-12    2.9068604079859e-14    6.40956519425382e-08    2.7192966565527e-12    6.51078703313059e-08
56.4999999999973    2.37169766548507e-08    3.36194100865289e-17    4.75246838076577e-12    5.14378586193332e-14    4.09946067270688e-08    3.82385953758873e-12    6.47202111813159e-08
56.9999999999972    5.58903097750599e-08    2.19423525509209e-17    2.81516711374484e-12    1.12223013954473e-13    6.61365597251832e-09    3.01149356721257e-12    6.25099046532155e-08
57.4999999999971    5.94132732890351e-08    9.18363286514712e-17    2.4711047464569e-12    5.0776675157641e-14    5.94343129118285e-11    1.14796649311794e-13    5.94753443718542e-08
57.999999999997    5.63966425440443e-08    7.90348631262768e-17    2.97949186814881e-13    1.04597344822133e-12    1.43141398388368e-10    4.41800056834139e-12    5.65455459446709e-08
58.4999999999969    4.59442623998357e-08    8.07306089416365e-16    8.6573259455631e-12    2.80950938950507e-13    7.96567445317414e-09    8.73317694410239e-12    5.39276091141445e-08
58.9999999999968    1.36344124593671e-08    2.38052767231348e-15    1.96641489890991e-11    1.02297961107731e-13    3.87370165270364e-08    8.07402895455295e-12    5.2399271842836e-08
59.4999999999967    3.33925878028117e-09    8.49936534809041e-16    1.62691296033549e-11    1.3103759866423e-13    4.88542909878158e-08    1.16575492921021e-11    5.22216083345276e-08
59.9999999999966    3.45550970999635e-08    2.34533573610231e-16    8.76827033901694e-13    3.88591246085397e-13    1.6733743897317e-08    1.95129451314702e-11    5.13096195952256e-08
60.4999999999965    4.80750095289934e-08    4.32032080850412e-16    3.99611553075314e-12    3.48082512782809e-13    1.09232980218628e-09    4.80077657656131e-12    4.91764847378318e-08
60.9999999999964    4.68613361050418e-08    1.23924294419895e-15    5.14280611996261e-12    1.29614193562189e-12    1.57824738749683e-15    1.93115710262874e-14    4.68677971821587e-08
61.4999999999963    4.33238501912552e-08    1.03440332122684e-15    1.82054699593256e-11    1.59782473065758e-12    1.33742555290133e-09    2.40236108513796e-11    4.47051036841012e-08
61.9999999999962    2.64472862621821e-08    1.93541146133153e-14    6.48537172069662e-11    8.02830362037991e-14    1.64667622013141e-08    4.91315771412386e-12    4.29839149755681e-08
62.4999999999961    1.12319958738359e-09    1.887137931259e-14    3.82301096304422e-11    5.18356823466803e-13    4.11981294887243e-08    4.54295796559442e-11    4.2405525993597e-08
62.999999999996    1.40539974187986e-08    3.84398375832719e-15    2.10647951293023e-11    7.03130479093376e-13    2.80821235388859e-08    5.11995985889158e-11    4.22090923258655e-08
63.4999999999959    3.6019290839512e-08    2.26296247934313e-15    3.23516350966609e-11    6.48859102497239e-13    4.8902760101085e-09    1.80339388802256e-11    4.09606035456624e-08
63.9999999999958    3.90961371581672e-08    9.78456373231257e-15    2.13247271625893e-11    2.49228103589543e-13    5.8187793511753e-11    6.68774659080118e-13    3.91765774661679e-08
64.4999999999961    3.73231817200739e-08    9.54280514908611e-15    4.03833643548359e-12    8.52230570753233e-12    6.679431833467e-11    2.99484449541405e-11    3.74324946683109e-08
64.9999999999963    3.10156206508429e-08    7.89567180000402e-14    9.82590379234228e-11    1.57492266908203e-12    4.6946516627351e-09    4.49957411806046e-11    3.58551809720691e-08
65.4999999999966    1.01425919962912e-08    2.55532691635198e-13    1.02363863737627e-10    1.74999875760145e-12    2.45189214546139e-08    1.27853015139797e-10    3.48937358612318e-08
65.9999999999969    1.60691546071761e-09    9.84897534243821e-14    6.50790364327983e-11    2.00242044105817e-12    3.29214543976938e-08    1.70798996822487e-10    3.47663488018612e-08
66.4999999999971    2.20249647937631e-08    2.63311676178475e-14    4.56188961203281e-12    3.45016643986648e-12    1.20517249946357e-08    1.75261442677296e-10    3.42599896182955e-08
66.9999999999974    3.20306950997509e-08    4.41716885565352e-14    2.14032225784227e-11    3.90311435358985e-12    8.80402051009999e-10    5.69910338563398e-11    3.29934386932378e-08
67.4999999999976    3.15346569598683e-08    1.41083238102514e-13    4.59171164348978e-11    8.93049592376001e-12    2.50298967580561e-17    1.54428470024629e-14    3.1589661123342e-08
67.9999999999979    2.9179722695873e-08    8.29371721194457e-14    1.05840455154296e-10    1.64161273900679e-11    7.46455854684407e-10    2.1892519688442e-10    3.02674432671584e-08
68.4999999999981    1.84692612736783e-08    1.90047663656957e-12    4.32595177791311e-10    2.63366647742534e-12    1.01491295160827e-08    1.36773097244657e-10    2.9192293207911e-08
68.9999999999984    1.13597968351227e-09    2.03337050099463e-12    9.08662098233422e-11    7.23681277691471e-12    2.69691444018138e-08    5.90778617957127e-10    2.87960390963844e-08
69.4999999999986    8.44853775757516e-09    4.42392304762924e-13    2.38412390518134e-11    8.29819292407458e-12    1.96126747376193e-08    5.86576802963654e-10    2.86803711224387e-08
69.9999999999989    2.38108437310281e-08    2.27766502752252e-13    3.77601249744726e-10    1.78907931734321e-12    3.70324052305259e-09    4.70983013684196e-11    2.79408006510139e-08
70.4999999999992    2.66184604120305e-08    1.06948178955703e-12    1.63638005337784e-10    9.08040788148824e-13    5.70962490631849e-11    3.16822050879296e-12    2.6844340409518e-08
70.9999999999994    2.54518201672457e-08    1.26615536438544e-12    5.5655841100097e-11    5.59800634546334e-11    3.07082946364507e-11    1.59970579076829e-10    2.57554011008781e-08
71.4999999999997    2.09968531069518e-08    5.41816395129311e-12    8.93632461356514e-10    4.80844420863605e-12    2.75154664710172e-09    1.16946139005469e-10    2.47692049625755e-08
71.9999999999999    7.34122631724419e-09    1.96049348775265e-11    1.43189485523432e-10    2.241655413039e-11    1.52018313506435e-08    1.41762613946788e-09    2.41458947818869e-08
72.5000000000002    7.15552711901143e-10    8.59636657985426e-12    1.11758947187794e-10    2.01230820016369e-11    2.16158573267009e-08    1.55383746351491e-09    2.40257258978862e-08
73.0000000000004    1.37870752182249e-08    2.37332099680907e-12    7.15637297521966e-10    1.39662739552872e-11    8.556775984488e-09    6.42253225597639e-10    2.37180813207846e-08
73.5000000000007    2.15051369558588e-08    3.73201736761154e-12    8.21463556369806e-11    4.0926063383859e-11    7.1370867966755e-10    5.9988672152059e-10    2.29455367934354e-08
74.000000000001    2.17621970561836e-08    1.53929853407263e-11    2.64198400773768e-10    1.78472390342421e-11    1.35823677805922e-14    4.58250638603737e-13    2.20601075143387e-08
74.5000000000012    1.97529731782797e-08    8.93918473957822e-12    1.44301311387504e-10    7.37381789285812e-11    4.12269386898312e-10    8.30358042953974e-10    2.12225792831877e-08
75.0000000000015    1.25576879809751e-08    3.72728446797406e-11    6.65982925990678e-10    2.85190366019496e-11    6.06844610684809e-09    1.17769378778818e-09    2.05356026828837e-08
75.5000000000017    1.07272070327893e-09    4.40609059861501e-11    3.83415824938912e-10    2.67318570747921e-11    1.68731441548114e-08    1.84018373597127e-09    2.02402571820614e-08
76.000000000002    4.82574812759158e-09    1.59538021276413e-11    1.05811230494393e-09    1.87438883881826e-11    1.31473515204159e-08    1.07513141179041e-09    2.01410410552576e-08
76.5000000000022    1.55556199412212e-08    1.29535141498834e-11    8.54805340106163e-10    2.09389416299938e-11    2.75616963197358e-09    4.95465230138475e-10    1.96959525992193e-08
77.0000000000025    1.84747734705738e-08    2.97622730153162e-11    1.36847201933071e-10    6.7591293109727e-11    5.68988256202661e-11    2.38240447982328e-10    1.90041135122345e-08
77.5000000000027    1.79250686651316e-08    4.57945560272194e-11    2.05801047357695e-10    4.30548172891421e-11    1.44093426731525e-11    6.42933581260646e-11    1.82984217866049e-08
78.000000000003    1.50229818831122e-08    3.1683912403644e-11    7.51516611030497e-10    1.07653007108962e-11    1.68433505465601e-09    1.52423534176775e-10    1.765370629609e-08
78.5000000000033    5.80507748379967e-09    5.91951131882782e-11    3.26819162612764e-10    2.04691427437589e-11    1.00463205026821e-08    9.65771361560878e-10    1.72236527665874e-08
79.0000000000035    3.40111216929236e-10    3.56553526964231e-11    7.52543224116578e-10    1.31535058551665e-11    1.52908633821724e-08    6.96081097616217e-10    1.71284077793861e-08
79.5000000000038    9.17226784802428e-09    3.26409820280857e-11    9.1739997600862e-10    1.06382476399871e-11    6.54976660463614e-09    2.6270292502252e-10    1.69454165833596e-08
80.000000000004    1.50816847170773e-08    3.77511178561515e-11    3.09569248364728e-10    3.03793982521408e-11    6.2355217601514e-10    3.6772681386064e-10    1.64506634714261e-08
80.5000000000043    1.56213202760343e-08    5.43030129575884e-11    1.44860550482533e-10    4.59471684020148e-11    1.63833033491191e-13    3.842200711457e-12    1.58704370416213e-08
81.0000000000045    1.44834093139809e-08    4.17783168865023e-11    1.54793661208971e-10    5.26224737561377e-11    2.32500331443304e-10    3.46914364946833e-10    1.53120184622227e-08
81.5000000000048    9.77184903519651e-09    5.7024919615357e-11    3.54153700050017e-10    2.30763196026587e-11    3.99338712228432e-09    6.42611757953675e-10    1.48421028547025e-08
82.000000000005    1.1831936854556e-09    4.44051018337104e-11    4.8000808985282e-10    1.89418367090551e-11    1.21184970010929e-08    7.83270295252997e-10    1.46283160101971e-08
82.5000000000053    3.03686928829132e-09    3.95554535518026e-11    6.58985986242469e-10    1.60854557467345e-11    1.0257050659078e-08    5.64193902910416e-10    1.45727407458208e-08
83.0000000000056    1.1065889482432e-08    3.98048447945727e-11    5.00321079658573e-10    1.49595982267597e-11    2.35951643562026e-09    3.11073040742172e-10    1.42915644814744e-08
83.5000000000058    1.33753083560655e-08    5.53528036475045e-11    1.79265321317386e-10    3.65166021437939e-11    6.50664833341594e-11    1.20033719176351e-10    1.38315432856847e-08
84.0000000000061    1.30179414359527e-08    5.04332731048754e-11    1.14928110848724e-10    9.02533204702978e-11    5.30488377935587e-12    7.84829443940831e-11    1.335734396855e-08
84.5000000000063    1.09262312117952e-08    6.22523226108544e-11    8.21563233838846e-10    1.23002965496024e-11    9.85198365304242e-10    1.14504723715842e-10    1.29220501538146e-08
85.0000000000066    4.65678483921297e-09    7.43045599421385e-11    4.07089607981066e-10    3.18425208279771e-11    6.47502137153678e-09    9.72688135269718e-10    1.26177310347706e-08
85.5000000000068    1.38203627100827e-10    4.81617187816635e-11    1.02046224462193e-09    1.95135634306518e-11    1.07244413135065e-08    5.83284046062528e-10    1.25340665135041e-08
86.0000000000071    5.94082579207847e-09    4.55632490538091e-11    9.85491378580873e-10    1.76625821083531e-11    5.09143529497478e-09    3.39804264511668e-10    1.2420782561308e-08
86.5000000000073    1.06451573114526e-08    5.94637671526766e-11    4.07210901211248e-10    4.73981091370152e-11    5.71587859853581e-10    3.68668552658944e-10    1.20994865014661e-08
87.0000000000076    1.13570613009303e-08    7.24208364131312e-11    1.87145571193116e-10    8.01746963175648e-11    6.96694721706395e-13    1.12132023283362e-11    1.17087123019042e-08
87.5000000000079    1.04806430309202e-08    6.15132181942876e-11    1.67735569469076e-10    9.82758097668884e-11    1.16981430951429e-10    4.03799659924071e-10    1.13289487192259e-08
88.0000000000081    7.26734639017597e-09    9.83610519743208e-11    2.73287097290018e-10    5.12178677002203e-11    2.39823132553032e-09    9.15672139087924e-10    1.10041158717588e-08
88.5000000000084    1.20425816527849e-09    8.15553097443974e-11    1.07132082308276e-09    2.34275316200529e-11    7.92654973666499e-09    5.2919419402324e-10    1.08363057604139e-08
89.0000000000086    1.68549331608924e-09    6.37420351902103e-11    1.143222360895e-09    2.45136522166674e-11    7.42927253849875e-09    4.42936113113521e-10    1.07891800160034e-08
89.5000000000089    7.44502428512276e-09    6.50597823069402e-11    4.00609654790852e-10    4.77291818594528e-11    1.96426201713545e-09    6.89137406267985e-10    1.06118223274834e-08
90.0000000000091    9.6093169097371e-09    8.40485734336758e-11    2.06791038292666e-10    8.79163109293032e-11    7.68532855742965e-11    2.3969021757702e-10    1.03046163355441e-08
90.5000000000094    9.55957257279992e-09    7.92303828919694e-11    1.64218495094904e-10    1.20097257394182e-10    1.59954070876769e-12    5.4710059295221e-11    9.97942830818497e-09
91.0000000000096    8.04059376390907e-09    9.8709015907805e-11    7.40713531957389e-10    3.93766571701916e-11    5.43423829967107e-10    2.15811272624749e-10    9.67862807153631e-09
91.5000000000099    3.81742314394709e-09    1.23869244729447e-10    8.32297442912465e-10    4.02352556023659e-11    4.04882541063438e-09    5.92538133062343e-10    9.45518863088809e-09
92.0000000000102    1.16253098124465e-10    9.67108825304769e-11    1.15393279534163e-09    3.41978945141709e-11    7.44939868690033e-09    5.29769643464324e-10    9.3802630008754e-09
92.5000000000104    3.73046653010255e-09    8.71051932152321e-11    7.78708756647025e-10    4.98450288855092e-11    4.0240903730357e-09    6.36812165733386e-10    9.30702804761939e-09
93.0000000000107    7.49769670310657e-09    9.5650508173789e-11    5.68036312483629e-10    7.76830858819155e-11    5.53103021947449e-10    3.03640010753807e-10    9.09580964234716e-09
93.5000000000109    8.32351586608181e-09    1.04096381934976e-10    2.26687214264211e-10    1.33150229823295e-10    2.53083543686168e-12    3.78259301424112e-11    8.82780645768356e-09
94.0000000000112    7.73628542888928e-09    9.11393405142612e-11    1.95112276615316e-10    1.58050707239114e-10    5.06402036480784e-11    3.31742724552238e-10    8.56297068145829e-09
94.5000000000114    5.58317966481124e-09    1.48389383949062e-10    3.95916919479408e-10    8.06923444654417e-11    1.35953712369833e-09    7.63392083635025e-10    8.3311075200385e-09
95.0000000000117    1.27373041962055e-09    1.37288930409088e-10    1.09490828026662e-09    4.61216509937563e-11    5.07789686684951e-09    5.68395706827589e-10    8.19834185496712e-09
95.500000000012    8.56097217374501e-10    1.18103229933803e-10    9.10609056922582e-10    5.416474861811e-11    5.44446357769457e-09    7.71986932842817e-10    8.15542476338639e-09
96.0000000000122    4.89178102734347e-09    1.06525360186912e-10    5.5468931540289e-10    8.81030696789539e-11    1.7132894900419e-09    6.86519873411336e-10    8.04090813606547e-09
96.5000000000125    6.86932820746178e-09    1.25889051810354e-10    3.33134428649407e-10    1.42225802098394e-10    1.00382135944469e-10    2.63221614242488e-10    7.83418124020689e-09
97.0000000000127    7.05200820602495e-09    1.09268040461188e-10    2.16360963875894e-10    2.03358496510139e-10    2.88181340413977e-13    2.61456446797281e-11    7.60742953289232e-09
97.500000000013    5.93662528830218e-09    1.43065448802546e-10    6.52811998758899e-10    1.01850089235297e-10    2.56828283799491e-10    3.04422113262738e-10    7.39560322216115e-09
98.0000000000132    3.17185836418069e-09    1.88482702973772e-10    9.82941619789606e-10    7.49569635675327e-11    2.3144805236183e-09    4.95822597974815e-10    7.22854277210472e-09
98.5000000000135    2.20075207140137e-10    1.68125446170617e-10    8.79117026504173e-10    7.4632294241094e-11    4.93007434583978e-09    8.84972247594981e-10    7.15699656749078e-09
99.0000000000137    2.11327584823442e-09    1.43900931831959e-10    7.32895229288767e-10    9.63881004118507e-11    3.17979187029398e-09    8.38138748391753e-10    7.10439072845273e-09
99.500000000014    5.11773328588218e-09    1.42309855086375e-10    6.22851011720955e-10    1.30355281101996e-10    5.69954039490235e-10    3.84341252972552e-10    6.96754472625429e-09
100.000000000014    6.02329076769969e-09    1.49014921854744e-10    3.16810600789889e-10    2.05527663966157e-10    8.21176948138309e-12    7.95915125623824e-11    6.78244723635425e-09
100.500000000015    5.72684359067461e-09    1.27341632112169e-10    2.4580818658903e-10    2.46041463965123e-10    1.52446111638742e-11    2.33525629636301e-10    6.59480511414111e-09
101.000000000015    4.26747579113295e-09    2.14163399481412e-10    7.24351943379151e-10    1.18468566670084e-10    6.51787004469783e-10    4.50679248235015e-10    6.42692595336839e-09
101.500000000015    1.37187303722555e-09    2.24632470193527e-10    8.13082718469892e-10    9.71291203053186e-11    2.91635952564679e-09    8.95323147212416e-10    6.31840001905349e-09
102.000000000015    3.80339753362783e-10    2.05503178915233e-10    8.81123722164628e-10    1.09344649158188e-10    3.7650340876269e-09    9.31352621208182e-10    6.27269801243591e-09
102.500000000016    2.94964563362781e-09    1.72362322287734e-10    8.28364304837929e-10    1.39784462067395e-10    1.50214002163794e-09    6.06384677656006e-10    6.19868142211482e-09
103.000000000016    4.7402019353507e-09    1.8117365341606e-10    5.13492248155453e-10    2.01377575996147e-10    1.4084319389472e-10    2.84126817224407e-10    6.06121542403749e-09
103.500000000016    5.11576600908561e-09    1.63343979539922e-10    3.13904015542899e-10    2.94666727645e-10    1.74007870092135e-13    1.45194112442975e-11    5.90237415092782e-09
104.000000000016    4.37863550848722e-09    1.82511365409308e-10    5.00757979492615e-10    2.22004979779248e-10    8.97115655318023e-11    3.7726690568039e-10    5.75088830438058e-09
104.500000000017    2.6586934207062e-09    2.63647702928359e-10    6.82253252296109e-10    1.44390162067712e-10    1.10841538861862e-09    7.66902090110922e-10    5.62430201672792e-09
105.000000000017    4.45584668326404e-10    2.60989443089439e-10    1.01313825879334e-09    1.24196090927605e-10    2.90507876548098e-09    8.04226232518811e-10    5.55321345913658e-09
105.500000000017    1.01049480849045e-09    2.32365305027975e-10    9.61560674849002e-10    1.43057855765602e-10    2.39908359461943e-09    7.63720107947757e-10    5.51028234670022e-09
106.000000000017    3.2062732608205e-09    2.08527468503029e-10    6.88271069579613e-10    1.97437290335169e-10    6.07561853468398e-10    5.15324104919219e-10    5.42339504762593e-09
106.500000000018    4.20886901200293e-09    2.06165640199616e-10    4.437399627772e-10    2.74438711778674e-10    2.42182509431316e-11    1.39698217138497e-10    5.29712979484005e-09
107.000000000018    4.21299805432613e-09    1.80740271050594e-10    3.25314958805343e-10    3.4452136341094e-10    2.49014633705049e-12    9.7276283100835e-11    5.16334107703089e-09
107.500000000018    3.23772833051661e-09    2.57410199380201e-10    8.17446455243884e-10    1.88500657873736e-10    2.38321691564671e-10    3.01906016126813e-10    5.04131335070591e-09
108.000000000018    1.45166135451826e-09    3.02253493707602e-10    9.5576938522686e-10    1.5875600862624e-10    1.42538419924556e-09    6.55383247300916e-10    4.94920768862543e-09
108.500000000019    2.57091823019113e-10    2.82007911609938e-10    9.85658402528861e-10    1.50117821855292e-10    2.38866556774281e-09    8.37225828932315e-10    4.90076735568833e-09
109.000000000019    1.54359720545934e-09    2.47422668973315e-10    8.71408150743608e-10    1.7941450226312e-10    1.31754117318507e-09    6.91436821890996e-10    4.85082052251544e-09
109.500000000019    3.09948350126335e-09    2.38504070660199e-10    6.18979465307856e-10    2.43105891638318e-10    2.08330635612944e-10    3.52979946724337e-10    4.761383511207e-09
110.000000000019    3.63908045944463e-09    2.22703085772134e-10    4.04954735568687e-10    3.37533845162493e-10    2.45727275174755e-12    4.37245735983941e-11    4.65045397229808e-09
110.50000000002    3.32434043125695e-09    2.13664042480356e-10    4.01206984254441e-10    3.30348346371267e-10    1.98322014901691e-11    2.50477548167807e-10    4.53986955402099e-09
111.00000000002    2.28076415295223e-09    3.14988042289736e-10    7.14079578480748e-10    2.00869048756035e-10    4.266379977847e-10    5.04893835199247e-10    4.44223265546269e-09
111.50000000002    7.24980779810319e-10    3.21185473348258e-10    8.71425756593317e-10    1.72661273770778e-10    1.51112902663897e-09    7.7535075928762e-10    4.37673306944926e-09
112.00000000002    4.40187941608107e-10    3.02045110333771e-10    9.43051935599009e-10    1.836918152517e-10    1.7227920321285e-09    7.45145709156278e-10    4.33691454407737e-09
112.500000000021    1.82185867441455e-09    2.64348678635871e-10    7.75351741779834e-10    2.23548262163741e-10    6.56885418875604e-10    5.39288816676509e-10    4.28128159254611e-09
113.000000000021    2.83031290219218e-09    2.58386256454153e-10    5.29450525476018e-10    3.05265047070487e-10    6.19673090557147e-11    2.11209724799935e-10    4.19659176504848e-09
113.500000000021    3.07621852885616e-09    2.3053300497271e-10    3.78812537469694e-10    3.89292806685689e-10    3.40376003879675e-13    2.59526229397053e-11    4.10114987692784e-09
114.000000000021    2.55241656481519e-09    2.58985427060883e-10    5.67176925052149e-10    2.87389642642447e-10    6.09398745821954e-11    2.83424685768462e-10    4.01033311992133e-09
114.500000000022    1.50477611445459e-09    3.36036484087257e-10    7.01950510076062e-10    2.11860375877855e-10    5.86291290836153e-10    5.93152561799087e-10    3.934067337131e-09
115.000000000022    3.8950436577867e-10    3.32153640757424e-10    9.13749802040726e-10    1.87626046176536e-10    1.39408311140389e-09    6.67713904041158e-10    3.8848308701984e-09
115.500000000022    7.04322251936425e-10    3.04560071001461e-10    8.3977830044367e-10    2.07651053571199e-10    1.13939887389719e-09    6.51789196199887e-10    3.84749974704983e-09
116.000000000022    1.88188903700405e-09    2.74045262198565e-10    6.63429756270001e-10    2.59920286056652e-10    3.09662851791665e-10    4.01262412749047e-10    3.79020960606998e-09
116.500000000023    2.52285832652536e-09    2.65690509498757e-10    4.55804723416716e-10    3.4021005926697e-10    1.63881388440132e-11    1.12710003536883e-10    3.7136617610887e-09
117.000000000023    2.56303644338724e-09    2.36290535504256e-10    3.79605475255384e-10    3.81253210702646e-10    2.01617806412308e-12    7.01325103879383e-11    3.63233435330159e-09
117.500000000023    1.96613133048928e-09    2.9630890027017e-10    6.59399462067568e-10    2.57682355328138e-10    1.19833030582615e-10    2.57854156915517e-10    3.55720923565328e-09
118.000000000023    9.81373132577771e-10    3.33023750669664e-10    7.76121610130011e-10    2.15130127097742e-10    6.84522400151943e-10    5.07426137358866e-10    3.497597157986e-09
118.500000000024    2.99238609594304e-10    3.28998269747431e-10    8.16215561107411e-10    2.04685934664574e-10    1.18444813094835e-09    6.25470130889684e-10    3.45905663695175e-09
119.000000000024    8.98364366865911e-10    3.01781160061499e-10    7.51993333128806e-10    2.28042836014186e-10    7.29465135122289e-10    5.12496697849422e-10    3.42214352904211e-09
119.500000000024    1.81197284182313e-09    2.76178257324091e-10    5.6686785063822e-10    2.8452526166733e-10    1.44184862583042e-10    2.83057866928792e-10    3.36678694096461e-09
120.000000000024    2.21895675068944e-09    2.55797420198156e-10    4.13028553586111e-10    3.56698646347233e-10    3.88461381560387e-12    5.0720142936496e-11    3.29908612757304e-09
120.500000000025    2.10103817991601e-09    2.45485011239814e-10    3.9691320203614e-10    3.57318202603406e-10    7.66985306579623e-12    1.21682473600608e-10    3.23010692246177e-09
121.000000000025    1.51446414820269e-09    3.06755277020308e-10    6.24099831750106e-10    2.53092679393962e-10    1.78846966838878e-10    2.90476757713706e-10    3.16773566091965e-09
121.500000000025    6.50948415794509e-10    3.25245232872287e-10    7.18780605778837e-10    2.18776588261531e-10    7.09224328419846e-10    4.97661889309196e-10    3.1206370604362e-09
122.000000000026    3.22145600955987e-10    3.18643010841728e-10    7.65832322064658e-10    2.15485278609672e-10    9.4786656277865e-10    5.18466600218539e-10    3.08843937546923e-09
122.500000000026    9.93912653182726e-10    2.89841587620127e-10    6.53606745097189e-10    2.45219402034117e-10    4.59741194550608e-10    4.09892655859785e-10    3.05221423834455e-09
123.000000000026    1.67738438633578e-09    2.68510198270615e-10    4.93067918068695e-10    3.01950724281887e-10    6.76948064167125e-11    1.92223266878039e-10    3.00083130025173e-09
123.500000000026    1.92867632385868e-09    2.45827113676033e-10    3.8073533878784e-10    3.5829566551948e-10    9.74455853258236e-13    2.70867090386299e-11    2.94159560673392e-09
124.000000000027    1.72479303645944e-09    2.4999790283446e-10    4.1764555761361e-10    3.27166591670652e-10    1.70665813329357e-11    1.46396981045132e-10    2.88306665095623e-09
124.500000000027    1.17123505616728e-09    2.99936508335297e-10    5.66399535758215e-10    2.43472501127829e-10    2.23820875281825e-10    3.26313399825508e-10    2.83117787649595e-09
125.000000000027    4.56287285881034e-10    3.10499233292282e-10    6.68363040887985e-10    2.162391723352e-10    6.80841452340632e-10    4.60802003581953e-10    2.79303218831908e-09
125.500000000027    3.71735991570847e-10    2.98293290594146e-10    6.79971887927375e-10    2.19497046884741e-10    7.41220405679099e-10    4.54083876267169e-10    2.76480249892338e-09
126.000000000028    1.01194725032106e-09    2.72584313736837e-10    5.7278657529451e-10    2.48199122413696e-10    2.95686611308859e-10    3.28896471859468e-10    2.73010034493443e-09
126.500000000028    1.52894911042896e-09    2.55160282623621e-10    4.36317032679821e-10    2.9799877596823e-10    3.33062380309491e-11    1.31819292576332e-10    2.68355073230792e-09
127.000000000028    1.6758524038322e-09    2.35542400671835e-10    3.53755290937365e-10    3.43284694221704e-10    4.92790734273924e-13    2.29562945328293e-11    2.6318838749302e-09
127.500000000028    1.42153637233486e-09    2.49825765228832e-10    4.3063811495799e-10    2.93956861760777e-10    2.79623885128125e-11    1.58145339489962e-10    2.58206484228524e-09
128.000000000029    9.04344489944923e-10    2.87499046280541e-10    5.34603657893107e-10    2.32315812537803e-10    2.49087056329019e-10    3.30856733174997e-10    2.53870679616039e-09
128.500000000028    3.47776708454899e-10    2.90563334581978e-10    6.28994376881829e-10    2.13025240406323e-10    6.14609498358436e-10    4.12092810398977e-10    2.50706196908244e-09
129.000000000028    4.13564783698323e-10    2.79797707593393e-10    6.07580213513019e-10    2.19765826890211e-10    5.65738700855583e-10    3.95082301088522e-10    2.48152953363905e-09
129.500000000027    9.7926301347151e-10    2.57356779896653e-10    5.14493371812811e-10    2.47992408216318e-10    1.91061257108349e-10    2.58796818104506e-10    2.44896364861015e-09
130.000000000027    1.37373788437926e-09    2.38164855869468e-10    3.9136127755566e-10    2.96230768917134e-10    1.66118250508961e-11    9.11817335470116e-11    2.40728834531943e-09
130.500000000026    1.44614340293504e-09    2.25735378422644e-10    3.33025647489293e-10    3.27882252026589e-10    7.44017872134842e-13    2.88284795914668e-11    2.36235917833717e-09
131.000000000026    1.1818873999495e-09    2.44451586899598e-10    4.37112141593951e-10    2.68658171711049e-10    3.83503956988204e-11    1.49215002446533e-10    2.31967469829945e-09
131.500000000025    7.13123659684288e-10    2.70316726667642e-10    5.11242095712569e-10    2.25134681198257e-10    2.58217856557276e-10    3.0517351497442e-10    2.28320853479445e-09
132.000000000025    2.85338685389683e-10    2.7392123652762e-10    5.77570770802635e-10    2.08675830876506e-10    5.42440583520488e-10    3.68393208444162e-10    2.25634031556109e-09
132.500000000024    4.36131023385817e-10    2.61523917211179e-10    5.49830317153237e-10    2.16729217780737e-10    4.34947375840061e-10    3.33953733576179e-10    2.23311558494721e-09
133.000000000024    9.25939950760617e-10    2.3958032415371e-10    4.61026912617131e-10    2.452973128826e-10    1.27388153450263e-10    2.03763080135711e-10    2.20299573400003e-09
133.500000000024    1.22339534686303e-09    2.26414376112713e-10    3.54216939802342e-10    2.89585827196891e-10    8.96576758565962e-12    6.33664295710619e-11    2.1659446871317e-09
134.000000000023    1.25210194049263e-09    2.12080034433482e-10    3.17992028822557e-10    3.07000192977779e-10    1.33220955542076e-12    3.63328508505366e-11    2.1268392571324e-09
134.500000000023    9.93834512292645e-10    2.35249434435543e-10    4.20001687069014e-10    2.52009406210454e-10    4.62622163073054e-11    1.42665303895693e-10    2.09002256021065e-09
135.000000000022    5.74338244552843e-10    2.54493789286693e-10    4.86717187836496e-10    2.14656113127995e-10    2.54869969613456e-10    2.73935934196257e-10    2.05901123861374e-09
135.500000000022    2.5250121438157e-10    2.56047417400099e-10    5.29819915937751e-10    2.02499967353924e-10    4.71174160006117e-10    3.23797721359513e-10    2.03584039643897e-09
136.000000000021    4.42071517036364e-10    2.41739232861732e-10    4.95245385418267e-10    2.11644329096749e-10    3.39469986362098e-10    2.84405692001998e-10    2.01457614277721e-09
136.500000000021    8.53785838856721e-10    2.2514362046746e-10    4.08696477691353e-10    2.41355683666774e-10    8.96117080779565e-11    1.68571079507498e-10    1.98716440826776e-09
137.00000000002    1.08810560061685e-09    2.10564235959159e-10    3.25914804284661e-10    2.7744893737987e-10    5.26888122983333e-12    4.70264764472196e-11    1.9543289359176e-09
137.50000000002    1.08553463106685e-09    2.02652286205278e-10    3.02042636478398e-10    2.87631988004626e-10    2.13874843371195e-12    4.02145702956354e-11    1.9202148604845e-09
138.000000000019    8.50626455121389e-10    2.21711441783698e-10    3.96291880224875e-10    2.35215004298847e-10    5.07841784202415e-11    1.33645641869264e-10    1.88827460171831e-09
138.500000000019    4.80040856069505e-10    2.37698170866708e-10    4.56003039800809e-10    2.05040402397547e-10    2.415838488358e-10    2.41160051168846e-10    1.86152636913922e-09
139.000000000019    2.35693880183047e-10    2.35685047444086e-10    4.8119503086522e-10    1.95071095378607e-10    4.0879155156532e-10    2.84840206961516e-10    1.84127681239779e-09
139.500000000018    4.26293038919313e-10    2.26893798219349e-10    4.48130014269175e-10    2.03944695724911e-10    2.74862885671623e-10    2.41793378022341e-10    1.82191781082671e-09
140.000000000018    7.78641461046805e-10    2.08986668096513e-10    3.72304089199153e-10    2.30236133878444e-10    6.81270442481804e-11    1.38920435603337e-10    1.79721583207243e-09
140.500000000017    9.66721562754942e-10    1.96451781211192e-10    3.02694026389027e-10    2.60804800916169e-10    3.73416141256547e-12    3.77970988938432e-11    1.76820343157774e-09
141.000000000017    9.50690329999067e-10    1.91329706888526e-10    2.84767360220076e-10    2.67413959120286e-10    2.69476517019843e-12    4.1449093178341e-11    1.73834521457649e-09
141.500000000016    7.38744464644679e-10    2.07583970514625e-10    3.70511276325043e-10    2.19609699821815e-10    5.02038373483979e-11    1.23787750891264e-10    1.71044099954582e-09
142.000000000016    4.14349869117573e-10    2.20545601909461e-10    4.19604076758492e-10    1.95641130530752e-10    2.19010612998695e-10    2.17961312219448e-10    1.68711260353442e-09
142.500000000015    2.20981528018279e-10    2.18047141924567e-10    4.39713331355532e-10    1.8679832021446e-10    3.50861248219326e-10    2.5270858540787e-10    1.66911015514003e-09
143.000000000015    3.9685610899381e-10    2.10198491869774e-10    4.08896327181982e-10    1.95811257334448e-10    2.28661469591172e-10    2.11138703333304e-10    1.65156235830449e-09
143.500000000014    7.00081713990157e-10    1.9412299425142e-10    3.437408832494e-10    2.17279180444104e-10    5.49360716782581e-11    1.19346160586699e-10    1.62950700420004e-09
144.000000000014    8.57447285815225e-10    1.84297375335551e-10    2.81151607073931e-10    2.45795114309002e-10    3.00080778181509e-12    3.21906209377221e-11    1.60388281125325e-09
144.500000000014    8.389714078889e-10    1.79873855347685e-10    2.68559247989411e-10    2.48937665420167e-10    2.71991447953369e-12    3.85692243446788e-11    1.57763131547038e-09
145.000000000013    6.50412362036347e-10    1.93883904484985e-10    3.40948740228849e-10    2.08905420787965e-10    4.64433658367581e-11    1.12517376176889e-10    1.55311116955179e-09
145.500000000013    3.66461267091724e-10    2.05568420122869e-10    3.8408843433733e-10    1.85901595510229e-10    1.93530180345558e-10    1.96993068929804e-10    1.53254296633751e-09
146.000000000012    2.04010162010334e-10    2.04103291657991e-10    4.02740576379968e-10    1.78508309235248e-10    3.02694148066479e-10    2.24390950546384e-10    1.5164474378964e-09
146.500000000012    3.64767979443755e-10    1.93613951825217e-10    3.77162945417324e-10    1.85514681100072e-10    1.93874408334135e-10    1.85683464386576e-10    1.50061743050708e-09
147.000000000011    6.25736800395139e-10    1.80494536691993e-10    3.15322539231589e-10    2.06527794103088e-10    4.67407667941537e-11    1.06133264078167e-10    1.48095570129413e-09
147.500000000011    7.64010457382428e-10    1.71264066850331e-10    2.60870108731125e-10    2.31279930826196e-10    2.51151316843393e-12    2.83865819395816e-11    1.4583226588981e-09
148.00000000001    7.46071400309972e-10    1.67433434982677e-10    2.52800459832445e-10    2.31935703585893e-10    2.53617124969703e-12    3.43554983404283e-11    1.43513266830111e-09
148.50000000001    5.75792594404829e-10    1.8155546829971e-10    3.14231110859302e-10    1.97429331139839e-10    4.18146317530294e-11    1.02644070167272e-10    1.41346720662398e-09
149.000000000009    3.31584490173878e-10    1.87813422104044e-10    3.563033192828e-10    1.74889503418162e-10    1.68715210765611e-10    1.75900759443262e-10    1.39520670518776e-09
149.500000000009    1.89600753622291e-10    1.87921431466227e-10    3.71271678506088e-10    1.68046490361643e-10    2.62021588838357e-10    2.01876060213399e-10    1.38073800300801e-09
150.000000000009    3.3042756958104e-10    1.7865763644747e-10    3.45771968036298e-10    1.75238085553524e-10    1.6819336737226e-10    1.68219189108215e-10    1.36650781609881e-09
150.500000000008    5.58258266033253e-10    1.69214271755521e-10    2.90806458730862e-10    1.94602693817407e-10    4.13290443361487e-11    9.48011801047588e-11    1.34901191477795e-09
151.000000000008    6.82226673227081e-10    1.60203783820174e-10    2.41111819982768e-10    2.1738094801708e-10    2.37850865364091e-12    2.56674182184925e-11    1.32896915191924e-09
151.500000000007    6.67071447205648e-10    1.56117589367008e-10    2.35343114091992e-10    2.16221432276009e-10    2.26329083679176e-12    3.14099799707219e-11    1.30842685374817e-09
152.000000000007    5.18353355519738e-10    1.68869234077384e-10    2.89762599549688e-10    1.84429972736805e-10    3.56240637583515e-11    9.21634070179688e-11    1.28920263265993e-09
152.500000000006    3.04750977197551e-10    1.75001292198775e-10    3.25187683043113e-10    1.65325207007039e-10    1.44548107721869e-10    1.58055497660794e-10    1.27286876482914e-09
153.000000000006    1.76636834847565e-10    1.75416933105765e-10    3.39726712799792e-10    1.59176122865974e-10    2.2751827980396e-10    1.81310624699996e-10    1.25978550812305e-09
153.500000000005    2.94737781867698e-10    1.67278890793261e-10    3.17984152297935e-10    1.65293471280218e-10    1.49852912607665e-10    1.51853781661686e-10    1.24700099050846e-09
154.000000000005    4.96618187997993e-10    1.56983646346862e-10    2.70336642875087e-10    1.82250589363001e-10    3.78747507606941e-11    8.74034984987216e-11    1.23146731584236e-09
154.500000000004    6.08343179439465e-10    1.49561868420086e-10    2.2725143958876e-10    2.01539408954285e-10    2.33890455617429e-12    2.46661935219537e-11    1.21370099448072e-09
155.000000000004    5.98496022069485e-10    1.47177593266245e-10    2.18181379268099e-10    2.03636434439193e-10    1.86426043583286e-12    2.6107302804702e-11    1.19546299228356e-09
155.500000000004    4.72869582615094e-10    1.55280806433654e-10    2.67734460361938e-10    1.73764773736732e-10    2.92625508234434e-11    7.93904301796803e-11    1.17830260415054e-09
156.000000000003    2.82893146790869e-10    1.6216840303102e-10    2.99193378027089e-10    1.57220160117982e-10    1.22797872504235e-10    1.39310194846199e-10    1.16358315531739e-09
156.500000000003    1.64020127790598e-10    1.61439775859277e-10    3.13394734530253e-10    1.50632699767427e-10    1.99516985797085e-10    1.62720095447957e-10    1.1517244191926e-09
157.000000000002    2.5910350187851e-10    1.54800628821534e-10    2.97229516017102e-10    1.54475962099015e-10    1.36351074915697e-10    1.38286478130214e-10    1.14024716186207e-09
157.500000000002    4.37814834190804e-10    1.46266512022658e-10    2.54497256940533e-10    1.69542144390773e-10    3.63879580645791e-11    8.19774196378229e-11    1.12648612524717e-09
158.000000000001    5.42567301009696e-10    1.40009128737608e-10    2.13002099805951e-10    1.87870582762819e-10    2.4231762590589e-12    2.48633076808265e-11    1.11073559625596e-09
158.500000000001    5.43017002175358e-10    1.35486832860976e-10    2.03104076896611e-10    1.90825087500266e-10    1.33525806119886e-12    2.07113066702989e-11    1.09447956416471e-09
159    4.32543386852246e-10    1.43782334084644e-10    2.45374138725706e-10    1.656152977299e-10    2.26346397134271e-11    6.91534076753591e-11    1.07910320478128e-09
159.5    2.67809986939987e-10    1.48287019878858e-10    2.7451397092081e-10    1.49136948823338e-10    1.01188774120448e-10    1.24823756162577e-10    1.06576045684602e-09
159.999999999999    1.52515958462483e-10    1.49127027374426e-10    2.90806032920436e-10    1.42080224107154e-10    1.73946317341336e-10    1.46450302356808e-10    1.05492586256264e-09
160.499999999999    2.24217968356948e-10    1.4463205949643e-10    2.7509286396165e-10    1.45876367325395e-10    1.26695938187564e-10    1.28144223141987e-10    1.04465942046997e-09
160.999999999999    3.86264565729959e-10    1.35157949846425e-10    2.37300415088197e-10    1.59268780080478e-10    3.63259631833704e-11    7.81590311175776e-11    1.03247670504601e-09
161.499999999998    4.83524247826513e-10    1.30819599688989e-10    2.00756623764878e-10    1.75476864369386e-10    2.79983383757665e-12    2.51141476450414e-11    1.01849131713238e-09
161.999999999998    4.91868513975256e-10    1.25730237413225e-10    1.88017810684916e-10    1.80906651860644e-10    8.87032259123711e-13    1.65601924484887e-11    1.00397043864165e-09
162.499999999997    3.9891383037113e-10    1.32710027575457e-10    2.2423545309683e-10    1.58284969232181e-10    1.67194383899844e-11    5.9285494690476e-11    9.90149213356058e-10
162.999999999997    2.55040368055355e-10    1.38006567111361e-10    2.51717366185693e-10    1.4133501917281e-10    8.16235773179285e-11    1.10284063069352e-10    9.78006960912499e-10
163.499999999996    1.44571308230673e-10    1.38301601174223e-10    2.67777454971301e-10    1.34853398266326e-10    1.50568609634367e-10    1.3200587200078e-10    9.68078244277668e-10
163.999999999996    1.94731938179234e-10    1.34194402262948e-10    2.55954617611432e-10    1.37328594849e-10    1.18151738169938e-10    1.18462474401559e-10    9.5882376547411e-10
164.499999999995    3.36578941950847e-10    1.27098166745504e-10    2.23898252616323e-10    1.48199549038663e-10    3.7385763163229e-11    7.48816227250683e-11    9.48042296239633e-10
164.999999999995    4.30748792847836e-10    1.22081918757447e-10    1.9063826315464e-10    1.62684160716851e-10    3.43937925914033e-12    2.60371524100383e-11    9.35629667145953e-10
165.499999999994    4.4468542309341e-10    1.18385102841731e-10    1.75628564826234e-10    1.70156953883544e-10    6.32604340984564e-13    1.31669286935195e-11    9.22655577679423e-10
165.999999999994    3.69821016184012e-10    1.22881826446394e-10    2.04961650343709e-10    1.50467358152101e-10    1.21089175932712e-11    4.99622674768981e-11    9.10203036196386e-10
166.499999999994    2.45176229162145e-10    1.28609636005377e-10    2.29798549733094e-10    1.34693883836089e-10    6.42555793709496e-11    9.65868144628345e-11    8.9912069257049e-10
166.999999999993    1.39790588508556e-10    1.2914669775652e-10    2.46186506815086e-10    1.27875946682194e-10    1.28015194078428e-10    1.18941739538812e-10    8.89956673379596e-10
167.499999999993    1.68427919057049e-10    1.25500375608721e-10    2.38282754984414e-10    1.29892443391756e-10    1.10215116865774e-10    1.09261357714543e-10    8.81579967622258e-10
167.999999999992    2.91158936795365e-10    1.1957020268945e-10    2.10569395101771e-10    1.38112708040228e-10    3.9592079179941e-11    7.30475401421912e-11    8.72050861948946e-10
168.499999999992    3.83186726859083e-10    1.13927598504827e-10    1.80445403482705e-10    1.51208170441693e-10    4.43172312882683e-12    2.78406858274569e-11    8.61040308244592e-10
168.999999999991    4.0282990647802e-10    1.1123323176878e-10    1.6489503177642e-10    1.58768061148315e-10    4.78853558468713e-13    1.12197012301468e-11    8.4942478596015e-10
169.499999999991    3.44281609706667e-10    1.13838621474638e-10    1.86240822061787e-10    1.43497090544855e-10    8.33190526961889e-12    4.20040331388533e-11    8.38194082196419e-10
169.99999999999    2.38213775286971e-10    1.19328794774288e-10    2.09087607902417e-10    1.28577813205721e-10    4.88194261345216e-11    8.40096230749002e-11    8.28037040378819e-10
170.49999999999    1.36901428855014e-10    1.20587365231586e-10    2.26948438145194e-10    1.20981621291119e-10    1.08102826079513e-10    1.06030385931487e-10    8.19552065533913e-10
170.999999999989    1.46120019461844e-10    1.17666094055132e-10    2.23079847542103e-10    1.21866636897786e-10    1.03407307188106e-10    9.98088477597833e-11    8.11948752904753e-10
171.499999999989    2.50263164814163e-10    1.12478083000764e-10    1.98776783107927e-10    1.2972071150702e-10    4.19341900441231e-11    7.03313761271353e-11    8.03504308601132e-10
171.999999999989    3.38218346404636e-10    1.07288418006311e-10    1.71518898368276e-10    1.41198788444488e-10    5.64924485667605e-12    2.98593669533885e-11    7.93733063033776e-10
172.499999999988    3.64951162573028e-10    1.0388968240301e-10    1.55539792864027e-10    1.49074745397711e-10    3.92858297340756e-13    9.48890806538319e-12    7.83337149600501e-10
172.999999999988    3.21123882472419e-10    1.06517728873517e-10    1.69024649828835e-10    1.37815651573927e-10    5.56625620522226e-12    3.31137316487863e-11    7.73161900602706e-10
173.499999999987    2.3259468475915e-10    1.10609010382006e-10    1.91625633636793e-10    1.22843538068129e-10    3.68252885451519e-11    6.93511979630995e-11    7.63849353354329e-10
173.999999999987    1.36191943654413e-10    1.12468727772903e-10    2.07365963278509e-10    1.15652991060647e-10    9.14395785143192e-11    9.28472441215624e-11    7.55966448402355e-10
174.499999999986    1.27065818477267e-10    1.1071786621392e-10    2.06137683343444e-10    1.15691412873416e-10    9.84281079221848e-11    9.09940337415209e-11    7.49034922571754e-10
174.999999999986    2.14525002333671e-10    1.06133264461115e-10    1.86349297398533e-10    1.21619881974181e-10    4.54445809001785e-11    6.74854420645196e-11    7.41557469132198e-10
175.499999999985    2.98831041202091e-10    1.01359056797513e-10    1.62966953387057e-10    1.30975947562422e-10    7.4817067326559e-12    3.12730378440691e-11    7.32887743525809e-10
175.999999999985    3.31103583277656e-10    9.7700854820043e-11    1.46549541834102e-10    1.38904000926639e-10    3.76034842014234e-13    8.93802958856275e-12    7.23572045289018e-10
176.499999999984    3.0217675417454e-10    9.8143997493181e-11    1.52496937183594e-10    1.32806048340702e-10    3.39089780635656e-12    2.53221408744692e-11    7.14336775872843e-10
176.999999999984    2.26463749321418e-10    1.02875223264205e-10    1.75737935679023e-10    1.177055831847e-10    2.67545569800983e-11    5.62323807561305e-11    7.05769429185575e-10
177.499999999984    1.36166088222679e-10    1.04686716709358e-10    1.90855173608868e-10    1.10386866455144e-10    7.59420841340779e-11    8.03930727816178e-11    6.98430001911745e-10
177.999999999983    1.12165977903663e-10    1.03097452195424e-10    1.92088270028839e-10    1.08529691915369e-10    9.22038580549006e-11    8.39899776285862e-11    6.92075227726783e-10
178.499999999983    1.8173400464858e-10    9.92909090977555e-11    1.78424168522972e-10    1.12863360500069e-10    4.87450631571863e-11    6.43823110599467e-11    6.8543981698651e-10
178.999999999982    2.62546887258431e-10    9.45224178229284e-11    1.55449337707933e-10    1.21646214952052e-10    9.69733927034574e-12    3.38971370297416e-11    6.77759334041432e-10
179.499999999982    2.98822908605219e-10    9.21095225328278e-11    1.38719677301824e-10    1.29687799211628e-10    4.94008593969264e-13    9.56975896208941e-12    6.69403675207557e-10
179.999999999981    2.8335143580278e-10    9.10896248792586e-11    1.39986012037382e-10    1.26725574531335e-10    1.85440236196185e-12    1.80122090230305e-11    6.61019258635749e-10
180.499999999981    2.20612363878809e-10    9.50701511372465e-11    1.61485984531635e-10    1.12721706369511e-10    1.83225155022404e-11    4.49278506846275e-11    6.53140572104069e-10
180.99999999998    1.3777022325054e-10    9.70224925502991e-11    1.75544869059515e-10    1.04673552715432e-10    6.09183038964567e-11    7.03497804362881e-11    6.4627922190853e-10
181.49999999998    1.00799150532741e-10    9.63026425564064e-11    1.79346714025014e-10    1.025964126896e-10    8.48034042240845e-11    7.65552959555308e-11    6.40403619983377e-10
181.999999999979    1.51661435006497e-10    9.36769592149921e-11    1.69225150905276e-10    1.05528277234718e-10    5.2068751333446e-11    6.23312113704001e-11    6.3449178506533e-10
182.499999999979    2.28178778166895e-10    8.898074679383e-11    1.49289329718037e-10    1.12566006162127e-10    1.27344584942723e-11    3.59517509137581e-11    6.27701070248919e-10
182.999999999979    2.6951644813734e-10    8.61098116081587e-11    1.313000757482e-10    1.21083650318664e-10    8.29902702175057e-13    1.13799156925561e-11    6.20219804207094e-10
183.499999999978    2.64923799210936e-10    8.53339431512061e-11    1.28748916263614e-10    1.20550180310161e-10    9.19775742052261e-13    1.21288540356499e-11    6.12605468713619e-10
183.999999999978    2.15166418640461e-10    8.79067976227256e-11    1.47129294163364e-10    1.08680443922442e-10    1.176390909794e-11    3.47111011796909e-11    6.05357964626623e-10
184.499999999977    1.40921175894514e-10    9.01875800815902e-11    1.59951390330677e-10    1.00600379176919e-10    4.67655637061911e-11    6.0496637572617e-11    5.98922726762508e-10
184.999999999977    9.37322999358599e-11    9.02462243488082e-11    1.6696061519447e-10    9.6883282358051e-11    7.61158123707053e-11    6.95091316073217e-11    5.93447365815216e-10
185.499999999976    1.25920182481616e-10    8.81761314683278e-11    1.59831795159184e-10    9.83429296271175e-11    5.50195297619566e-11    6.08632105151774e-11    5.88153779013379e-10
185.999999999976    1.96234740628057e-10    8.36055404500098e-11    1.42667983665985e-10    1.04589674692151e-10    1.66810180833342e-11    3.83791760304247e-11    5.82158133549962e-10
186.499999999975    2.41380084150023e-10    8.09014628968418e-11    1.25432533087023e-10    1.12273864731533e-10    1.55941307314928e-12    1.39266645957185e-11    5.75474022534289e-10
186.999999999975    2.46993862345509e-10    7.92750938357948e-11    1.19524041466233e-10    1.14385661156684e-10    4.3474178129515e-13    7.95199196689022e-12    5.68565392552406e-10
187.499999999974    2.08613895418957e-10    8.17161000355172e-11    1.33314270332601e-10    1.04734483454006e-10    6.89399104266435e-12    2.66305184446705e-11    5.61903258728416e-10
187.999999999974    1.45586106421571e-10    8.36599406745498e-11    1.46269126779618e-10    9.61545819350085e-11    3.36057267948668e-11    5.05941146911908e-11    5.55869597296805e-10
188.499999999974    9.11717323708868e-11    8.48083170616297e-11    1.5545526441021e-10    9.15237680243285e-11    6.53782066441135e-11    6.23643643660125e-11    5.50701652877181e-10
188.999999999973    1.04259678445447e-10    8.27542419430079e-11    1.50345918075466e-10    9.23028277481418e-11    5.70559328332717e-11    5.91988644721676e-11    5.45917463517502e-10
189.499999999973    1.65430850161844e-10    7.93722876629675e-11    1.36923567638739e-10    9.67562373364387e-11    2.18616694222815e-11    4.02893425949802e-11    5.4063395481725e-10
189.999999999972    2.13868832783997e-10    7.62391141704454e-11    1.20949572285901e-10    1.03349908251121e-10    2.92123039429674e-12    1.73555648457261e-11    5.34684222731487e-10
190.499999999972    2.27757614019991e-10    7.45984210985803e-11    1.11767510057938e-10    1.08063193749569e-10    2.28677337490776e-13    6.01890134415339e-12    5.28434317607722e-10
190.999999999971    2.02385133296865e-10    7.53644658759811e-11    1.19574892432729e-10    1.01519993953987e-10    3.61834387227423e-12    1.98467313346345e-11    5.2230956076647e-10
191.499999999971    1.48853583981273e-10    7.83868395812282e-11    1.33342895500464e-10    9.24686876087072e-11    2.25494333518755e-11    4.10522086187922e-11    5.16653648642339e-10
191.99999999997    9.31650970289423e-11    7.93178168081474e-11    1.43240885566636e-10    8.72155047355601e-11    5.34769053590285e-11    5.5342903204195e-11    5.1175911270251e-10
192.49999999997    8.80694923347452e-11    7.80179634006336e-11    1.42193616688413e-10    8.66059341112269e-11    5.68137236149979e-11    5.56655544378619e-11    5.07366284587879e-10
192.999999999969    1.37189217757055e-10    7.5381050598075e-11    1.31703085206435e-10    8.98251905411408e-11    2.71239474394083e-11    4.14797896470687e-11    5.02702281189183e-10
193.499999999969    1.87336135602636e-10    7.19738232879546e-11    1.16550537316023e-10    9.61573464650444e-11    4.93268928059593e-12    2.04753329744054e-11    4.97425864926659e-10
193.999999999969    2.07923691054313e-10    7.02613138932058e-11    1.05631537184289e-10    1.01791816218321e-10    2.33936443938447e-13    5.93998067368687e-12    4.91782275467754e-10
194.499999999968    1.93820609187954e-10    7.04754437981237e-11    1.08914936047244e-10    9.80377809023661e-11    1.66609845233271e-12    1.32453580142963e-11    4.86160226402316e-10
194.999999999968    1.50809269352017e-10    7.27720031502612e-11    1.22378776221153e-10    8.90760161060591e-11    1.393251069344e-11    3.1909688978031e-11    4.80878264500961e-10
195.499999999967    9.72220113607169e-11    7.38613083065897e-11    1.32051074756807e-10    8.34390512401497e-11    4.13246348487499e-11    4.83278905444147e-11    4.76225971057428e-10
195.999999999967    7.69377051137283e-11    7.32925772311987e-11    1.33940929846579e-10    8.16386042192378e-11    5.40086711488524e-11    5.23226525987561e-11    4.72141140158353e-10
196.499999999966    1.12496794150445e-10    7.09733449028171e-11    1.26536721801082e-10    8.35830236707383e-11    3.20775087291356e-11    4.23319072655518e-11    4.6799930051977e-10
196.999999999966    1.61363163589609e-10    6.8450402097862e-11    1.12839433678843e-10    8.88135580299909e-11    7.86798884656024e-12    2.39939652974685e-11    4.63328511540334e-10
197.499999999965    1.88435059682854e-10    6.63605067232011e-11    1.00799450046087e-10    9.44750477650915e-11    5.17743092389291e-13    7.66657004458238e-12    4.58254377354206e-10
197.999999999965    1.84948258685233e-10    6.55666162568068e-11    9.95476171667029e-11    9.37954790038364e-11    6.51341220525011e-13    8.59270752415795e-12    4.53102019857262e-10
198.499999999964    1.51580785066452e-10    6.74738399413072e-11    1.11398737393899e-10    8.55991842446773e-11    7.85911786617592e-12    2.42683938852061e-11    4.48180058397718e-10
198.999999999964    1.03581060999848e-10    6.87048507682569e-11    1.21178725781106e-10    7.91796550852119e-11    3.007766943878e-11    4.10342974399574e-11    4.4375625951316e-10
199.499999999964    7.1663768582223e-11    6.92372889127608e-11    1.2526224924392e-10    7.69969670759373e-11    4.90593951071524e-11    4.76900885498489e-11    4.39909757471843e-10
199.999999999963    9.15047364376826e-11    6.76945078468945e-11    1.19606316514859e-10    7.82122816650125e-11    3.65980609531225e-11    4.25820361751055e-11    4.36197939592677e-10
200.499999999963    1.37665809524151e-10    6.49289826564902e-11    1.09274929887608e-10    8.16777578648026e-11    1.17740995968796e-11    2.67536175008561e-11    4.32075197030788e-10
200.999999999962    1.68927944655975e-10    6.2930243668931e-11    9.6825460097053e-11    8.74219085208699e-11    1.20525722471901e-12    1.02149360271049e-11    4.27525750194653e-10
201.499999999962    1.74201701526878e-10    6.17811813070619e-11    9.23655180803006e-11    8.90516518617343e-11    2.17395570217036e-13    5.20272426848114e-12    4.22820172614673e-10
201.999999999961    1.5081520838595e-10    6.28429389495216e-11    1.00166773436245e-10    8.28914514944081e-11    3.85200566330945e-12    1.76782673852324e-11    4.18246645314667e-10
202.499999999961    1.09251658800029e-10    6.46256762737308e-11    1.09849617635031e-10    7.61804326071828e-11    2.0274011317272e-11    3.38649773120521e-11    4.14046373945297e-10
202.99999999996    7.13153213249512e-11    6.50371746699905e-11    1.158732110103e-10    7.32999140242037e-11    4.21909644399755e-11    4.26744778284966e-11    4.10391063297917e-10
203.49999999996    7.5307178394236e-11    6.39934971479573e-11    1.14533781906034e-10    7.28450598113641e-11    3.9635004788318e-11    4.07006835735318e-11    4.07015205621441e-10
203.999999999959    1.14872957765644e-10    6.17349502606061e-11    1.05125005378638e-10    7.59290806320263e-11    1.64128242217894e-11    2.93042551197399e-11    4.03379073378444e-10
204.499999999959    1.49508661422618e-10    5.94977384282604e-11    9.40791351803146e-11    8.06153760053166e-11    2.42694411446519e-12    1.31849075333461e-11    3.99312762684321e-10
204.999999999959    1.61722594172673e-10    5.83489497619726e-11    8.66767853083241e-11    8.43252172289715e-11    1.08653747273609e-13    3.84915195064127e-12    3.95031352169856e-10
205.499999999958    1.48051961187465e-10    5.84293814373089e-11    9.06160516641328e-11    8.04198530741184e-11    1.55134883154754e-12    1.17270339779923e-11    3.90795630172565e-10
205.999999999958    1.14212697472846e-10    6.01505618628415e-11    1.0014664647542e-10    7.37775020932385e-11    1.22180094762227e-11    2.63169096389062e-11    3.86822327019474e-10
206.499999999957    7.43082037893076e-11    6.09663899234498e-11    1.07160481826907e-10    6.97104306536261e-11    3.35442480622562e-11    3.76334216921256e-11    3.83323175947672e-10
206.999999999957    6.33269646639189e-11    6.06976812352554e-11    1.08411341939859e-10    6.83279702304615e-11    4.03782792781589e-11    3.90605963744551e-11    3.80202833722109e-10
207.499999999956    9.39366634661549e-11    5.87412360162469e-11    1.01459548506151e-10    7.02326809348562e-11    2.15966926374072e-11    3.10178850436734e-11    3.76984706604489e-10
207.999999999956    1.30362680769689e-10    5.63457669135542e-11    9.0978720415935e-11    7.45404912909046e-11    4.49245403239151e-12    1.66500504808907e-11    3.73370163903365e-10
208.499999999955    1.48293485202017e-10    5.49825035244115e-11    8.24795731974136e-11    7.89667396829895e-11    2.09798920370731e-13    4.55900766783487e-12    3.69491108195037e-10
208.999999999955    1.43568482772079e-10    5.44553193012247e-11    8.2175760806359e-11    7.78122944755013e-11    4.72453233593336e-13    7.09437488913914e-12    3.65578685477897e-10
209.499999999954    1.17013168080363e-10    5.6031739686575e-11    9.17646906653131e-11    7.13197619861431e-11    6.36443456600975e-12    1.93524251395706e-11    3.61846220123975e-10
209.999999999954    7.94600469193268e-11    5.73006005916368e-11    9.89234863053592e-11    6.66550018806148e-11    2.413981779367e-11    3.20105306519049e-11    3.58489484142513e-10
210.499999999954    5.76162020853835e-11    5.72340812843222e-11    1.01505017532078e-10    6.46589822335952e-11    3.7535812349117e-11    3.69958976313045e-11    3.55545993115801e-10
210.999999999953    7.5274704354925e-11    5.6222497887539e-11    9.75246274737642e-11    6.55631225878468e-11    2.60665913892421e-11    3.20137979255817e-11    3.52665341618899e-10
211.499999999953    1.11201389330315e-10    5.36692127379434e-11    8.87281178427216e-11    6.87771640262735e-11    7.45280863880668e-12    1.96400464784855e-11    3.49468739054546e-10
211.999999999952    1.33714285960703e-10    5.22878119392332e-11    7.94528895999567e-11    7.31290514005147e-11    5.93803217536101e-13    6.79424796871015e-12    3.45972090086654e-10
212.499999999952    1.36922940736371e-10    5.11111982587167e-11    7.6186577498279e-11    7.42882000090932e-11    1.10776840935782e-13    3.75679321093179e-12    3.42376486554327e-10
212.999999999951    1.17840752704804e-10    5.22174817105119e-11    8.3323628037701e-11    6.88764421589819e-11    2.82351449177164e-12    1.38073384748766e-11    3.38889157578647e-10
213.499999999951    8.57001366403473e-11    5.37040758453354e-11    9.0315841634725e-11    6.36743390233666e-11    1.55615782835801e-11    2.67198548341295e-11    3.35675826261484e-10
213.99999999995    5.67791925249346e-11    5.43205428942295e-11    9.49451591387704e-11    6.12645184118903e-11    3.2164268300795e-11    3.33831861346721e-11    3.32856867405292e-10
214.49999999995    6.13906302138504e-11    5.33567479069993e-11    9.32188494196346e-11    6.11473322955349e-11    2.93417721115132e-11    3.17800753310788e-11    3.30235407278611e-10
214.999999999949    9.22909343881987e-11    5.15111853128434e-11    8.62355573161914e-11    6.33531087540845e-11    1.16358855036037e-11    2.23853573449946e-11    3.27412028619916e-10
215.499999999949    1.18422423208184e-10    4.96179917680603e-11    7.71768407678843e-11    6.76020492156323e-11    1.56890984057514e-12    9.89265501020553e-12    3.24280869810541e-10
215.999999999949    1.2762955788974e-10    4.84989352401626e-11    7.19615022649109e-11    7.02471145939674e-11    5.00028816161695e-14    2.61015539027662e-12    3.20997268260674e-10
216.499999999948    1.16687862828202e-10    4.88158934564396e-11    7.51499786647469e-11    6.69327199062552e-11    1.00128983990976e-12    9.16073301434976e-12    3.17748477709903e-10
216.999999999948    9.12513241546494e-11    4.99753965904971e-11    8.27137886395868e-11    6.15271708935043e-11    8.76753997458176e-12    2.04527487459783e-11    3.14687968998798e-10
217.499999999947    6.03749979970902e-11    5.10105672554496e-11    8.74528825394495e-11    5.87982242557807e-11    2.48872505420042e-11    2.94458983619934e-11    3.11969820951768e-10
217.999999999947    5.20679328250422e-11    5.04495762412844e-11    8.83389765393055e-11    5.7673764845465e-11    3.03689954916125e-11    3.06302790819324e-11    3.09529525024642e-10
218.499999999946    7.46445821370098e-11    4.91100052621216e-11    8.33432775825615e-11    5.91184384679932e-11    1.66144305139211e-11    2.41957297146932e-11    3.070264636783e-10
218.999999999946    1.02530400698666e-10    4.72651417413037e-11    7.55375527843192e-11    6.2180573184311e-11    3.56863615719335e-12    1.31613779745037e-11    3.04243682540297e-10
219.499999999945    1.17032602074171e-10    4.59724120094033e-11    6.91207589701524e-11    6.53889129202445e-11    1.75140541983618e-13    3.57099785597206e-12    3.01260824371927e-10
219.999999999945    1.13691863225119e-10    4.5824477951618e-11    6.83157950045273e-11    6.49067435638049e-11    2.69028410569087e-13    5.24144675100699e-12    2.98249354906645e-10
220.499999999944    9.44873134050077e-11    4.67308098162998e-11    7.58777655547702e-11    5.9798279901939e-11    4.15599061115057e-12    1.43100062834437e-11    2.95360165572611e-10
220.999999999944    6.64932797784771e-11    4.75062134029355e-11    8.16926302971574e-11    5.60001220547282e-11    1.68255493677128e-11    2.42143541398093e-11    2.9273214904082e-10
221.499999999944    4.80218499272514e-11    4.78972922124216e-11    8.31840730408765e-11    5.46884436181339e-11    2.78538463940009e-11    2.87634339889933e-11    2.90408939181677e-10
221.999999999943    5.9565433316821e-11    4.69565831737648e-11    8.03987399907541e-11    5.50381861214227e-11    2.07559372300606e-11    2.54447802597898e-11    2.88159660092613e-10
222.499999999943    8.61858733160275e-11    4.54384047116417e-11    7.39122300286521e-11    5.73091840694737e-11    6.63229238753682e-12    1.62176169425089e-11    2.85695601455841e-10
222.999999999942    1.05162880928331e-10    4.36812269855847e-11    6.66733180301466e-11    6.07091630060796e-11    6.50940178020127e-13    6.12890449358412e-12    2.83006433621747e-10
223.499999999942    1.08685997293682e-10    4.3133479841357e-11    6.36406536913327e-11    6.19803618510924e-11    6.66472545707735e-14    2.72438361021543e-12    2.80231523542251e-10
223.999999999941    9.56746178836097e-11    4.37410663254202e-11    6.82311012952415e-11    5.81978771225283e-11    1.67070760972173e-12    1.00075348398822e-11    2.77522905076404e-10
224.499999999941    7.23570530238667e-11    4.457274185479e-11    7.36385984064264e-11    5.4100319186902e-11    1.01719535351148e-11    2.01558570769339e-11    2.74996523084034e-10
224.99999999994    4.92073317544446e-11    4.50497333431964e-11    7.78217893782464e-11    5.17107794210081e-11    2.2945210856641e-11    2.6022457781305e-11    2.72757302534841e-10
225.49999999994    4.89487745817926e-11    4.45733153447885e-11    7.69973017399124e-11    5.14954944011237e-11    2.32052526731696e-11    2.5466933361654e-11    2.70687072102441e-10
225.999999999939    7.10590887034295e-11    4.32731340358566e-11    7.22079045392853e-11    5.2827066779637e-11    1.05461656309863e-11    1.85904320314045e-11    2.68503791720599e-10
226.499999999939    9.23519223422641e-11    4.19443635196948e-11    6.52136792020787e-11    5.58349197572631e-11    1.80024881072249e-12    8.95022024874582e-12    2.66095353880769e-10
226.999999999939    1.01333976172208e-10    4.09361580899082e-11    6.04457247790855e-11    5.83046255876544e-11    7.08950833994136e-14    2.46581629560736e-12    2.63557196007863e-10
227.499999999938    9.51858660660354e-11    4.08387844640913e-11    6.13662495633372e-11    5.67340065916206e-11    5.40293410903859e-13    6.36356273431805e-12    2.61028762830306e-10
227.999999999938    7.67264799984839e-11    4.17769875531988e-11    6.75843617950531e-11    5.23449302434606e-11    5.28578460915127e-12    1.49056074645747e-11    2.58624151663922e-10
228.499999999937    5.32925089703565e-11    4.25062306469579e-11    7.1973610923534e-11    4.96426579323181e-11    1.66496882550145e-11    2.23892263962508e-11    2.56453923124432e-10
228.999999999937    4.30540919720653e-11    4.25035388948187e-11    7.28594150908711e-11    4.86994603815258e-11    2.29451281298263e-11    2.44395491416305e-11    2.54501183610738e-10
229.499999999936    5.71052261738841e-11    4.16739226745446e-11    6.96178253669775e-11    4.955947479132e-11    1.45268616730862e-11    2.00654417705878e-11    2.525487524504e-10
229.999999999936    7.91327722952689e-11    4.02568122761607e-11    6.38139239890594e-11    5.17033526239887e-11    3.84776237452321e-12    1.16497036299032e-11    2.50404327188904e-10
230.499999999935    9.24567442663705e-11    3.89728755500204e-11    5.82836415614282e-11    5.43238070635235e-11    2.74818446742409e-13    3.78776415471326e-12    2.48099651042798e-10
230.999999999935    9.25462527567372e-11    3.8489308778071e-11    5.63976314038136e-11    5.49118532900342e-11    1.42938133814477e-13    3.26427867524193e-12    2.45752263037712e-10
231.499999999934    7.89809811422317e-11    3.92614057842366e-11    6.18351053593711e-11    5.08573537752874e-11    2.33124437485262e-12    1.02138720355085e-11    2.43479962471488e-10
231.999999999934    5.83007821320956e-11    3.99610485663727e-11    6.58726359741666e-11    4.7850808768189e-11    1.07435912616359e-11    1.86540897057002e-11    2.4138295640816e-10
232.499999999934    4.18171429339831e-11    4.01976885547286e-11    6.86260186908366e-11    4.61472882475598e-11    2.03150290032739e-11    2.24067090603431e-11    2.39509876490725e-10
232.999999999933    4.63606054793511e-11    3.98525132223005e-11    6.71768574394862e-11    4.6104191703292e-11    1.75693894134179e-11    2.06678630302997e-11    2.37731420288147e-10
233.499999999933    6.6584778691087e-11    3.83950620325353e-11    6.20595377370882e-11    4.79482575103132e-11    6.67548655134569e-12    1.41624953040838e-11    2.35825617826453e-10
233.999999999932    8.24908950729302e-11    3.74319399263381e-11    5.6514705210485e-11    5.03416138574955e-11    8.60858266241573e-13    6.10475752071274e-12    2.33744769854203e-10
234.499999999932    8.78631540850634e-11    3.6463189489514e-11    5.3241945742782e-11    5.19332349734573e-11    4.42445525303378e-14    2.03530860480395e-12    2.31581077448151e-10
234.999999999931    7.96424533299344e-11    3.68609048576361e-11    5.57661436666506e-11    4.94428463256175e-11    8.47792236391803e-13    6.88708708623338e-12    2.29447227502464e-10
235.499999999931    6.28460093606921e-11    3.7453788465962e-11    6.04478017425974e-11    4.60954033625322e-11    6.11871254140691e-12    1.44716096564585e-11    2.27433325129649e-10
235.99999999993    4.35790978430557e-11    3.81206659799985e-11    6.39867269116842e-11    4.39094101358266e-11    1.60060298147008e-11    2.00201641689396e-11    2.25622094854205e-10
236.49999999993    3.93535612745449e-11    3.79711851373798e-11    6.38577568454213e-11    4.35409792048947e-11    1.86661386958461e-11    2.05768921286331e-11    2.2396651328672e-10
236.999999999929    5.4567484338803e-11    3.69408523316922e-11    6.04054182823064e-11    4.45863919350375e-11    9.84149440519365e-12    1.59221177361543e-11    2.22263759029187e-10
237.499999999929    7.236751525108e-11    3.56968854198666e-11    5.54477502038855e-11    4.64459760202413e-11    2.02288912933637e-12    8.41451630999433e-12    2.20395532334404e-10
237.999999999929    8.12482128742958e-11    3.48626888353201e-11    5.09938037873225e-11    4.87406510283803e-11    9.34558001926539e-14    2.47609182589501e-12    2.18414904151406e-10
238.499999999928    7.8740632768986e-11    3.45828439637373e-11    5.07295147157917e-11    4.82153160108803e-11    2.40678811091994e-13    3.9116912876786e-12    2.16420677558166e-10
238.999999999928    6.5567053237764e-11    3.54287561260726e-11    5.55781999227265e-11    4.47662142531537e-11    2.98459596991333e-12    1.01808616937892e-11    2.14505681203419e-10
239.499999999927    4.75517156576895e-11    3.58425778738204e-11    5.93031867025924e-11    4.21996362508907e-11    1.11936497675977e-11    1.6660163543077e-11    2.12750929795668e-10
239.999999999927    3.63440868549958e-11    3.60457884512294e-11    6.06419055785365e-11    4.11006091752864e-11    1.77853791410515e-11    1.92562769910599e-11    2.1117404619216e-10
240.499999999926    4.45533069055091e-11    3.52777008905595e-11    5.84860182506777e-11    4.15409287392568e-11    1.28661414207937e-11    1.69103348997217e-11    2.09634431106518e-10
240.999999999926    6.16512724480101e-11    3.43117283103407e-11    5.40246577663349e-11    4.31760191252898e-11    3.99270539912031e-12    1.08092933493418e-11    2.07965676398438e-10
241.499999999925    7.36641307273612e-11    3.32083699363881e-11    4.95392228990014e-11    4.53275950763207e-11    3.74466149504516e-13    4.05116272880342e-12    2.06164947517379e-10
241.999999999925    7.5674858654831e-11    3.29083804624309e-11    4.74414157037903e-11    4.62219273723399e-11    6.05867918520594e-14    2.0084240374991e-12    2.04315593022743e-10
242.499999999924    6.70673225715204e-11    3.32423890732215e-11    5.05160390037205e-11    4.36313924393397e-11    1.18606499984355e-12    6.86335112892425e-12    2.0250655921657e-10
242.999999999924    5.17341242312899e-11    3.37868018150976e-11    5.39959222994984e-11    4.09217961276757e-11    6.77611873139219e-12    1.3597420288592e-11    2.00812183493546e-10
243.499999999924    3.68325292497711e-11    3.41004562773551e-11    5.66685810769083e-11    3.93234557119133e-11    1.48456573460917e-11    1.75169829029429e-11    1.99287662564982e-10
243.999999999923    3.68365462643871e-11    3.37245056241451e-11    5.61144303715258e-11    3.92102107291321e-11    1.48123249347762e-11    1.71663723209802e-11    1.97864390244946e-10
244.499999999923    5.1075442830228e-11    3.28294733050479e-11    5.28061505561246e-11    4.02000681542286e-11    6.72299716796348e-12    1.27401694885988e-11    1.96374301502192e-10
244.999999999922    6.49754044815019e-11    3.18470673241516e-11    4.84418586230433e-11    4.20762145072343e-11    1.16222851833468e-12    6.24842388170208e-12    1.94751197335968e-10
245.499999999922    7.10233300290326e-11    3.11660128414103e-11    4.52004829754913e-11    4.37463479281757e-11    5.21504378638998e-14    1.86072820017185e-12    1.93049052412146e-10
245.999999999921    6.71188605446955e-11    3.1267423262641e-11    4.57826944042205e-11    4.27218143027593e-11    3.67435700725941e-13    4.09181850437983e-12    1.91350046719422e-10
246.499999999921    5.51676060568957e-11    3.18548844196875e-11    4.98603319987621e-11    3.98202298589686e-11    3.39629146271508e-12    9.62685251355649e-12    1.89726196310585e-10
246.99999999992    3.98529026321791e-11    3.22893338186711e-11    5.26622366672021e-11    3.79128247935912e-11    1.06584716651211e-11    1.48660563166019e-11    1.88241825893366e-10
247.49999999992    3.26371242909685e-11    3.2270478970624e-11    5.3467013632565e-11    3.70271973076004e-11    1.48524080840995e-11    1.66394811436314e-11    1.86893703429489e-10
247.999999999919    4.12547720976826e-11    3.15811492210829e-11    5.14306664966631e-11    3.75869480144121e-11    9.65742612441457e-12    1.40399958476009e-11    1.85550957801856e-10
248.499999999919    5.56302538532213e-11    3.05392630790924e-11    4.7677868100478e-11    3.89837897346653e-11    2.725157614317e-12    8.54158211003709e-12    1.84097914491811e-10
248.999999999919    6.47591045918345e-11    2.97331019868655e-11    4.38182119690307e-11    4.09059649210289e-11    2.32829947456525e-13    3.09678471194135e-12    1.82545998128158e-10
249.499999999918    6.54809095040889e-11    2.95140510101496e-11    4.24085569975665e-11    4.13676565456056e-11    8.82102077879742e-14    2.1032373631138e-12    1.80962621628312e-10
249.999999999918    5.7362125051606e-11    2.98684844811533e-11    4.55382721947056e-11    3.89315944549861e-11    1.32723261495934e-12    6.39169077095573e-12    1.79419399568366e-10
250.499999999917    4.40351529991837e-11    3.0353486404311e-11    4.85585425235463e-11    3.65981008170828e-11    6.38634543545961e-12    1.20448160116527e-11    1.77976444191236e-10
250.999999999917    3.23912534233174e-11    3.05002990741581e-11    5.05805785359774e-11    3.53035224106391e-11    1.26870292229053e-11    1.52093135748821e-11    1.76671996241879e-10
251.499999999916    3.3641857514029e-11    3.02417248633093e-11    4.99061668687043e-11    3.51714240526255e-11    1.18229084905164e-11    1.46532007502483e-11    1.75437282539433e-10
251.999999999916    4.59587410939512e-11    2.94568091055421e-11    4.67417871786279e-11    3.62346197228691e-11    5.0780420418284e-12    1.06704827761624e-11    1.74140481918981e-10
252.499999999915    5.72870356613085e-11    2.86213531616202e-11    4.27999601668092e-11    3.8039764413279e-11    8.3538984112897e-13    5.15393448205487e-12    1.72737437726201e-10
252.999999999915    6.19041617900991e-11    2.80769680027783e-11    4.0702978274586e-11    3.89619968678325e-11    4.2815692574679e-14    1.58579811041085e-12    1.71274718738281e-10
253.499999999914    5.79488566454446e-11    2.82098281677962e-11    4.13344919984211e-11    3.80373319125285e-11    3.78070034146845e-13    3.91085456383273e-12    1.6981943332217e-10
253.999999999914    4.76752685616299e-11    2.8558596030292e-11    4.4667197835037e-11    3.56789636469614e-11    3.0839341895425e-12    8.76380550372168e-12    1.68427765767184e-10
254.499999999914    3.47847021228416e-11    2.88935110117611e-11    4.73183697568755e-11    3.38937143643112e-11    9.13918164786287e-12    1.3123234346177e-11    1.67152713249829e-10
254.999999999913    2.94906462621325e-11    2.87311336976116e-11    4.75027533391646e-11    3.34905562369303e-11    1.22940450065875e-11    1.44780252211005e-11    1.65987159763527e-10
255.499999999913    3.71007713634139e-11    2.82584009264912e-11    4.59951883612763e-11    3.37190650845716e-11    7.80962968438568e-12    1.19376338511696e-11    1.64820689271308e-10
255.999999999912    4.91494129905539e-11    2.7500145296511e-11    4.24955599181305e-11    3.51474095105966e-11    2.1354646345268e-12    7.13494797145229e-12    1.63562940321771e-10
256.499999999912    5.6677512228008e-11    2.68903661223593e-11    3.94406064572559e-11    3.6563544366483e-11    1.6813873049296e-13    2.48421139606216e-12    1.62224379300661e-10
256.999999999911    5.7080905137503e-11    2.66151392050883e-11    3.84179370489263e-11    3.68199631063038e-11    7.74015410713083e-14    1.85036571409396e-12    1.60861711752987e-10
257.499999999911    4.99177557299619e-11    2.68980405435841e-11    4.10051088884108e-11    3.48299026811376e-11    1.14576979472374e-12    5.7388958074861e-12    1.59535473445304e-10
257.99999999991    3.84961224396602e-11    2.73725531265679e-11    4.34006363674923e-11    3.28933575470438e-11    5.41772968328552e-12    1.07120809823566e-11    1.58292480146406e-10
258.49999999991    2.87448364885543e-11    2.75016455997392e-11    4.50760587846467e-11    3.18915876641187e-11    1.06929194832711e-11    1.32566686097522e-11    1.57163716630082e-10
258.999999999909    3.03119099461247e-11    2.70866200014013e-11    4.42239285179369e-11    3.19186866034703e-11    9.87648720671721e-12    1.26746421254021e-11    1.56092274401052e-10
259.499999999909    4.07908123305902e-11    2.65370437876227e-11    4.16656898091608e-11    3.27483442683511e-11    4.17573654362831e-12    9.0497370199031e-12    1.54967363759256e-10
259.999999999909    5.04840477298985e-11    2.5761757074654e-11    3.85062602154369e-11    3.41068048336549e-11    6.45463577289565e-13    4.25005681834202e-12    1.53754390249276e-10
260.499999999908    5.41982400280015e-11    2.53626767182024e-11    3.63554894418531e-11    3.52594781836679e-11    2.92953138304729e-14    1.28653737778242e-12    1.52491717063338e-10
260.999999999908    5.08017469939759e-11    2.53315919345369e-11    3.71877435044411e-11    3.42026456733899e-11    3.10827170917057e-13    3.4024703745217e-12    1.51237025651783e-10
261.499999999907    4.17858824888569e-11    2.58366670796828e-11    4.00322435681074e-11    3.20923883236968e-11    2.58745761236466e-12    7.70108241760121e-12    1.5003572149031e-10
261.999999999907    3.09478583811954e-11    2.60781089927017e-11    4.21350253537281e-11    3.06957539053223e-11    7.67807424767705e-12    1.13984592744321e-11    1.48933280155057e-10
262.499999999906    2.65130309554689e-11    2.60131854146116e-11    4.22584701729685e-11    3.02568897595049e-11    1.03227013345302e-11    1.25550323216616e-11    1.47919309958746e-10
262.999999999906    3.3125485887763e-11    2.54892609907294e-11    4.08498420425002e-11    3.06628791675844e-11    6.51568969022964e-12    1.02607160917689e-11    1.46903873870576e-10
263.499999999905    4.33824390065513e-11    2.48029954987779e-11    3.79514184677603e-11    3.176928035465e-11    1.76421208150317e-12    6.14316329274242e-12    1.45813508701985e-10
263.999999999905    4.98672365842998e-11    2.41906517652102e-11    3.53540532286017e-11    3.29786002400277e-11    1.36902396499456e-13    2.12887742039e-12    1.44656321635029e-10
264.499999999904    4.99790667260967e-11    2.40981249539229e-11    3.45588493419499e-11    3.31593405269123e-11    6.3948378802243e-14    1.62009983617515e-12    1.43479429763859e-10
264.999999999904    4.375030674143e-11    2.43142319449067e-11    3.67959176669115e-11    3.14637562015245e-11    9.61901852926062e-13    5.04747460697561e-12    1.42333589014674e-10
265.499999999904    3.39953866016452e-11    2.46867031461267e-11    3.9056122610455e-11    2.96584526178215e-11    4.52832798881033e-12    9.33187656619555e-12    1.41256869531054e-10
265.999999999903    2.59461750184438e-11    2.47115517311122e-11    4.03551127628289e-11    2.88299926712436e-11    8.86367553340247e-12    1.15680412878225e-11    1.40274549004854e-10
266.499999999903    2.71931294039055e-11    2.44581657052459e-11    3.94923836571456e-11    2.89345069558672e-11    8.18266834044556e-12    1.10774052168516e-11    1.39338259279461e-10
266.999999999902    3.61627749221941e-11    2.38717049976315e-11    3.72906029260376e-11    2.96819235011514e-11    3.49576111674575e-12    7.85635253779125e-12    1.38359120001552e-10
267.499999999902    4.43189551523461e-11    2.33159284140461e-11    3.45657045790433e-11    3.08367056788651e-11    5.6550192623148e-13    3.70500655590729e-12    1.37307802306439e-10
267.999999999901    4.75235391181153e-11    2.29600827942304e-11    3.2830360262741e-11    3.16949838554648e-11    2.70797662384926e-14    1.17985967161581e-12    1.36215905468406e-10
268.499999999901    4.45403071959502e-11    2.29357566297909e-11    3.34848996366891e-11    3.08444202468897e-11    2.65285590115226e-13    3.05897986451446e-12    1.35129649163949e-10
268.9999999999    3.68911976577343e-11    2.32078040212815e-11    3.60953501061257e-11    2.89741021484312e-11    2.16237664038852e-12    6.75887180120808e-12    1.34089702375169e-10
269.4999999999    2.76430305063229e-11    2.35268148635782e-11    3.78154354395477e-11    2.77914111096878e-11    6.3351450246609e-12    1.00181031360262e-11    1.33129940079824e-10
269.999999999899    2.39916567089005e-11    2.34120226157343e-11    3.80933193239538e-11    2.73801681839552e-11    8.50051321020465e-12    1.08644856797395e-11    1.32242165722488e-10
270.499999999899    2.94559693960054e-11    2.30507827748515e-11    3.65246010372742e-11    2.77915999565899e-11    5.46144124915621e-12    9.07102375907907e-12    1.31355418172956e-10
270.999999999899    3.82145632550752e-11    2.24405994549037e-11    3.41991725431884e-11    2.86383178483791e-11    1.53817981022116e-12    5.37545001978519e-12    1.30406282931553e-10
271.499999999898    4.37569225495615e-11    2.19977599322599e-11    3.1788249277849e-11    2.98624355671936e-11    1.30979883831932e-13    1.86737463987313e-12    1.29403721850569e-10
271.999999999898    4.39322671208301e-11    2.17909753658239e-11    3.1161572847953e-11    2.99292283309103e-11    5.01092149534615e-14    1.51939157720776e-12    1.28383544457679e-10
272.499999999897    3.85251734701517e-11    2.2003386053373e-11    3.31792429739985e-11    2.83828678673011e-11    7.89897102762865e-13    4.50921506542503e-12    1.27389782533012e-10
272.999999999897    3.031057525349e-11    2.23218048158501e-11    3.49624497024704e-11    2.6968959792071e-11    3.70067867901447e-12    8.18808879907629e-12    1.26452557041972e-10
273.499999999896    2.34611345181061e-11    2.24399591764707e-11    3.62470749001744e-11    2.61228962356813e-11    7.30635649897524e-12    1.00148375722719e-11    1.2559225890168e-10
273.999999999896    2.43897505256274e-11    2.21954958294411e-11    3.55986242833345e-11    2.62323725055593e-11    6.88848005876582e-12    9.46668740125682e-12    1.24771410603985e-10
274.499999999895    3.19457718825214e-11    2.16570315927091e-11    3.35600136881501e-11    2.69518593423452e-11    3.022768912723e-12    6.77988637939294e-12    1.23917331797842e-10
274.999999999895    3.89976711695146e-11    2.11544085867442e-11    3.11573046492835e-11    2.79628096479864e-11    5.09261941487433e-13    3.22222028104788e-12    1.23003676276064e-10
275.499999999894    4.1882120243983e-11    2.07867123091719e-11    2.9447687552671e-11    2.88457737387509e-11    2.2826885594969e-14    1.07130032774999e-12    1.22056421057922e-10
275.999999999894    3.94331666609556e-11    2.07669803023759e-11    3.01631627633723e-11    2.7919959368433e-11    2.05616523523975e-13    2.62382810162115e-12    1.21112713720282e-10
276.499999999894    3.28168576456473e-11    2.11950997020133e-11    3.24816406186454e-11    2.63238512330702e-11    1.72918299295536e-12    5.65966129430877e-12    1.2020629348664e-10
276.999999999893    2.50154915731155e-11    2.14060624101709e-11    3.40021193668708e-11    2.53023974035148e-11    5.22455812985454e-12    8.41510768637056e-12    1.19365736569897e-10
277.499999999893    2.16183316822056e-11    2.13571210412951e-11    3.42554345526299e-11    2.48958910277095e-11    7.22078537749499e-12    9.23829042102284e-12    1.18585854102358e-10
277.999999999892    2.61579035167334e-11    2.09704482102401e-11    3.28909112587872e-11    2.52270104144091e-11    4.76877988322195e-12    7.79436133460599e-12    1.17809414617998e-10
278.499999999892    3.37265474861045e-11    2.03806949850341e-11    3.07396099852811e-11    2.60521155699203e-11    1.36374464842331e-12    4.72037355676044e-12    1.16983086231524e-10
278.999999999891    3.85355208022945e-11    1.99922789476693e-11    2.86274374134376e-11    2.71025897717307e-11    1.13031055559826e-13    1.7403281335835e-12    1.16111186124275e-10
279.499999999891    3.88852172726044e-11    1.98070302136154e-11    2.79968856028839e-11    2.72343058220994e-11    3.50924255742781e-14    1.26603365556443e-12    1.15224564992342e-10
279.99999999989    3.43760263412236e-11    2.00077321547503e-11    2.98507355529195e-11    2.57990781737898e-11    5.95547081332192e-13    3.72829088445892e-12    1.14357410188474e-10
280.49999999989    2.74055200178098e-11    2.02987214467037e-11    3.13542392069633e-11    2.45538041821454e-11    2.97802203127387e-12    6.94645582978915e-12    1.13536762714685e-10
280.999999999889    2.12058441980384e-11    2.04712477088209e-11    3.24291753090211e-11    2.38759903315999e-11    6.13964737037664e-12    8.6579512567479e-12    1.12779856174605e-10
281.499999999889    2.17831948757536e-11    2.01894395190228e-11    3.1993051861683e-11    2.38332799984319e-11    5.93987528353302e-12    8.32006364130913e-12    1.12058905179734e-10
281.999999999889    2.81868220724286e-11    1.97385829663838e-11    3.02768303104358e-11    2.43599642274259e-11    2.64792169482055e-12    6.10177755247318e-12    1.11311898823968e-10
282.499999999888    3.43683441384075e-11    1.9247331062486e-11    2.81096793018175e-11    2.53610215389911e-11    4.42774111847041e-13    2.98659187819469e-12    1.10515742031744e-10
282.999999999888    3.70781066807833e-11    1.88858362132314e-11    2.68307199183896e-11    2.59102798007596e-11    1.71685658105971e-14    9.68141129679382e-13    1.09690252308654e-10
283.499999999887    3.51088457415347e-11    1.8849272229218e-11    2.70739406246179e-11    2.54540245403134e-11    1.41396035893915e-13    2.24021051837264e-12    1.08867689689951e-10
283.999999999887    2.94710368577822e-11    1.92136555163325e-11    2.92841364902029e-11    2.39969235037582e-11    1.35149768656886e-12    4.75720243216482e-12    1.08074452486809e-10
284.499999999886    2.25600004497126e-11    1.95364407311674e-11    3.07021724495998e-11    2.30031371596596e-11    4.28534312639697e-12    7.24839560563442e-12    1.07335489522171e-10
284.999999999886    1.94435425703677e-11    1.95161965906767e-11    3.08930130869077e-11    2.264935588971e-11    6.06899778546446e-12    8.07729774831231e-12    1.06648403671439e-10
285.499999999885    2.325890331761e-11    1.91090049301697e-11    2.97570453171142e-11    2.29324337860913e-11    4.01942236646244e-12    6.88876512188804e-12    1.05965574839336e-10
285.999999999885    2.97646494527069e-11    1.85669696869361e-11    2.78631271344656e-11    2.36475167422719e-11    1.14351881675717e-12    4.25708847309e-12    1.05242870306228e-10
286.499999999884    3.40320951469559e-11    1.82056747530188e-11    2.59349979644642e-11    2.45969677612957e-11    9.31942604877654e-14    1.61875617218e-12    1.04481686058402e-10
286.999999999884    3.45275027399657e-11    1.79954221834276e-11    2.53258840680661e-11    2.47427100383027e-11    2.30906939543281e-14    1.09287234888022e-12    1.03707482072597e-10
287.499999999884    3.06741985966634e-11    1.82546915244569e-11    2.68426295564336e-11    2.35280704183991e-11    4.56147476179692e-13    3.19346514790271e-12    1.02949202720035e-10
287.999999999883    2.47525467602034e-11    1.84586488772395e-11    2.8244205061718e-11    2.23755101313374e-11    2.42878173477133e-12    5.96884465418518e-12    1.02228537219455e-10
288.499999999883    1.93569263152046e-11    1.86198188202493e-11    2.93843506923783e-11    2.16565725001958e-11    5.12345345712574e-12    7.42085271029647e-12    1.0156197449545e-10
288.999999999882    1.95934940924663e-11    1.84426991432606e-11    2.88618389914234e-11    2.17438152635055e-11    5.03713582296191e-12    7.2464889630572e-12    1.00925472276675e-10
289.499999999882    2.49239117594191e-11    1.81091345585048e-11    2.74523554225108e-11    2.21550376752563e-11    2.27425033997393e-12    5.35477963620235e-12    1.00269469391867e-10
289.999999999881    3.03645440429579e-11    1.75941748115611e-11    2.54340424407064e-11    2.30807691045173e-11    3.8773309327704e-13    2.71146193105368e-12    9.95727254240734e-11
290.499999999881    3.28049278859333e-11    1.72606760022018e-11    2.42927779214535e-11    2.35761591161956e-11    1.55026338003468e-14    9.01096029804604e-13    9.88511395893892e-11
290.99999999988    3.12601605111944e-11    1.72512836187593e-11    2.45041239457814e-11    2.3128902070906e-11    1.03787837437734e-13    1.88243627526652e-12    9.81306942593453e-11
291.49999999988    2.66129432583971e-11    1.74868635143399e-11    2.61584595697424e-11    2.19646019156498e-11    1.05825205506122e-12    4.1534042542769e-12    9.74345245674673e-11
291.999999999879    2.07386852591237e-11    1.771698868617e-11    2.75983496993134e-11    2.09454081820361e-11    3.507902424307e-12    6.27514850181076e-12    9.67824827527609e-11
292.499999999879    1.77487292204744e-11    1.77478439635086e-11    2.77762552665055e-11    2.06659943447077e-11    5.15209576226512e-12    7.0839634874963e-12    9.61748820449577e-11
292.999999999879    2.0689299433976e-11    1.74740152480991e-11    2.68796260336488e-11    2.09065144910159e-11    3.56037243720251e-12    6.06400484010141e-12    9.55738324840437e-11
293.499999999878    2.62011489950523e-11    1.70426484629286e-11    2.53942117101307e-11    2.14179486064167e-11    1.07624998350395e-12    3.80798671111303e-12    9.49401944691453e-11
293.999999999878    3.00881720447866e-11    1.6665147030269e-11    2.36597361635617e-11    2.22507727665196e-11    9.80941154516716e-14    1.51198076298722e-12    9.42739028835759e-11
294.499999999877    3.07595574723065e-11    1.64453541438006e-11    2.29307634374417e-11    2.2524176017453e-11    1.74174706917991e-14    9.17803864244658e-13    9.35950724059383e-11
294.999999999877    2.77070013304007e-11    1.65717904346337e-11    2.41164970928708e-11    2.14727720787383e-11    3.32240150669221e-13    2.72863723842672e-12    9.29289383257394e-11
295.499999999876    2.2668337406758e-11    1.68230112777666e-11    2.54045378115936e-11    2.04395710247982e-11    1.88370715015157e-12    5.07441521718107e-12    9.2293579888249e-11
295.999999999876    1.79161921184962e-11    1.6917887594391e-11    2.63388212076731e-11    1.98718236187158e-11    4.19616729028965e-12    6.46177157332884e-12    9.17026634028945e-11
296.499999999875    1.7582299573641e-11    1.68853655565478e-11    2.62026861825519e-11    1.97471534335336e-11    4.3531845763265e-12    6.36887365353627e-12    9.1139562976137e-11
296.999999999875    2.19813028763517e-11    1.65236409104316e-11    2.5001954078423e-11    2.01510915036447e-11    2.10502039582653e-12    4.79985617401059e-12    9.05628659386882e-11
297.499999999874    2.67134683991448e-11    1.60944294064069e-11    2.34249581912716e-11    2.08092058701188e-11    4.00751248217223e-13    2.50964073039641e-12    8.99524538455557e-11
297.999999999874    2.89741882542627e-11    1.58709741137651e-11    2.2131661339596e-11    2.14709768277087e-11    1.85288026197301e-14    8.53437126820861e-13    8.93197664647731e-11
298.499999999874    2.80929433349833e-11    1.57457983162991e-11    2.21973490963035e-11    2.10974794784343e-11    7.07321394704838e-14    1.48226991420845e-12    8.86865722796991e-11
298.999999999873    2.42476946455092e-11    1.59437335669487e-11    2.36414969793285e-11    2.00700919246826e-11    7.7043976828635e-13    3.39922463522173e-12    8.8072681519977e-11
299.499999999873    1.92394639764449e-11    1.61580119937137e-11    2.46757222682948e-11    1.92778062908604e-11    2.73388852067406e-12    5.40984386517827e-12    8.74947369151661e-11
