1:binCentralValue 2:valuesAverage 3:valuesAverage 4:multiplicity
0.25 3.880418746426269e-18 2.376615949963444e-16 18
0.5 2.7594855521206e-17 3.142931217988027e-15 62
0.75 6.732512182653821e-17 8.002499182986951e-15 98
1 2.056125774581994e-16 2.111457057153486e-14 210
1.25 4.266912756305611e-16 4.754639217517394e-14 350
1.5 6.951537906790406e-16 6.770361063324354e-14 450
1.75 1.073251193765727e-15 1.225297011573363e-13 602
2 1.580209486085302e-15 1.636309812246091e-13 762
2.25 2.542027182358542e-15 2.926522937493727e-13 1142
2.5 3.138430670239063e-15 3.96518579974052e-13 1250
2.75 4.030300446731502e-15 4.873139837159697e-13 1458
3 5.24703794797609e-15 6.507438527960944e-13 1814
3.25 6.865878625454799e-15 8.501756858544588e-13 2178
3.5 8.452883151695399e-15 1.091239817858855e-12 2498
3.75 9.282963305843073e-15 1.226971018274862e-12 2622
4 5.791422665284911e-15 7.935646483540715e-13 3338
4.25 9.336755546997509e-47 1.261633044279009e-44 3722
4.5 1.087131576812977e-46 1.250801786228402e-44 4170
4.75 9.747021398635874e-47 1.29078197007921e-44 4358
5 1.105012796863581e-46 1.346746252280095e-44 5034
5.25 1.201674338763917e-46 1.558944970641494e-44 5714
5.5 1.311694910694665e-46 1.633113655649225e-44 5982
5.75 1.333832544085688e-46 1.722849699194726e-44 6602
6 1.425140367547227e-46 1.682535708403974e-44 7130
6.25 1.596970512272426e-46 2.076263091570109e-44 8034
6.5 1.74903392890968e-46 2.165768995394891e-44 8606
6.75 1.72189738021148e-46 2.228608084282395e-44 9066
7 1.749665027298344e-46 2.323842839905176e-44 9962
7.25 1.786596054654608e-46 2.267371090612708e-44 10550
7.5 1.768397077907266e-46 2.238361864087751e-44 11226
7.75 1.918185519107526e-46 2.253610499564382e-44 12146
8 1.783823907473572e-46 2.249765866145939e-44 12606
8.25 1.881198123966394e-46 2.356493451667031e-44 13802
8.5 2.121735950966526e-46 2.610452925259391e-44 14754
8.75 2.326386018504731e-46 2.853752529750745e-44 15194
9 2.54355872345251e-46 3.144776875621016e-44 16454
9.25 2.839470444202021e-46 3.567545922812924e-44 17154
9.5 2.840829218120154e-46 3.594390815764552e-44 18266
9.75 2.754949873370956e-46 3.424519141878176e-44 18750
10 2.962793397413554e-46 3.588522665429471e-44 20234
10.25 2.967173708791467e-46 3.764499771039438e-44 21450
10.5 3.18273108941164e-46 3.9421804394934e-44 21962
10.75 3.181911863221794e-46 4.056076616601634e-44 23462
11 3.274221767452921e-46 4.21261981560868e-44 24042
11.25 3.391042296554115e-46 4.18218688619742e-44 25946
11.5 3.297027339735054e-46 4.32507699557786e-44 26118
11.75 3.481278314761027e-46 4.161679329560172e-44 27506
12 3.452202872262621e-46 4.260351662402886e-44 29066
12.25 3.814495007880908e-46 4.693500451435689e-44 30450
12.5 4.078841796461438e-46 5.090994526834017e-44 31742
12.75 4.573124917760674e-46 5.449129949723161e-44 32250
13 4.740647981705713e-46 5.909166318015277e-44 34250
13.25 5.318839642338232e-46 6.495115807761769e-44 35454
13.5 5.595017443916291e-46 7.207913826192312e-44 36434
13.75 5.340506654742727e-46 6.454521653801394e-44 37682
14 5.567666191852822e-46 7.111113232568004e-44 39294
14.25 6.311667985101428e-46 7.823950724973553e-44 41426
14.5 6.200795921634626e-46 7.65236031950172e-44 42066
14.75 6.458078702379048e-46 8.325951415315346e-44 43490
15 6.642587403567455e-46 8.592798914501332e-44 45702
15.25 7.052786555907257e-46 8.62910447097542e-44 46634
15.5 7.257319281785701e-46 9.068914460558056e-44 48554
15.75 7.330654347260095e-46 9.452238735747992e-44 48870
16 6.720689394180051e-46 8.927013247516954e-44 50963
16.25 5.362231868081176e-46 7.063480791587553e-44 51576
16.5 4.369391759669352e-46 5.535847228983234e-44 49316
16.75 4.122812979312551e-46 5.229360968469584e-44 49344
17 3.942827719764758e-46 4.914647963487693e-44 47192
17.25 3.918259469806948e-46 4.849407146799327e-44 47576
17.5 3.648824504895312e-46 4.629145767320741e-44 45348
17.75 3.473867199607391e-46 4.439296851847843e-44 44060
18 3.556306395155505e-46 4.415515914848195e-44 43872
18.25 3.297771865326769e-46 4.177656206824985e-44 41756
18.5 3.377543240322342e-46 4.189822788673377e-44 41528
18.75 3.106933239322825e-46 4.009454067525784e-44 39300
19 3.024051435650453e-46 3.864975930195329e-44 38276
19.25 2.974368747350305e-46 3.755962048540748e-44 36900
19.5 2.712958449076726e-46 3.47113752415874e-44 34724
19.75 2.790711376636701e-46 3.516949992168823e-44 33960
20 2.550040448119255e-46 3.295397814558516e-44 32144
20.25 2.54866597342179e-46 3.154669065623871e-44 30704
20.5 2.418308896267801e-46 2.967916062855126e-44 28896
20.75 2.156444884205799e-46 2.724683159365268e-44 26924
21 2.128917519174554e-46 2.637693648114831e-44 25656
21.25 1.837775515134036e-46 2.335432809193179e-44 23228
21.5 1.780853121749133e-46 2.233113200875471e-44 21816
21.75 1.505638788152833e-46 1.904548451743434e-44 19472
22 1.329683419964907e-46 1.707149990150752e-44 17696
22.25 1.09546726038641e-46 1.388732443765645e-44 15588
22.5 8.925909678918433e-47 1.143824117912554e-44 13760
22.75 7.275803102711015e-47 9.256331168071499e-45 11565
23 6.369287561071051e-47 8.106272240173026e-45 10016
23.25 5.425578403268592e-47 6.816586662384063e-45 8652
23.5 5.171471495308961e-47 6.127441799191707e-45 7652
23.75 4.446338776276103e-47 5.431688460808291e-45 6542
24 3.731783725246897e-47 4.550768586490126e-45 5478
24.25 3.493176411537656e-47 4.114721792282219e-45 4886
24.5 2.790862415873695e-47 3.635866205099818e-45 4068
24.75 2.321849421819413e-47 3.041928699585387e-45 3326
25 1.965053644875099e-47 2.441209086651288e-45 2696
25.25 1.675126277495243e-47 2.015018236423837e-45 2304
25.5 1.485334424950504e-47 1.785815036885224e-45 1934
25.75 1.074461712251694e-47 1.19350887680516e-45 1344
26 6.191331277351525e-48 8.032882519497668e-46 848
26.25 7.228325098622753e-48 8.062704732361619e-46 888
26.5 4.86335530614393e-48 5.904429169419671e-46 584
26.75 2.919043992263563e-48 3.42807631679185e-46 344
27 7.08438265303815e-49 7.905738564225837e-47 102
27.25 8.052120902139179e-49 7.167507054240787e-47 104
27.5 1.116151777739016e-49 1.039152109584568e-47 24
27.75 4.763196816047488e-51 1.698306073311284e-50 1

0.25 6.086988788865617e-19 1.85434642012205e-17 18
0.5 3.251099984352647e-18 1.385072956039919e-16 62
0.75 5.468023026919754e-18 3.459590741734631e-16 98
1 1.241756428206027e-17 1.114031528115999e-15 210
1.25 1.652334021892557e-17 2.4008200592737e-15 350
1.5 1.386421172113179e-17 4.048303852945659e-15 450
1.75 2.041434786831885e-17 5.898532215090285e-15 602
2 4.034136117812642e-17 7.91534495510771e-15 762
2.25 1.104393474628281e-16 1.032599584079553e-14 1142
2.5 2.032428522376614e-16 1.008649690264874e-14 1250
2.75 3.139321529460327e-16 8.682645192450126e-15 1458
3 4.218161238864145e-16 9.180500312169536e-15 1814
3.25 5.389725014597102e-16 1.043126037031034e-14 2178
3.5 6.305308006163162e-16 1.338950862394019e-14 2498
3.75 6.114616213026661e-16 1.705279450650666e-14 2622
4 3.441898643206705e-16 1.225251887453565e-14 3338
4.25 2.353625195907594e-28 9.792318022558725e-27 3722
4.5 2.218565575394853e-28 9.711135496191138e-27 4170
4.75 1.961141623162418e-28 7.7418614078907e-27 4358
5 1.867717191891843e-28 7.81467960923021e-27 5034
5.25 1.597673727286773e-28 7.393348730446821e-27 5714
5.5 1.248739762720398e-28 6.439761627164234e-27 5982
5.75 1.020210947213886e-28 5.91239855529526e-27 6602
6 7.688959805163897e-29 4.761941404457513e-27 7130
6.25 6.389124665523523e-29 3.705938280836217e-27 8034
6.5 5.284003976494299e-29 2.420395856105674e-27 8606
6.75 3.803686948759822e-29 1.681070655748196e-27 9066
7 2.298475834177017e-29 1.192091402917222e-27 9962
7.25 1.132067647545119e-29 7.190476378219968e-28 10550
7.5 5.401042835155935e-30 3.068167766010348e-28 11226
7.75 1.617608449664049e-30 7.649640671490026e-29 12146
8 4.725993106329809e-32 2.26499548183357e-30 12606
8.25 1.554737767745318e-41 1.252006660003982e-39 13802
8.5 1.032319906068093e-41 8.87034375126391e-40 14754
8.75 6.891092971530851e-42 6.069607959594995e-40 15194
9 4.727043633959138e-42 4.344193370153634e-40 16454
9.25 3.176859158713791e-42 2.901956209394675e-40 17154
9.5 2.110702677992701e-42 2.073501270675889e-40 18266
9.75 1.288702723798697e-42 1.361279036338411e-40 18750
10 8.334171829570893e-43 8.988114543788002e-41 20234
10.25 4.948285283242125e-43 5.37464345719945e-41 21450
10.5 2.521418037537199e-43 3.026578589897327e-41 21962
10.75 1.219274572967817e-43 1.577014781179799e-41 23462
11 5.181276599816854e-44 6.389344482816217e-42 24042
11.25 1.80841480136533e-44 2.125897610364802e-42 25946
11.5 3.737351264536291e-45 4.840300010364325e-43 26118
11.75 6.175941495430172e-46 8.038530122821825e-44 27506
12 3.817013050477926e-46 4.747556796108137e-44 29066
12.25 3.960372646710835e-46 5.112009723893575e-44 30450
12.5 4.093377883854605e-46 5.390566861940571e-44 31742
12.75 4.260539074575674e-46 5.496091776470826e-44 32250
13 4.52333149142258e-46 6.06254433728149e-44 34250
13.25 4.66737183775968e-46 6.478507326984671e-44 35454
13.5 4.839123952028876e-46 6.725293675396439e-44 36434
13.75 5.021160167440677e-46 7.244627162268959e-44 37682
14 5.136574383341454e-46 7.687638650238126e-44 39294
14.25 5.491377936942537e-46 8.337528921113503e-44 41426
14.5 5.710645887180914e-46 8.610230445752796e-44 42066
14.75 6.000612809470566e-46 8.998084230600759e-44 43490
15 6.229663965658153e-46 9.726325428884439e-44 45702
15.25 6.505023965368238e-46 1.018063861236049e-43 46634
15.5 6.725286190536843e-46 1.092874028120759e-43 48554
15.75 6.918766703195236e-46 1.097995800443513e-43 48870
16 7.105856532311225e-46 1.150817474511351e-43 50963
16.25 6.816599701665519e-46 1.166181194032396e-43 51576
16.5 6.269200826671133e-46 1.136736622819134e-43 49316
16.75 6.112158535728019e-46 1.140323167070578e-43 49344
17 5.795820271181048e-46 1.114620657272994e-43 47192
17.25 5.755079701109844e-46 1.129537639872013e-43 47576
17.5 5.473753693725991e-46 1.111927557587126e-43 45348
17.75 5.285553858748403e-46 1.08229700636529e-43 44060
18 5.275105757271309e-46 1.094194086935859e-43 43872
18.25 5.053930898554913e-46 1.069286115955449e-43 41756
18.5 4.932953389591948e-46 1.083387836478084e-43 41528
18.75 4.65205170431387e-46 1.032655966596129e-43 39300
19 4.562625075585838e-46 1.01422467258632e-43 38276
19.25 4.356418157655715e-46 9.876513252120519e-44 36900
19.5 4.031871474602782e-46 9.452295979457029e-44 34724
19.75 4.002576985140272e-46 9.382779201013005e-44 33960
20 3.748432065870361e-46 8.970750973614899e-44 32144
20.25 3.601638346426398e-46 8.66890896070089e-44 30704
20.5 3.36306611112513e-46 8.159634732360913e-44 28896
20.75 3.142657305028429e-46 7.762268682472887e-44 26924
21 3.067595325050819e-46 7.365692498960239e-44 25656
21.25 2.743454218138554e-46 6.936330706996677e-44 23228
21.5 2.558732655518157e-46 6.605411439259914e-44 21816
21.75 2.226940128502564e-46 5.844342537392018e-44 19472
22 2.020998335022664e-46 5.356646353406664e-44 17696
22.25 1.82744669338341e-46 4.829269439843016e-44 15588
22.5 1.537159795985249e-46 4.368800421144743e-44 13760
22.75 1.31322836584651e-46 3.799709943797752e-44 11565
23 1.132539534556442e-46 3.154538877001328e-44 10016
23.25 9.654613821156485e-47 2.852667782959116e-44 8652
23.5 8.407172236910216e-47 2.541639012776441e-44 7652
23.75 7.242378088625317e-47 2.160233209887096e-44 6542
24 5.85679298806863e-47 1.779886818687992e-44 5478
24.25 5.361556686451589e-47 1.640050290053614e-44 4886
24.5 4.594346894759228e-47 1.346487637914147e-44 4068
24.75 3.512573722831861e-47 1.128672599728306e-44 3326
25 2.994226579627976e-47 9.067598502416935e-45 2696
25.25 2.425719815471629e-47 7.660280340216782e-45 2304
25.5 2.130619284535233e-47 6.72951399059032e-45 1934
25.75 1.451499771268521e-47 4.774942539968879e-45 1344
26 8.102825950680274e-48 3.018047744451327e-45 848
26.25 1.019678001179204e-47 3.135369450041878e-45 888
26.5 6.132971421834748e-48 2.1800646699257e-45 584
26.75 3.303047034717095e-48 1.156305068303467e-45 344
27 1.031035577566986e-48 3.081255565623396e-46 102
27.25 1.095670028556521e-48 4.391827595602484e-46 104
27.5 2.550635694513146e-49 4.141805582186145e-47 24
27.75 2.046500016677044e-52 4.22208930976855e-49 1

0.25 4.13849684656837e-18 1.554389888742067e-17 18
0.5 2.734028089690512e-17 1.680290227402081e-16 62
0.75 5.831655671894885e-17 5.95544365879649e-16 98
1 1.524694313767511e-16 2.68573163477675e-15 210
1.25 2.169580648408965e-16 7.32290645471329e-15 350
1.5 1.714051892510481e-16 1.235375425076027e-14 450
1.75 8.34802159227026e-17 1.369583173515807e-14 602
2 1.590174738438528e-17 8.695144244655343e-15 762
2.25 1.838918616790037e-17 4.475779893172953e-15 1142
2.5 2.580889497142574e-17 6.75759972424818e-15 1250
2.75 2.327083280015115e-17 8.612415092460449e-15 1458
3 5.160626115911384e-17 6.639590274681303e-15 1814
3.25 6.760732064823015e-17 1.137639106425399e-14 2178
3.5 4.520711305094883e-17 2.288600443615928e-14 2498
3.75 6.256795508980644e-17 2.146648161360772e-14 2622
4 5.94338536500358e-17 8.811189721183214e-15 3338
4.25 2.0411649960959e-28 2.940514304867535e-26 3722
4.5 1.874585653877783e-28 2.555883006555308e-26 4170
4.75 1.40305534366307e-28 1.846957754340733e-26 4358
5 1.204072639974547e-28 1.562510801620137e-26 5034
5.25 9.366299153936161e-29 1.20661364469572e-26 5714
5.5 6.78939438738679e-29 9.700758246218637e-27 5982
5.75 5.21219202413528e-29 7.876541015401165e-27 6602
6 4.257252691380562e-29 6.019097370028411e-27 7130
6.25 3.108287937548346e-29 4.531338225249008e-27 8034
6.5 2.167121877045307e-29 2.843092816212504e-27 8606
6.75 1.289878475363948e-29 1.99240873439874e-27 9066
7 9.069608905848693e-30 1.410884387546233e-27 9962
7.25 5.702053011613298e-30 9.819347600917777e-28 10550
7.5 3.044205810513008e-30 5.288160193561738e-28 11226
7.75 8.66417370038428e-31 1.719206706979959e-28 12146
8 2.445409129968529e-32 5.266385089660798e-30 12606
8.25 1.627043886347048e-41 3.573039613792706e-39 13802
8.5 1.173342496747866e-41 2.488422521578842e-39 14754
8.75 7.686395346627629e-42 1.661752532442723e-39 15194
9 5.357088631597952e-42 1.129520116578505e-39 16454
9.25 3.600302947305395e-42 7.508165601818199e-40 17154
9.5 2.323135376145961e-42 5.071792096490944e-40 18266
9.75 1.504420722418765e-42 3.089023473941141e-40 18750
10 9.273765468432634e-43 1.908359009541993e-40 20234
10.25 5.042266902023261e-43 1.082768182086115e-40 21450
10.5 2.407922730972352e-43 5.419236676946223e-41 21962
10.75 1.139258515839926e-43 2.435465880067831e-41 23462
11 4.192314743399128e-44 9.508639937150616e-42 24042
11.25 1.307042157876953e-44 2.989352765225229e-42 25946
11.5 2.869281500515814e-45 6.164515339964375e-43 26118
11.75 7.088501757957066e-46 1.48815644072494e-43 27506
12 5.531095122830536e-46 1.146307856745419e-43 29066
12.25 5.794755324431872e-46 1.189962992285686e-43 30450
12.5 5.999680554677331e-46 1.243057288688495e-43 31742
12.75 6.264088921222889e-46 1.262403739810599e-43 32250
13 6.505606189726288e-46 1.351323777961885e-43 34250
13.25 6.837779640866186e-46 1.405010108549088e-43 35454
13.5 7.045725776593202e-46 1.449866395980622e-43 36434
13.75 7.227064170017043e-46 1.513916944671137e-43 37682
14 7.542116991072527e-46 1.588974725109708e-43 39294
14.25 7.983038180398879e-46 1.716559307544843e-43 41426
14.5 8.100775548227975e-46 1.721811343522665e-43 42066
14.75 8.597208757628338e-46 1.805445122682379e-43 43490
15 9.189116447415558e-46 1.905255929446899e-43 45702
15.25 9.592179825210144e-46 1.955675990399815e-43 46634
15.5 1.033728257805928e-45 2.042654504999379e-43 48554
15.75 1.012491986786874e-45 2.109002387930135e-43 48870
16 1.034830169870575e-45 2.165629494042606e-43 50963
16.25 9.713671984929348e-46 2.198473117328629e-43 51576
16.5 9.172658601024398e-46 2.065364371431393e-43 49316
16.75 8.947788478100102e-46 2.062744717056687e-43 49344
17 8.611539940524367e-46 1.974372532925813e-43 47192
17.25 8.499576986427785e-46 2.024825190811231e-43 47576
17.5 7.917394962758414e-46 1.926047182705043e-43 45348
17.75 7.732437666507584e-46 1.867455112120994e-43 44060
18 7.506172112468523e-46 1.864808889383295e-43 43872
18.25 7.050456547172969e-46 1.794937994939207e-43 41756
18.5 7.081349210329564e-46 1.758103717803731e-43 41528
18.75 6.543813837029828e-46 1.650126855217775e-43 39300
19 6.404056379778194e-46 1.646827095147356e-43 38276
19.25 6.101508968524215e-46 1.555414766332334e-43 36900
19.5 5.681737142237218e-46 1.467054941875662e-43 34724
19.75 5.56309577656917e-46 1.470594233825915e-43 33960
20 5.165576508915378e-46 1.377710271328292e-43 32144
20.25 4.903995925931935e-46 1.33309101642945e-43 30704
20.5 4.667774285362455e-46 1.262842643224917e-43 28896
20.75 4.227577404638515e-46 1.16667358529997e-43 26924
21 4.057598958073396e-46 1.131755661594378e-43 25656
21.25 3.685690524545882e-46 1.049374440654283e-43 23228
21.5 3.512853205966014e-46 9.863342535620768e-44 21816
21.75 3.027287755982974e-46 8.717415719258521e-44 19472
22 2.796058200174135e-46 8.127346490802253e-44 17696
22.25 2.514059474584534e-46 7.170188803238621e-44 15588
22.5 2.18514739357057e-46 6.464011433370897e-44 13760
22.75 1.810240257046493e-46 5.505952179502314e-44 11565
23 1.649016575332068e-46 4.859321129151572e-44 10016
23.25 1.337299270537462e-46 4.340254453984496e-44 8652
23.5 1.202820075637754e-46 3.892220801265918e-44 7652
23.75 1.034482370582662e-46 3.382761298525467e-44 6542
24 9.131701598336278e-47 2.876002298007503e-44 5478
24.25 7.752234095875095e-47 2.603532584028807e-44 4886
24.5 6.643811586893218e-47 2.190580664919238e-44 4068
24.75 5.713847072749625e-47 1.861095756111035e-44 3326
25 4.58205146766022e-47 1.479942740981404e-44 2696
25.25 3.858920706793508e-47 1.248373985808245e-44 2304
25.5 3.346392299016165e-47 1.116317883266668e-44 1934
25.75 2.23009848643224e-47 7.560437604971756e-45 1344
26 1.45459730604539e-47 5.293581855570451e-45 848
26.25 1.508923884353612e-47 5.289399116466427e-45 888
26.5 1.025585059602777e-47 3.45340759366556e-45 584
26.75 6.447310428248803e-48 1.946924424897182e-45 344
27 1.69287268614968e-48 5.555621813334008e-46 102
27.25 1.663237370480994e-48 6.033595103573912e-46 104
27.5 4.238512083826127e-49 1.443923501942396e-46 24
27.75 3.098234178201202e-50 1.229378889780138e-49 1

0.25 3.525828430883951e-18 1.389996810116909e-16 18
0.5 1.882063410158344e-17 1.180009274739144e-15 62
0.75 2.654095630658881e-17 3.300482757382076e-15 98
1 2.775690498900902e-17 1.141151551476851e-14 210
1.25 5.842450633089722e-18 2.146582769841462e-14 350
1.5 8.873132932399804e-17 2.074125789567656e-14 450
1.75 1.843819613982045e-16 1.051582704621705e-14 602
2 1.031016503886893e-16 1.61164539410069e-15 762
2.25 5.610726362185216e-17 6.351922638557931e-16 1142
2.5 7.482172158233466e-17 4.72678760032287e-16 1250
2.75 5.927170176742525e-17 1.001979298409748e-15 1458
3 1.043637011646293e-16 8.328379431011071e-16 1814
3.25 8.499430466349339e-17 1.791212923855267e-15 2178
3.5 1.976740256635096e-16 1.318004809100672e-15 2498
3.75 1.198617789331926e-16 3.683017555440799e-15 2622
4 3.718951481927578e-17 2.850374580892902e-15 3338
4.25 6.176936022296658e-28 1.493565314346872e-26 3722
4.5 4.042698327967199e-28 1.082845482829187e-26 4170
4.75 2.240634693498532e-28 7.009265455780252e-27 4358
5 1.333746846114985e-28 4.654459960463898e-27 5034
5.25 9.506097495053867e-29 3.308209071042795e-27 5714
5.5 6.054907033211518e-29 2.429733315782073e-27 5982
5.75 4.465280772148508e-29 1.800921849354311e-27 6602
6 3.316984788221732e-29 1.333161378180632e-27 7130
6.25 2.124348848225699e-29 9.018966069010739e-28 8034
6.5 1.193073957776941e-29 4.81374136453693e-28 8606
6.75 6.375998401030523e-30 2.73605797671424e-28 9066
7 3.809827567892086e-30 1.71394483880068e-28 9962
7.25 1.943568106973881e-30 9.55055068539836e-29 10550
7.5 7.689990028303395e-31 4.222742964546593e-29 11226
7.75 2.023644692030048e-31 1.294633898285803e-29 12146
8 5.981789929330539e-33 3.777016282816807e-31 12606
8.25 1.680007399147193e-41 1.145247789031021e-39 13802
8.5 1.001865257656697e-41 7.374148523276107e-40 14754
8.75 5.67454836260857e-42 4.402042458899659e-40 15194
9 3.498124252213068e-42 2.788514127196784e-40 16454
9.25 2.305971102243517e-42 1.900145570300455e-40 17154
9.5 1.736634113592979e-42 1.500851654563675e-40 18266
9.75 1.290659944559965e-42 1.150454166213265e-40 18750
10 9.375118828094513e-43 9.028105949387143e-41 20234
10.25 6.132833378869197e-43 5.930208320005536e-41 21450
10.5 3.369896585653719e-43 3.392125350994899e-41 21962
10.75 1.609037880823194e-43 1.679310590168431e-41 23462
11 5.983615460607247e-44 6.204129998451906e-42 24042
11.25 1.881972298120638e-44 1.990901809442211e-42 25946
11.5 5.406502176639323e-45 5.905707491173845e-43 26118
11.75 2.97946066960092e-45 3.258152892217581e-43 27506
12 3.018772442151677e-45 3.304733456030696e-43 29066
12.25 3.030565831550116e-45 3.485910988340769e-43 30450
12.5 3.138750265968348e-45 3.649643962976031e-43 31742
12.75 3.146131004153626e-45 3.803267548999838e-43 32250
13 3.230025828551489e-45 4.068330730100499e-43 34250
13.25 3.313219411955642e-45 4.296900492003066e-43 35454
13.5 3.40381808440211e-45 4.407379316858289e-43 36434
13.75 3.481595273364139e-45 4.605442044402607e-43 37682
14 3.606178070541794e-45 4.839616194248398e-43 39294
14.25 3.790934419736332e-45 5.150503045687932e-43 41426
14.5 3.808513884488098e-45 5.223578503297384e-43 42066
14.75 3.943848792297751e-45 5.443413965038153e-43 43490
15 4.100534242402749e-45 5.736483217368701e-43 45702
15.25 4.147922877490749e-45 6.148458519190613e-43 46634
15.5 4.301405262415922e-45 6.528699165729002e-43 48554
15.75 4.263216230416779e-45 6.488035536057007e-43 48870
16 4.165991867474972e-45 6.532839052966795e-43 50963
16.25 3.943136663694064e-45 6.120157847571888e-43 51576
16.5 3.442116774832919e-45 5.637400798427279e-43 49316
16.75 3.173508267637343e-45 5.363594441143601e-43 49344
17 2.848787319553077e-45 4.947593032981199e-43 47192
17.25 2.694242318736434e-45 4.93585893480088e-43 47576
17.5 2.421453536142537e-45 4.488932746797055e-43 45348
17.75 2.223640817397389e-45 4.2553044224732e-43 44060
18 2.104932039308902e-45 4.088509160302706e-43 43872
18.25 1.844672819752912e-45 3.733948834198296e-43 41756
18.5 1.774552275447253e-45 3.629318359583199e-43 41528
18.75 1.601331774233209e-45 3.241769770532491e-43 39300
19 1.450195149626486e-45 3.078055151538164e-43 38276
19.25 1.317398505488919e-45 2.862575898149174e-43 36900
19.5 1.20522554316532e-45 2.620828732173912e-43 34724
19.75 1.112309899282715e-45 2.491423841820635e-43 33960
20 1.008109948365319e-45 2.300306871455322e-43 32144
20.25 9.364926287426981e-46 2.143046373342684e-43 30704
20.5 8.414375601270805e-46 1.982300955131372e-43 28896
20.75 7.641976678209043e-46 1.800280533345743e-43 26924
21 7.132869745088889e-46 1.664722308729545e-43 25656
21.25 6.258746570250639e-46 1.49355284002134e-43 23228
21.5 5.839082967079763e-46 1.38648874687741e-43 21816
21.75 5.072407130812259e-46 1.24537088558051e-43 19472
22 4.500360452678182e-46 1.122778614813621e-43 17696
22.25 3.933093283280476e-46 9.911792679200455e-44 15588
22.5 3.337388484406539e-46 8.617096411793853e-44 13760
22.75 2.709353078647747e-46 7.461953018302195e-44 11565
23 2.317033114530289e-46 6.275791526556654e-44 10016
23.25 2.01309643040853e-46 5.531647409181412e-44 8652
23.5 1.699623725360702e-46 4.838622648771248e-44 7652
23.75 1.474399592981541e-46 4.175852467343406e-44 6542
24 1.206448169670735e-46 3.594405772546869e-44 5478
24.25 1.073731967153556e-46 3.191416803625732e-44 4886
24.5 9.007664198398896e-47 2.730648375796142e-44 4068
24.75 7.301195178784341e-47 2.227872011392967e-44 3326
25 5.992976250696339e-47 1.717408937973355e-44 2696
25.25 5.163385294888468e-47 1.56279448827004e-44 2304
25.5 4.377195803781032e-47 1.318710920949589e-44 1934
25.75 3.157665470345506e-47 9.393927057361948e-45 1344
26 1.985220232461826e-47 6.154398914005969e-45 848
26.25 1.928653609966396e-47 6.379227833203035e-45 888
26.5 1.255652944955517e-47 4.232750482779058e-45 584
26.75 8.578587057343494e-48 2.62627015007854e-45 344
27 2.101701668738066e-48 8.630967849705334e-46 102
27.25 2.401033846837841e-48 7.882826847588283e-46 104
27.5 4.729462251873029e-49 1.081392457921519e-46 24
27.75 1.786698278758095e-50 6.037250473398251e-50 1

0.25 9.150285153351815e-18 1.248801112154908e-15 18
0.5 1.014944158179219e-16 1.08347165906768e-14 62
0.75 3.650933127195908e-16 2.881517589894092e-14 98
1 1.566549328169596e-15 8.215319733714697e-14 210
1.25 3.377075227055515e-15 9.433023649262788e-14 350
1.5 3.1399062617926e-15 2.854145994956126e-14 450
1.75 1.213798692092103e-15 1.343903390917832e-15 602
2 9.378268537250477e-17 1.017586656314043e-15 762
2.25 1.087138751763126e-17 1.068205171214211e-15 1142
2.5 1.314872855205523e-17 1.0474020717511e-15 1250
2.75 1.283904971721298e-17 1.384358891384355e-15 1458
3 1.443006982188707e-17 2.283411890404994e-15 1814
3.25 2.389620134483789e-17 2.464503963765206e-15 2178
3.5 3.066237597917423e-17 3.213722296266331e-15 2498
3.75 3.586029146080647e-17 8.567787016658405e-15 2622
4 7.137753877947552e-18 5.535809867340603e-15 3338
4.25 1.425460677129932e-27 2.938620843223625e-25 3722
4.5 9.256023996516275e-28 2.129673582065916e-25 4170
4.75 4.401340741389143e-28 1.264975196756244e-25 4358
5 2.026557357814595e-28 6.681481712048895e-26 5034
5.25 8.177432441162851e-29 2.701136091274599e-26 5714
5.5 3.498992856111915e-29 9.353250125043881e-27 5982
5.75 2.389280161223801e-29 4.52443107410638e-27 6602
6 1.745849000760967e-29 3.248317552919494e-27 7130
6.25 1.166895859502787e-29 2.205044402869856e-27 8034
6.5 7.257700059389719e-30 1.32795663417352e-27 8606
6.75 4.699188657730684e-30 8.297742362116227e-28 9066
7 3.177438467540432e-30 5.300169859187523e-28 9962
7.25 1.867793476222533e-30 3.138960781467128e-28 10550
7.5 8.758059502694644e-31 1.37103801253089e-28 11226
7.75 1.890410726052045e-31 2.776312299928199e-29 12146
8 4.35453009471504e-33 6.015628603626718e-31 12606
8.25 4.68877883736659e-41 9.138220384206725e-39 13802
8.5 2.540955287964195e-41 5.362390131001904e-39 14754
8.75 1.233670367922912e-41 2.836855431287531e-39 15194
9 5.733888833218943e-42 1.414554596376478e-39 16454
9.25 2.819369310465998e-42 6.52574204919116e-40 17154
9.5 1.781358074794019e-42 4.303683552281056e-40 18266
9.75 1.252172860778189e-42 3.013145138011901e-40 18750
10 8.91488671047897e-43 2.1290387565104e-40 20234
10.25 5.708312127739397e-43 1.377142348647653e-40 21450
10.5 3.038146598163783e-43 7.456450096363875e-41 21962
10.75 1.458180708590175e-43 3.330502785193634e-41 23462
11 5.395091412699292e-44 1.255998400357379e-41 24042
11.25 2.16384380396676e-44 5.436329228882002e-42 25946
11.5 1.155561954554428e-44 2.913669707288084e-42 26118
11.75 9.836132795551955e-45 2.562015252686644e-42 27506
12 1.055371913402801e-44 2.679535997420222e-42 29066
12.25 1.086020455495178e-44 2.783979288411451e-42 30450
12.5 1.145809017277843e-44 2.961329385905399e-42 31742
12.75 1.152688584800728e-44 3.112374237173822e-42 32250
13 1.164924410491719e-44 3.311185114481666e-42 34250
13.25 1.199576568185347e-44 3.52191126451996e-42 35454
13.5 1.208297466864704e-44 3.662285811957407e-42 36434
13.75 1.251402341949552e-44 3.860486928610002e-42 37682
14 1.283282591630408e-44 4.041022159010876e-42 39294
14.25 1.339273598575426e-44 4.398793836056177e-42 41426
14.5 1.369904073904327e-44 4.443934661955652e-42 42066
14.75 1.405860132740537e-44 4.632791600844124e-42 43490
15 1.458920014897697e-44 4.898388520240091e-42 45702
15.25 1.526269170881803e-44 5.092569158460015e-42 46634
15.5 1.591701501345348e-44 5.371514208916866e-42 48554
15.75 1.58096377411374e-44 5.435318130792534e-42 48870
16 1.570626665928406e-44 5.61934810904572e-42 50963
16.25 1.454044918824916e-44 5.615723796159823e-42 51576
16.5 1.29569761168338e-44 5.224305784028769e-42 49316
16.75 1.219079667666306e-44 5.07160178018822e-42 49344
17 1.109411481071233e-44 4.764243256797393e-42 47192
17.25 1.066231066339921e-44 4.746248371265251e-42 47576
17.5 9.726550002066939e-45 4.460105418532692e-42 45348
17.75 9.125671498220606e-45 4.227782665951506e-42 44060
18 8.686559491846092e-45 4.189271345917187e-42 43872
18.25 7.891704513567414e-45 3.964202272015865e-42 41756
18.5 7.672661393091715e-45 3.925200746540292e-42 41528
18.75 6.933486972510845e-45 3.634522814925458e-42 39300
19 6.467757386746262e-45 3.485278202470034e-42 38276
19.25 6.092519397485127e-45 3.328743993534353e-42 36900
19.5 5.510557242715752e-45 3.136347749366367e-42 34724
19.75 5.249120885877663e-45 3.006673927433911e-42 33960
20 4.88129553729525e-45 2.82790914864878e-42 32144
20.25 4.589223129436305e-45 2.729611036817184e-42 30704
20.5 4.211860373647278e-45 2.535377300804715e-42 28896
20.75 3.831892907309471e-45 2.32448624036681e-42 26924
21 3.669463440023388e-45 2.201952660562086e-42 25656
21.25 3.213735220904626e-45 2.014307899311464e-42 23228
21.5 3.051419447067181e-45 1.910494394219164e-42 21816
21.75 2.621652899781593e-45 1.715974320282272e-42 19472
22 2.44960365198767e-45 1.565674748678724e-42 17696
22.25 2.111992047959309e-45 1.3368271388899e-42 15588
22.5 1.837683495753703e-45 1.191183542836946e-42 13760
22.75 1.528182969480822e-45 1.005099551867086e-42 11565
23 1.292073359130636e-45 8.787137395869926e-43 10016
23.25 1.142865103081818e-45 7.61334889111092e-43 8652
23.5 9.727380642511937e-46 6.868836375197369e-43 7652
23.75 8.460858486179124e-46 5.826691711479011e-43 6542
24 6.938674439770397e-46 4.92438564547311e-43 5478
24.25 6.157321816665844e-46 4.40551011247173e-43 4886
24.5 5.504834538490606e-46 3.569327397254767e-43 4068
24.75 4.428680694747317e-46 2.826074098141974e-43 3326
25 3.604838978282537e-46 2.448495043871968e-43 2696
25.25 3.058548734402664e-46 2.151016998895807e-43 2304
25.5 2.5116126394899e-46 1.725723910479598e-43 1934
25.75 1.814020832865775e-46 1.227449027345161e-43 1344
26 1.182590392201768e-46 7.528497628590417e-44 848
26.25 1.182059348286443e-46 8.622173419541224e-44 888
26.5 8.006582792450718e-47 5.446623911878206e-44 584
26.75 4.535481540720017e-47 3.823072768831399e-44 344
27 1.358895365828662e-47 1.002532681855218e-44 102
27.25 1.355890733839984e-47 1.089101201252091e-44 104
27.5 2.842872966328881e-48 4.056905355052633e-45 24
27.75 7.414432467973068e-50 9.287331568312705e-48 1

0.25 1.483356928074465e-19 6.318995762023671e-16 18
0.5 2.41956694662162e-17 8.393935632391639e-15 62
0.75 3.19592514341489e-16 3.515895168410189e-14 98
1 3.484832418719991e-15 1.665700387411894e-13 210
1.25 1.502368300775482e-14 3.544455304604662e-13 350
1.5 2.163426395639072e-14 2.618490851912749e-13 450
1.75 9.555822051840848e-15 6.166479642341676e-14 602
2 6.312514326135767e-16 1.556881696454529e-15 762
2.25 3.956669512002025e-17 8.827204620500173e-17 1142
2.5 3.228680560818908e-17 1.593668392151438e-16 1250
2.75 3.542355062378022e-17 2.239394596984992e-16 1458
3 4.235273439988537e-17 3.108237054737668e-16 1814
3.25 4.752977068174649e-17 4.929403467338061e-16 2178
3.5 5.373851886033168e-17 7.667555837765822e-16 2498
3.75 3.791012560098029e-17 2.536296956612348e-15 2622
4 5.585813269487571e-17 7.815578551493953e-16 3338
4.25 1.043004637574378e-26 1.98533591442325e-25 3722
4.5 5.684970930785551e-27 1.489012632254808e-25 4170
4.75 2.469569282616309e-27 7.567921135565946e-26 4358
5 9.129487902256038e-28 3.346534521159459e-26 5034
5.25 2.803857071902391e-28 1.173741834334727e-26 5714
5.5 7.971794865310738e-29 2.890784867392009e-27 5982
5.75 3.810023071474479e-29 1.119842002681256e-27 6602
6 2.344417639700032e-29 7.737890920442285e-28 7130
6.25 1.280664259749353e-29 4.506709891540013e-28 8034
6.5 5.900012645470254e-30 2.254103155117316e-28 8606
6.75 3.107681072613742e-30 1.257739190935479e-28 9066
7 1.569453132855595e-30 7.344353897336901e-29 9962
7.25 8.181945306481396e-31 4.12768359411542e-29 10550
7.5 3.626520672363068e-31 1.919335145740644e-29 11226
7.75 9.090927513971545e-32 5.05852223259082e-30 12146
8 2.278666863332859e-33 1.245452379892105e-31 12606
8.25 2.317560467968471e-40 1.54050225144827e-38 13802
8.5 1.404529588992197e-40 8.329435573906189e-39 14754
8.75 5.98022403391928e-41 3.350544138526724e-39 15194
9 1.731556131387853e-41 1.184461544236822e-39 16454
9.25 4.272753770823135e-42 3.529403550559433e-40 17154
9.5 2.196044017150827e-42 1.701794973688796e-40 18266
9.75 1.621810672482294e-42 1.294404630632168e-40 18750
10 1.279391675171377e-42 1.052606504896625e-40 20234
10.25 8.529682642330393e-43 7.448456973689481e-41 21450
10.5 4.855208730405244e-43 4.367106455239252e-41 21962
10.75 2.472948130117168e-43 2.301079701136311e-41 23462
11 1.207181595964375e-43 1.13951823941763e-41 24042
11.25 8.384111319281585e-44 8.294762824360796e-42 25946
11.5 7.468334329388107e-44 7.321788476383744e-42 26118
11.75 7.503168195892426e-44 7.933910333335068e-42 27506
12 8.012383714835801e-44 8.470895524218616e-42 29066
12.25 8.275205928693775e-44 8.913952908762835e-42 30450
12.5 8.553168455464584e-44 9.529383404641945e-42 31742
12.75 8.623253410845344e-44 1.000395041126558e-41 32250
13 9.04577762035378e-44 1.077311527816696e-41 34250
13.25 9.336668721446551e-44 1.134244465610854e-41 35454
13.5 9.506611972532695e-44 1.182583949753145e-41 36434
13.75 9.844906967607295e-44 1.233863048492934e-41 37682
14 1.0177339750683e-43 1.304777376771343e-41 39294
14.25 1.040722684907889e-43 1.376580027362541e-41 41426
14.5 1.065492411728931e-43 1.406063018925069e-41 42066
14.75 1.101095879081969e-43 1.455647159982841e-41 43490
15 1.145889008993413e-43 1.513080126135501e-41 45702
15.25 1.185006783214328e-43 1.541758272195625e-41 46634
15.5 1.202250511065288e-43 1.603933789028143e-41 48554
15.75 1.18966822385149e-43 1.617262920872645e-41 48870
16 1.162201522928789e-43 1.594934268631352e-41 50963
16.25 1.024925452010476e-43 1.50498095484246e-41 51576
16.5 8.868511633845591e-44 1.348372427814949e-41 49316
16.75 7.944398568490404e-44 1.287519420413656e-41 49344
17 6.970602060179251e-44 1.136393790139525e-41 47192
17.25 6.499839008394169e-44 1.072075553402534e-41 47576
17.5 5.604858387262564e-44 9.640506501747875e-42 45348
17.75 4.945770872661132e-44 8.707350877563677e-42 44060
18 4.425166345391023e-44 8.044493719587523e-42 43872
18.25 3.914960449566867e-44 7.175534413176079e-42 41756
18.5 3.516082997648302e-44 6.668197570809237e-42 41528
18.75 3.017845326634282e-44 5.882873683751246e-42 39300
19 2.711205612010029e-44 5.304412700202934e-42 38276
19.25 2.407849037738293e-44 4.73500647532457e-42 36900
19.5 2.095710184186284e-44 4.218948921182986e-42 34724
19.75 1.895723540863188e-44 3.824505306563087e-42 33960
20 1.661312062288954e-44 3.455737189089463e-42 32144
20.25 1.493686170600471e-44 3.072071691690529e-42 30704
20.5 1.316558489030274e-44 2.791219052366225e-42 28896
20.75 1.164166881466201e-44 2.488140494938312e-42 26924
21 1.074811762935715e-44 2.30519635437459e-42 25656
21.25 9.136901354545598e-45 2.022714160758046e-42 23228
21.5 8.477751396144718e-45 1.875298879876927e-42 21816
21.75 7.054108098007011e-45 1.615770457727085e-42 19472
22 6.383007361220176e-45 1.462391604200825e-42 17696
22.25 5.353062807816288e-45 1.245402736640734e-42 15588
22.5 4.44411554927477e-45 1.090879329923279e-42 13760
22.75 3.532445178084176e-45 8.923162519085741e-43 11565
23 3.04186046911366e-45 7.693757332593561e-43 10016
23.25 2.491619300166015e-45 6.498466244239052e-43 8652
23.5 2.111464272758236e-45 5.957825910164941e-43 7652
23.75 1.807910149709773e-45 5.128977481150378e-43 6542
24 1.515859430848219e-45 4.249859388038702e-43 5478
24.25 1.321591939830032e-45 3.669986731906271e-43 4886
24.5 1.046342551204437e-45 3.124139043982054e-43 4068
24.75 8.414409384868923e-46 2.476750522413744e-43 3326
25 7.130569120671083e-46 1.97971829107402e-43 2696
25.25 5.93618688239302e-46 1.645788943154932e-43 2304
25.5 5.269435545284558e-46 1.406828101495735e-43 1934
25.75 3.363774405651158e-46 9.952440484515008e-44 1344
26 2.117895056685501e-46 6.024259516266185e-44 848
26.25 2.468261094515385e-46 6.639031918035255e-44 888
26.5 1.457400769543854e-46 4.107901257122187e-44 584
26.75 8.618852247264657e-47 2.717095239368608e-44 344
27 3.302316593468669e-47 9.201074863583135e-45 102
27.25 3.103283702559828e-47 6.678039132455744e-45 104
27.5 6.169844735825553e-48 1.641620740049292e-45 24
27.75 2.257905744501264e-49 1.05235740973866e-46 1

0.25 3.08278164958198e-18 9.26343126028568e-15 18
0.5 9.546437485324107e-17 1.589977554494014e-13 62
0.75 8.296964316269894e-16 8.17692119827833e-13 98
1 7.770656416913411e-15 4.439423083873843e-12 210
1.25 3.035750855374498e-14 9.585924667918453e-12 350
1.5 3.645166965273253e-14 5.827811168833203e-12 450
1.75 1.15367080277888e-14 9.009186694356308e-13 602
2 3.830739768450707e-16 8.702485899462714e-15 762
2.25 7.094724250197338e-18 2.120076951934609e-16 1142
2.5 6.215625444651236e-18 4.006211036306976e-16 1250
2.75 6.980500799117326e-18 5.635827277679361e-16 1458
3 8.410683128798853e-18 7.940493363305198e-16 1814
3.25 1.03386765714091e-17 1.151986720731342e-15 2178
3.5 1.382142750658143e-17 1.523843050758541e-15 2498
3.75 4.007301279645936e-17 2.343849097980064e-15 2622
4 5.413232125814411e-18 3.454114085260296e-15 3338
4.25 3.361663495387852e-26 3.632457021588562e-24 3722
4.5 2.578614151447711e-26 2.642563158930731e-24 4170
4.75 1.430054322146149e-26 1.530696806784668e-24 4358
5 6.580308664435541e-27 7.845809143218705e-25 5034
5.25 2.088289784166503e-27 2.917441265905506e-25 5714
5.5 2.984051877852839e-28 4.953073978157914e-26 5982
5.75 2.511087065293091e-29 5.561484630059648e-27 6602
6 1.125401235889538e-29 2.268153770366629e-27 7130
6.25 6.643134063773931e-30 1.471192349776924e-27 8034
6.5 3.620871953433024e-30 8.759725347081335e-28 8606
6.75 2.2427900017208e-30 5.51216900602041e-28 9066
7 1.423983067267417e-30 3.615011039649564e-28 9962
7.25 9.115589789975699e-31 2.184359125414824e-28 10550
7.5 4.52819862537031e-31 1.046971953135358e-28 11226
7.75 1.32741823827318e-31 2.683576825694914e-29 12146
8 3.217606258914313e-33 4.80447043238346e-31 12606
8.25 9.805433968363054e-40 1.954883121790671e-37 13802
8.5 5.691148140732133e-40 1.190734339477991e-37 14754
8.75 2.561944039357159e-40 6.187426236440502e-38 15194
9 8.611109425946064e-41 2.078732242594027e-38 16454
9.25 1.546216792367391e-41 3.471597895568217e-39 17154
9.5 2.575129569571381e-42 6.12487214788017e-40 18266
9.75 1.472117544390764e-42 3.544088074467822e-40 18750
10 1.17040456548847e-42 2.922534759064067e-40 20234
10.25 8.570576649752205e-43 2.227236707893906e-40 21450
10.5 5.834732852526611e-43 1.539653972783058e-40 21962
10.75 4.146069831222067e-43 1.173500585532917e-40 23462
11 3.420733794511629e-43 9.480444306784915e-41 24042
11.25 3.420537182739621e-43 9.523452474661948e-41 25946
11.5 3.411463930808404e-43 9.926933920235865e-41 26118
11.75 3.621608082710087e-43 1.08449455928222e-40 27506
12 3.848846622261146e-43 1.169619421891416e-40 29066
12.25 4.063824797468339e-43 1.268526414119433e-40 30450
12.5 4.305414243905509e-43 1.336178109289858e-40 31742
12.75 4.532823992915332e-43 1.398584083226239e-40 32250
13 4.8416930875107e-43 1.496406460758292e-40 34250
13.25 5.18938595783378e-43 1.577378758926914e-40 35454
13.5 5.445354779289313e-43 1.64338237068658e-40 36434
13.75 5.623706158735411e-43 1.767043751024285e-40 37682
14 6.06041549463876e-43 1.869183534966689e-40 39294
14.25 6.335322118932585e-43 1.986061104151235e-40 41426
14.5 6.57790629335813e-43 2.080770925690519e-40 42066
14.75 6.88447405533791e-43 2.198000550426794e-40 43490
15 7.386980084336597e-43 2.304737527916791e-40 45702
15.25 7.616237803153711e-43 2.389253319790476e-40 46634
15.5 8.03102049616967e-43 2.522382187812179e-40 48554
15.75 8.121145776730486e-43 2.570432301909845e-40 48870
16 8.231431932823046e-43 2.607002943801309e-40 50963
16.25 7.839101560815748e-43 2.541996346464755e-40 51576
16.5 7.199123414548693e-43 2.358420719686375e-40 49316
16.75 6.976344223340896e-43 2.259689524954576e-40 49344
17 6.467875280812685e-43 2.142404695321497e-40 47192
17.25 6.300858696180365e-43 2.101909877760334e-40 47576
17.5 5.874831046519848e-43 1.961090674106536e-40 45348
17.75 5.511063900321337e-43 1.85043055535209e-40 44060
18 5.369847491703042e-43 1.791607724643941e-40 43872
18.25 4.933046096112869e-43 1.7042444665548e-40 41756
18.5 4.772212781064709e-43 1.615737243354824e-40 41528
18.75 4.396583154537206e-43 1.48514206802478e-40 39300
19 4.210200843223405e-43 1.419511640779595e-40 38276
19.25 3.934876576846653e-43 1.335308769751896e-40 36900
19.5 3.630479427492496e-43 1.260274436311014e-40 34724
19.75 3.534659366136917e-43 1.18955566450202e-40 33960
20 3.23079460295636e-43 1.128421984414411e-40 32144
20.25 3.0160864930077e-43 1.068152393742507e-40 30704
20.5 2.821261189980647e-43 9.937480608942359e-41 28896
20.75 2.562399173002981e-43 9.142633138873427e-41 26924
21 2.442450998308066e-43 8.796258888803353e-41 25656
21.25 2.146090916347525e-43 7.929426995091423e-41 23228
21.5 2.076093827314843e-43 7.520219217759314e-41 21816
21.75 1.807703898528225e-43 6.496762496360413e-41 19472
22 1.648770156914632e-43 6.081382623741112e-41 17696
22.25 1.439232030092461e-43 5.246785650445813e-41 15588
22.5 1.236100811667872e-43 4.626373924348103e-41 13760
22.75 1.015609863819057e-43 3.828175945482506e-41 11565
23 8.787469839889806e-44 3.31652358184239e-41 10016
23.25 7.403394823166681e-44 2.832404209358167e-41 8652
23.5 6.32220122022302e-44 2.586023211859537e-41 7652
23.75 5.615415483144247e-44 2.245721367552335e-41 6542
24 4.675678549643095e-44 1.827558581554177e-41 5478
24.25 4.050825334689909e-44 1.720147178856933e-41 4886
24.5 3.343369814316109e-44 1.402410377953242e-41 4068
24.75 2.698292814470917e-44 1.15538688767804e-41 3326
25 2.343483704393679e-44 9.339527900721585e-42 2696
25.25 1.949738418397342e-44 7.801300398359783e-42 2304
25.5 1.668480830640982e-44 6.442254603784639e-42 1934
25.75 1.042690997172367e-44 4.552249849944517e-42 1344
26 7.429274473440321e-45 3.023927969494849e-42 848
26.25 7.622999883331209e-45 3.18135200096789e-42 888
26.5 4.655398061886442e-45 2.242374074425251e-42 584
26.75 3.463107717324382e-45 1.245519788266799e-42 344
27 1.028545187835404e-45 3.834940393557789e-43 102
27.25 1.000011207049046e-45 3.832008007160109e-43 104
27.5 3.51391882589252e-46 8.038706228606824e-44 24
27.75 9.149658963666509e-48 1.205491620256228e-44 1

0.25 9.86822306815764e-17 2.134159675645549e-15 18
0.5 3.649785103222501e-15 5.29166797113469e-14 62
0.75 3.684516587806067e-14 3.757558217034117e-13 98
1 3.822619682394592e-13 2.689522340459415e-12 210
1.25 1.49247060860907e-12 6.92367251958439e-12 350
1.5 1.515931233055066e-12 4.159313696461551e-12 450
1.75 3.415261489125609e-13 4.966495953279332e-13 602
2 5.733179681256341e-15 2.018328938737301e-15 762
2.25 1.863803895994683e-17 4.940554326435575e-17 1142
2.5 1.862317699817478e-17 7.592774153261348e-17 1250
2.75 1.945789612103915e-17 1.118227537798738e-16 1458
3 2.091215749082824e-17 1.769984092032391e-16 1814
3.25 2.321607700392526e-17 2.852744468451038e-16 2178
3.5 3.139408852206948e-17 3.835254565587767e-16 2498
3.75 7.544861420289189e-17 1.010895040318304e-15 2622
4 7.247475792429924e-17 1.174800418465545e-16 3338
4.25 2.284421685311446e-25 4.22719945586592e-24 3722
4.5 1.532984166167953e-25 2.815204391787237e-24 4170
4.75 7.728230257130205e-26 1.324591486822394e-24 4358
5 3.410610205541958e-26 5.229485244268268e-25 5034
5.25 1.023167554243646e-26 1.326435018493871e-25 5714
5.5 1.354129028176555e-27 1.423117736626112e-26 5982
5.75 6.992871470490202e-29 1.206946492353021e-27 6602
6 1.83529981774479e-29 6.098258450131451e-28 7130
6.25 8.945977251778249e-30 3.156779093769696e-28 8034
6.5 3.734884509986331e-30 1.455678618781632e-28 8606
6.75 1.883658784100405e-30 7.427229648271397e-29 9066
7 9.510800529482973e-31 3.784889929019655e-29 9962
7.25 4.924439456739154e-31 2.069783349817809e-29 10550
7.5 2.130580823707693e-31 9.56659417736184e-30 11226
7.75 5.731188533922787e-32 2.528737851495476e-30 12146
8 1.375850023786124e-33 8.114411110822954e-32 12606
8.25 9.09907832282938e-39 4.96069836944389e-37 13802
8.5 4.887380444402404e-39 3.456235019500925e-37 14754
8.75 1.963868995636858e-39 1.505990559933289e-37 15194
9 6.103302215822075e-40 3.833744541472033e-38 16454
9.25 8.701964218551099e-41 4.795526540422203e-39 17154
9.5 7.538291703306054e-42 5.253827383999629e-40 18266
9.75 3.414791499213784e-42 2.660640645274921e-40 18750
10 3.037758420928322e-42 2.604853843619071e-40 20234
10.25 2.691446711534379e-42 2.348028076351038e-40 21450
10.5 2.257532158138186e-42 2.078434926101162e-40 21962
10.75 2.084009949192672e-42 1.96635812073615e-40 23462
11 1.993714222036082e-42 1.980708413752447e-40 24042
11.25 2.108213976262041e-42 2.190974089620944e-40 25946
11.5 2.189757310517026e-42 2.271442772875225e-40 26118
11.75 2.359262002806638e-42 2.492279841388828e-40 27506
12 2.469565417298732e-42 2.673252359113471e-40 29066
12.25 2.534129714651969e-42 2.853745969186529e-40 30450
12.5 2.696676377536544e-42 3.044165379196034e-40 31742
12.75 2.739726415216874e-42 3.153795387939126e-40 32250
13 2.891222197570956e-42 3.430875856613356e-40 34250
13.25 2.979263424776482e-42 3.686215192252018e-40 35454
13.5 2.954446894479046e-42 3.885572038315331e-40 36434
13.75 3.041926717432129e-42 4.01711282874053e-40 37682
14 3.184271692166703e-42 4.250664245089354e-40 39294
14.25 3.310607255428877e-42 4.530797444975767e-40 41426
14.5 3.420871784822635e-42 4.667547759531034e-40 42066
14.75 3.500425796687208e-42 4.872224615195785e-40 43490
15 3.60472157373785e-42 5.215652771313749e-40 45702
15.25 3.747600395114551e-42 5.270216965304867e-40 46634
15.5 3.873815424764678e-42 5.533344804609581e-40 48554
15.75 3.916279928574603e-42 5.487198681244663e-40 48870
16 3.730167008722236e-42 5.603704656998977e-40 50963
16.25 3.355529580763731e-42 5.231358876759126e-40 51576
16.5 2.903195551308915e-42 4.743298530297881e-40 49316
16.75 2.598913058008248e-42 4.423858966088401e-40 49344
17 2.281609083220151e-42 3.971165415842031e-40 47192
17.25 2.073934482021845e-42 3.770492354201939e-40 47576
17.5 1.788596088960202e-42 3.379715305947143e-40 45348
17.75 1.579265005659786e-42 3.049273981345921e-40 44060
18 1.429557022386783e-42 2.860284871359469e-40 43872
18.25 1.226922027769385e-42 2.498372984100396e-40 41756
18.5 1.091212451424525e-42 2.286227085465919e-40 41528
18.75 9.226447882320967e-43 2.009862671217601e-40 39300
19 8.226938609539463e-43 1.83370162097618e-40 38276
19.25 7.19638275024543e-43 1.638484165990022e-40 36900
19.5 6.273735890676282e-43 1.392520884389003e-40 34724
19.75 5.614446376126342e-43 1.300859411873092e-40 33960
20 4.923161648737992e-43 1.151299173399852e-40 32144
20.25 4.368814932168136e-43 1.059668679245693e-40 30704
20.5 3.853607895930688e-43 9.423506610921619e-41 28896
20.75 3.389774858001381e-43 8.241531040367852e-41 26924
21 3.158441072883788e-43 7.580100835097731e-41 25656
21.25 2.624437825560881e-43 6.553775069868759e-41 23228
21.5 2.501479691410144e-43 5.891372282512661e-41 21816
21.75 2.124027067122422e-43 5.125840455736726e-41 19472
22 1.915673267269914e-43 4.599709156873591e-41 17696
22.25 1.595318903981987e-43 3.802296232947333e-41 15588
22.5 1.321726800533195e-43 3.342640524040526e-41 13760
22.75 1.055057965974032e-43 2.717097035035841e-41 11565
23 8.883129756240298e-44 2.271859073779644e-41 10016
23.25 7.456653482668892e-44 1.876453105043733e-41 8652
23.5 6.492121175916261e-44 1.689677484233048e-41 7652
23.75 5.45640895065335e-44 1.417400421655606e-41 6542
24 4.449985688464074e-44 1.116670459631899e-41 5478
24.25 3.85599863648284e-44 1.029176545546519e-41 4886
24.5 3.137013725773253e-44 8.479523540790125e-42 4068
24.75 2.512163075042391e-44 7.06185979614511e-42 3326
25 2.108610311704116e-44 5.606244348301862e-42 2696
25.25 1.770168049230268e-44 4.396529046642353e-42 2304
25.5 1.602078308129882e-44 3.864086670337858e-42 1934
25.75 1.03145100115076e-44 2.747244205469223e-42 1344
26 6.153595289097145e-45 1.739188109829963e-42 848
26.25 6.854877719318206e-45 1.775375941391799e-42 888
26.5 5.266945378609245e-45 1.188609701888914e-42 584
26.75 2.915714349071875e-45 7.625258132799847e-43 344
27 7.552218726689418e-46 2.60206361859305e-43 102
27.25 9.354985899388387e-46 1.905976517644511e-43 104
27.5 2.743105507754317e-46 2.860086660790675e-44 24
27.75 1.405263576982095e-48 2.092064686061874e-45 1

0.25 1.894474870170732e-17 2.963063726927543e-14 18
0.5 3.622399807956847e-16 1.103839856791291e-12 62
0.75 1.288757933539625e-15 1.118478668348239e-11 98
1 1.172216438086885e-15 1.116987817795986e-10 210
1.25 4.140138813891214e-14 3.821661097584071e-10 350
1.5 1.712584578554754e-13 2.88482070911061e-10 450
1.75 6.761043321747341e-14 4.112430917528217e-11 602
2 1.360832104494688e-15 2.779834484775404e-13 762
2.25 3.054413891723199e-18 2.138277528237729e-16 1142
2.5 3.314106336062999e-18 2.678810835296826e-16 1250
2.75 3.505020465716481e-18 3.935494776031615e-16 1458
3 4.901638771740668e-18 4.725033085500561e-16 1814
3.25 5.697415776017623e-18 7.062108651440222e-16 2178
3.5 9.409560468190949e-18 8.011655429326103e-16 2498
3.75 3.518062796269914e-17 9.893559216003727e-16 2622
4 1.078972998500182e-17 1.748293975191058e-15 3338
4.25 5.544850809861042e-25 7.789823890195638e-23 3722
4.5 4.486346020696339e-25 5.061576991018353e-23 4170
4.75 2.859316846227245e-25 2.723661188063272e-23 4358
5 1.512373066488437e-25 1.29247243528995e-23 5034
5.25 5.274351741519195e-26 3.845118323872798e-24 5714
5.5 7.138034820827833e-27 4.469385900231547e-25 5982
5.75 2.144152776783786e-28 1.495181149487654e-26 6602
6 9.078960916616371e-30 1.740394982143282e-27 7130
6.25 4.870088161250341e-30 1.013378289401349e-27 8034
6.5 2.418517729263837e-30 5.771063093676365e-28 8606
6.75 1.401838942621336e-30 3.753116721503493e-28 9066
7 8.347801855621832e-31 2.493376880429015e-28 9962
7.25 5.010641634866142e-31 1.561674474717563e-28 10550
7.5 2.489532447800441e-31 8.201791699887746e-29 11226
7.75 7.19456545733071e-32 2.243189095111283e-29 12146
8 1.996623279397906e-33 3.940915356041083e-31 12606
8.25 4.199808963319894e-38 5.46977614710239e-36 13802
8.5 2.607994016942432e-38 3.613515347220627e-36 14754
8.75 1.200197958994167e-38 1.938728362590869e-36 15194
9 3.788045312259269e-39 6.589476601821869e-37 16454
9.25 4.964025350806975e-40 8.62366122947045e-38 17154
9.5 2.880618170875504e-41 7.073381035570492e-39 18266
9.75 1.266944855177709e-41 2.400324365607346e-39 18750
10 1.329202014810258e-41 2.489988440704258e-39 20234
10.25 1.367480051621199e-41 2.613383441400327e-39 21450
10.5 1.349485259731637e-41 2.665433282449455e-39 21962
10.75 1.452997583274675e-41 2.800524990040634e-39 23462
11 1.488143892879666e-41 2.966287290224806e-39 24042
11.25 1.622019884394109e-41 3.350528152751621e-39 25946
11.5 1.677993130573124e-41 3.434283136371001e-39 26118
11.75 1.819774164152734e-41 3.72919939394342e-39 27506
12 1.875922279124303e-41 3.963909097717943e-39 29066
12.25 2.019001355006954e-41 4.188921844576542e-39 30450
12.5 2.111898238213633e-41 4.44481252433924e-39 31742
12.75 2.085485910466536e-41 4.566365019589317e-39 32250
13 2.234064490781644e-41 4.951180049764199e-39 34250
13.25 2.289366865345944e-41 5.163934464795044e-39 35454
13.5 2.360976041387673e-41 5.326690712796961e-39 36434
13.75 2.453695594006273e-41 5.526850951356627e-39 37682
14 2.554054839706119e-41 5.766323080229334e-39 39294
14.25 2.630204877418001e-41 6.177647823324288e-39 41426
14.5 2.669265359966867e-41 6.352652151819318e-39 42066
14.75 2.773712754810922e-41 6.565112811579141e-39 43490
15 2.878334020720991e-41 7.035161530129938e-39 45702
15.25 2.907783696184696e-41 7.160568235880485e-39 46634
15.5 2.999795973622915e-41 7.476289363094438e-39 48554
15.75 3.015349322808475e-41 7.45798007691409e-39 48870
16 3.017336392568153e-41 7.579363432784662e-39 50963
16.25 2.772883269026842e-41 7.170005075930692e-39 51576
16.5 2.466524685302585e-41 6.452308514642937e-39 49316
16.75 2.245210430784248e-41 5.982073487322712e-39 49344
17 2.026120589615896e-41 5.397394229642774e-39 47192
17.25 1.873963678443815e-41 5.099062533338642e-39 47576
17.5 1.650688666475938e-41 4.503869051570044e-39 45348
17.75 1.50691733876474e-41 4.155773246307884e-39 44060
18 1.374133721164239e-41 3.87100175954003e-39 43872
18.25 1.199547541719732e-41 3.449590974430177e-39 41756
18.5 1.108527565161389e-41 3.193738510414401e-39 41528
18.75 9.586671586091886e-42 2.810935755641803e-39 39300
19 8.798255885935764e-42 2.572828902735015e-39 38276
19.25 7.740691382334058e-42 2.339228936266658e-39 36900
19.5 6.893650189648426e-42 2.076545333860619e-39 34724
19.75 6.274596164198529e-42 1.923887924119893e-39 33960
20 5.584363816579696e-42 1.742402948410402e-39 32144
20.25 5.067925998827128e-42 1.590066288212887e-39 30704
20.5 4.653861883081148e-42 1.44333589060844e-39 28896
20.75 4.094671915155873e-42 1.290414686396946e-39 26924
21 3.782674809870786e-42 1.192800968361606e-39 25656
21.25 3.154698566933861e-42 1.063993041006546e-39 23228
21.5 3.012530524216203e-42 9.833526495280743e-40 21816
21.75 2.567709222359983e-42 8.465479560827135e-40 19472
22 2.311846904754857e-42 7.716896550767088e-40 17696
22.25 1.900323528198862e-42 6.496316699308898e-40 15588
22.5 1.629845704039061e-42 5.587130441339869e-40 13760
22.75 1.300403346145523e-42 4.556638016349753e-40 11565
23 1.105883324303891e-42 3.954989831865651e-40 10016
23.25 9.17664381809344e-43 3.349878953481349e-40 8652
23.5 7.642279130503577e-43 2.825485194535427e-40 7652
23.75 6.566460877598674e-43 2.439313607483764e-40 6542
24 5.413290172810255e-43 2.044527842299309e-40 5478
24.25 4.643460592266745e-43 1.743169318360229e-40 4886
24.5 3.866864019099219e-43 1.506094148880603e-40 4068
24.75 3.068309057640011e-43 1.199872512841213e-40 3326
25 2.488136027867758e-43 9.548391572081998e-41 2696
25.25 2.161275337642089e-43 7.995065292038295e-41 2304
25.5 1.748496351506672e-43 6.772780869609705e-41 1934
25.75 1.19198483049008e-43 4.811242161351731e-41 1344
26 7.388924884856428e-44 2.931947484631874e-41 848
26.25 7.878564248039088e-44 2.938511733906862e-41 888
26.5 5.477370580340858e-44 2.021903568946888e-41 584
26.75 3.377411476931508e-44 1.195979859354434e-41 344
27 1.103381559833567e-44 4.659359821762782e-42 102
27.25 1.126847120229405e-44 3.049059138263317e-42 104
27.5 2.089413159968157e-45 6.509701518835788e-43 24
27.75 5.997228756684272e-49 2.031229653284146e-45 1

0.25 1.174316157521597e-15 2.809395840523604e-15 18
0.5 7.426915097527335e-14 1.122127058658558e-13 62
0.75 1.169319672961839e-12 1.044337417778612e-12 98
1 1.720365039262732e-11 6.933119296651804e-12 210
1.25 7.740661315726389e-11 7.074480855723662e-12 350
1.5 6.571657003869603e-11 2.256632035741997e-12 450
1.75 8.754784235402574e-12 3.140989204822057e-12 602
2 4.287299160849081e-14 7.457076405006657e-14 762
2.25 8.383126790407317e-18 8.458359880292515e-17 1142
2.5 8.029802615586796e-18 9.291672434120954e-17 1250
2.75 8.34944807378238e-18 1.117050754248765e-16 1458
3 1.065602438597376e-17 1.492485006354211e-16 1814
3.25 1.399417216789348e-17 1.887152860372694e-16 2178
3.5 1.761049014527911e-17 2.585616645830727e-16 2498
3.75 8.764375416800631e-17 4.270266369824549e-16 2622
4 2.777645756094809e-17 9.099526011754912e-16 3338
4.25 8.649987496780166e-24 1.751541005538654e-22 3722
4.5 6.027788448877792e-24 8.240161317488203e-23 4170
4.75 3.130275117869824e-24 2.679520190585101e-23 4358
5 1.36077795516785e-24 7.664752209137149e-24 5034
5.25 3.712735214125704e-25 9.828001700412398e-25 5714
5.5 3.397879331688058e-26 3.101086387576698e-26 5982
5.75 5.131386945166232e-28 2.579401114232568e-27 6602
6 1.757335922824568e-29 8.477979806467441e-28 7130
6.25 8.335972186873118e-30 3.84913957556909e-28 8034
6.5 3.237412537972784e-30 1.366334842670283e-28 8606
6.75 1.378658951677862e-30 5.876080796193863e-29 9066
7 6.243673957369928e-31 2.3773106877541e-29 9962
7.25 3.106395648003757e-31 1.302900231410778e-29 10550
7.5 1.381801232521114e-31 6.035050336913845e-30 11226
7.75 3.491985053220264e-32 1.678511860863011e-30 12146
8 7.389479643087066e-34 4.90423850370583e-32 12606
8.25 3.074990473241998e-37 2.012022196870037e-35 13802
8.5 2.108229320644658e-37 1.378328813749552e-35 14754
8.75 9.199016231775263e-38 7.584801030104527e-36 15194
9 2.34964475413206e-38 2.77962675258855e-36 16454
9.25 2.812026194991584e-39 3.500778731969477e-37 17154
9.5 1.793934232821611e-40 1.700790778964679e-38 18266
9.75 8.01360764686778e-41 6.994258434850531e-39 18750
10 8.320147001750456e-41 7.780426623052442e-39 20234
10.25 8.62296420219751e-41 8.405859203717457e-39 21450
10.5 8.776933676046348e-41 8.922670286722957e-39 21962
10.75 9.279841141914448e-41 9.922601603539208e-39 23462
11 9.849282399048485e-41 1.070904933598883e-38 24042
11.25 1.086440076899869e-40 1.193664055615594e-38 25946
11.5 1.171356278210012e-40 1.265752763676653e-38 26118
11.75 1.231162314667217e-40 1.331945061132632e-38 27506
12 1.262662088663941e-40 1.451274841582933e-38 29066
12.25 1.335204476188464e-40 1.564741093281445e-38 30450
12.5 1.381252779208631e-40 1.708744999011879e-38 31742
12.75 1.392381189288806e-40 1.787661232374389e-38 32250
13 1.476282821600062e-40 1.975336187754294e-38 34250
13.25 1.531574191636882e-40 2.108036452774955e-38 35454
13.5 1.565481651426304e-40 2.183489007379835e-38 36434
13.75 1.615021942152115e-40 2.315635198197227e-38 37682
14 1.683257377648871e-40 2.471067174867945e-38 39294
14.25 1.771885672644976e-40 2.641179582599848e-38 41426
14.5 1.801016639665259e-40 2.673450909009773e-38 42066
14.75 1.890187619715248e-40 2.869956177131395e-38 43490
15 1.994063488449694e-40 3.125313483454279e-38 45702
15.25 2.052525383532349e-40 3.196614410670331e-38 46634
15.5 2.127446653512734e-40 3.394751401302672e-38 48554
15.75 2.127595346730098e-40 3.430764967286428e-38 48870
16 2.108924711388578e-40 3.464335062501241e-38 50963
16.25 1.921469984299133e-40 3.339741342294493e-38 51576
16.5 1.713028698224638e-40 3.033218481968111e-38 49316
16.75 1.516060284003934e-40 2.885916614172201e-38 49344
17 1.353520741643996e-40 2.651164215028633e-38 47192
17.25 1.267520015478537e-40 2.565283090202053e-38 47576
17.5 1.098920538550554e-40 2.319644934782036e-38 45348
17.75 9.79011733805522e-41 2.150745395048775e-38 44060
18 8.96968405355906e-41 2.031016022690943e-38 43872
18.25 7.866697696805209e-41 1.820704272222851e-38 41756
18.5 7.156658539812019e-41 1.724636414948283e-38 41528
18.75 6.200089594741935e-41 1.510171876710396e-38 39300
19 5.530191376435021e-41 1.400909633521733e-38 38276
19.25 4.923267889952629e-41 1.270511956587848e-38 36900
19.5 4.351400751920472e-41 1.127043629802252e-38 34724
19.75 3.911337038008723e-41 1.046841815887963e-38 33960
20 3.548507693544301e-41 9.465532789891501e-39 32144
20.25 3.179681126900207e-41 8.625865066547716e-39 30704
20.5 2.874368293718626e-41 7.901333077816061e-39 28896
20.75 2.525896538653324e-41 7.066382631390091e-39 26924
21 2.354892962990478e-41 6.543564390641884e-39 25656
21.25 2.06089152250489e-41 5.787810279180297e-39 23228
21.5 1.870785580871634e-41 5.295978959071263e-39 21816
21.75 1.59577578869695e-41 4.57394405011355e-39 19472
22 1.479720352334841e-41 4.152687228190292e-39 17696
22.25 1.228957548290278e-41 3.568853377586767e-39 15588
22.5 1.045239173637385e-41 3.027190946102429e-39 13760
22.75 8.578563160010615e-42 2.545823056014613e-39 11565
23 7.215894438816569e-42 2.127970700702127e-39 10016
23.25 6.149090660783266e-42 1.833509898764718e-39 8652
23.5 5.185158724056929e-42 1.600651565955664e-39 7652
23.75 4.450728373064757e-42 1.29369080329791e-39 6542
24 3.699645273363718e-42 1.070993486301829e-39 5478
24.25 3.287713722626013e-42 9.867910916129734e-40 4886
24.5 2.68196072009335e-42 8.056116554044745e-40 4068
24.75 2.246064112457945e-42 6.256544674966852e-40 3326
25 1.77388449922296e-42 5.231537145805984e-40 2696
25.25 1.470781469823728e-42 4.496373495705561e-40 2304
25.5 1.192900268072019e-42 3.668152906526864e-40 1934
25.75 8.990458908496942e-43 2.579592358976943e-40 1344
26 5.849903727165373e-43 1.549472276477584e-40 848
26.25 5.712659058009044e-43 1.644857911822395e-40 888
26.5 3.547235863721899e-43 1.011695909306567e-40 584
26.75 2.085394756581442e-43 6.091607252872669e-41 344
27 8.627826276153475e-44 1.826030822362878e-41 102
27.25 8.163054888602048e-44 2.070367438024211e-41 104
27.5 1.25351204615192e-44 5.194887668567817e-42 24
27.75 8.48202666840482e-46 1.317999952100766e-48 1

0.25 5.588300791582501e-16 3.346983309603554e-14 18
0.5 3.660810143877739e-14 3.162012167879418e-12 62
0.75 5.560654287571994e-13 7.027548212244628e-11 98
1 6.942688572075661e-12 1.422841357859701e-09 210
1.25 2.1420061903136e-11 8.120027980726907e-09 350
1.5 8.292882934011875e-12 7.784745463568636e-09 450
1.75 2.66882938247463e-13 1.0057039994115e-09 602
2 2.689314718420003e-16 3.772598196963834e-12 762
2.25 1.335312436366217e-18 2.995240573481091e-16 1142
2.5 1.575679442403739e-18 2.594856208025008e-16 1250
2.75 2.011945702660052e-18 3.160378266907117e-16 1458
3 2.449410544512611e-18 4.0762731519983e-16 1814
3.25 3.414638686642316e-18 5.27704411920131e-16 2178
3.5 4.525752355955284e-18 7.048795374985996e-16 2498
3.75 2.751789505546425e-17 1.643567591352689e-15 2622
4 1.979265951247255e-17 3.975119635989311e-16 3338
4.25 3.653590423679215e-22 1.520982148624622e-20 3722
4.5 4.046542684661976e-23 3.908973626343975e-21 4170
4.75 4.336754480412433e-24 9.156693481230326e-22 4358
5 1.045759734311929e-24 3.945952271644698e-22 5034
5.25 3.068490975151012e-25 1.102344883378814e-22 5714
5.5 4.390550435373054e-26 1.136750560152832e-23 5982
5.75 1.673178970361822e-27 2.813705449233792e-25 6602
6 1.733796481740062e-28 7.113151771274429e-26 7130
6.25 9.271432347120576e-29 3.048695762188314e-26 8034
6.5 3.658079381822158e-29 6.719826806793709e-27 8606
6.75 8.180513713376312e-30 9.994478167000147e-28 9066
7 1.468600923668684e-30 1.923058443039185e-28 9962
7.25 4.671833237015062e-31 8.841054677294761e-29 10550
7.5 2.107609853548329e-31 4.442039799589641e-29 11226
7.75 5.194389275666698e-32 1.344355947126254e-29 12146
8 5.976964990225183e-34 1.84272144561983e-31 12606
8.25 1.838806656439587e-36 2.870645275278945e-34 13802
8.5 1.057089649850825e-36 1.553600342298612e-34 14754
8.75 5.579026892482127e-37 8.251024761251058e-35 15194
9 2.075453232477327e-37 2.712569771440091e-35 16454
9.25 2.877069340829245e-38 3.011532670359507e-36 17154
9.5 1.168590525841673e-39 1.610439644371523e-37 18266
9.75 2.964879752939785e-40 6.196451907290557e-38 18750
10 3.072324107814858e-40 6.429738112468384e-38 20234
10.25 3.227751097491959e-40 6.885421660478484e-38 21450
10.5 3.209931737255247e-40 7.030008067128954e-38 21962
10.75 3.241041195010886e-40 7.533401169531401e-38 23462
11 3.393427467099607e-40 7.915884865680311e-38 24042
11.25 3.643196914126936e-40 8.581681494887603e-38 25946
11.5 3.676198877846911e-40 9.139364724586268e-38 26118
11.75 3.777159425692533e-40 9.727121266991777e-38 27506
12 3.95098099745866e-40 1.030949284640906e-37 29066
12.25 4.242053529259527e-40 1.078493945099885e-37 30450
12.5 4.301100199912824e-40 1.102615059755548e-37 31742
12.75 4.353853685937041e-40 1.148030301132105e-37 32250
13 4.489376164257818e-40 1.22916451742325e-37 34250
13.25 4.625569467633982e-40 1.266380679561893e-37 35454
13.5 4.732301589632809e-40 1.274688195099024e-37 36434
13.75 4.810923577828447e-40 1.301262167869226e-37 37682
14 4.889242636640038e-40 1.345370817063337e-37 39294
14.25 5.161016709682894e-40 1.394470081243724e-37 41426
14.5 5.03243477332029e-40 1.400366009564586e-37 42066
14.75 5.107347069728635e-40 1.455680124243351e-37 43490
15 5.323602812073909e-40 1.538774588892512e-37 45702
15.25 5.323780443337505e-40 1.569933591939537e-37 46634
15.5 5.445014411864801e-40 1.616553424455811e-37 48554
15.75 5.351004477531628e-40 1.613270119784126e-37 48870
16 5.477370763799582e-40 1.582771180409472e-37 50963
16.25 5.113812347089754e-40 1.473129580606681e-37 51576
16.5 4.587449280958512e-40 1.32250094119937e-37 49316
16.75 4.201543008103344e-40 1.217914478895243e-37 49344
17 3.760507471419048e-40 1.076435842253195e-37 47192
17.25 3.579748562505923e-40 1.01884707942356e-37 47576
17.5 3.200451907173738e-40 8.960347105697662e-38 45348
17.75 2.942653839328457e-40 7.993899042966122e-38 44060
18 2.78572473637469e-40 7.531856503415763e-38 43872
18.25 2.515608407788445e-40 6.696228701374061e-38 41756
18.5 2.409967991700955e-40 6.228573659634137e-38 41528
18.75 2.192799197179011e-40 5.615675697111655e-38 39300
19 2.064695551946387e-40 5.226608715470993e-38 38276
19.25 1.956792412227613e-40 4.875516761518236e-38 36900
19.5 1.798743335563661e-40 4.454837148087135e-38 34724
19.75 1.697838362605947e-40 4.315579455806624e-38 33960
20 1.635227307975942e-40 4.034481864795737e-38 32144
20.25 1.528132658912247e-40 3.850187084065609e-38 30704
20.5 1.452859086054436e-40 3.619713737918068e-38 28896
20.75 1.371243801599843e-40 3.358997301020706e-38 26924
21 1.29925982799556e-40 3.24565215094564e-38 25656
21.25 1.196816909290143e-40 2.99388475826604e-38 23228
21.5 1.137176547413958e-40 2.787953328126991e-38 21816
21.75 1.022041378850512e-40 2.532205767414931e-38 19472
22 9.53597631161893e-41 2.361879246393703e-38 17696
22.25 8.17785202237642e-41 2.097983109468475e-38 15588
22.5 7.455377035002053e-41 1.952095171804568e-38 13760
22.75 6.318949707479176e-41 1.662745410128805e-38 11565
23 5.487210923139039e-41 1.50036575350004e-38 10016
23.25 4.870046278031685e-41 1.313886843664654e-38 8652
23.5 4.160630623623114e-41 1.201251161278076e-38 7652
23.75 3.667086885005399e-41 1.031298792993709e-38 6542
24 3.061838570146534e-41 8.763790480234384e-39 5478
24.25 2.649949514877452e-41 7.752516987276215e-39 4886
24.5 2.240131677474884e-41 6.987731200583602e-39 4068
24.75 1.851531519010788e-41 5.440246128193006e-39 3326
25 1.494891061240615e-41 4.64721098773073e-39 2696
25.25 1.338666884204514e-41 3.90137821491477e-39 2304
25.5 1.150750108502625e-41 3.313050379753321e-39 1934
25.75 7.52267217131961e-42 2.28185807859645e-39 1344
26 5.067508314613817e-42 1.431678499532563e-39 848
26.25 4.869645129902302e-42 1.47732487163546e-39 888
26.5 3.131241747453561e-42 1.118223735986484e-39 584
26.75 2.11825455057188e-42 5.576330487867444e-40 344
27 5.902219605138096e-43 1.583373960982717e-40 102
27.25 5.833840002713754e-43 1.980435455771934e-40 104
27.5 1.868346617514824e-43 6.382389494736666e-41 24
27.75 4.960802625755396e-46 1.132434384125123e-42 1

0.25 3.688995601743837e-15 3.120179575673819e-14 18
0.5 4.350801194093316e-13 4.925334354824622e-12 62
0.75 1.109400072713008e-11 1.652822305172929e-10 98
1 2.314426036477143e-10 4.734967178618692e-09 210
1.25 1.146727618919938e-09 3.338200438059789e-08 350
1.5 7.512446924420374e-10 3.341647092335632e-08 450
1.75 5.309688051948429e-11 3.7513823050591e-09 602
2 5.124817286308498e-14 8.72524855977345e-12 762
2.25 3.991463682465035e-18 1.626770367756896e-16 1142
2.5 3.383551495816931e-18 1.766417790810866e-16 1250
2.75 3.175766673399639e-18 2.245385440709877e-16 1458
3 3.521137333398357e-18 2.753971344496269e-16 1814
3.25 4.665770012544315e-18 3.140524119093939e-16 2178
3.5 6.22935351311701e-18 3.888485883020295e-16 2498
3.75 9.760995192304806e-18 2.765176789750771e-15 2622
4 9.888923415977328e-18 1.424750409105909e-15 3338
4.25 1.289508145582142e-21 6.622587404235993e-20 3722
4.5 3.324984916873024e-22 1.007765466907046e-20 4170
4.75 1.01368302104404e-22 4.059318895170581e-21 4358
5 4.312793239994666e-23 6.746313632151176e-22 5034
5.25 1.163397779746049e-23 8.633191001121771e-23 5714
5.5 1.059404381059535e-24 4.740500366949474e-24 5982
5.75 2.374818872464542e-26 4.322139492443821e-25 6602
6 7.184796490275754e-27 3.125711639126708e-25 7130
6.25 2.711374273746086e-27 2.331057279045019e-25 8034
6.5 3.733068900612999e-28 1.01697559365756e-25 8606
6.75 3.173101350775289e-29 2.252871833926122e-26 9066
7 8.059310551990837e-30 2.539835584275242e-27 9962
7.25 8.824691432120697e-31 7.338500120968414e-29 10550
7.5 1.027683567436452e-31 6.025523380223547e-30 11226
7.75 2.421293854350876e-32 1.6745678124767e-30 12146
8 5.502743590505339e-34 4.974915529829845e-32 12606
8.25 2.617087989551546e-35 2.163214388537524e-33 13802
8.5 1.597984074234477e-35 1.280001319795665e-33 14754
8.75 9.543044197486243e-36 6.019783346745668e-34 15194
9 3.472113915415335e-36 1.739401343379836e-34 16454
9.25 3.98466453147184e-37 2.316840678995588e-35 17154
9.5 1.543722040218948e-38 1.89625234819009e-36 18266
9.75 6.465058605151566e-39 6.67627423264986e-37 18750
10 6.506025753408575e-39 6.444895144334981e-37 20234
10.25 6.918869972668346e-39 7.001934967146386e-37 21450
10.5 7.124781196616816e-39 7.374461753299127e-37 21962
10.75 7.746913736115565e-39 7.949194266203793e-37 23462
11 7.890459429836565e-39 8.520649692258612e-37 24042
11.25 8.829703588585862e-39 9.861599586396461e-37 25946
11.5 8.83785657263449e-39 1.039190690993544e-36 26118
11.75 9.025207670540849e-39 1.139641926411768e-36 27506
12 9.591641409021302e-39 1.234802313455284e-36 29066
12.25 1.000232673909756e-38 1.332990196194648e-36 30450
12.5 1.049429425608805e-38 1.400892634811042e-36 31742
12.75 1.101376720037249e-38 1.456295019519176e-36 32250
13 1.174025238250415e-38 1.568545037623847e-36 34250
13.25 1.207750349438106e-38 1.653877975707994e-36 35454
13.5 1.23411056086967e-38 1.739873673775389e-36 36434
13.75 1.26517172311608e-38 1.856428814129697e-36 37682
14 1.341543132966675e-38 1.969970117258397e-36 39294
14.25 1.408855320395783e-38 2.147113653890069e-36 41426
14.5 1.432003929783302e-38 2.195595431686564e-36 42066
14.75 1.495495814415361e-38 2.330752535223169e-36 43490
15 1.607984191049004e-38 2.511341645927985e-36 45702
15.25 1.63118081161671e-38 2.604729041392111e-36 46634
15.5 1.6975643854659e-38 2.759755931633487e-36 48554
15.75 1.740774729481164e-38 2.836454665867502e-36 48870
16 1.762786711684334e-38 2.891455678196448e-36 50963
16.25 1.6338264730614e-38 2.882922501969788e-36 51576
16.5 1.500308645355395e-38 2.694990015257315e-36 49316
16.75 1.427355473033842e-38 2.573094533245226e-36 49344
17 1.295552022229889e-38 2.433771419851622e-36 47192
17.25 1.239802650876897e-38 2.426576746162308e-36 47576
17.5 1.110873948583858e-38 2.232800133717606e-36 45348
17.75 1.038856131765712e-38 2.113832869085033e-36 44060
18 9.729082204441032e-39 2.064633714852578e-36 43872
18.25 8.934267566647151e-39 1.9239008869673e-36 41756
18.5 8.441442846750086e-39 1.843077387226557e-36 41528
18.75 7.716861882843353e-39 1.702014735131504e-36 39300
19 7.111801509364827e-39 1.625036984942397e-36 38276
19.25 6.615220139209902e-39 1.531368151564283e-36 36900
19.5 6.025581775200803e-39 1.419509976773689e-36 34724
19.75 5.718307791696852e-39 1.327342554516857e-36 33960
20 5.268085435772049e-39 1.260165410261991e-36 32144
20.25 4.856964489089992e-39 1.186603711792931e-36 30704
20.5 4.514242811807475e-39 1.103534952552931e-36 28896
20.75 4.147242514555262e-39 1.022750437576141e-36 26924
21 3.792818698935171e-39 9.646292945595014e-37 25656
21.25 3.418447047677688e-39 8.583538329650173e-37 23228
21.5 3.19856836546988e-39 8.169981833495017e-37 21816
21.75 2.745024578650624e-39 7.264238746126876e-37 19472
22 2.541236024844532e-39 6.503094034367173e-37 17696
22.25 2.183108670179479e-39 5.845428106301423e-37 15588
22.5 1.866635217039453e-39 5.059724964273935e-37 13760
22.75 1.53210647360522e-39 4.256002428804072e-37 11565
23 1.319090836308383e-39 3.545953638910161e-37 10016
23.25 1.092976082214127e-39 3.098866830051254e-37 8652
23.5 9.774560816552012e-40 2.845997538904589e-37 7652
23.75 8.176270034111022e-40 2.345735635675648e-37 6542
24 6.982950194082168e-40 2.079103811898116e-37 5478
24.25 5.98957013177049e-40 1.778964941813717e-37 4886
24.5 4.805164380063585e-40 1.482712143150648e-37 4068
24.75 3.87558376936645e-40 1.217138022804496e-37 3326
25 3.26920264955272e-40 9.457997225875358e-38 2696
25.25 2.704544885575774e-40 8.838987596078053e-38 2304
25.5 2.306248574342565e-40 7.222255586974217e-38 1934
25.75 1.667366435840868e-40 4.823028728184558e-38 1344
26 1.018369193600235e-40 3.029333341421196e-38 848
26.25 1.069728844858522e-40 3.202125710305904e-38 888
26.5 7.041106850573949e-41 2.127530995892308e-38 584
26.75 3.670818570447365e-41 1.205021964474084e-38 344
27 1.139167053034543e-41 4.056329948924771e-39 102
27.25 1.464901300391006e-41 3.971049298256874e-39 104
27.5 3.065599551728872e-42 1.188435263922577e-39 24
27.75 1.006055992830955e-43 4.039804388767557e-41 1

0.25 3.250347781830986e-15 3.604422250498446e-14 18
0.5 5.535398597131051e-13 3.337870421143995e-12 62
0.75 1.930165269594174e-11 4.305377751547773e-11 98
1 5.394603337515742e-10 1.088111227524261e-10 210
1.25 3.339272269558943e-09 4.666789338578204e-09 350
1.5 2.525258235647134e-09 2.076299689340095e-08 450
1.75 1.868375696984946e-10 4.400509069896772e-09 602
2 1.790602169393737e-13 1.428385317610603e-11 762
2.25 1.250937257484552e-15 5.713656237730939e-13 1142
2.5 1.07221627614907e-15 3.423271020913291e-13 1250
2.75 9.012884189416983e-16 2.30425495308796e-13 1458
3 8.152867706098022e-16 1.68584162262338e-13 1814
3.25 6.145164949500593e-16 1.01151125163736e-13 2178
3.5 4.297711464662089e-16 4.846112479994891e-14 2498
3.75 2.549438025986615e-16 1.882528427530137e-14 2622
4 1.450514710447932e-16 4.696594572947033e-15 3338
4.25 3.105472840989459e-17 3.371730492721227e-16 3722
4.5 3.94238275367146e-18 2.211777543552461e-17 4170
4.75 2.072767096219554e-19 9.746600230747812e-19 4358
5 5.035697531732329e-21 1.203240018861471e-19 5034
5.25 6.806732649187233e-23 6.220843570353822e-20 5714
5.5 2.476276542514752e-23 2.995103795972113e-20 5982
5.75 2.08628978999009e-23 1.352851378733219e-20 6602
6 1.491774887375796e-23 5.040697257658475e-21 7130
6.25 8.141004348526581e-24 1.451483252707321e-21 8034
6.5 3.216133627261791e-24 2.918708378147674e-22 8606
6.75 8.966323581274864e-25 4.064568325547956e-23 9066
7 1.953121295686166e-25 4.429047788484298e-24 9962
7.25 2.378326335867846e-26 2.955433458012752e-25 10550
7.5 1.838082818012271e-27 2.388071891046553e-26 11226
7.75 9.119061489117989e-29 5.606874584534967e-27 12146
8 3.069928876318634e-30 2.204877341147865e-27 12606
8.25 8.557920266815845e-31 8.735287384282534e-28 13802
8.5 5.264877919104731e-31 2.779978093771886e-28 14754
8.75 2.441478210438754e-31 6.916516158853079e-29 15194
9 9.14611311142563e-32 1.483560551576709e-29 16454
9.25 2.532900522227674e-32 2.369514962557841e-30 17154
9.5 5.884585931059056e-33 3.11405418782226e-31 18266
9.75 1.060651173892933e-33 3.338340481604014e-32 18750
10 1.368848780989989e-34 3.42661159999467e-33 20234
10.25 1.161989514607266e-35 4.986815673349627e-34 21450
10.5 7.252072141016786e-37 1.344430966498829e-34 21962
10.75 7.23952243768262e-38 4.632721119194579e-35 23462
11 3.046438105179606e-38 1.532563031259393e-35 24042
11.25 2.279632944766652e-38 5.960142117945005e-36 25946
11.5 1.890608041433408e-38 3.236317580199377e-36 26118
11.75 1.82469493380023e-38 2.892929793482782e-36 27506
12 1.812974267548374e-38 3.045005264662321e-36 29066
12.25 1.826032958508458e-38 3.279652637606641e-36 30450
12.5 1.874295242792734e-38 3.507355697910894e-36 31742
12.75 1.980782628866466e-38 3.590918632437732e-36 32250
13 2.119442750245463e-38 3.849953755831116e-36 34250
13.25 2.249635742855493e-38 3.940355737553598e-36 35454
13.5 2.330592663087341e-38 4.081591388313328e-36 36434
13.75 2.434218594687203e-38 4.282510479031399e-36 37682
14 2.559107561132198e-38 4.525412539912517e-36 39294
14.25 2.709505133569408e-38 4.86686997629028e-36 41426
14.5 2.708760650716564e-38 5.01074835598214e-36 42066
14.75 2.868538576676753e-38 5.357630386219865e-36 43490
15 2.98853445610785e-38 5.77495813180364e-36 45702
15.25 3.096207135050971e-38 5.911750943596625e-36 46634
15.5 3.224835412744485e-38 6.325379465410378e-36 48554
15.75 3.286954014579212e-38 6.433540146002549e-36 48870
16 3.314812286483447e-38 6.710258971519205e-36 50963
16.25 3.163886809097173e-38 6.648172545442258e-36 51576
16.5 2.85510727885213e-38 6.327073683170073e-36 49316
16.75 2.681848158747093e-38 6.254510028756396e-36 49344
17 2.458856954885555e-38 5.891970353368652e-36 47192
17.25 2.360139184758027e-38 5.850560015176561e-36 47576
17.5 2.117648036964806e-38 5.536098246147794e-36 45348
17.75 1.957965740959423e-38 5.369703160162179e-36 44060
18 1.83470705058198e-38 5.28878110781103e-36 43872
18.25 1.691226422749973e-38 4.92339421983738e-36 41756
18.5 1.609308866724004e-38 4.817033209315233e-36 41528
18.75 1.430930149651509e-38 4.542650190061512e-36 39300
19 1.335039869505445e-38 4.435134816142815e-36 38276
19.25 1.23015089230092e-38 4.115721775770819e-36 36900
19.5 1.096798001954059e-38 3.96207574137586e-36 34724
19.75 1.030347756906627e-38 3.807419660864002e-36 33960
20 9.548888507049224e-39 3.616756953633965e-36 32144
20.25 8.859071762181169e-39 3.386785205760791e-36 30704
20.5 8.068049136766276e-39 3.22577274920202e-36 28896
20.75 7.30755543372066e-39 3.017494280546577e-36 26924
21 6.869752224790962e-39 2.85627766439715e-36 25656
21.25 6.045915577874293e-39 2.569918858725522e-36 23228
21.5 5.655848460731916e-39 2.425825128650406e-36 21816
21.75 4.679060434729288e-39 2.175031979550656e-36 19472
22 4.358757905648379e-39 2.03601372626644e-36 17696
22.25 3.790168734364782e-39 1.780195311967373e-36 15588
22.5 3.226412893451973e-39 1.529118349493674e-36 13760
22.75 2.697858266893156e-39 1.312422020548954e-36 11565
23 2.284318413803951e-39 1.139331044944396e-36 10016
23.25 1.925645767119743e-39 9.678150939991299e-37 8652
23.5 1.710094842075877e-39 8.583773793262589e-37 7652
23.75 1.381669013292204e-39 7.396209353447379e-37 6542
24 1.153403421149464e-39 6.252366564030104e-37 5478
24.25 1.04273694856349e-39 5.803380433914828e-37 4886
24.5 8.569694404649376e-40 4.795875398752591e-37 4068
24.75 7.022608521287912e-40 3.872799483889365e-37 3326
25 5.501889981966121e-40 3.188925693675799e-37 2696
25.25 4.923265079439569e-40 2.675135747953306e-37 2304
25.5 3.927364649989529e-40 2.310176018948345e-37 1934
25.75 2.585028662068254e-40 1.613770953512678e-37 1344
26 1.735505624081872e-40 1.011398875963288e-37 848
26.25 1.599462187793413e-40 1.156151102274398e-37 888
26.5 1.11799534693099e-40 7.019047488384144e-38 584
26.75 6.29641227702683e-41 3.57963714962597e-38 344
27 1.842238634833789e-41 1.351628224200253e-38 102
27.25 2.3948641611613e-41 1.324460283840547e-38 104
27.5 5.061025161810912e-42 3.182966773152039e-39 24
27.75 6.00057198657927e-43 1.022634544964756e-42 1

0.25 4.725416280971814e-15 8.772976993261346e-13 18
0.5 2.171845017026619e-13 1.504712085849035e-10 62
0.75 1.702520331144678e-11 7.426025799230759e-09 98
1 1.074896941476923e-09 2.696196185093476e-07 210
1.25 1.251629619063722e-08 1.851910103910409e-06 350
1.5 1.502745665027922e-08 1.280950231942369e-06 450
1.75 1.43575541266134e-09 7.058087234867152e-08 602
2 1.590171946185734e-12 3.661729508117374e-11 762
2.25 2.059613774188853e-14 1.103896242750001e-11 1142
2.5 1.682297053066019e-14 6.939919146120601e-12 1250
2.75 4.145249023239473e-14 3.20207282140058e-12 1458
3 6.299730238615539e-14 1.082867080047709e-12 1814
3.25 5.335813615436512e-14 4.542164833979434e-13 2178
3.5 2.51875775904064e-14 4.190173129172567e-13 2498
3.75 5.061188307110094e-15 1.582244092074516e-13 2622
4 2.660418080145851e-16 2.949623883572794e-14 3338
4.25 2.101483966862398e-16 3.025180796867969e-14 3722
4.5 7.249086307707294e-17 7.387398657990731e-15 4170
4.75 6.026004140922712e-18 3.774831060984505e-16 4358
5 3.69287131436424e-19 2.09476749369017e-17 5034
5.25 2.35906239112432e-19 1.27691406655012e-17 5714
5.5 1.864170400275666e-19 1.23428223359367e-17 5982
5.75 1.064844241599296e-19 1.117655789898893e-17 6602
6 3.931266950151709e-20 7.378450011607476e-18 7130
6.25 9.340716326599284e-21 3.101990792705447e-18 8034
6.5 1.550468990878267e-21 7.513507593771826e-19 8606
6.75 2.471407295958287e-22 9.458535665765014e-20 9066
7 5.260075709559356e-23 5.785435366084325e-21 9962
7.25 7.842176250724417e-24 2.618178082686426e-22 10550
7.5 7.51347168001917e-25 1.027437134890998e-22 11226
7.75 1.511355214661896e-25 2.32608204954188e-23 12146
8 1.022314087895727e-25 2.276507727644454e-24 12606
8.25 4.989326933275295e-26 2.711891181031971e-24 13802
8.5 1.413244022478462e-26 3.669274960234424e-24 14754
8.75 2.161926152546323e-27 2.168961448948176e-24 15194
9 1.944769495737479e-28 8.324711117410699e-25 16454
9.25 2.342635084883457e-29 2.062492512554975e-25 17154
9.5 1.054642458584716e-29 4.149325856560365e-26 18266
9.75 3.665130588673306e-30 7.450007788727826e-27 18750
10 1.339273461655453e-30 1.47649819519825e-27 20234
10.25 6.85513371135587e-31 3.399188207939291e-28 21450
10.5 3.61632817971263e-31 7.64578319060403e-29 21962
10.75 1.533064099609569e-31 1.39255485534809e-29 23462
11 4.700555173550913e-32 1.618952897651529e-30 24042
11.25 1.143682930331046e-32 2.00928339191257e-31 25946
11.5 1.883605310824197e-33 8.544022325195639e-32 26118
11.75 2.459263217098971e-34 3.574127071302917e-32 27506
12 2.360934002165801e-35 1.125681227172666e-32 29066
12.25 2.796784495834633e-36 3.597138366666769e-33 30450
12.5 8.904898978645349e-37 1.441327640726067e-33 31742
12.75 6.575739507157855e-37 5.500937176189501e-34 32250
13 6.05634387226417e-37 2.271073010786946e-34 34250
13.25 5.545793135586802e-37 1.200225160006393e-34 35454
13.5 5.221598695371127e-37 9.610579567192349e-35 36434
13.75 5.243248356661944e-37 9.435006897446918e-35 37682
14 5.376126461636474e-37 1.015401329664449e-34 39294
14.25 5.743501525946628e-37 1.077520297919023e-34 41426
14.5 5.877156731301392e-37 1.11637879598971e-34 42066
14.75 6.12876411725895e-37 1.177715937110954e-34 43490
15 6.549543313128394e-37 1.27336778015494e-34 45702
15.25 6.736821941305597e-37 1.315349851288784e-34 46634
15.5 6.990628510361793e-37 1.390049911016896e-34 48554
15.75 7.093052891584285e-37 1.427174649000219e-34 48870
16 7.270438754788095e-37 1.460676736252299e-34 50963
16.25 6.797791357962455e-37 1.427673265921085e-34 51576
16.5 6.277574512284029e-37 1.335826193419342e-34 49316
16.75 5.894051567138997e-37 1.297595445386086e-34 49344
17 5.464038799534919e-37 1.220905330069077e-34 47192
17.25 5.300161188079372e-37 1.195885844135418e-34 47576
17.5 4.850369618079483e-37 1.1003259094634e-34 45348
17.75 4.467873254111113e-37 1.057307466178988e-34 44060
18 4.308924626601783e-37 1.024491598646605e-34 43872
18.25 3.930994502578008e-37 9.367863993031843e-35 41756
18.5 3.764644726220824e-37 9.226532774026078e-35 41528
18.75 3.420229506134807e-37 8.548933413414825e-35 39300
19 3.206167811478163e-37 8.121430309746992e-35 38276
19.25 3.026990123046353e-37 7.814123275616404e-35 36900
19.5 2.635214676676348e-37 7.078403663478724e-35 34724
19.75 2.565424298140345e-37 6.702082271998484e-35 33960
20 2.407675250842946e-37 6.364996727956068e-35 32144
20.25 2.216219474152132e-37 5.881365159032299e-35 30704
20.5 2.051723243082644e-37 5.586386776373472e-35 28896
20.75 1.835324148530485e-37 5.158184145209169e-35 26924
21 1.75517088780239e-37 4.950149812014482e-35 25656
21.25 1.54830195345545e-37 4.402837383407338e-35 23228
21.5 1.470242591417732e-37 4.110693766177462e-35 21816
21.75 1.274569550937234e-37 3.663845987993885e-35 19472
22 1.12841344553757e-37 3.508735868075765e-35 17696
22.25 9.946012198164783e-38 2.999219781987918e-35 15588
22.5 8.556764248800097e-38 2.612817329893036e-35 13760
22.75 6.932626637365016e-38 2.177645759407544e-35 11565
23 5.905941104518445e-38 1.883582917328397e-35 10016
23.25 5.037618175551505e-38 1.682245905442336e-35 8652
23.5 4.365113114211296e-38 1.458899977450878e-35 7652
23.75 3.711765574744219e-38 1.252775546862677e-35 6542
24 3.033268033271012e-38 1.055252747225022e-35 5478
24.25 2.725242534497301e-38 9.604285694199966e-36 4886
24.5 2.283786761794391e-38 7.870554392081429e-36 4068
24.75 1.770780821743151e-38 6.501236149159812e-36 3326
25 1.51497228520934e-38 5.335411794384765e-36 2696
25.25 1.220252712189002e-38 4.617515386123471e-36 2304
25.5 1.086073753154189e-38 4.060934715241981e-36 1934
25.75 7.208089159896204e-39 2.671618988834428e-36 1344
26 4.87620006088188e-39 1.791261336745028e-36 848
26.25 5.048258409995691e-39 1.737977189675881e-36 888
26.5 3.044772880232576e-39 1.280214344560971e-36 584
26.75 1.732955652085213e-39 7.294140417361184e-37 344
27 6.811033752157568e-40 1.562945530289968e-37 102
27.25 7.407104397691884e-40 2.335784406137877e-37 104
27.5 1.500335031566454e-40 4.530482310077566e-38 24
27.75 3.541759692712208e-44 5.966779299141927e-39 1

0.25 3.04325382984664e-12 1.396608802438097e-11 18
0.5 3.072129530759373e-11 3.754046386477023e-10 62
0.75 5.262146964077066e-11 2.016836486261747e-08 98
1 4.401887820736712e-10 9.659553321615808e-07 210
1.25 1.016409915356988e-08 8.085162858671073e-06 350
1.5 2.221127352907672e-08 6.185849152535689e-06 450
1.75 2.970840720747991e-09 3.431354196574048e-07 602
2 3.841248544386673e-10 3.978852902147378e-09 762
2.25 3.931949585029607e-10 6.881027359658448e-09 1142
2.5 2.206751722186009e-10 6.233020135883439e-09 1250
2.75 1.387856551489269e-10 5.54653432962114e-09 1458
3 9.427568859905501e-11 5.195298989147387e-09 1814
3.25 5.123494347212111e-11 4.086491577016108e-09 2178
3.5 2.184941175892213e-11 2.974019656379432e-09 2498
3.75 6.415396777395265e-12 1.732587419458842e-09 2622
4 1.793432321038292e-12 8.658071104109546e-10 3338
4.25 6.032101407760899e-13 2.060308953708248e-10 3722
4.5 3.640881929158694e-13 2.493047672668692e-11 4170
4.75 2.107536093782686e-13 1.678106118889529e-12 4358
5 1.285194945077502e-13 9.216233715227447e-13 5034
5.25 6.892534210368493e-14 1.057189821698158e-12 5714
5.5 3.042341558365016e-14 9.332214138006167e-13 5982
5.75 1.279860938527002e-14 6.970685305367599e-13 6602
6 4.444892914506425e-15 4.260106913191658e-13 7130
6.25 1.368602207850038e-15 2.007563992080172e-13 8034
6.5 4.561651636854683e-16 6.986593425416283e-14 8606
6.75 1.94148757775147e-16 1.672078184126797e-14 9066
7 9.97258111641911e-17 3.41664271679855e-15 9962
7.25 5.257556337968036e-17 5.516887940238635e-16 10550
7.5 2.745462273613894e-17 2.606650528034923e-16 11226
7.75 1.222083427832774e-17 2.376904401809506e-16 12146
8 4.826411588675111e-18 1.811683927458852e-16 12606
8.25 1.829464997890944e-18 1.147808576763219e-16 13802
8.5 6.399001649477131e-19 5.473586482714148e-17 14754
8.75 2.156926290588118e-19 2.01672685449245e-17 15194
9 9.345858319316185e-20 6.276740313432102e-18 16454
9.25 4.329433478988014e-20 1.533482002350443e-18 17154
9.5 2.080513691536328e-20 3.861242493352327e-19 18266
9.75 9.891343143578016e-21 1.236820845492099e-19 18750
10 4.635435559903026e-21 7.49894778216425e-20 20234
10.25 1.904833192559664e-21 5.277352241981621e-20 21450
10.5 7.199555914490492e-22 3.041629475333994e-20 21962
10.75 2.776343925357962e-22 1.508365204110005e-20 23462
11 1.074010924625099e-22 6.14041663150203e-21 24042
11.25 4.454429566295556e-23 2.238443578020507e-21 25946
11.5 1.940690012510356e-23 6.81202950506729e-22 26118
11.75 9.104786155763425e-24 2.102367626158135e-22 27506
12 4.242598198821095e-24 7.660977120327373e-23 29066
12.25 1.875911746351782e-24 3.592493763945893e-23 30450
12.5 8.017165845282947e-25 2.01233595882853e-23 31742
12.75 3.18739732507599e-25 1.075179135349209e-23 32250
13 1.341836732470066e-25 5.473578125270276e-24 34250
13.25 5.415663329678842e-26 2.414633162898708e-24 35454
13.5 2.254486134272239e-26 9.699576053672189e-25 36434
13.75 9.713412249595294e-27 3.772742844556068e-25 37682
14 4.351053171547862e-27 1.474148123295301e-25 39294
14.25 1.967778510565611e-27 5.996015517315537e-26 41426
14.5 8.52580371949938e-28 2.615913260156475e-26 42066
14.75 3.670457171640693e-28 1.273202228245979e-26 43490
15 1.591566646006082e-28 6.421663487667293e-27 45702
15.25 6.623009022578464e-29 3.098654724799626e-27 46634
15.5 2.847121830034692e-29 1.485570372130392e-27 48554
15.75 1.213137383051084e-29 6.989451943144734e-28 48870
16 5.608843195103028e-30 3.363633784361863e-28 50963
16.25 2.327346850205926e-30 1.360373907731536e-28 51576
16.5 8.110632975448084e-31 4.320559652971572e-29 49316
16.75 2.818655970173083e-31 1.336553326792499e-29 49344
17 9.772994674968774e-32 4.462992203032893e-30 47192
17.25 3.626093866089373e-32 1.687450158869149e-30 47576
17.5 1.252648411272503e-32 6.340657126996623e-31 45348
17.75 4.436947092522718e-33 2.422287822145929e-31 44060
18 1.588370858892677e-33 9.350017042640773e-32 43872
18.25 5.343071904065292e-34 3.167913807630808e-32 41756
18.5 1.936792460889707e-34 1.096186303302254e-32 41528
18.75 7.24654594423792e-35 3.64077911093877e-33 39300
19 2.954482512066893e-35 1.389383366164081e-33 38276
19.25 1.244077590890917e-35 6.596691641201618e-34 36900
19.5 5.362861871444472e-36 4.026642778698791e-34 34724
19.75 2.488422964558368e-36 2.936104908981678e-34 33960
20 1.336555152437276e-36 2.381171903169983e-34 32144
20.25 9.166669781594435e-37 2.002366322829778e-34 30704
20.5 7.441555520260756e-37 1.835180196872382e-34 28896
20.75 6.477953577558596e-37 1.657989370391577e-34 26924
21 5.988941187334327e-37 1.573721562140484e-34 25656
21.25 5.221958573047642e-37 1.389229373254049e-34 23228
21.5 4.938962591932628e-37 1.309578858437608e-34 21816
21.75 4.269079570725419e-37 1.157632990236603e-34 19472
22 3.798368979255592e-37 1.090772523262841e-34 17696
22.25 3.372721806442704e-37 9.39322979669749e-35 15588
22.5 2.888422503992671e-37 8.198219182850704e-35 13760
22.75 2.30214788636708e-37 6.854445744889077e-35 11565
23 2.002877941457199e-37 5.950714711272162e-35 10016
23.25 1.682689350679771e-37 5.304993054899539e-35 8652
23.5 1.484531910650322e-37 4.627226328630444e-35 7652
23.75 1.256071560808241e-37 3.7982661605653e-35 6542
24 1.065440737691951e-37 3.259135604741778e-35 5478
24.25 9.069928174634347e-38 3.006441665517572e-35 4886
24.5 7.484045429460187e-38 2.396462768939205e-35 4068
24.75 6.22088292010854e-38 2.040796282535778e-35 3326
25 4.939785036157061e-38 1.625861657046135e-35 2696
25.25 4.432425533174336e-38 1.320742311410695e-35 2304
25.5 3.83525252407169e-38 1.229300183237442e-35 1934
25.75 2.557242727007072e-38 8.05272720740409e-36 1344
26 1.590195871380531e-38 6.032667086041474e-36 848
26.25 1.645954331171312e-38 5.8096522075285e-36 888
26.5 1.174104890159495e-38 3.950667675107181e-36 584
26.75 6.228244540486784e-39 2.257974969179311e-36 344
27 2.079841265591217e-39 6.172630158405828e-37 102
27.25 2.666615103880515e-39 8.183849175020778e-37 104
27.5 4.914657492326505e-40 1.528343156221225e-37 24
27.75 1.627004726122201e-43 1.22981234386763e-38 1

0.25 2.082663718878499e-10 6.708073176157766e-09 18
0.5 1.540869330386654e-09 6.186198666148303e-08 62
0.75 2.774187763175993e-09 1.273124717994992e-07 98
1 2.823455346364356e-08 8.05842106894173e-07 210
1.25 3.125495089645078e-07 1.012488409165885e-05 350
1.5 3.374680640434222e-07 1.854236180975551e-05 450
1.75 2.212669873065497e-08 2.627433684457339e-06 602
2 8.028813677213219e-10 7.656015041756117e-07 762
2.25 1.12223365656161e-09 5.261054563476035e-07 1142
2.5 1.829145748754367e-09 1.450686902148658e-07 1250
2.75 1.782270710263126e-09 3.928818273412815e-08 1458
3 1.633612642880298e-09 2.340840337060008e-08 1814
3.25 1.163049475808278e-09 2.728002469491999e-08 2178
3.5 9.735522699297368e-10 1.928969829348139e-08 2498
3.75 9.034321036595418e-10 1.00858400952537e-08 2622
4 8.522200728738808e-10 1.069204588889791e-08 3338
4.25 3.474353040890422e-10 1.024735897489338e-08 3722
4.5 8.063639621461437e-11 8.296888984484619e-09 4170
4.75 1.724527565960869e-11 5.088990948528072e-09 4358
5 5.670011022347205e-12 2.658433290711454e-09 5034
5.25 3.965665939425676e-12 1.082358738195082e-09 5714
5.5 3.461409838367842e-12 4.159370724320526e-10 5982
5.75 3.131899054175775e-12 2.458799770328538e-10 6602
6 2.41337290362668e-12 1.647675291605933e-10 7130
6.25 1.767332044734941e-12 1.276715260600479e-10 8034
6.5 1.09575101455812e-12 1.172643129065205e-10 8606
6.75 4.94006967725495e-13 1.061325396920195e-10 9066
7 1.620701482499929e-13 8.785633131003747e-11 9962
7.25 5.200743564175167e-14 6.113173449267799e-11 10550
7.5 4.455575149173834e-14 3.714461720402885e-11 11226
7.75 5.09251488750827e-14 1.80237098521981e-11 12146
8 4.437616237506873e-14 7.748489673487646e-12 12606
8.25 3.555094331564736e-14 3.154429925435991e-12 13802
8.5 2.554992596970379e-14 1.037159424684183e-12 14754
8.75 1.588059591955969e-14 2.933046804031262e-13 15194
9 9.256684092011889e-15 2.321138853564042e-13 16454
9.25 4.319882496827165e-15 3.087937927329468e-13 17154
9.5 1.698049000665009e-15 3.383817766596171e-13 18266
9.75 5.368939322012683e-16 2.704238760706034e-13 18750
10 1.709792084540137e-16 1.890648315950906e-13 20234
10.25 8.265960560020473e-17 1.084200098670345e-13 21450
10.5 7.328746745978898e-17 5.450303670029626e-14 21962
10.75 7.442898176732403e-17 2.545327439581741e-14 23462
11 6.516382772351193e-17 9.316043263659538e-15 24042
11.25 4.845240838123583e-17 2.837681469581423e-15 25946
11.5 2.986398599247174e-17 1.031305618056495e-15 26118
11.75 1.667051838969688e-17 8.414513653368716e-16 27506
12 7.884257675675828e-18 9.369723200809197e-16 29066
12.25 3.143061965021858e-18 8.61862681785581e-16 30450
12.5 1.111207706370651e-18 6.688263699252008e-16 31742
12.75 3.520959400706669e-19 4.293879326200428e-16 32250
13 1.633972433076585e-19 2.54358912184972e-16 34250
13.25 1.284797631167223e-19 1.277038851959263e-16 35454
13.5 1.210055370155096e-19 5.494951391582932e-17 36434
13.75 9.946191692652024e-20 2.024217389529149e-17 37682
14 7.141093511324017e-20 6.708367650189752e-18 39294
14.25 4.452737752097739e-20 2.549438139198952e-18 41426
14.5 2.35891505114244e-20 1.783736841618622e-18 42066
14.75 1.105270614638623e-20 1.679712580306783e-18 43490
15 4.666935177547869e-21 1.492700982278664e-18 45702
15.25 1.652779639483268e-21 1.102670746665995e-18 46634
15.5 5.732054966373361e-22 7.308848391713558e-19 48554
15.75 2.497382097794105e-22 4.23258618961142e-19 48870
16 1.818827324647535e-22 2.26776083183907e-19 50963
16.25 1.592696225207398e-22 1.009329686058427e-19 51576
16.5 1.233327212749703e-22 3.510560611962981e-20 49316
16.75 8.637077794547211e-23 1.05795035672498e-20 49344
17 4.871000986718398e-23 3.725872951704185e-21 47192
17.25 2.486706688433356e-23 2.549016589803991e-21 47576
17.5 1.033097810327857e-23 2.216198586166912e-21 45348
17.75 3.804413363417252e-24 1.799613242382735e-21 44060
18 1.213915335322463e-24 1.263385257737271e-21 43872
18.25 3.626494508693414e-25 7.243387138982852e-22 41756
18.5 1.772214674479104e-25 3.759769713220153e-22 41528
18.75 1.398066243188249e-25 1.57182060430582e-22 39300
19 1.15947979379476e-25 5.581726028623357e-23 38276
19.25 8.001073442557477e-26 1.635524227545742e-23 36900
19.5 4.609133940252496e-26 5.091944086779192e-24 34724
19.75 2.376244696360158e-26 2.788201381870807e-24 33960
20 1.033323377424064e-26 2.349838912860116e-24 32144
20.25 3.841467298659418e-27 1.934292798065361e-24 30704
20.5 1.191831136808282e-27 1.334862576541919e-24 28896
20.75 3.392586705753944e-28 7.655522515369641e-25 26924
21 1.418021697362925e-28 3.734495439134691e-25 25656
21.25 9.87066008783225e-29 1.478507296842714e-25 23228
21.5 7.914042813480246e-29 5.259796753568274e-26 21816
21.75 5.146037930914996e-29 1.542780027654571e-26 19472
22 2.893714809538095e-29 5.115859431548512e-27 17696
22.25 1.355839264714638e-29 2.691036356668264e-27 15588
22.5 5.589998704163718e-30 2.112442626313264e-27 13760
22.75 1.766586405532029e-30 1.483274327502346e-27 11565
23 4.989252493447631e-31 8.864053961564109e-28 10016
23.25 1.722341833741533e-31 4.423701884781862e-28 8652
23.5 8.912814143544567e-32 1.831425819902327e-28 7652
23.75 6.113478708422586e-32 6.946774102207655e-29 6542
24 3.772263981410331e-32 2.288486484486604e-29 5478
24.25 2.236484243116295e-32 8.365783914399688e-30 4886
24.5 1.17667950117768e-32 3.133549440352384e-30 4068
24.75 5.250423587976657e-33 1.682434669118672e-30 3326
25 2.043938123119224e-33 1.333567388153806e-30 2696
25.25 7.016468595046373e-34 9.467924972910665e-31 2304
25.5 2.344002991755925e-34 5.792763488192328e-31 1934
25.75 1.020266368325483e-34 2.041078225772756e-31 1344
26 5.752040121833501e-35 7.913351665658457e-32 848
26.25 4.260051985558938e-35 5.013936523333736e-32 888
26.5 2.402159841207372e-35 1.73899752362722e-32 584
26.75 1.164886306849947e-35 4.019939108843169e-33 344
27 2.601734021429305e-36 4.717774070890518e-34 102
27.25 1.782224244654634e-36 3.759518899683626e-34 104
27.5 3.026651837150834e-37 8.199463378597859e-35 24
27.75 9.503235448071251e-40 7.839703017056899e-36 1

0.25 2.210059176596023e-10 7.529437340576352e-09 18
0.5 1.924401139158992e-09 6.192018014879811e-08 62
0.75 7.234511966692914e-09 1.44909936236817e-07 98
1 1.924391988938718e-08 5.23798131533594e-07 210
1.25 1.196891996725909e-07 5.348556480705182e-06 350
1.5 3.62957126352998e-07 7.097144309476772e-06 450
1.75 1.196670711159274e-07 5.167105958247405e-07 602
2 6.02343692418321e-08 5.995140755711122e-07 762
2.25 3.195855268175045e-08 1.702241359054155e-06 1142
2.5 4.562068059738952e-09 1.604426154100097e-06 1250
2.75 3.255811832017354e-09 9.605238806801803e-07 1458
3 4.94724397477756e-09 5.307934177403735e-07 1814
3.25 4.504982440860608e-09 2.749645833945606e-07 2178
3.5 4.001795367440479e-09 1.222694105585951e-07 2498
3.75 3.277488587707551e-09 5.320960439986887e-08 2622
4 2.449124498321288e-09 3.293682606957049e-08 3338
4.25 7.76869243230322e-10 2.256236539702502e-08 3722
4.5 2.740941185971561e-10 1.44962065193737e-08 4170
4.75 2.278185833094741e-10 8.902400887617273e-09 4358
5 2.303081704140699e-10 7.686349602310803e-09 5034
5.25 1.519686942022957e-10 8.812034038562916e-09 5714
5.5 6.156219349739398e-11 8.91533080413521e-09 5982
5.75 4.190556506736505e-11 6.492740797434991e-09 6602
6 4.052891709687101e-11 3.315343434353048e-09 7130
6.25 3.099995103443105e-11 1.566214499414544e-09 8034
6.5 1.585479117527798e-11 7.916153960132438e-10 8606
6.75 6.881462159129872e-12 3.628905605255714e-10 9066
7 2.721128581329172e-12 1.892785157604407e-10 9962
7.25 1.198629282260493e-12 1.006619311610833e-10 10550
7.5 8.050310390105373e-13 4.845941738056354e-11 11226
7.75 5.579833225240682e-13 3.037826683372727e-11 12146
8 3.464103741370012e-13 2.252947431698103e-11 12606
8.25 2.280193698227585e-13 1.694028677561811e-11 13802
8.5 1.334091427780038e-13 1.37323282011197e-11 14754
8.75 6.22672460031313e-14 1.112335429653182e-11 15194
9 3.36205917646477e-14 7.887180152324355e-12 16454
9.25 2.200601516332199e-14 4.399119951444435e-12 17154
9.5 1.532123085797776e-14 2.264993441842958e-12 18266
9.75 8.974941754829615e-15 1.1166895365566e-12 18750
10 5.491635607259181e-15 5.799178038597763e-13 20234
10.25 3.104698905708694e-15 2.930412260431274e-13 21450
10.5 1.752968488509196e-15 1.667355696449264e-13 21962
10.75 1.055575046790813e-15 1.085632129825003e-13 23462
11 6.075340210881928e-16 7.215666534247817e-14 24042
11.25 3.48983202593209e-16 5.604725645345901e-14 25946
11.5 1.88626449177841e-16 3.881258843282494e-14 26118
11.75 1.102840498459227e-16 2.628589786921847e-14 27506
12 7.136233285326291e-17 1.691531717386547e-14 29066
12.25 4.649217274094468e-17 1.005951933777777e-14 30450
12.5 2.8420620797902e-17 5.818421907782154e-15 31742
12.75 1.695910247985481e-17 3.327111030722038e-15 32250
13 1.012541422289589e-17 1.999701218097676e-15 34250
13.25 6.126861693952739e-18 1.183392787261424e-15 35454
13.5 3.605861816847074e-18 7.155936373871901e-16 36434
13.75 2.203157598222788e-18 4.276794523084688e-16 37682
14 1.344202234009652e-18 2.827690418277505e-16 39294
14.25 8.440388071738154e-19 1.826121314419743e-16 41426
14.5 5.216788029101864e-19 1.16784035658972e-16 42066
14.75 3.401417832107929e-19 7.688165337443688e-17 43490
15 2.189598133482151e-19 4.872328519895404e-17 45702
15.25 1.374406611106097e-19 3.149684431399392e-17 46634
15.5 9.27514406782236e-20 2.079299777801075e-17 48554
15.75 6.144649313262916e-20 1.329666917410553e-17 48870
16 4.126300117031939e-20 9.054411566279799e-18 50963
16.25 2.362797869552574e-20 5.513551092160505e-18 51576
16.5 1.234843518939106e-20 2.973683951849458e-18 49316
16.75 6.774151404347238e-21 1.604784597784352e-18 49344
17 3.608879674919052e-21 8.069449745871528e-19 47192
17.25 2.002054987803267e-21 4.312211305465672e-19 47576
17.5 1.031311507733371e-21 2.209347241822136e-19 45348
17.75 5.503207730405082e-22 1.212015986391835e-19 44060
18 2.988616224682247e-22 7.185544316282396e-20 43872
18.25 1.591277367850024e-22 4.030752050072707e-20 41756
18.5 9.127329844009793e-23 2.32149261994782e-20 41528
18.75 5.300134598188525e-23 1.324441938500575e-20 39300
19 3.182986988429004e-23 7.831244430505412e-21 38276
19.25 2.01950518911774e-23 4.554337717169059e-21 36900
19.5 1.296999263900184e-23 2.471175055683944e-21 34724
19.75 8.500164933327315e-24 1.365114823718586e-21 33960
20 4.988552659366674e-24 7.317743199402457e-22 32144
20.25 2.762878427239195e-24 4.438643112652856e-22 30704
20.5 1.43377624406166e-24 2.688624721783104e-22 28896
20.75 7.488109287274694e-25 1.536095931335787e-22 26924
21 4.323013423094943e-25 8.878756604108582e-23 25656
21.25 2.292152950604834e-25 4.825915842290406e-23 23228
21.5 1.307439811832387e-25 3.02771366517005e-23 21816
21.75 7.133265005587303e-26 1.651799672668979e-23 19472
22 4.352181003903299e-26 9.063867205252245e-24 17696
22.25 2.632439355280496e-26 4.257223501545894e-24 15588
22.5 1.463104116130215e-26 2.06087309024897e-24 13760
22.75 6.992077274493081e-27 1.066473804727184e-24 11565
23 3.088869467862811e-27 6.542212669495134e-25 10016
23.25 1.409078179904135e-27 3.853334768563873e-25 8652
23.5 7.388312144876376e-28 1.90232776084564e-25 7652
23.75 4.367787349100122e-28 8.168122595506081e-26 6542
24 2.445503263894933e-28 4.27923363752951e-26 5478
24.25 1.269376826508037e-28 2.907254517843284e-26 4886
24.5 6.563602237396324e-29 1.968265513956737e-26 4068
24.75 3.539214870312614e-29 1.189808984302684e-26 3326
25 2.111141558819894e-29 6.377235993348234e-27 2696
25.25 1.238766085431878e-29 3.464316290036114e-27 2304
25.5 6.464375125146837e-30 1.833400479728101e-27 1934
25.75 2.430168499339421e-30 8.481606044238152e-28 1344
26 9.53502737019971e-31 3.870605304422954e-28 848
26.25 5.453313386672186e-31 2.487064228745734e-28 888
26.5 2.232203225124929e-31 1.021663579062861e-28 584
26.75 8.981521733910531e-32 4.393635936749164e-29 344
27 2.421998085977331e-32 1.119893907664837e-29 102
27.25 2.028252755977385e-32 1.239681678198554e-29 104
27.5 4.944725523752814e-33 2.393729818728114e-30 24
27.75 2.706530789088058e-36 5.015104381877381e-32 1

0.25 1.460487994285331e-10 9.670403900583274e-09 18
0.5 1.352290719903755e-09 1.367966433564446e-07 62
0.75 2.489534122815111e-09 1.783326454719442e-07 98
1 1.268193210522648e-08 1.049897344610872e-06 210
1.25 5.532486111237871e-08 3.487114107459395e-06 350
1.5 9.90885504508286e-08 7.750463278663232e-06 450
1.75 2.063806988791378e-07 6.43045413931844e-06 602
2 2.188665719832026e-07 2.365766853702873e-06 762
2.25 1.203338691452742e-07 1.850598990740953e-06 1142
2.5 1.573034690611186e-08 2.132290138707524e-06 1250
2.75 1.169999434312887e-08 1.690308611997657e-06 1458
3 7.239583970908295e-09 1.819532131094916e-06 1814
3.25 4.475081722570845e-09 1.421720414276339e-06 2178
3.5 3.495138884585615e-09 9.660685131497179e-07 2498
3.75 1.849341238787568e-09 6.84430425367899e-07 2622
4 1.428885640279577e-09 6.046037552799961e-07 3338
4.25 1.052544856357217e-09 4.352687716983035e-07 3722
4.5 7.992742600823885e-10 2.832248576563098e-07 4170
4.75 5.754175423576164e-10 1.477124162841391e-07 4358
5 4.579196524546231e-10 8.536757095081385e-08 5034
5.25 3.866050707508226e-10 5.779148088890405e-08 5714
5.5 2.872841004232397e-10 4.014614005776853e-08 5982
5.75 1.832583821961705e-10 2.973426290124758e-08 6602
6 1.355348614087992e-10 1.648912726653025e-08 7130
6.25 9.841434262687566e-11 1.108506042918688e-08 8034
6.5 7.086096163288424e-11 7.157565593426547e-09 8606
6.75 5.171360848514827e-11 4.333285145624729e-09 9066
7 3.292839307184939e-11 3.074308455540768e-09 9962
7.25 1.937888812778754e-11 2.113834622125072e-09 10550
7.5 1.239310224824199e-11 1.418576026402762e-09 11226
7.75 8.02975068235707e-12 1.086251756625681e-09 12146
8 5.197790337792987e-12 7.852189336693458e-10 12606
8.25 3.474685424693797e-12 6.106387075506023e-10 13802
8.5 2.263098816030856e-12 4.790475848555142e-10 14754
8.75 1.593875001429406e-12 3.313892997941599e-10 15194
9 1.242699463543711e-12 2.443402388201403e-10 16454
9.25 1.097639909528504e-12 1.664229236464122e-10 17154
9.5 1.04450467359838e-12 1.04079066411603e-10 18266
9.75 9.622703094935788e-13 6.263392653974844e-11 18750
10 8.885008150882594e-13 4.328738519439523e-11 20234
10.25 7.286343396817806e-13 4.017138270340119e-11 21450
10.5 5.263773918783539e-13 4.799679003999855e-11 21962
10.75 3.476426265730606e-13 6.167839743409273e-11 23462
11 1.992893027422867e-13 6.881702479105687e-11 24042
11.25 1.170188656284193e-13 7.113864390008601e-11 25946
11.5 8.500029709524119e-14 6.002080576686748e-11 26118
11.75 9.426036259764662e-14 4.701573438950517e-11 27506
12 1.19366278709442e-13 3.281932292964921e-11 29066
12.25 1.39125612350451e-13 2.046243795320306e-11 30450
12.5 1.4323852073871e-13 1.279465284361417e-11 31742
12.75 1.270877493312598e-13 9.357880796286227e-12 32250
13 1.06527888307477e-13 9.649270796170303e-12 34250
13.25 7.8727425682306e-14 1.10242562113984e-11 35454
13.5 5.364033864847535e-14 1.213936991394157e-11 36434
13.75 3.613521258205968e-14 1.215623405191756e-11 37682
14 2.570929928086382e-14 1.112592906731217e-11 39294
14.25 2.086783908207537e-14 9.382709708012158e-12 41426
14.5 1.88837673603492e-14 6.956749047333727e-12 42066
14.75 1.826392494079564e-14 4.960515501731032e-12 43490
15 1.787390617424263e-14 3.45120100416117e-12 45702
15.25 1.631217849326396e-14 2.359210386616411e-12 46634
15.5 1.429417062783022e-14 1.814529064617957e-12 48554
15.75 1.157147666810217e-14 1.513875107433338e-12 48870
16 9.173365832984968e-15 1.469415141662437e-12 50963
16.25 6.677016368484909e-15 1.436790230746366e-12 51576
16.5 4.585072612740605e-15 1.295496669748442e-12 49316
16.75 3.443724614385997e-15 1.17670017663002e-12 49344
17 2.515296838595212e-15 9.844660860716044e-13 47192
17.25 1.871680745641997e-15 8.625026541025756e-13 47576
17.5 1.303162511438296e-15 6.912964123825842e-13 45348
17.75 1.014654405795759e-15 5.31886702079673e-13 44060
18 9.118876894214164e-16 3.918714646069275e-13 43872
18.25 8.456532911497368e-16 2.55965433244045e-13 41756
18.5 8.234763319339105e-16 1.65680650804551e-13 41528
18.75 7.194672395103628e-16 1.065602301491487e-13 39300
19 6.040602898415145e-16 7.980549633107738e-14 38276
19.25 4.60556474795779e-16 7.071033859463474e-14 36900
19.5 3.228226481865908e-16 6.726939498991438e-14 34724
19.75 2.185531563435952e-16 6.606914660670848e-14 33960
20 1.363452220995975e-16 6.051973035465402e-14 32144
20.25 8.819845596557773e-17 5.128162493106401e-14 30704
20.5 5.979429866240404e-17 4.010243620081192e-14 28896
20.75 4.569782004222028e-17 2.852396749683936e-14 26924
21 3.955101862525944e-17 1.928208994598268e-14 25656
21.25 3.375728305864042e-17 1.177295503713158e-14 23228
21.5 2.930285353878259e-17 7.065482216485566e-15 21816
21.75 2.359433664531676e-17 4.178514888219182e-15 19472
22 1.793508256979148e-17 2.819169729991295e-15 17696
22.25 1.25919360595016e-17 2.16308754856166e-15 15588
22.5 8.258728199944031e-18 1.928671670680765e-15 13760
22.75 4.821194383919484e-18 1.670502556539945e-15 11565
23 2.637498526037924e-18 1.422790646537358e-15 10016
23.25 1.30960599846885e-18 1.114593973353869e-15 8652
23.5 6.141251684300512e-19 8.248088604357883e-16 7652
23.75 3.269886876634274e-19 5.240303818422577e-16 6542
24 2.210274772333163e-19 3.012345988178159e-16 5478
24.25 1.972446872692264e-19 1.653926155443175e-16 4886
24.5 1.641344289258537e-19 7.614732464131848e-17 4068
24.75 1.258667316555422e-19 3.081479336461394e-17 3326
25 9.090929957094962e-20 1.124414750858335e-17 2696
25.25 6.304162469471391e-20 4.127780853922826e-18 2304
25.5 3.946607678816182e-20 1.726213481461961e-18 1934
25.75 1.94324061616116e-20 8.679530839800592e-19 1344
26 9.611902031897136e-21 4.683156379759839e-19 848
26.25 7.463666054619578e-21 5.243558463761529e-19 888
26.5 3.798462034756101e-21 3.668363028277354e-19 584
26.75 1.930780683105306e-21 2.486252347693894e-19 344
27 5.336864831330035e-22 8.589722408511167e-20 102
27.25 5.413904602807995e-22 9.861804732682296e-20 104
27.5 1.356190475077294e-22 2.699947134696239e-20 24
27.75 6.93012752608506e-24 1.399138609210199e-21 1

0.25 1.558661470761526e-09 1.474984628871405e-08 18
0.5 9.069544798933035e-09 1.001429417914198e-07 62
0.75 2.357780939897487e-08 2.079921357812443e-07 98
1 6.717415880580835e-08 4.552865786969953e-07 210
1.25 1.282850140415234e-07 8.152077542482323e-07 350
1.5 2.260504981719962e-07 1.138171853323274e-06 450
1.75 4.666229978437466e-07 1.303782626044091e-06 602
2 3.950314230463364e-07 3.082865466784267e-06 762
2.25 1.30678938223942e-07 4.396660758704963e-06 1142
2.5 7.069558917045181e-08 2.664035097004065e-06 1250
2.75 7.472255555237417e-08 2.371153960741354e-06 1458
3 7.817686031591315e-08 1.331036046498669e-06 1814
3.25 5.826484577023119e-08 9.329243663799513e-07 2178
3.5 4.523534463549666e-08 7.604828062832931e-07 2498
3.75 3.285204675047226e-08 6.005973352627799e-07 2622
4 2.80114118147818e-08 5.85790417526895e-07 3338
4.25 2.123946304896339e-08 4.670888325961269e-07 3722
4.5 1.817868971207125e-08 3.740092668479418e-07 4170
4.75 1.475407913004884e-08 3.034404587694155e-07 4358
5 1.296090798889196e-08 2.842465113732447e-07 5034
5.25 1.13916488346123e-08 2.720184716618696e-07 5714
5.5 9.01936949653772e-09 2.450905789300256e-07 5982
5.75 7.683563786128589e-09 2.342285217455003e-07 6602
6 6.936055929244328e-09 2.138907091595266e-07 7130
6.25 6.356422756862916e-09 2.039257725111457e-07 8034
6.5 5.534510469894851e-09 1.851279513591935e-07 8606
6.75 4.654186932269534e-09 1.696172813588275e-07 9066
7 4.220752098934284e-09 1.63122523039069e-07 9962
7.25 3.705720545516325e-09 1.525506661640898e-07 10550
7.5 3.295622981220535e-09 1.419323797412448e-07 11226
7.75 2.92158370022475e-09 1.285118383560372e-07 12146
8 2.618566290089844e-09 1.160769957232799e-07 12606
8.25 2.300323493971808e-09 1.070447890900126e-07 13802
8.5 2.00799241841718e-09 9.582464325635616e-08 14754
8.75 1.734107991380511e-09 8.387330780680725e-08 15194
9 1.516776194731569e-09 7.188489274416866e-08 16454
9.25 1.323823193499688e-09 6.243812086161521e-08 17154
9.5 1.156988642468107e-09 5.376839757648895e-08 18266
9.75 9.651718258525625e-10 4.491344754312173e-08 18750
10 8.461569051795093e-10 4.021568596380099e-08 20234
10.25 7.308924958300812e-10 3.410268562420928e-08 21450
10.5 6.127952895650728e-10 2.792325965733443e-08 21962
10.75 5.329923697847443e-10 2.394532691601997e-08 23462
11 4.481813746525739e-10 1.973781723475922e-08 24042
11.25 3.894722778713033e-10 1.732464306000962e-08 25946
11.5 3.182141416266025e-10 1.421237450180128e-08 26118
11.75 2.718878664938265e-10 1.194766778171101e-08 27506
12 2.330179500164172e-10 1.017312339356112e-08 29066
12.25 2.000696861217165e-10 8.552346170279821e-09 30450
12.5 1.679747986366899e-10 7.285185951957449e-09 31742
12.75 1.371502021979317e-10 6.028151342275513e-09 32250
13 1.179560860390584e-10 5.259531015765708e-09 34250
13.25 9.76840651832707e-11 4.405135699934902e-09 35454
13.5 8.084351749364999e-11 3.713079514700711e-09 36434
13.75 6.763271563333139e-11 3.150633619646116e-09 37682
14 5.620098430799593e-11 2.737872728372237e-09 39294
14.25 4.663517179191974e-11 2.378599796524838e-09 41426
14.5 3.752988082320217e-11 2.01767269650643e-09 42066
14.75 3.056859721641812e-11 1.73951831664851e-09 43490
15 2.516296379582429e-11 1.514216011961521e-09 45702
15.25 1.998742234215942e-11 1.299718416504074e-09 46634
15.5 1.620913534675524e-11 1.141377325428511e-09 48554
15.75 1.273980360645202e-11 9.742816057559687e-10 48870
16 1.042084963194521e-11 8.550804420212506e-10 50963
16.25 7.871169991278151e-12 7.131812366253697e-10 51576
16.5 5.473438475146792e-12 5.563752842502829e-10 49316
16.75 3.848084325880976e-12 4.640840530230054e-10 49344
17 2.67597910328196e-12 3.717953661076953e-10 47192
17.25 1.96622295948382e-12 3.186950865906737e-10 47576
17.5 1.394209009385081e-12 2.564240851506717e-10 45348
17.75 1.033215031462619e-12 2.117394672545002e-10 44060
18 8.088716523310696e-13 1.829247837849983e-10 43872
18.25 6.129331274105446e-13 1.508254159502015e-10 41756
18.5 4.960891140699057e-13 1.310778495505392e-10 41528
18.75 3.861509142031138e-13 1.107370539747779e-10 39300
19 3.104285141886229e-13 9.607317369397804e-11 38276
19.25 2.492852957110383e-13 8.437707418742773e-11 36900
19.5 1.947153019733953e-13 7.216553533632118e-11 34724
19.75 1.624924049524862e-13 6.397907813406189e-11 33960
20 1.274130583102394e-13 5.51483365236462e-11 32144
20.25 1.056512979188952e-13 4.767713672569387e-11 30704
20.5 8.490161560686636e-14 4.039785219981519e-11 28896
20.75 6.888987215304296e-14 3.349772252211745e-11 26924
21 6.054369131018837e-14 2.826342782966034e-11 25656
21.25 4.617475720877874e-14 2.273627709876086e-11 23228
21.5 4.248149208591738e-14 1.870787325167978e-11 21816
21.75 3.201474081427671e-14 1.447217693187056e-11 19472
22 2.652655199119734e-14 1.145380496279116e-11 17696
22.25 1.962610163854368e-14 8.764965152459462e-12 15588
22.5 1.314140197632269e-14 6.497426979753967e-12 13760
22.75 8.21626424368873e-15 4.61819211031163e-12 11565
23 5.512935285096913e-15 3.31290519574324e-12 10016
23.25 3.965631028124263e-15 2.329504975023051e-12 8652
23.5 3.06490631437271e-15 1.672866357584721e-12 7652
23.75 2.332732613381782e-15 1.143590137437584e-12 6542
24 1.768129534589088e-15 7.91724726810822e-13 5478
24.25 1.40539805288802e-15 5.524858650876363e-13 4886
24.5 1.032666907366698e-15 3.695014776871554e-13 4068
24.75 7.607405001328512e-16 2.430254924299202e-13 3326
25 5.429637975572841e-16 1.641291284038545e-13 2696
25.25 4.076120615402521e-16 1.11165791289559e-13 2304
25.5 2.914518862394697e-16 7.470621948781633e-14 1934
25.75 1.727905676099232e-16 4.130589799068153e-14 1344
26 1.020788271633286e-16 2.402904183745786e-14 848
26.25 8.624585516778061e-17 1.974248243195646e-14 888
26.5 5.054049061170648e-17 1.076371132371791e-14 584
26.75 2.428744114699249e-17 5.531092021349949e-15 344
27 7.302608088806017e-18 1.360704149394282e-15 102
27.25 6.150327369885765e-18 1.444785394545923e-15 104
27.5 1.553396279876996e-18 3.066620702781905e-16 24
27.75 1.890892749504023e-21 5.111335827976071e-18 1

0.25 1.630343133778685e-09 1.463657999038198e-07 18
0.5 7.74930671040389e-09 6.675249511007123e-07 62
0.75 1.156042657931237e-08 1.619185829759136e-06 98
1 2.136780517137814e-08 2.670428385443377e-06 210
1.25 2.838208793137454e-08 5.852866115763131e-06 350
1.5 2.826370856055164e-08 8.11691587993082e-06 450
1.75 5.158824615142762e-08 1.094024662567512e-05 602
2 6.176026960717585e-08 2.062102119343578e-05 762
2.25 6.043551438408347e-08 2.773134166541971e-05 1142
2.5 6.469733573441698e-08 1.219199615378877e-05 1250
2.75 6.918121399021567e-08 6.243190005098611e-06 1458
3 5.618465407538555e-08 4.99773155371146e-06 1814
3.25 5.363074000807668e-08 4.607200778836768e-06 2178
3.5 4.727366976681364e-08 3.958550011762376e-06 2498
3.75 3.879774613123249e-08 3.202736192548918e-06 2622
4 3.530112872649951e-08 2.849757891011341e-06 3338
4.25 2.872133626508448e-08 2.467639163858321e-06 3722
4.5 2.438868030034255e-08 2.201560741208363e-06 4170
4.75 1.943889588605704e-08 1.845689574260662e-06 4358
5 1.743051642018908e-08 1.687247182730257e-06 5034
5.25 1.467758943726659e-08 1.520559283602501e-06 5714
5.5 1.24811866949249e-08 1.345354718179967e-06 5982
5.75 1.088009517763756e-08 1.151217846051981e-06 6602
6 9.670681076386057e-09 9.960683683571969e-07 7130
6.25 9.395524393351107e-09 8.623596117537273e-07 8034
6.5 7.363557772091502e-09 7.581854744285271e-07 8606
6.75 5.896624064227139e-09 6.761262111899781e-07 9066
7 4.946130111229155e-09 6.054569210262999e-07 9962
7.25 4.309828156358924e-09 5.226821039538647e-07 10550
7.5 3.544110231200204e-09 4.509261174062264e-07 11226
7.75 3.064384674184065e-09 3.862270540463064e-07 12146
8 2.61579394057259e-09 3.246438425206373e-07 12606
8.25 2.273037345146227e-09 2.877370322779583e-07 13802
8.5 1.957030701173426e-09 2.515351992356142e-07 14754
8.75 1.636018206765568e-09 2.175281275560557e-07 15194
9 1.406243308037855e-09 1.876312773079896e-07 16454
9.25 1.216511619801804e-09 1.588635633344128e-07 17154
9.5 1.045983567499922e-09 1.338264480502379e-07 18266
9.75 8.993540910417933e-10 1.109200520115698e-07 18750
10 7.910197284186447e-10 9.979268102929616e-08 20234
10.25 6.858662948905219e-10 9.129042684946141e-08 21450
10.5 5.639001335915558e-10 7.902488408055549e-08 21962
10.75 4.924233638400353e-10 7.24847053629931e-08 23462
11 4.18735382438109e-10 6.491589625083445e-08 24042
11.25 3.650691642989624e-10 6.043537331091095e-08 25946
11.5 3.07698693411987e-10 5.102296069387981e-08 26118
11.75 2.757267041333767e-10 4.568855976992277e-08 27506
12 2.457234970959903e-10 4.012801006744219e-08 29066
12.25 2.166752864807512e-10 3.508173763202377e-08 30450
12.5 1.895135528265924e-10 2.980544168981452e-08 31742
12.75 1.659247898606972e-10 2.554566070239717e-08 32250
13 1.475720504742866e-10 2.310156900841336e-08 34250
13.25 1.261083143501928e-10 2.073866682848967e-08 35454
13.5 1.057886944329955e-10 1.856835162749059e-08 36434
13.75 9.036660816711226e-11 1.661173468701485e-08 37682
14 7.824185493514161e-11 1.488370642563103e-08 39294
14.25 6.980053073224826e-11 1.326479439133174e-08 41426
14.5 6.184890525706245e-11 1.150222314185871e-08 42066
14.75 5.569606681673995e-11 1.0271061404624e-08 43490
15 5.170126806408959e-11 9.183352906479013e-09 45702
15.25 4.662551298749696e-11 8.276916267917952e-09 46634
15.5 4.364657541896989e-11 7.677431119526015e-09 48554
15.75 3.939407995523487e-11 7.110454796483178e-09 48870
16 3.406566543510105e-11 6.524329651678365e-09 50963
16.25 2.462110601879331e-11 5.560171986577272e-09 51576
16.5 1.770995601896566e-11 4.396163558445444e-09 49316
16.75 1.448511803721007e-11 3.5552740989978e-09 49344
17 1.197010751428482e-11 2.832682418107025e-09 47192
17.25 1.027654563960011e-11 2.428532110907162e-09 47576
17.5 8.407204944876132e-12 1.999641702659846e-09 45348
17.75 6.9776050874506e-12 1.736047013558129e-09 44060
18 5.974712373209131e-12 1.570381060476719e-09 43872
18.25 4.836467583543178e-12 1.373156559086345e-09 41756
18.5 4.095731852427348e-12 1.226178000520443e-09 41528
18.75 3.240683198142961e-12 1.060596935889552e-09 39300
19 2.783395695979359e-12 8.840848953754061e-10 38276
19.25 2.40498720790019e-12 7.292532078144746e-10 36900
19.5 2.067993027264176e-12 5.839095641185013e-10 34724
19.75 1.864167950622938e-12 4.900622905382922e-10 33960
20 1.612206313434304e-12 4.045343898758841e-10 32144
20.25 1.368782602513974e-12 3.627996407926426e-10 30704
20.5 1.143963197494702e-12 3.223424060286512e-10 28896
20.75 9.30278388155539e-13 2.755752936633085e-10 26924
21 8.154310584673813e-13 2.481179385874558e-10 25656
21.25 6.623586677212699e-13 1.982696578330788e-10 23228
21.5 5.821082568311869e-13 1.710469674936016e-10 21816
21.75 4.557016348070418e-13 1.401985603945241e-10 19472
22 3.717261455112297e-13 1.151976533161034e-10 17696
22.25 2.890680058200827e-13 8.826292481378183e-11 15588
22.5 2.174108472874235e-13 7.083148987113688e-11 13760
22.75 1.479340465622519e-13 4.992439847993032e-11 11565
23 1.099731650329995e-13 3.901300446310081e-11 10016
23.25 8.142118219038095e-14 2.96491422944819e-11 8652
23.5 6.246404022679535e-14 2.522798754838627e-11 7652
23.75 4.808158024757161e-14 2.048567596868249e-11 6542
24 3.402762831576319e-14 1.689225188290971e-11 5478
24.25 2.60195829689675e-14 1.437820203813488e-11 4886
24.5 1.876690077249429e-14 1.174144436869593e-11 4068
24.75 1.340132363258991e-14 9.32970971510084e-12 3326
25 1.059644788937624e-14 7.32621508571993e-12 2696
25.25 7.973136503414106e-15 6.108190393002155e-12 2304
25.5 6.246367967946717e-15 5.131748225952605e-12 1934
25.75 4.228437184238553e-15 3.817616605818069e-12 1344
26 2.488818781902892e-15 2.423896725769315e-12 848
26.25 2.341332643359476e-15 2.476388612769999e-12 888
26.5 1.404710565624726e-15 2.176337270272691e-12 584
26.75 7.268198091684446e-16 1.319884336018542e-12 344
27 2.174824033671185e-16 3.971824765039552e-13 102
27.25 2.061372260847699e-16 4.269245580021084e-13 104
27.5 4.242541285318533e-17 1.105549169044038e-13 24
27.75 1.866578826446279e-18 1.375933102422444e-14 1

0.25 2.747205599801398e-09 5.180836706396515e-08 18
0.5 1.811154186785033e-08 2.00874557079419e-07 62
0.75 3.417762714765142e-08 2.371553659443068e-07 98
1 8.358244228433958e-08 4.802790740497451e-07 210
1.25 1.422751961586122e-07 7.387186895433759e-07 350
1.5 1.661037340115023e-07 9.600215884872316e-07 450
1.75 2.276390850681659e-07 1.551940425797863e-06 602
2 2.625313758742922e-07 1.982236114384448e-06 762
2.25 3.200653725162152e-07 4.186563282431967e-06 1142
2.5 2.274747000371363e-07 4.279394270634696e-06 1250
2.75 2.4091590401192e-07 3.618902701039596e-06 1458
3 2.523854650206617e-07 3.164438791963317e-06 1814
3.25 2.24636653693005e-07 2.932688470957463e-06 2178
3.5 2.011561420238881e-07 2.937536834613339e-06 2498
3.75 1.711546919042699e-07 2.694254028521365e-06 2622
4 1.611155226118134e-07 2.787678033178755e-06 3338
4.25 1.441677284886077e-07 2.879816839219913e-06 3722
4.5 1.357171032858332e-07 2.648084318534865e-06 4170
4.75 1.107569515143319e-07 2.45825852267318e-06 4358
5 9.951674586570119e-08 2.437940264829951e-06 5034
5.25 9.727543592897679e-08 2.480948705845835e-06 5714
5.5 8.174231238866582e-08 2.285468591986371e-06 5982
5.75 7.180633388858247e-08 2.258354253573496e-06 6602
6 6.212656981340425e-08 2.187245322206377e-06 7130
6.25 5.493483352739299e-08 2.05221279677245e-06 8034
6.5 4.503459110183764e-08 1.930850515964384e-06 8606
6.75 3.833236035022927e-08 1.713834058271262e-06 9066
7 3.343155258247199e-08 1.594173300737132e-06 9962
7.25 2.866135642391785e-08 1.392362918529081e-06 10550
7.5 2.371962451775164e-08 1.23182019208015e-06 11226
7.75 2.067480615467409e-08 1.110234255398548e-06 12146
8 1.687707124529321e-08 9.512049605367169e-07 12606
8.25 1.429172720914121e-08 8.56949979113237e-07 13802
8.5 1.205555024553826e-08 7.715296694687549e-07 14754
8.75 9.752952567902957e-09 6.457066316608215e-07 15194
9 8.139674876553788e-09 5.762111065929959e-07 16454
9.25 6.649558794818972e-09 4.956344279766832e-07 17154
9.5 5.446424326675113e-09 4.325983385446516e-07 18266
9.75 4.358606847561077e-09 3.660046152013489e-07 18750
10 3.763859702735559e-09 3.243773103809041e-07 20234
10.25 3.146034666371832e-09 2.769445209682899e-07 21450
10.5 2.561418045302673e-09 2.378083728760586e-07 21962
10.75 2.180314541870888e-09 2.060346919622435e-07 23462
11 1.783609001769461e-09 1.712153248290227e-07 24042
11.25 1.520364442264682e-09 1.49295436665476e-07 25946
11.5 1.226649208590622e-09 1.240017379282026e-07 26118
11.75 1.030478112638418e-09 1.063859710053707e-07 27506
12 8.966024054771097e-10 9.497410994572846e-08 29066
12.25 7.467113787514588e-10 8.284085355826563e-08 30450
12.5 6.325180224310187e-10 7.317192955103445e-08 31742
12.75 5.198775782910356e-10 6.095233468627321e-08 32250
13 4.448507509594662e-10 5.416943873751648e-08 34250
13.25 3.823718964692633e-10 4.812757481414423e-08 35454
13.5 3.238739000758471e-10 4.099223849036896e-08 36434
13.75 2.756812727693797e-10 3.519572389285334e-08 37682
14 2.383959170211467e-10 3.126049195328767e-08 39294
14.25 2.11281490049053e-10 2.790383786123786e-08 41426
14.5 1.819804446385987e-10 2.42071783330318e-08 42066
14.75 1.580946286996674e-10 2.158766648485918e-08 43490
15 1.386984276245135e-10 1.910257197242282e-08 45702
15.25 1.256363854661214e-10 1.682394498113917e-08 46634
15.5 1.132089427018236e-10 1.526970983062183e-08 48554
15.75 9.994467138669459e-11 1.362926422229904e-08 48870
16 9.067360950848134e-11 1.180173587125633e-08 50963
16.25 7.074062626082754e-11 9.835721959638966e-09 51576
16.5 5.040903875136967e-11 7.433732588300414e-09 49316
16.75 3.751811547101391e-11 5.842485474299254e-09 49344
17 2.750338124476537e-11 4.650518953609855e-09 47192
17.25 2.178004105692415e-11 3.924328946362707e-09 47576
17.5 1.643640649678909e-11 3.131421555829528e-09 45348
17.75 1.31454002353024e-11 2.628929616775274e-09 44060
18 1.087802407701062e-11 2.30761204353253e-09 43872
18.25 8.867946504856606e-12 1.930106056908014e-09 41756
18.5 7.458358490359834e-12 1.720121288909763e-09 41528
18.75 6.164897247952369e-12 1.469686379711125e-09 39300
19 5.355002262792477e-12 1.270056644125422e-09 38276
19.25 4.585356144492801e-12 1.096769201831151e-09 36900
19.5 3.942602128563669e-12 9.339214227856173e-10 34724
19.75 3.553607798429939e-12 8.255769221726918e-10 33960
20 3.089122556125681e-12 6.976556770756162e-10 32144
20.25 2.705363558326493e-12 6.076270742034416e-10 30704
20.5 2.266758234991079e-12 5.309420601695166e-10 28896
20.75 1.932541511726641e-12 4.323517640534959e-10 26924
21 1.627260075741765e-12 3.82919385359092e-10 25656
21.25 1.330766580064826e-12 3.117796742824213e-10 23228
21.5 1.123418985158379e-12 2.660832345180836e-10 21816
21.75 8.85836858482654e-13 2.145286934935129e-10 19472
22 7.399975778168941e-13 1.802496503848505e-10 17696
22.25 5.6329333960276e-13 1.429280308695037e-10 15588
22.5 4.198139531789068e-13 1.128173091201685e-10 13760
22.75 3.057725993819923e-13 7.967326137077624e-11 11565
23 2.232634926136756e-13 6.315293671019586e-11 10016
23.25 1.582949445925173e-13 4.619373775664106e-11 8652
23.5 1.226747848746163e-13 3.599604964446571e-11 7652
23.75 9.526967020758938e-14 2.645858282339956e-11 6542
24 7.25437515947525e-14 1.91369601124593e-11 5478
24.25 5.899620513799805e-14 1.490576517546195e-11 4886
24.5 4.365442023193473e-14 1.041067843663543e-11 4068
24.75 3.136031754463769e-14 7.888976576618049e-12 3326
25 2.273311072966698e-14 5.325839481094565e-12 2696
25.25 1.654067296764669e-14 3.795190934624255e-12 2304
25.5 1.108216010454845e-14 3.003433785588782e-12 1934
25.75 6.455038498247336e-15 1.820198044925928e-12 1344
26 3.658944600631386e-15 1.229536278147471e-12 848
26.25 3.422382528958121e-15 1.239073550356683e-12 888
26.5 1.988114309061733e-15 7.855497845078694e-13 584
26.75 1.235631074901062e-15 4.226806617423689e-13 344
27 2.409583259079543e-16 1.091101866016705e-13 102
27.25 3.71275918582112e-16 1.324015043833931e-13 104
27.5 4.654378368976804e-17 2.391126973014505e-14 24
27.75 7.520896987845891e-19 2.904186894746854e-17 1

0.25 4.071574899615114e-10 4.995905305770267e-07 18
0.5 5.271907841762588e-09 1.83881328859907e-06 62
0.75 1.023386901206215e-08 2.133233711772578e-06 98
1 2.88535940493543e-08 3.562298996195643e-06 210
1.25 4.590592865951109e-08 5.034664058144099e-06 350
1.5 5.762291267289992e-08 5.080353010073556e-06 450
1.75 8.584627562112499e-08 6.407796348348547e-06 602
2 7.987189999274763e-08 8.082343158065638e-06 762
2.25 1.462435405492052e-07 1.135606579352776e-05 1142
2.5 1.448266483328076e-07 1.020873929815325e-05 1250
2.75 1.425762847170238e-07 9.710621679223002e-06 1458
3 1.507622104002928e-07 1.040487636136462e-05 1814
3.25 1.458435889220694e-07 1.124003193431537e-05 2178
3.5 1.26686097847322e-07 1.085641952679986e-05 2498
3.75 1.213856733865962e-07 9.549308886083569e-06 2622
4 1.301145289120751e-07 1.045991108870343e-05 3338
4.25 1.134827576621181e-07 1.002657238489988e-05 3722
4.5 1.057503544144058e-07 9.398150253931097e-06 4170
4.75 9.208637351837246e-08 8.132815423186861e-06 4358
5 8.938430481510824e-08 7.330089895223734e-06 5034
5.25 7.671079830462738e-08 6.705162738869226e-06 5714
5.5 6.314851284091032e-08 5.492726968854385e-06 5982
5.75 5.74517719884577e-08 4.784346647816682e-06 6602
6 4.811152131084196e-08 4.279261291780649e-06 7130
6.25 4.140371833362414e-08 3.936067368576256e-06 8034
6.5 3.401544878145354e-08 3.243361290654971e-06 8606
6.75 2.819462517320378e-08 2.830884662167286e-06 9066
7 2.283529148980869e-08 2.394094722487089e-06 9962
7.25 1.866844960972529e-08 2.061540611164698e-06 10550
7.5 1.616856929026215e-08 1.742042677235079e-06 11226
7.75 1.413389890214644e-08 1.504536209732367e-06 12146
8 1.130171126074903e-08 1.248012289396319e-06 12606
8.25 9.767074485174868e-09 1.084908873179178e-06 13802
8.5 8.013832495790305e-09 9.728382876777307e-07 14754
8.75 6.449972134294949e-09 8.157204386257195e-07 15194
9 5.432195111538431e-09 7.289979221586635e-07 16454
9.25 4.648528441602221e-09 6.269561253295394e-07 17154
9.5 3.890480999011911e-09 5.456274807368417e-07 18266
9.75 3.315573333327619e-09 4.640711730305277e-07 18750
10 2.90564832868835e-09 4.195566118729781e-07 20234
10.25 2.466840164860462e-09 3.695624162667754e-07 21450
10.5 2.077570247085087e-09 3.073641330257189e-07 21962
10.75 1.843586055665264e-09 2.774280729507585e-07 23462
11 1.55316226608032e-09 2.469375558834227e-07 24042
11.25 1.431193286216403e-09 2.243415342626662e-07 25946
11.5 1.188057127497931e-09 1.919265408923227e-07 26118
11.75 1.045491743100988e-09 1.794562238849339e-07 27506
12 9.206026947560506e-10 1.634578487223415e-07 29066
12.25 8.144958562599192e-10 1.45702448895207e-07 30450
12.5 7.280011240065763e-10 1.317627457922352e-07 31742
12.75 6.225874801969201e-10 1.146580526398139e-07 32250
13 5.638029375683286e-10 1.037768945184079e-07 34250
13.25 4.859623141161887e-10 9.250001031037432e-08 35454
13.5 4.271540245770018e-10 8.262492750888415e-08 36434
13.75 3.769929138159719e-10 7.554543739693132e-08 37682
14 3.362118597151884e-10 6.730913506205255e-08 39294
14.25 3.024205939349128e-10 6.120951744529169e-08 41426
14.5 2.671714782777763e-10 5.377982970692233e-08 42066
14.75 2.359220502243052e-10 4.752258706589145e-08 43490
15 2.176576013372371e-10 4.503635536524572e-08 45702
15.25 1.928275812707143e-10 4.044071671714262e-08 46634
15.5 1.77216326333333e-10 3.642101400477133e-08 48554
15.75 1.593838869368288e-10 3.307012728260709e-08 48870
16 1.42165842410451e-10 2.982931294953217e-08 50963
16.25 1.119866495626254e-10 2.358835364340223e-08 51576
16.5 7.782548167290055e-11 1.757327897309522e-08 49316
16.75 5.986478440499808e-11 1.387526984928618e-08 49344
17 4.598316275141743e-11 1.101373304042137e-08 47192
17.25 3.774743165217446e-11 9.258162101607579e-09 47576
17.5 2.904880919337161e-11 7.550119645634949e-09 45348
17.75 2.387988250152569e-11 6.290043351184979e-09 44060
18 1.973294505739367e-11 5.443348935571794e-09 43872
18.25 1.600649157291983e-11 4.413142317774814e-09 41756
18.5 1.349343768822022e-11 3.75595088049965e-09 41528
18.75 1.110600309979405e-11 3.093575078981424e-09 39300
19 9.239510509678758e-12 2.638367958114368e-09 38276
19.25 7.691579996103931e-12 2.263138109926562e-09 36900
19.5 6.438304423342872e-12 1.900722738111409e-09 34724
19.75 5.553940589681384e-12 1.648370233874915e-09 33960
20 4.797959251632878e-12 1.424492446913155e-09 32144
20.25 4.029198048709039e-12 1.214340040051439e-09 30704
20.5 3.424912491094944e-12 1.054024118920452e-09 28896
20.75 2.880423686545181e-12 8.786973243638024e-10 26924
21 2.501711725332131e-12 7.662154525775774e-10 25656
21.25 2.039100855565831e-12 6.230204637481082e-10 23228
21.5 1.711163886089378e-12 5.395700727665137e-10 21816
21.75 1.355642714637536e-12 4.313880105983234e-10 19472
22 1.105448396687408e-12 3.575910462402395e-10 17696
22.25 8.432600405993642e-13 2.778746588373906e-10 15588
22.5 6.298627177182354e-13 2.183379245948262e-10 13760
22.75 4.505504355626821e-13 1.572995823781179e-10 11565
23 3.362504439056413e-13 1.196968474764088e-10 10016
23.25 2.735233110297919e-13 9.13869608328012e-11 8652
23.5 2.076460856735534e-13 7.069216784389291e-11 7652
23.75 1.605775927887524e-13 5.644561461235028e-11 6542
24 1.263627101151314e-13 4.026334845096131e-11 5478
24.25 1.038387615752658e-13 3.185867188417033e-11 4886
24.5 8.152852355681639e-14 2.443728075381125e-11 4068
24.75 6.23182779156381e-14 1.902753324181422e-11 3326
25 4.912284975533449e-14 1.375062749311099e-11 2696
25.25 3.795249744587007e-14 1.201641352442548e-11 2304
25.5 2.54653020868972e-14 1.141554629255997e-11 1934
25.75 1.705373920289735e-14 8.098104923826283e-12 1344
26 9.740799855628411e-15 5.453476672351236e-12 848
26.25 9.213063232185891e-15 5.414487008378589e-12 888
26.5 5.565181800052062e-15 3.684321931969775e-12 584
26.75 3.125170340644218e-15 2.379368404708586e-12 344
27 8.152367874145032e-16 6.36663328375592e-13 102
27.25 1.057917373618569e-15 6.178789911249876e-13 104
27.5 1.386148939168519e-16 1.562687949121447e-13 24
27.75 1.151679811948033e-18 6.501971716052653e-15 1

0.25 1.8257798504204e-09 3.547095622346223e-08 18
0.5 1.461107600250355e-08 1.366359686776363e-07 62
0.75 3.951998452981057e-08 2.432985153716236e-07 98
1 9.876373033960151e-08 5.03678953410794e-07 210
1.25 1.456711439821293e-07 9.531064919041187e-07 350
1.5 1.894509085410405e-07 1.195058640498918e-06 450
1.75 2.482624970340744e-07 1.373080640370595e-06 602
2 2.733368978077681e-07 1.78124483289476e-06 762
2.25 4.071008862331069e-07 2.880361729926536e-06 1142
2.5 3.723612060378909e-07 2.905817898741007e-06 1250
2.75 3.703206450951765e-07 3.64748964406386e-06 1458
3 3.950760751952394e-07 4.179109784345715e-06 1814
3.25 4.247540454042688e-07 4.836008923691311e-06 2178
3.5 3.900354743485174e-07 5.225515263925787e-06 2498
3.75 3.506391158530165e-07 5.129464540770096e-06 2622
4 3.826807538726e-07 6.045228365480767e-06 3338
4.25 3.591863343469388e-07 5.942222012652168e-06 3722
4.5 3.068442904716962e-07 6.148818137990463e-06 4170
4.75 2.583301274064625e-07 6.00625289522643e-06 4358
5 2.493067981113807e-07 6.218176706956945e-06 5034
5.25 2.308443693759535e-07 6.67510658141397e-06 5714
5.5 2.022229447311886e-07 5.947622311555839e-06 5982
5.75 1.760322149998098e-07 5.808846859397841e-06 6602
6 1.50848064682177e-07 5.453378847482873e-06 7130
6.25 1.319460131554412e-07 5.192367968694833e-06 8034
6.5 1.147406073988467e-07 4.82264888952089e-06 8606
6.75 9.032539477789039e-08 4.151360134370194e-06 9066
7 7.827349390190742e-08 3.821729632169262e-06 9962
7.25 6.672437279264828e-08 3.359248428586047e-06 10550
7.5 5.433167580910552e-08 2.997519062959499e-06 11226
7.75 4.578214791376728e-08 2.681324887075345e-06 12146
8 3.712139412104269e-08 2.147299734503981e-06 12606
8.25 3.147699042020442e-08 1.955153893645868e-06 13802
8.5 2.689015948964134e-08 1.659032684270898e-06 14754
8.75 2.170988273158223e-08 1.392959840596515e-06 15194
9 1.794306060427065e-08 1.227895808238058e-06 16454
9.25 1.459737481743912e-08 1.041499324925e-06 17154
9.5 1.232641645247686e-08 9.012373276554403e-07 18266
9.75 9.825461439849211e-09 7.70108451514742e-07 18750
10 8.431158923531072e-09 6.778168807516521e-07 20234
10.25 6.928515155147516e-09 5.998368599797717e-07 21450
10.5 5.684667977829101e-09 5.110316876527877e-07 21962
10.75 4.949604255120329e-09 4.51502302936046e-07 23462
11 4.044538385497956e-09 3.830795913702816e-07 24042
11.25 3.493470445370545e-09 3.425662465535761e-07 25946
11.5 2.895509707588663e-09 2.904423683150992e-07 26118
11.75 2.492871596560919e-09 2.543494616605404e-07 27506
12 2.145124993733575e-09 2.29286569899818e-07 29066
12.25 1.851910211483235e-09 2.025600816521595e-07 30450
12.5 1.59096444540753e-09 1.759682838521808e-07 31742
12.75 1.336626996988135e-09 1.559753638560379e-07 32250
13 1.17128462918322e-09 1.37017522614743e-07 34250
13.25 1.003313817651465e-09 1.245751299386663e-07 35454
13.5 8.78580275440079e-10 1.052491669369077e-07 36434
13.75 7.517158056345284e-10 9.354511633970171e-08 37682
14 6.626215843893366e-10 8.460410752138996e-08 39294
14.25 5.912380500304494e-10 7.612460187582261e-08 41426
14.5 5.135104790817253e-10 6.625837948279584e-08 42066
14.75 4.479200987853227e-10 6.099875451453933e-08 43490
15 4.066380408295581e-10 5.521987647522238e-08 45702
15.25 3.618982254598872e-10 4.874337886701714e-08 46634
15.5 3.298668548838251e-10 4.48588871349205e-08 48554
15.75 2.997243855021437e-10 4.037065474067901e-08 48870
16 2.696328463256291e-10 3.605329148335638e-08 50963
16.25 2.09104586380354e-10 2.932686170597e-08 51576
16.5 1.478025527370909e-10 2.155464141445493e-08 49316
16.75 1.074340141259485e-10 1.672488962951594e-08 49344
17 7.935248882868886e-11 1.321074311014835e-08 47192
17.25 6.379623499030046e-11 1.089419290661881e-08 47576
17.5 4.91830877615784e-11 8.523632942891918e-09 45348
17.75 3.923774944158754e-11 7.030638280910453e-09 44060
18 3.275803464754554e-11 6.018002670332673e-09 43872
18.25 2.586745129127889e-11 4.81288681079955e-09 41756
18.5 2.139633344200416e-11 4.153230113024515e-09 41528
18.75 1.725550494980781e-11 3.454845944523937e-09 39300
19 1.428928157777199e-11 2.897645131084153e-09 38276
19.25 1.173662284090512e-11 2.436839238298438e-09 36900
19.5 9.760538302643932e-12 2.042263415944865e-09 34724
19.75 8.142370987999484e-12 1.755941052996103e-09 33960
20 6.88091550780124e-12 1.506109604448854e-09 32144
20.25 5.798838548334335e-12 1.258253879172989e-09 30704
20.5 4.858427720152014e-12 1.094804115809997e-09 28896
20.75 3.976574418162405e-12 9.250074314525858e-10 26924
21 3.438634465064464e-12 8.020419633013132e-10 25656
21.25 2.708575809101821e-12 6.501491448628361e-10 23228
21.5 2.294049678140541e-12 5.551122936620712e-10 21816
21.75 1.762712238012262e-12 4.37527250614817e-10 19472
22 1.414445076530897e-12 3.55430164497893e-10 17696
22.25 1.081299005423771e-12 2.788781682258215e-10 15588
22.5 8.090685448171754e-13 2.12205796513602e-10 13760
22.75 5.706800776406367e-13 1.494018005755149e-10 11565
23 4.137258894379788e-13 1.147605699134059e-10 10016
23.25 2.983172249110575e-13 8.480089004569823e-11 8652
23.5 2.23996467321296e-13 6.184206677291497e-11 7652
23.75 1.643415167423849e-13 4.686892693861822e-11 6542
24 1.204584755021817e-13 3.470687970291375e-11 5478
24.25 8.838135525446224e-14 2.611103060618239e-11 4886
24.5 6.017451944638422e-14 1.985950534958371e-11 4068
24.75 4.530220785913512e-14 1.472110310641551e-11 3326
25 3.127872883305225e-14 1.063181114662155e-11 2696
25.25 2.575919807959415e-14 7.60771274575513e-12 2304
25.5 2.053642619234733e-14 5.939905259936797e-12 1934
25.75 1.171210218187308e-14 3.442846022638308e-12 1344
26 7.631197966707528e-15 2.153325628941209e-12 848
26.25 7.069108019073143e-15 2.039984631008855e-12 888
26.5 3.510888044175559e-15 1.214343468465078e-12 584
26.75 2.087967329194932e-15 6.274959692037784e-13 344
27 4.57742004961873e-16 1.793142159568686e-13 102
27.25 4.868422421882548e-16 1.867994640307569e-13 104
27.5 8.458747987620273e-17 5.432506099635252e-14 24
27.75 4.480193156592517e-18 6.646854712355443e-16 1

0.25 8.822686441135655e-10 1.083979850411732e-07 18
0.5 6.704004001114591e-09 7.231385293920831e-07 62
0.75 1.537791737873557e-08 1.416766769936745e-06 98
1 3.267206085673344e-08 2.594534407729659e-06 210
1.25 5.095982523921875e-08 4.417565716007916e-06 350
1.5 6.99932344162874e-08 5.093604227390044e-06 450
1.75 9.245533700224376e-08 5.827646008081922e-06 602
2 1.002110016362506e-07 7.637818465373294e-06 762
2.25 1.439252473080231e-07 9.859577366671591e-06 1142
2.5 1.421935872974563e-07 9.341862015447203e-06 1250
2.75 1.553683447760442e-07 1.027292105998449e-05 1458
3 1.826929847918836e-07 1.064718773951297e-05 1814
3.25 1.90405600234755e-07 1.147091930786904e-05 2178
3.5 1.932403062272748e-07 1.159213087343582e-05 2498
3.75 1.752657844700761e-07 1.16755125740059e-05 2622
4 2.042873556973349e-07 1.312324786105398e-05 3338
4.25 2.009567869086221e-07 1.267014254510242e-05 3722
4.5 1.897389892428954e-07 1.27123855765414e-05 4170
4.75 1.602405789383442e-07 1.14995139733454e-05 4358
5 1.679946426286123e-07 1.171276961143101e-05 5034
5.25 1.596821688536288e-07 1.086461848265944e-05 5714
5.5 1.360646046272361e-07 1.025325059470456e-05 5982
5.75 1.210021076375558e-07 9.249437499235447e-06 6602
6 1.092222162521867e-07 8.634125635339149e-06 7130
6.25 1.005834591250199e-07 8.419923833318362e-06 8034
6.5 8.762404537566694e-08 7.232788833720288e-06 8606
6.75 7.419441839166143e-08 6.485329947475585e-06 9066
7 6.469697774103022e-08 5.86682123753548e-06 9962
7.25 5.318394927474832e-08 5.203472686211553e-06 10550
7.5 4.676076460311153e-08 4.504008012210918e-06 11226
7.75 4.035074518777962e-08 4.005786190428505e-06 12146
8 3.300822281960717e-08 3.435271590281713e-06 12606
8.25 2.914587303151635e-08 3.111998709515815e-06 13802
8.5 2.45041018446567e-08 2.737012699823692e-06 14754
8.75 2.009435466953282e-08 2.302304513183836e-06 15194
9 1.767577441241598e-08 2.068483710022787e-06 16454
9.25 1.470309596949097e-08 1.75040587108802e-06 17154
9.5 1.27685970551476e-08 1.579008657454282e-06 18266
9.75 1.050101639716788e-08 1.340691625177565e-06 18750
10 9.174159896864909e-09 1.226799061827253e-06 20234
10.25 7.866977052766843e-09 1.06494250789513e-06 21450
10.5 6.538824226441383e-09 8.958884982894167e-07 21962
10.75 5.653857625831245e-09 8.04135017781897e-07 23462
11 4.793288483404967e-09 6.717045077709351e-07 24042
11.25 4.171275238002608e-09 6.180668528288296e-07 25946
11.5 3.480521363908015e-09 5.149497600444797e-07 26118
11.75 2.94978562814595e-09 4.561739686328653e-07 27506
12 2.610477781635597e-09 4.111694809734709e-07 29066
12.25 2.279567421916895e-09 3.619128100196615e-07 30450
12.5 1.961679402237907e-09 3.250911242130291e-07 31742
12.75 1.68046315472956e-09 2.70695117487417e-07 32250
13 1.496614545348847e-09 2.492597479103994e-07 34250
13.25 1.319403563760904e-09 2.184433274861504e-07 35454
13.5 1.122259621352404e-09 1.905432898703384e-07 36434
13.75 9.705369995788835e-10 1.698046865381854e-07 37682
14 8.400508451101117e-10 1.526729367511757e-07 39294
14.25 7.501208757483637e-10 1.383574971807122e-07 41426
14.5 6.541617887951854e-10 1.20281684468825e-07 42066
14.75 5.80722407813819e-10 1.080070123640807e-07 43490
15 5.292645727789416e-10 9.815316739931637e-08 45702
15.25 4.768557390479405e-10 9.018451298370725e-08 46634
15.5 4.336508698050753e-10 8.281209566927268e-08 48554
15.75 3.950776613435713e-10 7.592003773389011e-08 48870
16 3.49464157397947e-10 6.801339323987307e-08 50963
16.25 2.747417017284528e-10 5.385254976882653e-08 51576
16.5 1.977142746863043e-10 4.064254572455244e-08 49316
16.75 1.464136887311828e-10 3.16931200353393e-08 49344
17 1.084252846159798e-10 2.430489938227223e-08 47192
17.25 8.753912881296967e-11 1.98395375963161e-08 47576
17.5 6.673580141593202e-11 1.576701938582227e-08 45348
17.75 5.271822993599336e-11 1.27253340496992e-08 44060
18 4.313488043085393e-11 1.071671962114289e-08 43872
18.25 3.342162575223406e-11 8.601950764171834e-09 41756
18.5 2.780321508773463e-11 7.334080690156147e-09 41528
18.75 2.224285152358832e-11 5.818242766051768e-09 39300
19 1.833700714027541e-11 4.876080043528112e-09 38276
19.25 1.489075366598289e-11 4.075039062585872e-09 36900
19.5 1.227192911476737e-11 3.319072106287021e-09 34724
19.75 1.009079857919238e-11 2.821688723448624e-09 33960
20 8.234196583035763e-12 2.352058257966746e-09 32144
20.25 6.798094962030936e-12 1.962441468902682e-09 30704
20.5 5.60585936099232e-12 1.643626485186935e-09 28896
20.75 4.588545039600423e-12 1.350108893906589e-09 26924
21 3.878119889472413e-12 1.168651281382467e-09 25656
21.25 3.144259361509279e-12 9.305557586839746e-10 23228
21.5 2.607928848708996e-12 8.073472558978642e-10 21816
21.75 2.072848935587658e-12 6.338671480647418e-10 19472
22 1.648116573667584e-12 5.125472710116822e-10 17696
22.25 1.280331014304858e-12 4.12068051877357e-10 15588
22.5 9.591642412439549e-13 3.124805088605264e-10 13760
22.75 6.572121669632896e-13 2.188053193255766e-10 11565
23 4.700884255794718e-13 1.578725586037255e-10 10016
23.25 3.494693078816094e-13 1.166756702664007e-10 8652
23.5 2.478522366095116e-13 8.837472092664821e-11 7652
23.75 1.810042502977798e-13 6.137252085087521e-11 6542
24 1.28249757765036e-13 4.662187022036685e-11 5478
24.25 9.901778497379439e-14 3.266416714746149e-11 4886
24.5 6.621976888791985e-14 2.421967580973739e-11 4068
24.75 4.956545024003914e-14 1.789935740408516e-11 3326
25 3.303158535418108e-14 1.271080774346764e-11 2696
25.25 2.663219950130173e-14 9.480841248395347e-12 2304
25.5 2.028059764602971e-14 6.724396017264225e-12 1934
25.75 1.344799127567696e-14 4.322308108476141e-12 1344
26 8.057283104032708e-15 2.951972140784312e-12 848
26.25 8.428024496371392e-15 2.540490238268155e-12 888
26.5 5.672454799371927e-15 1.457079000493789e-12 584
26.75 2.881700439774299e-15 8.382407474583808e-13 344
27 8.893244044525008e-16 3.243159607679364e-13 102
27.25 1.134038591535267e-15 2.588081078837389e-13 104
27.5 1.88573186284894e-16 7.000563520570753e-14 24
27.75 2.855537062744248e-19 2.833918059741958e-15 1

0.25 3.081494537876212e-09 1.269484985909756e-08 18
0.5 1.130330648996534e-08 6.251308781332675e-08 62
0.75 3.125436177845849e-08 1.561576502604071e-07 98
1 6.40148235580839e-08 2.876667994448615e-07 210
1.25 1.066284310093109e-07 6.522888193074185e-07 350
1.5 1.452600070478032e-07 8.444452859288384e-07 450
1.75 1.82834683188517e-07 1.293748651469523e-06 602
2 2.451752718534449e-07 1.60709909773136e-06 762
2.25 3.317230661257786e-07 2.635671931526184e-06 1142
2.5 3.318021666673829e-07 3.014525234739788e-06 1250
2.75 3.602651546211264e-07 3.606007899432434e-06 1458
3 3.94150227692252e-07 4.214702814835381e-06 1814
3.25 4.122977551264098e-07 4.817739189386963e-06 2178
3.5 4.244428067375384e-07 5.768406566144765e-06 2498
3.75 3.932903568532985e-07 5.629966659073003e-06 2622
4 4.141466028039306e-07 6.999227567469788e-06 3338
4.25 3.913934450344373e-07 7.409682762628573e-06 3722
4.5 3.745168237708579e-07 7.928157352077304e-06 4170
4.75 3.338312992893966e-07 7.948800081905341e-06 4358
5 3.412043047148731e-07 8.387421441084004e-06 5034
5.25 3.174966841447829e-07 8.722358375140004e-06 5714
5.5 2.772950769238247e-07 8.426500210161078e-06 5982
5.75 2.57248298009841e-07 8.149326353414136e-06 6602
6 2.283295418123869e-07 7.923754341418386e-06 7130
6.25 2.106054761298141e-07 7.705913408343038e-06 8034
6.5 1.764737505219659e-07 7.355567840465141e-06 8606
6.75 1.46321688351334e-07 6.605747938144016e-06 9066
7 1.299174532072938e-07 6.162800927609515e-06 9962
7.25 1.096446161138841e-07 5.597602449773866e-06 10550
7.5 9.548663669313969e-08 4.963791252590237e-06 11226
7.75 8.127788791796082e-08 4.388587351707319e-06 12146
8 6.644140561920023e-08 3.914610278022556e-06 12606
8.25 5.762139841460641e-08 3.566621758644312e-06 13802
8.5 4.979076614861484e-08 3.165537580963336e-06 14754
8.75 4.03018756893833e-08 2.763079497676656e-06 15194
9 3.445489544748824e-08 2.451275759380816e-06 16454
9.25 2.921359493737897e-08 2.097622228891207e-06 17154
9.5 2.457933374826271e-08 1.827020724435813e-06 18266
9.75 1.969780780264776e-08 1.576826015814331e-06 18750
10 1.691338817339711e-08 1.416942145795939e-06 20234
10.25 1.448096934141815e-08 1.257093810309432e-06 21450
10.5 1.200136654148548e-08 1.07017398364041e-06 21962
10.75 1.010919238206771e-08 9.310431358322035e-07 23462
11 8.464263655525257e-09 8.000712644031887e-07 24042
11.25 7.313183903114003e-09 7.188589444146633e-07 25946
11.5 5.992130593449336e-09 6.009453088050948e-07 26118
11.75 5.093887837073921e-09 5.328626877577514e-07 27506
12 4.473376500978237e-09 4.705178589876274e-07 29066
12.25 3.7942343895211e-09 4.106571781361156e-07 30450
12.5 3.216272624934014e-09 3.607916209116743e-07 31742
12.75 2.700064901060233e-09 3.126502074372696e-07 32250
13 2.363922321110127e-09 2.819079007824452e-07 34250
13.25 2.077503623946932e-09 2.484551669072881e-07 35454
13.5 1.779374782571035e-09 2.168046294019592e-07 36434
13.75 1.557476096586499e-09 1.950147453391853e-07 37682
14 1.385552962571961e-09 1.718248518355936e-07 39294
14.25 1.237468169244598e-09 1.569028970645379e-07 41426
14.5 1.083798324257518e-09 1.404308188480021e-07 42066
14.75 9.739364305925435e-10 1.276648083470857e-07 43490
15 8.800151315285928e-10 1.173947575388685e-07 45702
15.25 8.04147503964904e-10 1.064536226011065e-07 46634
15.5 7.469365850895331e-10 1.017111356874552e-07 48554
15.75 6.843991283493345e-10 9.218523153523434e-08 48870
16 6.198897362744716e-10 8.283037634846918e-08 50963
16.25 4.678929488662783e-10 6.571495399219741e-08 51576
16.5 3.251397026657726e-10 4.852047857050232e-08 49316
16.75 2.375911988180396e-10 3.757507751314438e-08 49344
17 1.76612286910334e-10 2.853985793038373e-08 47192
17.25 1.3820220570159e-10 2.343344538222762e-08 47576
17.5 1.030694077324081e-10 1.812702562822894e-08 45348
17.75 8.087506108728536e-11 1.463698837716871e-08 44060
18 6.621844667664533e-11 1.224345931921627e-08 43872
18.25 5.179965088152712e-11 9.553140211894311e-09 41756
18.5 4.22076501562101e-11 8.018418510198103e-09 41528
18.75 3.309544206264788e-11 6.590128558953014e-09 39300
19 2.661760337544905e-11 5.539523815026754e-09 38276
19.25 2.182817374670102e-11 4.614579449689602e-09 36900
19.5 1.767360922379809e-11 3.757145371493479e-09 34724
19.75 1.474277248272762e-11 3.121735856607019e-09 33960
20 1.200881463526712e-11 2.581646664285228e-09 32144
20.25 9.98278007230688e-12 2.20767495649527e-09 30704
20.5 8.111846076377414e-12 1.814634243351129e-09 28896
20.75 6.558536808875195e-12 1.483153112550241e-09 26924
21 5.565784389004118e-12 1.290095382545544e-09 25656
21.25 4.381281418441276e-12 1.019792313970228e-09 23228
21.5 3.73995501936039e-12 8.818831264239851e-10 21816
21.75 2.907027655098229e-12 6.909739876321088e-10 19472
22 2.29810043275134e-12 5.77523356317934e-10 17696
22.25 1.806191163408615e-12 4.430382381576639e-10 15588
22.5 1.317658610918522e-12 3.37894802020614e-10 13760
22.75 9.188194937184771e-13 2.393422623727407e-10 11565
23 6.698554743947363e-13 1.750257854166723e-10 10016
23.25 4.606708221447802e-13 1.257509296435236e-10 8652
23.5 3.472355166799723e-13 9.528337615444186e-11 7652
23.75 2.439454646236311e-13 7.026352608325996e-11 6542
24 1.748603083666858e-13 5.033093890102101e-11 5478
24.25 1.249368903698789e-13 3.78300673323599e-11 4886
24.5 8.52215386778702e-14 2.567383810531218e-11 4068
24.75 6.129687973217638e-14 1.938754266352305e-11 3326
25 4.379682076423236e-14 1.354158761104152e-11 2696
25.25 3.094309415202065e-14 9.889093449711304e-12 2304
25.5 2.381108801494766e-14 7.149237520125991e-12 1934
25.75 1.530317279985674e-14 4.392660429262308e-12 1344
26 9.470588935995853e-15 2.993498305150976e-12 848
26.25 9.36005353057095e-15 2.800003979401025e-12 888
26.5 5.644136061647929e-15 1.747029029329527e-12 584
26.75 2.575942778446582e-15 9.156382591171354e-13 344
27 7.21840467240718e-16 3.206577888662704e-13 102
27.25 8.643965246671171e-16 2.206862031283465e-13 104
27.5 1.614427273974219e-16 3.562758959354881e-14 24
27.75 2.207933513032986e-18 1.214063479986041e-14 1

0.25 1.517361089869756e-09 2.771503276814835e-08 18
0.5 5.761936671497563e-09 1.811873842264065e-07 62
0.75 1.371255625756853e-08 4.440911984725625e-07 98
1 3.6957425606175e-08 1.116924315729496e-06 210
1.25 4.801973806503411e-08 2.003408784911571e-06 350
1.5 6.870035877186947e-08 2.431629220417356e-06 450
1.75 7.960975371488525e-08 3.684418351583075e-06 602
2 1.11714160994101e-07 4.398083620790617e-06 762
2.25 1.384232466441009e-07 6.492954992812152e-06 1142
2.5 1.301917841367226e-07 6.481568773408359e-06 1250
2.75 1.58247615717401e-07 7.47717654056583e-06 1458
3 1.767883830236759e-07 8.675737306429393e-06 1814
3.25 1.919316189689664e-07 9.358788110419479e-06 2178
3.5 2.130173827316268e-07 1.085493013640757e-05 2498
3.75 1.914419443149533e-07 9.978071479530484e-06 2622
4 2.1538059790649e-07 1.2395039779861e-05 3338
4.25 2.280119312630354e-07 1.171185954799612e-05 3722
4.5 2.142965087493789e-07 1.211360319024914e-05 4170
4.75 2.041388843345109e-07 1.119280761747202e-05 4358
5 2.104609568180034e-07 1.208178823102515e-05 5034
5.25 2.062924503220553e-07 1.232993557218824e-05 5714
5.5 1.878518691433364e-07 1.178461848696837e-05 5982
5.75 1.778722765501887e-07 1.161342928242383e-05 6602
6 1.60465265441864e-07 1.109991068307387e-05 7130
6.25 1.500047459843278e-07 1.092961632798798e-05 8034
6.5 1.371504618934926e-07 1.00647814088397e-05 8606
6.75 1.214014773554236e-07 9.366385127376503e-06 9066
7 1.08577121205448e-07 8.460313318699436e-06 9962
7.25 9.442325029055753e-08 7.833642701606207e-06 10550
7.5 8.363758499370717e-08 7.088784653970122e-06 11226
7.75 7.296690354193552e-08 6.442007632630501e-06 12146
8 6.124264909780542e-08 5.829409206297671e-06 12606
8.25 5.598319222314169e-08 5.392436160942099e-06 13802
8.5 4.962494352470983e-08 4.911955695136171e-06 14754
8.75 4.131858307654196e-08 4.19064799584155e-06 15194
9 3.652780895246117e-08 3.819859220337869e-06 16454
9.25 3.1490114710358e-08 3.356468717397551e-06 17154
9.5 2.647022281319622e-08 2.963316089648191e-06 18266
9.75 2.250439471470776e-08 2.532439209841382e-06 18750
10 1.952826036774665e-08 2.313823437193838e-06 20234
10.25 1.678332872196691e-08 2.039811588060656e-06 21450
10.5 1.397080614243044e-08 1.755794046661881e-06 21962
10.75 1.250015163262822e-08 1.5742704041273e-06 23462
11 1.020542919644713e-08 1.34408604836499e-06 24042
11.25 9.064690864325316e-09 1.210983384931917e-06 25946
11.5 7.433743876263538e-09 1.009855457681718e-06 26118
11.75 6.438261519955952e-09 9.055804040023011e-07 27506
12 5.441875727241402e-09 8.055764266928415e-07 29066
12.25 4.763325700361517e-09 7.074175510106253e-07 30450
12.5 4.112664687961271e-09 6.127338833347024e-07 31742
12.75 3.489906608991738e-09 5.164769806957742e-07 32250
13 3.000988596912019e-09 4.728638660467931e-07 34250
13.25 2.605787317252372e-09 4.170973608215474e-07 35454
13.5 2.24117500095357e-09 3.699135895192282e-07 36434
13.75 1.969961299027133e-09 3.177412408610366e-07 37682
14 1.73962942333543e-09 2.910072029212126e-07 39294
14.25 1.541004288866765e-09 2.587297228428656e-07 41426
14.5 1.314609023209351e-09 2.269838996028097e-07 42066
14.75 1.202272706813349e-09 2.05183278222333e-07 43490
15 1.085456632922227e-09 1.890636057499858e-07 45702
15.25 9.966721508905574e-10 1.760031465959334e-07 46634
15.5 8.986200790937888e-10 1.626729425403863e-07 48554
15.75 8.314037976975215e-10 1.449982453584131e-07 48870
16 7.452087328787336e-10 1.307927942135922e-07 50963
16.25 5.728278621536122e-10 1.054460618457543e-07 51576
16.5 3.941405714403101e-10 7.736524931813196e-08 49316
16.75 2.913524156019065e-10 5.900376213475134e-08 49344
17 2.133929251878568e-10 4.460701804196974e-08 47192
17.25 1.710790713169918e-10 3.630100515048262e-08 47576
17.5 1.29315974791185e-10 2.799815130464196e-08 45348
17.75 9.992183509069354e-11 2.240156081646748e-08 44060
18 8.167868617998995e-11 1.872161020319149e-08 43872
18.25 6.301422689887501e-11 1.496679198985558e-08 41756
18.5 5.147915238384941e-11 1.250897166324138e-08 41528
18.75 4.03554852679384e-11 9.792993700510155e-09 39300
19 3.231103513477263e-11 8.016095340165584e-09 38276
19.25 2.653934106877164e-11 6.598339956500935e-09 36900
19.5 2.119376809529714e-11 5.303959519012228e-09 34724
19.75 1.722563556114988e-11 4.520260059355358e-09 33960
20 1.397404233636058e-11 3.707252870436357e-09 32144
20.25 1.148032447848412e-11 3.102932794712816e-09 30704
20.5 9.380142105165049e-12 2.571556920639795e-09 28896
20.75 7.477660658889497e-12 2.073806492724049e-09 26924
21 6.37088071227069e-12 1.772902821479351e-09 25656
21.25 4.9530220544614e-12 1.400511290275612e-09 23228
21.5 4.341162584993723e-12 1.20321035070519e-09 21816
21.75 3.315722235527188e-12 9.437546163437176e-10 19472
22 2.723614450768165e-12 7.843502081201472e-10 17696
22.25 2.054871335174839e-12 6.076796509650532e-10 15588
22.5 1.530445719562795e-12 4.608945373988994e-10 13760
22.75 1.048813271613759e-12 3.295224478539736e-10 11565
23 7.528931233484838e-13 2.415624354637657e-10 10016
23.25 5.558411241589739e-13 1.822459725429248e-10 8652
23.5 4.062723772358824e-13 1.342809272615562e-10 7652
23.75 3.069155414337699e-13 1.019297666662234e-10 6542
24 2.23356435373281e-13 7.0606443998707e-11 5478
24.25 1.61889386993896e-13 5.730352252866887e-11 4886
24.5 1.084146860039141e-13 3.760042465476439e-11 4068
24.75 7.752027278738885e-14 2.660126347924721e-11 3326
25 5.585301963501241e-14 1.850399779590929e-11 2696
25.25 3.804557279941086e-14 1.317945038648643e-11 2304
25.5 2.809763688088374e-14 1.022407354095099e-11 1934
25.75 1.808801297372881e-14 6.196488750038156e-12 1344
26 1.082823332572532e-14 3.892254233757888e-12 848
26.25 1.010872972389303e-14 3.587170515060022e-12 888
26.5 6.864642010202949e-15 2.18451978588478e-12 584
26.75 3.576261195993053e-15 1.301317231572079e-12 344
27 8.223104083965097e-16 4.821787215839495e-13 102
27.25 1.134037082974112e-15 3.277903512034391e-13 104
27.5 1.710859311877691e-16 8.793979085637118e-14 24
27.75 1.513829176745977e-17 2.058206649099559e-16 1

0.25 1.06923964788724e-09 2.556726197996405e-09 18
0.5 8.384434131382167e-09 5.164606854770877e-08 62
0.75 1.732532699857523e-08 1.537642444099784e-07 98
1 4.078187495274799e-08 2.920708590558281e-07 210
1.25 7.420498859396864e-08 5.712588824406399e-07 350
1.5 1.020939931251432e-07 8.75157350044284e-07 450
1.75 1.21110676229346e-07 1.326747691804035e-06 602
2 1.659286411171165e-07 1.534197064083565e-06 762
2.25 2.160564096041331e-07 2.683707741576341e-06 1142
2.5 2.341137320420089e-07 3.047732850842511e-06 1250
2.75 2.42524821795469e-07 3.160465233727338e-06 1458
3 2.860844942848105e-07 4.153645146782524e-06 1814
3.25 3.036630118845564e-07 4.905064439341852e-06 2178
3.5 3.19382530227106e-07 5.49574718534842e-06 2498
3.75 3.049656690252899e-07 5.580870120541152e-06 2622
4 3.453682915749229e-07 7.258936577946801e-06 3338
4.25 3.341248554487587e-07 7.820008578033511e-06 3722
4.5 3.350212661159862e-07 7.988123030567148e-06 4170
4.75 3.007738794933991e-07 8.070751786124919e-06 4358
5 2.997519376392495e-07 8.651336429257466e-06 5034
5.25 2.956753733178167e-07 9.349887615575482e-06 5714
5.5 2.581079220714413e-07 8.996008961884179e-06 5982
5.75 2.547853922499406e-07 9.207586327779106e-06 6602
6 2.342393629406852e-07 9.210230450777274e-06 7130
6.25 2.292179844994009e-07 9.175283424154268e-06 8034
6.5 2.007734680917295e-07 8.682653447725294e-06 8606
6.75 1.75954562457219e-07 7.937891325109764e-06 9066
7 1.574680606998848e-07 7.848687165348922e-06 9962
7.25 1.385645802394531e-07 6.903256508543216e-06 10550
7.5 1.216028937571121e-07 6.62734431365504e-06 11226
7.75 1.078773664390412e-07 6.112565385613624e-06 12146
8 9.097739670624243e-08 5.447998515909657e-06 12606
8.25 8.048047424749576e-08 5.146743866235579e-06 13802
8.5 7.014642566602077e-08 4.803723512389425e-06 14754
8.75 5.933775101702939e-08 4.212495278063027e-06 15194
9 5.181464705416206e-08 3.869054071119807e-06 16454
9.25 4.296119893720367e-08 3.446533113778551e-06 17154
9.5 3.784763571151839e-08 3.111687652440108e-06 18266
9.75 3.1791473078271e-08 2.727505552291159e-06 18750
10 2.860067794866441e-08 2.419277630996746e-06 20234
10.25 2.362353462625717e-08 2.145201397771803e-06 21450
10.5 2.001189399993501e-08 1.824397555580875e-06 21962
10.75 1.715716167797418e-08 1.670137381203151e-06 23462
11 1.424489605581112e-08 1.448513444693708e-06 24042
11.25 1.260484728034401e-08 1.281468788558326e-06 25946
11.5 1.032505000397812e-08 1.102527987984044e-06 26118
11.75 8.887744536979572e-09 9.504820591561097e-07 27506
12 7.692449218055519e-09 8.598764961362361e-07 29066
12.25 6.593097935848662e-09 7.441219976616104e-07 30450
12.5 5.596633632880837e-09 6.558081434363869e-07 31742
12.75 4.749659828900632e-09 5.597234974425136e-07 32250
13 4.21005388320441e-09 5.106737784307731e-07 34250
13.25 3.619047087161545e-09 4.510203607261498e-07 35454
13.5 3.117424676859803e-09 3.976694024877026e-07 36434
13.75 2.731025334059167e-09 3.458796036535225e-07 37682
14 2.41833881106416e-09 3.188015357021466e-07 39294
14.25 2.150608041990166e-09 2.816143654574627e-07 41426
14.5 1.905054885512675e-09 2.51348184400593e-07 42066
14.75 1.704589198110694e-09 2.255928476941065e-07 43490
15 1.563686270821604e-09 2.123717567739299e-07 45702
15.25 1.412827667236177e-09 1.896972542137634e-07 46634
15.5 1.303960797963042e-09 1.803429962727631e-07 48554
15.75 1.18800547296407e-09 1.628061102514651e-07 48870
16 1.0578991352989e-09 1.500542517581117e-07 50963
16.25 8.223020443437326e-10 1.191146012656206e-07 51576
16.5 5.742964987249964e-10 8.630061899884587e-08 49316
16.75 4.156425853317451e-10 6.540929077524446e-08 49344
17 2.992502083269977e-10 5.024088239027677e-08 47192
17.25 2.373284538781575e-10 4.043450646788978e-08 47576
17.5 1.732035216403454e-10 3.148678257196168e-08 45348
17.75 1.350258405652882e-10 2.500441187090272e-08 44060
18 1.090941771155817e-10 2.075707427555556e-08 43872
18.25 8.363711767016117e-11 1.643186985860023e-08 41756
18.5 6.932825655996318e-11 1.352960897602826e-08 41528
18.75 5.445958516463553e-11 1.081307173721174e-08 39300
19 4.348935510767446e-11 8.800057030940682e-09 38276
19.25 3.446284104443698e-11 7.13145180124542e-09 36900
19.5 2.722377736139853e-11 5.845468417287492e-09 34724
19.75 2.269924060290386e-11 4.924851271736975e-09 33960
20 1.793295637277559e-11 4.05823782827139e-09 32144
20.25 1.477128454557021e-11 3.345059058816099e-09 30704
20.5 1.220876402930226e-11 2.821200868774054e-09 28896
20.75 9.689913435940814e-12 2.241513334762155e-09 26924
21 8.386269004267886e-12 1.930235473783211e-09 25656
21.25 6.392889886812459e-12 1.526537342879363e-09 23228
21.5 5.498362754791029e-12 1.318223541223241e-09 21816
21.75 4.18925648073288e-12 1.002435767242106e-09 19472
22 3.312934239837417e-12 8.123289943232088e-10 17696
22.25 2.576581001700644e-12 6.226872499110239e-10 15588
22.5 1.821513827988384e-12 4.774769631874294e-10 13760
22.75 1.261854722700661e-12 3.40047966842056e-10 11565
23 8.875636421614858e-13 2.530315467328213e-10 10016
23.25 6.639972031156806e-13 1.904907767169327e-10 8652
23.5 4.992986758526297e-13 1.407426260695457e-10 7652
23.75 3.626461136065746e-13 1.045013125362238e-10 6542
24 2.660967568058988e-13 7.853622054855029e-11 5478
24.25 1.996149990547435e-13 5.784367892139836e-11 4886
24.5 1.373746655699896e-13 4.323901381301521e-11 4068
24.75 1.008180185826798e-13 3.043091847217408e-11 3326
25 7.098351669010966e-14 2.246473628039321e-11 2696
25.25 5.174771348021879e-14 1.636195490396601e-11 2304
25.5 4.095305493395214e-14 1.252143089429723e-11 1934
25.75 2.652041378486472e-14 7.628103535374721e-12 1344
26 1.619009951102227e-14 4.453879261286572e-12 848
26.25 1.410755292355163e-14 4.483125730331942e-12 888
26.5 8.670545148033386e-15 2.554873725602684e-12 584
26.75 5.17562366638199e-15 1.517696138816839e-12 344
27 1.187878873474369e-15 3.619835947188376e-13 102
27.25 1.4446318397288e-15 3.870647556802063e-13 104
27.5 5.883128682550642e-16 1.177663615462465e-13 24
27.75 1.983953326462283e-18 4.860065058830648e-15 1

0.25 1.147077270799712e-09 2.26276804792778e-08 18
0.5 6.541889749466432e-09 1.017177297243055e-07 62
0.75 1.30842796289115e-08 2.963653686643696e-07 98
1 2.958927092906643e-08 7.453535094193163e-07 210
1.25 5.439995561918769e-08 1.512879989191801e-06 350
1.5 5.833075135476427e-08 2.00115991502672e-06 450
1.75 8.533784969650066e-08 2.577130346467188e-06 602
2 1.071802333361302e-07 3.236071597428029e-06 762
2.25 1.396129834471637e-07 4.294444940208556e-06 1142
2.5 1.418899942501558e-07 4.403796249990428e-06 1250
2.75 1.423240698386758e-07 5.029798804885138e-06 1458
3 1.77102737698726e-07 5.766733887129195e-06 1814
3.25 1.999199398481162e-07 6.702729362716361e-06 2178
3.5 2.026217550859165e-07 7.070667490854542e-06 2498
3.75 1.939762122375378e-07 7.255614120878927e-06 2622
4 2.165974229884899e-07 9.115899244506995e-06 3338
4.25 2.301038215147474e-07 9.159879065926751e-06 3722
4.5 2.33166623258462e-07 9.581909362386963e-06 4170
4.75 2.065584760045065e-07 9.510544925010684e-06 4358
5 2.152868821571719e-07 1.039485465514607e-05 5034
5.25 2.187076314922053e-07 1.120035443515544e-05 5714
5.5 2.07908611658594e-07 1.038516999871995e-05 5982
5.75 2.017625440071484e-07 1.042130301072523e-05 6602
6 1.843497619792203e-07 1.076763480516576e-05 7130
6.25 1.827331909029283e-07 1.098615098074266e-05 8034
6.5 1.633121916374201e-07 1.034485415095335e-05 8606
6.75 1.429543169696187e-07 9.714589428858024e-06 9066
7 1.309088724659145e-07 9.582116546316073e-06 9962
7.25 1.176776407927341e-07 8.512994533392163e-06 10550
7.5 1.083019880991559e-07 8.041018821296787e-06 11226
7.75 9.642019496018484e-08 7.802690728284412e-06 12146
8 8.600445431340776e-08 6.91599593478841e-06 12606
8.25 7.669091563197036e-08 6.615610308678254e-06 13802
8.5 6.856907679126644e-08 6.144549068951442e-06 14754
8.75 5.794791567677145e-08 5.290107094606703e-06 15194
9 5.176395038812287e-08 5.057466972158735e-06 16454
9.25 4.46610744175121e-08 4.284227987912725e-06 17154
9.5 3.98255980445041e-08 3.981796860152723e-06 18266
9.75 3.323414974086047e-08 3.529101975407165e-06 18750
10 2.995547085469186e-08 3.189823187367523e-06 20234
10.25 2.584776133776131e-08 2.872305055590552e-06 21450
10.5 2.141051376665014e-08 2.519177886481765e-06 21962
10.75 1.918164688451177e-08 2.272972661166906e-06 23462
11 1.593767963713131e-08 1.95650945454389e-06 24042
11.25 1.417086187159448e-08 1.742440914006067e-06 25946
11.5 1.164239211492669e-08 1.497604384977997e-06 26118
11.75 1.005437190409112e-08 1.330383985665535e-06 27506
12 8.772409624214545e-09 1.193044835547007e-06 29066
12.25 7.540768814242975e-09 1.05471513460067e-06 30450
12.5 6.467785711313243e-09 9.149069912823636e-07 31742
12.75 5.536007598743015e-09 7.823839250836524e-07 32250
13 4.876717521454788e-09 7.024925203930301e-07 34250
13.25 4.176836255189738e-09 6.233380731484565e-07 35454
13.5 3.623283098180905e-09 5.442800434273861e-07 36434
13.75 3.157416626081575e-09 4.852537294422034e-07 37682
14 2.797553413628792e-09 4.254315714945491e-07 39294
14.25 2.499179626038538e-09 3.882365455112151e-07 41426
14.5 2.18251184089258e-09 3.463559208533317e-07 42066
14.75 1.950844873356386e-09 3.115587587930282e-07 43490
15 1.792014798798288e-09 2.825338633236586e-07 45702
15.25 1.622841285431206e-09 2.590403343376408e-07 46634
15.5 1.491042832173607e-09 2.399584062592387e-07 48554
15.75 1.346357590039754e-09 2.167089350263577e-07 48870
16 1.213435488377583e-09 1.978344511489643e-07 50963
16.25 9.423163285865496e-10 1.595768376449707e-07 51576
16.5 6.634038121733318e-10 1.193131280084836e-07 49316
16.75 4.792033918280432e-10 8.995571596585675e-08 49344
17 3.568913136066841e-10 6.800046160866065e-08 47192
17.25 2.750763956123812e-10 5.499080290651713e-08 47576
17.5 2.089387161176685e-10 4.235629585080012e-08 45348
17.75 1.607452714268643e-10 3.35336323584891e-08 44060
18 1.276893232939946e-10 2.774693447413817e-08 43872
18.25 1.000405427117054e-10 2.184531953269044e-08 41756
18.5 7.925673424522822e-11 1.81975960302362e-08 41528
18.75 6.331606340605224e-11 1.431408605841545e-08 39300
19 4.931803976036108e-11 1.157937016840357e-08 38276
19.25 4.07238511174362e-11 9.465854031975145e-09 36900
19.5 3.17397192527036e-11 7.609767642528894e-09 34724
19.75 2.589590162921474e-11 6.372315288234877e-09 33960
20 2.0540880664073e-11 5.16411726985439e-09 32144
20.25 1.70481154227841e-11 4.224784895291217e-09 30704
20.5 1.357024749617618e-11 3.467516261506762e-09 28896
20.75 1.102265820675008e-11 2.82012515716796e-09 26924
21 9.379148830355017e-12 2.418853370095388e-09 25656
21.25 7.157379395214312e-12 1.910519588404709e-09 23228
21.5 6.154999742732574e-12 1.599100203321426e-09 21816
21.75 4.6360017954675e-12 1.232524456796805e-09 19472
22 3.744323875098109e-12 1.021430731518397e-09 17696
22.25 2.760844726269102e-12 7.820740043300856e-10 15588
22.5 1.954022844011032e-12 5.689405081430588e-10 13760
22.75 1.394633812191308e-12 4.054871772684876e-10 11565
23 9.595574320723512e-13 3.049883206535845e-10 10016
23.25 7.034622724473206e-13 2.179078010357203e-10 8652
23.5 5.317150595718792e-13 1.681385051136624e-10 7652
23.75 3.979102907736717e-13 1.223584081935181e-10 6542
24 2.875813207586866e-13 9.025966728636922e-11 5478
24.25 2.168778661715533e-13 7.064575612766716e-11 4886
24.5 1.512244721395552e-13 4.916549037198018e-11 4068
24.75 1.089824875648733e-13 3.484910981783331e-11 3326
25 7.674237617263757e-14 2.637726777581762e-11 2696
25.25 5.76375729888742e-14 1.957054996179507e-11 2304
25.5 4.688996901748353e-14 1.477035122898107e-11 1934
25.75 2.595987704724823e-14 8.765764937765589e-12 1344
26 1.830533252143109e-14 6.043182939292551e-12 848
26.25 1.772674668219252e-14 5.412321708791288e-12 888
26.5 1.086414499305283e-14 3.387163647134951e-12 584
26.75 6.220071615961561e-15 1.817045849078976e-12 344
27 2.031084699536041e-15 5.840842433601802e-13 102
27.25 1.927090752809742e-15 4.809059527602522e-13 104
27.5 4.32149361265206e-16 1.424848106950929e-13 24
27.75 1.536709771056169e-17 2.083682237085555e-15 1

0.25 7.323063230427182e-10 6.204174817229073e-09 18
0.5 3.948275954475004e-09 7.019107018219061e-08 62
0.75 9.685833941955143e-09 1.286139234957992e-07 98
1 2.509098126379222e-08 3.335452515301797e-07 210
1.25 4.866423258844665e-08 6.899191818895449e-07 350
1.5 6.218646255747384e-08 9.314323677349745e-07 450
1.75 7.796851806769346e-08 1.315960136441055e-06 602
2 9.846092513078736e-08 1.783273368875518e-06 762
2.25 1.549147198435426e-07 2.732667222950678e-06 1142
2.5 1.531096879910506e-07 2.720004820216648e-06 1250
2.75 1.647750536464182e-07 3.341559980713646e-06 1458
3 2.099443463425394e-07 4.168037544068196e-06 1814
3.25 2.265945760491507e-07 4.961737808382072e-06 2178
3.5 2.246513883221803e-07 5.920509999945234e-06 2498
3.75 2.199756761135384e-07 5.613441923380041e-06 2622
4 2.470756721565244e-07 7.193006893839421e-06 3338
4.25 2.478573448534084e-07 7.545388068779171e-06 3722
4.5 2.53051885960655e-07 8.331303382445034e-06 4170
4.75 2.400901772258719e-07 8.08883650207038e-06 4358
5 2.541390303558489e-07 8.940768317762987e-06 5034
5.25 2.510141572339689e-07 9.298147779041398e-06 5714
5.5 2.217570545786222e-07 9.59494090398823e-06 5982
5.75 2.217676144084674e-07 9.665553675721775e-06 6602
6 2.074833395812009e-07 9.889883835313428e-06 7130
6.25 2.020021589571667e-07 1.00171222745003e-05 8034
6.5 1.91106851544122e-07 9.51142118132202e-06 8606
6.75 1.717775784383068e-07 9.237482298249074e-06 9066
7 1.560707863349038e-07 8.957025857949395e-06 9962
7.25 1.375820748798504e-07 8.502080198943958e-06 10550
7.5 1.244297018994927e-07 7.841353172327448e-06 11226
7.75 1.12755771713057e-07 7.879929626757364e-06 12146
8 9.959256005104967e-08 7.048891720229029e-06 12606
8.25 9.373505355480963e-08 6.833218267332157e-06 13802
8.5 8.224494492080311e-08 6.334295341039707e-06 14754
8.75 7.026404602240406e-08 5.63974219866541e-06 15194
9 6.43054681607945e-08 5.213544829388026e-06 16454
9.25 5.546828992554376e-08 4.663031649641585e-06 17154
9.5 4.84816963063909e-08 4.357385743928363e-06 18266
9.75 4.197714531934783e-08 3.898056603592457e-06 18750
10 3.769198501299094e-08 3.560075143901876e-06 20234
10.25 3.303247790269331e-08 3.187018318236619e-06 21450
10.5 2.801164934941517e-08 2.794219398329104e-06 21962
10.75 2.429126264560841e-08 2.504127382061586e-06 23462
11 2.064898975718122e-08 2.175301442484846e-06 24042
11.25 1.819416973246778e-08 1.998327919100404e-06 25946
11.5 1.468862814976821e-08 1.683247747948018e-06 26118
11.75 1.301053580065068e-08 1.527376795768651e-06 27506
12 1.120266513925645e-08 1.342133956859325e-06 29066
12.25 9.668891209916109e-09 1.178594501440427e-06 30450
12.5 8.430495581856716e-09 1.0531595912819e-06 31742
12.75 7.106108892432786e-09 9.04386030054653e-07 32250
13 6.168329739819925e-09 8.204955663793931e-07 34250
13.25 5.255868478571941e-09 7.147100333644815e-07 35454
13.5 4.556151390303006e-09 6.23608906453864e-07 36434
13.75 3.943178566379778e-09 5.490570630711737e-07 37682
14 3.511117204373901e-09 4.95571645973637e-07 39294
14.25 3.130520947033835e-09 4.472515573677918e-07 41426
14.5 2.733654917730597e-09 3.95206833133229e-07 42066
14.75 2.434526252889934e-09 3.536842457194242e-07 43490
15 2.234520478792097e-09 3.288066300541998e-07 45702
15.25 2.016362582018464e-09 2.965197229705711e-07 46634
15.5 1.903321260108956e-09 2.792216826877375e-07 48554
15.75 1.707293276110851e-09 2.484982821335082e-07 48870
16 1.586705183054552e-09 2.30461504413421e-07 50963
16.25 1.215812790097624e-09 1.863815207398482e-07 51576
16.5 8.629562980198036e-10 1.365658037854963e-07 49316
16.75 6.230366617423886e-10 1.045226382848837e-07 49344
17 4.561826168717314e-10 8.162292974717786e-08 47192
17.25 3.587832372228879e-10 6.494959460994818e-08 47576
17.5 2.620028511752547e-10 4.961518165183713e-08 45348
17.75 1.995089971749267e-10 3.92366224740112e-08 44060
18 1.607223732717125e-10 3.20319623510677e-08 43872
18.25 1.241643059099947e-10 2.498024046919279e-08 41756
18.5 9.80587225394939e-11 2.081262654850725e-08 41528
18.75 7.653460438891647e-11 1.66932094103952e-08 39300
19 6.061322313147341e-11 1.342082087894915e-08 38276
19.25 4.965815006617091e-11 1.084172721255717e-08 36900
19.5 3.853316196291936e-11 8.726380623093242e-09 34724
19.75 3.196471355809068e-11 7.216739696789236e-09 33960
20 2.557505264599245e-11 5.817308539737491e-09 32144
20.25 2.07033431832913e-11 4.817992796720965e-09 30704
20.5 1.663815991197206e-11 3.960245824974988e-09 28896
20.75 1.327545534626711e-11 3.161374339118296e-09 26924
21 1.11402218390285e-11 2.738907325222283e-09 25656
21.25 8.665898651546913e-12 2.117447920255706e-09 23228
21.5 7.513954915110821e-12 1.829848459000944e-09 21816
21.75 5.727267147986292e-12 1.396026667531498e-09 19472
22 4.46374615786655e-12 1.117646939938301e-09 17696
22.25 3.389563894371813e-12 8.645151231967119e-10 15588
22.5 2.434404269573824e-12 6.365799844760299e-10 13760
22.75 1.611134989472161e-12 4.424957615274332e-10 11565
23 1.111727647371245e-12 3.22310338258675e-10 10016
23.25 8.564017724691395e-13 2.395582083095137e-10 8652
23.5 6.204129744550091e-13 1.748920674851742e-10 7652
23.75 4.37895665166309e-13 1.350057864477037e-10 6542
24 3.19637211648421e-13 9.554096288713903e-11 5478
24.25 2.392894438399084e-13 7.074612306701097e-11 4886
24.5 1.780624297491896e-13 5.088917218690579e-11 4068
24.75 1.25111718876786e-13 3.811866712934367e-11 3326
25 8.591307647283165e-14 2.601282933950181e-11 2696
25.25 7.049842638744682e-14 2.03666243008909e-11 2304
25.5 5.066093134444788e-14 1.652750913818536e-11 1934
25.75 3.202198805359146e-14 1.017706979483577e-11 1344
26 1.867536624849696e-14 6.326301529257545e-12 848
26.25 1.798201675393039e-14 5.78934788219566e-12 888
26.5 1.04045019378065e-14 3.608990996053512e-12 584
26.75 6.957331851564168e-15 1.893318855878755e-12 344
27 1.894813689108488e-15 5.751066861267282e-13 102
27.25 2.000938490265094e-15 6.283704326662635e-13 104
27.5 6.233286838163649e-16 1.461394036306518e-13 24
27.75 3.466446155482433e-18 8.924319829730104e-20 1

0.25 1.749424565146336e-09 1.231384331874846e-08 18
0.5 5.601852532894494e-09 1.068132515308435e-07 62
0.75 2.003351170160075e-08 2.886558601860934e-07 98
1 2.972269437877217e-08 5.505499582950234e-07 210
1.25 5.730209224330541e-08 1.042965517246897e-06 350
1.5 5.876646249388532e-08 1.309639221889462e-06 450
1.75 7.5878059520448e-08 1.700873173099371e-06 602
2 9.047383673227796e-08 2.033591707275333e-06 762
2.25 1.296258038683662e-07 2.852399151668352e-06 1142
2.5 1.308997402939775e-07 2.890206283465677e-06 1250
2.75 1.569350978917645e-07 3.115324278262342e-06 1458
3 1.79427720179789e-07 3.834904171698932e-06 1814
3.25 2.08704065030992e-07 4.517391275570516e-06 2178
3.5 2.083138165908092e-07 4.844868668304224e-06 2498
3.75 2.01016911783375e-07 5.250128718352445e-06 2622
4 2.373500321520946e-07 6.313795502823898e-06 3338
4.25 2.365123160730716e-07 6.624130363507779e-06 3722
4.5 2.412627404161481e-07 7.256399747606513e-06 4170
4.75 2.351102942051489e-07 7.439585349242563e-06 4358
5 2.280301597046177e-07 7.926289217210009e-06 5034
5.25 2.295720223386885e-07 8.701966668642534e-06 5714
5.5 2.104633129565331e-07 8.49262436798415e-06 5982
5.75 2.087915323360367e-07 8.793070496679575e-06 6602
6 1.985186062748241e-07 9.205134750788839e-06 7130
6.25 1.939048950563829e-07 9.221708364545978e-06 8034
6.5 1.764852484049841e-07 9.183827820015966e-06 8606
6.75 1.641443640026251e-07 8.501426569096091e-06 9066
7 1.49685731415681e-07 8.683522061009106e-06 9962
7.25 1.36035615900239e-07 8.024962592647914e-06 10550
7.5 1.239803567009256e-07 7.852677736306118e-06 11226
7.75 1.139678241175267e-07 7.48077134269531e-06 12146
8 1.003510781293426e-07 7.0704447995999e-06 12606
8.25 9.311771766216631e-08 6.707378004190452e-06 13802
8.5 8.543584265327152e-08 6.520316041266745e-06 14754
8.75 7.439975691279473e-08 5.699351220370177e-06 15194
9 6.767497620075582e-08 5.398293882423033e-06 16454
9.25 5.875956174548082e-08 4.967115815907475e-06 17154
9.5 5.267437515561101e-08 4.547156165564267e-06 18266
9.75 4.419881663528138e-08 4.067758913327707e-06 18750
10 3.999877427780034e-08 3.855958292796474e-06 20234
10.25 3.581256397523199e-08 3.4986506088154e-06 21450
10.5 3.008475177278323e-08 3.026882326584743e-06 21962
10.75 2.655106921598821e-08 2.771951493682263e-06 23462
11 2.273883045069153e-08 2.417661710609431e-06 24042
11.25 1.998324037834047e-08 2.21904284619636e-06 25946
11.5 1.691586586051326e-08 1.90367166264426e-06 26118
11.75 1.461031682053723e-08 1.666891468085332e-06 27506
12 1.271635166115634e-08 1.517820444419273e-06 29066
12.25 1.124494025458284e-08 1.350064031449749e-06 30450
12.5 9.699312351336048e-09 1.197527214511451e-06 31742
12.75 8.215233333473471e-09 1.027523561756646e-06 32250
13 7.127268351766798e-09 9.384265203782021e-07 34250
13.25 6.131245730258595e-09 8.129226395134171e-07 35454
13.5 5.374564508246888e-09 7.103598716241675e-07 36434
13.75 4.610836702534797e-09 6.270378118924594e-07 37682
14 4.092049650543988e-09 5.651740720815079e-07 39294
14.25 3.604480841856812e-09 5.144949107165003e-07 41426
14.5 3.164978321592756e-09 4.501714120809901e-07 42066
14.75 2.877267977668639e-09 4.093760198040784e-07 43490
15 2.636637813790238e-09 3.803562511963784e-07 45702
15.25 2.373456257062101e-09 3.449408967684591e-07 46634
15.5 2.196009409032803e-09 3.19661698187175e-07 48554
15.75 2.007719860511277e-09 2.920564675233413e-07 48870
16 1.804220174994781e-09 2.663366292018433e-07 50963
16.25 1.398887796534763e-09 2.138660716454937e-07 51576
16.5 9.992374847528155e-10 1.596815559004103e-07 49316
16.75 7.221755349848359e-10 1.230122555182421e-07 49344
17 5.297007387738354e-10 9.289215104979306e-08 47192
17.25 4.158476331913513e-10 7.5626178193192e-08 47576
17.5 3.083343492606838e-10 5.75069869955091e-08 45348
17.75 2.370149831882333e-10 4.677402105677776e-08 44060
18 1.898957938922006e-10 3.723359724804778e-08 43872
18.25 1.453247503081666e-10 2.985518278637528e-08 41756
18.5 1.168535011216271e-10 2.426128641791107e-08 41528
18.75 9.179090106494453e-11 1.941925330473031e-08 39300
19 7.23687542563283e-11 1.586488379032504e-08 38276
19.25 5.916840568996741e-11 1.298878899119378e-08 36900
19.5 4.627646212197174e-11 1.011313323517825e-08 34724
19.75 3.819750482822872e-11 8.64569177482382e-09 33960
20 2.969121265575264e-11 6.908962044502399e-09 32144
20.25 2.46175362612906e-11 5.741707009389196e-09 30704
20.5 1.959412725345138e-11 4.606689618123727e-09 28896
20.75 1.56385292787544e-11 3.801208811590908e-09 26924
21 1.340941288813208e-11 3.177312068050861e-09 25656
21.25 1.02968371937419e-11 2.555090455897935e-09 23228
21.5 8.702407443231003e-12 2.139875971201245e-09 21816
21.75 6.516106793560027e-12 1.635157731549281e-09 19472
22 5.327443574653488e-12 1.348151019941171e-09 17696
22.25 3.994940433993912e-12 9.981110622860538e-10 15588
22.5 2.748837071919052e-12 7.249132009357641e-10 13760
22.75 1.86915516853533e-12 5.1249281407553e-10 11565
23 1.314284859109698e-12 3.741358605245833e-10 10016
23.25 1.004453454349426e-12 2.67205290673891e-10 8652
23.5 6.969327046934632e-13 2.100762909003624e-10 7652
23.75 5.265973005766364e-13 1.496851550521427e-10 6542
24 3.710794250963814e-13 1.161492099153595e-10 5478
24.25 2.872941154900198e-13 8.51029644272859e-11 4886
24.5 1.918156149205118e-13 6.132892413947803e-11 4068
24.75 1.431046598575939e-13 4.350248056990928e-11 3326
25 1.020650328789527e-13 3.151661340884723e-11 2696
25.25 7.528655239833802e-14 2.371907861193302e-11 2304
25.5 5.639939116389444e-14 1.877516909959022e-11 1934
25.75 3.639542910088857e-14 1.143192453859533e-11 1344
26 2.16038701574504e-14 6.675836173623467e-12 848
26.25 2.04684649370738e-14 6.818194672643759e-12 888
26.5 1.264099165610236e-14 4.279663025183205e-12 584
26.75 7.167015519376144e-15 2.272039539272208e-12 344
27 1.871787392692442e-15 7.893386220998687e-13 102
27.25 2.387039837752001e-15 8.844881743869791e-13 104
27.5 4.141040132536581e-16 1.900085072151828e-13 24
27.75 1.460060209210735e-17 1.258767099693706e-14 1

0.25 9.336639711503311e-10 1.060760474088469e-08 18
0.5 6.999839262006145e-09 8.507175244187682e-08 62
0.75 1.321070059388072e-08 1.637229539408272e-07 98
1 2.759337702149728e-08 4.634508387419214e-07 210
1.25 3.958768070726404e-08 9.184078248161574e-07 350
1.5 4.462727613329193e-08 1.073391529413582e-06 450
1.75 6.0098099486793e-08 1.505516099126097e-06 602
2 6.892677534494887e-08 1.877102493972787e-06 762
2.25 1.115442147099192e-07 2.728857192261249e-06 1142
2.5 1.179897056784167e-07 2.971361141463712e-06 1250
2.75 1.178721154230909e-07 3.482733444116135e-06 1458
3 1.341709950435026e-07 4.486706015713577e-06 1814
3.25 1.54855565059167e-07 5.023146460565377e-06 2178
3.5 1.602866277290865e-07 5.516319420819574e-06 2498
3.75 1.600279398861638e-07 5.68390367808143e-06 2622
4 1.78183373109242e-07 7.03784382149231e-06 3338
4.25 1.793533642653061e-07 7.697640544794397e-06 3722
4.5 1.893796520160866e-07 7.971544481223307e-06 4170
4.75 1.827582701330564e-07 7.784822443140967e-06 4358
5 1.935489611304253e-07 8.7129277715541e-06 5034
5.25 1.93614036171592e-07 9.285164071060386e-06 5714
5.5 1.905212563093448e-07 9.237844749798857e-06 5982
5.75 1.894159682746592e-07 9.776269056550342e-06 6602
6 1.771731182991458e-07 9.944307811422667e-06 7130
6.25 1.752839965325763e-07 1.02988268162267e-05 8034
6.5 1.637808981069858e-07 9.834760012386827e-06 8606
6.75 1.459137613786748e-07 9.387116425263483e-06 9066
7 1.403005222224468e-07 9.293084857003496e-06 9962
7.25 1.286976340102665e-07 9.028893180706566e-06 10550
7.5 1.158111076423299e-07 8.889219082005525e-06 11226
7.75 1.073978114227823e-07 8.449272178967442e-06 12146
8 9.584032916259538e-08 7.994357489745819e-06 12606
8.25 9.188220641343903e-08 7.757007096477217e-06 13802
8.5 8.343204509132043e-08 7.424141305372708e-06 14754
8.75 7.084748781841784e-08 6.565760068354173e-06 15194
9 6.669398140538134e-08 6.407392459090602e-06 16454
9.25 5.94228631648191e-08 5.80402900469644e-06 17154
9.5 5.294481675235151e-08 5.376294062497441e-06 18266
9.75 4.694657120276502e-08 4.874972075097421e-06 18750
10 4.291815072300546e-08 4.594274555202974e-06 20234
10.25 3.790068283385609e-08 4.187916141572753e-06 21450
10.5 3.248869205255875e-08 3.640236981982301e-06 21962
10.75 2.953872824619849e-08 3.361779180773292e-06 23462
11 2.521867304485346e-08 3.009220758284745e-06 24042
11.25 2.198683347334969e-08 2.736640329481207e-06 25946
11.5 1.853442989610874e-08 2.359871065564829e-06 26118
11.75 1.606734919410397e-08 2.110797976941419e-06 27506
12 1.457517970317033e-08 1.890809295280365e-06 29066
12.25 1.240568108940792e-08 1.667029705661883e-06 30450
12.5 1.096262090936542e-08 1.478122368570018e-06 31742
12.75 9.229619784028598e-09 1.278916721904632e-06 32250
13 8.108883789613091e-09 1.16256880939084e-06 34250
13.25 6.987271350500015e-09 1.009758002700902e-06 35454
13.5 6.119735348431357e-09 9.045587024351942e-07 36434
13.75 5.258202619993577e-09 7.790518709946882e-07 37682
14 4.650811179274044e-09 7.016687891724048e-07 39294
14.25 4.139698366473859e-09 6.281773324590088e-07 41426
14.5 3.658665830109095e-09 5.662923772388358e-07 42066
14.75 3.213844240779409e-09 4.976687272485732e-07 43490
15 3.010503402464287e-09 4.614912286827984e-07 45702
15.25 2.703141173214273e-09 4.209681242514798e-07 46634
15.5 2.501316384819147e-09 3.967080049236229e-07 48554
15.75 2.290853630553308e-09 3.596518296962204e-07 48870
16 2.049734545693631e-09 3.288334421159554e-07 50963
16.25 1.615320796690636e-09 2.693807266341016e-07 51576
16.5 1.162184813549636e-09 2.010636438659706e-07 49316
16.75 8.437791685624008e-10 1.525802745826696e-07 49344
17 6.186640023082373e-10 1.161348080906855e-07 47192
17.25 4.820596538690811e-10 9.298081802127677e-08 47576
17.5 3.560774679999879e-10 7.185350044523341e-08 45348
17.75 2.694908003507236e-10 5.695465457017175e-08 44060
18 2.185016652041346e-10 4.563912384216766e-08 43872
18.25 1.669284975755115e-10 3.660199461517988e-08 41756
18.5 1.335668356094616e-10 2.977342600591316e-08 41528
18.75 1.042128678837255e-10 2.361009972229126e-08 39300
19 8.189308234988377e-11 1.911978578266132e-08 38276
19.25 6.731341525985695e-11 1.576936978156643e-08 36900
19.5 5.180702830230502e-11 1.256456908137671e-08 34724
19.75 4.341839667348307e-11 1.042295139405312e-08 33960
20 3.476386781552148e-11 8.459897159441279e-09 32144
20.25 2.82588412966343e-11 6.943176447202596e-09 30704
20.5 2.295554216697558e-11 5.673817331529679e-09 28896
20.75 1.770098811136683e-11 4.535789123797149e-09 26924
21 1.493653358048371e-11 3.898984621956106e-09 25656
21.25 1.156998012539551e-11 3.074956807673865e-09 23228
21.5 9.865846787112551e-12 2.579756490434609e-09 21816
21.75 7.55332870294063e-12 1.948135231781547e-09 19472
22 6.069953176191756e-12 1.622123396906904e-09 17696
22.25 4.449837110556987e-12 1.203614886721655e-09 15588
22.5 3.118526068278227e-12 8.882394124361222e-10 13760
22.75 2.043170279244569e-12 6.039511874619612e-10 11565
23 1.456911665993533e-12 4.301408452163143e-10 10016
23.25 1.060880151526386e-12 3.299373784096413e-10 8652
23.5 8.009510100924447e-13 2.351898770473737e-10 7652
23.75 5.881662479275882e-13 1.720183762969695e-10 6542
24 4.192293503432217e-13 1.284618991383196e-10 5478
24.25 3.12118736376106e-13 1.013516125411118e-10 4886
24.5 2.36077010836027e-13 7.244164618931456e-11 4068
24.75 1.624048379448463e-13 5.440194271331084e-11 3326
25 1.124691915029438e-13 3.866996406958674e-11 2696
25.25 8.205903357089742e-14 2.877598133439809e-11 2304
25.5 6.228676188359414e-14 2.175001437575812e-11 1934
25.75 3.843460636800078e-14 1.373140451601386e-11 1344
26 2.615494576297336e-14 8.243056301544789e-12 848
26.25 2.328467760299845e-14 8.247053752344544e-12 888
26.5 1.465005517935141e-14 4.864879429682703e-12 584
26.75 8.53232460963268e-15 3.265401318404977e-12 344
27 2.387502841889092e-15 9.656459806173724e-13 102
27.25 2.782504334257932e-15 9.731678237652075e-13 104
27.5 7.914489118852865e-16 2.082220258566475e-13 24
27.75 7.29966707615748e-17 1.758925537696889e-14 1

0.25 1.807189245994024e-09 2.175025067130126e-09 18
0.5 1.355007614585397e-08 1.291578736075526e-08 62
0.75 2.389000908902175e-08 3.934456575113658e-08 98
1 4.742666333541265e-08 9.513764366843511e-08 210
1.25 8.246300250961237e-08 1.935553353181013e-07 350
1.5 1.041097672108666e-07 2.476285201084625e-07 450
1.75 1.32402065005217e-07 4.564845268699319e-07 602
2 1.423555929815974e-07 6.193187118676628e-07 762
2.25 1.988433619196703e-07 1.055733990592397e-06 1142
2.5 1.98348780473028e-07 1.329167227360454e-06 1250
2.75 2.093932033683577e-07 1.605017258381034e-06 1458
3 2.227269149638109e-07 2.153979412106621e-06 1814
3.25 2.465217162942382e-07 2.601232445278108e-06 2178
3.5 2.437944714276836e-07 3.18448706181154e-06 2498
3.75 2.143761570535339e-07 3.202355427825631e-06 2622
4 2.466874139156362e-07 4.338294783953184e-06 3338
4.25 2.526370854247706e-07 4.704905617387816e-06 3722
4.5 2.427654498765619e-07 5.239151811104661e-06 4170
4.75 2.314186991277196e-07 5.331837306436399e-06 4358
5 2.347693168456791e-07 6.354355173289561e-06 5034
5.25 2.288505219945737e-07 6.890595997331252e-06 5714
5.5 2.244760177433662e-07 6.875912686643734e-06 5982
5.75 2.152625493904438e-07 7.191529670024604e-06 6602
6 2.025763553851403e-07 7.435264600647985e-06 7130
6.25 1.987501858992429e-07 7.90946314685317e-06 8034
6.5 1.876033192790277e-07 7.855412878750732e-06 8606
6.75 1.677171871372493e-07 7.419363150762572e-06 9066
7 1.579343695641316e-07 7.555551941567732e-06 9962
7.25 1.47242667533309e-07 7.150809498368036e-06 10550
7.5 1.374550185001809e-07 7.180810925438038e-06 11226
7.75 1.257727422884364e-07 6.915881528278753e-06 12146
8 1.089573627194063e-07 6.610387798775749e-06 12606
8.25 1.022295492730133e-07 6.275243140928583e-06 13802
8.5 9.241943052469467e-08 6.138715337922745e-06 14754
8.75 8.212143918636831e-08 5.543074135342008e-06 15194
9 7.589896729690815e-08 5.400461875786081e-06 16454
9.25 6.653204979672498e-08 4.913093846843737e-06 17154
9.5 6.138550938468778e-08 4.800439137811386e-06 18266
9.75 5.287904611874782e-08 4.265496878563138e-06 18750
10 4.853590050622514e-08 4.128359031474608e-06 20234
10.25 4.37202268892833e-08 3.716381777866374e-06 21450
10.5 3.696057617430407e-08 3.360729885717059e-06 21962
10.75 3.306250658968693e-08 3.062792985938323e-06 23462
11 2.804936625475101e-08 2.736972494144954e-06 24042
11.25 2.542735789574954e-08 2.567362232133411e-06 25946
11.5 2.161742426851386e-08 2.190560671140621e-06 26118
11.75 1.886372226504209e-08 2.028752124311759e-06 27506
12 1.646504345988358e-08 1.778954155714272e-06 29066
12.25 1.458501084777809e-08 1.62526302566949e-06 30450
12.5 1.257387789243353e-08 1.429075504717244e-06 31742
12.75 1.052376050114859e-08 1.232643105185459e-06 32250
13 9.413932358676875e-09 1.13513173111755e-06 34250
13.25 8.195016254893127e-09 9.827443817371991e-07 35454
13.5 7.022973938757947e-09 8.803623852601285e-07 36434
13.75 6.207029656524984e-09 7.810044910875977e-07 37682
14 5.543863569624677e-09 7.03288245913998e-07 39294
14.25 4.901060803388419e-09 6.299332610368274e-07 41426
14.5 4.322876185922542e-09 5.655005724391159e-07 42066
14.75 3.836266555858918e-09 5.145682071220645e-07 43490
15 3.542421890333605e-09 4.666632586845089e-07 45702
15.25 3.230404192177463e-09 4.299650571793792e-07 46634
15.5 3.003015784415212e-09 4.000189740878356e-07 48554
15.75 2.781040773359974e-09 3.622819133975962e-07 48870
16 2.508565446206215e-09 3.322636426082267e-07 50963
16.25 1.947253478731113e-09 2.73031275958402e-07 51576
16.5 1.372580743044818e-09 2.049392266495827e-07 49316
16.75 1.036927979892891e-09 1.581712449245382e-07 49344
17 7.477708144817661e-10 1.194706267662182e-07 47192
17.25 5.674911077077492e-10 9.714567874960183e-08 47576
17.5 4.223061797703775e-10 7.306862362218483e-08 45348
17.75 3.264600109005059e-10 5.750882426580202e-08 44060
18 2.58192265765137e-10 4.825099703497849e-08 43872
18.25 1.955423976311351e-10 3.753345003295212e-08 41756
18.5 1.59339018075993e-10 3.066862240995885e-08 41528
18.75 1.2205634593102e-10 2.460032429355027e-08 39300
19 9.854648835625333e-11 1.973743227548044e-08 38276
19.25 8.041728654018639e-11 1.602401862965696e-08 36900
19.5 6.124601354601555e-11 1.290216394219472e-08 34724
19.75 5.139900022665629e-11 1.088156719219312e-08 33960
20 4.027961942948093e-11 8.783149210414263e-09 32144
20.25 3.322416900000614e-11 7.303137873409177e-09 30704
20.5 2.657661919927841e-11 5.984286837873039e-09 28896
20.75 2.117114796223941e-11 4.831589289181811e-09 26924
21 1.775503908476817e-11 4.055142942961559e-09 25656
21.25 1.364247425435676e-11 3.182367802433955e-09 23228
21.5 1.17521683227126e-11 2.685423619385545e-09 21816
21.75 8.828773151207837e-12 2.101766287067649e-09 19472
22 7.200324617111103e-12 1.672472619319689e-09 17696
22.25 5.261106515099615e-12 1.285264295600219e-09 15588
22.5 3.655767390189049e-12 9.10412034963283e-10 13760
22.75 2.44475364259457e-12 6.422819048594675e-10 11565
23 1.707078128705567e-12 4.521004258376449e-10 10016
23.25 1.241082610972581e-12 3.234957311605004e-10 8652
23.5 9.327590083073294e-13 2.529337288444776e-10 7652
23.75 6.647846082802999e-13 1.952681971647271e-10 6542
24 4.793737831459445e-13 1.377497285499239e-10 5478
24.25 3.610669713132902e-13 1.044956620031696e-10 4886
24.5 2.659778325550635e-13 7.881557187739315e-11 4068
24.75 1.879325205404028e-13 5.603521325072708e-11 3326
25 1.319899112957677e-13 4.30361200456841e-11 2696
25.25 9.761176124356468e-14 3.118771641548055e-11 2304
25.5 7.482234448549747e-14 2.388615569884104e-11 1934
25.75 4.979745888260182e-14 1.420123301665654e-11 1344
26 2.904204327628416e-14 8.871740966980584e-12 848
26.25 2.758624771183618e-14 8.474520425957362e-12 888
26.5 1.901244929307438e-14 5.627751660930913e-12 584
26.75 9.38097050834475e-15 3.207459473516644e-12 344
27 3.139612409366781e-15 9.574830840215703e-13 102
27.25 2.966739828473853e-15 1.032449697078072e-12 104
27.5 6.341618059462242e-16 1.841073508905714e-13 24
27.75 1.716402654152695e-18 1.549482942172502e-14 1

0.25 9.265910196724015e-10 2.391138471938232e-08 18
0.5 5.866874212166944e-09 8.294023931302589e-08 62
0.75 1.171960603909236e-08 1.564117779629702e-07 98
1 2.330610875897689e-08 3.995143848834098e-07 210
1.25 3.260959327804925e-08 8.700989965319249e-07 350
1.5 4.340895033446646e-08 1.011188432718887e-06 450
1.75 5.063368804736246e-08 1.221306875771583e-06 602
2 6.233103804632236e-08 1.576738448015685e-06 762
2.25 9.478027245536628e-08 2.252789303446163e-06 1142
2.5 8.828714239087537e-08 2.762401915049741e-06 1250
2.75 9.143289552598517e-08 3.168477792969202e-06 1458
3 1.121460323195149e-07 3.899784747026962e-06 1814
3.25 1.271062722591332e-07 4.583276749717179e-06 2178
3.5 1.260421071993773e-07 4.857678390922001e-06 2498
3.75 1.312704439383624e-07 5.023482507918033e-06 2622
4 1.487897611506544e-07 6.447223743489352e-06 3338
4.25 1.559006319646247e-07 6.564847362191652e-06 3722
4.5 1.602271962935495e-07 7.367428653324246e-06 4170
4.75 1.595379189043317e-07 7.415448260855647e-06 4358
5 1.676820061976321e-07 8.386007639143628e-06 5034
5.25 1.693224337843909e-07 8.74465715565677e-06 5714
5.5 1.580230967060991e-07 8.351660806879132e-06 5982
5.75 1.588000835508808e-07 8.819262564880838e-06 6602
6 1.455244131130569e-07 9.251321219627491e-06 7130
6.25 1.531436376947136e-07 9.479728626885752e-06 8034
6.5 1.426286839587285e-07 9.063649435828997e-06 8606
6.75 1.340353028672722e-07 9.022582323829786e-06 9066
7 1.265406690583968e-07 9.303728460230712e-06 9962
7.25 1.201807250583347e-07 8.779729265447333e-06 10550
7.5 1.07383412374434e-07 8.62460651914093e-06 11226
7.75 1.008622830774348e-07 8.460152056067416e-06 12146
8 9.325467657523703e-08 7.980863425880914e-06 12606
8.25 8.839170979872158e-08 8.071406643881036e-06 13802
8.5 8.179823481121865e-08 7.629663779673687e-06 14754
8.75 7.297449859024814e-08 6.989599555495239e-06 15194
9 6.8494475161793e-08 6.776515815598567e-06 16454
9.25 6.196164899533107e-08 6.22838917833245e-06 17154
9.5 5.474530717087855e-08 5.924908037724826e-06 18266
9.75 4.995345093826989e-08 5.457096553332368e-06 18750
10 4.532353801738926e-08 5.102661457102541e-06 20234
10.25 4.110645497657044e-08 4.756238849060092e-06 21450
10.5 3.600467778962343e-08 4.232042651972414e-06 21962
10.75 3.20236808495457e-08 3.923129109333437e-06 23462
11 2.806077619731731e-08 3.445073169355334e-06 24042
11.25 2.572039355957382e-08 3.224595438402719e-06 25946
11.5 2.147483716274425e-08 2.849674976579344e-06 26118
11.75 1.91941135072177e-08 2.556308931893534e-06 27506
12 1.701878576301842e-08 2.277397682420662e-06 29066
12.25 1.4751547402343e-08 2.046128829142983e-06 30450
12.5 1.29432171943559e-08 1.801890342536398e-06 31742
12.75 1.094581676212178e-08 1.558198070451179e-06 32250
13 9.645546288827366e-09 1.440146623212096e-06 34250
13.25 8.521037160134316e-09 1.262880839638824e-06 35454
13.5 7.210937826473973e-09 1.124404035006633e-06 36434
13.75 6.451193859654826e-09 9.881940572750575e-07 37682
14 5.620468676728373e-09 9.016423088935864e-07 39294
14.25 5.066370080177096e-09 8.126706523572622e-07 41426
14.5 4.522466619206892e-09 7.246397206511812e-07 42066
14.75 4.038883631177797e-09 6.567877681053688e-07 43490
15 3.703419479812813e-09 6.035854783499175e-07 45702
15.25 3.351242349691216e-09 5.523767402313551e-07 46634
15.5 3.159476191112558e-09 5.142966214318601e-07 48554
15.75 2.857166759237013e-09 4.55260744033018e-07 48870
16 2.602772987818453e-09 4.186616010546637e-07 50963
16.25 2.077395850368374e-09 3.480690191068771e-07 51576
16.5 1.443605273353851e-09 2.644948917248081e-07 49316
16.75 1.081735996699723e-09 1.977612557088472e-07 49344
17 7.958954788920955e-10 1.523010726348466e-07 47192
17.25 6.198863078241158e-10 1.233440391788012e-07 47576
17.5 4.522127493310717e-10 9.284628918746714e-08 45348
17.75 3.490951063310799e-10 7.27672448860113e-08 44060
18 2.811797464811707e-10 6.087493145902696e-08 43872
18.25 2.125362985862522e-10 4.708148437617069e-08 41756
18.5 1.744411350009966e-10 3.859795954137421e-08 41528
18.75 1.357026625264783e-10 3.059557503340759e-08 39300
19 1.077924696564429e-10 2.484143145971305e-08 38276
19.25 8.695086221221047e-11 2.026001427165501e-08 36900
19.5 6.767416348283555e-11 1.640180755256402e-08 34724
19.75 5.551623773213663e-11 1.358005683623509e-08 33960
20 4.428879211947543e-11 1.086352450614934e-08 32144
20.25 3.678476633772756e-11 9.024648447948314e-09 30704
20.5 2.946840892723899e-11 7.420467787107731e-09 28896
20.75 2.291203672290403e-11 5.851691229035399e-09 26924
21 1.967128881330267e-11 5.03895837015732e-09 25656
21.25 1.511999417883856e-11 3.913371602804444e-09 23228
21.5 1.284270826805583e-11 3.402727948611241e-09 21816
21.75 9.577746268510323e-12 2.639449115267816e-09 19472
22 7.884166357825738e-12 2.076320833870206e-09 17696
22.25 5.742730327725666e-12 1.57813996594527e-09 15588
22.5 3.99412784705802e-12 1.124713208737144e-09 13760
22.75 2.688137070578505e-12 7.6402595206368e-10 11565
23 1.848753809638864e-12 5.468026448696843e-10 10016
23.25 1.308222181648574e-12 3.876823795350985e-10 8652
23.5 9.741554519474757e-13 3.06814285982556e-10 7652
23.75 6.960505145807514e-13 2.262970417204713e-10 6542
24 5.212704417842184e-13 1.65627252743151e-10 5478
24.25 3.947250771658569e-13 1.315711023280752e-10 4886
24.5 2.910563088252631e-13 9.476635689503371e-11 4068
24.75 2.102434223617033e-13 6.996802644136946e-11 3326
25 1.562310617409094e-13 5.091346671368113e-11 2696
25.25 1.244088189814095e-13 3.852364466260376e-11 2304
25.5 8.544328420474771e-14 2.8663534880764e-11 1934
25.75 5.580863312453967e-14 1.74490165660471e-11 1344
26 3.170271913137078e-14 1.092809589509406e-11 848
26.25 3.153371956683998e-14 1.064987418816567e-11 888
26.5 1.915565895667083e-14 6.504632214146092e-12 584
26.75 1.036823759883131e-14 3.865298832233555e-12 344
27 3.401972922604538e-15 1.189172626298942e-12 102
27.25 2.845173767584888e-15 1.20950029110219e-12 104
27.5 6.508040111284114e-16 2.236187071642769e-13 24
27.75 2.946106066314991e-17 2.100211952342071e-14 1

0.25 1.429786215369081e-09 2.335066059627874e-09 18
0.5 7.009645865212234e-09 2.228848006969716e-08 62
0.75 1.400163955065131e-08 5.422213482585189e-08 98
1 3.764840778130487e-08 1.295380657245794e-07 210
1.25 4.752216024453042e-08 2.604522468053321e-07 350
1.5 5.528551959930903e-08 3.232776993724631e-07 450
1.75 6.945657130590836e-08 4.883576895756481e-07 602
2 8.865747916891951e-08 7.250688042403949e-07 762
2.25 1.344193842127215e-07 1.271604817284667e-06 1142
2.5 1.255193476390613e-07 1.374360500992706e-06 1250
2.75 1.384243421752598e-07 1.517669243174471e-06 1458
3 1.651821862579862e-07 2.001027022770946e-06 1814
3.25 1.753021909455528e-07 2.632578907743102e-06 2178
3.5 1.844112892110092e-07 2.842970869001634e-06 2498
3.75 1.789196515311954e-07 3.119766404324519e-06 2622
4 2.030274928714319e-07 3.989689903429733e-06 3338
4.25 2.028837348034368e-07 4.328059871284794e-06 3722
4.5 2.153643203616398e-07 4.928632105593758e-06 4170
4.75 1.94375075345065e-07 4.92364671601202e-06 4358
5 2.063080608544754e-07 5.859935130928359e-06 5034
5.25 2.147916032578396e-07 6.087137966458629e-06 5714
5.5 1.921502181813037e-07 6.531321242193436e-06 5982
5.75 1.919878587136332e-07 6.591691204321749e-06 6602
6 1.839321722908444e-07 6.829889234380459e-06 7130
6.25 1.810306304540819e-07 7.176597786370051e-06 8034
6.5 1.679150837487765e-07 7.165552336717547e-06 8606
6.75 1.53807648847834e-07 7.019246513074127e-06 9066
7 1.45611510430081e-07 7.219516900302292e-06 9962
7.25 1.376366760041923e-07 7.053268601176119e-06 10550
7.5 1.236353331774877e-07 6.739145444666794e-06 11226
7.75 1.195018729939253e-07 6.883026361932064e-06 12146
8 1.06607098841448e-07 6.533894598108814e-06 12606
8.25 1.039029385425352e-07 6.522659297191349e-06 13802
8.5 9.483166790432959e-08 6.210500061348516e-06 14754
8.75 8.431169092417628e-08 5.937603908857163e-06 15194
9 7.746888010957393e-08 5.762830257330379e-06 16454
9.25 6.989174739449142e-08 5.2955009892785e-06 17154
9.5 6.334993877714662e-08 5.005921353228859e-06 18266
9.75 5.570698957952541e-08 4.644018113059037e-06 18750
10 5.168181930179067e-08 4.352564483454173e-06 20234
10.25 4.668865759387271e-08 4.205962434361212e-06 21450
10.5 4.061999741621559e-08 3.743387907714665e-06 21962
10.75 3.638001731895372e-08 3.499109153136223e-06 23462
11 3.131642950944421e-08 3.133072137408355e-06 24042
11.25 2.837215494979264e-08 2.919297346441795e-06 25946
11.5 2.41661964043291e-08 2.541885328982505e-06 26118
11.75 2.145798227685694e-08 2.325216357583289e-06 27506
12 1.907913826379807e-08 2.085264828932281e-06 29066
12.25 1.645878528950576e-08 1.913918457836659e-06 30450
12.5 1.476165932913536e-08 1.700490612045732e-06 31742
12.75 1.264158797582924e-08 1.47169249981269e-06 32250
13 1.108942947606507e-08 1.353810374096471e-06 34250
13.25 9.792703673036258e-09 1.21283809398085e-06 35454
13.5 8.547036901914996e-09 1.068436133356559e-06 36434
13.75 7.410655570340074e-09 9.4689302424527e-07 37682
14 6.664194542357195e-09 8.541154567460234e-07 39294
14.25 5.997656259154778e-09 7.782630013846852e-07 41426
14.5 5.260583370392467e-09 7.051629388652345e-07 42066
14.75 4.75343044487585e-09 6.282570689789691e-07 43490
15 4.469187509080269e-09 5.8749547466652e-07 45702
15.25 3.991617206756391e-09 5.365350047682417e-07 46634
15.5 3.765782086928779e-09 5.052086566145922e-07 48554
15.75 3.454602236079948e-09 4.627120101665916e-07 48870
16 3.123139303135442e-09 4.191258282331354e-07 50963
16.25 2.501209003532019e-09 3.510734048676834e-07 51576
16.5 1.782320811276281e-09 2.685134382671891e-07 49316
16.75 1.281044078977987e-09 2.006473912012996e-07 49344
17 9.39218340652764e-10 1.547792522808116e-07 47192
17.25 7.457337528427321e-10 1.235175325669368e-07 47576
17.5 5.365111537399624e-10 9.433823125795521e-08 45348
17.75 4.190409289208595e-10 7.507511625020742e-08 44060
18 3.316087224326671e-10 6.196795486605365e-08 43872
18.25 2.524829499480886e-10 4.836676029853617e-08 41756
18.5 2.033321976603797e-10 4.01829100678047e-08 41528
18.75 1.582294344933688e-10 3.196022643088946e-08 39300
19 1.271587967058593e-10 2.592118889164518e-08 38276
19.25 1.01372961526122e-10 2.118104851508091e-08 36900
19.5 7.979803883209606e-11 1.695714633608969e-08 34724
19.75 6.577819588790382e-11 1.423098540644815e-08 33960
20 5.191687169139407e-11 1.136106164707517e-08 32144
20.25 4.227852373520963e-11 9.361947750094587e-09 30704
20.5 3.434446253257549e-11 7.777813741416434e-09 28896
20.75 2.715696276389796e-11 6.24552045811253e-09 26924
21 2.372215502770761e-11 5.268502849888174e-09 25656
21.25 1.776403050225614e-11 4.200979431763965e-09 23228
21.5 1.517026987726268e-11 3.455043786756765e-09 21816
21.75 1.117659561995442e-11 2.62743337419617e-09 19472
22 9.166247250141156e-12 2.182920853514783e-09 17696
22.25 6.881143896778989e-12 1.615553424694559e-09 15588
22.5 4.69895629065927e-12 1.181341386743271e-09 13760
22.75 3.123376577363261e-12 7.939424970568303e-10 11565
23 2.114603038700867e-12 5.678244835436201e-10 10016
23.25 1.525383376695996e-12 4.086947017455393e-10 8652
23.5 1.107869071582969e-12 3.10421622966466e-10 7652
23.75 7.974369333759716e-13 2.284274555234761e-10 6542
24 5.887510081920986e-13 1.669648926297662e-10 5478
24.25 4.446654633987949e-13 1.288755839327695e-10 4886
24.5 3.107668545717384e-13 9.622622709996824e-11 4068
24.75 2.402574522818766e-13 7.087265118772159e-11 3326
25 1.771837902639345e-13 5.243510997243322e-11 2696
25.25 1.329934656596989e-13 3.981467033792183e-11 2304
25.5 9.910887976615779e-14 3.08143102351454e-11 1934
25.75 6.72797449034209e-14 1.998938073444721e-11 1344
26 3.903691358693888e-14 1.24566846747361e-11 848
26.25 3.863316483030691e-14 1.184965560222316e-11 888
26.5 2.149478839153899e-14 7.278336676550586e-12 584
26.75 1.31670180772265e-14 4.153043177504561e-12 344
27 4.652604589602594e-15 1.074846538431586e-12 102
27.25 4.310698965618972e-15 8.410292888644191e-13 104
27.5 8.59437449521377e-16 2.677357511811004e-13 24
27.75 7.911550449530884e-17 4.610285307201017e-15 1

0.25 6.953259886588341e-10 1.171793604598154e-08 18
0.5 7.63837665265636e-09 5.423541935189638e-08 62
0.75 1.584617046527909e-08 1.301662159281439e-07 98
1 2.949326531227064e-08 2.566591229568806e-07 210
1.25 4.35975498892457e-08 5.275491548042932e-07 350
1.5 4.55449721716802e-08 6.33297490577152e-07 450
1.75 5.420979432625721e-08 9.006989685834775e-07 602
2 6.249366234431136e-08 1.133175511891657e-06 762
2.25 9.263000967087275e-08 1.664978649293922e-06 1142
2.5 8.761838644765213e-08 1.811232034541397e-06 1250
2.75 9.351491745424532e-08 2.251790036628611e-06 1458
3 1.128330394045844e-07 2.701570840844811e-06 1814
3.25 1.307096686367597e-07 3.16519936438327e-06 2178
3.5 1.413477247436907e-07 3.625005921639545e-06 2498
3.75 1.312948209054706e-07 3.72352462129764e-06 2622
4 1.51191234337418e-07 4.753712930737836e-06 3338
4.25 1.583210368845988e-07 5.004813035913148e-06 3722
4.5 1.591165005578705e-07 5.334101988801986e-06 4170
4.75 1.478438078554014e-07 5.652070679808734e-06 4358
5 1.624071530388261e-07 6.432864562715115e-06 5034
5.25 1.618747485763585e-07 6.829642170223451e-06 5714
5.5 1.525006070450233e-07 6.882352026778275e-06 5982
5.75 1.551908435173923e-07 7.24210681354884e-06 6602
6 1.446545931222649e-07 7.603307249146848e-06 7130
6.25 1.482881605867011e-07 7.813654110036143e-06 8034
6.5 1.446937214609735e-07 7.791654067260185e-06 8606
6.75 1.275199637606154e-07 7.477384950803333e-06 9066
7 1.220150676484696e-07 7.641320856889592e-06 9962
7.25 1.171927838200407e-07 7.479812053336084e-06 10550
7.5 1.068959841302722e-07 7.423549602634899e-06 11226
7.75 1.01610673915641e-07 7.471850536215774e-06 12146
8 9.437985439116343e-08 7.154459681186748e-06 12606
8.25 9.229851050068664e-08 7.176772149845672e-06 13802
8.5 8.590979024645034e-08 6.701910919675413e-06 14754
8.75 7.751013281351632e-08 6.443874764648675e-06 15194
9 7.139318781593313e-08 6.229167983739335e-06 16454
9.25 6.481097293417103e-08 5.915273873036579e-06 17154
9.5 6.07655834479847e-08 5.617225361121112e-06 18266
9.75 5.298145067225818e-08 5.077626699644177e-06 18750
10 4.880701959040889e-08 4.941811373794064e-06 20234
10.25 4.42218136445502e-08 4.558589246364156e-06 21450
10.5 3.907508558679305e-08 4.121160063305179e-06 21962
10.75 3.524147254457394e-08 3.8949618081668e-06 23462
11 3.080626231187097e-08 3.515507852985265e-06 24042
11.25 2.757252411243212e-08 3.26973173805826e-06 25946
11.5 2.430695214697869e-08 2.832149569643441e-06 26118
11.75 2.139251418787745e-08 2.591670322626484e-06 27506
12 1.914903201442097e-08 2.399153699263302e-06 29066
12.25 1.663701504523709e-08 2.164491505054469e-06 30450
12.5 1.480271591303382e-08 1.949474375923167e-06 31742
12.75 1.265434506685176e-08 1.66088555961528e-06 32250
13 1.137771852773855e-08 1.531595625566847e-06 34250
13.25 9.988475020308388e-09 1.365979470985755e-06 35454
13.5 8.736640276014998e-09 1.218147061902162e-06 36434
13.75 7.704551361761284e-09 1.087471627360573e-06 37682
14 6.997590124618248e-09 9.935040185350079e-07 39294
14.25 6.365852665595745e-09 9.074333140398868e-07 41426
14.5 5.496757223297241e-09 7.951731307541925e-07 42066
14.75 4.906576389385041e-09 7.27820182553201e-07 43490
15 4.561116945962154e-09 6.748670390785245e-07 45702
15.25 4.135112357760805e-09 6.294964728888851e-07 46634
15.5 3.872140903957158e-09 5.779737230352232e-07 48554
15.75 3.520481668108944e-09 5.397993804174512e-07 48870
16 3.187939348368185e-09 4.869402940024551e-07 50963
16.25 2.513242425647283e-09 4.02651280890544e-07 51576
16.5 1.848104204324219e-09 3.033928314474485e-07 49316
16.75 1.332696100452714e-09 2.346699004698304e-07 49344
17 1.002836785206628e-09 1.809728919898269e-07 47192
17.25 7.733861348090197e-10 1.433202494339574e-07 47576
17.5 5.822666895484816e-10 1.116851012158526e-07 45348
17.75 4.434396158290451e-10 8.800802711234718e-08 44060
18 3.597751861264174e-10 7.114930963826261e-08 43872
18.25 2.702229398288594e-10 5.6929812551156e-08 41756
18.5 2.210287467139422e-10 4.6624912150964e-08 41528
18.75 1.676475147260227e-10 3.693047502321313e-08 39300
19 1.371044184369966e-10 2.965167768963768e-08 38276
19.25 1.101335409714274e-10 2.472346409361817e-08 36900
19.5 8.735450949120249e-11 1.987996067814639e-08 34724
19.75 7.182516030485233e-11 1.648199468095741e-08 33960
20 5.765815520848078e-11 1.322390358711463e-08 32144
20.25 4.622516299377913e-11 1.101623141348868e-08 30704
20.5 3.845194361219161e-11 8.870750936243376e-09 28896
20.75 2.955248438091935e-11 7.238548399592038e-09 26924
21 2.511706376877569e-11 6.075247531659521e-09 25656
21.25 1.960273056080884e-11 4.873686311104551e-09 23228
21.5 1.639004353763994e-11 4.047522034852011e-09 21816
21.75 1.188927873612937e-11 3.178112990984245e-09 19472
22 9.871448147431772e-12 2.552880766852789e-09 17696
22.25 7.343975350138554e-12 1.934750465590751e-09 15588
22.5 5.009829074609047e-12 1.369635800062206e-09 13760
22.75 3.376882393370922e-12 9.249274857257924e-10 11565
23 2.296250740464053e-12 6.58339884068413e-10 10016
23.25 1.628720353523827e-12 4.639450657824691e-10 8652
23.5 1.222626054270703e-12 3.599110672027009e-10 7652
23.75 8.926358000870734e-13 2.514501355884255e-10 6542
24 6.556937269908998e-13 1.930726036669535e-10 5478
24.25 4.870178399746684e-13 1.415479017953367e-10 4886
24.5 3.537869690738008e-13 1.062755510040776e-10 4068
24.75 2.627454387229205e-13 7.870589010577489e-11 3326
25 1.827274061267994e-13 6.269358059456669e-11 2696
25.25 1.434899956492245e-13 4.596081984876447e-11 2304
25.5 1.112082353198778e-13 3.448513979973103e-11 1934
25.75 6.952610921132243e-14 2.305407623800594e-11 1344
26 4.720699510338983e-14 1.455118413424125e-11 848
26.25 4.131541689821993e-14 1.317483001767978e-11 888
26.5 2.412536629650141e-14 8.236390783063339e-12 584
26.75 1.539328077386948e-14 4.418775236007528e-12 344
27 3.276786870847644e-15 1.564324087100892e-12 102
27.25 4.680789981397327e-15 1.602914316628271e-12 104
27.5 1.902522976460165e-15 2.938590174434278e-13 24
27.75 1.15147604151467e-17 5.880831045911527e-15 1

0.25 1.605461805978532e-09 6.023646821176403e-09 18
0.5 5.880104580409232e-09 3.39966070604461e-08 62
0.75 1.215518206419561e-08 7.35400200361767e-08 98
1 2.606532029439924e-08 2.085729030259857e-07 210
1.25 3.643790341611393e-08 3.204096568899564e-07 350
1.5 4.641186548376382e-08 5.527940315505824e-07 450
1.75 4.917412018933823e-08 7.327726091207483e-07 602
2 5.968577451253225e-08 9.034813766352098e-07 762
2.25 8.194927676645017e-08 1.476234132737455e-06 1142
2.5 8.133238184891914e-08 1.605191370337835e-06 1250
2.75 9.682264493813592e-08 1.953123578358474e-06 1458
3 1.103767478224717e-07 2.600867005886807e-06 1814
3.25 1.198553906171767e-07 2.891414517315687e-06 2178
3.5 1.376761259139803e-07 3.19334734134121e-06 2498
3.75 1.370403557975554e-07 3.578061117814956e-06 2622
4 1.518616631027142e-07 4.191391433640669e-06 3338
4.25 1.524711064852675e-07 4.768220279779564e-06 3722
4.5 1.519691480629966e-07 5.08989058642168e-06 4170
4.75 1.535054018086489e-07 5.262154427656039e-06 4358
5 1.591493358719068e-07 6.01539329182189e-06 5034
5.25 1.671746393990677e-07 6.258522536160775e-06 5714
5.5 1.53890792085657e-07 6.432018850215879e-06 5982
5.75 1.496910501484193e-07 6.815797952673336e-06 6602
6 1.454132306223711e-07 6.740377624310451e-06 7130
6.25 1.447393336221631e-07 7.314879428364864e-06 8034
6.5 1.377699148383498e-07 7.405893981476208e-06 8606
6.75 1.301636482732106e-07 7.307672168029042e-06 9066
7 1.2090419030053e-07 7.475209467588561e-06 9962
7.25 1.144210439960321e-07 7.089923316654548e-06 10550
7.5 1.071232069797876e-07 7.204361050210461e-06 11226
7.75 1.017584090520018e-07 7.187003583827853e-06 12146
8 9.493694669833148e-08 6.966927617372822e-06 12606
8.25 8.966870870117867e-08 7.088552735017049e-06 13802
8.5 8.425785031631185e-08 6.961406812778961e-06 14754
8.75 7.834763227234765e-08 6.376716915496508e-06 15194
9 7.266231766046991e-08 6.349191824878986e-06 16454
9.25 6.588575590300499e-08 5.923446556302094e-06 17154
9.5 6.091922762029767e-08 5.651310406987346e-06 18266
9.75 5.41107083799572e-08 5.178473338363326e-06 18750
10 5.061513742552859e-08 4.977580846113917e-06 20234
10.25 4.69473524061583e-08 4.734774693426064e-06 21450
10.5 4.041773509461767e-08 4.238077138308896e-06 21962
10.75 3.729560458522041e-08 4.011271737724168e-06 23462
11 3.268646407695823e-08 3.616717196951418e-06 24042
11.25 2.970690222530567e-08 3.367444334860805e-06 25946
11.5 2.512737870739363e-08 2.985703883258688e-06 26118
11.75 2.269291249893813e-08 2.685543983256679e-06 27506
12 2.043927775983329e-08 2.478169999262024e-06 29066
12.25 1.801438942255619e-08 2.257665486165563e-06 30450
12.5 1.599362344125904e-08 2.04493427809085e-06 31742
12.75 1.36114994962345e-08 1.763235837721245e-06 32250
13 1.203864964868169e-08 1.632831345674671e-06 34250
13.25 1.050491473249475e-08 1.444665387788338e-06 35454
13.5 9.442749981396554e-09 1.289688075057912e-06 36434
13.75 8.323800601596892e-09 1.162108558697444e-06 37682
14 7.477375784907915e-09 1.053719722556097e-06 39294
14.25 6.698160554420717e-09 9.756128025620338e-07 41426
14.5 5.945912769695096e-09 8.700518761493852e-07 42066
14.75 5.459264194585887e-09 7.905898107208823e-07 43490
15 4.995049462953781e-09 7.378094778474597e-07 45702
15.25 4.545209359058431e-09 6.766523389650346e-07 46634
15.5 4.301874957941446e-09 6.337843667448599e-07 48554
15.75 3.889252235291519e-09 5.874872744107681e-07 48870
16 3.523140964100155e-09 5.32963327871877e-07 50963
16.25 2.852236062177833e-09 4.414675367184076e-07 51576
16.5 2.071876483866725e-09 3.361838447387087e-07 49316
16.75 1.50807645267047e-09 2.539771653468146e-07 49344
17 1.114806342959768e-09 1.96211159357688e-07 47192
17.25 8.628223136757208e-10 1.607052924959457e-07 47576
17.5 6.500535818483455e-10 1.220431938757035e-07 45348
17.75 5.031365059459358e-10 9.65040885354264e-08 44060
18 4.03078901310842e-10 8.040094692524818e-08 43872
18.25 3.06129863678593e-10 6.272793143108075e-08 41756
18.5 2.440679274040328e-10 5.218418372145131e-08 41528
18.75 1.881675149486855e-10 4.1050403608804e-08 39300
19 1.517373260943717e-10 3.380622734567577e-08 38276
19.25 1.225043865891206e-10 2.740384076932094e-08 36900
19.5 9.698059888089556e-11 2.16687058711137e-08 34724
19.75 8.090602852666347e-11 1.813884139087626e-08 33960
20 6.336048961266615e-11 1.498912987873894e-08 32144
20.25 5.222873672381849e-11 1.228870863306247e-08 30704
20.5 4.186664766956625e-11 1.025919296129192e-08 28896
20.75 3.357338371477335e-11 8.111086765373866e-09 26924
21 2.81473942055774e-11 6.966832363034541e-09 25656
21.25 2.154641695297215e-11 5.422672995795073e-09 23228
21.5 1.85624322433668e-11 4.57167826595776e-09 21816
21.75 1.36362328005018e-11 3.462209285299991e-09 19472
22 1.122323988818642e-11 2.839058205538523e-09 17696
22.25 8.266217289342647e-12 2.101804578117577e-09 15588
22.5 5.775818886282356e-12 1.530612474588351e-09 13760
22.75 3.769459878920736e-12 1.046681976480439e-09 11565
23 2.53985430662902e-12 7.104630137377118e-10 10016
23.25 1.787144872565882e-12 5.269428043035306e-10 8652
23.5 1.319972204122807e-12 3.906152932777346e-10 7652
23.75 9.38804384052241e-13 2.862256004178736e-10 6542
24 7.121507228848491e-13 2.166844930673913e-10 5478
24.25 5.216834828721893e-13 1.666945103357324e-10 4886
24.5 3.784538308646516e-13 1.202970096655596e-10 4068
24.75 2.839967832929476e-13 8.647487783630715e-11 3326
25 2.022735133604878e-13 6.270431720891485e-11 2696
25.25 1.621419452870931e-13 5.245049045375055e-11 2304
25.5 1.19849299424561e-13 3.922537131466205e-11 1934
25.75 7.887155610780686e-14 2.341183469780772e-11 1344
26 4.727716063776902e-14 1.422093182318237e-11 848
26.25 4.949778132208178e-14 1.36839135429712e-11 888
26.5 2.823761999313183e-14 8.440100156992883e-12 584
26.75 1.56290330156405e-14 5.447338939649579e-12 344
27 4.743844368148595e-15 1.853708928566971e-12 102
27.25 3.99884925411026e-15 1.579688417559272e-12 104
27.5 6.997390147127817e-16 4.399723914187826e-13 24
27.75 4.35505027491715e-17 6.846173260765915e-16 1

0.25 1.33852678087343e-09 1.791704242792352e-09 18
0.5 9.081392739365103e-09 1.334303099853469e-08 62
0.75 1.571703985699358e-08 3.097675268827818e-08 98
1 3.881605906425611e-08 9.03091461307224e-08 210
1.25 5.102278273561862e-08 1.741679660070728e-07 350
1.5 7.630669181217505e-08 2.382584337103084e-07 450
1.75 8.270587614557497e-08 3.709297370781392e-07 602
2 1.003838975472549e-07 5.098743342400439e-07 762
2.25 1.247240596018907e-07 8.083343996945727e-07 1142
2.5 1.160354703433721e-07 1.015990411804691e-06 1250
2.75 1.23897739339619e-07 1.204942027742607e-06 1458
3 1.440553436120164e-07 1.568886868479934e-06 1814
3.25 1.448612716879489e-07 1.847084516520128e-06 2178
3.5 1.61533754011313e-07 2.255366996797692e-06 2498
3.75 1.518653490165801e-07 2.550965770004054e-06 2622
4 1.710249897285444e-07 3.061320206226705e-06 3338
4.25 1.780528903501038e-07 3.517772469769241e-06 3722
4.5 1.780884270512821e-07 3.883031945365542e-06 4170
4.75 1.670189974384654e-07 4.124866272918401e-06 4358
5 1.757788589222313e-07 4.722648957139205e-06 5034
5.25 1.738865435054003e-07 5.018207884887543e-06 5714
5.5 1.638086522904045e-07 5.203014258051884e-06 5982
5.75 1.616903079911138e-07 5.529824534012282e-06 6602
6 1.497313534967538e-07 5.717328379350867e-06 7130
6.25 1.528447963072659e-07 6.103802669493234e-06 8034
6.5 1.455133839055238e-07 6.181886134650778e-06 8606
6.75 1.37038712307541e-07 6.143163560275925e-06 9066
7 1.292138421819276e-07 6.228042015444563e-06 9962
7.25 1.221843899843892e-07 6.247869997651474e-06 10550
7.5 1.136648226980297e-07 6.075384710476415e-06 11226
7.75 1.098637715960788e-07 6.144600810919794e-06 12146
8 1.025891049424454e-07 5.943050379768482e-06 12606
8.25 9.665133606793999e-08 6.01251873547171e-06 13802
8.5 9.164091955165965e-08 5.89324837914294e-06 14754
8.75 8.152317076984644e-08 5.497819018224933e-06 15194
9 7.760347964695205e-08 5.480013969513019e-06 16454
9.25 7.165174298824479e-08 5.277503951171641e-06 17154
9.5 6.475181580456029e-08 5.164087954703519e-06 18266
9.75 5.817549513128865e-08 4.719878185643213e-06 18750
10 5.404054256095491e-08 4.586306032997791e-06 20234
10.25 4.948867290542135e-08 4.357155464882739e-06 21450
10.5 4.38477423347191e-08 3.952032262217143e-06 21962
10.75 4.009360022304056e-08 3.789632942897747e-06 23462
11 3.441115488282457e-08 3.349336873167056e-06 24042
11.25 3.111000669478676e-08 3.161492468519473e-06 25946
11.5 2.719509400555809e-08 2.798062745691925e-06 26118
11.75 2.43354140769895e-08 2.58100849605162e-06 27506
12 2.19663882512999e-08 2.351275108922587e-06 29066
12.25 1.921843101098344e-08 2.175206200281979e-06 30450
12.5 1.714625573350845e-08 1.969329384597999e-06 31742
12.75 1.46097270051123e-08 1.699982962255124e-06 32250
13 1.325910504326595e-08 1.562955730362453e-06 34250
13.25 1.160796435044947e-08 1.413756240604926e-06 35454
13.5 1.015391159440815e-08 1.283274686222146e-06 36434
13.75 9.001716811322277e-09 1.160978964019953e-06 37682
14 8.219342310835976e-09 1.0492663379103e-06 39294
14.25 7.47008051130489e-09 9.548645196378621e-07 41426
14.5 6.49020766380666e-09 8.549360638990677e-07 42066
14.75 5.816715647273402e-09 7.815701080607802e-07 43490
15 5.49190974950991e-09 7.430470180227224e-07 45702
15.25 4.961883870321389e-09 6.690143546229326e-07 46634
15.5 4.715923881637879e-09 6.401153105324852e-07 48554
15.75 4.250421912866101e-09 5.867279359712893e-07 48870
16 3.924234051430354e-09 5.348213972935263e-07 50963
16.25 3.199481024318704e-09 4.512726722032749e-07 51576
16.5 2.279694804022917e-09 3.349142373565451e-07 49316
16.75 1.707484308685842e-09 2.619092718108285e-07 49344
17 1.239368364243485e-09 1.981881227272966e-07 47192
17.25 9.853565784558462e-10 1.658342754369969e-07 47576
17.5 7.311191487597088e-10 1.266583110791998e-07 45348
17.75 5.615866709198035e-10 1.004206260025043e-07 44060
18 4.499625289598386e-10 8.220906218027638e-08 43872
18.25 3.408539797002236e-10 6.486341488978926e-08 41756
18.5 2.80092994637416e-10 5.403672344123508e-08 41528
18.75 2.158709116117109e-10 4.27844381355264e-08 39300
19 1.720104077808901e-10 3.498717964717811e-08 38276
19.25 1.372714558362203e-10 2.902739417680554e-08 36900
19.5 1.076347979580875e-10 2.277005689522875e-08 34724
19.75 8.972808445467906e-11 1.93400908897331e-08 33960
20 7.138369971707441e-11 1.556946054791312e-08 32144
20.25 5.811532466255078e-11 1.278957412261408e-08 30704
20.5 4.786300385334048e-11 1.045941826013977e-08 28896
20.75 3.759435428847677e-11 8.450732199170031e-09 26924
21 3.176337721549333e-11 7.339856288349047e-09 25656
21.25 2.441135020825084e-11 5.654893755755818e-09 23228
21.5 2.079927051328035e-11 4.741412922941348e-09 21816
21.75 1.537369937511885e-11 3.669281689558e-09 19472
22 1.248178425720973e-11 3.036011533462576e-09 17696
22.25 9.389887804236993e-12 2.296319839618799e-09 15588
22.5 6.350385504075061e-12 1.605638023416975e-09 13760
22.75 4.230765619387538e-12 1.10423179217715e-09 11565
23 2.834374708700829e-12 7.585861378015187e-10 10016
23.25 2.018491516438017e-12 5.613130759683735e-10 8652
23.5 1.462989884619109e-12 4.090240639312012e-10 7652
23.75 1.076691117984471e-12 3.062525715561282e-10 6542
24 8.105978371520659e-13 2.367121557368185e-10 5478
24.25 5.963952302639291e-13 1.745185678441974e-10 4886
24.5 4.309815929946408e-13 1.307895570736104e-10 4068
24.75 3.248923352240144e-13 9.024079560188192e-11 3326
25 2.49375738930212e-13 6.639634966681617e-11 2696
25.25 1.761128731408581e-13 5.558271069662468e-11 2304
25.5 1.363888532032082e-13 3.914022060854314e-11 1934
25.75 8.926504741730182e-14 2.588143795344094e-11 1344
26 4.970358387815545e-14 1.555747350808537e-11 848
26.25 5.270976956433627e-14 1.585951666240202e-11 888
26.5 3.147337228189339e-14 8.953799563045292e-12 584
26.75 1.58882114190559e-14 5.712317967395786e-12 344
27 7.198659190601186e-15 1.41040065470843e-12 102
27.25 5.030997472100428e-15 1.412138323609734e-12 104
27.5 1.170194158609648e-15 4.655975673997857e-13 24
27.75 8.424606332012115e-17 1.221046101438376e-14 1

0.25 2.069920201666009e-09 6.247455536645635e-09 18
0.5 8.932583076255285e-09 4.937622801432454e-08 62
0.75 1.229359761761004e-08 1.198907123256227e-07 98
1 2.593568016217656e-08 2.361316124900368e-07 210
1.25 3.364182057228537e-08 4.320448127840875e-07 350
1.5 3.669041254072075e-08 5.920431541764842e-07 450
1.75 4.667838436545287e-08 8.423450353862297e-07 602
2 5.510206178701035e-08 1.0146968758571e-06 762
2.25 6.805338584173028e-08 1.527178916750029e-06 1142
2.5 6.200560862551481e-08 1.63305887440153e-06 1250
2.75 7.732621777846118e-08 1.814828291508796e-06 1458
3 8.644400079051061e-08 2.228008175645635e-06 1814
3.25 9.216485185216664e-08 2.826206591434977e-06 2178
3.5 1.004930906305924e-07 3.340006492647132e-06 2498
3.75 9.963787683339557e-08 3.19630594820347e-06 2622
4 1.234613104370658e-07 4.134800976171648e-06 3338
4.25 1.208585613795373e-07 4.508354915319079e-06 3722
4.5 1.235838052048506e-07 4.844719011153088e-06 4170
4.75 1.234923968138112e-07 4.836746906497907e-06 4358
5 1.348675998302875e-07 5.719238673201006e-06 5034
5.25 1.344831220459063e-07 6.11441068053234e-06 5714
5.5 1.26451163428411e-07 6.135488154043308e-06 5982
5.75 1.249509294280137e-07 6.49944186589193e-06 6602
6 1.1935337262523e-07 6.396874289520647e-06 7130
6.25 1.218487232223344e-07 6.95478654650725e-06 8034
6.5 1.188400326871889e-07 7.168217891292762e-06 8606
6.75 1.127786060775682e-07 7.127238335016827e-06 9066
7 1.081264982877687e-07 7.317368284481739e-06 9962
7.25 1.01675673063453e-07 7.109652190370549e-06 10550
7.5 9.585037872806877e-08 7.08590168549738e-06 11226
7.75 9.074101218927568e-08 7.11853374809894e-06 12146
8 8.822107955711315e-08 6.946679890671317e-06 12606
8.25 8.409721018281092e-08 7.037571338828805e-06 13802
8.5 7.960858675947357e-08 6.948336184075667e-06 14754
8.75 7.162573586535714e-08 6.543476154267403e-06 15194
9 6.810807614522702e-08 6.38190420897972e-06 16454
9.25 6.426501632908271e-08 6.040726263145977e-06 17154
9.5 5.825963922319643e-08 5.786082358269857e-06 18266
9.75 5.353354836221801e-08 5.548666633985914e-06 18750
10 4.930046386625839e-08 5.187331339427371e-06 20234
10.25 4.656427435162507e-08 4.963794426844807e-06 21450
10.5 4.061729804614859e-08 4.467266525223285e-06 21962
10.75 3.765786374690241e-08 4.2855877118068e-06 23462
11 3.273340407902417e-08 3.915797307210923e-06 24042
11.25 3.070281236107618e-08 3.654351854576812e-06 25946
11.5 2.62075983798084e-08 3.235730075554425e-06 26118
11.75 2.383750201029346e-08 2.989378617840481e-06 27506
12 2.110799461576829e-08 2.732961260495064e-06 29066
12.25 1.886335740182685e-08 2.568708423117898e-06 30450
12.5 1.673506101234943e-08 2.288262142269011e-06 31742
12.75 1.475499802127566e-08 2.02106575333979e-06 32250
13 1.322926494628992e-08 1.857612973021189e-06 34250
13.25 1.183446785954033e-08 1.683099117754968e-06 35454
13.5 1.015948252776572e-08 1.488324390476112e-06 36434
13.75 9.210461958994428e-09 1.340613775096804e-06 37682
14 8.382799399219306e-09 1.232179270317745e-06 39294
14.25 7.44841129559381e-09 1.115405966554403e-06 41426
14.5 6.64796095582263e-09 1.009841057944572e-06 42066
14.75 6.073546763350979e-09 9.17458682569558e-07 43490
15 5.642608027815358e-09 8.603345456705917e-07 45702
15.25 5.120641103477863e-09 7.790486585925614e-07 46634
15.5 4.798795382934226e-09 7.468475714507378e-07 48554
15.75 4.364718759965158e-09 6.764476648181413e-07 48870
16 3.93591268595504e-09 6.276075934654418e-07 50963
16.25 3.19623058762578e-09 5.227944160741168e-07 51576
16.5 2.304451887422268e-09 3.949068142225293e-07 49316
16.75 1.736074657748777e-09 3.07619743431714e-07 49344
17 1.296521087430631e-09 2.358107474753015e-07 47192
17.25 1.012152696100613e-09 1.945681314109528e-07 47576
17.5 7.551004627313664e-10 1.478866657540973e-07 45348
17.75 5.902927238171103e-10 1.184278099778825e-07 44060
18 4.751677597613328e-10 9.759436933782355e-08 43872
18.25 3.640585584455804e-10 7.587728527327224e-08 41756
18.5 2.944303434409653e-10 6.429658343446582e-08 41528
18.75 2.275631554120368e-10 5.035130856753123e-08 39300
19 1.825009621842773e-10 4.084008969662593e-08 38276
19.25 1.45096118019687e-10 3.366338923152667e-08 36900
19.5 1.159239079707122e-10 2.695562837229584e-08 34724
19.75 9.623540338665341e-11 2.254650536415789e-08 33960
20 7.646032016663134e-11 1.83677561765973e-08 32144
20.25 6.229092107207695e-11 1.545583387783109e-08 30704
20.5 5.052872894681489e-11 1.243354258463817e-08 28896
20.75 3.955272725043913e-11 1.002963546571699e-08 26924
21 3.329187020900798e-11 8.636831791132016e-09 25656
21.25 2.660890820872096e-11 6.60819358523418e-09 23228
21.5 2.208202264636737e-11 5.760378162053341e-09 21816
21.75 1.657605685082865e-11 4.441740039033187e-09 19472
22 1.337697561438973e-11 3.691694560257211e-09 17696
22.25 9.961246531413056e-12 2.70569135380899e-09 15588
22.5 6.9019350409302e-12 1.913019225164119e-09 13760
22.75 4.597657737001009e-12 1.31110655695243e-09 11565
23 3.020950762857653e-12 9.294361622032391e-10 10016
23.25 2.192696864329147e-12 6.425846848347354e-10 8652
23.5 1.600601711134933e-12 4.912040996619286e-10 7652
23.75 1.167850460800455e-12 3.472440208313487e-10 6542
24 8.657561810399623e-13 2.700478415770841e-10 5478
24.25 6.500322732159815e-13 2.127211359204584e-10 4886
24.5 4.76717358452365e-13 1.493260209406846e-10 4068
24.75 3.49474537372352e-13 1.134855921609448e-10 3326
25 2.489867882171321e-13 8.034657495671151e-11 2696
25.25 1.889736156891569e-13 6.467897936182208e-11 2304
25.5 1.455467608954206e-13 4.60660902782413e-11 1934
25.75 9.899707407631563e-14 3.018347079457218e-11 1344
26 6.225060863692986e-14 1.937698238388637e-11 848
26.25 5.71703154983206e-14 1.678812482941876e-11 888
26.5 3.005518618938822e-14 1.136354368875814e-11 584
26.75 2.065935237062689e-14 6.465310802445376e-12 344
27 6.013566828518338e-15 1.944999928052045e-12 102
27.25 5.436212253812964e-15 1.924582047750155e-12 104
27.5 2.604511287661049e-15 4.079062102799432e-13 24
27.75 2.84591162570043e-18 2.023683513270409e-14 1

0.25 2.878278789176788e-09 2.18632901766618e-09 18
0.5 8.981205880779708e-09 2.277748108663455e-08 62
0.75 1.917081502452052e-08 4.703458769922315e-08 98
1 2.67993632465235e-08 1.061458856456787e-07 210
1.25 3.439273594129083e-08 1.686036629237787e-07 350
1.5 5.002169323638992e-08 2.379099199756957e-07 450
1.75 5.617070029771927e-08 3.429430793546108e-07 602
2 6.230121723225203e-08 5.121575038286607e-07 762
2.25 8.789218399143369e-08 8.509943117610882e-07 1142
2.5 8.918371188185704e-08 9.048980127235234e-07 1250
2.75 9.381310836995419e-08 1.157011551846958e-06 1458
3 1.067717252034804e-07 1.448765941196894e-06 1814
3.25 1.16647102812736e-07 1.741628011590956e-06 2178
3.5 1.2656383071573e-07 2.080072393465287e-06 2498
3.75 1.259728937308736e-07 2.21888182821994e-06 2622
4 1.37150295329138e-07 2.813587894539723e-06 3338
4.25 1.458895268869181e-07 3.107819996078669e-06 3722
4.5 1.499072847570532e-07 3.557072035970151e-06 4170
4.75 1.431802842078899e-07 3.493655717178936e-06 4358
5 1.453305596276972e-07 4.13568691256375e-06 5034
5.25 1.505559125614986e-07 4.616172727270846e-06 5714
5.5 1.433662239351209e-07 4.767113297719684e-06 5982
5.75 1.398241713948723e-07 5.12977083835849e-06 6602
6 1.409009939624282e-07 5.266907217713218e-06 7130
6.25 1.425628258077107e-07 5.716285961626261e-06 8034
6.5 1.307993639813069e-07 5.817707056059371e-06 8606
6.75 1.220131133516444e-07 5.754445239866197e-06 9066
7 1.244019144950763e-07 5.91420985392927e-06 9962
7.25 1.116671270471637e-07 5.861216831352034e-06 10550
7.5 1.038564496953968e-07 5.947659311131604e-06 11226
7.75 1.011542324810348e-07 5.964887193038669e-06 12146
8 9.469615588789987e-08 5.821585944040862e-06 12606
8.25 9.032155530392881e-08 5.834930607695122e-06 13802
8.5 8.715494813776134e-08 5.803398553069069e-06 14754
8.75 7.86826950850818e-08 5.512641175365587e-06 15194
9 7.535345061067108e-08 5.499732144126137e-06 16454
9.25 6.807317538442456e-08 5.226658760505372e-06 17154
9.5 6.373617364912082e-08 5.051960343636646e-06 18266
9.75 5.768771574920868e-08 4.822500204194671e-06 18750
10 5.402886748703006e-08 4.618472456688368e-06 20234
10.25 4.879867385794223e-08 4.420345284200517e-06 21450
10.5 4.273727519262621e-08 4.027681142517788e-06 21962
10.75 4.008780522646433e-08 3.864371801202598e-06 23462
11 3.56344529386846e-08 3.520091388769913e-06 24042
11.25 3.308734208392069e-08 3.345537925558153e-06 25946
11.5 2.822289238654366e-08 2.976695192087511e-06 26118
11.75 2.581778903098922e-08 2.786367472217083e-06 27506
12 2.296868416899159e-08 2.550472934457635e-06 29066
12.25 2.055583876080993e-08 2.349148403833807e-06 30450
12.5 1.852777596144672e-08 2.112389328998197e-06 31742
12.75 1.59494470443692e-08 1.90253466872085e-06 32250
13 1.455243310897075e-08 1.773952161863942e-06 34250
13.25 1.300646716038516e-08 1.583443524614861e-06 35454
13.5 1.121404405844879e-08 1.42918353735542e-06 36434
13.75 1.001478056691072e-08 1.303737021111257e-06 37682
14 9.178050758181779e-09 1.182866162252365e-06 39294
14.25 8.287077747360472e-09 1.098826192019276e-06 41426
14.5 7.354372262905855e-09 9.849549368394445e-07 42066
14.75 6.794638369505533e-09 8.932022086484376e-07 43490
15 6.336994359433216e-09 8.414778309805458e-07 45702
15.25 5.703992452541082e-09 7.777512048946224e-07 46634
15.5 5.443121837386087e-09 7.36869455169538e-07 48554
15.75 4.896744393640545e-09 6.768711029255147e-07 48870
16 4.516610495693914e-09 6.295769041607758e-07 50963
16.25 3.664759231693001e-09 5.169093615873827e-07 51576
16.5 2.604074464350581e-09 4.004471518992108e-07 49316
16.75 1.991115590377666e-09 3.109783595045466e-07 49344
17 1.471639413744487e-09 2.391589729615839e-07 47192
17.25 1.145868460491034e-09 1.953647897980065e-07 47576
17.5 8.515540256039878e-10 1.494909073779768e-07 45348
17.75 6.626523686435358e-10 1.20650168248514e-07 44060
18 5.337079293884215e-10 9.925801282674183e-08 43872
18.25 4.113059438365165e-10 7.763737772161783e-08 41756
18.5 3.345019927761173e-10 6.445569174513622e-08 41528
18.75 2.601160986319819e-10 5.189039873683921e-08 39300
19 2.088526256934415e-10 4.194627362471179e-08 38276
19.25 1.670797609367693e-10 3.456885274368318e-08 36900
19.5 1.315622885561884e-10 2.742842297709409e-08 34724
19.75 1.095476393699395e-10 2.350834158506487e-08 33960
20 8.678795419795116e-11 1.892518202827405e-08 32144
20.25 7.107974479277371e-11 1.611508534842817e-08 30704
20.5 5.737571480563746e-11 1.306186189110952e-08 28896
20.75 4.611563612667751e-11 1.048410765385213e-08 26924
21 3.821158732504368e-11 8.784807770462281e-09 25656
21.25 2.977418117867562e-11 6.967249129838924e-09 23228
21.5 2.592964692450172e-11 5.98248255908673e-09 21816
21.75 1.942976051321333e-11 4.596794670524295e-09 19472
22 1.546222464933734e-11 3.770164685863685e-09 17696
22.25 1.177810186114321e-11 2.817046435091764e-09 15588
22.5 7.955843788777612e-12 2.017683008363386e-09 13760
22.75 5.234378819197115e-12 1.349308043705234e-09 11565
23 3.522884047531142e-12 9.518699720431547e-10 10016
23.25 2.539011399339755e-12 6.955475334361618e-10 8652
23.5 1.807694485407595e-12 5.066734048718498e-10 7652
23.75 1.348451565356295e-12 3.791366622200185e-10 6542
24 9.864227140745291e-13 2.804538344217936e-10 5478
24.25 7.385998547060884e-13 2.201221484666089e-10 4886
24.5 5.569349573344613e-13 1.609785429021085e-10 4068
24.75 3.896067124762696e-13 1.180088453420687e-10 3326
25 2.891682312966272e-13 8.785629804942335e-11 2696
25.25 2.201878645676531e-13 6.555423660096296e-11 2304
25.5 1.66082108367978e-13 4.915269735072438e-11 1934
25.75 1.11888847407742e-13 3.360577016410092e-11 1344
26 6.764355556754167e-14 1.963935170358594e-11 848
26.25 6.826026119379437e-14 1.951747519726412e-11 888
26.5 3.630528316851518e-14 1.159507352337228e-11 584
26.75 2.286805816910976e-14 6.804949519878414e-12 344
27 5.576094309923527e-15 1.809808182054972e-12 102
27.25 7.40667150503474e-15 2.262990260107863e-12 104
27.5 1.504626485026955e-15 4.999379907313763e-13 24
27.75 2.829655866868592e-16 3.059704663877217e-15 1

0.25 1.171595827402843e-09 8.414062654612148e-09 18
0.5 1.005027580505087e-08 4.222936228283248e-08 62
0.75 1.606490918885264e-08 9.242138349684722e-08 98
1 2.351918193337038e-08 2.236402317948496e-07 210
1.25 3.530478800739674e-08 3.543483389322532e-07 350
1.5 3.347417887061446e-08 4.685854412811051e-07 450
1.75 4.806786178166482e-08 6.312080772081111e-07 602
2 5.260892860924516e-08 7.230631123393378e-07 762
2.25 7.667481930518509e-08 1.06944085769358e-06 1142
2.5 7.434165183135192e-08 1.08301966077474e-06 1250
2.75 8.165606498112707e-08 1.199551036298992e-06 1458
3 9.17735141231579e-08 1.63138714205331e-06 1814
3.25 9.695493929873981e-08 1.929791105018454e-06 2178
3.5 1.05480346014871e-07 2.094610536962064e-06 2498
3.75 1.034770524865884e-07 2.327410607115277e-06 2622
4 1.182593953963732e-07 3.074744609883723e-06 3338
4.25 1.201860991173885e-07 3.262175142591985e-06 3722
4.5 1.273135014514676e-07 3.751803854267009e-06 4170
4.75 1.206855295645739e-07 3.806261979033064e-06 4358
5 1.265004324086856e-07 4.323187507678099e-06 5034
5.25 1.305531488001427e-07 4.800711875284781e-06 5714
5.5 1.302175684523331e-07 4.866673434899179e-06 5982
5.75 1.262773529391882e-07 5.218908443117916e-06 6602
6 1.237642703097418e-07 5.439586205790091e-06 7130
6.25 1.209038439698672e-07 5.702277805906043e-06 8034
6.5 1.198419343293172e-07 5.78389983165499e-06 8606
6.75 1.113852596014443e-07 5.800063020787129e-06 9066
7 1.089256410686286e-07 5.879292484736083e-06 9962
7.25 1.020425644687846e-07 5.817259748853988e-06 10550
7.5 9.896014339357047e-08 5.912540894972983e-06 11226
7.75 9.320507712538312e-08 5.986922614269963e-06 12146
8 8.517516777300273e-08 5.967489344226246e-06 12606
8.25 8.432040527795516e-08 5.760321902718374e-06 13802
8.5 7.915155716335062e-08 5.952486383500462e-06 14754
8.75 7.189449020555504e-08 5.681598091284838e-06 15194
9 6.930834242901451e-08 5.668485247207026e-06 16454
9.25 6.47296705794754e-08 5.274936901021565e-06 17154
9.5 5.978191563484053e-08 5.22684349259439e-06 18266
9.75 5.440371761852804e-08 4.9459386207505e-06 18750
10 5.140978276236766e-08 4.749913268713851e-06 20234
10.25 4.752018379079162e-08 4.512224342426986e-06 21450
10.5 4.224013387912145e-08 4.115945723520038e-06 21962
10.75 3.929424484496983e-08 3.979347138097451e-06 23462
11 3.534355075300411e-08 3.68857207329925e-06 24042
11.25 3.193883024323747e-08 3.445034701319441e-06 25946
11.5 2.785432304914051e-08 3.102008726446237e-06 26118
11.75 2.528723029470689e-08 2.900629313239963e-06 27506
12 2.29470663560499e-08 2.656562968700677e-06 29066
12.25 2.042490862390285e-08 2.399571554028196e-06 30450
12.5 1.819320298871343e-08 2.210087967039531e-06 31742
12.75 1.618506371458381e-08 1.97188702341207e-06 32250
13 1.455461272368777e-08 1.836761205904769e-06 34250
13.25 1.312151945856274e-08 1.687869692328227e-06 35454
13.5 1.137936005495242e-08 1.502061094753334e-06 36434
13.75 1.010301798669232e-08 1.39093045497161e-06 37682
14 9.244672070683375e-09 1.245937890354121e-06 39294
14.25 8.355693970173914e-09 1.182855828413633e-06 41426
14.5 7.398973472701114e-09 1.039377861638799e-06 42066
14.75 6.782557405588488e-09 9.474897335082145e-07 43490
15 6.247820194017327e-09 9.086012085301115e-07 45702
15.25 5.824421018501141e-09 8.343421533712572e-07 46634
15.5 5.444124830194621e-09 7.911767335867519e-07 48554
15.75 5.057488587093729e-09 7.206170249502253e-07 48870
16 4.610134995991103e-09 6.82124573532848e-07 50963
16.25 3.686337563928463e-09 5.577342987411813e-07 51576
16.5 2.706433921146375e-09 4.272900088183054e-07 49316
16.75 2.011788053195892e-09 3.401219057313619e-07 49344
17 1.495200791454526e-09 2.603680206260195e-07 47192
17.25 1.185670775348338e-09 2.105905749695721e-07 47576
17.5 9.022637433909773e-10 1.628674888833427e-07 45348
17.75 6.967163415895531e-10 1.282893046020011e-07 44060
18 5.590415639076685e-10 1.083243693858315e-07 43872
18.25 4.301547230422254e-10 8.422554288433467e-08 41756
18.5 3.519374852439489e-10 7.045047033571257e-08 41528
18.75 2.703616170804816e-10 5.637403230251689e-08 39300
19 2.222646461242421e-10 4.582294855211321e-08 38276
19.25 1.751961616777073e-10 3.813376327721388e-08 36900
19.5 1.388569262478868e-10 3.067709271837754e-08 34724
19.75 1.159210866576646e-10 2.596103101932319e-08 33960
20 9.207344515638022e-11 2.087605036170932e-08 32144
20.25 7.527563538109782e-11 1.764079602006901e-08 30704
20.5 6.177882833650223e-11 1.434861822999264e-08 28896
20.75 4.874743792129674e-11 1.177517014552668e-08 26924
21 4.198704489654963e-11 9.926742960622225e-09 25656
21.25 3.225221213140982e-11 7.705437194532939e-09 23228
21.5 2.751594290637734e-11 6.785533996219828e-09 21816
21.75 2.115420088480187e-11 4.970333430044148e-09 19472
22 1.654685887248977e-11 4.157164661138073e-09 17696
22.25 1.24872909946675e-11 3.089790832621549e-09 15588
22.5 8.651056351768164e-12 2.210267383234885e-09 13760
22.75 5.667402524995336e-12 1.469835141559883e-09 11565
23 3.801121029965543e-12 1.076777739045149e-09 10016
23.25 2.757365782788044e-12 7.627183683098139e-10 8652
23.5 2.031958266415419e-12 5.738422011084404e-10 7652
23.75 1.516362050934869e-12 4.2108559120632e-10 6542
24 1.020798267669454e-12 3.12611366526448e-10 5478
24.25 8.242612569337878e-13 2.434461721196964e-10 4886
24.5 5.918606288983693e-13 1.809579272890055e-10 4068
24.75 4.477193587764061e-13 1.329301317374659e-10 3326
25 3.149676298523271e-13 9.726062074331641e-11 2696
25.25 2.332141837675642e-13 7.85479426158657e-11 2304
25.5 1.824073349461901e-13 5.656986494176087e-11 1934
25.75 1.187062407448764e-13 3.819640296086828e-11 1344
26 7.840587778517158e-14 2.296519174998114e-11 848
26.25 7.234966604654008e-14 2.086319044848454e-11 888
26.5 4.40931061019414e-14 1.570774832873342e-11 584
26.75 2.340948702326934e-14 7.535931011392265e-12 344
27 8.161227944025423e-15 2.369347547844198e-12 102
27.25 6.069115322965084e-15 1.826436452403082e-12 104
27.5 2.14642537675507e-15 2.950274260377513e-13 24
27.75 7.319895255650327e-17 3.214592233248436e-14 1

0.25 2.777269125718149e-09 7.050783987522845e-09 18
0.5 1.560673374655682e-08 3.843760338941088e-08 62
0.75 1.970411804340926e-08 8.08589906224177e-08 98
1 2.307225054227971e-08 1.297963640437051e-07 210
1.25 3.283161376684051e-08 3.256791646741209e-07 350
1.5 3.395527830554399e-08 3.914106566656152e-07 450
1.75 4.631322909143568e-08 5.705637956478532e-07 602
2 4.432647766153079e-08 7.87929867050927e-07 762
2.25 7.164174439309281e-08 1.163631353503713e-06 1142
2.5 6.997215889222833e-08 1.131540499160361e-06 1250
2.75 6.308968713357972e-08 1.343910093892711e-06 1458
3 7.324788055826331e-08 1.651088178460787e-06 1814
3.25 8.451795500135995e-08 2.052684096919011e-06 2178
3.5 9.533781142641726e-08 2.388450938529194e-06 2498
3.75 8.59063466459967e-08 2.489076160683848e-06 2622
4 1.030008566522027e-07 2.960831550370621e-06 3338
4.25 1.137101445428824e-07 3.352122293013501e-06 3722
4.5 1.104908830856568e-07 3.804117600349551e-06 4170
4.75 1.054987983107927e-07 3.904570489611158e-06 4358
5 1.180994441069465e-07 4.315230150324247e-06 5034
5.25 1.183538240104687e-07 4.905147997103635e-06 5714
5.5 1.141716607515937e-07 5.081007458843622e-06 5982
5.75 1.133391900857728e-07 5.268680233526479e-06 6602
6 1.131579380361023e-07 5.575464984046839e-06 7130
6.25 1.11928712544685e-07 6.07633641852519e-06 8034
6.5 1.088077040497513e-07 5.96491091613501e-06 8606
6.75 1.008832960534694e-07 5.831972802890019e-06 9066
7 9.722257710817423e-08 6.152599932749004e-06 9962
7.25 9.204313537615677e-08 6.07490258552862e-06 10550
7.5 8.856239952866545e-08 6.257058429813275e-06 11226
7.75 8.675649285329829e-08 6.10398990128841e-06 12146
8 8.05058254052614e-08 5.865887947464415e-06 12606
8.25 7.7040155849995e-08 6.276479611829939e-06 13802
8.5 7.416254727817441e-08 5.990656273264575e-06 14754
8.75 6.785656304295604e-08 5.806904559341256e-06 15194
9 6.574872593001757e-08 5.687195313697046e-06 16454
9.25 5.984329775353545e-08 5.447641801948648e-06 17154
9.5 5.626190690755497e-08 5.42767741518349e-06 18266
9.75 5.156050766881072e-08 5.001020427142515e-06 18750
10 5.029854671844527e-08 4.791403126243599e-06 20234
10.25 4.552650978711079e-08 4.705800498196331e-06 21450
10.5 4.053884959844255e-08 4.37459678865195e-06 21962
10.75 3.787983396621069e-08 4.134544948648469e-06 23462
11 3.371596427742707e-08 3.834437047809653e-06 24042
11.25 3.085678269271873e-08 3.605468693386614e-06 25946
11.5 2.753348561902071e-08 3.260430579027142e-06 26118
11.75 2.482530804255872e-08 3.019324272034157e-06 27506
12 2.276410597739202e-08 2.851528409748061e-06 29066
12.25 1.99271943527099e-08 2.597490038594628e-06 30450
12.5 1.780482037530668e-08 2.361069858298076e-06 31742
12.75 1.596929829436871e-08 2.0897529668628e-06 32250
13 1.464858998051724e-08 1.957607624081768e-06 34250
13.25 1.298935815193313e-08 1.779734551076068e-06 35454
13.5 1.146584316307271e-08 1.603468715700502e-06 36434
13.75 1.016107387480333e-08 1.474633695701047e-06 37682
14 9.224632305342162e-09 1.356057122390708e-06 39294
14.25 8.524379101132396e-09 1.237311907807043e-06 41426
14.5 7.583687300946622e-09 1.120064207773263e-06 42066
14.75 6.921451770632413e-09 1.036550412604104e-06 43490
15 6.407018576828928e-09 9.709422960515555e-07 45702
15.25 6.046774218165055e-09 9.092011909066602e-07 46634
15.5 5.573676751243933e-09 8.512276572242298e-07 48554
15.75 5.170609311781586e-09 7.948061302882907e-07 48870
16 4.710128355872044e-09 7.299826023638579e-07 50963
16.25 3.843655482549692e-09 6.09720709162177e-07 51576
16.5 2.799029088628396e-09 4.633145736065954e-07 49316
16.75 2.087580976127621e-09 3.629065138226851e-07 49344
17 1.584964937792461e-09 2.839246791771461e-07 47192
17.25 1.242694726655063e-09 2.298440224393186e-07 47576
17.5 9.303718613310819e-10 1.763665027956354e-07 45348
17.75 7.240559960448306e-10 1.419898342309742e-07 44060
18 5.97817125156314e-10 1.182756944432405e-07 43872
18.25 4.539060867034665e-10 9.274812301692606e-08 41756
18.5 3.622474244141902e-10 7.628739982790053e-08 41528
18.75 2.867396091475705e-10 6.124419961445521e-08 39300
19 2.300442514305478e-10 5.016091322616483e-08 38276
19.25 1.854750317979453e-10 4.122575816026708e-08 36900
19.5 1.461852154605024e-10 3.407716535032339e-08 34724
19.75 1.22617319446318e-10 2.829158496855744e-08 33960
20 9.852571637372998e-11 2.329415283670231e-08 32144
20.25 8.101563710696729e-11 1.91047535223538e-08 30704
20.5 6.54475694311899e-11 1.597295989503638e-08 28896
20.75 5.408817535975861e-11 1.281535279070036e-08 26924
21 4.442621624955368e-11 1.087076754715887e-08 25656
21.25 3.432928565956557e-11 8.48942289472471e-09 23228
21.5 2.922235476679278e-11 7.526536033346115e-09 21816
21.75 2.219038691016912e-11 5.708758787353019e-09 19472
22 1.77891115514749e-11 4.629337723831964e-09 17696
22.25 1.308634418442748e-11 3.502122655628344e-09 15588
22.5 9.139780434956261e-12 2.429115944590278e-09 13760
22.75 6.259399963599065e-12 1.708607374316034e-09 11565
23 4.117667378860514e-12 1.186553467496874e-09 10016
23.25 2.955132674673365e-12 8.379700506227706e-10 8652
23.5 2.234231796612973e-12 6.262663007719439e-10 7652
23.75 1.544376943942077e-12 4.729731912161804e-10 6542
24 1.13193162206281e-12 3.303644261387436e-10 5478
24.25 8.612677944083587e-13 2.808579634038452e-10 4886
24.5 6.531811240050048e-13 1.942119314310589e-10 4068
24.75 4.496812341179337e-13 1.479936223554397e-10 3326
25 3.533794860099564e-13 1.093486039828951e-10 2696
25.25 2.842392468286002e-13 8.325850929226953e-11 2304
25.5 2.118888676681193e-13 6.426692190291108e-11 1934
25.75 1.363516371314387e-13 4.295952911616619e-11 1344
26 8.829704654116782e-14 2.626294441927574e-11 848
26.25 8.062327134712953e-14 2.652760099012905e-11 888
26.5 4.961001730740163e-14 1.554675363239983e-11 584
26.75 2.609460313311156e-14 9.570127096460728e-12 344
27 8.007995095262486e-15 2.418127569536218e-12 102
27.25 6.525151910208029e-15 2.666900953860772e-12 104
27.5 1.581024158226983e-15 4.981408107203285e-13 24
27.75 9.366195381593808e-17 1.248099189553839e-14 1

0.25 1.581024404138968e-09 2.360584737860956e-09 18
0.5 1.06713557036858e-08 1.976284503701543e-08 62
0.75 2.169975305065663e-08 3.452417057590162e-08 98
1 2.527280872419149e-08 5.303976990622481e-08 210
1.25 4.88164159665172e-08 1.124623244680693e-07 350
1.5 5.140608189252063e-08 1.645571934197014e-07 450
1.75 6.305119031762998e-08 2.350299961670805e-07 602
2 7.034445946305398e-08 3.275599344466575e-07 762
2.25 9.58013205728205e-08 5.152702688867165e-07 1142
2.5 9.477973597107166e-08 6.045703526529016e-07 1250
2.75 9.711330632385634e-08 7.453204594481105e-07 1458
3 1.027552762900986e-07 9.222341252808999e-07 1814
3.25 1.161606872590063e-07 1.155368705950238e-06 2178
3.5 1.24363329623835e-07 1.515253050981529e-06 2498
3.75 1.108976269734489e-07 1.597381515732985e-06 2622
4 1.275753361178929e-07 2.070728444877598e-06 3338
4.25 1.281574913651473e-07 2.456392718793602e-06 3722
4.5 1.309494310245168e-07 2.736054771414608e-06 4170
4.75 1.2513448785841e-07 2.86872010258323e-06 4358
5 1.380661041290863e-07 3.307225209345054e-06 5034
5.25 1.368597021894039e-07 3.730084148688281e-06 5714
5.5 1.298185787917883e-07 3.976993425674547e-06 5982
5.75 1.294129146580611e-07 4.115559076891779e-06 6602
6 1.249204805945462e-07 4.19118842917515e-06 7130
6.25 1.25759508629524e-07 4.549373544249492e-06 8034
6.5 1.20491349542086e-07 4.868413985663971e-06 8606
6.75 1.11290576389934e-07 4.756376977318089e-06 9066
7 1.085313651195501e-07 4.87092075701896e-06 9962
7.25 1.040300266442129e-07 4.991892233723105e-06 10550
7.5 9.968923936587684e-08 4.947983365198841e-06 11226
7.75 9.496433867343149e-08 5.022493139302762e-06 12146
8 8.615238854273176e-08 4.872626695167171e-06 12606
8.25 8.34180402342535e-08 5.073611759949288e-06 13802
8.5 8.147638485452683e-08 5.074525133950589e-06 14754
8.75 7.408016112120688e-08 4.881857678323787e-06 15194
9 7.027445019192151e-08 4.875861264879156e-06 16454
9.25 6.504885012582184e-08 4.687361286312588e-06 17154
9.5 6.097621498015844e-08 4.621424364502242e-06 18266
9.75 5.428336377804271e-08 4.383191474547024e-06 18750
10 5.20361895439552e-08 4.289095772093336e-06 20234
10.25 4.812105469495129e-08 4.166916279951064e-06 21450
10.5 4.273188342904337e-08 3.823199687073652e-06 21962
10.75 3.998775184910176e-08 3.671366811249209e-06 23462
11 3.544267187633419e-08 3.447465958982353e-06 24042
11.25 3.325207114152464e-08 3.308043780673114e-06 25946
11.5 2.885054638103361e-08 2.960046230324593e-06 26118
11.75 2.644987434589216e-08 2.716994846946073e-06 27506
12 2.397217533615615e-08 2.590672609921502e-06 29066
12.25 2.174199904289991e-08 2.363063692855106e-06 30450
12.5 1.922121518766617e-08 2.167131704950125e-06 31742
12.75 1.694302574774559e-08 1.969265271735013e-06 32250
13 1.55454789280639e-08 1.820901883029899e-06 34250
13.25 1.394528365729664e-08 1.643225120495885e-06 35454
13.5 1.226018961458989e-08 1.494943270955388e-06 36434
13.75 1.106223636322241e-08 1.377929858750359e-06 37682
14 1.00569133083422e-08 1.259072446385878e-06 39294
14.25 9.307645191137574e-09 1.186182228798946e-06 41426
14.5 8.312677420611279e-09 1.0642324302771e-06 42066
14.75 7.607019108309841e-09 9.747785231250291e-07 43490
15 7.136636946919469e-09 9.230491650759948e-07 45702
15.25 6.555573395904934e-09 8.472824712814708e-07 46634
15.5 6.180227793659867e-09 8.124440487824544e-07 48554
15.75 5.669294992403593e-09 7.694233816319219e-07 48870
16 5.267642910243105e-09 7.061209958679742e-07 50963
16.25 4.24128091752759e-09 5.879661126280914e-07 51576
16.5 3.10054069168622e-09 4.529371016175402e-07 49316
16.75 2.316174347068418e-09 3.483810324170383e-07 49344
17 1.709717137241921e-09 2.735019532285925e-07 47192
17.25 1.360308738882839e-09 2.249748561910928e-07 47576
17.5 1.011715407086012e-09 1.730759412845952e-07 45348
17.75 7.809949506294853e-10 1.385980052135814e-07 44060
18 6.373585176905847e-10 1.150092365001755e-07 43872
18.25 4.932130226820213e-10 9.107462881975744e-08 41756
18.5 3.898037219938325e-10 7.63636513980853e-08 41528
18.75 3.072414980587182e-10 6.070164270439766e-08 39300
19 2.505018260852608e-10 4.997934600659776e-08 38276
19.25 2.024856010412168e-10 4.122865964579033e-08 36900
19.5 1.613680322634691e-10 3.326575432563396e-08 34724
19.75 1.332258440908965e-10 2.772499620522772e-08 33960
20 1.070497461874165e-10 2.26221361427291e-08 32144
20.25 8.877704268683822e-11 1.90093486065118e-08 30704
20.5 7.313841204468881e-11 1.593941395640274e-08 28896
20.75 5.818379121028782e-11 1.293321358349528e-08 26924
21 4.911463355336909e-11 1.091439862159452e-08 25656
21.25 3.704193178124593e-11 8.670782981172733e-09 23228
21.5 3.277547433371762e-11 7.301227221810874e-09 21816
21.75 2.463162002918094e-11 5.756236067736821e-09 19472
22 1.978781088240671e-11 4.563348156836814e-09 17696
22.25 1.452431279554012e-11 3.467119103293926e-09 15588
22.5 1.01241721257855e-11 2.5797372311272e-09 13760
22.75 6.518700934934466e-12 1.714043870660163e-09 11565
23 4.478790672154408e-12 1.19165217286471e-09 10016
23.25 3.228522452734057e-12 8.742743747359545e-10 8652
23.5 2.375539287215163e-12 6.37943461987971e-10 7652
23.75 1.747364690966578e-12 4.828468084846638e-10 6542
24 1.243361441761272e-12 3.545024092511612e-10 5478
24.25 9.723323939330916e-13 2.724837457685338e-10 4886
24.5 6.870615666482561e-13 2.00835765448627e-10 4068
24.75 4.956972637517599e-13 1.473216912558147e-10 3326
25 3.829433845867879e-13 1.150669593701641e-10 2696
25.25 2.999134310476524e-13 8.550151195506663e-11 2304
25.5 2.38598991226941e-13 7.003367180387322e-11 1934
25.75 1.408430027948031e-13 4.383624548882895e-11 1344
26 8.489563697776727e-14 2.825958097247413e-11 848
26.25 9.153051460958829e-14 2.635653732818614e-11 888
26.5 5.148913108411353e-14 1.658899907016121e-11 584
26.75 3.279561838185493e-14 9.412660948498558e-12 344
27 9.025543542987993e-15 2.343319303492528e-12 102
27.25 8.517765454069757e-15 2.449785239543131e-12 104
27.5 1.797755108975808e-15 4.694769522134939e-13 24
27.75 5.822172842771716e-18 1.024223623636355e-14 1

0.25 3.620055274710594e-09 4.521444630159297e-09 18
0.5 1.614115373273331e-08 4.895157278069042e-08 62
0.75 1.72516815635801e-08 6.041514687815625e-08 98
1 2.010288269457667e-08 2.258824185772347e-07 210
1.25 3.177965543204959e-08 2.978928132303866e-07 350
1.5 3.25446512633682e-08 3.837659521098068e-07 450
1.75 4.352007740979127e-08 5.501643075869998e-07 602
2 4.177389883541544e-08 7.111356141389438e-07 762
2.25 5.362739945209245e-08 9.51697847500683e-07 1142
2.5 5.444271349745516e-08 1.051188670205552e-06 1250
2.75 5.906215877389407e-08 1.139057868874758e-06 1458
3 6.638251079736024e-08 1.478326027221777e-06 1814
3.25 7.705975048351528e-08 1.730884334031162e-06 2178
3.5 8.060214254666358e-08 2.054375028208074e-06 2498
3.75 8.185352920594849e-08 2.118735162549915e-06 2622
4 9.173748743774925e-08 2.714813053186799e-06 3338
4.25 9.582698405716232e-08 2.926642597584062e-06 3722
4.5 1.004504440971597e-07 3.323525740413108e-06 4170
4.75 9.517943593087839e-08 3.445659734298386e-06 4358
5 1.061206723201244e-07 3.843577396604899e-06 5034
5.25 1.093440373226521e-07 4.319619598603082e-06 5714
5.5 1.061107284100878e-07 4.44994712019638e-06 5982
5.75 1.033437319725664e-07 4.696574784611304e-06 6602
6 1.013485628316117e-07 4.714482754822679e-06 7130
6.25 1.030688355409089e-07 5.170823662501012e-06 8034
6.5 1.01046358898405e-07 5.301616663359775e-06 8606
6.75 9.27186263798615e-08 5.182574899969782e-06 9066
7 8.991807968185495e-08 5.363589110078953e-06 9962
7.25 8.675721623944036e-08 5.470459582655377e-06 10550
7.5 8.192075290217864e-08 5.529712223646429e-06 11226
7.75 7.945207142963303e-08 5.688543123565976e-06 12146
8 7.354172592589655e-08 5.432981442338585e-06 12606
8.25 7.235665117245368e-08 5.482792099780387e-06 13802
8.5 7.114553641410917e-08 5.490233020319324e-06 14754
8.75 6.594156748478538e-08 5.411102246091882e-06 15194
9 6.046692101317365e-08 5.289933515568336e-06 16454
9.25 5.792475325903549e-08 5.181662445916451e-06 17154
9.5 5.50195826243522e-08 4.961042976485603e-06 18266
9.75 4.942297021383176e-08 4.804007069860913e-06 18750
10 4.743591106143818e-08 4.731072726630207e-06 20234
10.25 4.478161178401994e-08 4.445010760635386e-06 21450
10.5 3.9864352122213e-08 4.125349588341327e-06 21962
10.75 3.72472877809564e-08 3.954340297320275e-06 23462
11 3.333822039826994e-08 3.605543701575243e-06 24042
11.25 3.083409839853938e-08 3.507833635028606e-06 25946
11.5 2.711260603829519e-08 3.186682986145449e-06 26118
11.75 2.47672956815323e-08 2.992539155603922e-06 27506
12 2.241781202991918e-08 2.758210928291042e-06 29066
12.25 2.046147004660095e-08 2.541074742803615e-06 30450
12.5 1.841947393448474e-08 2.358342080797325e-06 31742
12.75 1.613191969322191e-08 2.135273059862672e-06 32250
13 1.503280696059281e-08 1.976104880883352e-06 34250
13.25 1.353458386079917e-08 1.809992863051206e-06 35454
13.5 1.184496658893377e-08 1.62375021650442e-06 36434
13.75 1.073770675895058e-08 1.515974740031148e-06 37682
14 9.737548649804638e-09 1.399141137176669e-06 39294
14.25 9.187159760509212e-09 1.284563168636529e-06 41426
14.5 8.068735288548041e-09 1.163895756188855e-06 42066
14.75 7.481042261534113e-09 1.080301478588621e-06 43490
15 6.914291912863843e-09 1.023791148864006e-06 45702
15.25 6.365128237690423e-09 9.445616038956058e-07 46634
15.5 5.974689736458919e-09 9.083844845906819e-07 48554
15.75 5.539855020945458e-09 8.387135385622989e-07 48870
16 5.106800349975339e-09 7.803121647789562e-07 50963
16.25 4.149344349893063e-09 6.445188889047271e-07 51576
16.5 3.102784229094719e-09 5.085344000300507e-07 49316
16.75 2.340420061538473e-09 3.916944867812385e-07 49344
17 1.719326228105913e-09 3.04587645608828e-07 47192
17.25 1.353158998939796e-09 2.496457787420764e-07 47576
17.5 1.016372724307552e-09 1.932314312620876e-07 45348
17.75 7.954448104066223e-10 1.545336130396642e-07 44060
18 6.364166660689147e-10 1.268039806817191e-07 43872
18.25 4.955358909543479e-10 1.008611737847851e-07 41756
18.5 3.971810041888027e-10 8.445952778191873e-08 41528
18.75 3.173974233835118e-10 6.730342938540343e-08 39300
19 2.580130474370204e-10 5.533412108574166e-08 38276
19.25 2.061770934111181e-10 4.593606259575759e-08 36900
19.5 1.65786729130904e-10 3.710366186900236e-08 34724
19.75 1.381102698561089e-10 3.114717088934301e-08 33960
20 1.10712599335787e-10 2.560023590665405e-08 32144
20.25 9.030162034165247e-11 2.16691169319431e-08 30704
20.5 7.485912363634889e-11 1.783061393647612e-08 28896
20.75 5.978368679148086e-11 1.42244967681674e-08 26924
21 5.117605995475587e-11 1.235051503818215e-08 25656
21.25 3.894219803078312e-11 9.623037001143767e-09 23228
21.5 3.386818069799368e-11 8.230719036126432e-09 21816
21.75 2.555737916616773e-11 6.33818245130578e-09 19472
22 1.992198061354266e-11 5.127547405250911e-09 17696
22.25 1.518683556774931e-11 3.878916311373102e-09 15588
22.5 1.04872804910457e-11 2.791676944415513e-09 13760
22.75 7.037764659430522e-12 1.844373633572307e-09 11565
23 4.651948576825278e-12 1.365621613675943e-09 10016
23.25 3.496580975480602e-12 9.639690905033028e-10 8652
23.5 2.421531145301861e-12 7.265727003194648e-10 7652
23.75 1.788850949725057e-12 5.413402941645639e-10 6542
24 1.329331100773158e-12 4.016868859275747e-10 5478
24.25 1.034972568003636e-12 3.14358805674226e-10 4886
24.5 7.208204684282334e-13 2.244833637160681e-10 4068
24.75 5.576546873791249e-13 1.677659398967988e-10 3326
25 3.977448376529205e-13 1.218412760332772e-10 2696
25.25 3.109974620777095e-13 9.983643680870642e-11 2304
25.5 2.480421418635911e-13 8.141699191536694e-11 1934
25.75 1.604862910778566e-13 4.751891379372594e-11 1344
26 9.604393270639027e-14 3.078421320843194e-11 848
26.25 9.239151946504606e-14 3.000805929192419e-11 888
26.5 6.032330352071276e-14 1.758562614946349e-11 584
26.75 3.317953238432969e-14 9.419597656434168e-12 344
27 8.079667031718404e-15 3.560324778884406e-12 102
27.25 8.067092960792163e-15 3.422068408124845e-12 104
27.5 1.637274079342274e-15 8.195056901769149e-13 24
27.75 5.417686454095821e-17 1.280098301218415e-14 1

0.25 1.366841875256502e-09 6.305083813187513e-09 18
0.5 2.05904418076561e-08 2.586687386821954e-08 62
0.75 2.187487968934547e-08 3.963837022750684e-08 98
1 1.82392809685218e-08 1.068776140920785e-07 210
1.25 2.873005092095555e-08 1.881551546860102e-07 350
1.5 3.205234802400162e-08 2.497513731800012e-07 450
1.75 3.478371397642395e-08 3.892134717840528e-07 602
2 3.84752571523557e-08 5.140356030122899e-07 762
2.25 5.463655382453816e-08 8.054217075538178e-07 1142
2.5 6.068285668157911e-08 8.591822286137433e-07 1250
2.75 6.01064944351861e-08 1.075400188202015e-06 1458
3 7.245627131343959e-08 1.25021276790627e-06 1814
3.25 7.738983680759178e-08 1.54685008887212e-06 2178
3.5 8.689716704779604e-08 1.770670596666948e-06 2498
3.75 8.209459367040409e-08 1.818251665343551e-06 2622
4 9.552838303645677e-08 2.345583408966324e-06 3338
4.25 9.282349958154662e-08 2.647191635236968e-06 3722
4.5 9.850256114170247e-08 3.024192709039756e-06 4170
4.75 9.798154660811937e-08 3.055223169642649e-06 4358
5 1.021872668002566e-07 3.58043516298316e-06 5034
5.25 1.155838683101605e-07 4.095326170698748e-06 5714
5.5 1.054240355887132e-07 4.11762361878376e-06 5982
5.75 1.021838687866372e-07 4.384964965423657e-06 6602
6 9.787974441523551e-08 4.484421306687888e-06 7130
6.25 1.017039413461538e-07 4.889354159305097e-06 8034
6.5 9.718169781524591e-08 4.887112632911901e-06 8606
6.75 9.019938719166832e-08 4.886244039138094e-06 9066
7 8.924079110380941e-08 5.005985657410336e-06 9962
7.25 8.512873416971921e-08 5.024338695246437e-06 10550
7.5 7.85491153204691e-08 5.101191565425068e-06 11226
7.75 7.813838700112742e-08 5.291167371659278e-06 12146
8 7.423047957518241e-08 5.078125833558254e-06 12606
8.25 7.158376127050882e-08 5.227314038615149e-06 13802
8.5 6.857661515748017e-08 5.332243166222552e-06 14754
8.75 6.451197348726997e-08 4.942459547014813e-06 15194
9 6.226171357792913e-08 4.994193025839934e-06 16454
9.25 5.704866339936782e-08 4.928042238584982e-06 17154
9.5 5.288035216736085e-08 4.83028087421252e-06 18266
9.75 4.935891706936336e-08 4.475004473289169e-06 18750
10 4.671602250789123e-08 4.378293505874917e-06 20234
10.25 4.372479251837722e-08 4.283336899776549e-06 21450
10.5 3.97242522099611e-08 4.017420389594886e-06 21962
10.75 3.703257063098376e-08 3.808752096879373e-06 23462
11 3.295412528123973e-08 3.515290289128363e-06 24042
11.25 3.091116348469572e-08 3.40343270622363e-06 25946
11.5 2.708217666662346e-08 2.965562666519217e-06 26118
11.75 2.525933982612429e-08 2.858541975139252e-06 27506
12 2.279046805134491e-08 2.679560075594325e-06 29066
12.25 2.064323016596543e-08 2.494845481201466e-06 30450
12.5 1.866801533245414e-08 2.263905440589577e-06 31742
12.75 1.628192843964081e-08 2.089481790751493e-06 32250
13 1.520505817960537e-08 1.939078096166388e-06 34250
13.25 1.352342948701656e-08 1.812970920871133e-06 35454
13.5 1.212731745285365e-08 1.606388788344727e-06 36434
13.75 1.096403494993756e-08 1.472564114488126e-06 37682
14 1.010334492095787e-08 1.389334363602942e-06 39294
14.25 9.329074772247895e-09 1.285847111859248e-06 41426
14.5 8.388729484740969e-09 1.176381281724778e-06 42066
14.75 7.644591399872211e-09 1.098940947365836e-06 43490
15 7.24660441360378e-09 1.01296989033272e-06 45702
15.25 6.764230150974424e-09 9.444780123836542e-07 46634
15.5 6.393155604724877e-09 9.096565471712575e-07 48554
15.75 5.817306015766824e-09 8.595105988847267e-07 48870
16 5.393704514050985e-09 7.971482510702873e-07 50963
16.25 4.353088463283256e-09 6.678591575603318e-07 51576
16.5 3.234144985231228e-09 5.188615147809671e-07 49316
16.75 2.466434042640447e-09 4.098142282944287e-07 49344
17 1.809097605960566e-09 3.138378473204895e-07 47192
17.25 1.439791671659149e-09 2.596825224874163e-07 47576
17.5 1.087298725760433e-09 1.974739010592791e-07 45348
17.75 8.439101696436333e-10 1.60041645652179e-07 44060
18 6.828763075049775e-10 1.318941217510033e-07 43872
18.25 5.230046928263009e-10 1.051254677636184e-07 41756
18.5 4.26535502983248e-10 8.67225359611853e-08 41528
18.75 3.329608670605818e-10 7.032886165139418e-08 39300
19 2.719141657792122e-10 5.759501564480158e-08 38276
19.25 2.18308675137829e-10 4.796077677242148e-08 36900
19.5 1.753278060287175e-10 3.911772538190349e-08 34724
19.75 1.447496168408065e-10 3.301557943028492e-08 33960
20 1.181126989060223e-10 2.691146026079734e-08 32144
20.25 9.752914432987484e-11 2.187645835135931e-08 30704
20.5 8.074198859297623e-11 1.840041941910687e-08 28896
20.75 6.298467375480374e-11 1.527100731099467e-08 26924
21 5.576268911683969e-11 1.29482547448948e-08 25656
21.25 4.19083879912361e-11 1.004085846516805e-08 23228
21.5 3.635435967415178e-11 8.715042645720007e-09 21816
21.75 2.725053998672078e-11 6.764445060185144e-09 19472
22 2.16469847456174e-11 5.469800558977665e-09 17696
22.25 1.623173027757639e-11 4.199382161455592e-09 15588
22.5 1.126974419260451e-11 2.942701954088527e-09 13760
22.75 7.431596340755225e-12 1.987980837930088e-09 11565
23 5.170050874392745e-12 1.407337924057507e-09 10016
23.25 3.562551954997278e-12 1.03778212218153e-09 8652
23.5 2.685552608976686e-12 7.582169096823578e-10 7652
23.75 1.926599775942834e-12 5.594396315826887e-10 6542
24 1.432205590867075e-12 4.294003249448537e-10 5478
24.25 1.139260248656247e-12 3.324810706970169e-10 4886
24.5 8.043407875581497e-13 2.486196012299045e-10 4068
24.75 5.649226796838343e-13 1.80916815109221e-10 3326
25 4.199253546661184e-13 1.413566849180691e-10 2696
25.25 3.387882217169516e-13 1.061166160352649e-10 2304
25.5 2.462979100637456e-13 8.609154995004994e-11 1934
25.75 1.57349277586401e-13 5.423557202825274e-11 1344
26 1.038008858765385e-13 3.422563060710992e-11 848
26.25 1.010870601080254e-13 3.007803498354633e-11 888
26.5 6.132797854880629e-14 1.82767337569282e-11 584
26.75 3.58549162971495e-14 1.215720179633562e-11 344
27 9.687175825465105e-15 3.245164757299472e-12 102
27.25 1.122563893857729e-14 4.425520263823405e-12 104
27.5 2.659951124072148e-15 4.874476120429348e-13 24
27.75 4.012990439343537e-18 8.079896503448371e-15 1

0.25 4.18617376482368e-09 2.370306366344447e-09 18
0.5 1.311968610247531e-08 2.17666262894452e-08 62
0.75 1.899159758081649e-08 2.865148713298924e-08 98
1 3.209753041825689e-08 5.005207616132062e-08 210
1.25 4.464826592178644e-08 9.230180862956552e-08 350
1.5 4.633935775632336e-08 1.183995993803101e-07 450
1.75 5.334059422993019e-08 1.927990035549869e-07 602
2 6.809296095288378e-08 2.781988900906892e-07 762
2.25 8.254684139807989e-08 4.144503643779535e-07 1142
2.5 7.267772600795049e-08 5.422473236934307e-07 1250
2.75 7.616352008410414e-08 6.517591579346899e-07 1458
3 8.380398380427906e-08 8.772578109026994e-07 1814
3.25 9.268369426374375e-08 1.087301328689176e-06 2178
3.5 9.963647550030087e-08 1.27738419528754e-06 2498
3.75 9.483782662128946e-08 1.363426534569974e-06 2622
4 1.056319844431983e-07 1.744858953735893e-06 3338
4.25 1.127316605841946e-07 2.066411893353254e-06 3722
4.5 1.101255835607717e-07 2.327251202476479e-06 4170
4.75 1.044543646797801e-07 2.45087026008595e-06 4358
5 1.17193683793464e-07 2.9669516689291e-06 5034
5.25 1.208801477284721e-07 3.330287723110416e-06 5714
5.5 1.112894473748796e-07 3.479855447883172e-06 5982
5.75 1.095704245783399e-07 3.686120246994085e-06 6602
6 1.063363739423936e-07 3.679814088811449e-06 7130
6.25 1.084432059179894e-07 4.044932130451704e-06 8034
6.5 1.001963969246096e-07 4.253185834624757e-06 8606
6.75 9.588618599575858e-08 4.149810255150414e-06 9066
7 9.170233991243908e-08 4.426352357848796e-06 9962
7.25 8.889729910557696e-08 4.311911262272072e-06 10550
7.5 8.46406749935559e-08 4.371057315061552e-06 11226
7.75 8.266030030621746e-08 4.548594687448192e-06 12146
8 7.678119710944959e-08 4.488696298886942e-06 12606
8.25 7.404355992051671e-08 4.629078961802971e-06 13802
8.5 7.187887708073133e-08 4.614310763073843e-06 14754
8.75 6.714485567798469e-08 4.406105100586889e-06 15194
9 6.399807238996788e-08 4.479983918677389e-06 16454
9.25 5.842389790257662e-08 4.4047800627422e-06 17154
9.5 5.53334001883857e-08 4.293746572424591e-06 18266
9.75 5.002657778324354e-08 4.112171126251189e-06 18750
10 4.816671936742828e-08 4.016242254326709e-06 20234
10.25 4.47513871062921e-08 3.854896139258078e-06 21450
10.5 4.067003714709958e-08 3.590354847479558e-06 21962
10.75 3.733137656217814e-08 3.538364789719207e-06 23462
11 3.357842074799558e-08 3.270538800720905e-06 24042
11.25 3.149666806279125e-08 3.164669009177039e-06 25946
11.5 2.768919478913349e-08 2.835308535023423e-06 26118
11.75 2.568119875828816e-08 2.631387349282309e-06 27506
12 2.346571788010133e-08 2.501578858549406e-06 29066
12.25 2.098067371679518e-08 2.350700609049343e-06 30450
12.5 1.892258284123014e-08 2.17954291303744e-06 31742
12.75 1.671377231318436e-08 1.938080396107419e-06 32250
13 1.557151873379693e-08 1.861414817268217e-06 34250
13.25 1.404476390973917e-08 1.701461873480409e-06 35454
13.5 1.230781654653352e-08 1.527477701965278e-06 36434
13.75 1.114056596027433e-08 1.432580603742085e-06 37682
14 1.036085972816937e-08 1.311824273116584e-06 39294
14.25 9.605248626477443e-09 1.233708447349733e-06 41426
14.5 8.698352813152403e-09 1.134808778517073e-06 42066
14.75 8.088948335933441e-09 1.031432836478204e-06 43490
15 7.527061710710201e-09 9.973925811158547e-07 45702
15.25 6.945165508838669e-09 9.211621503290439e-07 46634
15.5 6.589759657771766e-09 8.882441433536368e-07 48554
15.75 6.140203969571318e-09 8.117262036889346e-07 48870
16 5.627565818728227e-09 7.685842596012951e-07 50963
16.25 4.542450239493151e-09 6.536694017328782e-07 51576
16.5 3.409955760575343e-09 5.006602044172751e-07 49316
16.75 2.571948682638665e-09 3.98903111140815e-07 49344
17 1.910853233876199e-09 3.159870067986861e-07 47192
17.25 1.543622208962792e-09 2.539420061602234e-07 47576
17.5 1.133150614595952e-09 1.991974680748497e-07 45348
17.75 8.838876697422233e-10 1.570994947665849e-07 44060
18 7.117679714543834e-10 1.299987483545971e-07 43872
18.25 5.503990229733163e-10 1.040700428023728e-07 41756
18.5 4.489531848568941e-10 8.700068921614041e-08 41528
18.75 3.543146323860179e-10 6.944191618256434e-08 39300
19 2.842674542224777e-10 5.744213404539711e-08 38276
19.25 2.329669820722694e-10 4.712452253678042e-08 36900
19.5 1.820309310159197e-10 3.912445954456702e-08 34724
19.75 1.550779959891187e-10 3.290613586278903e-08 33960
20 1.2552179037266e-10 2.656121834955013e-08 32144
20.25 1.017912755575037e-10 2.225823379281559e-08 30704
20.5 8.457255244401443e-11 1.857981372544869e-08 28896
20.75 6.835271884495588e-11 1.519063942456722e-08 26924
21 5.812397885031676e-11 1.303317016486782e-08 25656
21.25 4.536394680083704e-11 1.045357676706343e-08 23228
21.5 3.853865696729611e-11 8.842048311198295e-09 21816
21.75 2.904201767333698e-11 6.589839936380951e-09 19472
22 2.385606822845135e-11 5.522048292409689e-09 17696
22.25 1.73627802055444e-11 4.171212417142227e-09 15588
22.5 1.231105754975171e-11 3.077083091294237e-09 13760
22.75 8.05040152712948e-12 2.019794857358206e-09 11565
23 5.43022747153746e-12 1.446930399964554e-09 10016
23.25 3.944679262017787e-12 1.029088933957821e-09 8652
23.5 2.882573683850637e-12 7.919211523441169e-10 7652
23.75 2.057883761526989e-12 5.892912125384889e-10 6542
24 1.533625096217692e-12 4.315449227207069e-10 5478
24.25 1.222171414851576e-12 3.46221780592958e-10 4886
24.5 8.639269113488165e-13 2.600010017335954e-10 4068
24.75 6.096312969715476e-13 1.894006564908918e-10 3326
25 4.818967480084929e-13 1.393680239089271e-10 2696
25.25 3.558203812855171e-13 1.130223117348571e-10 2304
25.5 2.722248723361476e-13 8.899205292336987e-11 1934
25.75 1.635008487959114e-13 5.659155345195865e-11 1344
26 1.105086867683271e-13 3.382905075978839e-11 848
26.25 1.090694996499134e-13 3.542709514700946e-11 888
26.5 6.715203689395501e-14 1.993092572013089e-11 584
26.75 4.074979265925889e-14 1.14313341286294e-11 344
27 1.048864580809794e-14 4.309766572905093e-12 102
27.25 8.903831382789923e-15 3.256509946359361e-12 104
27.5 4.639332524492891e-15 5.87968878450969e-13 24
27.75 9.354089420642946e-17 2.422824623394152e-15 1

0.25 6.139383271985164e-09 4.154098386375102e-09 18
0.5 2.025005720657096e-08 2.723695158160937e-08 62
0.75 1.556298049285111e-08 4.872262286021377e-08 98
1 2.310960926962656e-08 1.394713827107353e-07 210
1.25 2.962857345688291e-08 2.62925210836471e-07 350
1.5 3.028649562493679e-08 3.31717219019003e-07 450
1.75 3.443863741860259e-08 3.945023911437161e-07 602
2 3.407587156255498e-08 5.960042227602549e-07 762
2.25 4.793221917870298e-08 8.203725856139677e-07 1142
2.5 4.585788344237622e-08 9.775867289106903e-07 1250
2.75 4.799415366447816e-08 1.057638295214985e-06 1458
3 5.936109845157793e-08 1.299341766924573e-06 1814
3.25 6.428268759173577e-08 1.538506842240667e-06 2178
3.5 6.842414217193473e-08 1.719180276318298e-06 2498
3.75 6.429569679748514e-08 1.872883952903346e-06 2622
4 7.724238245308256e-08 2.348808440533693e-06 3338
4.25 8.423106454634319e-08 2.647781900042054e-06 3722
4.5 8.413164891573753e-08 2.931961182681665e-06 4170
4.75 8.110357136760322e-08 2.973932692338181e-06 4358
5 9.378329033108847e-08 3.380336055150879e-06 5034
5.25 9.610960471099571e-08 3.83636751418087e-06 5714
5.5 9.023653435627691e-08 3.835070573208234e-06 5982
5.75 8.663188186665838e-08 4.124872785384782e-06 6602
6 8.394240878687815e-08 4.228498205566329e-06 7130
6.25 8.535413024578766e-08 4.531421404956609e-06 8034
6.5 8.53450167485398e-08 4.805887767337563e-06 8606
6.75 7.965629025675034e-08 4.598410218239678e-06 9066
7 7.604115705117097e-08 4.904620264362074e-06 9962
7.25 7.377363445109206e-08 4.931104362347486e-06 10550
7.5 7.083690198132707e-08 4.8242783141496e-06 11226
7.75 6.919734208726449e-08 4.936193568315796e-06 12146
8 6.554903176827981e-08 4.966245730030883e-06 12606
8.25 6.376605424621207e-08 5.091299161226724e-06 13802
8.5 6.303236320782651e-08 5.101453481725289e-06 14754
8.75 5.827352200415477e-08 4.867557545817998e-06 15194
9 5.603784016515395e-08 4.901832360482312e-06 16454
9.25 5.296090217102794e-08 4.81361207870263e-06 17154
9.5 5.052636358111242e-08 4.595562114495084e-06 18266
9.75 4.450150863775247e-08 4.415336496556179e-06 18750
10 4.363438809266586e-08 4.365891278040107e-06 20234
10.25 4.03930482846764e-08 4.177994578427728e-06 21450
10.5 3.702410196649862e-08 3.94342414733068e-06 21962
10.75 3.533781663375249e-08 3.74912935058818e-06 23462
11 3.118424314133318e-08 3.553500044023698e-06 24042
11.25 2.924647395503239e-08 3.361826600663112e-06 25946
11.5 2.563365158655372e-08 3.061528257667194e-06 26118
11.75 2.367505755259633e-08 2.903578073253743e-06 27506
12 2.214702938904632e-08 2.730587646880369e-06 29066
12.25 2.00832873051873e-08 2.505346079247098e-06 30450
12.5 1.781622948464893e-08 2.301116908387316e-06 31742
12.75 1.617783273199142e-08 2.123708126346678e-06 32250
13 1.473903005703306e-08 1.978342823241788e-06 34250
13.25 1.351821420417319e-08 1.814617882254251e-06 35454
13.5 1.188196795259208e-08 1.645867879527035e-06 36434
13.75 1.085251072512289e-08 1.524683590711378e-06 37682
14 1.005838858793079e-08 1.421346971040177e-06 39294
14.25 9.16676405547388e-09 1.328348704522639e-06 41426
14.5 8.205412701176263e-09 1.223653797284436e-06 42066
14.75 7.674084557219362e-09 1.131906590047234e-06 43490
15 7.139523874855933e-09 1.075539237566159e-06 45702
15.25 6.688679596217832e-09 9.989081358377796e-07 46634
15.5 6.329908285832315e-09 9.619042389594725e-07 48554
15.75 5.839707023727851e-09 8.912598292604113e-07 48870
16 5.410020954555727e-09 8.290002519229654e-07 50963
16.25 4.453717168848953e-09 7.12058455646965e-07 51576
16.5 3.348056990617303e-09 5.502445588059556e-07 49316
16.75 2.490646295455888e-09 4.372133589700719e-07 49344
17 1.903723740819955e-09 3.362706104659164e-07 47192
17.25 1.515393058715457e-09 2.743447473579446e-07 47576
17.5 1.151465746564974e-09 2.173572574371088e-07 45348
17.75 8.894267031820055e-10 1.703128117904618e-07 44060
18 7.231181515159868e-10 1.42652967608972e-07 43872
18.25 5.526695729949519e-10 1.129196067963602e-07 41756
18.5 4.436904002056932e-10 9.40545008148945e-08 41528
18.75 3.558127498333318e-10 7.542039359002328e-08 39300
19 2.87082055379623e-10 6.177075236317008e-08 38276
19.25 2.326265688138201e-10 5.260207219513643e-08 36900
19.5 1.855188698443983e-10 4.140949891916557e-08 34724
19.75 1.550928364497461e-10 3.637231097690482e-08 33960
20 1.25980042672168e-10 2.991986433581569e-08 32144
20.25 1.043464102993535e-10 2.455035613187392e-08 30704
20.5 8.612146958767311e-11 2.021325357214079e-08 28896
20.75 6.837090384644941e-11 1.673986418289053e-08 26924
21 5.990524795150305e-11 1.453426037725668e-08 25656
21.25 4.61527035745306e-11 1.117224724195043e-08 23228
21.5 3.93093673375659e-11 9.855040171467435e-09 21816
21.75 2.960007240552844e-11 7.4502496137425e-09 19472
22 2.45735340737149e-11 6.030809060694242e-09 17696
22.25 1.758034429450382e-11 4.644025347758751e-09 15588
22.5 1.238291590116073e-11 3.285437557243163e-09 13760
22.75 8.588490511655988e-12 2.229564462646386e-09 11565
23 5.621690398174777e-12 1.584514635654386e-09 10016
23.25 4.194817457184962e-12 1.15827071510744e-09 8652
23.5 2.988747860070946e-12 8.676424403089875e-10 7652
23.75 2.235965987637318e-12 6.496894354894497e-10 6542
24 1.626235328869283e-12 4.799019588875065e-10 5478
24.25 1.252608550961668e-12 3.719413005287051e-10 4886
24.5 9.224479058297268e-13 2.679518282966786e-10 4068
24.75 6.612129684815487e-13 2.12462464651799e-10 3326
25 5.153051967583585e-13 1.554058048822028e-10 2696
25.25 3.944179950518896e-13 1.182332780131393e-10 2304
25.5 2.94195695632342e-13 9.455883758976092e-11 1934
25.75 1.968122660947013e-13 6.503931598466767e-11 1344
26 1.103346512037702e-13 3.760036289188889e-11 848
26.25 1.209317417661672e-13 3.561210943405767e-11 888
26.5 7.233942255130775e-14 2.274860922904248e-11 584
26.75 3.970581748726076e-14 1.49985786590075e-11 344
27 1.031206619613097e-14 4.902681797702756e-12 102
27.25 1.164614036648574e-14 3.405005782328326e-12 104
27.5 2.015751582013577e-15 1.019241165202784e-12 24
27.75 3.064535137170371e-17 8.840024106394827e-14 1

0.25 1.183724052191891e-09 3.854880953092452e-09 18
0.5 1.244786629957522e-08 3.065611424163758e-08 62
0.75 1.759262993861488e-08 3.288124839623239e-08 98
1 2.221287355191528e-08 9.24724085833302e-08 210
1.25 2.46656894256724e-08 1.614074548888961e-07 350
1.5 3.175958361798384e-08 2.141813523828746e-07 450
1.75 3.675813589795583e-08 3.108059082370121e-07 602
2 4.192810112169287e-08 4.13833659228192e-07 762
2.25 5.06459542448455e-08 5.659204636865609e-07 1142
2.5 5.805652695091846e-08 6.246559581135481e-07 1250
2.75 5.880310015897211e-08 7.729648886580324e-07 1458
3 6.57186260131893e-08 9.430389259877737e-07 1814
3.25 7.484483968764014e-08 1.210442859564416e-06 2178
3.5 7.497858450924848e-08 1.341500858121069e-06 2498
3.75 7.024844512158967e-08 1.504559977605845e-06 2622
4 8.386731315834144e-08 1.929169756468856e-06 3338
4.25 8.963225863860294e-08 2.214233117971905e-06 3722
4.5 8.822335497998208e-08 2.368475854005608e-06 4170
4.75 8.963648315633666e-08 2.517511701029452e-06 4358
5 9.553756174850904e-08 2.979863087126641e-06 5034
5.25 1.014059695319353e-07 3.289607365292612e-06 5714
5.5 9.48435420363496e-08 3.384451890836231e-06 5982
5.75 9.387109641591017e-08 3.508817713373599e-06 6602
6 8.878570892717739e-08 3.579100465273439e-06 7130
6.25 9.11675019443927e-08 3.867154506176242e-06 8034
6.5 8.805851337366812e-08 3.95057512578232e-06 8606
6.75 8.389233929313376e-08 4.07456103544048e-06 9066
7 7.937587854077993e-08 4.248123970260516e-06 9962
7.25 7.524235317336206e-08 4.254740970173103e-06 10550
7.5 7.500683088314314e-08 4.274465703528379e-06 11226
7.75 7.214618087186178e-08 4.411890314923678e-06 12146
8 6.796346559345216e-08 4.35546743021618e-06 12606
8.25 6.669976447034622e-08 4.551194097880611e-06 13802
8.5 6.321827124576196e-08 4.506299070541271e-06 14754
8.75 5.921833045416117e-08 4.316571556498701e-06 15194
9 5.684703636664847e-08 4.388603016070771e-06 16454
9.25 5.41976107274165e-08 4.277791153306381e-06 17154
9.5 5.055566868541107e-08 4.234216722243622e-06 18266
9.75 4.621648299379166e-08 4.025889323301186e-06 18750
10 4.438568088436566e-08 3.938998578370859e-06 20234
10.25 4.132314689936283e-08 3.873141169118823e-06 21450
10.5 3.737870150934348e-08 3.507194898554425e-06 21962
10.75 3.543474605247972e-08 3.419124895170798e-06 23462
11 3.186635062162713e-08 3.25080842908715e-06 24042
11.25 2.975129432821357e-08 3.134610810342226e-06 25946
11.5 2.654789037352632e-08 2.837905097019498e-06 26118
11.75 2.391541354373871e-08 2.678527440926583e-06 27506
12 2.245139961463879e-08 2.521129772110325e-06 29066
12.25 2.013376597113542e-08 2.322928811923446e-06 30450
12.5 1.838167708933266e-08 2.19155968148887e-06 31742
12.75 1.603386035734013e-08 2.005889247319641e-06 32250
13 1.507337451257532e-08 1.868153730922629e-06 34250
13.25 1.375383803633473e-08 1.724085599714927e-06 35454
13.5 1.213168086760933e-08 1.575542550320171e-06 36434
13.75 1.105477191321716e-08 1.456468817576572e-06 37682
14 1.020386848735875e-08 1.352984466688108e-06 39294
14.25 9.59904634378809e-09 1.264416664097819e-06 41426
14.5 8.606621721598687e-09 1.159543570082529e-06 42066
14.75 7.932103618540609e-09 1.102039046274911e-06 43490
15 7.476705120650643e-09 1.022307700136118e-06 45702
15.25 6.906927797051056e-09 9.596609378054023e-07 46634
15.5 6.664960822316009e-09 9.337829433490693e-07 48554
15.75 6.123167004656828e-09 8.654500488722491e-07 48870
16 5.702746990596044e-09 8.174685507144142e-07 50963
16.25 4.712655871880591e-09 6.928099215527813e-07 51576
16.5 3.567715144895132e-09 5.373113480533356e-07 49316
16.75 2.691081259992634e-09 4.243279845199716e-07 49344
17 1.974621856559034e-09 3.301907070049992e-07 47192
17.25 1.600105690157143e-09 2.750770895506464e-07 47576
17.5 1.201854844354077e-09 2.114199273086161e-07 45348
17.75 9.339089927129479e-10 1.731694771386895e-07 44060
18 7.59049617778732e-10 1.420394095166983e-07 43872
18.25 5.836224704386156e-10 1.134282626661233e-07 41756
18.5 4.734092320130913e-10 9.366514003531594e-08 41528
18.75 3.731146039591851e-10 7.473784471462731e-08 39300
19 3.048321253829717e-10 6.231121567086061e-08 38276
19.25 2.462141347144639e-10 5.138291668859523e-08 36900
19.5 1.939381376326987e-10 4.249343870464171e-08 34724
19.75 1.668730215725102e-10 3.602968515357891e-08 33960
20 1.331175624118181e-10 2.930408179381726e-08 32144
20.25 1.11336861871897e-10 2.499282354984882e-08 30704
20.5 9.02221965521231e-11 2.062402878914702e-08 28896
20.75 7.419409502870208e-11 1.688043599601183e-08 26924
21 6.304905766360887e-11 1.4481711045289e-08 25656
21.25 4.898003336706041e-11 1.147010767258594e-08 23228
21.5 4.244002618995354e-11 9.888629771946338e-09 21816
21.75 3.205768744627755e-11 7.756997051929779e-09 19472
22 2.592860038575864e-11 6.133406439470169e-09 17696
22.25 1.913426838595819e-11 4.739540968774126e-09 15588
22.5 1.310547454412423e-11 3.327084095655906e-09 13760
22.75 8.816426075527702e-12 2.368216624017758e-09 11565
23 6.071214251576264e-12 1.648806920694664e-09 10016
23.25 4.331840354285136e-12 1.14827109119953e-09 8652
23.5 3.184274688432124e-12 8.79646313157324e-10 7652
23.75 2.321883062666727e-12 6.693341560492137e-10 6542
24 1.748793250762165e-12 5.059941864246985e-10 5478
24.25 1.296333438650833e-12 3.813010268168832e-10 4886
24.5 9.271154034651541e-13 2.86352703704681e-10 4068
24.75 7.134082671444434e-13 2.141703029861977e-10 3326
25 5.378934111853836e-13 1.617207950294064e-10 2696
25.25 4.639277871673767e-13 1.213323441950115e-10 2304
25.5 3.341318009838733e-13 9.79901795119448e-11 1934
25.75 2.091213307110853e-13 6.591039384459392e-11 1344
26 1.286321501812165e-13 3.76695427828583e-11 848
26.25 1.243812814730769e-13 4.036029110765588e-11 888
26.5 7.878394837532795e-14 2.123485716521269e-11 584
26.75 4.116741755157533e-14 1.446081893063187e-11 344
27 1.766725940912455e-14 4.479796307302265e-12 102
27.25 1.243659552212366e-14 3.168013079096354e-12 104
27.5 1.524119330176038e-15 1.393592355233256e-12 24
27.75 4.361939341769564e-16 7.805444906746569e-15 1

0.25 6.276394756156783e-09 2.284657011100566e-09 18
0.5 2.364171158557404e-08 1.967094620614428e-08 62
0.75 1.995845641863291e-08 2.668881260780692e-08 98
1 3.104036840202244e-08 6.754252293045132e-08 210
1.25 3.640554062247238e-08 1.260924419888323e-07 350
1.5 3.689648129557612e-08 1.499892832985869e-07 450
1.75 4.369753286806638e-08 2.118394550772924e-07 602
2 5.23272805094894e-08 3.027296271713838e-07 762
2.25 6.092106691286809e-08 4.853191219379803e-07 1142
2.5 6.120056689118981e-08 5.446218365329448e-07 1250
2.75 5.699055354985509e-08 6.920025638592511e-07 1458
3 6.700144653117238e-08 8.411076563593123e-07 1814
3.25 7.191407384928065e-08 1.025661155206287e-06 2178
3.5 7.605376462098941e-08 1.226626136726861e-06 2498
3.75 7.29523029023202e-08 1.238727710449251e-06 2622
4 8.851024583135448e-08 1.711066343834085e-06 3338
4.25 9.139093905143346e-08 1.945136893555954e-06 3722
4.5 9.12910040881003e-08 2.058047055239888e-06 4170
4.75 8.527810993407366e-08 2.26465677567284e-06 4358
5 9.789210703432476e-08 2.593669769359207e-06 5034
5.25 9.810136888476609e-08 3.004625403839351e-06 5714
5.5 9.735492870361729e-08 2.968385759943551e-06 5982
5.75 9.11443250072121e-08 3.159493812201447e-06 6602
6 8.827545843441555e-08 3.42570132863183e-06 7130
6.25 9.040489255154127e-08 3.570850229178912e-06 8034
6.5 8.513364051118665e-08 3.696681979084432e-06 8606
6.75 7.819467774509547e-08 3.714626908153817e-06 9066
7 7.895571264727801e-08 3.877799494819131e-06 9962
7.25 7.675259022824689e-08 3.788156992737298e-06 10550
7.5 7.352433623877824e-08 3.925480524191914e-06 11226
7.75 7.119379228578358e-08 4.069845300935714e-06 12146
8 6.717101378581626e-08 4.09764363066272e-06 12606
8.25 6.550421901116259e-08 4.259333394661431e-06 13802
8.5 6.259428887894245e-08 4.161278030323083e-06 14754
8.75 5.7922233649006e-08 4.092196961188298e-06 15194
9 5.584805044030825e-08 4.188763613377213e-06 16454
9.25 5.275087206416359e-08 4.00732207904918e-06 17154
9.5 5.046517306209752e-08 3.929686562566595e-06 18266
9.75 4.517812572374178e-08 3.766985625015478e-06 18750
10 4.384756090579976e-08 3.75548012202689e-06 20234
10.25 4.113958727635419e-08 3.675413214624707e-06 21450
10.5 3.675974788584691e-08 3.378083781549764e-06 21962
10.75 3.471758765138899e-08 3.313127569156786e-06 23462
11 3.128303867550892e-08 3.081590732769242e-06 24042
11.25 2.935526029824763e-08 3.0232362905669e-06 25946
11.5 2.601429156702006e-08 2.740105082352793e-06 26118
11.75 2.358178640225857e-08 2.566292413755287e-06 27506
12 2.211460643691344e-08 2.409111049290877e-06 29066
12.25 2.006627346555655e-08 2.210742734698174e-06 30450
12.5 1.805684835133227e-08 2.108433018927051e-06 31742
12.75 1.652814551123023e-08 1.908866475539301e-06 32250
13 1.528716609541189e-08 1.806009233731471e-06 34250
13.25 1.358508817696424e-08 1.681368581230641e-06 35454
13.5 1.214766770512297e-08 1.512608687272099e-06 36434
13.75 1.107929280096494e-08 1.420655690974777e-06 37682
14 1.017831644435474e-08 1.339817212349892e-06 39294
14.25 9.569373639494701e-09 1.239689021400406e-06 41426
14.5 8.550698519041764e-09 1.116223796234665e-06 42066
14.75 8.016651327993441e-09 1.071232575631952e-06 43490
15 7.545841584869612e-09 1.006880621290662e-06 45702
15.25 6.993894998789253e-09 9.516749682479075e-07 46634
15.5 6.743006196126697e-09 8.91041492778846e-07 48554
15.75 6.176731944886384e-09 8.473943514274628e-07 48870
16 5.818913920186287e-09 8.012130221420868e-07 50963
16.25 4.821454181752577e-09 6.725206871524305e-07 51576
16.5 3.574873067489083e-09 5.317389639217666e-07 49316
16.75 2.719475001096557e-09 4.232792372542223e-07 49344
17 2.039446200509895e-09 3.277694057751411e-07 47192
17.25 1.612388435934793e-09 2.726809957138321e-07 47576
17.5 1.206837725887419e-09 2.1447002291898e-07 45348
17.75 9.468533105890653e-10 1.705854817540841e-07 44060
18 7.709135486385408e-10 1.440297814355154e-07 43872
18.25 5.983148550778787e-10 1.148720948825577e-07 41756
18.5 4.843392933573131e-10 9.45247916374792e-08 41528
18.75 3.809801173734497e-10 7.636142251080689e-08 39300
19 3.108190961139724e-10 6.316719473451451e-08 38276
19.25 2.505886471597504e-10 5.206658906983172e-08 36900
19.5 2.006666341471535e-10 4.253347214438561e-08 34724
19.75 1.689000545299308e-10 3.708310311577086e-08 33960
20 1.375944917361045e-10 3.007813825775363e-08 32144
20.25 1.1482624416379e-10 2.568474278859972e-08 30704
20.5 9.506293474340843e-11 2.070975195786144e-08 28896
20.75 7.603109836375414e-11 1.705268936702244e-08 26924
21 6.470851973759448e-11 1.493083522610806e-08 25656
21.25 5.083304372962521e-11 1.18157312925152e-08 23228
21.5 4.416350950510372e-11 1.017459792995256e-08 21816
21.75 3.404815417376389e-11 7.901374620383999e-09 19472
22 2.665182559150507e-11 6.363191754792297e-09 17696
22.25 1.993301976708828e-11 4.894939274571789e-09 15588
22.5 1.405396000347806e-11 3.517304814329019e-09 13760
22.75 9.04985122448228e-12 2.396104816846694e-09 11565
23 6.256967317303952e-12 1.647071665847293e-09 10016
23.25 4.449462001739063e-12 1.233311322752917e-09 8652
23.5 3.314765190396032e-12 9.419202529956814e-10 7652
23.75 2.471003203037333e-12 6.882757840825711e-10 6542
24 1.734892123042463e-12 5.328900417477724e-10 5478
24.25 1.382055089365428e-12 4.185194131060559e-10 4886
24.5 9.769943704962517e-13 2.955201421568891e-10 4068
24.75 7.500828924428958e-13 2.288032822920371e-10 3326
25 5.897820367830954e-13 1.690035465767678e-10 2696
25.25 4.641874197119678e-13 1.310407228766162e-10 2304
25.5 3.298446789298276e-13 1.000597600838754e-10 1934
25.75 2.15788734164418e-13 7.076213169487012e-11 1344
26 1.340012082072352e-13 4.124443288791655e-11 848
26.25 1.28042439882199e-13 4.168923613277265e-11 888
26.5 7.646010828355022e-14 2.426119322188221e-11 584
26.75 4.497867118986345e-14 1.533241415621567e-11 344
27 1.863302576075346e-14 3.729344623585838e-12 102
27.25 1.38004138509205e-14 4.787256421593658e-12 104
27.5 3.330842946096274e-15 1.061165113451391e-12 24
27.75 1.25463380726131e-16 6.058336433628642e-14 1

0.25 8.400474287517073e-09 7.495283529621677e-09 18
0.5 1.735804209933422e-08 3.391765925302973e-08 62
0.75 1.399503145524827e-08 5.492952232425141e-08 98
1 1.73749790263372e-08 1.170061983959852e-07 210
1.25 2.205834365416244e-08 1.929080425610426e-07 350
1.5 2.249311397485899e-08 2.868173858600644e-07 450
1.75 2.584452130183536e-08 3.787435697696438e-07 602
2 3.66066948771876e-08 4.675761895102904e-07 762
2.25 4.332789361180957e-08 6.878800814262344e-07 1142
2.5 4.431340690586771e-08 7.267924203202884e-07 1250
2.75 4.353447038136638e-08 8.177619045132253e-07 1458
3 5.354093182131007e-08 1.064497634261638e-06 1814
3.25 6.1416535821202e-08 1.299353331550983e-06 2178
3.5 6.041045533419858e-08 1.474499473100954e-06 2498
3.75 5.772821883493344e-08 1.590183896154209e-06 2622
4 6.85385703651922e-08 2.014948376554698e-06 3338
4.25 7.317239761961275e-08 2.228140946066983e-06 3722
4.5 7.609823586350856e-08 2.588878923941729e-06 4170
4.75 7.232667148180037e-08 2.56413534077898e-06 4358
5 7.984934467783182e-08 2.993324062500317e-06 5034
5.25 8.273303357162134e-08 3.314919564964105e-06 5714
5.5 7.931114902689376e-08 3.340202244840161e-06 5982
5.75 7.703876924139719e-08 3.592732114259774e-06 6602
6 7.641328704677013e-08 3.74181311925181e-06 7130
6.25 7.48196599208426e-08 4.018939789227851e-06 8034
6.5 7.232630856990668e-08 3.909452624405374e-06 8606
6.75 6.701591447663936e-08 4.048658996022436e-06 9066
7 6.765044565007838e-08 4.183000749419245e-06 9962
7.25 6.315877750318131e-08 4.268849576930372e-06 10550
7.5 6.193725422334433e-08 4.316316100411523e-06 11226
7.75 6.12650352006868e-08 4.473722720134446e-06 12146
8 5.821828201880784e-08 4.460797916650354e-06 12606
8.25 5.781520112033339e-08 4.47725354909324e-06 13802
8.5 5.619029430193522e-08 4.503981111521495e-06 14754
8.75 5.164595692350035e-08 4.451585966468745e-06 15194
9 5.035692376092829e-08 4.521018379041712e-06 16454
9.25 4.854935410033743e-08 4.338442241256632e-06 17154
9.5 4.457043325946169e-08 4.23350211974397e-06 18266
9.75 4.149109009629344e-08 4.009277105242656e-06 18750
10 3.961264030100544e-08 3.971114350816074e-06 20234
10.25 3.81975574897079e-08 3.885368829232932e-06 21450
10.5 3.432764582333029e-08 3.622631249164171e-06 21962
10.75 3.281276755864523e-08 3.526443488740851e-06 23462
11 2.918096742819678e-08 3.223535020378588e-06 24042
11.25 2.768517354116854e-08 3.160305144454034e-06 25946
11.5 2.457567714629266e-08 2.840154321840607e-06 26118
11.75 2.243543917309407e-08 2.712671229608633e-06 27506
12 2.068740563033847e-08 2.569591396937236e-06 29066
12.25 1.912464774515582e-08 2.355108872700148e-06 30450
12.5 1.72651808204314e-08 2.19887218197523e-06 31742
12.75 1.533829878215773e-08 2.043384867382239e-06 32250
13 1.441262066747126e-08 1.919324291091594e-06 34250
13.25 1.292215650383891e-08 1.761405610793125e-06 35454
13.5 1.15103291752883e-08 1.605507337517448e-06 36434
13.75 1.062336901249547e-08 1.495833893842859e-06 37682
14 9.737999148801723e-09 1.390053901867071e-06 39294
14.25 9.146039259650081e-09 1.295041367468227e-06 41426
14.5 8.185208623772081e-09 1.196983085023361e-06 42066
14.75 7.718305674788273e-09 1.132993357163572e-06 43490
15 7.183291140541166e-09 1.060902081499874e-06 45702
15.25 6.694204288854407e-09 9.819977610464023e-07 46634
15.5 6.414771501330112e-09 9.567832646729678e-07 48554
15.75 6.068694160651502e-09 8.962244399924064e-07 48870
16 5.601913103019115e-09 8.60435040062907e-07 50963
16.25 4.620301252578393e-09 7.179390135188637e-07 51576
16.5 3.517901644803214e-09 5.619943448195148e-07 49316
16.75 2.584362082439443e-09 4.451060419275097e-07 49344
17 1.949494456482385e-09 3.511645993462871e-07 47192
17.25 1.580842927800419e-09 2.890826024329748e-07 47576
17.5 1.197885397578007e-09 2.29311816429933e-07 45348
17.75 9.406887535271488e-10 1.824248442252992e-07 44060
18 7.586914629334543e-10 1.519526522360904e-07 43872
18.25 5.865831075946135e-10 1.198553230167885e-07 41756
18.5 4.846007977758053e-10 1.012587959672056e-07 41528
18.75 3.78234255015621e-10 8.177677012872405e-08 39300
19 3.110320792415954e-10 6.744498619180443e-08 38276
19.25 2.504641664298327e-10 5.469617270314095e-08 36900
19.5 2.047844842829396e-10 4.517431945280015e-08 34724
19.75 1.685509629941228e-10 3.943875281006159e-08 33960
20 1.381525903494831e-10 3.177543179884233e-08 32144
20.25 1.151942771782108e-10 2.690224812351442e-08 30704
20.5 9.468809951156357e-11 2.264799060747686e-08 28896
20.75 7.670685235244494e-11 1.851047381400978e-08 26924
21 6.648913520427823e-11 1.594946908549865e-08 25656
21.25 5.016710643957501e-11 1.289731098925023e-08 23228
21.5 4.514039148047833e-11 1.117907576104585e-08 21816
21.75 3.414006709045615e-11 8.25811755525381e-09 19472
22 2.720846637809252e-11 6.936238966960952e-09 17696
22.25 2.061079808071802e-11 5.248201885980748e-09 15588
22.5 1.412578083882475e-11 3.77558779443926e-09 13760
22.75 9.155089424609077e-12 2.601838987386848e-09 11565
23 6.32372003705019e-12 1.840681261464688e-09 10016
23.25 4.569264170093977e-12 1.358081211201246e-09 8652
23.5 3.387447401701641e-12 9.947921039806471e-10 7652
23.75 2.460716735173312e-12 7.411163290667136e-10 6542
24 1.929525056114965e-12 5.486184026675099e-10 5478
24.25 1.434141892758993e-12 4.439297706495833e-10 4886
24.5 1.004300138119438e-12 3.343687013392455e-10 4068
24.75 7.594083096492113e-13 2.457766320217078e-10 3326
25 5.95156932849417e-13 1.762665401126243e-10 2696
25.25 4.561442045601535e-13 1.557536968374301e-10 2304
25.5 3.324896671946492e-13 1.072882920167865e-10 1934
25.75 2.231967820549605e-13 7.422005683980514e-11 1344
26 1.396709321729468e-13 4.483920679579597e-11 848
26.25 1.325945058898468e-13 4.478833766116409e-11 888
26.5 8.05371808798933e-14 2.666235047146601e-11 584
26.75 4.701467040418438e-14 1.543267346000675e-11 344
27 1.94234251339925e-14 5.562024891907623e-12 102
27.25 1.413709406643812e-14 4.573332268158253e-12 104
27.5 4.554774321705193e-15 8.914037229501058e-13 24
27.75 2.39465865196806e-17 8.402599836091486e-16 1

0.25 2.807147055933972e-09 9.984834359249969e-09 18
0.5 1.547380905615522e-08 2.134491162204114e-08 62
0.75 1.625175816445586e-08 3.063366640598348e-08 98
1 2.221344525808382e-08 5.959199449483012e-08 210
1.25 2.402175213555519e-08 1.140206466180588e-07 350
1.5 2.545792145043777e-08 1.587650808171685e-07 450
1.75 2.964414026411859e-08 2.068468254049817e-07 602
2 3.64581276460336e-08 2.762289823105278e-07 762
2.25 4.667723805804312e-08 4.023924529141044e-07 1142
2.5 4.639683613423766e-08 4.975775075453631e-07 1250
2.75 5.007509806806946e-08 5.339247491652188e-07 1458
3 5.678340778187743e-08 8.003944792945253e-07 1814
3.25 6.70799283083106e-08 9.075931401111344e-07 2178
3.5 6.860133722909223e-08 1.165481352636314e-06 2498
3.75 6.671008947566145e-08 1.19264962947703e-06 2622
4 7.996478320857109e-08 1.621776004173917e-06 3338
4.25 8.205726759091505e-08 1.791372867891822e-06 3722
4.5 8.3823115348021e-08 2.015900190801751e-06 4170
4.75 7.786744864480833e-08 2.158073269165053e-06 4358
5 8.815933072223509e-08 2.409104330070099e-06 5034
5.25 8.77509848802072e-08 2.753380665109134e-06 5714
5.5 8.555515456538976e-08 2.812260054364818e-06 5982
5.75 8.422649208130372e-08 2.946381592798724e-06 6602
6 7.999833304275054e-08 3.11418911858607e-06 7130
6.25 8.183951093419581e-08 3.257145146600608e-06 8034
6.5 7.684211443221062e-08 3.295980872857428e-06 8606
6.75 7.512653277016797e-08 3.437834683280463e-06 9066
7 7.150937780071973e-08 3.573143243692613e-06 9962
7.25 7.032654899662139e-08 3.579533339663268e-06 10550
7.5 6.762749307242091e-08 3.667957632786063e-06 11226
7.75 6.581361348766782e-08 3.864207716259211e-06 12146
8 6.084186698302495e-08 3.751280934132684e-06 12606
8.25 6.079741692500008e-08 3.991448080851423e-06 13802
8.5 5.891339518708703e-08 3.927713364572714e-06 14754
8.75 5.545062975747136e-08 3.836215232214943e-06 15194
9 5.401702376778651e-08 3.901750169238151e-06 16454
9.25 5.014173497611219e-08 3.811626276208122e-06 17154
9.5 4.711879917156231e-08 3.810469757320076e-06 18266
9.75 4.337360018227595e-08 3.646290105572109e-06 18750
10 4.162682968830719e-08 3.547998795825121e-06 20234
10.25 3.918864114488578e-08 3.499877858278977e-06 21450
10.5 3.543432228971903e-08 3.312701651968271e-06 21962
10.75 3.312431463034456e-08 3.160665120460874e-06 23462
11 3.001379505520334e-08 2.971495529778253e-06 24042
11.25 2.837182528473368e-08 2.872718236699301e-06 25946
11.5 2.512707994722798e-08 2.635249881800264e-06 26118
11.75 2.335763287617659e-08 2.513517422980325e-06 27506
12 2.135436224095101e-08 2.341344402080904e-06 29066
12.25 1.962746675865802e-08 2.207998425056122e-06 30450
12.5 1.776884083096878e-08 2.031838579769966e-06 31742
12.75 1.586685386549141e-08 1.883820006340513e-06 32250
13 1.45772521905019e-08 1.803863828676036e-06 34250
13.25 1.328798536039811e-08 1.663837482866676e-06 35454
13.5 1.20560849747839e-08 1.501124034140053e-06 36434
13.75 1.078584808244262e-08 1.390224445192786e-06 37682
14 1.003962239517075e-08 1.308078527136167e-06 39294
14.25 9.486730311967387e-09 1.228715358212373e-06 41426
14.5 8.533177023222887e-09 1.146903524877444e-06 42066
14.75 7.945566237111406e-09 1.074176399880821e-06 43490
15 7.537458409498883e-09 1.032315369800381e-06 45702
15.25 6.960884101074569e-09 9.494158382608661e-07 46634
15.5 6.63107168999169e-09 9.138349406330503e-07 48554
15.75 6.245046843233071e-09 8.715629795685986e-07 48870
16 5.841461378991419e-09 8.127974308008908e-07 50963
16.25 4.838215788574243e-09 6.873074858368031e-07 51576
16.5 3.683613273633714e-09 5.441076965494169e-07 49316
16.75 2.730908201180294e-09 4.333360354104211e-07 49344
17 2.059996169014145e-09 3.332624405514665e-07 47192
17.25 1.661036036048728e-09 2.800693810579796e-07 47576
17.5 1.243238571724409e-09 2.202685491863836e-07 45348
17.75 9.903222418559073e-10 1.756583611230308e-07 44060
18 7.945958386044018e-10 1.479215212920178e-07 43872
18.25 6.176668843317282e-10 1.171215250381584e-07 41756
18.5 5.071780543378963e-10 9.85732189451756e-08 41528
18.75 4.022611321796833e-10 7.960583517994017e-08 39300
19 3.265718130953717e-10 6.529719749884743e-08 38276
19.25 2.626691157761351e-10 5.38567796624572e-08 36900
19.5 2.141677232036401e-10 4.488462003960021e-08 34724
19.75 1.789959212422508e-10 3.8468153320426e-08 33960
20 1.438468494372763e-10 3.15426374130972e-08 32144
20.25 1.201891544972419e-10 2.723159035469829e-08 30704
20.5 9.921192716286679e-11 2.266810565777185e-08 28896
20.75 7.968437796380136e-11 1.795733249819359e-08 26924
21 7.037920818852111e-11 1.607440200348003e-08 25656
21.25 5.445547876875785e-11 1.256823227340795e-08 23228
21.5 4.769296572446076e-11 1.099087607205284e-08 21816
21.75 3.52893356143431e-11 8.430781691687913e-09 19472
22 2.878566232724605e-11 7.041368560909706e-09 17696
22.25 2.159570195847812e-11 5.211109566731843e-09 15588
22.5 1.457388551680387e-11 3.764501208114204e-09 13760
22.75 1.007178341867392e-11 2.555096198115159e-09 11565
23 6.690124604602218e-12 1.845742098867442e-09 10016
23.25 4.859563355846361e-12 1.336876376296228e-09 8652
23.5 3.607750927306144e-12 1.022915106367075e-09 7652
23.75 2.574982295187105e-12 7.676973527481792e-10 6542
24 1.994474382077847e-12 5.594162463078224e-10 5478
24.25 1.511868318237314e-12 4.338321821251899e-10 4886
24.5 1.102176755536738e-12 3.324940322070723e-10 4068
24.75 8.304214031298953e-13 2.481882536113701e-10 3326
25 6.098035290408916e-13 1.941381818596419e-10 2696
25.25 4.683972407293473e-13 1.47308653127307e-10 2304
25.5 3.945719710613283e-13 1.062477872611571e-10 1934
25.75 2.44020782538116e-13 7.945150550434504e-11 1344
26 1.355923008982795e-13 4.385916098139004e-11 848
26.25 1.48521125001594e-13 4.598800455211075e-11 888
26.5 9.209619843845381e-14 3.034365744009695e-11 584
26.75 4.977416717460989e-14 1.600540378268492e-11 344
27 1.635173526823327e-14 5.599116949562388e-12 102
27.25 1.664343525671361e-14 3.998680017625302e-12 104
27.5 3.946104289629927e-15 1.076852940642581e-12 24
27.75 6.768895077140195e-17 2.753920224411775e-14 1

0.25 1.042925405815742e-08 8.15822624057733e-09 18
0.5 2.136652022026568e-08 2.51770184168056e-08 62
0.75 2.117823851128942e-08 3.17915576853043e-08 98
1 2.271774573342562e-08 9.106745535697984e-08 210
1.25 2.521628100122733e-08 1.193274170769303e-07 350
1.5 2.660108969062976e-08 1.708972489754149e-07 450
1.75 3.034609145883522e-08 2.423380844558552e-07 602
2 3.80008933357866e-08 3.569871334837246e-07 762
2.25 4.509873952260505e-08 4.599707698187489e-07 1142
2.5 4.43149253882245e-08 4.958817092517375e-07 1250
2.75 4.734455295404544e-08 6.060775171055309e-07 1458
3 5.754687199871457e-08 7.63351906545244e-07 1814
3.25 6.42221149789681e-08 9.421049787863212e-07 2178
3.5 6.339305670858141e-08 1.074941186017539e-06 2498
3.75 6.307058343412243e-08 1.215589448978047e-06 2622
4 7.643192061104395e-08 1.493418530590314e-06 3338
4.25 7.404493561182216e-08 1.645701696101883e-06 3722
4.5 7.585376256959302e-08 1.91431720017736e-06 4170
4.75 7.80218612878667e-08 2.042905966085824e-06 4358
5 8.359040391921252e-08 2.30239515190834e-06 5034
5.25 8.521168246506428e-08 2.565855687751965e-06 5714
5.5 7.867819445050936e-08 2.633992091104883e-06 5982
5.75 7.997324732882425e-08 2.858285213405329e-06 6602
6 7.753613245605774e-08 2.914665612845639e-06 7130
6.25 7.782885217531919e-08 3.140753739190925e-06 8034
6.5 7.271870186619601e-08 3.266438973012425e-06 8606
6.75 6.914596246761672e-08 3.2414625369115e-06 9066
7 6.995780569238275e-08 3.435390157746038e-06 9962
7.25 6.60507818490836e-08 3.463988679657606e-06 10550
7.5 6.445265411355627e-08 3.589302471070719e-06 11226
7.75 6.373540989651432e-08 3.769255450155508e-06 12146
8 6.019475431679465e-08 3.613758527828253e-06 12606
8.25 5.850157712485438e-08 3.813337530298171e-06 13802
8.5 5.721108060153691e-08 3.844475153345039e-06 14754
8.75 5.279420370432869e-08 3.767202464826534e-06 15194
9 5.117467751046731e-08 3.826158353584608e-06 16454
9.25 4.783763604163561e-08 3.644366870885602e-06 17154
9.5 4.610311720310817e-08 3.695130350848968e-06 18266
9.75 4.26323697797724e-08 3.546866796080948e-06 18750
10 4.03884311088558e-08 3.56326304286032e-06 20234
10.25 3.831277546427056e-08 3.439900636716863e-06 21450
10.5 3.433195671819642e-08 3.199711297017976e-06 21962
10.75 3.20517662818577e-08 3.114539728371369e-06 23462
11 2.886496050047172e-08 2.913346013462102e-06 24042
11.25 2.732161132068024e-08 2.810602485361331e-06 25946
11.5 2.469723373650216e-08 2.589176439904636e-06 26118
11.75 2.272134347235394e-08 2.460500566770691e-06 27506
12 2.09857248543299e-08 2.330280409427365e-06 29066
12.25 1.906959637698343e-08 2.167007651721648e-06 30450
12.5 1.709011523576703e-08 2.057920117790035e-06 31742
12.75 1.551870994835566e-08 1.840479567657924e-06 32250
13 1.450826746319663e-08 1.773533490787327e-06 34250
13.25 1.320130442020571e-08 1.638477564210967e-06 35454
13.5 1.180828344017503e-08 1.4730375977241e-06 36434
13.75 1.078261512585167e-08 1.37247161382434e-06 37682
14 9.982346820083397e-09 1.310993266484924e-06 39294
14.25 9.336558116436331e-09 1.222771418144777e-06 41426
14.5 8.569924071094245e-09 1.151171788925359e-06 42066
14.75 7.794349479026419e-09 1.05693492781978e-06 43490
15 7.526132114154761e-09 1.021509418353971e-06 45702
15.25 6.947441239205436e-09 9.536135978942671e-07 46634
15.5 6.687237057132827e-09 9.121166505824396e-07 48554
15.75 6.215759192338044e-09 8.545450320082956e-07 48870
16 5.876909987749969e-09 8.123131538488738e-07 50963
16.25 4.826165431103074e-09 6.94846563552595e-07 51576
16.5 3.590860101130169e-09 5.467409605406784e-07 49316
16.75 2.721707709399866e-09 4.271278970797492e-07 49344
17 2.099017150610645e-09 3.411913714992865e-07 47192
17.25 1.648418419705038e-09 2.829247124187264e-07 47576
17.5 1.266136798631945e-09 2.195442955392892e-07 45348
17.75 9.843781352569344e-10 1.780807183016221e-07 44060
18 8.016461739133558e-10 1.49826022658331e-07 43872
18.25 6.238840688745735e-10 1.189987866379046e-07 41756
18.5 5.066622728533678e-10 9.913706458364387e-08 41528
18.75 4.05131648470998e-10 8.124203975868936e-08 39300
19 3.24111375349612e-10 6.712867207571582e-08 38276
19.25 2.690383434067007e-10 5.585145431860636e-08 36900
19.5 2.138333511330419e-10 4.554602971514465e-08 34724
19.75 1.839817085898711e-10 3.889923626706403e-08 33960
20 1.489828378027125e-10 3.245635291834768e-08 32144
20.25 1.256341295281898e-10 2.754307332932765e-08 30704
20.5 1.030131997994222e-10 2.298677292941445e-08 28896
20.75 8.325205554825331e-11 1.836223230153305e-08 26924
21 7.223534366107682e-11 1.623658850205045e-08 25656
21.25 5.470759154148101e-11 1.29040211391538e-08 23228
21.5 4.768993920058116e-11 1.161017502052092e-08 21816
21.75 3.59893519584895e-11 8.670084115961856e-09 19472
22 3.004332686365974e-11 7.209426337550282e-09 17696
22.25 2.189661106847413e-11 5.416238531645429e-09 15588
22.5 1.559349384685686e-11 3.831180950298936e-09 13760
22.75 1.000655701269947e-11 2.659624416500125e-09 11565
23 7.151273738314062e-12 1.894348282655432e-09 10016
23.25 5.138897056245135e-12 1.423125812628257e-09 8652
23.5 3.81309323792698e-12 1.029922691364029e-09 7652
23.75 2.760773485959852e-12 7.693916422254778e-10 6542
24 2.06091600596406e-12 5.936503504248382e-10 5478
24.25 1.602906102540657e-12 4.77620104337658e-10 4886
24.5 1.153834991172516e-12 3.412400494052268e-10 4068
24.75 8.492519972673689e-13 2.720840487448123e-10 3326
25 6.125914481683731e-13 1.98040924175687e-10 2696
25.25 5.029636802789521e-13 1.614680490586471e-10 2304
25.5 4.073604974527393e-13 1.154997758772812e-10 1934
25.75 2.472393059195362e-13 7.791969661195754e-11 1344
26 1.499170161772888e-13 4.758794920859465e-11 848
26.25 1.546346940045889e-13 5.230907112860863e-11 888
26.5 9.581204895662631e-14 2.969039858986472e-11 584
26.75 5.389100510091549e-14 1.694146365206628e-11 344
27 1.645021999527509e-14 4.735553918018526e-12 102
27.25 1.56835366228991e-14 4.440573796106385e-12 104
27.5 5.038616364811664e-15 8.788330471312225e-13 24
27.75 1.324966763837612e-16 6.676265104484613e-14 1

0.25 1.472148459630937e-08 4.105470039778486e-09 18
0.5 1.980701602364538e-08 1.950281191511977e-08 62
0.75 1.873417744643003e-08 4.524159897188748e-08 98
1 2.136613480636064e-08 8.886089860516297e-08 210
1.25 2.139011319400795e-08 1.507516664261289e-07 350
1.5 2.394072071924973e-08 2.168354167099036e-07 450
1.75 2.328612073776374e-08 3.125778725438635e-07 602
2 3.029231172972223e-08 3.854981712832995e-07 762
2.25 3.956334089317395e-08 5.999153015092863e-07 1142
2.5 3.788597380106749e-08 6.290924505142443e-07 1250
2.75 4.010323120730304e-08 7.226869377483411e-07 1458
3 4.682798532851712e-08 9.182127540753072e-07 1814
3.25 5.170869923022884e-08 1.102689597893488e-06 2178
3.5 5.450530080712087e-08 1.281611409599403e-06 2498
3.75 5.325729932276927e-08 1.308677403687182e-06 2622
4 6.18608399744526e-08 1.706860710109122e-06 3338
4.25 6.396984816838573e-08 1.943547788310304e-06 3722
4.5 6.698677556772536e-08 2.119919276018159e-06 4170
4.75 6.347324723392016e-08 2.244380330053764e-06 4358
5 7.236050201759093e-08 2.511425366540207e-06 5034
5.25 7.467186197435937e-08 2.719725994974273e-06 5714
5.5 6.805055573732116e-08 2.883324076955469e-06 5982
5.75 6.834970651922272e-08 3.096417784662733e-06 6602
6 6.613813690561525e-08 3.222018292908123e-06 7130
6.25 6.708470229023135e-08 3.499612421127599e-06 8034
6.5 6.23003099156262e-08 3.488231290197179e-06 8606
6.75 5.953200727478228e-08 3.490094330346795e-06 9066
7 6.028923796147332e-08 3.690895804509132e-06 9962
7.25 5.906096361636561e-08 3.723533058993898e-06 10550
7.5 5.752139377831375e-08 3.785479249432927e-06 11226
7.75 5.669869162723745e-08 4.00485872217776e-06 12146
8 5.287405967013122e-08 3.886249900101651e-06 12606
8.25 5.341561373162794e-08 3.939826152454737e-06 13802
8.5 5.06002683505128e-08 4.081045109288324e-06 14754
8.75 4.815124677351718e-08 3.967106661003785e-06 15194
9 4.742358843449565e-08 4.038892814419344e-06 16454
9.25 4.438041335351299e-08 3.893117055281689e-06 17154
9.5 4.153648537741192e-08 3.89991728195584e-06 18266
9.75 4.008703889974446e-08 3.672791405975044e-06 18750
10 3.786844413548642e-08 3.628706119662905e-06 20234
10.25 3.553498929125334e-08 3.665192727799887e-06 21450
10.5 3.238324437496523e-08 3.353731721461598e-06 21962
10.75 3.032826676438072e-08 3.263066743683955e-06 23462
11 2.790359471241336e-08 3.033904405806046e-06 24042
11.25 2.589565830246815e-08 2.998330572786889e-06 25946
11.5 2.339943755412211e-08 2.681615947025869e-06 26118
11.75 2.125232446099051e-08 2.580543965587874e-06 27506
12 1.999088159496111e-08 2.410499306094605e-06 29066
12.25 1.806989206908863e-08 2.275848329441726e-06 30450
12.5 1.650146893118585e-08 2.136886214028043e-06 31742
12.75 1.45768731580628e-08 1.886363683807912e-06 32250
13 1.396232477739414e-08 1.848475012185434e-06 34250
13.25 1.244713092958229e-08 1.722937411973581e-06 35454
13.5 1.128562910341839e-08 1.550080952014935e-06 36434
13.75 1.037297655389491e-08 1.444708249675298e-06 37682
14 9.79302011150794e-09 1.363101694742724e-06 39294
14.25 8.863744820594559e-09 1.265405385009392e-06 41426
14.5 8.201105456150329e-09 1.19231721059196e-06 42066
14.75 7.58279068951071e-09 1.121619670286594e-06 43490
15 7.149855942844152e-09 1.0754861226483e-06 45702
15.25 6.725809192617037e-09 1.005106412843654e-06 46634
15.5 6.388617738322972e-09 9.674099027133345e-07 48554
15.75 6.140342612556852e-09 9.026191483935888e-07 48870
16 5.691817767906542e-09 8.505898172971418e-07 50963
16.25 4.674494506287832e-09 7.283854253334975e-07 51576
16.5 3.455335194835669e-09 5.731342444279528e-07 49316
16.75 2.702949534819827e-09 4.519331931162038e-07 49344
17 2.044665539466778e-09 3.578928814704401e-07 47192
17.25 1.60980794493926e-09 2.965115179484877e-07 47576
17.5 1.238865277991307e-09 2.347729577109427e-07 45348
17.75 9.539716912178645e-10 1.857965952196157e-07 44060
18 7.910536784062676e-10 1.570180854119163e-07 43872
18.25 6.135434069375528e-10 1.235231286276419e-07 41756
18.5 5.04619513217029e-10 1.049869653732297e-07 41528
18.75 4.045207774849944e-10 8.463196859845778e-08 39300
19 3.200742380011892e-10 7.045381759384522e-08 38276
19.25 2.684878755240219e-10 5.964696443285272e-08 36900
19.5 2.137072311306289e-10 4.843752151665944e-08 34724
19.75 1.838748392939737e-10 4.105979846798755e-08 33960
20 1.492972083142434e-10 3.390640657998225e-08 32144
20.25 1.248723666268636e-10 2.904985597471357e-08 30704
20.5 1.038652501310826e-10 2.399618614834838e-08 28896
20.75 8.119973899163157e-11 1.974688213663001e-08 26924
21 7.287341859210263e-11 1.763225818278393e-08 25656
21.25 5.583966033216934e-11 1.383581483864734e-08 23228
21.5 4.801834954370631e-11 1.205141426509774e-08 21816
21.75 3.675118481784627e-11 9.033326768838183e-09 19472
22 2.95355608571163e-11 7.587371166917439e-09 17696
22.25 2.268708512329947e-11 5.806503378192089e-09 15588
22.5 1.535369274342812e-11 4.101083598580563e-09 13760
22.75 1.031759702850534e-11 2.841852652240538e-09 11565
23 7.185885792943942e-12 2.024667335254234e-09 10016
23.25 5.106291450137301e-12 1.491785969659405e-09 8652
23.5 3.824772278372492e-12 1.140783090093204e-09 7652
23.75 2.751943269946552e-12 8.743386234370062e-10 6542
24 2.116179433253982e-12 6.132671179806805e-10 5478
24.25 1.636437173381578e-12 5.04788341703184e-10 4886
24.5 1.224938246552857e-12 3.645130944724891e-10 4068
24.75 9.035409111904174e-13 2.872865737909248e-10 3326
25 6.570600548012631e-13 2.07401316213388e-10 2696
25.25 5.420884447537749e-13 1.607940141190863e-10 2304
25.5 3.941896599844774e-13 1.260742902435297e-10 1934
25.75 2.660429146515557e-13 8.213455404612054e-11 1344
26 1.528906664922559e-13 4.740765769887993e-11 848
26.25 1.662684114085121e-13 5.155088467718615e-11 888
26.5 9.68447206602781e-14 3.162526751435676e-11 584
26.75 5.893462446549754e-14 1.976033550954771e-11 344
27 1.752770530619621e-14 7.353653665150577e-12 102
27.25 1.396453501591465e-14 5.41301655200353e-12 104
27.5 3.764636268704314e-15 8.396763732891564e-13 24
27.75 9.410584612161769e-22 8.482813377702383e-14 1

0.25 2.524487764339577e-09 1.095884877507802e-08 18
0.5 1.558240378141467e-08 2.249177414024444e-08 62
0.75 1.593885090979993e-08 2.875537856708918e-08 98
1 1.982565126053769e-08 4.210787454093801e-08 210
1.25 2.022173191299706e-08 8.445484301291005e-08 350
1.5 2.554025426577679e-08 1.365036409057776e-07 450
1.75 3.04827900813548e-08 1.842863243385847e-07 602
2 3.387495335933928e-08 2.486200019407879e-07 762
2.25 4.405018032201059e-08 3.776019468991744e-07 1142
2.5 4.292694924138354e-08 4.266235826519291e-07 1250
2.75 4.818444880785971e-08 4.833851617222503e-07 1458
3 5.324888894975325e-08 6.477336924017349e-07 1814
3.25 5.808455506696707e-08 8.368373020727109e-07 2178
3.5 5.959730259848072e-08 9.795899377874672e-07 2498
3.75 5.927508266594328e-08 9.912446052648575e-07 2622
4 6.86037216677023e-08 1.331045715891094e-06 3338
4.25 7.06133891549297e-08 1.477394845533754e-06 3722
4.5 7.346091480685601e-08 1.711806728917267e-06 4170
4.75 7.240304728205958e-08 1.899599131029075e-06 4358
5 7.671795041843887e-08 2.119241433056085e-06 5034
5.25 7.756521876573528e-08 2.34915754162412e-06 5714
5.5 7.390966436245032e-08 2.407717844566329e-06 5982
5.75 7.077826430260609e-08 2.569124731525542e-06 6602
6 7.289055482968026e-08 2.663044581618065e-06 7130
6.25 7.182180653586891e-08 2.863107620463692e-06 8034
6.5 6.836258691245801e-08 2.900126207934752e-06 8606
6.75 6.457948826849344e-08 2.906680809718947e-06 9066
7 6.419725557649454e-08 3.117672788685135e-06 9962
7.25 6.285023596786191e-08 3.140886138618273e-06 10550
7.5 6.135856549550343e-08 3.23976270480386e-06 11226
7.75 5.917340760613538e-08 3.449931922486668e-06 12146
8 5.530489118739384e-08 3.385672143371382e-06 12606
8.25 5.599183253108825e-08 3.58554023721555e-06 13802
8.5 5.384201273881339e-08 3.560947697506e-06 14754
8.75 4.919749015172693e-08 3.531152561604592e-06 15194
9 4.88862010806185e-08 3.497229979491802e-06 16454
9.25 4.5446644008725e-08 3.422463744423854e-06 17154
9.5 4.36252515408301e-08 3.423222277893248e-06 18266
9.75 4.068304692075354e-08 3.363817200751786e-06 18750
10 3.891886235458452e-08 3.284220315304877e-06 20234
10.25 3.667763166823118e-08 3.282988451818296e-06 21450
10.5 3.338037704555353e-08 3.073838403952676e-06 21962
10.75 3.140200998244057e-08 3.01115880262462e-06 23462
11 2.824902643846671e-08 2.822981352542493e-06 24042
11.25 2.68258642190305e-08 2.705124696697143e-06 25946
11.5 2.361586376919934e-08 2.47589953997973e-06 26118
11.75 2.212008998273914e-08 2.373202603608055e-06 27506
12 2.043561423043784e-08 2.223577477142076e-06 29066
12.25 1.845202097366401e-08 2.126543782823867e-06 30450
12.5 1.710397919267991e-08 1.944725689846037e-06 31742
12.75 1.515905577833641e-08 1.780462345127179e-06 32250
13 1.430385323633764e-08 1.677184944656895e-06 34250
13.25 1.280405460774889e-08 1.585117266836987e-06 35454
13.5 1.153404414077755e-08 1.466467986740977e-06 36434
13.75 1.060781055701751e-08 1.375345476267015e-06 37682
14 9.939789676535056e-09 1.282665682275598e-06 39294
14.25 9.312617240897683e-09 1.198963201058757e-06 41426
14.5 8.4831918002678e-09 1.123403301341417e-06 42066
14.75 7.774769512419516e-09 1.051674604531396e-06 43490
15 7.622803437357726e-09 9.94826127462077e-07 45702
15.25 7.052544436873689e-09 9.530997093737961e-07 46634
15.5 6.699373191471908e-09 9.120972522621893e-07 48554
15.75 6.448863266419365e-09 8.674587062778232e-07 48870
16 5.858574445475936e-09 8.153965385050503e-07 50963
16.25 4.865168031299543e-09 6.948715173535966e-07 51576
16.5 3.629568203446114e-09 5.469417481070579e-07 49316
16.75 2.792224496134592e-09 4.382166315582568e-07 49344
17 2.128812013637604e-09 3.497889961933739e-07 47192
17.25 1.673772791616645e-09 2.856929609310106e-07 47576
17.5 1.287176953770067e-09 2.287596257011253e-07 45348
17.75 1.009470949590057e-09 1.811098702132509e-07 44060
18 8.180974432822577e-10 1.529922289325279e-07 43872
18.25 6.413250340709419e-10 1.21534349430128e-07 41756
18.5 5.283604366122844e-10 1.016488181583938e-07 41528
18.75 4.178458242051027e-10 8.413567221978343e-08 39300
19 3.345406008711139e-10 6.912679981033164e-08 38276
19.25 2.794890728019993e-10 5.806538200662146e-08 36900
19.5 2.269286201449514e-10 4.685225376840905e-08 34724
19.75 1.914816211114007e-10 4.082716843467624e-08 33960
20 1.539506890789535e-10 3.393344907068958e-08 32144
20.25 1.307064919324826e-10 2.802332363852208e-08 30704
20.5 1.066275222893157e-10 2.390131308461159e-08 28896
20.75 8.569886626528477e-11 1.960774653872306e-08 26924
21 7.605618634176141e-11 1.713540756901416e-08 25656
21.25 5.850993408444799e-11 1.369221787368671e-08 23228
21.5 5.060046354164139e-11 1.178723479616356e-08 21816
21.75 3.892301409773469e-11 9.190836181126852e-09 19472
22 3.100427482261834e-11 7.483212283317143e-09 17696
22.25 2.380790851829686e-11 5.733130787224602e-09 15588
22.5 1.610087129799882e-11 4.127675513890928e-09 13760
22.75 1.091626265775095e-11 2.851949453846252e-09 11565
23 7.55023175355171e-12 1.989821395148295e-09 10016
23.25 5.511308032339357e-12 1.482564096244476e-09 8652
23.5 3.965123783617642e-12 1.118304405094055e-09 7652
23.75 2.98404573527485e-12 8.409670613772387e-10 6542
24 2.284637212757369e-12 6.388593095853457e-10 5478
24.25 1.712786137918337e-12 4.945717397919429e-10 4886
24.5 1.25385282881322e-12 3.777815746251263e-10 4068
24.75 9.182895104849723e-13 2.90455658384888e-10 3326
25 7.143855370580916e-13 2.080615452545756e-10 2696
25.25 5.554792145412356e-13 1.725514729684837e-10 2304
25.5 4.291043808738784e-13 1.285424161772794e-10 1934
25.75 2.823215286339719e-13 8.423432473923479e-11 1344
26 1.61675913773305e-13 4.948483294763877e-11 848
26.25 1.728120113086177e-13 5.034852902898642e-11 888
26.5 1.221425753784341e-13 3.165341055166761e-11 584
26.75 5.995396933568721e-14 1.925531340781192e-11 344
27 1.606516589725957e-14 6.545361590916127e-12 102
27.25 1.560778262223123e-14 6.298241283644725e-12 104
27.5 2.906245431891053e-15 1.464730838483144e-12 24
27.75 4.147379439361272e-16 1.201949700696353e-15 1

0.25 5.575688245465201e-09 1.372534112313164e-08 18
0.5 1.305211401159033e-08 3.611653670225106e-08 62
0.75 2.002927668754877e-08 3.800835260226384e-08 98
1 1.910916654103041e-08 7.138887945121514e-08 210
1.25 2.317133465931371e-08 1.083305280312709e-07 350
1.5 2.722740579208426e-08 1.650044474202233e-07 450
1.75 3.106622455791977e-08 2.296061165818627e-07 602
2 3.299055569115121e-08 2.613890974714609e-07 762
2.25 4.37870091959433e-08 4.215892630971656e-07 1142
2.5 4.082929653481391e-08 4.130670268548479e-07 1250
2.75 4.390353255972773e-08 5.137776037906301e-07 1458
3 5.070389906186911e-08 6.777610101500913e-07 1814
3.25 5.339910907636274e-08 8.103758496199663e-07 2178
3.5 5.863978226428094e-08 9.400882599469861e-07 2498
3.75 5.436487058218925e-08 1.064626457920296e-06 2622
4 6.627430219318963e-08 1.37391542694884e-06 3338
4.25 6.765947363161385e-08 1.430366262624782e-06 3722
4.5 6.984376017245628e-08 1.689568982981118e-06 4170
4.75 7.151652481080799e-08 1.776986154361426e-06 4358
5 7.207900679876981e-08 2.056058179886425e-06 5034
5.25 7.157485412846609e-08 2.228736069733459e-06 5714
5.5 6.823446659326793e-08 2.282695116492348e-06 5982
5.75 6.817480498058202e-08 2.46865779444503e-06 6602
6 6.82392151903971e-08 2.619245346721637e-06 7130
6.25 6.586357414855455e-08 2.810201686329305e-06 8034
6.5 6.575541770334913e-08 2.818755714102227e-06 8606
6.75 6.059796674694088e-08 2.835612539484872e-06 9066
7 5.947776273062532e-08 3.145943034664548e-06 9962
7.25 5.875535630774422e-08 3.112921542538399e-06 10550
7.5 5.53033985756184e-08 3.246342798294578e-06 11226
7.75 5.683553925245061e-08 3.321449822075517e-06 12146
8 5.316474211247466e-08 3.24643593315123e-06 12606
8.25 5.366222790664198e-08 3.420722415474959e-06 13802
8.5 5.181994086830833e-08 3.475275635253937e-06 14754
8.75 4.774698960200033e-08 3.358308974234788e-06 15194
9 4.732689586953871e-08 3.391498569273802e-06 16454
9.25 4.352436766316946e-08 3.396544555364154e-06 17154
9.5 4.241181447239823e-08 3.346401348168879e-06 18266
9.75 3.949727536603073e-08 3.27085362301115e-06 18750
10 3.765368914170305e-08 3.280422915952321e-06 20234
10.25 3.53441202803961e-08 3.183420616605735e-06 21450
10.5 3.219050291580944e-08 3.015372841588812e-06 21962
10.75 3.060969140079051e-08 2.940571602293589e-06 23462
11 2.801748208479791e-08 2.728736679751802e-06 24042
11.25 2.608860819318894e-08 2.704399812076447e-06 25946
11.5 2.331384703510335e-08 2.41297977184572e-06 26118
11.75 2.161279372413596e-08 2.351764100177382e-06 27506
12 1.975300400690038e-08 2.221587820515254e-06 29066
12.25 1.817767167788885e-08 2.063514958148665e-06 30450
12.5 1.648900424394123e-08 1.959432554188861e-06 31742
12.75 1.45292056148867e-08 1.756378369851367e-06 32250
13 1.391626889578339e-08 1.703882885482981e-06 34250
13.25 1.260895058597623e-08 1.558492529859906e-06 35454
13.5 1.136154445785046e-08 1.444012672564953e-06 36434
13.75 1.041766776122765e-08 1.343415457538084e-06 37682
14 9.809032182109985e-09 1.269224916597374e-06 39294
14.25 9.102400698191707e-09 1.21538693916364e-06 41426
14.5 8.207573774741207e-09 1.108577017663557e-06 42066
14.75 7.73703542989662e-09 1.045566172264403e-06 43490
15 7.502959245865295e-09 1.007581381541956e-06 45702
15.25 6.864682767726889e-09 9.483986157323811e-07 46634
15.5 6.69066617829263e-09 9.150894565950922e-07 48554
15.75 6.28650870342966e-09 8.602311710369077e-07 48870
16 5.856509223334355e-09 8.130022269826133e-07 50963
16.25 4.714736889257626e-09 7.003177547395786e-07 51576
16.5 3.63513642499653e-09 5.478660341997838e-07 49316
16.75 2.782188153581414e-09 4.436709917772341e-07 49344
17 2.1141228363185e-09 3.515869103050292e-07 47192
17.25 1.697935330365698e-09 2.900068774181033e-07 47576
17.5 1.298648126142737e-09 2.275865197840474e-07 45348
17.75 1.015491023802025e-09 1.826456229178545e-07 44060
18 8.359301681470946e-10 1.538093179860322e-07 43872
18.25 6.459642484377838e-10 1.23822375778497e-07 41756
18.5 5.246700262807216e-10 1.033138811324702e-07 41528
18.75 4.231261019448713e-10 8.433519652147445e-08 39300
19 3.473960518689933e-10 7.029093490602103e-08 38276
19.25 2.84110444287878e-10 5.820405575787644e-08 36900
19.5 2.279351139308267e-10 4.821737678651521e-08 34724
19.75 1.940459626885021e-10 4.198804047336523e-08 33960
20 1.549579480398293e-10 3.484502428781459e-08 32144
20.25 1.308978394927266e-10 2.871409943701561e-08 30704
20.5 1.086685917963417e-10 2.426245257909594e-08 28896
20.75 8.80004407811985e-11 1.991240128285608e-08 26924
21 7.758827551017317e-11 1.756742227421738e-08 25656
21.25 6.000024516036886e-11 1.388577996145419e-08 23228
21.5 5.189961148488324e-11 1.239536144700629e-08 21816
21.75 3.906270908402348e-11 9.212376745629024e-09 19472
22 3.228109871053006e-11 7.734964116697277e-09 17696
22.25 2.447455812381886e-11 5.94739935791784e-09 15588
22.5 1.693800614716655e-11 4.23765988927966e-09 13760
22.75 1.114273721533714e-11 2.915546155990008e-09 11565
23 7.815467783425132e-12 2.116273543562018e-09 10016
23.25 5.675021443382334e-12 1.549861473939561e-09 8652
23.5 4.12065368878148e-12 1.178038324007369e-09 7652
23.75 3.040652843209398e-12 8.697499822347352e-10 6542
24 2.327336367998851e-12 6.843129397447804e-10 5478
24.25 1.77462714254487e-12 5.369311376906243e-10 4886
24.5 1.321503445037612e-12 3.743740605022015e-10 4068
24.75 9.526299791388644e-13 2.9323519745382e-10 3326
25 7.450077066121448e-13 2.179502104689787e-10 2696
25.25 5.880417266268493e-13 1.799493214826917e-10 2304
25.5 4.555491487975241e-13 1.325841507718019e-10 1934
25.75 2.900817331529896e-13 9.020435119664092e-11 1344
26 1.730111969197782e-13 5.463538098004663e-11 848
26.25 1.837344163891747e-13 4.730541821685098e-11 888
26.5 1.097819573184171e-13 3.513598965061539e-11 584
26.75 6.451748889019525e-14 2.270035516678162e-11 344
27 1.442148836666916e-14 6.509031517224487e-12 102
27.25 2.06988737924589e-14 6.335446730491101e-12 104
27.5 3.201463129329178e-15 1.508197020268097e-12 24
27.75 2.760760808412352e-16 6.591339116582622e-14 1

0.25 1.482436434311868e-08 7.131026211256469e-09 18
0.5 3.122980082171366e-08 2.249301551435011e-08 62
0.75 1.789674264835054e-08 4.535208617278441e-08 98
1 1.465374854332482e-08 9.383913054579098e-08 210
1.25 1.614614025976349e-08 1.518107160489109e-07 350
1.5 2.012789052708602e-08 1.687119948526661e-07 450
1.75 2.605348439908338e-08 2.742115327156902e-07 602
2 2.588877240033432e-08 3.67129856201691e-07 762
2.25 3.431769283122037e-08 4.929664976022069e-07 1142
2.5 3.153861109688715e-08 5.585138810797945e-07 1250
2.75 3.331757264253928e-08 6.503280541564459e-07 1458
3 4.160136601291129e-08 8.21223323706118e-07 1814
3.25 4.535850570969722e-08 9.515267265072412e-07 2178
3.5 4.70614861107197e-08 1.152008374238059e-06 2498
3.75 4.575375238668829e-08 1.143965058339235e-06 2622
4 5.716794087571684e-08 1.519681660518615e-06 3338
4.25 5.913759814711734e-08 1.669864679831563e-06 3722
4.5 6.04996250077869e-08 1.938408850137682e-06 4170
4.75 5.737792231237023e-08 2.009424759336533e-06 4358
5 6.579447294323721e-08 2.205689587725624e-06 5034
5.25 6.337103128479601e-08 2.371792485242094e-06 5714
5.5 6.068950203058394e-08 2.464016555278849e-06 5982
5.75 5.795712985486755e-08 2.604188198574544e-06 6602
6 5.904894517115027e-08 2.760108304550863e-06 7130
6.25 6.146073502197887e-08 3.022526274647549e-06 8034
6.5 5.774606276509657e-08 3.02043117223801e-06 8606
6.75 5.206513422787643e-08 3.049932358072198e-06 9066
7 5.43925640656737e-08 3.163625900176926e-06 9962
7.25 5.33416343059915e-08 3.280019745592073e-06 10550
7.5 5.186452858554651e-08 3.330118930607868e-06 11226
7.75 5.095048675675095e-08 3.477814097753999e-06 12146
8 4.81699562017596e-08 3.402979338893771e-06 12606
8.25 4.794155826218532e-08 3.60836235561215e-06 13802
8.5 4.696379579217684e-08 3.714881461630006e-06 14754
8.75 4.474495460526665e-08 3.507893086238757e-06 15194
9 4.211344694011717e-08 3.539491476339161e-06 16454
9.25 4.012681874343059e-08 3.451805528839899e-06 17154
9.5 3.956248295524183e-08 3.543594896164667e-06 18266
9.75 3.618937241912767e-08 3.386594746326763e-06 18750
10 3.506722454365736e-08 3.43193862378701e-06 20234
10.25 3.303532191773571e-08 3.342625304393128e-06 21450
10.5 2.991545404641449e-08 3.12245242479531e-06 21962
10.75 2.851167251535571e-08 3.060743803857121e-06 23462
11 2.618934198853462e-08 2.842231956400074e-06 24042
11.25 2.4705635506896e-08 2.76800031327678e-06 25946
11.5 2.183696163432796e-08 2.555653847166706e-06 26118
11.75 2.061473915447365e-08 2.416451327553221e-06 27506
12 1.907822445556584e-08 2.310837770637538e-06 29066
12.25 1.738347454256479e-08 2.160344405943549e-06 30450
12.5 1.610522194219245e-08 2.004160155718775e-06 31742
12.75 1.424636731270998e-08 1.836829250526046e-06 32250
13 1.319095499577002e-08 1.72859471980479e-06 34250
13.25 1.200262684799438e-08 1.614380220198493e-06 35454
13.5 1.097671838841803e-08 1.485547920618599e-06 36434
13.75 1.005403223793426e-08 1.390860842603934e-06 37682
14 9.337916896927231e-09 1.311563047748431e-06 39294
14.25 8.682369318772004e-09 1.248556776446011e-06 41426
14.5 7.840918681742287e-09 1.147993889129286e-06 42066
14.75 7.423416548954173e-09 1.081868271707767e-06 43490
15 7.161800414698301e-09 1.031339543887879e-06 45702
15.25 6.655602115405428e-09 9.796513706765512e-07 46634
15.5 6.431128061386092e-09 9.528736565083707e-07 48554
15.75 6.014563627288468e-09 8.95258706463362e-07 48870
16 5.574057062548907e-09 8.386020506561231e-07 50963
16.25 4.717394001488852e-09 7.273646208151076e-07 51576
16.5 3.515699563330447e-09 5.755325639067465e-07 49316
16.75 2.717205713109872e-09 4.563597777362786e-07 49344
17 2.094197707018406e-09 3.696674754374476e-07 47192
17.25 1.656976926606132e-09 3.023703421879611e-07 47576
17.5 1.266248690736956e-09 2.401646357993118e-07 45348
17.75 1.000953829982671e-09 1.892440744220736e-07 44060
18 8.176106601119772e-10 1.635157779217481e-07 43872
18.25 6.388442661935278e-10 1.280042358336939e-07 41756
18.5 5.269028856920891e-10 1.086175082504551e-07 41528
18.75 4.206160249761479e-10 8.745738101065921e-08 39300
19 3.415028801366726e-10 7.321750028224985e-08 38276
19.25 2.849827260497017e-10 6.17675178587394e-08 36900
19.5 2.247635836926921e-10 5.029562639405463e-08 34724
19.75 1.914305899772261e-10 4.372652540983535e-08 33960
20 1.585167750183724e-10 3.588814171000372e-08 32144
20.25 1.293289911470852e-10 3.033959435709442e-08 30704
20.5 1.084360613616171e-10 2.5664644717575e-08 28896
20.75 8.791501769570751e-11 2.079178447732402e-08 26924
21 7.791737299516861e-11 1.840472419974494e-08 25656
21.25 6.04598716791378e-11 1.479130277869072e-08 23228
21.5 5.254809100737016e-11 1.303521045466185e-08 21816
21.75 4.018024915258539e-11 9.739168282113636e-09 19472
22 3.285857058757424e-11 8.051193419633338e-09 17696
22.25 2.444772822170365e-11 6.224039223141507e-09 15588
22.5 1.724330553005654e-11 4.410758115407362e-09 13760
22.75 1.1343215600562e-11 3.185079897650128e-09 11565
23 8.169791087418751e-12 2.168093621822268e-09 10016
23.25 5.61381203980122e-12 1.621224432143103e-09 8652
23.5 4.125559973706568e-12 1.244728648611155e-09 7652
23.75 3.050664118114457e-12 9.413697403068295e-10 6542
24 2.386640070744231e-12 7.081821610621618e-10 5478
24.25 1.86141216585471e-12 5.703097507102896e-10 4886
24.5 1.355485348480281e-12 3.954925435444456e-10 4068
24.75 1.041962467035867e-12 3.113738335057974e-10 3326
25 7.668629369336994e-13 2.305231950207765e-10 2696
25.25 5.706130478425795e-13 1.842461252906938e-10 2304
25.5 4.719040924344424e-13 1.449534971355474e-10 1934
25.75 2.970876384776074e-13 9.245694207006751e-11 1344
26 1.768289462613952e-13 5.43705053639724e-11 848
26.25 1.828823306823495e-13 5.378281987268493e-11 888
26.5 1.235814864854603e-13 3.681858644977471e-11 584
26.75 6.866962549328139e-14 1.882440071344e-11 344
27 1.870214526595758e-14 5.644124007700814e-12 102
27.25 1.745893366751021e-14 7.029777336502181e-12 104
27.5 5.093227632245287e-15 1.910469908903242e-12 24
27.75 6.407933980415192e-16 1.38783915430241e-16 1

0.25 1.697780557233191e-08 3.613064469418954e-09 18
0.5 2.368866860604163e-08 2.470794472116613e-08 62
0.75 1.185059274211585e-08 2.402815030762134e-08 98
1 1.812016580060772e-08 5.66106454943246e-08 210
1.25 2.154675111755801e-08 7.361602929757938e-08 350
1.5 2.261363533668169e-08 1.16126687689777e-07 450
1.75 2.695240714397886e-08 1.68060706413325e-07 602
2 2.953037265867397e-08 2.268189234247217e-07 762
2.25 4.297722089139454e-08 2.971138313151022e-07 1142
2.5 3.896298798227511e-08 3.904492934930136e-07 1250
2.75 4.18174980029137e-08 4.541161221216478e-07 1458
3 4.82946886835557e-08 5.750382690389186e-07 1814
3.25 5.222352241104969e-08 7.267326690533459e-07 2178
3.5 5.42198260205872e-08 8.716932454737745e-07 2498
3.75 5.508269808940703e-08 9.074997465997174e-07 2622
4 6.223268380895024e-08 1.19484903653106e-06 3338
4.25 6.50039966162032e-08 1.376175470850608e-06 3722
4.5 6.620140324947958e-08 1.52797462903536e-06 4170
4.75 6.60778987001795e-08 1.570240474347912e-06 4358
5 7.211792341829986e-08 1.874591561636075e-06 5034
5.25 6.788956487875394e-08 2.031865810930184e-06 5714
5.5 6.584172504029555e-08 2.111366975993851e-06 5982
5.75 6.703598825824169e-08 2.245649559298763e-06 6602
6 6.318846830311374e-08 2.256483021824926e-06 7130
6.25 6.364533618806189e-08 2.518082711770321e-06 8034
6.5 6.078792600691719e-08 2.555087114124355e-06 8606
6.75 5.715460055290207e-08 2.585776539009283e-06 9066
7 5.862086448714294e-08 2.686102551865441e-06 9962
7.25 5.67409480925416e-08 2.80824854945589e-06 10550
7.5 5.29545541861535e-08 2.922285932195705e-06 11226
7.75 5.270869908129675e-08 3.013211116706223e-06 12146
8 4.97075050532026e-08 2.974290863158957e-06 12606
8.25 5.000817982711251e-08 3.129179074859494e-06 13802
8.5 4.867399664083456e-08 3.22416988854188e-06 14754
8.75 4.56665644772086e-08 3.172475750879772e-06 15194
9 4.284993545311892e-08 3.286385826895316e-06 16454
9.25 4.204585729209919e-08 3.200466826635809e-06 17154
9.5 4.040323208690006e-08 3.207687918373743e-06 18266
9.75 3.718897394094209e-08 3.016240418903438e-06 18750
10 3.567797491610135e-08 3.041602947440523e-06 20234
10.25 3.429282271207977e-08 2.988282467196798e-06 21450
10.5 3.023037691251955e-08 2.901015198514576e-06 21962
10.75 2.951039666480955e-08 2.846593363077948e-06 23462
11 2.627066195049587e-08 2.657774801518037e-06 24042
11.25 2.526669068067528e-08 2.58857517544e-06 25946
11.5 2.234574572852769e-08 2.365046160107465e-06 26118
11.75 2.095782438661774e-08 2.25682942778122e-06 27506
12 1.917870805251199e-08 2.15082750830001e-06 29066
12.25 1.764533281069078e-08 2.013721691558617e-06 30450
12.5 1.624657851157761e-08 1.875752192741005e-06 31742
12.75 1.450928228862359e-08 1.726848453271445e-06 32250
13 1.355964094535036e-08 1.625097519265367e-06 34250
13.25 1.231526052183087e-08 1.524312294319947e-06 35454
13.5 1.116063493017617e-08 1.40422925277744e-06 36434
13.75 1.020710153623579e-08 1.305660238223268e-06 37682
14 9.543436713176699e-09 1.239872206295096e-06 39294
14.25 8.938633657177264e-09 1.154135265935507e-06 41426
14.5 8.243886832991706e-09 1.085212039492505e-06 42066
14.75 7.680594043141435e-09 1.017801392575191e-06 43490
15 7.398088473198857e-09 9.831567181050315e-07 45702
15.25 6.989799685607991e-09 9.295908921212104e-07 46634
15.5 6.65478450010544e-09 8.820813523016005e-07 48554
15.75 6.198099508802052e-09 8.616913186342628e-07 48870
16 5.82955081537411e-09 7.952949177485131e-07 50963
16.25 4.822869708169117e-09 6.90473233996241e-07 51576
16.5 3.710001461354832e-09 5.537354430622978e-07 49316
16.75 2.79016883137045e-09 4.478961545008252e-07 49344
17 2.168883134927724e-09 3.545549880211188e-07 47192
17.25 1.741768265056716e-09 2.944669154089994e-07 47576
17.5 1.296025756350492e-09 2.30376999907688e-07 45348
17.75 1.046287624534911e-09 1.855320148275944e-07 44060
18 8.545702530774611e-10 1.571824592090921e-07 43872
18.25 6.628086268451632e-10 1.256773381054201e-07 41756
18.5 5.511114258175467e-10 1.055223678014169e-07 41528
18.75 4.321567192981834e-10 8.602336711931716e-08 39300
19 3.572419824431545e-10 7.232251333735103e-08 38276
19.25 2.955786784528311e-10 6.049626283198797e-08 36900
19.5 2.352707924355793e-10 4.938869421758494e-08 34724
19.75 1.954170312104254e-10 4.288265980794351e-08 33960
20 1.616741274984316e-10 3.539094158069366e-08 32144
20.25 1.345951757740249e-10 3.010437980353374e-08 30704
20.5 1.129488640812442e-10 2.525182706522309e-08 28896
20.75 9.092272461926153e-11 2.067122652752535e-08 26924
21 8.080152615111514e-11 1.840486228421695e-08 25656
21.25 6.417320898593021e-11 1.450048972043589e-08 23228
21.5 5.537353732470775e-11 1.290915172679422e-08 21816
21.75 4.196499301209689e-11 9.772876078458842e-09 19472
22 3.352094488700799e-11 8.25977212568724e-09 17696
22.25 2.579962161450454e-11 6.120834406637682e-09 15588
22.5 1.758181763226172e-11 4.55982556408341e-09 13760
22.75 1.166784867054024e-11 3.080413531783222e-09 11565
23 8.261559710024624e-12 2.202806185997146e-09 10016
23.25 5.833461911168125e-12 1.630694003979357e-09 8652
23.5 4.38478053535992e-12 1.21359100200819e-09 7652
23.75 3.275495680597781e-12 9.383040870888187e-10 6542
24 2.562575365069522e-12 7.240019286248761e-10 5478
24.25 1.93754949367915e-12 5.572609526791004e-10 4886
24.5 1.35453477734031e-12 4.173692516598325e-10 4068
24.75 1.055760003819314e-12 3.254219479230166e-10 3326
25 7.899103888790836e-13 2.415676262343062e-10 2696
25.25 6.146474891983414e-13 1.908031777044132e-10 2304
25.5 4.824059942629126e-13 1.474234103037539e-10 1934
25.75 3.059303414729084e-13 9.659583984494802e-11 1344
26 2.017734578100446e-13 5.738847928827102e-11 848
26.25 1.924966333224191e-13 5.63321020080272e-11 888
26.5 1.278814546320105e-13 3.649959529979936e-11 584
26.75 6.664638020944682e-14 1.888418565737778e-11 344
27 2.564188120785411e-14 5.800344958570264e-12 102
27.25 1.84103869414562e-14 6.296609381248587e-12 104
27.5 6.11380859768492e-15 1.89906983352917e-12 24
27.75 2.754997999252221e-18 9.657537633821704e-14 1

0.25 4.893315881445142e-09 1.142626017578247e-08 18
0.5 1.779778730811895e-08 2.908789568176525e-08 62
0.75 1.594079398056975e-08 3.234759949899302e-08 98
1 1.750876408652662e-08 6.985890125805511e-08 210
1.25 2.272015342270992e-08 1.111343000782463e-07 350
1.5 2.11438370758325e-08 1.356591355015255e-07 450
1.75 2.237940042339764e-08 2.023118272511509e-07 602
2 3.026978606836991e-08 2.460123347307835e-07 762
2.25 3.985582799329806e-08 3.433724377754942e-07 1142
2.5 3.805289978182502e-08 4.091836499916682e-07 1250
2.75 3.857450020708273e-08 4.446917194158917e-07 1458
3 4.17236275763989e-08 5.906216871672368e-07 1814
3.25 4.920970474658406e-08 7.096471272270217e-07 2178
3.5 5.468877172269753e-08 8.181808957274673e-07 2498
3.75 4.901840384552078e-08 9.092991084477146e-07 2622
4 6.21258501737205e-08 1.134156983302939e-06 3338
4.25 6.139040899434502e-08 1.343543579821698e-06 3722
4.5 6.641405883805816e-08 1.50082453593022e-06 4170
4.75 6.094700469409373e-08 1.557134131987538e-06 4358
5 6.659345376582063e-08 1.89363569300746e-06 5034
5.25 6.544524203014375e-08 2.013497612236349e-06 5714
5.5 6.196079301003698e-08 2.073118724239208e-06 5982
5.75 6.234105426584105e-08 2.229056285492139e-06 6602
6 5.809138101658203e-08 2.191118773018556e-06 7130
6.25 5.994377651327144e-08 2.403679952091488e-06 8034
6.5 5.649147058050385e-08 2.448803797479264e-06 8606
6.75 5.313295563025619e-08 2.573241316435636e-06 9066
7 5.441873708886854e-08 2.640852421546721e-06 9962
7.25 5.424556866269269e-08 2.725361331327757e-06 10550
7.5 5.085220813897329e-08 2.799080203359837e-06 11226
7.75 4.988735471177619e-08 2.966243303880006e-06 12146
8 4.793153539790213e-08 2.944769283340651e-06 12606
8.25 4.631763721433236e-08 3.081184266677353e-06 13802
8.5 4.661959969223313e-08 3.142389629247828e-06 14754
8.75 4.331871810227076e-08 3.088163993472401e-06 15194
9 4.182318818786206e-08 3.15382657209108e-06 16454
9.25 4.078462021644039e-08 3.171886176618299e-06 17154
9.5 3.896666262091217e-08 3.112166323825307e-06 18266
9.75 3.557569979550898e-08 3.01638502725835e-06 18750
10 3.429736753036286e-08 3.019685791950543e-06 20234
10.25 3.292479269315829e-08 2.943146708151186e-06 21450
10.5 3.018546639080675e-08 2.784528121303034e-06 21962
10.75 2.82802595997606e-08 2.747238188238583e-06 23462
11 2.578695358749072e-08 2.555420379273941e-06 24042
11.25 2.457962363262847e-08 2.504625386882968e-06 25946
11.5 2.219507709042096e-08 2.315148846750187e-06 26118
11.75 2.054850406352531e-08 2.197475309844593e-06 27506
12 1.881147889488019e-08 2.12778617106301e-06 29066
12.25 1.723567148730873e-08 1.96529977585142e-06 30450
12.5 1.587950145357588e-08 1.851737788057793e-06 31742
12.75 1.429780443304642e-08 1.69600279713848e-06 32250
13 1.319060451013705e-08 1.609088008595782e-06 34250
13.25 1.221962033851754e-08 1.498478414110675e-06 35454
13.5 1.098771470794104e-08 1.408689260325256e-06 36434
13.75 1.003009041897001e-08 1.290818304473121e-06 37682
14 9.335411683020635e-09 1.220503694615743e-06 39294
14.25 8.783383977032429e-09 1.162736693957415e-06 41426
14.5 8.016575582561185e-09 1.060798069614552e-06 42066
14.75 7.542129574264653e-09 1.028966117884841e-06 43490
15 7.162641155452126e-09 9.859593200155155e-07 45702
15.25 6.739917830620802e-09 9.426184579997066e-07 46634
15.5 6.506848999209822e-09 9.114009777811341e-07 48554
15.75 6.091667798901391e-09 8.391843272442246e-07 48870
16 5.671425232259387e-09 7.951969688627371e-07 50963
16.25 4.823701795892508e-09 6.836225274645423e-07 51576
16.5 3.689897584678897e-09 5.484464516021735e-07 49316
16.75 2.832537912421546e-09 4.454788418283841e-07 49344
17 2.153247995488478e-09 3.500651586062735e-07 47192
17.25 1.729968374596528e-09 2.951457874016091e-07 47576
17.5 1.315598427706016e-09 2.352231434890835e-07 45348
17.75 1.04070338961884e-09 1.884533608230596e-07 44060
18 8.582834038629609e-10 1.602239220106566e-07 43872
18.25 6.776821915346955e-10 1.26376711667895e-07 41756
18.5 5.56385791846464e-10 1.066965503024601e-07 41528
18.75 4.350100850445893e-10 8.677138096660386e-08 39300
19 3.595236909487186e-10 7.277968583207379e-08 38276
19.25 3.004834056347538e-10 6.070794232065272e-08 36900
19.5 2.400357344098496e-10 5.048345948755451e-08 34724
19.75 1.996028765542e-10 4.365695645908083e-08 33960
20 1.631556365676493e-10 3.591425970769865e-08 32144
20.25 1.36520292002033e-10 3.014112320008782e-08 30704
20.5 1.163481575189401e-10 2.577972330576376e-08 28896
20.75 9.304622512037089e-11 2.133032835290219e-08 26924
21 8.158792661589823e-11 1.904058004703593e-08 25656
21.25 6.500908225826681e-11 1.486466506632243e-08 23228
21.5 5.615834570346536e-11 1.306322948952531e-08 21816
21.75 4.320837886612568e-11 9.963256740066052e-09 19472
22 3.444178446805428e-11 8.507120243663759e-09 17696
22.25 2.691246744749366e-11 6.276329266978166e-09 15588
22.5 1.850304142226874e-11 4.668330621576545e-09 13760
22.75 1.205722845563155e-11 3.12475894829624e-09 11565
23 8.418043840768073e-12 2.26628674808854e-09 10016
23.25 6.114592898097593e-12 1.667240933433905e-09 8652
23.5 4.442682665836366e-12 1.245276959807725e-09 7652
23.75 3.407230228840533e-12 9.855347850551938e-10 6542
24 2.618568632584069e-12 7.61290838391162e-10 5478
24.25 2.022817664587516e-12 5.759099355914575e-10 4886
24.5 1.39026745542384e-12 4.359783688946808e-10 4068
24.75 1.117785195460353e-12 3.251620411418522e-10 3326
25 8.383960636748677e-13 2.322890135855713e-10 2696
25.25 6.253265017457262e-13 1.953360257988265e-10 2304
25.5 4.838308234835026e-13 1.586887448700981e-10 1934
25.75 3.245456463128857e-13 1.103062794949643e-10 1344
26 1.982362980607041e-13 5.816611210398112e-11 848
26.25 2.03172784963189e-13 5.91031531393881e-11 888
26.5 1.198102755057697e-13 3.653834084751002e-11 584
26.75 6.62906223600862e-14 1.906856638451386e-11 344
27 1.85967252422373e-14 6.809082141188059e-12 102
27.25 2.209062955502393e-14 5.182297989329985e-12 104
27.5 1.092698000352143e-14 1.514523969465332e-12 24
27.75 1.222692137746821e-19 3.837104113966797e-15 1

0.25 3.142856941182557e-09 1.339819191904236e-08 18
0.5 1.14522255152789e-08 4.115705025006945e-08 62
0.75 9.216917493019879e-09 4.683150113035805e-08 98
1 1.600589421022644e-08 8.989245263776975e-08 210
1.25 1.834474373193553e-08 1.603627363965036e-07 350
1.5 1.708562102413251e-08 1.66545299076298e-07 450
1.75 2.14315557262078e-08 2.318073399644335e-07 602
2 2.272794038557547e-08 2.702613249829691e-07 762
2.25 3.351369562727291e-08 4.163244117554789e-07 1142
2.5 2.987789823865076e-08 4.665759482018822e-07 1250
2.75 3.241973882020765e-08 5.380352885798178e-07 1458
3 3.823194471139486e-08 7.122036680492466e-07 1814
3.25 4.04040734323807e-08 8.07383801704537e-07 2178
3.5 4.290647161648987e-08 9.283725617042983e-07 2498
3.75 4.535259899408012e-08 1.038118532621027e-06 2622
4 4.996398395959909e-08 1.319623551571292e-06 3338
4.25 5.424095848722416e-08 1.436709115134027e-06 3722
4.5 5.554724704595693e-08 1.674998882763094e-06 4170
4.75 5.737374367091599e-08 1.758962479747546e-06 4358
5 5.999508722822756e-08 1.996537104716341e-06 5034
5.25 5.828277134384071e-08 2.13925264371295e-06 5714
5.5 5.449240599746567e-08 2.094942290551086e-06 5982
5.75 5.49607377556381e-08 2.355539141222648e-06 6602
6 5.154325964994707e-08 2.351446483437025e-06 7130
6.25 5.258112868941097e-08 2.537772736001384e-06 8034
6.5 4.972252963993583e-08 2.707626469079006e-06 8606
6.75 4.736284282537436e-08 2.653061571422152e-06 9066
7 4.90704779481764e-08 2.805912191818471e-06 9962
7.25 4.766455185568022e-08 2.941035366555255e-06 10550
7.5 4.653250222629033e-08 2.978459947960247e-06 11226
7.75 4.499858746669683e-08 3.179868369203744e-06 12146
8 4.343151130653108e-08 3.068333026071251e-06 12606
8.25 4.414882475358452e-08 3.167789022161159e-06 13802
8.5 4.195794698508395e-08 3.269170838030968e-06 14754
8.75 4.008310034455884e-08 3.199189980386762e-06 15194
9 3.903097547939475e-08 3.294911877556548e-06 16454
9.25 3.717332128762293e-08 3.297985650540858e-06 17154
9.5 3.610723867150455e-08 3.238133776997384e-06 18266
9.75 3.365195534990865e-08 3.138625944688006e-06 18750
10 3.232760561645773e-08 3.125602152684074e-06 20234
10.25 3.092764313287796e-08 3.026557622113028e-06 21450
10.5 2.830227667698966e-08 2.902922744890322e-06 21962
10.75 2.683248800531749e-08 2.77152763985677e-06 23462
11 2.426422649943937e-08 2.581923013734765e-06 24042
11.25 2.331005109793221e-08 2.595417066495914e-06 25946
11.5 2.059941324555172e-08 2.360657264973509e-06 26118
11.75 1.921230010801999e-08 2.279797895319477e-06 27506
12 1.794070643218389e-08 2.182824652882196e-06 29066
12.25 1.665339510254875e-08 2.010920021754071e-06 30450
12.5 1.51931640436273e-08 1.882968015058058e-06 31742
12.75 1.374421924515151e-08 1.726781889001995e-06 32250
13 1.280200046008731e-08 1.642775741470525e-06 34250
13.25 1.179128919477971e-08 1.530584205263204e-06 35454
13.5 1.051896272338755e-08 1.441843828807444e-06 36434
13.75 9.625487496795648e-09 1.324770198909605e-06 37682
14 8.905824621791851e-09 1.255401457447795e-06 39294
14.25 8.476595395050201e-09 1.201191910867016e-06 41426
14.5 7.748164553019047e-09 1.098439920302419e-06 42066
14.75 7.271719307894141e-09 1.049253499337456e-06 43490
15 6.938195170353145e-09 1.025301227490962e-06 45702
15.25 6.461726641054135e-09 9.573444693316553e-07 46634
15.5 6.190168129434882e-09 9.336973294420178e-07 48554
15.75 5.878497876807084e-09 8.705409355581788e-07 48870
16 5.473730278613771e-09 8.085123851581736e-07 50963
16.25 4.656513800188898e-09 7.259249509141482e-07 51576
16.5 3.56540600716509e-09 5.656011328576785e-07 49316
16.75 2.735939106800144e-09 4.630366388129221e-07 49344
17 2.120362812175132e-09 3.668773036549035e-07 47192
17.25 1.711400876054645e-09 3.020711399184474e-07 47576
17.5 1.313546362923571e-09 2.440817422748187e-07 45348
17.75 1.04109229693547e-09 1.949323853607628e-07 44060
18 8.50411415156316e-10 1.659982290604182e-07 43872
18.25 6.618688442453908e-10 1.311975461771592e-07 41756
18.5 5.517550719552624e-10 1.11187403269485e-07 41528
18.75 4.385231818474042e-10 9.080685186753001e-08 39300
19 3.554705262206384e-10 7.529669748646509e-08 38276
19.25 2.940658404654818e-10 6.313569960177879e-08 36900
19.5 2.345638699427272e-10 5.244492591299624e-08 34724
19.75 2.03670091659639e-10 4.507052426830819e-08 33960
20 1.657421033521086e-10 3.744728111746952e-08 32144
20.25 1.375373535142768e-10 3.175473575094871e-08 30704
20.5 1.147024220224166e-10 2.670199858251561e-08 28896
20.75 9.313033763271682e-11 2.220406240176671e-08 26924
21 8.340253107364156e-11 1.960922373726991e-08 25656
21.25 6.579629739541521e-11 1.575803293686964e-08 23228
21.5 5.619408861254097e-11 1.361519916030777e-08 21816
21.75 4.330272610227594e-11 1.064555374926982e-08 19472
22 3.449340246680772e-11 9.103589639341765e-09 17696
22.25 2.636684375853849e-11 6.842485163098235e-09 15588
22.5 1.847666743318592e-11 4.97239938501467e-09 13760
22.75 1.275065988047606e-11 3.320453476348753e-09 11565
23 8.499767262089532e-12 2.340032868704035e-09 10016
23.25 6.241182776459876e-12 1.724307371359982e-09 8652
23.5 4.586831759222807e-12 1.307748710704784e-09 7652
23.75 3.436508424586973e-12 1.044941657781985e-09 6542
24 2.656834195301113e-12 8.066385034150621e-10 5478
24.25 2.056716455152736e-12 6.186794624030526e-10 4886
24.5 1.537176838665615e-12 4.537995335430129e-10 4068
24.75 1.103523515582965e-12 3.539398581774716e-10 3326
25 8.403546041510331e-13 2.592852299234393e-10 2696
25.25 6.556941363857979e-13 1.985195179712387e-10 2304
25.5 5.023572727223681e-13 1.626738800675241e-10 1934
25.75 3.159957299322736e-13 1.117321926776553e-10 1344
26 1.911303274870672e-13 6.41366525212394e-11 848
26.25 1.86858117435473e-13 6.326936869079761e-11 888
26.5 1.241714408403127e-13 4.137305664693889e-11 584
26.75 7.28261523438061e-14 2.005715704448629e-11 344
27 1.49332282248578e-14 6.370249439460522e-12 102
27.25 2.832990301323137e-14 6.291067484143944e-12 104
27.5 7.206409687994114e-15 2.007202715318569e-12 24
27.75 1.215938559798041e-16 3.920019417811262e-14 1

0.25 1.995478888766681e-08 4.424259894573095e-09 18
0.5 2.802261934199018e-08 1.183066979433348e-08 62
0.75 1.384612433498138e-08 1.864466136100642e-08 98
1 1.650047023653061e-08 3.567245499474836e-08 210
1.25 2.224101401761899e-08 7.384084590751995e-08 350
1.5 2.101875943122308e-08 1.035124006903498e-07 450
1.75 2.58886830208437e-08 1.328310489527512e-07 602
2 3.065803061371642e-08 1.779301488794339e-07 762
2.25 3.740002901319684e-08 2.893939990301118e-07 1142
2.5 3.503976836565475e-08 3.292392654983894e-07 1250
2.75 3.840783084876233e-08 3.961107209738725e-07 1458
3 4.617763844374371e-08 5.095362701348785e-07 1814
3.25 4.777869936626407e-08 6.100696711786061e-07 2178
3.5 4.843167605166243e-08 7.262763497033084e-07 2498
3.75 4.980266471156617e-08 8.372288462219549e-07 2622
4 5.76310500208619e-08 1.045501789925111e-06 3338
4.25 5.858654247842758e-08 1.150929893502451e-06 3722
4.5 6.095494214601831e-08 1.408956000614795e-06 4170
4.75 5.997735633399473e-08 1.496330506202007e-06 4358
5 6.546460518588622e-08 1.753128094376048e-06 5034
5.25 6.161215652161182e-08 1.803725501371764e-06 5714
5.5 5.964094907182707e-08 1.773740958046086e-06 5982
5.75 5.69606843209727e-08 1.959608305190126e-06 6602
6 5.503166349948935e-08 2.058911303054085e-06 7130
6.25 5.669104887662298e-08 2.165420628478453e-06 8034
6.5 5.382720278350062e-08 2.24174677146692e-06 8606
6.75 5.095518354092301e-08 2.348400960654711e-06 9066
7 5.169824248990024e-08 2.444618239973774e-06 9962
7.25 4.913545058737414e-08 2.563656865722723e-06 10550
7.5 4.849225625738571e-08 2.686741176949731e-06 11226
7.75 4.786676065571881e-08 2.8140536097667e-06 12146
8 4.512186429142991e-08 2.686554436445039e-06 12606
8.25 4.45981435531895e-08 2.882899760794345e-06 13802
8.5 4.38461809755183e-08 2.918650535660397e-06 14754
8.75 4.102568237698135e-08 2.894315451326647e-06 15194
9 4.114686229325867e-08 2.984474573919676e-06 16454
9.25 3.816984928380612e-08 2.918349500449149e-06 17154
9.5 3.713605866989655e-08 2.940664401733877e-06 18266
9.75 3.4397475949495e-08 2.838395178271191e-06 18750
10 3.347317764304715e-08 2.817762061914157e-06 20234
10.25 3.165156353565576e-08 2.728314421473599e-06 21450
10.5 2.882454950600404e-08 2.674309078077296e-06 21962
10.75 2.694596773301208e-08 2.606419075637453e-06 23462
11 2.444914449416502e-08 2.407847111443255e-06 24042
11.25 2.358987062535994e-08 2.403352394567117e-06 25946
11.5 2.099894875385581e-08 2.17809392008964e-06 26118
11.75 1.982712893263416e-08 2.120430715304575e-06 27506
12 1.812630711086711e-08 2.015892236659099e-06 29066
12.25 1.671387307048582e-08 1.887419072872331e-06 30450
12.5 1.541369430077421e-08 1.78229148647174e-06 31742
12.75 1.387514078663031e-08 1.614811857137605e-06 32250
13 1.296753816327837e-08 1.56910783824835e-06 34250
13.25 1.171147427874274e-08 1.445247469903793e-06 35454
13.5 1.06080142657638e-08 1.35344168218011e-06 36434
13.75 9.878321793732237e-09 1.244925267393076e-06 37682
14 9.160649544663453e-09 1.176246156970292e-06 39294
14.25 8.64303549728871e-09 1.139492653064399e-06 41426
14.5 7.905480270021912e-09 1.046634688171924e-06 42066
14.75 7.481765018868253e-09 9.947711150507025e-07 43490
15 7.153888609466586e-09 9.612763674981737e-07 45702
15.25 6.621248701446415e-09 9.094286068471734e-07 46634
15.5 6.373586565404972e-09 8.78469976759826e-07 48554
15.75 6.011998451133452e-09 8.314973747041926e-07 48870
16 5.638877856028025e-09 7.734340920840523e-07 50963
16.25 4.83033898391739e-09 6.861896023398069e-07 51576
16.5 3.650157694488671e-09 5.510669626425802e-07 49316
16.75 2.8460232708977e-09 4.438807277264352e-07 49344
17 2.181164101273957e-09 3.544942554589493e-07 47192
17.25 1.761516097610806e-09 2.99349080675968e-07 47576
17.5 1.34445146489278e-09 2.370402451485079e-07 45348
17.75 1.063035941670293e-09 1.907522439911843e-07 44060
18 8.705085679387193e-10 1.630803402286411e-07 43872
18.25 6.814187992335142e-10 1.278191705373208e-07 41756
18.5 5.657620965128474e-10 1.107725230514421e-07 41528
18.75 4.496632534642916e-10 8.92858547586072e-08 39300
19 3.653103138957136e-10 7.429631142769103e-08 38276
19.25 3.030585437774143e-10 6.221881246557162e-08 36900
19.5 2.469369800618446e-10 5.144912962895813e-08 34724
19.75 2.115453230925813e-10 4.434762230749833e-08 33960
20 1.705961202647451e-10 3.673614511943612e-08 32144
20.25 1.428878223178594e-10 3.123853633610445e-08 30704
20.5 1.173673170209618e-10 2.646806971068704e-08 28896
20.75 9.696787021495908e-11 2.167930633420509e-08 26924
21 8.628378005695753e-11 1.941074140215131e-08 25656
21.25 6.802368903218903e-11 1.582452221780525e-08 23228
21.5 5.841711753418242e-11 1.337212016332889e-08 21816
21.75 4.512388021155405e-11 1.049088929768514e-08 19472
22 3.748600951494976e-11 8.764705232228556e-09 17696
22.25 2.798994780693387e-11 6.718547471915168e-09 15588
22.5 1.960683301800652e-11 4.868605554598106e-09 13760
22.75 1.326812667007225e-11 3.281696752863144e-09 11565
23 8.974726035374738e-12 2.391032348311284e-09 10016
23.25 6.556702969220452e-12 1.770489712739338e-09 8652
23.5 4.786908752132213e-12 1.329076801791814e-09 7652
23.75 3.756055745382663e-12 1.031991894413972e-09 6542
24 2.779864739970038e-12 7.886946603908768e-10 5478
24.25 2.092269317502001e-12 6.22721988391681e-10 4886
24.5 1.565132010265238e-12 4.775247603314764e-10 4068
24.75 1.204552273442832e-12 3.47169737437462e-10 3326
25 8.738447173248004e-13 2.66845441439308e-10 2696
25.25 6.688753138729065e-13 2.143635923060502e-10 2304
25.5 5.038296261114537e-13 1.689699030003957e-10 1934
25.75 3.511599725754357e-13 1.137645649289518e-10 1344
26 1.976363364616187e-13 6.246035600218259e-11 848
26.25 1.999136321245195e-13 6.097182990470868e-11 888
26.5 1.376197920202923e-13 4.321863500399519e-11 584
26.75 7.712415592773625e-14 2.021774487580365e-11 344
27 2.450203718386528e-14 5.330891568883191e-12 102
27.25 2.687898836451015e-14 6.087049200886174e-12 104
27.5 4.549779304614878e-15 2.150153307939941e-12 24
27.75 6.464521177903639e-17 7.286944954365596e-14 1

0.25 2.40750035434337e-08 3.988836942592418e-09 18
0.5 2.542082030956309e-08 1.455584798739188e-08 62
0.75 1.288157450168311e-08 2.249240944146089e-08 98
1 1.986199804541855e-08 4.61369145971118e-08 210
1.25 2.385812482126798e-08 8.39414931104724e-08 350
1.5 2.292560114840764e-08 1.039882372618306e-07 450
1.75 2.692700455916955e-08 1.501625789443672e-07 602
2 2.721034668433016e-08 1.898714221398446e-07 762
2.25 3.348483678282697e-08 3.142906384677154e-07 1142
2.5 3.569968995464505e-08 3.251063370564951e-07 1250
2.75 3.437865069626313e-08 3.773349222869863e-07 1458
3 4.175996344366491e-08 5.012391398475112e-07 1814
3.25 4.554649589566195e-08 6.115587447104981e-07 2178
3.5 4.625722260144906e-08 7.317426721559733e-07 2498
3.75 4.658843667979243e-08 8.427284105205415e-07 2622
4 5.303415199974774e-08 1.06213912785702e-06 3338
4.25 5.520307549548199e-08 1.132244644054621e-06 3722
4.5 5.973613263928154e-08 1.355309696871754e-06 4170
4.75 5.681679515877853e-08 1.450732228114581e-06 4358
5 6.05108761092914e-08 1.621079425575118e-06 5034
5.25 5.729909774048962e-08 1.801670717996763e-06 5714
5.5 5.265616207726546e-08 1.788571952702092e-06 5982
5.75 5.431500357606945e-08 1.912822574973667e-06 6602
6 5.337906085786438e-08 1.954047637838746e-06 7130
6.25 5.186921501300107e-08 2.146250755965026e-06 8034
6.5 5.212163487602448e-08 2.200558943899794e-06 8606
6.75 4.98047990625162e-08 2.230167191979794e-06 9066
7 4.968040435752911e-08 2.454463355426782e-06 9962
7.25 4.730601551410206e-08 2.432279737780572e-06 10550
7.5 4.674082550506233e-08 2.557051822274683e-06 11226
7.75 4.717607755662052e-08 2.646123636127212e-06 12146
8 4.309177406184473e-08 2.58460706917154e-06 12606
8.25 4.482721933676764e-08 2.794372940610086e-06 13802
8.5 4.240703811106533e-08 2.872987977320362e-06 14754
8.75 4.032168190868293e-08 2.767524659373674e-06 15194
9 3.940554070036676e-08 2.865567350602171e-06 16454
9.25 3.656207034903652e-08 2.853704923863446e-06 17154
9.5 3.574333890883592e-08 2.871424286612014e-06 18266
9.75 3.374218831463439e-08 2.754588589874211e-06 18750
10 3.257008420749887e-08 2.811648492963453e-06 20234
10.25 3.059973802362209e-08 2.742685582647757e-06 21450
10.5 2.821301393137129e-08 2.553558495421074e-06 21962
10.75 2.619735735066642e-08 2.524110839152498e-06 23462
11 2.411747356435214e-08 2.379287409169264e-06 24042
11.25 2.300651938525105e-08 2.348100198778244e-06 25946
11.5 2.033689788514412e-08 2.173806742813265e-06 26118
11.75 1.888707982887998e-08 2.040867354225889e-06 27506
12 1.785495856809743e-08 1.97907582750833e-06 29066
12.25 1.600255581131956e-08 1.880762210032857e-06 30450
12.5 1.509692509423039e-08 1.752165310420981e-06 31742
12.75 1.321406878262435e-08 1.593535848424432e-06 32250
13 1.269060524253937e-08 1.526797166684869e-06 34250
13.25 1.143526798994969e-08 1.438046843141756e-06 35454
13.5 1.043742180394951e-08 1.333038592631155e-06 36434
13.75 9.667562512180491e-09 1.232123760852266e-06 37682
14 9.073838189975375e-09 1.16789920465051e-06 39294
14.25 8.517937674043958e-09 1.10825988262405e-06 41426
14.5 7.821888580808672e-09 1.023997574850543e-06 42066
14.75 7.367996066887455e-09 9.862003103790572e-07 43490
15 7.041701160778001e-09 9.456528034001423e-07 45702
15.25 6.503614089541403e-09 8.993830003921626e-07 46634
15.5 6.351458742342552e-09 8.529736349070531e-07 48554
15.75 5.979908793850994e-09 8.140559323051986e-07 48870
16 5.517224289263255e-09 7.682279610791136e-07 50963
16.25 4.819819259345417e-09 6.793136977256681e-07 51576
16.5 3.584081707278275e-09 5.457785387811594e-07 49316
16.75 2.818192599869436e-09 4.428037277417782e-07 49344
17 2.20112487471636e-09 3.493035669252223e-07 47192
17.25 1.758524584572825e-09 2.979736445220941e-07 47576
17.5 1.324339342195784e-09 2.352128826941997e-07 45348
17.75 1.073275299175424e-09 1.91070982645798e-07 44060
18 8.644745768589008e-10 1.634132744918842e-07 43872
18.25 6.836567645505432e-10 1.295096375368273e-07 41756
18.5 5.596665257823844e-10 1.10236062462315e-07 41528
18.75 4.570048757949615e-10 8.983736852170959e-08 39300
19 3.685105251247618e-10 7.369825204213089e-08 38276
19.25 3.147628356727963e-10 6.244283988956582e-08 36900
19.5 2.458801863436635e-10 5.189224266504326e-08 34724
19.75 2.121555863693441e-10 4.454461829890143e-08 33960
20 1.705286059904136e-10 3.794275015779902e-08 32144
20.25 1.453685948051007e-10 3.173383772319898e-08 30704
20.5 1.200237361394007e-10 2.661145614691496e-08 28896
20.75 9.631756093173807e-11 2.225214683760226e-08 26924
21 8.525693480588145e-11 1.97495605604196e-08 25656
21.25 6.770695121281468e-11 1.597416623481996e-08 23228
21.5 5.995687942801427e-11 1.387293788513253e-08 21816
21.75 4.504902823050194e-11 1.087078045733884e-08 19472
22 3.740402212445506e-11 8.867830441886379e-09 17696
22.25 2.831600451076473e-11 6.901442457432088e-09 15588
22.5 1.969503276604133e-11 5.123971760171183e-09 13760
22.75 1.359072828551686e-11 3.478468284049801e-09 11565
23 9.411918788591804e-12 2.38342626108228e-09 10016
23.25 6.702239727726659e-12 1.848117392740256e-09 8652
23.5 4.815190200900762e-12 1.414731203521532e-09 7652
23.75 3.776570779069587e-12 1.104803718227448e-09 6542
24 2.892242661348247e-12 7.891378916809698e-10 5478
24.25 2.2179420165006e-12 6.328093726279344e-10 4886
24.5 1.609671389965415e-12 4.868823532873316e-10 4068
24.75 1.198909646476663e-12 3.787029715760668e-10 3326
25 8.951848807984041e-13 2.681816017209417e-10 2696
25.25 6.707543801932679e-13 2.228269535168017e-10 2304
25.5 5.476277118695022e-13 1.730946232479987e-10 1934
25.75 3.743998283853399e-13 1.159512155270282e-10 1344
26 2.137958616580587e-13 6.981301680809041e-11 848
26.25 2.02636566585836e-13 6.60541564784613e-11 888
26.5 1.390989877513796e-13 3.97636753772808e-11 584
26.75 8.071572978884693e-14 2.396451659356829e-11 344
27 2.089585391801447e-14 6.721487026315276e-12 102
27.25 2.004038848973159e-14 6.486658382647181e-12 104
27.5 8.928900436975727e-15 2.363397859710757e-12 24
27.75 9.70178345104254e-17 8.239543117225041e-16 1

