1:binCentralValue 2:valuesAverage 3:valuesAverage 4:multiplicity
0.707107 7.22181212146697 0.001460701000404181 18
1.41421 26.93509715528542 0.02384011138759977 62
2.12132 43.86357435345168 0.13223331057437 98
2.82843 91.01588855663108 0.6931400942025534 210
3.53554 134.4516011831549 1.968881879861747 350
4.24264 178.4194990638939 3.957229151194034 450
4.94975 240.2900692783113 9.044077613158812 602
5.65686 132.5291982095891 6.005898421911523 762
6.36396 1.290124330668175e-12 8.431485410169335e-32 1142
7.07107 9.287212471543363e-13 1.067625059741522e-31 1250
7.77818 7.270020608909733e-13 1.457493589673771e-31 1458
8.48528 4.928767212240155e-13 1.57018628840575e-31 1814
9.19239 3.092833771165306e-13 2.171016001431184e-31 2178
9.8995 1.415991870853951e-13 2.531228617512952e-31 2498
10.6066 3.622212924598319e-14 2.60120756991395e-31 2622
11.3137 1.737843283576869e-15 2.776985416496808e-31 3338
12.0208 1.547520112382985e-20 3.318065537422608e-31 3722
12.7279 1.62962778199761e-20 4.905517361700678e-31 4170
13.435 1.727104708879007e-20 5.529808207287344e-31 4358
14.1421 1.923120808171866e-20 5.770119010861933e-31 5034
14.8492 2.165153196841117e-20 6.577712112035284e-31 5714
15.5564 2.276626362143371e-20 7.424559698000378e-31 5982
16.2635 2.308850549856689e-20 8.584301863943615e-31 6602
16.9706 2.556846571038614e-20 8.498597688225572e-31 7130
17.6777 2.766800397880275e-20 1.241177354975617e-30 8034
18.3848 2.970414746651236e-20 1.45606479909782e-30 8606
19.0919 3.099536437666653e-20 1.499379134601741e-30 9066
19.799 3.377748196445991e-20 1.775065172070505e-30 9962
20.5061 3.476017805780749e-20 2.025191113332569e-30 10550
21.2132 3.659787878651667e-20 2.192492982072616e-30 11226
21.9203 4.054598307267511e-20 2.156243829838206e-30 12146
22.6274 4.035851354635627e-20 1.942435353409979e-30 12303
23.3345 4.143000064461237e-20 1.777559272037633e-30 12584
24.0416 3.782390060762597e-20 1.670450588681417e-30 12120
24.7487 3.418569055353623e-20 1.571035193099743e-30 11180
25.4559 3.300011158762766e-20 1.621042998804228e-30 11096
26.163 2.92750724719579e-20 1.517158569519243e-30 10056
26.8701 2.815101003764899e-20 1.551191356351003e-30 9716
27.5772 2.436144433597789e-20 1.396004971546917e-30 8604
28.2843 2.354743037195319e-20 1.385655623532929e-30 8060
28.9914 2.0957004932559e-20 1.303187083580941e-30 7320
29.6985 1.793178674385181e-20 1.118447271241817e-30 6356
30.4056 1.488418832717315e-20 9.12774540745522e-31 5348
31.1127 1.187973051541659e-20 7.039844108082457e-31 4308
31.8198 9.669258232646307e-21 5.758467919344406e-31 3563
32.5269 6.633638444148667e-21 3.784404727589576e-31 2448
33.234 5.041903430210841e-21 3.23297507099435e-31 1868
33.9411 3.742262362559765e-21 2.453694252238877e-31 1358
34.6482 2.909687482426954e-21 2.077193847747718e-31 1062
35.3554 2.149179437650173e-21 1.554179328704971e-31 776
36.0625 1.031652503476573e-21 8.879419514881327e-32 432
36.7696 5.161703520162685e-22 3.608984754874353e-32 200
37.4767 4.582242520642845e-22 3.015660545218503e-32 168
38.1838 1.713222735918066e-22 9.922519449935093e-33 56
38.8909 1.653132205815191e-23 1.116938106038941e-33 7

0.707107 0.5581369966252464 0.005732207736892694 18
1.41421 3.698704088189006 0.0469202770779602 62
2.12132 11.2260948833661 0.08210375032718148 98
2.82843 33.68660145509754 0.6817605182996718 210
3.53554 56.94773880794364 3.974409218455793 350
4.24264 86.19893764360901 11.14666085841671 450
4.94975 102.2117227923885 21.48199273813458 602
5.65686 40.31147181006325 12.10324060770699 762
6.36396 6.820506655143459e-11 1.586223110162491e-11 1142
7.07107 5.237699337819799e-11 1.277344734695588e-11 1250
7.77818 3.79587878078553e-11 9.398004955758136e-12 1458
8.48528 2.497391223496863e-11 6.58968975735072e-12 1814
9.19239 1.539412128372508e-11 4.828389073380149e-12 2178
9.8995 5.705082364778309e-12 2.415356316569968e-12 2498
10.6066 1.588540938400863e-12 6.060902362996099e-13 2622
11.3137 7.43226192175738e-14 3.17873218405027e-14 3338
12.0208 5.977829865140378e-17 1.248132347753416e-18 3722
12.7279 7.402339673762295e-17 1.554849943185513e-18 4170
13.435 8.088662698266185e-17 1.82114109614714e-18 4358
14.1421 1.09500141484083e-16 2.270197017197663e-18 5034
14.8492 1.199206436466443e-16 2.749358945514908e-18 5714
15.5564 1.297192288614773e-16 3.018583429672432e-18 5982
16.2635 1.5820791490097e-16 3.69262596462021e-18 6602
16.9706 1.69572064683561e-16 4.268660567849408e-18 7130
17.6777 2.026931309034757e-16 5.063435322705976e-18 8034
18.3848 2.273867286615448e-16 5.696555346008396e-18 8606
19.0919 2.454306487386928e-16 6.302800546281831e-18 9066
19.799 2.834176217805864e-16 7.270737170047354e-18 9962
20.5061 3.000402106660646e-16 8.035583483824866e-18 10550
21.2132 3.294592989396679e-16 8.91541512395956e-18 11226
21.9203 3.700854727339056e-16 1.01346216799294e-17 12146
22.6274 3.888516257250934e-16 1.071265087741305e-17 12303
23.3345 4.074020485734102e-16 1.139406463023105e-17 12584
24.0416 3.950599899204003e-16 1.124928967665612e-17 12120
24.7487 3.70795091459457e-16 1.091417365742005e-17 11180
25.4559 3.783919321176162e-16 1.151615678586912e-17 11096
26.163 3.43431502771831e-16 1.084179621928259e-17 10056
26.8701 3.525045644765563e-16 1.076004635645406e-17 9716
27.5772 3.151283249897876e-16 1.005238958587446e-17 8604
28.2843 2.931877355587625e-16 9.502638822928251e-18 8060
28.9914 2.864777848653477e-16 8.996777292794332e-18 7320
29.6985 2.483483968253056e-16 7.972131681684999e-18 6356
30.4056 2.143869534376838e-16 6.998250343364444e-18 5348
31.1127 1.804356920405681e-16 5.891520388020888e-18 4308
31.8198 1.53106114643368e-16 5.028892131768818e-18 3563
32.5269 1.057604987563103e-16 3.568582365326914e-18 2448
33.234 8.061081740928736e-17 2.757948613932911e-18 1868
33.9411 5.745985760096969e-17 2.191914938173967e-18 1358
34.6482 4.791269746265951e-17 1.631146368130471e-18 1062
35.3554 3.451479136328827e-17 1.127695428178232e-18 776
36.0625 2.027903532757368e-17 7.105981137664596e-19 432
36.7696 9.205069708053575e-18 3.475953605936727e-19 200
37.4767 9.115971501114125e-18 2.507597036413235e-19 168
38.1838 3.062744740999751e-18 9.583234345324935e-20 56
38.8909 2.158993119440056e-19 9.730799091931316e-21 7

0.707107 2.531779819299397 0.1555737890882067 18
1.41421 29.52448827131036 1.594052534431399 62
2.12132 91.4469131280388 2.638387090691228 98
2.82843 120.0158953149525 1.000627958665942 210
3.53554 191.9550262081152 1.220981002669888 350
4.24264 277.2695445907748 4.220096016644595 450
4.94975 245.5493512709056 5.499113500316472 602
5.65686 134.5260525426298 5.74824081348852 762
6.36396 7.76803150697805e-10 3.680257188116382e-11 1142
7.07107 5.510630747101922e-10 2.175725929710601e-11 1250
7.77818 4.677536445473318e-10 1.315901235941058e-11 1458
8.48528 2.994850088600158e-10 1.018004268065363e-11 1814
9.19239 1.105808535024339e-10 5.78856976097779e-12 2178
9.8995 3.509760233580984e-11 2.880539921785621e-12 2498
10.6066 6.945990204305547e-12 1.096609410264336e-12 2622
11.3137 3.60976646276047e-13 4.41719432927454e-14 3338
12.0208 1.979643712755472e-16 1.307271240633075e-18 3722
12.7279 2.636454069679954e-16 1.674827595126642e-18 4170
13.435 2.841117921073977e-16 2.01949437354655e-18 4358
14.1421 3.633383918432049e-16 2.505369141244703e-18 5034
14.8492 4.518924075331062e-16 3.160207977835847e-18 5714
15.5564 5.002086099955549e-16 3.626548215724841e-18 5982
16.2635 5.874745030303294e-16 4.360566445672521e-18 6602
16.9706 6.849344496298209e-16 5.066960669986383e-18 7130
17.6777 8.401142234784198e-16 6.045957766373865e-18 8034
18.3848 9.374675456352293e-16 7.009471583105354e-18 8606
19.0919 1.068954368018421e-15 7.545187445974574e-18 9066
19.799 1.238167578633115e-15 8.976483967270318e-18 9962
20.5061 1.33912848349512e-15 1.00206961412911e-17 10550
21.2132 1.497237174884782e-15 1.115133519352527e-17 11226
21.9203 1.727377049455682e-15 1.274430189146538e-17 12146
22.6274 1.827616144095123e-15 1.338445154832186e-17 12303
23.3345 1.91751811379036e-15 1.450605807282131e-17 12584
24.0416 1.955649120086945e-15 1.474512599610107e-17 12120
24.7487 1.841303791269731e-15 1.440584474902532e-17 11180
25.4559 1.932613798408272e-15 1.495093526523192e-17 11096
26.163 1.784954704261369e-15 1.421974252318516e-17 10056
26.8701 1.846948521136456e-15 1.430197180641666e-17 9716
27.5772 1.682370495134614e-15 1.360507610872922e-17 8604
28.2843 1.625367455696197e-15 1.239967408984426e-17 8060
28.9914 1.524486301102725e-15 1.205384302026251e-17 7320
29.6985 1.382419060105972e-15 1.092421676827369e-17 6356
30.4056 1.164673884060534e-15 9.446441814035487e-18 5348
31.1127 1.017640453008575e-15 7.854594319721567e-18 4308
31.8198 8.670256646182319e-16 6.585937760566953e-18 3563
32.5269 5.81408297783512e-16 4.794774078615108e-18 2448
33.234 4.510959318166237e-16 3.785161180185279e-18 1868
33.9411 3.610536447154113e-16 2.918010777766329e-18 1358
34.6482 2.804234382487631e-16 2.242536976545867e-18 1062
35.3554 1.997230364107194e-16 1.62554177877802e-18 776
36.0625 1.239872079054313e-16 9.989825278753244e-19 432
36.7696 5.45453020416021e-17 4.607653640403366e-19 200
37.4767 4.921565958962695e-17 4.182993181707908e-19 168
38.1838 1.728774867156946e-17 1.349058604905838e-19 56
38.8909 1.268531179418116e-18 1.378565003500826e-20 7

0.707107 37.38045124964313 0.1824331993071353 18
1.41421 258.5988666476422 0.3247705728074974 62
2.12132 372.6899602761954 3.766839200099807 98
2.82843 317.1308894467456 8.494841784840629 210
3.53554 263.2012402254883 6.922739149044749 350
4.24264 42.24079092861882 14.18252300486605 450
4.94975 53.22175174625126 37.52096388035947 602
5.65686 57.21890523358974 8.24433426624995 762
6.36396 4.226396783783734e-10 1.591082212050837e-10 1142
7.07107 2.415230253504506e-10 5.072690581945338e-11 1250
7.77818 1.581249795352005e-10 2.364233276677223e-11 1458
8.48528 7.229454122593527e-11 1.538788228904275e-11 1814
9.19239 2.039454010013343e-11 7.129602128072478e-12 2178
9.8995 5.98741732226624e-12 2.70070863865496e-12 2498
10.6066 1.347874358657329e-12 6.017680754988538e-13 2622
11.3137 5.816138102671402e-14 2.198772198095792e-14 3338
12.0208 1.294880329646584e-16 3.329818928484102e-18 3722
12.7279 1.508084965909428e-16 4.200695730442737e-18 4170
13.435 1.622327367332015e-16 4.742348627678436e-18 4358
14.1421 2.015715490714356e-16 5.889848220101408e-18 5034
14.8492 2.27129961582716e-16 7.318441818759229e-18 5714
15.5564 2.384441791298833e-16 8.085039229351732e-18 5982
16.2635 2.743022271578809e-16 9.445359198700982e-18 6602
16.9706 3.111041077404232e-16 1.1021876197007e-17 7130
17.6777 3.399003730402272e-16 1.322118584064267e-17 8034
18.3848 3.79181317694532e-16 1.494182149087246e-17 8606
19.0919 3.979801263707711e-16 1.62602753676307e-17 9066
19.799 4.596007478007209e-16 1.871287407113884e-17 9962
20.5061 5.006027179195078e-16 2.095770959564382e-17 10550
21.2132 5.34733146334244e-16 2.309385092182515e-17 11226
21.9203 5.935658389840878e-16 2.649190630831215e-17 12146
22.6274 6.205611590279829e-16 2.749666493551383e-17 12303
23.3345 6.457276745739743e-16 2.940973794196336e-17 12584
24.0416 6.356975616997454e-16 2.921981617821906e-17 12120
24.7487 5.781643940120534e-16 2.858527168186029e-17 11180
25.4559 5.802795673041306e-16 2.925020843875475e-17 11096
26.163 5.257777511279959e-16 2.778550558995945e-17 10056
26.8701 5.268859228820812e-16 2.789813744846884e-17 9716
27.5772 4.742892623139978e-16 2.511493690087483e-17 8604
28.2843 4.480252352397422e-16 2.419266911825768e-17 8060
28.9914 4.101051018698244e-16 2.266886462136759e-17 7320
29.6985 3.702329048008981e-16 2.100935360657036e-17 6356
30.4056 3.123319726220512e-16 1.784726675114681e-17 5348
31.1127 2.488127382572904e-16 1.454093282700931e-17 4308
31.8198 2.207987550048536e-16 1.225480363705637e-17 3563
32.5269 1.467816197393305e-16 8.793698132688636e-18 2448
33.234 1.12259696968849e-16 7.016957374511793e-18 1868
33.9411 8.487760249811482e-17 5.176104032249571e-18 1358
34.6482 7.246833289548067e-17 4.201391117025527e-18 1062
35.3554 4.902285169211223e-17 3.236408743002315e-18 776
36.0625 2.923050967274271e-17 1.917220361045577e-18 432
36.7696 1.237563428456819e-17 9.276625772386917e-19 200
37.4767 1.319823748437699e-17 6.717119181558754e-19 168
38.1838 3.611167072656278e-18 2.528969110617683e-19 56
38.8909 6.5331103727473e-19 3.47708789041917e-20 7

0.707107 577.0044804124943 2.678275950476181 18
1.41421 2784.630710982553 69.43792107543547 62
2.12132 1348.283535846498 165.7088482552625 98
2.82843 1367.807665194431 29.5881452771496 210
3.53554 425.5714822304067 2.141230981977405 350
4.24264 127.9516451292491 5.087951894897653 450
4.94975 212.1366365444201 13.81125035466269 602
5.65686 211.9085094210349 3.069729214939193 762
6.36396 1.155200331720364e-08 4.926024167333539e-10 1142
7.07107 6.204569322428272e-09 1.17624082691164e-10 1250
7.77818 3.866654395878333e-09 2.664690903679995e-11 1458
8.48528 1.497555800258235e-09 1.384284062699475e-11 1814
9.19239 2.155750446184081e-10 7.001488174642213e-12 2178
9.8995 5.530719825110051e-11 3.556801441000305e-12 2498
10.6066 1.181021916682917e-11 9.912395317994984e-13 2622
11.3137 5.166262514431407e-13 2.924232303460551e-14 3338
12.0208 4.151750510371957e-16 2.526097559254493e-18 3722
12.7279 5.669756898001386e-16 3.213244825348454e-18 4170
13.435 6.094531902187572e-16 3.71604344672084e-18 4358
14.1421 8.544230951019942e-16 4.783579925436589e-18 5034
14.8492 9.600710706306233e-16 6.04414696123061e-18 5714
15.5564 1.093136859075973e-15 6.78456442920267e-18 5982
16.2635 1.31132659163798e-15 8.292020195261473e-18 6602
16.9706 1.503898136773983e-15 9.619736484192122e-18 7130
17.6777 1.809436295080218e-15 1.174200870210952e-17 8034
18.3848 2.004617916814121e-15 1.342237146819961e-17 8606
19.0919 2.285462791474935e-15 1.490234383862949e-17 9066
19.799 2.699669733490895e-15 1.731335473015375e-17 9962
20.5061 2.987039244139113e-15 1.940523872006079e-17 10550
21.2132 3.393950321418369e-15 2.185254147120996e-17 11226
21.9203 3.941986976971358e-15 2.49946438754282e-17 12146
22.6274 4.011978104114581e-15 2.635701960474715e-17 12303
23.3345 4.230999509295257e-15 2.819074818878067e-17 12584
24.0416 4.318372935533333e-15 2.923850367343804e-17 12120
24.7487 4.101643680784521e-15 2.779565361714802e-17 11180
25.4559 4.270624218724664e-15 2.90232885473768e-17 11096
26.163 3.946115599241836e-15 2.779407752278459e-17 10056
26.8701 4.228515875045818e-15 2.773093141119644e-17 9716
27.5772 3.728455564765584e-15 2.579215077118304e-17 8604
28.2843 3.635452981020925e-15 2.482073641344605e-17 8060
28.9914 3.493273346326248e-15 2.339612785075608e-17 7320
29.6985 3.115482946457428e-15 2.131766986464565e-17 6356
30.4056 2.683695421162397e-15 1.853381055273019e-17 5348
31.1127 2.299577269943376e-15 1.50546645795239e-17 4308
31.8198 2.040276920886945e-15 1.306377616198221e-17 3563
32.5269 1.324004089720686e-15 9.663141559090567e-18 2448
33.234 1.048037911623076e-15 7.352790335238407e-18 1868
33.9411 7.885085704856905e-16 5.384884739833773e-18 1358
34.6482 6.418522838127534e-16 4.498270324896495e-18 1062
35.3554 5.212703975387209e-16 3.521005299096919e-18 776
36.0625 2.861677900372106e-16 1.789675811433786e-18 432
36.7696 1.296842210864349e-16 9.009603765427708e-19 200
37.4767 1.352715118466692e-16 7.221623985899681e-19 168
38.1838 3.866933231050595e-17 3.355462311080608e-19 56
38.8909 3.944020986561364e-18 3.956485253830402e-20 7

0.707107 818.1848413638132 2.182710294525229 18
1.41421 9530.169835732682 345.7973808188199 62
2.12132 9716.30528244688 1780.623494791822 98
2.82843 2616.126475032484 338.7013292797474 210
3.53554 1262.175313260533 9.774893098393045 350
4.24264 26.12783777528167 14.92955127460272 450
4.94975 57.08565381324289 31.43031669673418 602
5.65686 52.46442768894954 24.25091573177707 762
6.36396 6.623994611271076e-09 4.100221782352487e-09 1142
7.07107 1.908338067267761e-09 6.653228851893713e-10 1250
7.77818 6.054182774847135e-10 9.516367467690971e-11 1458
8.48528 1.279566125083597e-10 2.923451215870263e-11 1814
9.19239 1.975050501601367e-11 9.389059050725669e-12 2178
9.8995 4.9404126379908e-12 3.083702253645382e-12 2498
10.6066 1.031015552829951e-12 6.782781549815793e-13 2622
11.3137 2.613770361217494e-14 1.970666776322135e-14 3338
12.0208 2.098175333194678e-16 6.149548397356137e-18 3722
12.7279 2.280961046042025e-16 7.465629069282505e-18 4170
13.435 2.366979612630782e-16 8.517267377085958e-18 4358
14.1421 2.795716447849204e-16 1.038497089329078e-17 5034
14.8492 3.026279017307544e-16 1.284261372947052e-17 5714
15.5564 3.230200303341755e-16 1.45835449827808e-17 5982
16.2635 3.616511181755853e-16 1.712722550232324e-17 6602
16.9706 3.822999863944951e-16 1.947574433151835e-17 7130
17.6777 4.402943014704752e-16 2.321223205680525e-17 8034
18.3848 4.576536322311074e-16 2.633896265210247e-17 8606
19.0919 4.852839993242362e-16 2.860804714869438e-17 9066
19.799 5.36641504187136e-16 3.311367302251933e-17 9962
20.5061 5.657604571409757e-16 3.647272396090898e-17 10550
21.2132 6.154506631235287e-16 4.115884872044698e-17 11226
21.9203 6.674503810589916e-16 4.650720013036125e-17 12146
22.6274 6.79321661167758e-16 4.914143507093055e-17 12303
23.3345 6.942906313983131e-16 5.183993702208782e-17 12584
24.0416 6.57480543562286e-16 5.213257330865042e-17 12120
24.7487 5.869598172625845e-16 4.963713406526134e-17 11180
25.4559 5.866654644229578e-16 5.222887038238502e-17 11096
26.163 5.332087539010698e-16 4.890064718995217e-17 10056
26.8701 5.148578630089699e-16 4.861453512371076e-17 9716
27.5772 4.714097316231279e-16 4.435287735487664e-17 8604
28.2843 4.345662169442031e-16 4.350879527919667e-17 8060
28.9914 3.932660666182885e-16 4.028953149730961e-17 7320
29.6985 3.41945193393007e-16 3.560139470223694e-17 6356
30.4056 2.926223212183981e-16 3.08871837156845e-17 5348
31.1127 2.436439497230359e-16 2.580999392574469e-17 4308
31.8198 2.042689926280906e-16 2.195772983390145e-17 3563
32.5269 1.291701392701055e-16 1.554175533097195e-17 2448
33.234 1.022285616715386e-16 1.244281461237965e-17 1868
33.9411 7.86468833929329e-17 8.748290022637835e-18 1358
34.6482 5.907868898021596e-17 7.552184692532568e-18 1062
35.3554 4.495667436314138e-17 5.642426789345756e-18 776
36.0625 2.762458106448684e-17 3.064297706317028e-18 432
36.7696 1.229894175935493e-17 1.492882320584115e-18 200
37.4767 1.121728238925448e-17 1.099194151012244e-18 168
38.1838 3.565718524437995e-18 4.478378005123254e-19 56
38.8909 3.738119407467712e-19 6.154159793005918e-20 7

0.707107 24047.33849748617 9.084163374346868 18
1.41421 353510.1732355217 1035.232143211422 62
2.12132 283325.7021884945 4077.307734037033 98
2.82843 48473.15105132273 418.4883502703823 210
3.53554 22358.17256348971 2.777099819995881 350
4.24264 112.7643438415016 4.77668529404282 450
4.94975 184.9708660645533 15.01127254962778 602
5.65686 224.9180252500425 10.64697560490211 762
6.36396 2.003444197526316e-07 2.433907920944562e-08 1142
7.07107 8.715681659415585e-08 6.601045742959441e-09 1250
7.77818 3.494380031271712e-08 6.488257593196618e-10 1458
8.48528 9.75986925299779e-09 3.402390064845642e-11 1814
9.19239 6.876844098267973e-10 8.040711210523644e-12 2178
9.8995 7.727942803727586e-11 3.580092947684026e-12 2498
10.6066 1.765530847784068e-11 1.179627743820909e-12 2622
11.3137 5.390051921650315e-13 5.95597523330527e-14 3338
12.0208 6.632719807791066e-16 3.962689893385161e-18 3722
12.7279 8.578730731114138e-16 5.019200565157332e-18 4170
13.435 1.034466513760899e-15 5.868224160605452e-18 4358
14.1421 1.263909471020268e-15 7.336669012158226e-18 5034
14.8492 1.556515832387252e-15 9.437612569842163e-18 5714
15.5564 1.753978019206175e-15 1.054681624936596e-17 5982
16.2635 1.955045964127034e-15 1.281877597784986e-17 6602
16.9706 2.369007938789885e-15 1.492825970303968e-17 7130
17.6777 3.012280087225041e-15 1.811973475915069e-17 8034
18.3848 3.257696612271154e-15 2.046373652166075e-17 8606
19.0919 3.644977458836147e-15 2.250636158343561e-17 9066
19.799 4.354329344979446e-15 2.693183642319548e-17 9962
20.5061 4.707722613243097e-15 2.998131137356089e-17 10550
21.2132 5.264225622196294e-15 3.395270640018465e-17 11226
21.9203 6.201934463680134e-15 3.827178443899591e-17 12146
22.6274 6.296386729615471e-15 4.137788545728649e-17 12303
23.3345 6.967546850233748e-15 4.391303022219171e-17 12584
24.0416 7.037190202906149e-15 4.520743231926699e-17 12120
24.7487 6.611196737136763e-15 4.349796183077575e-17 11180
25.4559 6.858507870729594e-15 4.54276138570941e-17 11096
26.163 6.548684877389465e-15 4.288419016154885e-17 10056
26.8701 6.641862715627578e-15 4.446231857484972e-17 9716
27.5772 6.036536141937829e-15 4.044715224110165e-17 8604
28.2843 5.898183062481104e-15 3.942025253863386e-17 8060
28.9914 5.518049617662826e-15 3.659383770720784e-17 7320
29.6985 5.030999562386868e-15 3.33045623325767e-17 6356
30.4056 4.398357879340457e-15 2.874675727277738e-17 5348
31.1127 3.712770236126672e-15 2.439626135250983e-17 4308
31.8198 3.113091183859993e-15 2.104016528119242e-17 3563
32.5269 2.077377964948753e-15 1.509805909923519e-17 2448
33.234 1.735296331959786e-15 1.172468256304583e-17 1868
33.9411 1.204944227102564e-15 8.741047822600904e-18 1358
34.6482 1.071341158197848e-15 7.067751905479491e-18 1062
35.3554 7.295210010381091e-16 5.420039036678782e-18 776
36.0625 4.313511914704907e-16 3.060267337474844e-18 432
36.7696 1.927933378889991e-16 1.483560500285228e-18 200
37.4767 1.958110015953777e-16 1.040849096217258e-18 168
38.1838 6.274368039664029e-17 4.197813305089063e-19 56
38.8909 8.82272685419903e-18 5.624945360338744e-20 7

0.707107 12893.13155211669 508.8502436941717 18
1.41421 315643.4516474252 69263.94981598848 62
2.12132 267545.3395038521 219947.420939809 98
2.82843 24612.92012856383 11946.08582295012 210
3.53554 11448.45443579221 8.371315335501929 350
4.24264 32.5984454104229 16.91011829493767 450
4.94975 57.17308591273958 30.47767176766359 602
5.65686 27.74565714181115 82.00042621147625 762
6.36396 1.974153353387699e-07 1.788381372446331e-07 1142
7.07107 3.972664240550504e-08 4.34982287531014e-08 1250
7.77818 7.3589430601796e-09 3.495347226650773e-09 1458
8.48528 1.075639597494144e-09 1.024750036350705e-10 1814
9.19239 4.402308528086739e-11 1.382097259668754e-11 2178
9.8995 5.777947732525179e-12 3.309585335951753e-12 2498
10.6066 1.206668011234979e-12 7.493405783027453e-13 2622
11.3137 3.988248813596847e-14 3.10616682638929e-14 3338
12.0208 2.816501022335946e-16 8.267363631485346e-18 3722
12.7279 3.135982616978487e-16 1.023541832057051e-17 4170
13.435 3.269874022575781e-16 1.163680672251737e-17 4358
14.1421 3.878382857612723e-16 1.414825584212865e-17 5034
14.8492 4.138778563531636e-16 1.721304908271821e-17 5714
15.5564 4.544663843052183e-16 1.911111967214201e-17 5982
16.2635 4.735015652186048e-16 2.33932327257368e-17 6602
16.9706 5.108258986475453e-16 2.592822470651544e-17 7130
17.6777 6.020053568156994e-16 3.106503519325546e-17 8034
18.3848 6.25758404924386e-16 3.510466705051758e-17 8606
19.0919 6.640112279516762e-16 3.818951407674383e-17 9066
19.799 7.263008469352811e-16 4.452511588889451e-17 9962
20.5061 7.783007511065732e-16 4.900733555704502e-17 10550
21.2132 8.247238012441711e-16 5.53841305747811e-17 11226
21.9203 9.075357998524569e-16 6.228504258154559e-17 12146
22.6274 9.38426529225051e-16 6.581334210498157e-17 12303
23.3345 9.533961519928729e-16 6.950509926648706e-17 12584
24.0416 9.003283129090221e-16 7.049790187805231e-17 12120
24.7487 8.197704914392604e-16 6.74125197270773e-17 11180
25.4559 8.097323906006564e-16 6.973588973690667e-17 11096
26.163 7.337676797685176e-16 6.52398563134862e-17 10056
26.8701 7.116447599536779e-16 6.629694101034971e-17 9716
27.5772 6.338678579444561e-16 6.001858209600391e-17 8604
28.2843 5.947252298890962e-16 5.758120199688311e-17 8060
28.9914 5.538869735773962e-16 5.274246323116789e-17 7320
29.6985 4.690184951732426e-16 4.881241121444573e-17 6356
30.4056 4.003051977440807e-16 4.169946010653736e-17 5348
31.1127 3.288987325562143e-16 3.466046213186975e-17 4308
31.8198 2.873541493428e-16 2.958856277947477e-17 3563
32.5269 1.802862468731779e-16 2.113554494649522e-17 2448
33.234 1.42463083113246e-16 1.693636260688058e-17 1868
33.9411 1.034324633090063e-16 1.224114559790279e-17 1358
34.6482 8.252877096996338e-17 1.007139986469638e-17 1062
35.3554 6.154790030315285e-17 7.895966980794843e-18 776
36.0625 3.828663188379394e-17 4.360822812965854e-18 432
36.7696 1.715021114455422e-17 2.107599273698116e-18 200
37.4767 1.398839694213952e-17 1.507474744911995e-18 168
38.1838 4.484968323054e-18 5.810392097436355e-19 56
38.8909 3.522839611673416e-19 9.405124453067747e-20 7

0.707107 413398.0908420038 38.54236249525132 18
1.41421 18857817.40192264 914.8631783765276 62
2.12132 22886020.58557611 35017.38260473123 98
2.82843 879883.495916451 3615.572434040002 210
3.53554 337773.3035165895 2.68905420785847 350
4.24264 798.6137210170955 4.740708974995158 450
4.94975 186.3565356252285 13.37400179200445 602
5.65686 179.6730870222441 27.52415511271558 762
6.36396 5.991432233237744e-06 6.981342995124143e-07 1142
7.07107 1.709791219172955e-06 2.550987376941755e-07 1250
7.77818 3.948456489772762e-07 2.731485215497248e-08 1458
8.48528 8.250471081352367e-08 1.914760306283294e-10 1814
9.19239 2.675742548532266e-09 1.307359034979682e-11 2178
9.8995 9.117970674931832e-11 3.59957424798693e-12 2498
10.6066 2.217120714627971e-11 1.029078098303491e-12 2622
11.3137 4.675181843397152e-13 5.305003936358523e-14 3338
12.0208 8.493329458288614e-16 6.970467667915374e-18 3722
12.7279 1.165811091297251e-15 6.89774452932281e-18 4170
13.435 1.304951507137812e-15 7.638244688549479e-18 4358
14.1421 1.645207902628526e-15 1.001960847731951e-17 5034
14.8492 1.950198261213278e-15 1.257439974528429e-17 5714
15.5564 2.1387499181253e-15 1.427549391234584e-17 5982
16.2635 2.494851219034169e-15 1.709539598783909e-17 6602
16.9706 2.992672926921771e-15 2.006957520494296e-17 7130
17.6777 3.621332921608664e-15 2.431278455449589e-17 8034
18.3848 4.03035976185061e-15 2.759936251447174e-17 8606
19.0919 4.514505348907714e-15 3.085179400178619e-17 9066
19.799 5.512318454778409e-15 3.628387419860758e-17 9962
20.5061 5.901463163533119e-15 4.01169441862279e-17 10550
21.2132 6.511013535258258e-15 4.492314867504245e-17 11226
21.9203 7.602549579901847e-15 5.175670577145003e-17 12146
22.6274 7.839609405122524e-15 5.491469910131911e-17 12303
23.3345 8.733320640989913e-15 5.996153952558993e-17 12584
24.0416 8.817870566170952e-15 6.060276503076539e-17 12120
24.7487 8.298902824832278e-15 5.859136645311202e-17 11180
25.4559 8.581159030611322e-15 6.065815699566282e-17 11096
26.163 8.185354247464757e-15 5.769148245246153e-17 10056
26.8701 8.306689623844745e-15 5.914509391531458e-17 9716
27.5772 7.457757494924782e-15 5.449072892572286e-17 8604
28.2843 7.405393620366545e-15 5.253388794344029e-17 8060
28.9914 6.937058497918948e-15 4.890660652897107e-17 7320
29.6985 6.14595980107691e-15 4.443306918629929e-17 6356
30.4056 5.503918247590112e-15 3.848786717217479e-17 5348
31.1127 4.618752979970216e-15 3.261887357244604e-17 4308
31.8198 3.94521577385388e-15 2.783213409834838e-17 3563
32.5269 2.809685318053523e-15 1.95465796812042e-17 2448
33.234 2.160279950877933e-15 1.588490368201794e-17 1868
33.9411 1.605953470813319e-15 1.155350174409989e-17 1358
34.6482 1.308367343729986e-15 9.040658030759511e-18 1062
35.3554 9.660355381264639e-16 7.262975919893919e-18 776
36.0625 5.878264066478632e-16 4.426160947804587e-18 432
36.7696 2.587220155516527e-16 2.046521934599356e-18 200
37.4767 2.145295658162588e-16 1.358632686553593e-18 168
38.1838 7.701904940201983e-17 5.078216940339283e-19 56
38.8909 2.687367271708002e-18 7.067566546473254e-20 7

0.707107 53620.24729501882 21819.34678507488 18
1.41421 1034215.090612072 5635060.486097874 62
2.12132 301613.7196334712 14801364.08005441 98
2.82843 163198.670635583 270393.5072541239 210
3.53554 32471.49987973028 7.670403735821211 350
4.24264 48.04431727129968 14.61542694129343 450
4.94975 56.31140831936536 42.21982626284579 602
5.65686 99.77084385340457 88.77801027516153 762
6.36396 1.099794840398175e-05 1.088456278175735e-05 1142
7.07107 1.773393684626494e-06 2.742445305597459e-06 1250
7.77818 2.468299632625131e-07 1.530412077982004e-07 1458
8.48528 3.944054888389323e-08 4.594759648953651e-10 1814
9.19239 6.934615027415786e-10 2.45799652984212e-11 2178
9.8995 1.561521514377194e-11 3.687629994123083e-12 2498
10.6066 3.049216677522435e-12 7.652312076827639e-13 2622
11.3137 4.707976311345356e-14 2.734400898526338e-14 3338
12.0208 3.762668339081525e-16 1.545957303950623e-17 3722
12.7279 4.158077417348531e-16 1.294812601653687e-17 4170
13.435 4.715691741494447e-16 1.406474909543183e-17 4358
14.1421 5.741016447684102e-16 1.728188481808975e-17 5034
14.8492 6.378492432692032e-16 2.152435665233261e-17 5714
15.5564 7.175707263364949e-16 2.37135195402288e-17 5982
16.2635 7.903538680808231e-16 2.886239053736402e-17 6602
16.9706 1.059529785470369e-15 3.292146202085803e-17 7130
17.6777 1.042330108354716e-15 3.906640205352806e-17 8034
18.3848 1.104113863017685e-15 4.384581038397074e-17 8606
19.0919 1.172326553309274e-15 4.79353552738349e-17 9066
19.799 1.326375169831049e-15 5.624855867089521e-17 9962
20.5061 1.472859599027281e-15 6.166115308136098e-17 10550
21.2132 1.598845208883916e-15 6.925741544842433e-17 11226
21.9203 1.759276382392019e-15 7.835005929307421e-17 12146
22.6274 1.89391503011132e-15 8.316513745936165e-17 12303
23.3345 1.89984434128876e-15 8.93307887477141e-17 12584
24.0416 1.857816937456965e-15 8.881637016803168e-17 12120
24.7487 1.716761391889362e-15 8.512603657794552e-17 11180
25.4559 1.734194894436944e-15 8.576153185924139e-17 11096
26.163 1.590452989494816e-15 8.165588900436859e-17 10056
26.8701 1.618036096437614e-15 8.239948479762517e-17 9716
27.5772 1.439691870994055e-15 7.697722421716235e-17 8604
28.2843 1.360078050320209e-15 7.338955460603406e-17 8060
28.9914 1.271157067385097e-15 6.801691843809113e-17 7320
29.6985 1.085908576212599e-15 6.281884975872427e-17 6356
30.4056 9.540004301628647e-16 5.354561666415077e-17 5348
31.1127 8.127273967082834e-16 4.533895971269218e-17 4308
31.8198 6.967168081771245e-16 3.743278578520846e-17 3563
32.5269 4.699727335639657e-16 2.777437783885412e-17 2448
33.234 3.480749860702002e-16 2.130919410693973e-17 1868
33.9411 2.484778453751407e-16 1.545478931929577e-17 1358
34.6482 2.199403687361691e-16 1.280144819882811e-17 1062
35.3554 1.501674017110951e-16 1.024090380917279e-17 776
36.0625 9.229939423178834e-17 5.299066877555109e-18 432
36.7696 3.844765177642596e-17 2.557620502126917e-18 200
37.4767 3.843873855861206e-17 2.027558349037318e-18 168
38.1838 1.116888774729831e-17 7.472773433661541e-19 56
38.8909 1.775733203950574e-18 1.326578745845556e-19 7

0.707107 2814383.822681395 13038.63578573382 18
1.41421 488548638.8902232 2310523.386634761 62
2.12132 940463774.9978251 2113513.849441034 98
2.82843 13281865.96550402 597.1305184060976 210
3.53554 2604626.091526827 2.012481488808479 350
4.24264 4061.162557200039 3.780875622166345 450
4.94975 262.0055674133118 10.52099352861067 602
5.65686 176.8566979590481 50.57287273924583 762
6.36396 0.00112041884448802 0.0002994624741875137 1142
7.07107 7.768527190857576e-05 5.000760757856214e-06 1250
7.77818 7.082524683521437e-06 3.180886233611366e-07 1458
8.48528 7.452670984352137e-07 3.961158882513423e-09 1814
9.19239 2.163527809348035e-08 4.292537495115669e-10 2178
9.8995 1.633514418473615e-10 2.240205842878761e-11 2498
10.6066 2.678968210378871e-11 1.587255734946169e-12 2622
11.3137 4.142192675144199e-13 4.138655931233163e-14 3338
12.0208 1.798980019297428e-15 2.369876538713902e-16 3722
12.7279 1.282591355164035e-15 2.173600487384091e-17 4170
13.435 1.52197767722714e-15 1.108993816935545e-17 4358
14.1421 2.047719362427691e-15 1.332896791753959e-17 5034
14.8492 2.232499430421802e-15 1.699377395292757e-17 5714
15.5564 2.513418233175767e-15 1.960926576533038e-17 5982
16.2635 2.912565685567331e-15 2.368896946549546e-17 6602
16.9706 3.443586459587014e-15 2.740661320654252e-17 7130
17.6777 4.34583688156465e-15 3.305359576606024e-17 8034
18.3848 4.778881712600772e-15 3.826083786500148e-17 8606
19.0919 5.249280290363577e-15 4.203916557281507e-17 9066
19.799 6.17202651091845e-15 4.918130067736845e-17 9962
20.5061 6.761296237416493e-15 5.464261240132309e-17 10550
21.2132 7.528467877332787e-15 6.161430388070597e-17 11226
21.9203 8.601067456883136e-15 7.057893704312457e-17 12146
22.6274 9.011326059811234e-15 7.397129363752705e-17 12303
23.3345 9.644627762637087e-15 8.075936755360854e-17 12584
24.0416 9.956111762806152e-15 8.227101778255128e-17 12120
24.7487 9.737919332243041e-15 7.949605254032093e-17 11180
25.4559 9.671843960034229e-15 8.139280946962155e-17 11096
26.163 9.369798088649125e-15 7.702844639358565e-17 10056
26.8701 9.415168294382091e-15 7.949476897783536e-17 9716
27.5772 8.620144311217551e-15 7.305980065408299e-17 8604
28.2843 8.473018048991571e-15 6.947065952050747e-17 8060
28.9914 7.757014699127639e-15 6.497237045595054e-17 7320
29.6985 6.930244109092067e-15 5.99888237609895e-17 6356
30.4056 6.246115308541089e-15 5.189403192948574e-17 5348
31.1127 5.223795572327328e-15 4.339667554539757e-17 4308
31.8198 4.367073608411186e-15 3.725738315440217e-17 3563
32.5269 3.019666290456845e-15 2.706160502973101e-17 2448
33.234 2.354445416820772e-15 2.060107207759217e-17 1868
33.9411 1.72876989834e-15 1.581420385848212e-17 1358
34.6482 1.450457964874687e-15 1.333480141966674e-17 1062
35.3554 1.051060832575582e-15 1.039292045210908e-17 776
36.0625 6.261745787948657e-16 5.695044715056246e-18 432
36.7696 2.846946003247687e-16 2.805287650700541e-18 200
37.4767 2.401132998600783e-16 1.868582704113329e-18 168
38.1838 7.870843390957018e-17 6.784332511831977e-19 56
38.8909 7.514093369799252e-18 1.505740912762487e-19 7

0.707107 6602459.801045692 250372.6857440965 18
1.41421 2215968414.789835 122234405.7090017 62
2.12132 4809017215.417374 239383454.7059304 98
2.82843 39423457.80279438 1082079.644967646 210
3.53554 2500459.576342974 3.676075898944075 350
4.24264 3380.891115852374 6.074324261657962 450
4.94975 136.4985682941724 20.30842174826216 602
5.65686 367.4592388544186 25.38007338183715 762
6.36396 0.004482101494498263 0.003550653914299983 1142
7.07107 0.0003524978489677334 0.0001868979353580766 1250
7.77818 2.428528619072103e-05 1.065166643993125e-05 1458
8.48528 1.370027054343097e-06 2.709672653377143e-07 1814
9.19239 5.063308749227112e-08 8.279624383823508e-09 2178
9.8995 1.437248839256914e-09 1.468855764197903e-10 2498
10.6066 5.201274205906905e-11 3.41662059407936e-12 2622
11.3137 2.319712751144109e-13 6.216419845549438e-14 3338
12.0208 2.625993148431432e-15 5.680321283192015e-16 3722
12.7279 9.36014350591e-16 1.856464891926939e-16 4170
13.435 7.997162333569491e-16 1.982751247959188e-17 4358
14.1421 9.540315347751561e-16 2.001579980965288e-17 5034
14.8492 1.156192828456271e-15 2.492619759354269e-17 5714
15.5564 1.250326877545897e-15 2.768604764953132e-17 5982
16.2635 1.375613883681363e-15 3.366276377905059e-17 6602
16.9706 1.65852329231877e-15 3.821858677383389e-17 7130
17.6777 1.9660417124811e-15 4.606384731893851e-17 8034
18.3848 2.149301677354652e-15 5.24846424712974e-17 8606
19.0919 2.273507030820457e-15 5.75646403142802e-17 9066
19.799 2.622068473078023e-15 6.775019913833666e-17 9962
20.5061 2.917030611594615e-15 7.492471088724143e-17 10550
21.2132 3.201549467395424e-15 8.251213273713025e-17 11226
21.9203 3.640365592668978e-15 9.393014517474993e-17 12146
22.6274 3.850355652778188e-15 9.781288618403454e-17 12303
23.3345 3.969425629028947e-15 1.068455553825756e-16 12584
24.0416 4.023806485511516e-15 1.095622927664463e-16 12120
24.7487 3.742190166645607e-15 1.019317133635632e-16 11180
25.4559 3.768862498129534e-15 1.048177220231263e-16 11096
26.163 3.572787970668996e-15 9.856628085460223e-17 10056
26.8701 3.610614736069803e-15 1.017018992344357e-16 9716
27.5772 3.266508559203642e-15 9.27540846645868e-17 8604
28.2843 3.098133850980891e-15 8.953594687154639e-17 8060
28.9914 2.826343237889345e-15 8.307417672457905e-17 7320
29.6985 2.494320434530209e-15 7.739144980029357e-17 6356
30.4056 2.227794681843719e-15 6.535129909480968e-17 5348
31.1127 1.819505894018869e-15 5.465536980665862e-17 4308
31.8198 1.601739586852946e-15 4.627296320174673e-17 3563
32.5269 1.097896350617727e-15 3.387390627293601e-17 2448
33.234 8.008893623327532e-16 2.648258470474212e-17 1868
33.9411 6.20945559054592e-16 1.921916170027137e-17 1358
34.6482 5.324487662570858e-16 1.562298881822427e-17 1062
35.3554 3.726883102478301e-16 1.170190523737762e-17 776
36.0625 2.300639685907654e-16 7.266594760084176e-18 432
36.7696 1.111203838407802e-16 3.244300907853304e-18 200
37.4767 7.758043421295933e-17 2.769595048332395e-18 168
38.1838 2.580969193025358e-17 9.858073640967791e-19 56
38.8909 2.22123253592549e-18 1.602397111689984e-19 7

0.707107 3489271.379425751 449469.8742661047 18
1.41421 105848200.1356767 388023302.7773037 62
2.12132 3660985295.982083 957975354.2856199 98
2.82843 64958416.72394146 4497069.547913577 210
3.53554 2344656.940851741 864.1105609816196 350
4.24264 23613.05448729142 735.2104367320194 450
4.94975 6906.625693448851 713.6374687295295 602
5.65686 1522.764159247874 470.0129589176815 762
6.36396 18.40194834456426 41.01671036808051 1142
7.07107 0.08736947660378543 0.1732023106363168 1250
7.77818 0.004834780564470854 0.00227480055866787 1458
8.48528 0.0007964667826341564 0.0001007474545718321 1814
9.19239 8.095260584035356e-05 2.932128599321979e-05 2178
9.8995 2.481568897542287e-06 3.334620810849364e-06 2498
10.6066 1.997457808505038e-08 6.879198645603867e-08 2622
11.3137 3.578257442820136e-10 5.791413851259287e-10 3338
12.0208 4.167592423122545e-11 9.696278895597519e-12 3722
12.7279 4.110838599072621e-12 1.394414047589805e-12 4170
13.435 1.51065826484473e-13 1.497765620468412e-13 4358
14.1421 4.949599305091531e-15 7.382774445313699e-15 5034
14.8492 2.261774781797672e-15 9.011605272673876e-17 5714
15.5564 2.519663929489872e-15 2.6018051769784e-17 5982
16.2635 2.883320370616389e-15 3.085595112528574e-17 6602
16.9706 3.332338776820197e-15 3.569825794182235e-17 7130
17.6777 4.011877032741464e-15 4.175714709509681e-17 8034
18.3848 4.637843634774959e-15 4.875372074752728e-17 8606
19.0919 5.082890343892546e-15 5.312300557403756e-17 9066
19.799 6.1367112266387e-15 6.284665693334509e-17 9962
20.5061 6.348157417122349e-15 6.921663639779904e-17 10550
21.2132 7.170900380586108e-15 7.874420988226875e-17 11226
21.9203 8.23864779971563e-15 9.048202082706374e-17 12146
22.6274 8.807784906965915e-15 9.333700944285709e-17 12303
23.3345 9.292754188184161e-15 1.029268940696605e-16 12584
24.0416 9.590293916419672e-15 1.04579236048653e-16 12120
24.7487 8.947488245703307e-15 9.974224537815281e-17 11180
25.4559 9.305587827862527e-15 1.024368023126572e-16 11096
26.163 8.767570282805302e-15 9.714349563281441e-17 10056
26.8701 8.907852590750377e-15 9.944338488934739e-17 9716
27.5772 7.965459645931417e-15 8.966413095656992e-17 8604
28.2843 7.7723299733796e-15 8.73290984541154e-17 8060
28.9914 7.241556140385194e-15 8.263871275976117e-17 7320
29.6985 6.627341954612456e-15 7.523696332818528e-17 6356
30.4056 5.861698820939109e-15 6.329026546288211e-17 5348
31.1127 4.684584893675374e-15 5.357658212665445e-17 4308
31.8198 4.194885920572362e-15 4.5804098012163e-17 3563
32.5269 2.848284586654499e-15 3.288251830099348e-17 2448
33.234 2.24134072312466e-15 2.671519529256022e-17 1868
33.9411 1.649156251677058e-15 1.880337883150479e-17 1358
34.6482 1.321635990007722e-15 1.599427343568344e-17 1062
35.3554 1.05954237087229e-15 1.093415987306057e-17 776
36.0625 6.441416277718141e-16 6.347724822541609e-18 432
36.7696 3.270611875446656e-16 3.472033495950405e-18 200
37.4767 2.172007701704429e-16 2.478899135342048e-18 168
38.1838 6.742216726743355e-17 8.053994481053965e-19 56
38.8909 1.290970190803308e-17 1.781992655428835e-19 7

0.707107 346077649.68097 293493.3599448948 18
1.41421 178923200715.7103 1319572122.560681 62
2.12132 251635945159.0741 6752922703.919704 98
2.82843 522114446.9060388 44359559.33526042 210
3.53554 63859520.92698723 22526.40375672644 350
4.24264 271588.8243492204 66784.43105839235 450
4.94975 171046.0181738916 47009.35050408752 602
5.65686 63810.53659576825 3910.404310770131 762
6.36396 7153.920004663232 694.0053611143614 1142
7.07107 23.68005036905639 5.79635762561408 1250
7.77818 1.546085074220565 0.4686907827944024 1458
8.48528 0.9104953076496789 0.1820254399439233 1814
9.19239 0.1829147292682253 0.01870119905090719 2178
9.8995 0.003837195250971178 0.001171934909427961 2498
10.6066 3.039144820774562e-05 3.390612057499526e-05 2622
11.3137 9.892598518809352e-07 4.644717796517547e-07 3338
12.0208 3.616817969637606e-07 1.004975559000019e-07 3722
12.7279 1.56958999526778e-07 4.77619073135836e-09 4170
13.435 1.331562567021167e-08 3.12304155471544e-10 4358
14.1421 4.436353891286746e-10 3.568317667239618e-11 5034
14.8492 5.804050522546343e-12 1.463421952443333e-12 5714
15.5564 2.97657061416545e-13 4.047135751033923e-13 5982
16.2635 1.525746292193632e-14 3.982086464762614e-14 6602
16.9706 5.080296581890229e-15 9.954498542364072e-16 7130
17.6777 3.259480260413516e-15 6.8985049045077e-17 8034
18.3848 3.589305315463194e-15 6.038377210390251e-17 8606
19.0919 3.914818879787542e-15 6.613384803513819e-17 9066
19.799 4.556099313645362e-15 7.640125542056607e-17 9962
20.5061 4.903715100355036e-15 8.432523734777386e-17 10550
21.2132 5.403194503470196e-15 9.556922156895129e-17 11226
21.9203 6.331656648824509e-15 1.081175719182911e-16 12146
22.6274 6.732721666854484e-15 1.114716160741423e-16 12303
23.3345 7.018445638389795e-15 1.196951553328522e-16 12584
24.0416 6.91431105418457e-15 1.213746513233114e-16 12120
24.7487 6.713314273636967e-15 1.147778453980481e-16 11180
25.4559 6.921505844644493e-15 1.18423817604017e-16 11096
26.163 6.606378589801588e-15 1.087585599275621e-16 10056
26.8701 6.44866387901177e-15 1.114525868557251e-16 9716
27.5772 5.878399885050169e-15 1.031644397106536e-16 8604
28.2843 5.771147819774168e-15 9.766938773589414e-17 8060
28.9914 5.239574932681356e-15 9.371795000494031e-17 7320
29.6985 4.761143600478434e-15 8.400425686657532e-17 6356
30.4056 4.257168738186439e-15 7.206478748819616e-17 5348
31.1127 3.505907243059235e-15 5.91447986838291e-17 4308
31.8198 3.01140641812471e-15 5.120277402220303e-17 3563
32.5269 2.021196917689905e-15 3.753079707208984e-17 2448
33.234 1.518181769818291e-15 2.744349840924563e-17 1868
33.9411 1.211063895021676e-15 2.08397013895632e-17 1358
34.6482 9.753320428629855e-16 1.742715144252382e-17 1062
35.3554 7.266771771425371e-16 1.253393616973061e-17 776
36.0625 4.620958707124464e-16 6.838193010960678e-18 432
36.7696 1.776828984834223e-16 3.465644817687402e-18 200
37.4767 1.826941499005327e-16 2.863709616659874e-18 168
38.1838 5.460249403422999e-17 9.829405943080426e-19 56
38.8909 3.500484357622578e-18 1.729146203990313e-19 7

0.707107 864866456.1788936 1841568.313583355 18
1.41421 821164883249.6085 510030607.4074799 62
2.12132 1457800683206.036 9317779550.965605 98
2.82843 3637445682.129063 322147117.2997887 210
3.53554 1140703403.305978 186554893.8208115 350
4.24264 674912051.3970144 87759393.86264591 450
4.94975 515947456.6084527 36869518.18406507 602
5.65686 246541599.9951597 5730637.361819088 762
6.36396 19760724.95563532 553444.3578215416 1142
7.07107 130646.4139681847 184971.7787469842 1250
7.77818 97891.00080082484 64198.60986837285 1458
8.48528 71125.62674351702 17705.59774798357 1814
9.19239 18848.48098123403 1625.336463077302 2178
9.8995 1611.038748134561 174.4145174873875 2498
10.6066 36.71311678927874 49.86645996435989 2622
11.3137 15.39358145341448 15.72640261741095 3338
12.0208 7.344979276240879 2.807431123447155 3722
12.7279 1.449885495114214 0.2699256501167838 4170
13.435 0.1081752575553393 0.03328037424676503 4358
14.1421 0.006370004814703838 0.009818295257578838 5034
14.8492 0.001789102115133271 0.002613135178952863 5714
15.5564 0.0006416565610208243 0.000436928166426482 5982
16.2635 0.000111834697118831 5.177190941087475e-05 6602
16.9706 9.701101402825695e-06 7.962204918684309e-06 7130
17.6777 8.044004616734477e-07 2.131633516671831e-06 8034
18.3848 1.90282789766213e-07 4.831398897171512e-07 8606
19.0919 6.432725338311993e-08 9.073849491092765e-08 9066
19.799 1.054952960350307e-08 1.204409848250712e-08 9962
20.5061 9.147585265476622e-10 1.906126882070969e-09 10550
21.2132 8.220550855153341e-11 4.409448722495621e-10 11226
21.9203 2.187558480898161e-11 1.051581801394266e-10 12146
22.6274 6.177784972257874e-12 1.887374348502272e-11 12303
23.3345 1.077233006452102e-12 2.87622497984062e-12 12584
24.0416 1.064487334066624e-13 3.458788715602596e-13 12120
24.7487 1.554664498031794e-14 5.351098462238856e-14 11180
25.4559 9.565095504431052e-15 7.519256971384779e-15 11096
26.163 7.454477631057452e-15 8.078158493445419e-16 10056
26.8701 7.18782758791255e-15 1.875373204544578e-16 9716
27.5772 6.479943255952986e-15 1.2197859121783e-16 8604
28.2843 6.24756285051404e-15 1.137238019309585e-16 8060
28.9914 5.779840041540038e-15 1.046991613513105e-16 7320
29.6985 5.116191863597978e-15 9.490010096831043e-17 6356
30.4056 4.573431226828658e-15 8.03372444987967e-17 5348
31.1127 3.960583795309325e-15 6.658218800818468e-17 4308
31.8198 3.247984348990864e-15 5.632450289732336e-17 3563
32.5269 2.308521711942726e-15 4.030883206373777e-17 2448
33.234 1.715962376626374e-15 3.130314147163027e-17 1868
33.9411 1.307308976809425e-15 2.344120103205397e-17 1358
34.6482 9.861110427055182e-16 1.85021573238795e-17 1062
35.3554 7.449610848429325e-16 1.429310738471033e-17 776
36.0625 5.105656327962701e-16 8.546196316557547e-18 432
36.7696 2.3664960854399e-16 4.201628373533296e-18 200
37.4767 1.586826460550861e-16 3.061068189253222e-18 168
38.1838 6.054303248982852e-17 9.609560869222168e-19 56
38.8909 3.333443913005731e-18 2.78429602219758e-19 7

0.707107 11754368668.01235 96022351.29890046 18
1.41421 228224750087.7436 27085989188.65733 62
2.12132 2950658553751.705 168997717808.5899 98
2.82843 208648025819.1309 1058224967.901758 210
3.53554 62371099062.63895 1458937978.588626 350
4.24264 26752616135.31102 1484497668.490865 450
4.94975 15769760280.68486 1601036349.260242 602
5.65686 2968808100.458876 1451995561.651229 762
6.36396 820241125.3000686 256689519.5153371 1142
7.07107 182408202.4550573 13162255.98055421 1250
7.77818 31374280.26703001 8679653.79120617 1458
8.48528 20858198.29568501 4029979.064596075 1814
9.19239 10063913.45704332 1772027.313433471 2178
9.8995 2636260.205869639 560034.8538081396 2498
10.6066 656203.0129282811 90516.45015029529 2622
11.3137 130845.2002447018 76234.14342892678 3338
12.0208 29192.24981371751 28492.33885888568 3722
12.7279 9019.554394578201 6336.156589393993 4170
13.435 3262.058807120796 1144.778861590661 4358
14.1421 1513.876607801394 201.2238025949445 5034
14.8492 422.8906853810619 86.73037776526542 5714
15.5564 71.52618000697584 39.01576290933272 5982
16.2635 13.69203783710322 11.58468476407149 6602
16.9706 3.721159305044395 3.188390672889626 7130
17.6777 2.000222789543624 0.7259177951663731 8034
18.3848 0.6942305095046664 0.125991892868594 8606
19.0919 0.1551500414641484 0.03604259622042549 9066
19.799 0.02825650935025186 0.01119650756631081 9962
20.5061 0.005340317882730926 0.003775339261662434 10550
21.2132 0.001411436249452964 0.001099830905217576 11226
21.9203 0.000503207560744426 0.0002200513406939593 12146
22.6274 0.0001475749221132196 3.497399730078387e-05 12303
23.3345 3.340436741361479e-05 8.553037224804806e-06 12584
24.0416 6.726687801950665e-06 2.183247187662439e-06 12120
24.7487 9.701228527972964e-07 6.164720653383511e-07 11180
25.4559 1.763787494122923e-07 1.668032861744321e-07 11096
26.163 4.773774023421208e-08 2.509012610929058e-08 10056
26.8701 1.376738191082224e-08 3.369199202315657e-09 9716
27.5772 2.677751190521253e-09 5.090981812850149e-10 8604
28.2843 4.029424100322277e-10 1.436726917682328e-10 8060
28.9914 5.016419361131996e-11 4.017308979706511e-11 7320
29.6985 8.286480842020175e-12 7.128089569867961e-12 6356
30.4056 2.302177868051353e-12 9.679682905856044e-13 5348
31.1127 5.415288586186889e-13 1.382698874764518e-13 4308
31.8198 1.066785330972918e-13 2.833209055110113e-14 3563
32.5269 1.436164007482975e-14 4.873196035813687e-15 2448
33.234 3.990056848985729e-15 1.024278331797396e-15 1868
33.9411 2.20120870885354e-15 1.713209259220871e-16 1358
34.6482 1.564960739671134e-15 3.692424711907497e-17 1062
35.3554 1.112123637012983e-15 1.612492104842437e-17 776
36.0625 6.754426701629548e-16 9.17157742253451e-18 432
36.7696 3.238709109531216e-16 4.710362210742592e-18 200
37.4767 2.744690703272061e-16 3.412319074913632e-18 168
38.1838 8.748915589938112e-17 1.028361387050137e-18 56
38.8909 5.779093791488012e-18 2.668673326171621e-19 7

0.707107 9460915351.790867 65917029.41846155 18
1.41421 222371102535.8024 5071460501.86554 62
2.12132 1540135683395.638 183888367328.2203 98
2.82843 90644947467.43607 35594926077.77702 210
3.53554 138703431040.3912 4178067964.453353 350
4.24264 46215793601.14471 4930753392.381115 450
4.94975 27030952829.35273 5260545992.262819 602
5.65686 6520271671.875504 3065499306.161477 762
6.36396 1307562293.476087 518350339.6916353 1142
7.07107 351070258.2446556 139603286.4416547 1250
7.77818 194568433.5836574 58686114.39077236 1458
8.48528 61262402.45154736 52774018.69231284 1814
9.19239 23437652.65214621 13535068.07692429 2178
9.8995 4345481.358016154 1633302.363286926 2498
10.6066 900475.5103573044 390980.1716808064 2622
11.3137 273483.9180830912 167642.1069588957 3338
12.0208 88235.13949400472 61273.12355657834 3722
12.7279 25921.97768392468 16615.76229015388 4170
13.435 5465.50888109558 3809.728291852744 4358
14.1421 1532.745917394035 1068.104481989441 5034
14.8492 505.6449206272399 341.1022544545313 5714
15.5564 135.3483475105758 105.2679598894619 5982
16.2635 42.9952794557918 21.69625023085356 6602
16.9706 8.890717442844132 4.939042294541551 7130
17.6777 2.387693930631577 1.805625208759113 8034
18.3848 0.8196502506686061 0.5603750591577478 8606
19.0919 0.2734603254933728 0.1653795171007513 9066
19.799 0.06280556659728007 0.05220945486999388 9962
20.5061 0.01555975358293432 0.01163405674061689 10550
21.2132 0.004650868851073206 0.003164924781482836 11226
21.9203 0.001561904208489008 0.001101738473329662 12146
22.6274 0.0005454416195751371 0.0003456399575136789 12303
23.3345 0.0001465051199138636 0.0001066553719174959 12584
24.0416 3.293392510578566e-05 2.547559650568639e-05 12120
24.7487 8.177089451803312e-06 6.617392656335223e-06 11180
25.4559 3.109429253919886e-06 2.167703180912049e-06 11096
26.163 9.582836978959716e-07 7.145314232915122e-07 10056
26.8701 2.76356839470854e-07 2.600169825652071e-07 9716
27.5772 7.805841361609383e-08 6.967425416003774e-08 8604
28.2843 2.529369730950907e-08 2.60647248503513e-08 8060
28.9914 8.786421645294846e-09 9.244001889624623e-09 7320
29.6985 3.463179852788938e-09 2.78740576858126e-09 6356
30.4056 1.175853208560176e-09 7.608510957258396e-10 5348
31.1127 2.427051491981232e-10 1.661973062480249e-10 4308
31.8198 5.784508024722543e-11 4.834724523397515e-11 3563
32.5269 1.055174528023576e-11 9.276587033981195e-12 2448
33.234 2.268630808855888e-12 1.784450352091652e-12 1868
33.9411 4.280669868898932e-13 2.890662772957173e-13 1358
34.6482 5.405782868078758e-14 8.043404404630751e-14 1062
35.3554 9.731741039079545e-15 1.675458781557887e-14 776
36.0625 2.747537481456396e-15 1.081668101885576e-15 432
36.7696 6.159601821608575e-16 8.82720296071838e-17 200
37.4767 2.16022789469494e-16 2.931547723416768e-17 168
38.1838 4.350421462179586e-17 6.001201715822665e-18 56
38.8909 6.693375157161401e-18 7.664008452498106e-19 7

0.707107 9398718370.450441 71140283.07434836 18
1.41421 820632034977.5066 22812324899.67106 62
2.12132 1516897713248.334 79523969001.03903 98
2.82843 320057662712.3629 145262047467.4741 210
3.53554 416398904641.7554 17921948319.81021 350
4.24264 195508181578.1766 4813962139.942627 450
4.94975 124018609550.0606 3404155763.365783 602
5.65686 56101909786.84193 1192024412.739885 762
6.36396 18991607834.4252 673985208.9855064 1142
7.07107 4773308807.392773 226233719.443392 1250
7.77818 1982929455.381804 170010516.6664244 1458
8.48528 808878885.2406824 87474293.73044714 1814
9.19239 227636915.2198951 25259620.61509698 2178
9.8995 60519131.02779075 6757558.012728777 2498
10.6066 17402007.72153391 2366541.980816985 2622
11.3137 5902959.08665051 1270144.056687917 3338
12.0208 1766213.130883266 460516.109694892 3722
12.7279 574531.5694975418 131539.7690696791 4170
13.435 187344.7589990055 33084.27353741958 4358
14.1421 64396.81582370747 11455.89155817301 5034
14.8492 17881.94322350098 3392.700047633345 5714
15.5564 4749.214430106815 1042.540448241895 5982
16.2635 1451.559030396428 353.8853570407538 6602
16.9706 437.2452143868468 95.77655677798492 7130
17.6777 145.153515058051 30.4091611578821 8034
18.3848 39.34283930674296 8.482480336821999 8606
19.0919 10.36443202056232 2.527079804107419 9066
19.799 3.104816848048047 0.7708662744784072 9962
20.5061 0.8500221262300924 0.2095738206199798 10550
21.2132 0.2533886502355436 0.06285758864690869 11226
21.9203 0.07633865153195875 0.01836737947746249 12146
22.6274 0.02286368568948135 0.005214875317724896 12303
23.3345 0.006820883263600691 0.001574727300087726 12584
24.0416 0.001798184608834104 0.0004267278369994417 12120
24.7487 0.0004540500230249234 0.0001096074548402492 11180
25.4559 0.0001290583304353769 3.37652691837412e-05 11096
26.163 3.472940435291129e-05 8.927884920941743e-06 10056
26.8701 1.039603136013385e-05 2.398474837955539e-06 9716
27.5772 2.719839644012585e-06 5.96500530581155e-07 8604
28.2843 7.060535760849796e-07 1.609880443019951e-07 8060
28.9914 1.86510528120124e-07 4.631890720481381e-08 7320
29.6985 4.809141740894869e-08 1.210917271234413e-08 6356
30.4056 1.253508613547759e-08 3.35579042686875e-09 5348
31.1127 2.862257119782072e-09 7.804885580633894e-10 4308
31.8198 7.094542332141061e-10 2.000623452766466e-10 3563
32.5269 1.196264554211349e-10 3.880114960903711e-11 2448
33.234 2.777653524576718e-11 7.84415675265049e-12 1868
33.9411 5.790419491952685e-12 1.706051201403277e-12 1358
34.6482 1.102396641564781e-12 3.576618393822099e-13 1062
35.3554 2.089386841219409e-13 6.232921382717751e-14 776
36.0625 3.286519547821409e-14 9.650826128729946e-15 432
36.7696 7.025176047059182e-15 2.214272055625429e-15 200
37.4767 1.712075751751767e-15 7.003750633934262e-16 168
38.1838 3.001798596204991e-16 6.814014852480004e-17 56
38.8909 2.844914937085475e-17 4.061466340870569e-18 7

0.707107 3466515826.866138 461204519.1685855 18
1.41421 169222933142.1807 27578736636.63087 62
2.12132 208502265367.8771 200283416055.388 98
2.82843 1309039601822.631 272143507372.0733 210
3.53554 502482758595.0468 44136731343.38084 350
4.24264 161930279584.9418 46478923912.14662 450
4.94975 64399171563.6035 26280508561.29762 602
5.65686 19266711018.10816 13157135884.61166 762
6.36396 6699318778.515865 10226931657.82559 1142
7.07107 3277730987.833208 4978526499.367368 1250
7.77818 2289685870.885681 2315424904.658449 1458
8.48528 1121118051.777687 773487886.1495107 1814
9.19239 258993421.8407435 290298834.8403429 2178
9.8995 94045364.75115189 78447280.18420044 2498
10.6066 27202112.84511761 32746954.98172752 2622
11.3137 11335324.5390312 16866655.65737739 3338
12.0208 5898261.352818018 5064052.870884193 3722
12.7279 2282736.93604912 1849760.577603068 4170
13.435 700549.4994571535 681378.9074640046 4358
14.1421 285401.4529847748 245472.6968442227 5034
14.8492 118455.1082555664 87776.56011747094 5714
15.5564 42994.97141272223 35128.21970446352 5982
16.2635 16664.75138957125 13231.59442864098 6602
16.9706 6203.741159222201 5195.800921689386 7130
17.6777 2452.916495329636 2030.895326719573 8034
18.3848 943.8080153858282 736.9358828756333 8606
19.0919 327.9194443243476 286.8873089097397 9066
19.799 130.1775099034315 109.5142100784958 9962
20.5061 52.16846170794821 38.64638010814819 10550
21.2132 19.36692858116594 15.72598130519782 11226
21.9203 7.790758112472965 6.837386463972658 12146
22.6274 3.100721281063725 2.85671027612179 12303
23.3345 1.0932721202383 0.9357944865654941 12584
24.0416 0.3075941362578663 0.274767105768111 12120
24.7487 0.08892472705829704 0.08690912882662666 11180
25.4559 0.02924397724307752 0.0271130086841922 11096
26.163 0.009076645275609783 0.008481879269923472 10056
26.8701 0.003331508649731095 0.002747907112662767 9716
27.5772 0.001009299279693681 0.001052644471592324 8604
28.2843 0.000396126477368698 0.0003766900034958406 8060
28.9914 0.0001575063044076826 0.0001117259049309616 7320
29.6985 5.110324086454858e-05 3.45188489984728e-05 6356
30.4056 1.630626989666664e-05 1.301256889440742e-05 5348
31.1127 4.615860984920481e-06 3.976136399090936e-06 4308
31.8198 1.705294660733664e-06 1.281421821146134e-06 3563
32.5269 3.5523336505658e-07 2.602512916045306e-07 2448
33.234 1.017835267669635e-07 6.980440648711791e-08 1868
33.9411 2.505731440514961e-08 2.171891592200289e-08 1358
34.6482 7.456931792020333e-09 5.837249383238434e-09 1062
35.3554 2.656413775082744e-09 1.532334887776278e-09 776
36.0625 6.114590325697e-10 3.743374549803335e-10 432
36.7696 1.364348972765404e-10 1.065903877795239e-10 200
37.4767 4.396749445012455e-11 4.358282664163999e-11 168
38.1838 8.012791031669757e-12 7.271834451034477e-12 56
38.8909 9.819423168462431e-13 4.749137838243374e-13 7

0.707107 135629611283.4873 27797993.12719197 18
1.41421 1211364122316.812 3164283730.543365 62
2.12132 2024465320312.511 20382113168.64258 98
2.82843 13174648804521.21 62691254962.47479 210
3.53554 2724903702333.97 96138343506.60703 350
4.24264 961320279703.7065 33081988249.93431 450
4.94975 567748002920.9801 20548137674.46387 602
5.65686 254243121871.2997 13020809928.1911 762
6.36396 125315071988.7032 10043290731.82913 1142
7.07107 45276046978.41286 5190446133.515294 1250
7.77818 25705767814.15597 3091965071.561349 1458
8.48528 11893904549.71823 2411179604.574146 1814
9.19239 5242151277.959112 668621826.8861953 2178
9.8995 1654309294.189837 269260688.8402665 2498
10.6066 659135978.6214612 110342031.329769 2622
11.3137 311297086.2714749 59936351.95701845 3338
12.0208 119875874.5259334 27651079.87091647 3722
12.7279 49756500.70452366 11209815.01040065 4170
13.435 19791123.09950038 4634547.379326768 4358
14.1421 8181260.148186216 2010798.683758043 5034
14.8492 3291870.352228092 730943.3145155006 5714
15.5564 1134219.136724384 271187.2493999829 5982
16.2635 441159.0834628894 114832.6718688994 6602
16.9706 171419.1098433043 46332.69984811988 7130
17.6777 74008.40374941463 19919.62104889611 8034
18.3848 27242.42778805985 7295.461463182726 8606
19.0919 10044.98486518631 2687.402386611464 9066
19.799 4059.800726795975 1062.480226263476 9962
20.5061 1678.082391885523 455.8149260845013 10550
21.2132 714.2119454956847 191.4493974222691 11226
21.9203 337.1355322960519 84.23623695266302 12146
22.6274 156.4838150303383 39.47816876133048 12303
23.3345 55.6818980109846 15.68854685766288 12584
24.0416 17.45304139686774 4.907723785722533 12120
24.7487 6.38181091467401 1.421253312537053 11180
25.4559 2.277062329143219 0.5200150624237949 11096
26.163 0.731237740955744 0.1882374547626353 10056
26.8701 0.284549279524447 0.07344513300160499 9716
27.5772 0.1034345751706051 0.026149351021848 8604
28.2843 0.03872583709509269 0.00982739724853561 8060
28.9914 0.01390462056256704 0.0036192514945593 7320
29.6985 0.004871899973011971 0.00121027887204044 6356
30.4056 0.001834150104633712 0.000445017695722294 5348
31.1127 0.0006148975095022948 0.0001548471314118977 4308
31.8198 0.000214079722492422 5.723648718664843e-05 3563
32.5269 5.182625105870224e-05 1.468480263698004e-05 2448
33.234 1.859886806723363e-05 4.369685804572375e-06 1868
33.9411 7.445802166253236e-06 1.289194072725522e-06 1358
34.6482 2.875516460809986e-06 3.652109787052974e-07 1062
35.3554 1.012161582924437e-06 1.293138704320333e-07 776
36.0625 2.26663507424494e-07 3.466957733530108e-08 432
36.7696 5.304163758082661e-08 9.793786508210811e-09 200
37.4767 1.450108745589286e-08 4.918122835581649e-09 168
38.1838 1.643510718007724e-09 9.031656760963609e-10 56
38.8909 1.267884805943955e-10 1.049395139843256e-10 7

0.707107 15653035630.10315 1308226787.391428 18
1.41421 91285312483.91376 49521649911.36566 62
2.12132 250183625893.538 185496593864.1821 98
2.82843 1227986313446.216 750169364031.769 210
3.53554 1587399053314.899 283037669230.101 350
4.24264 306691218311.9323 273808342592.3936 450
4.94975 198198528565.0945 182028097888.7755 602
5.65686 102686456970.9886 105723846943.83 762
6.36396 55694037518.17338 74569409060.42953 1142
7.07107 36230934186.46507 37143070212.06198 1250
7.77818 23658929615.16177 22263052976.39997 1458
8.48528 15071060147.43279 10633732302.07689 1814
9.19239 4377281289.167986 5080779504.232445 2178
9.8995 1693663285.846888 1566220766.75603 2498
10.6066 694866016.2041765 637225021.7068098 2622
11.3137 393663649.4062783 323711601.6870374 3338
12.0208 171467242.1344911 141385364.3775416 3722
12.7279 68723049.36922085 57957062.27021611 4170
13.435 26624335.67666124 24125726.04502446 4358
14.1421 11360219.8486255 10067806.1944768 5034
14.8492 5064124.408236163 4323064.899911173 5714
15.5564 2124547.676202129 1912523.792589956 5982
16.2635 961023.0347530838 899545.0732658106 6602
16.9706 438613.3631611755 409982.5585562127 7130
17.6777 209461.8287126912 205103.777426782 8034
18.3848 93970.71883615252 92882.23405127919 8606
19.0919 48410.86774535548 46067.76697269207 9066
19.799 24430.33301967787 24112.01015264607 9962
20.5061 13272.31998826658 13878.52062346525 10550
21.2132 7197.823356331376 7185.740513838554 11226
21.9203 4120.676296383846 4189.329574999841 12146
22.6274 2253.461296693324 2368.012687544051 12303
23.3345 1063.058083462441 1053.338180671462 12584
24.0416 357.9955786520813 341.4498974027823 12120
24.7487 128.9646772253855 110.653832902538 11180
25.4559 50.47502353699859 44.02848309974081 11096
26.163 20.30623836015499 17.45885083005946 10056
26.8701 9.636897979510296 8.208550230246848 9716
27.5772 4.292546152206544 3.700109884571347 8604
28.2843 2.145424776585807 1.880100734902055 8060
28.9914 1.043745115707852 0.9017166092393509 7320
29.6985 0.4772159519539712 0.4193225709490686 6356
30.4056 0.2180811819792382 0.2099672744519325 5348
31.1127 0.08977319756149693 0.09111742018940355 4308
31.8198 0.04199321426007942 0.0436697789585293 3563
32.5269 0.01424464761765834 0.01304252728454594 2448
33.234 0.006251417783635756 0.005711093628684403 1868
33.9411 0.002664159848221817 0.002499150419542287 1358
34.6482 0.001088537768102088 0.001161381719893262 1062
35.3554 0.0004252477161323548 0.0004890175172815804 776
36.0625 0.0001259812753807741 0.000152699546785441 432
36.7696 3.958689047648339e-05 5.014551730949945e-05 200
37.4767 2.096405054676626e-05 2.39616659369175e-05 168
38.1838 4.738899512798874e-06 5.270310431099802e-06 56
38.8909 5.055571671478721e-07 4.49114751708601e-07 7

0.707107 150380088738.4647 909792664.5185168 18
1.41421 1006946927161.696 12013656544.10841 62
2.12132 2084903782498.624 35171732945.57793 98
2.82843 4771634891105.382 114322376967.4742 210
3.53554 8234871827138.441 160490168260.3739 350
4.24264 3403229358579.161 131265511560.2685 450
4.94975 2190589223844.428 148608373867.3341 602
5.65686 1543993205572.845 126686158924.2245 762
6.36396 1135809557605.895 118908497936.3378 1142
7.07107 599037396242.6309 88928711746.51624 1250
7.77818 389288652035.7639 65314655042.30431 1458
8.48528 230937283782.4323 50333155483.53086 1814
9.19239 127866845990.5323 43644130913.54971 2178
9.8995 88661922451.68825 30504439422.86586 2498
10.6066 66551722888.32236 17394609011.14878 2622
11.3137 51327708420.73534 13138975970.15789 3338
12.0208 29964386503.19912 9872376410.841026 3722
12.7279 18195812194.11641 7628749068.082914 4170
13.435 11983358920.32726 5152964490.806087 4358
14.1421 9162141661.367661 3953191360.578351 5034
14.8492 7240880037.710186 2939711569.370039 5714
15.5564 5615733100.217325 2100403890.241694 5982
16.2635 4639278891.124792 1582037093.518003 6602
16.9706 3878066028.36749 1310839328.4359 7130
17.6777 3414875798.101149 1184958231.604207 8034
18.3848 2919790500.799301 1020847474.277916 8606
19.0919 2599059737.406024 873647113.7827911 9066
19.799 2432452137.687179 763375254.5796709 9962
20.5061 2172747727.617144 708846125.0746 10550
21.2132 1869751768.753685 666256983.2941191 11226
21.9203 1721689476.478853 646276496.5591671 12146
22.6274 1383387209.70372 577885671.6311383 12303
23.3345 975772262.3696277 421102112.0265032 12584
24.0416 691443619.6756421 255580858.5357819 12120
24.7487 448254084.4771128 188245370.6803225 11180
25.4559 321599173.9133517 167152955.2570912 11096
26.163 242655304.6704052 128822953.1918179 10056
26.8701 208335898.8410313 105118328.3348881 9716
27.5772 158247937.7537783 82885406.82048699 8604
28.2843 123660106.4511329 73962872.08279382 8060
28.9914 92734396.88961345 62348515.40838954 7320
29.6985 68989330.90723927 44934371.45996585 6356
30.4056 51154860.18766754 31168011.56415386 5348
31.1127 34768894.92701749 19957766.93008264 4308
31.8198 21510084.43823859 14858732.89894684 3563
32.5269 10273031.09678803 8712537.011166008 2448
33.234 5671952.429642603 5676456.022727381 1868
33.9411 2944653.199652673 3570344.680767466 1358
34.6482 1770921.857822583 2225057.130525993 1062
35.3554 1091069.130590549 1337130.761395212 776
36.0625 491790.237403202 662239.1230987632 432
36.7696 202316.236490769 302727.1995124656 200
37.4767 139588.1462934909 262956.2279642941 168
38.1838 42328.4731801478 92481.16486341009 56
38.8909 5158.817232675341 11984.9580301643 7

0.707107 57802331073.34412 3593720617.071784 18
1.41421 214767722600.1735 62731386492.5795 62
2.12132 381370626372.6891 155562785357.2552 98
2.82843 787876428240.6211 658666953518.1874 210
3.53554 1434399796885.982 973842123321.2721 350
4.24264 1136497160573.684 1178656964486.063 450
4.94975 1066728052539.275 1296311120720.806 602
5.65686 1063357725424.355 1124319395619.079 762
6.36396 1158233351081.756 1139998913153.222 1142
7.07107 849933391038.9694 863446485880.8616 1250
7.77818 787665108970.4734 743363305154.6766 1458
8.48528 674195365405.5577 611943439727.1665 1814
9.19239 544591504474.8682 485595603080.3347 2178
9.8995 415448666229.4758 363663666179.9564 2498
10.6066 296615988071.9156 265587809826.4857 2622
11.3137 222624533054.9923 239065537534.021 3338
12.0208 160005225751.1018 177571897719.0041 3722
12.7279 119051549533.0564 134210579208.4215 4170
13.435 78752909646.59683 96611662041.77924 4358
14.1421 59872415934.3849 70089024730.53912 5034
14.8492 49056443797.47029 52560497514.18169 5714
15.5564 37711568149.02826 34728599469.99217 5982
16.2635 29384368000.07828 24574973292.92033 6602
16.9706 21496595124.52719 18188603475.89164 7130
17.6777 17901634068.6034 14355364303.20204 8034
18.3848 13712859468.39589 11213886472.76727 8606
19.0919 10439571792.20967 8672140677.396717 9066
19.799 8450360331.791134 7289463200.675967 9962
20.5061 6940018472.324999 6074785783.588424 10550
21.2132 5812224991.986782 5099052015.101305 11226
21.9203 5202418237.378147 4541129965.469293 12146
22.6274 4114405555.089688 3675189981.16769 12303
23.3345 2902538147.793549 2840522773.020029 12584
24.0416 1885752987.422565 1890743986.141988 12120
24.7487 1319345398.506655 1319691380.77694 11180
25.4559 1011631849.039632 955579421.5940895 11096
26.163 722189793.149419 697734865.4853141 10056
26.8701 551211684.0769061 510560140.2795409 9716
27.5772 386223631.0863 379838654.8037018 8604
28.2843 295044430.3870745 300869694.2991924 8060
28.9914 222719648.1658687 210196101.9122191 7320
29.6985 161813128.5616856 157619397.8708564 6356
30.4056 125578728.4952392 112159053.6707356 5348
31.1127 83589424.74527395 72203833.18710923 4308
31.8198 56063557.44027385 52469923.86120957 3563
32.5269 27322585.18486312 27994875.66892651 2448
33.234 17052136.72141339 19066063.41210613 1868
33.9411 11450341.95165014 10688984.34704108 1358
34.6482 8838985.883319184 5951571.057498837 1062
35.3554 6247778.488408859 3272225.004136003 776
36.0625 2627623.077480686 1764736.689065339 432
36.7696 1146849.912956947 923775.0396664846 200
37.4767 746381.0625807602 824289.0837531401 168
38.1838 179788.0159169032 316716.5504250432 56
38.8909 27432.83396784537 46087.37877511101 7

0.707107 643974981912.0564 527473538.7548629 18
1.41421 1946173255604.894 10098937402.68553 62
2.12132 2257281328126.752 34069204572.92204 98
2.82843 3765259180546.53 151630416044.4168 210
3.53554 4897495148778.695 332652738789.2477 350
4.24264 4933531836739.827 459182080971.2765 450
4.94975 5060028015450.674 678470911354.4805 602
5.65686 4837634498929.654 845666120096.6262 762
6.36396 5482613832258.619 1306487579184.717 1142
7.07107 4136276989695.746 1166933967192.097 1250
7.77818 3614719593078.459 1071882935769.893 1458
8.48528 2854282761074.385 1061938631195.454 1814
9.19239 2230753389234.278 877354536476.1946 2178
9.8995 1450113399590.31 671619447205.4604 2498
10.6066 916970882265.9487 442892249199.8661 2622
11.3137 710652143244.1893 379402877654.793 3338
12.0208 503058772227.5695 255633950346.4369 3722
12.7279 346641039597.0361 187543119443.2867 4170
13.435 232040873794.4431 128802421366.0258 4358
14.1421 178148886731.609 101048888994.4229 5034
14.8492 135445497449.035 77535400404.2164 5714
15.5564 99685589305.05426 54823231114.65076 5982
16.2635 74313354049.24033 42180720092.97454 6602
16.9706 57586650786.30379 32843208041.91641 7130
17.6777 46097473989.37909 27006542358.94208 8034
18.3848 36612120757.77521 20760081036.40891 8606
19.0919 27747749303.19109 16491486929.13167 9066
19.799 22475202963.51092 13699518883.14545 9962
20.5061 18540189120.93486 11297541460.46112 10550
21.2132 15549428726.92867 9354509553.256855 11226
21.9203 14083361715.81856 8106878500.137344 12146
22.6274 11248605359.61858 6285047647.918364 12303
23.3345 7888552611.855838 4461389311.076375 12584
24.0416 5102860846.828558 2886300073.842326 12120
24.7487 3354855517.928806 1883526721.178605 11180
25.4559 2380016544.500836 1400904175.105882 11096
26.163 1608930207.13716 982947623.4355196 10056
26.8701 1181926855.430354 695534643.625072 9716
27.5772 836548856.2076111 466590169.893885 8604
28.2843 634578334.2644616 353711316.118724 8060
28.9914 442091812.0553856 258006117.557384 7320
29.6985 310556593.4271755 190974290.1901791 6356
30.4056 212033337.6797048 135353511.3979171 5348
31.1127 133060198.025039 86294300.56359443 4308
31.8198 83920104.714191 53463370.13072587 3563
32.5269 40939932.35310918 26341935.28236064 2448
33.234 22750974.50908875 16072293.29163238 1868
33.9411 12429419.81081366 9765500.818260752 1358
34.6482 7937929.706519261 5534883.983309475 1062
35.3554 5521093.171096662 3147576.728541877 776
36.0625 2955078.933225948 1392125.395582794 432
36.7696 1319834.813173143 652885.1687114633 200
37.4767 1149645.738783797 431156.9202314306 168
38.1838 305955.0535631148 162834.7874418228 56
38.8909 48917.09853266255 15715.01078615496 7

0.707107 34496226848.33986 4489372860.877861 18
1.41421 169267102671.7301 67268562773.3662 62
2.12132 256701152393.2286 223648961858.3135 98
2.82843 601316137925.9592 626833448801.235 210
3.53554 1092075246187.689 1084289226158.159 350
4.24264 1608136171173.77 1257571573199.838 450
4.94975 2159912859768.783 1621044318851.95 602
5.65686 2438598477827.503 1904129509061.68 762
6.36396 3259471847375.615 2519076442777.061 1142
7.07107 3274820408509.08 2510370034004.229 1250
7.77818 3206450850103.666 2460173165722.489 1458
8.48528 3084068745331.625 2523804756858.372 1814
9.19239 2812526325217.663 2464879313095.175 2178
9.8995 2143228770762.641 2051225596315.409 2498
10.6066 1422659303997.08 1329676622716.604 2622
11.3137 1108590588710.746 1079631938355.113 3338
12.0208 791218030465.5977 700450251570.8213 3722
12.7279 563031597572.3289 515875368881.4891 4170
13.435 385955070672.6041 334365808994.676 4358
14.1421 281527064254.8759 246010145252.5197 5034
14.8492 212883638849.9628 197233721421.3501 5714
15.5564 150030883857.4664 134760049317.7839 5982
16.2635 113275349430.5375 104194733289.1923 6602
16.9706 83964611351.69635 79189152354.64009 7130
17.6777 68401140248.85005 64310162678.57571 8034
18.3848 53986367886.78393 50478367174.40848 8606
19.0919 42747635323.27866 37310515976.65384 9066
19.799 35271268584.4753 30776295753.56503 9962
20.5061 28615633562.80985 25069985789.54297 10550
21.2132 23590225624.29251 21438318190.13486 11226
21.9203 21100075683.4849 18619114033.40275 12146
22.6274 16285471361.54273 14834550411.1109 12303
23.3345 11387286633.03472 10322751763.08985 12584
24.0416 7375047181.758915 6390499239.463174 12120
24.7487 4729844782.048318 4257810882.208516 11180
25.4559 3416879228.044073 3060281828.467072 11096
26.163 2251948935.420106 2022873637.72928 10056
26.8701 1650285826.683349 1487150358.030827 9716
27.5772 1111079103.002401 1019100768.284091 8604
28.2843 833080117.2211976 770534018.4354146 8060
28.9914 582612410.7487816 555398475.5854899 7320
29.6985 393173096.6190134 391954173.2273103 6356
30.4056 275992495.1625989 273367024.6458765 5348
31.1127 179877247.0679441 176687896.5932438 4308
31.8198 117110795.2351232 117716456.3915487 3563
32.5269 60157037.23168733 57685616.07198307 2448
33.234 40826567.66363745 32991391.81993256 1868
33.9411 24995963.41194399 18176204.18892194 1358
34.6482 18689394.93553462 11258978.15637682 1062
35.3554 12597309.42398136 6776933.483753754 776
36.0625 6800040.327410121 3990063.28208653 432
36.7696 2894007.868421838 1822845.455966141 200
37.4767 2117771.411579731 1726393.904909629 168
38.1838 688207.3213352956 513454.0116141096 56
38.8909 126034.3393554473 38313.48035882452 7

0.707107 182913208822.86 849290153.7122536 18
1.41421 855134742555.4738 12090583138.78835 62
2.12132 1294996993202.563 49598059451.0423 98
2.82843 3137207311383.376 178585359425.6902 210
3.53554 4461284329452.225 377444005320.0952 350
4.24264 5210975006081.472 620104538843.0286 450
4.94975 5997813885524.125 995101798502.4351 602
5.65686 6433940522708.822 1283448329353.908 762
6.36396 7463024347220.275 1847045481068.062 1142
7.07107 6728723125529.811 1865328936507.82 1250
7.77818 5912639150822.363 2032718083417.759 1458
8.48528 5324600321226.076 2214646280053.073 1814
9.19239 4527851428851.588 1997250377470.945 2178
9.8995 3516264101182.817 1681733895785.966 2498
10.6066 2477470839074.467 1170405129173.267 2622
11.3137 2094238737158.408 983246762987.3335 3338
12.0208 1533271632399.385 770946402031.1328 3722
12.7279 1141492911363.046 562527126546.3973 4170
13.435 790965235670.8704 405855799702.4777 4358
14.1421 612542524178.9631 305480448455.6674 5034
14.8492 482866973452.7882 239027916918.4551 5714
15.5564 334990361928.0006 169047311112.8443 5982
16.2635 258407642015.5981 126555969412.9627 6602
16.9706 193587901685.708 95347519851.57957 7130
17.6777 154171863477.8595 76909834317.21262 8034
18.3848 116218559531.4315 58624833232.29214 8606
19.0919 88262584647.63754 45096246616.96922 9066
19.799 70360796635.90961 37105118709.89448 9962
20.5061 56627918479.12119 30255548372.38346 10550
21.2132 45833198422.88836 25457019230.47812 11226
21.9203 39882756743.67075 21980367508.01283 12146
22.6274 31310839827.58818 17163471507.18617 12303
23.3345 21769903908.83813 11816624945.24432 12584
24.0416 13456199338.9865 7272197089.959261 12120
24.7487 8446249976.280447 4573260376.518132 11180
25.4559 5940285511.50123 3301718672.841338 11096
26.163 3962872831.595947 2203995085.848479 10056
26.8701 2781833840.328834 1562828544.22732 9716
27.5772 1848393829.733212 1068551275.053042 8604
28.2843 1389439524.336015 776099371.4229724 8060
28.9914 954535988.3288553 549950754.4274038 7320
29.6985 641188690.375303 386010698.892923 6356
30.4056 442278760.5480648 265442224.5484243 5348
31.1127 291354857.1864568 167231849.4211677 4308
31.8198 192133536.3391746 107989784.7077466 3563
32.5269 95507515.66076499 56643133.15151339 2448
33.234 61525390.94118229 36606377.38580699 1868
33.9411 34157554.04806624 24287865.85438735 1358
34.6482 21376911.80889999 15571751.34463414 1062
35.3554 12216818.35757693 10302989.9485954 776
36.0625 6075181.195377486 4913285.611773823 432
36.7696 2568924.273171383 2482391.358470488 200
37.4767 2284172.182521723 1889755.368370373 168
38.1838 591280.6134013499 607056.1708857659 56
38.8909 89505.03390465741 44056.53416159935 7

0.707107 13714308943.45347 2288422710.69673 18
1.41421 92049130164.8425 71120729198.76805 62
2.12132 252524765209.7973 179443229303.3623 98
2.82843 664467585983.0847 572868462384.28 210
3.53554 1351927691073.43 899471007642.4653 350
4.24264 2005934142149.653 1175979071679.6 450
4.94975 2740344460751.333 1691100366656.901 602
5.65686 3269679008725.5 2325492972294.725 762
6.36396 4304544692966.463 3319837156614.055 1142
7.07107 3951622881240.937 3306719123389.187 1250
7.77818 3884484357519.759 3185336264273.929 1458
8.48528 4156428067481.401 3422931531872.341 1814
9.19239 3821219402383.15 3122087228529.802 2178
9.8995 3004160610043.885 2533896841426.341 2498
10.6066 2175582998123.821 1906446936484.877 2622
11.3137 1877631696484.76 1731522811131.39 3338
12.0208 1388949270390.222 1246864427345.507 3722
12.7279 1043614756542.205 890327582200.594 4170
13.435 737881225045.7849 655398468552.4781 4358
14.1421 599241115511.1071 522592823158.8394 5034
14.8492 454536470762.6899 419724750850.792 5714
15.5564 328553849844.3725 285574981721.7402 5982
16.2635 245844850133.5609 216417709239.4741 6602
16.9706 187800093462.3833 169151457481.2469 7130
17.6777 148750234453.8625 135045538704.8262 8034
18.3848 119091198280.918 101942704706.9119 8606
19.0919 90160637487.66901 77252576148.32739 9066
19.799 70779528702.38081 63643767669.85031 9962
20.5061 57549496958.1552 50917599533.13274 10550
21.2132 47541060653.27783 41716000404.89862 11226
21.9203 38262872071.90456 33966194791.74228 12146
22.6274 29969244685.03355 27188764594.04678 12303
23.3345 20958750288.6457 18443566659.33308 12584
24.0416 12800584944.62911 11232545539.30847 12120
24.7487 8122832791.750843 7100842497.635776 11180
25.4559 5624865096.24751 4823272392.886683 11096
26.163 3707271983.987464 3202880622.462404 10056
26.8701 2587739104.16282 2271268413.64789 9716
27.5772 1744023791.473582 1507051576.415561 8604
28.2843 1283836649.43891 1114377683.806718 8060
28.9914 876157872.4505559 784969898.5147679 7320
29.6985 611939139.6845771 533606860.4635811 6356
30.4056 423375867.4581556 374855568.195232 5348
31.1127 258518650.5987555 228457190.5132061 4308
31.8198 162747835.3479086 147243020.8259175 3563
32.5269 80389956.38614786 72363579.43772468 2448
33.234 48228313.05921272 42901470.50797968 1868
33.9411 27873594.43630499 25552301.60576946 1358
34.6482 16199065.76858499 15266902.40888219 1062
35.3554 10696871.99289231 9277642.709496325 776
36.0625 5431571.24769755 4651769.714751733 432
36.7696 2361379.631426915 1766578.508032113 200
37.4767 1832126.003890537 1108380.780789482 168
38.1838 496093.6911257947 300967.5560782562 56
38.8909 44527.20073974327 50955.61910572866 7

0.707107 89038407384.40845 453466397.0124124 18
1.41421 456445500152.5233 9892105886.139654 62
2.12132 1081015281980.48 45536383116.23418 98
2.82843 2096642199279.672 183443905785.7246 210
3.53554 3482842855735.359 445512027031.0164 350
4.24264 4013158658667.068 737723639716.0717 450
4.94975 5292715773965.45 1090670174911.639 602
5.65686 5840630146876.719 1515931730141.367 762
6.36396 7796901303904.368 2414155428239.256 1142
7.07107 6720149485956.979 2650970481602.728 1250
7.77818 6848084417920.84 2884774499249.668 1458
8.48528 6918918788663.807 3087432125106.452 1814
9.19239 6310786531509.904 3037527774291.975 2178
9.8995 5065022685934.315 2642744360353.273 2498
10.6066 3834908192651.333 1991146783208.951 2622
11.3137 3547551299033.921 1899847610237.494 3338
12.0208 2737425917842.62 1528193493981.129 3722
12.7279 2149329458638.448 1165126753176.815 4170
13.435 1602725414302.741 868245927066.5406 4358
14.1421 1295864080806.8 687809679258.5129 5034
14.8492 995830780663.9757 539794145891.2277 5714
15.5564 720140326698.2349 399208963036.0792 5982
16.2635 566726988686.4932 299834848504.6433 6602
16.9706 425124946627.9918 229187908128.1512 7130
17.6777 333819613314.046 181439335481.4827 8034
18.3848 250278407536.8939 135931135390.885 8606
19.0919 188659748591.2887 102230130827.6717 9066
19.799 149612649153.4917 80176550935.61696 9962
20.5061 116473478564.1569 63821195890.39059 10550
21.2132 94365937399.02029 53335088161.91505 11226
21.9203 78440409328.61002 46749063822.00271 12146
22.6274 60864896668.42896 35840481773.43002 12303
23.3345 40781771721.52608 23932801936.75529 12584
24.0416 24969278282.39339 14214706435.12279 12120
24.7487 15587391384.18804 8900091199.224306 11180
25.4559 10476483497.55015 6008110671.661095 11096
26.163 6774881188.928371 3887398965.938066 10056
26.8701 4787823659.044533 2789120576.273594 9716
27.5772 3164879109.953943 1833218057.961102 8604
28.2843 2257805893.073064 1319003758.44284 8060
28.9914 1552260259.531884 890140136.4884629 7320
29.6985 1033383314.770779 610924439.1382782 6356
30.4056 690454902.9745991 421721064.3196172 5348
31.1127 437212561.5650786 256816667.621059 4308
31.8198 288047060.5577444 180865898.6882122 3563
32.5269 143308089.0726929 87529816.13525137 2448
33.234 83445942.30071376 54438758.28951959 1868
33.9411 45964311.02755668 31395368.88519077 1358
34.6482 27551591.65894448 19048785.49787978 1062
35.3554 15772054.73899682 10243405.87232667 776
36.0625 6708271.876052834 4851397.384759648 432
36.7696 2491310.125508539 1720443.310980956 200
37.4767 1913308.601362561 1369078.094782126 168
38.1838 394858.6018800355 357715.6733354406 56
38.8909 39750.27559586478 53544.93357108946 7

0.707107 16851996256.02622 4173903063.948185 18
1.41421 95740629575.27167 35465827325.31156 62
2.12132 221814526508.4689 135672972390.8014 98
2.82843 477640326083.876 439010811307.0082 210
3.53554 1010586707478.74 945087926361.085 350
4.24264 1680377412845.585 1233042950362.586 450
4.94975 2141406226889.354 1728838323382.811 602
5.65686 3068994480148.034 2335908079431.533 762
6.36396 4049382922279.581 3378676437966.621 1142
7.07107 4178254263375.375 3677888290193.597 1250
7.77818 4404820886621.101 3803000089232.121 1458
8.48528 4696641184137.596 4364004372307.13 1814
9.19239 4765887371441.002 4525480656540.828 2178
9.8995 4238935395473.014 3903814981382.044 2498
10.6066 3172684211083.284 3007286119071.911 2622
11.3137 3130340080782.474 2902638191909.423 3338
12.0208 2452359763504.297 2352288890208.46 3722
12.7279 1849578378499.337 1853803682948.268 4170
13.435 1411375183729.039 1351109203234.577 4358
14.1421 1173866703641.097 1072682356029.248 5034
14.8492 908255195672.0222 842096941923.1619 5714
15.5564 663693995730.527 593558354659.5635 5982
16.2635 519183535282.592 476978126189.5302 6602
16.9706 385934214577.9991 362079820970.49 7130
17.6777 306996789908.377 287377659781.4755 8034
18.3848 235644754056.4907 213507490834.4445 8606
19.0919 174338909075.8177 163978232263.0581 9066
19.799 139955048507.9311 126532099937.9104 9962
20.5061 110063586609.4827 101614697479.1436 10550
21.2132 90611788187.5928 82213923977.37842 11226
21.9203 76141565129.61339 68980009222.61855 12146
22.6274 59412979524.47986 54307805754.01814 12303
23.3345 38786800421.8506 36298827253.27336 12584
24.0416 23703530286.60561 22449024049.46848 12120
24.7487 15271975089.08577 13541893283.13959 11180
25.4559 10317889275.50041 8970285796.058754 11096
26.163 6690988692.989819 5838518582.34091 10056
26.8701 4672026306.086167 4077349186.640276 9716
27.5772 2998528144.840488 2687625393.534256 8604
28.2843 2157198000.587124 1957938210.4319 8060
28.9914 1506871787.380016 1283703852.793048 7320
29.6985 955547378.140759 857037541.9137464 6356
30.4056 656349998.2041826 581355037.6835212 5348
31.1127 416763885.3072762 351262294.3024508 4308
31.8198 262114314.492884 234568580.3825472 3563
32.5269 127976710.3928911 106806512.3527173 2448
33.234 76357604.64817296 64081857.36665659 1868
33.9411 46163322.78243581 37850556.34870477 1358
34.6482 27741601.0197163 22849182.22044669 1062
35.3554 16450919.92614253 13849730.148302 776
36.0625 6597122.004333526 5448477.399391526 432
36.7696 2727780.839975144 2262475.370491017 200
37.4767 1935732.999652799 1772306.729750308 168
38.1838 775588.8242960151 470472.615856012 56
38.8909 50567.49845736549 39640.6606737597 7

0.707107 56006642880.87796 564398577.392956 18
1.41421 437091268410.4784 11218900797.7182 62
2.12132 910586890397.1602 51394868456.73886 98
2.82843 2051309489669.53 184346213232.2299 210
3.53554 2763699397602.276 399719265211.8321 350
4.24264 3602749337316.624 714396770874.0835 450
4.94975 4509017741519.161 1212080956441.358 602
5.65686 5315570725323.062 1625546755451.652 762
6.36396 7339641158849.012 2818611148319.767 1142
7.07107 6745463775741.139 3041696360732.756 1250
7.77818 6980333302091.751 3218211150319.025 1458
8.48528 7209879707482.916 3727404332846.995 1814
9.19239 7345061228060.096 4024984555972.35 2178
9.8995 6456054793682.221 3593324644610.205 2498
10.6066 5310231184463.201 2997538906702.601 2622
11.3137 4891993801258.292 3067675414696.56 3338
12.0208 3945057981139.462 2449170734719.201 3722
12.7279 3209908881661.428 1934127626842.92 4170
13.435 2468383624381.62 1499038874668.722 4358
14.1421 2032741949151.043 1232998006276.563 5034
14.8492 1640054013791.594 969677788190.0397 5714
15.5564 1211552769792.03 750862651510.0137 5982
16.2635 956190531937.7667 586012741461.4701 6602
16.9706 730793607770.9724 443095510079.2029 7130
17.6777 583510226847.2803 359171178407.5213 8034
18.3848 443644813129.422 276221765362.4953 8606
19.0919 340982252010.3022 209237447692.5787 9066
19.799 270387193877.6976 165698986144.6001 9962
20.5061 213143191327.0202 129656464263.1532 10550
21.2132 173225139256.0435 107504396227.4194 11226
21.9203 144216202713.135 91118175125.88715 12146
22.6274 115379320450.3014 70652660447.25067 12303
23.3345 80461924822.56795 48352413470.99844 12584
24.0416 47746088436.22895 29511817066.9626 12120
24.7487 29606573716.2552 18388518402.50951 11180
25.4559 19894671569.10826 12013413033.74406 11096
26.163 12996860549.39514 7903381375.988674 10056
26.8701 8911600446.19903 5452187505.044467 9716
27.5772 5785900308.297427 3521728149.78411 8604
28.2843 4068867800.060268 2592705897.631117 8060
28.9914 2746830476.966005 1694361151.734091 7320
29.6985 1784983312.007594 1141250569.732669 6356
30.4056 1229207706.592495 773455632.5644341 5348
31.1127 760566104.5171708 481873462.8499308 4308
31.8198 456603572.9977627 301720207.5811945 3563
32.5269 220786650.2050728 143642888.2653231 2448
33.234 122638424.7490463 82368956.07830751 1868
33.9411 69712755.67103606 45494965.74858254 1358
34.6482 41903248.54839091 30641047.99211701 1062
35.3554 25166480.3292098 19178157.16995853 776
36.0625 10769211.77826205 6840483.188516387 432
36.7696 4398137.961493379 2886668.499937652 200
37.4767 3299299.425803937 2117174.465933543 168
38.1838 861805.9774208032 694554.2699481517 56
38.8909 114969.3593034997 38688.60364452713 7

0.707107 13285789439.25583 1920205900.508535 18
1.41421 63557695974.11098 34226488000.35057 62
2.12132 169806955194.0396 108800287566.2665 98
2.82843 492129217296.6992 408571777051.7958 210
3.53554 894192720352.5419 880477135832.0254 350
4.24264 1324715505731.279 1234765409295.391 450
4.94975 2108371778543.644 1784340701039.791 602
5.65686 2765540781570.671 2444225187092.863 762
6.36396 4211214720732.59 3607173338604.978 1142
7.07107 4552344792399.468 4260644830065.252 1250
7.77818 5121847796746.327 4296333641191.461 1458
8.48528 5013603508963.945 5138297168295.433 1814
9.19239 5189316619441.566 5018223170230.905 2178
9.8995 4728817261388.76 4695279499929.614 2498
10.6066 3724836689289.619 3770744217094.285 2622
11.3137 3652219855597.61 3502175105591.417 3338
12.0208 2983155601625.344 2848177424155.613 3722
12.7279 2488047714508.527 2390400418323.724 4170
13.435 1849236167825.801 1851446976409.78 4358
14.1421 1592597380724.373 1559933000952.378 5034
14.8492 1281326145979.631 1249017983117.671 5714
15.5564 942260092220.0631 896163003857.8728 5982
16.2635 781846887638.7449 728105978691.9817 6602
16.9706 591244741696.1547 539751740609.2501 7130
17.6777 463097543093.6885 442628555293.7278 8034
18.3848 358380575677.0137 342124241763.1078 8606
19.0919 272467528854.9789 264994440275.7836 9066
19.799 224359157544.6525 223746601553.7729 9962
20.5061 186902776004.9345 178731040216.4066 10550
21.2132 154161742321.7748 143252811657.0419 11226
21.9203 128806594040.8614 122364384337.5663 12146
22.6274 102022774228.6303 96732190191.69228 12303
23.3345 71854512141.3983 67688432218.88638 12584
24.0416 43587288830.61971 41143834134.9614 12120
24.7487 26997160452.22096 25270833056.2561 11180
25.4559 18230609080.11696 16884778106.16954 11096
26.163 11962932886.04212 10696853937.26758 10056
26.8701 8125194993.857571 7545399867.877764 9716
27.5772 5421856013.556898 4809812230.553075 8604
28.2843 3843265816.482235 3492328465.586056 8060
28.9914 2624618510.765074 2425426614.749481 7320
29.6985 1750129022.876507 1615200897.974191 6356
30.4056 1186738246.45092 1104729616.6441 5348
31.1127 723870561.1263099 667084869.1590497 4308
31.8198 463214132.6051013 432067586.2650362 3563
32.5269 209213240.7028765 190950482.0031677 2448
33.234 119410522.0286727 110298850.9470629 1868
33.9411 69431816.53301457 65073591.70979703 1358
34.6482 43593615.95966453 37124776.74908333 1062
35.3554 25847819.4383661 24148490.33759846 776
36.0625 11111075.96383222 10391073.02045213 432
36.7696 4864911.540430171 4438654.89919048 200
37.4767 3358806.277378223 2915707.479890621 168
38.1838 1001465.503621773 958200.3154029893 56
38.8909 115251.3080169091 145878.6742745797 7

0.707107 69914711331.85039 559710202.8047079 18
1.41421 293499863052.5858 12080518500.8938 62
2.12132 622957012250.1531 37556862880.40139 98
2.82843 1548236929736.067 158918867383.0802 210
3.53554 2677881087742.452 405682964205.0051 350
4.24264 3485816224777.306 672123595528.7607 450
4.94975 4593621980620.538 1193053803718.839 602
5.65686 5139674315750.229 1522414755586.944 762
6.36396 7524560818049.004 2766046079800.116 1142
7.07107 7521820373254.966 3282916205365.318 1250
7.77818 7963426525140.117 3361062571409.117 1458
8.48528 8214069902962.393 4280889414584.406 1814
9.19239 8078299736803.125 4174525561679.863 2178
9.8995 7116613833020.307 3820748304524.959 2498
10.6066 5775475710416.724 3083005040702.411 2622
11.3137 5704244042661.254 3226957829163.842 3338
12.0208 4688170735337.047 2749058854939.934 3722
12.7279 3989107583543.605 2279907417887.507 4170
13.435 3144649471622.018 1880776217627.452 4358
14.1421 2625563444470.394 1488691796553.641 5034
14.8492 2193386322399.705 1296544094955.167 5714
15.5564 1628106690090.746 962136462836.9775 5982
16.2635 1320759476575.24 765309166005.0706 6602
16.9706 1013398589548.512 590492351433.4412 7130
17.6777 809266587942.0059 488469703811.9833 8034
18.3848 629468038817.2515 368048969175.2645 8606
19.0919 475476020124.7761 285124108033.2164 9066
19.799 388407681816.1398 235495670731.3194 9962
20.5061 313429360759.8019 198161210373.4299 10550
21.2132 257825179258.2624 156652132831.4131 11226
21.9203 219080552533.1763 133931699577.0831 12146
22.6274 174805974685.442 108653444805.4486 12303
23.3345 122559496885.5314 74619999465.11794 12584
24.0416 73940270185.40425 46043759362.70291 12120
24.7487 46162159019.26128 28708642595.79395 11180
25.4559 31472776245.07448 19103057370.16587 11096
26.163 19447846008.61412 12333208205.23983 10056
26.8701 13386683452.6709 8484166782.609669 9716
27.5772 8765124581.731581 5659013253.461549 8604
28.2843 6141917934.429314 3982876371.765008 8060
28.9914 4295723709.40776 2776333016.866234 7320
29.6985 2840283352.235642 1918274465.170776 6356
30.4056 1984737899.106002 1358905780.480177 5348
31.1127 1164546828.866679 808372569.1848576 4308
31.8198 753304878.4223256 503317197.3013253 3563
32.5269 355021249.8210776 230181238.5747313 2448
33.234 199766611.5947384 131615063.6133876 1868
33.9411 117248553.2023553 77377174.2788354 1358
34.6482 64406007.33441614 46206612.54991728 1062
35.3554 38429188.47702494 27180296.25298326 776
36.0625 17869610.15225708 11740724.42975954 432
36.7696 7256794.040469838 4884681.784114119 200
37.4767 5372766.537491122 4094495.940371505 168
38.1838 1545456.719433153 1396122.834905824 56
38.8909 273475.8924430569 94324.29995856431 7

0.707107 12648721024.22554 1228218984.692051 18
1.41421 83387742669.86848 21793103873.44674 62
2.12132 171688091890.6666 82519490477.36726 98
2.82843 537608834528.9996 287777984779.9745 210
3.53554 883900786738.0923 834534594104.0684 350
4.24264 1312434585321.178 1203009791915.64 450
4.94975 1935152458158.077 1823148900612.042 602
5.65686 2693260879875.834 2604115741738.398 762
6.36396 3928895078941.321 3951161583003.446 1142
7.07107 4572674321298.64 4296659323542.492 1250
7.77818 5022247635369.742 4680354595147.359 1458
8.48528 5677469881403.56 5226069668539.575 1814
9.19239 5523670066940.561 5343527415194.297 2178
9.8995 4901106571262.188 4911781014134.73 2498
10.6066 4159040738890.836 4048079352315.122 2622
11.3137 4141696073504.113 4004329390738.833 3338
12.0208 3586195126356.919 3328629959287.603 3722
12.7279 3040495889699.63 2822199655623.125 4170
13.435 2351949992707.805 2257729957935.89 4358
14.1421 1959866914746.62 1863504336582.726 5034
14.8492 1694845294459.839 1599855501559.517 5714
15.5564 1260635614761.061 1180345709803.404 5982
16.2635 1009022910281.744 929443096502.3086 6602
16.9706 777543752989.2266 719662668842.912 7130
17.6777 615561964673.9524 604250326713.4583 8034
18.3848 473576601206.5683 453990179779.1388 8606
19.0919 366030550840.7491 353387401128.4028 9066
19.799 307913401038.276 291758457986.7221 9962
20.5061 248734660810.2885 241838190876.1125 10550
21.2132 204258543362.0008 200206654893.1083 11226
21.9203 178426367042.3636 173586759000.5825 12146
22.6274 142537927717.1313 137737608690.8555 12303
23.3345 99651919372.18646 93709557608.29842 12584
24.0416 61138188161.75148 57340985434.57978 12120
24.7487 38820431265.78992 36124058578.75037 11180
25.4559 25577563603.97245 23855586946.78445 11096
26.163 16017781988.07892 15066079259.01833 10056
26.8701 11227516173.7596 10279513119.0103 9716
27.5772 7207645681.551394 6761694873.401281 8604
28.2843 5337319983.231705 4882922217.666203 8060
28.9914 3620931102.26626 3363682838.015808 7320
29.6985 2442448625.54575 2257170578.023248 6356
30.4056 1690197920.52264 1591003456.574063 5348
31.1127 1087596445.967566 970887849.2780901 4308
31.8198 678747329.4378589 634095281.3821892 3563
32.5269 300294764.8667456 277799893.4843223 2448
33.234 175726362.3067275 156791209.5795094 1868
33.9411 103479422.4925143 90538334.32897389 1358
34.6482 67990972.23866302 54557142.43875179 1062
35.3554 38454131.48429651 34127204.80319641 776
36.0625 17743556.95651893 14528714.14405728 432
36.7696 7467878.143392628 5918308.719912142 200
37.4767 5751360.471004746 5877692.144227891 168
38.1838 1749673.989624224 1185940.723402808 56
38.8909 203222.1968462162 79368.47752565764 7

0.707107 31206402361.13742 825922412.8721149 18
1.41421 253497380627.8069 13685290117.96613 62
2.12132 573100777580.5544 52022445422.4371 98
2.82843 1551628334084.848 158407637620.0311 210
3.53554 2475620687224.539 398541969835.9798 350
4.24264 3031548229232.994 681741782830.0433 450
4.94975 4011129064619.705 1235045530209.779 602
5.65686 5010761492551.809 1715771407120.312 762
6.36396 7448688033557.51 2975702041339.662 1142
7.07107 7230241440944.066 3162308529770.723 1250
7.77818 7404208580890.102 3717880740947.746 1458
8.48528 7952552934724.303 4260568524076.312 1814
9.19239 7909020180636.748 4456590377079.49 2178
9.8995 7330551543838.838 4118885054741.034 2498
10.6066 6270988688933.574 3701736416653.594 2622
11.3137 6115746690722.707 3590677052027.955 3338
12.0208 5274047249380.383 3352750960905.183 3722
12.7279 4635955038717.885 2789982966691.985 4170
13.435 3638074982500.575 2290803409462.77 4358
14.1421 3106050951455.954 1998956505732.712 5034
14.8492 2641249926146.771 1661166440605.778 5714
15.5564 2020960549521.145 1270714305089.891 5982
16.2635 1619510866234.122 1035361093186.233 6602
16.9706 1281069560204.562 780656151330.0372 7130
17.6777 1031997714878.262 660333935341.1071 8034
18.3848 789547503374.7855 496176593497.7698 8606
19.0919 614161744564.9629 388168664565.5801 9066
19.799 505111718883.546 316861591649.0571 9962
20.5061 409209058718.7604 261844518387.2509 10550
21.2132 338628783628.576 211830463205.7622 11226
21.9203 300011071943.6151 185533603283.4992 12146
22.6274 233920359551.6759 145802271499.1806 12303
23.3345 164848906499.1447 102492771509.1219 12584
24.0416 99286782720.49258 63270336788.62721 12120
24.7487 62358706132.25606 38341077736.763 11180
25.4559 41185027840.69453 26209228437.51413 11096
26.163 26206389381.07007 16276307034.7432 10056
26.8701 17538990568.39253 11357128725.04308 9716
27.5772 11400698868.12539 7407687023.627851 8604
28.2843 8178068100.255234 5395900185.481994 8060
28.9914 5697663373.942304 3642457420.349557 7320
29.6985 3770211698.819073 2551457016.355752 6356
30.4056 2527034637.818243 1740926171.217301 5348
31.1127 1594929041.267002 1055228398.997856 4308
31.8198 1070149476.724842 686055576.9213419 3563
32.5269 475164306.9092395 323199321.249678 2448
33.234 262801369.594316 169989286.7936007 1868
33.9411 140309369.1461347 101982497.4883975 1358
34.6482 85311234.61867476 60617458.42671777 1062
35.3554 54961115.82137061 39695394.62165174 776
36.0625 25379733.90740185 16484928.47239495 432
36.7696 10747345.63792269 8224911.85096949 200
37.4767 8527817.648868401 6030308.455513915 168
38.1838 2618312.565386534 1670388.817603982 56
38.8909 259943.2109319838 165943.1882811917 7

0.707107 15931912977.28963 1282129841.739989 18
1.41421 88654537714.87619 16411764094.8975 62
2.12132 228120011907.7426 54789066844.13181 98
2.82843 620858172857.6461 253355349074.1009 210
3.53554 1075444004610.225 640284556517.5166 350
4.24264 1410454556565.921 1016703284789.952 450
4.94975 2295476439853.276 1680049909878.888 602
5.65686 2963406884642.591 2289997416243.878 762
6.36396 4637570408940.42 3799998636881.758 1142
7.07107 4996298884467.174 4097103530514.094 1250
7.77818 5024946198621.955 4674271452447.777 1458
8.48528 5975915220315.185 5246834789160.502 1814
9.19239 6163652437263.563 5543187159721.208 2178
9.8995 5476132715836.234 5324056983347.844 2498
10.6066 4789646975796.798 4475963410904.298 2622
11.3137 4825829392899.474 4474284843131.332 3338
12.0208 4265228001946.573 3905460942719.763 3722
12.7279 3788558856750.898 3530548748229.906 4170
13.435 3020700581851.021 2838749304429.362 4358
14.1421 2640782796240.374 2482929050923.713 5034
14.8492 2240633066727.8 2041869529704.68 5714
15.5564 1679692389711.934 1573856331856.137 5982
16.2635 1374160864492.429 1277634016186.463 6602
16.9706 1064769574800.781 1001188780631.763 7130
17.6777 878821141312.8086 816758642438.7083 8034
18.3848 695702257244.6912 642623306578.5107 8606
19.0919 525689182185.0582 495388702236.2915 9066
19.799 430605131420.5522 399455785479.5388 9962
20.5061 352144533062.2425 328779994888.3739 10550
21.2132 289293043402.7471 272595649729.9517 11226
21.9203 252453967842.3593 237073027670.2405 12146
22.6274 204842564108.2433 188310121410.9118 12303
23.3345 145933080799.4111 132064856573.2998 12584
24.0416 88147644788.42947 80737849463.91098 12120
24.7487 55522405411.7539 50413555462.8148 11180
25.4559 36935604882.11816 32965574269.93246 11096
26.163 23600988174.42383 20630307193.29733 10056
26.8701 15950013441.76516 14034705505.50921 9716
27.5772 10519614193.81047 9324244255.163902 8604
28.2843 7470083852.704248 6580205037.826605 8060
28.9914 5134764725.340445 4526999586.608377 7320
29.6985 3594605149.094931 3061495494.397018 6356
30.4056 2408930655.473286 2164350270.457736 5348
31.1127 1506592004.17752 1380128248.773408 4308
31.8198 965032284.6493895 853727301.3325024 3563
32.5269 446267861.0474991 385897818.8425949 2448
33.234 252779424.6169834 208260503.9021809 1868
33.9411 143224726.0963455 127403108.7687224 1358
34.6482 86457637.47491288 77471371.75356707 1062
35.3554 51730558.04554841 53224731.62294881 776
36.0625 25448476.21917888 21231040.45187385 432
36.7696 11970723.28332085 8812934.838181779 200
37.4767 8493736.45749345 6674819.890191637 168
38.1838 2903045.289349546 1820120.449505673 56
38.8909 310441.2633584648 453851.254217284 7

0.707107 64180534463.6573 813041742.1807284 18
1.41421 363412885817.4885 12078617509.44167 62
2.12132 780420971463.1777 46360448082.79296 98
2.82843 1474572444720.66 173821333783.3649 210
3.53554 2039820955324.974 444255912993.8182 350
4.24264 2577008776839.7 708453663851.3726 450
4.94975 3447478121660.605 1221650234022.342 602
5.65686 4388024551697.917 1739938845952.622 762
6.36396 6274886709635.941 3176794008132.079 1142
7.07107 6622260022197.805 3412567628001.925 1250
7.77818 6854367464739.455 3972306580858.834 1458
8.48528 7650117884480.423 4728694271997.009 1814
9.19239 7843057883631.75 5258738904048.968 2178
9.8995 7338933198364.67 4630064266095.491 2498
10.6066 6080702175319.855 4163576968538.638 2622
11.3137 6333122579724.256 4361383110447.521 3338
12.0208 5622394229227.68 3753679497773.691 3722
12.7279 4801659357397.345 3496979988001.875 4170
13.435 3942237276026.391 2820449263979.475 4358
14.1421 3387235230771.994 2448058794646.63 5034
14.8492 2842781416385.453 2100877361223.155 5714
15.5564 2303259055962.146 1634316953978.387 5982
16.2635 1861968013495.864 1354311892906.752 6602
16.9706 1479976487386.21 1057980454636.987 7130
17.6777 1236138676054.198 876850024333.667 8034
18.3848 967639717713.7019 684893218318.5874 8606
19.0919 750214534721.9125 533107305829.1541 9066
19.799 622127133941.5076 438555413916.8728 9962
20.5061 505109097159.5604 357038024941.201 10550
21.2132 430507158739.782 291066726191.8456 11226
21.9203 365062405976.0081 259005398812.087 12146
22.6274 288713070478.847 207778163144.5521 12303
23.3345 210358237240.8831 148871357145.1645 12584
24.0416 131468341054.881 92153165528.15894 12120
24.7487 81730576103.8587 57403915973.84311 11180
25.4559 55378090118.88863 38375061319.53528 11096
26.163 35001895762.13623 24141209699.94865 10056
26.8701 24208623483.06428 16541082281.54504 9716
27.5772 15591361750.62233 10849832809.18265 8604
28.2843 11071393688.93864 7882375281.296328 8060
28.9914 7453847618.837132 5346955234.857306 7320
29.6985 5072970845.69518 3509386654.283632 6356
30.4056 3528885481.059705 2477151735.153004 5348
31.1127 2190911815.129391 1625224971.325376 4308
31.8198 1461823641.033493 1004571604.854771 3563
32.5269 631037303.9847765 456641091.6838549 2448
33.234 363252537.3698277 271602975.4848117 1868
33.9411 208647512.8730611 148274888.898959 1358
34.6482 127705606.0264293 92192272.80650191 1062
35.3554 72989740.13554704 55839937.61421322 776
36.0625 32719002.17629566 26162069.4301996 432
36.7696 15384345.13995891 10087590.2421876 200
37.4767 12332395.66258351 8907118.162912339 168
38.1838 4988356.604707754 2914854.256931049 56
38.8909 501622.6266714724 191669.836645661 7

0.707107 25433659058.80618 884083624.6377982 18
1.41421 136152060105.4577 18348136467.14548 62
2.12132 313367869820.7381 57081101765.68806 98
2.82843 783792349440.422 204018241469.6765 210
3.53554 1358171586949.136 538167274807.9306 350
4.24264 1869325158701.587 946102935083.854 450
4.94975 2488696967520.466 1469916314283.81 602
5.65686 3305925749212.706 2183541822675.032 762
6.36396 5143201875803.842 3268754810653.926 1142
7.07107 5269492139813.649 4004770374718.027 1250
7.77818 5708942171107.004 4567196353909.588 1458
8.48528 6766178454820.328 5366535139281.978 1814
9.19239 6788817578632.025 5570956855182.701 2178
9.8995 6349294359749.934 5204446764687.609 2498
10.6066 5643454838935.014 4541273541508.38 2622
11.3137 5608588268874.119 4744747090092.504 3338
12.0208 4865972715908.777 4174789283649.215 3722
12.7279 4395266517272.994 3770095030584.002 4170
13.435 3551706143255.326 3015418112516.509 4358
14.1421 3107223616369.237 2682119820782.516 5034
14.8492 2557035488168.91 2284414061313.615 5714
15.5564 2059659911497.039 1760803375213.778 5982
16.2635 1694356367593.109 1410816447367.754 6602
16.9706 1283829342279.322 1169802520408.847 7130
17.6777 1111932436621.34 944168355533.843 8034
18.3848 829011820903.4199 754155132780.6511 8606
19.0919 675887229528.4769 595288348846.7932 9066
19.799 570599175976.0925 491731037416.9355 9962
20.5061 473288371672.1959 410231905551.4962 10550
21.2132 394574069563.6822 339382283396.6736 11226
21.9203 336797081590.4266 300244068267.6833 12146
22.6274 281942654176.2507 241950609720.2285 12303
23.3345 206363748663.2257 180736081045.1911 12584
24.0416 130336675454.5287 110261395429.0105 12120
24.7487 81589000216.48505 70150003497.85036 11180
25.4559 55557330638.55837 46636367644.33339 11096
26.163 36007017904.24937 30266639857.61677 10056
26.8701 24676713867.5743 20900372848.09975 9716
27.5772 15966860385.87138 13705682546.76187 8604
28.2843 11546851088.86169 9500432977.914497 8060
28.9914 7798532093.578356 6615375310.746775 7320
29.6985 5298066803.918745 4370612819.765335 6356
30.4056 3560671342.15438 3046810154.641653 5348
31.1127 2260908211.831985 1896169559.067317 4308
31.8198 1510157036.556841 1258675278.908245 3563
32.5269 660451352.0963734 591105846.5976779 2448
33.234 383250041.9761957 318613780.6471959 1868
33.9411 224153030.1090334 190398380.9255697 1358
34.6482 135751999.3367505 109366606.10786 1062
35.3554 84670851.73826964 67926024.90743303 776
36.0625 36754386.57624049 31891830.50961721 432
36.7696 16140017.18434267 14377892.01219294 200
37.4767 12566771.31893482 11965129.51210262 168
38.1838 4218256.455709301 4188025.088124943 56
38.8909 435570.5143615512 696312.007167736 7

0.707107 51201143287.19075 1193716821.529744 18
1.41421 281031795690.3015 14745230991.93009 62
2.12132 397124300479.6157 50896213028.06616 98
2.82843 925838727033.0295 186642527907.9359 210
3.53554 1511875248909.54 499375159515.2239 350
4.24264 2155010857264.188 860285981211.9761 450
4.94975 2992959890247.46 1416329784149.17 602
5.65686 3973126772326.811 1814295978146.825 762
6.36396 5978235084610.941 3324052405800.541 1142
7.07107 6169981150629.003 3596999775366.255 1250
7.77818 6632852791720.649 4376174458979.562 1458
8.48528 7369688663329.813 4940861011768.328 1814
9.19239 7465188058864.797 5194592002647.471 2178
9.8995 6991093536464.904 5096694002188.613 2498
10.6066 6114483595599.504 4313393738588.217 2622
11.3137 6340357799591.453 4701483300908.41 3338
12.0208 5677058500097.465 4234800857431.311 3722
12.7279 4933633137741.462 3829079550237.922 4170
13.435 4008711090210.414 2994994402444.857 4358
14.1421 3618564332000.419 2677305046906.607 5034
14.8492 3003018830595.955 2282017233581.645 5714
15.5564 2309658440664.524 1858306174758.751 5982
16.2635 1942929958296.757 1437696138245.135 6602
16.9706 1525902528846.101 1165366569551.562 7130
17.6777 1232699072299.487 974021665591.8369 8034
18.3848 964341325673.2153 756512510561.0684 8606
19.0919 788521442170.5779 618668087283.4792 9066
19.799 654047461847.2078 514946778986.168 9962
20.5061 548202197606.2198 423251679245.4197 10550
21.2132 461876264033.5618 359297433796.2992 11226
21.9203 406329148651.4895 314239122544.3724 12146
22.6274 329935428017.6129 258778026270.5621 12303
23.3345 248294362429.6354 193271986227.0042 12584
24.0416 154976218273.8579 124108054134.2973 12120
24.7487 99017345036.28108 76277610961.60083 11180
25.4559 67565914079.40877 51011616371.47831 11096
26.163 43384854274.8327 33649056599.55304 10056
26.8701 30260202513.6522 23852460166.48446 9716
27.5772 19708837472.13923 15352101566.70812 8604
28.2843 14002085602.1884 10866910626.63042 8060
28.9914 9669957122.122982 7482843463.343863 7320
29.6985 6610192324.283257 5133696174.65033 6356
30.4056 4382815104.652096 3487653677.517946 5348
31.1127 2859921209.197863 2162438125.199553 4308
31.8198 1862089077.178605 1442433516.917966 3563
32.5269 856748818.2945263 664415760.8389821 2448
33.234 483209693.3501841 366578332.1615368 1868
33.9411 273914739.3139738 236034257.6806302 1358
34.6482 168878937.8639103 138723688.332097 1062
35.3554 100173290.3293211 86986065.98997852 776
36.0625 47964078.70614014 40125883.8611009 432
36.7696 18515958.27940747 18310446.09228595 200
37.4767 14744096.27728193 14845487.42312986 168
38.1838 5041288.507947217 5612747.488576044 56
38.8909 695810.7670627779 524550.9442459863 7

0.707107 17113901646.95223 1069823949.082149 18
1.41421 170384543565.7896 14172099004.83695 62
2.12132 335648581557.39 60224814590.84895 98
2.82843 962390138882.8662 192385887482.6595 210
3.53554 1684355619259.626 480959170231.9531 350
4.24264 2250663386470.277 839646395945.2007 450
4.94975 3055471356456.281 1420150803270.412 602
5.65686 3680738682711.378 1942483773522.989 762
6.36396 5707592426257.008 3253128055413.268 1142
7.07107 5651446154164.824 3727952913055.154 1250
7.77818 6510213057278.181 4252794029413.344 1458
8.48528 7504923263983.164 5329540237163.25 1814
9.19239 7525832414088.094 5582398828597.549 2178
9.8995 6830184061524.278 5022310691494.422 2498
10.6066 5962585842763.406 4531787767082.224 2622
11.3137 6418778692685.059 4711186035687.308 3338
12.0208 5721979168561.283 4377662281966.897 3722
12.7279 4919852889091.987 4088703869652.287 4170
13.435 4069630635341.483 3293577789372.58 4358
14.1421 3621001970134.471 2852140054753.039 5034
14.8492 3109581195356.877 2425264653153.249 5714
15.5564 2434579549112.654 1939766565775.971 5982
16.2635 1930676001744.353 1562199235756.915 6602
16.9706 1561938964584.245 1241351123317.046 7130
17.6777 1274829744985.623 991630218976.5867 8034
18.3848 975953906825.2158 789025989701.5835 8606
19.0919 778861120517.676 626854756942.0601 9066
19.799 655652152068.6327 520774965523.8092 9962
20.5061 549903117483.0337 433295585419.9615 10550
21.2132 465932486534.6089 367733773216.3657 11226
21.9203 414966970552.4965 335559571438.0968 12146
22.6274 339615833480.0525 278614586610.639 12303
23.3345 248773742354.3496 200806577933.4922 12584
24.0416 164834236266.8757 134412664172.3109 12120
24.7487 101608853004.5775 81629189442.14313 11180
25.4559 70333564143.02167 56390413045.45239 11096
26.163 45476637869.03805 36160208150.80772 10056
26.8701 31929370004.21711 25187049345.80195 9716
27.5772 20720670117.63503 16472904390.14545 8604
28.2843 14895726726.5393 11870379524.7589 8060
28.9914 10312502527.16711 8376664726.122168 7320
29.6985 7240786999.080137 5798151088.231072 6356
30.4056 4930570911.797413 3929883030.394756 5348
31.1127 3096439503.124919 2549746713.759951 4308
31.8198 2014808521.624729 1550785876.282161 3563
32.5269 895250006.2518582 739995805.1476302 2448
33.234 534515275.4973238 433006831.7019978 1868
33.9411 309163110.8122641 245342289.6097053 1358
34.6482 194852718.5427866 151121353.5917649 1062
35.3554 114928219.4751957 90610967.96973807 776
36.0625 53281888.21338168 45706776.47230493 432
36.7696 24972303.53006367 21140310.20511123 200
37.4767 18924942.20846175 17533408.46212303 168
38.1838 5448398.977989813 4576795.349192357 56
38.8909 652751.2787699092 425442.307266644 7

0.707107 36151391849.19833 1665873768.90232 18
1.41421 150157937586.5099 25931306134.19125 62
2.12132 381948160125.9977 73504690027.00368 98
2.82843 930885742772.8877 202031377632.5215 210
3.53554 1691802121074.546 454436573172.9094 350
4.24264 1912281302503.707 900288245154.8977 450
4.94975 2467122418612.068 1559512898714.156 602
5.65686 3312296052810.346 2109196607626.238 762
6.36396 4897666838149.968 3718050068243.689 1142
7.07107 5307132060121.866 3883244854474.261 1250
7.77818 6042076887617.186 4440921315265.367 1458
8.48528 6780729681133.03 5490315300816.619 1814
9.19239 7237715538413.975 5806399539791.586 2178
9.8995 6598263050359.402 5346973104072.647 2498
10.6066 5769593005641.067 4831556429700.107 2622
11.3137 6180672723919.333 4865898447896.117 3338
12.0208 5502582665845.885 4571614708150.796 3722
12.7279 5063617078271.222 4156883030867.706 4170
13.435 4180625640230.952 3401852266521.847 4358
14.1421 3696438480771.265 3079757271909.335 5034
14.8492 3036696692195.324 2635017374386.241 5714
15.5564 2414362468754.607 2078602179293.725 5982
16.2635 2012495046903.159 1738013900844.286 6602
16.9706 1594463422509.654 1384022014467.407 7130
17.6777 1266100521821.884 1117656757533.273 8034
18.3848 992002943355.9609 877135618629.6205 8606
19.0919 812598520895.9955 676775686776.4058 9066
19.799 658122399113.7002 571470914955.2949 9962
20.5061 561458602562.0681 468360203483.6237 10550
21.2132 474386336941.8009 391420924465.0501 11226
21.9203 415024598181.7068 355992611775.9687 12146
22.6274 339630906267.0693 298368647544.2408 12303
23.3345 256663581953.0807 219877105442.1035 12584
24.0416 168534121967.8 139775711855.1116 12120
24.7487 103662985865.6036 89860254966.13771 11180
25.4559 72584968829.87265 60295734053.22208 11096
26.163 46686314767.70895 39824849507.21347 10056
26.8701 32545109478.56776 28188562770.98885 9716
27.5772 21409028610.89028 17925050486.60674 8604
28.2843 15438172432.66229 12934174521.97677 8060
28.9914 10860156434.65232 8997653035.978096 7320
29.6985 7640739888.094688 6220557351.208842 6356
30.4056 5288542633.266621 4360758979.660908 5348
31.1127 3292814875.474403 2807527487.760918 4308
31.8198 2121362090.882323 1816695398.584315 3563
32.5269 973867349.4724803 819429917.0988153 2448
33.234 582629351.3347385 474496943.6845342 1868
33.9411 333769912.3184038 282123183.1859869 1358
34.6482 196549495.1420967 167005902.1599193 1062
35.3554 125064904.9542054 111251990.637634 776
36.0625 61832590.34115832 50949447.61454261 432
36.7696 24467289.67871261 23517804.13477506 200
37.4767 23208841.60683041 17802304.40537817 168
38.1838 7052462.500626485 4652961.14615649 56
38.8909 601439.1479916089 641031.4877389541 7

0.707107 23520260978.35521 870390978.9679651 18
1.41421 183584158865.0076 15686555802.40636 62
2.12132 408822888255.0779 55457829496.2748 98
2.82843 1038235168538.565 180490293758.9614 210
3.53554 1685516744843.761 450904181633.1708 350
4.24264 2283713445704.378 804168469033.7556 450
4.94975 2908230925321.954 1276313861671 602
5.65686 3979095172954.489 1959913274018.341 762
6.36396 6400536677296.207 3291760748043.872 1142
7.07107 6438499400086.008 3650660375442.222 1250
7.77818 6564823301768.537 4116996631782.154 1458
8.48528 7818066688608.359 5249321798259.88 1814
9.19239 7937788459904.652 5455121621876.119 2178
9.8995 7452686850442.641 5119398845162.233 2498
10.6066 6603268801069.542 4509854934856.918 2622
11.3137 6832835422798.613 4767926123051.943 3338
12.0208 6171295674508.947 4579582107239.395 3722
12.7279 5627700260303.698 4126448414313.132 4170
13.435 4683368394098.299 3582395290367.011 4358
14.1421 4186357216557.76 3123916902843.191 5034
14.8492 3654935337497.418 2656330889360.719 5714
15.5564 2867929810807.663 2127630597126.268 5982
16.2635 2447632887181.737 1773847667667.853 6602
16.9706 1928666286847.82 1445949473093.15 7130
17.6777 1616321676134.845 1196819565979.821 8034
18.3848 1261559338776.125 921132860899.2664 8606
19.0919 981240117306.5231 717955445001.9951 9066
19.799 811126659359.5273 596454731290.3046 9962
20.5061 678835533850.0137 498226477726.1506 10550
21.2132 568737465800.4985 415096142734.8586 11226
21.9203 496408295081.1398 370911302833.8389 12146
22.6274 417148726459.2582 303259361048.8602 12303
23.3345 300001954054.1377 223829368328.5489 12584
24.0416 195091490607.6194 147682093952.7053 12120
24.7487 125624399307.0176 93429461756.71556 11180
25.4559 87013118502.5368 65014282704.80314 11096
26.163 56323257628.37114 41756173218.15074 10056
26.8701 39375915866.35234 29163590651.66624 9716
27.5772 25463689839.11615 18840570111.33049 8604
28.2843 18471932590.31387 13701476580.29626 8060
28.9914 12914194873.26467 9622051000.640165 7320
29.6985 8972338734.615805 6439545507.959927 6356
30.4056 6207502411.806461 4524044074.554978 5348
31.1127 3875316627.896316 2968139685.975285 4308
31.8198 2535611006.339061 1860259170.347495 3563
32.5269 1146553539.269183 891759818.4425623 2448
33.234 669266414.8919802 533243350.3314899 1868
33.9411 394265416.3097234 303275252.7980255 1358
34.6482 237509947.2308702 181443571.6485461 1062
35.3554 150435826.9558398 112228661.3173802 776
36.0625 74141483.89212832 53301573.40278794 432
36.7696 29723873.93192962 24523916.56671553 200
37.4767 26692923.37151043 18912181.6651209 168
38.1838 8011204.735740484 5461115.078318029 56
38.8909 583648.2296809389 653324.919422418 7

0.707107 5672740585.022113 2973391509.686108 18
1.41421 37952401439.53841 40184496143.68956 62
2.12132 118751257854.7608 118163301959.571 98
2.82843 339319790441.0514 387469136089.5591 210
3.53554 917468025151.6179 627077776122.0447 350
4.24264 1369610018708.311 1062221316574.635 450
4.94975 2096045529578.415 1642500936315.129 602
5.65686 2812974182047.565 2258939268548.336 762
6.36396 4505972142466.182 3602354407066.452 1142
7.07107 4992846673233.189 3911290135399.012 1250
7.77818 5307297156697.631 4898501977479.592 1458
8.48528 6263062104640.832 5805053055438.205 1814
9.19239 6471022500631.925 6200612405636.66 2178
9.8995 6040575390181.127 5507245401592.312 2498
10.6066 5674553850800.198 4935042217657.853 2622
11.3137 5944976307716.659 5399858718657.133 3338
12.0208 5429683801376.838 4979442434329.291 3722
12.7279 4835058996460.532 4545026158405.264 4170
13.435 4098948946019.497 3853517492381.062 4358
14.1421 3599378445995.064 3463508105005.099 5034
14.8492 3086326717851.109 2962917682853.89 5714
15.5564 2475821191657.422 2336822438934.299 5982
16.2635 2071228312426.322 1951066865800.419 6602
16.9706 1688446606715.029 1571874088265.309 7130
17.6777 1441677707511.138 1332276730789.448 8034
18.3848 1117808771996.447 1049297269123.209 8606
19.0919 876489614924.645 811236370612.4427 9066
19.799 739255978119.5333 693353715154.0925 9962
20.5061 613203609393.7094 571280883822.7581 10550
21.2132 508281761707.0581 477239750166.7423 11226
21.9203 450881178243.0348 415580480622.7604 12146
22.6274 378166118532.661 337509600462.314 12303
23.3345 266107834106.617 257204231777.0309 12584
24.0416 175071205220.6619 166287945177.9913 12120
24.7487 114839164024.7596 106627450806.9497 11180
25.4559 78559269216.21825 71577573089.02173 11096
26.163 51741835361.84718 46694147620.11257 10056
26.8701 36882698759.17089 33063108022.43861 9716
27.5772 23401839529.49832 21123419519.01719 8604
28.2843 17529868156.7369 14986294241.94287 8060
28.9914 12005184111.88583 11040487454.56821 7320
29.6985 8144740342.883127 7577030512.148438 6356
30.4056 5756014929.578951 5136611379.817274 5348
31.1127 3585440124.932682 3290807014.795547 4308
31.8198 2422309210.628429 2038744936.929828 3563
32.5269 1146941750.514081 975070166.7801197 2448
33.234 661926172.0542808 597837706.8449028 1868
33.9411 380742068.0090873 331023571.2987094 1358
34.6482 235682330.0914058 203843290.2418858 1062
35.3554 146693525.4219655 133775374.9585729 776
36.0625 76418553.65804237 56657119.68168259 432
36.7696 29849860.84797933 27148655.79675689 200
37.4767 25594862.84299887 23121559.70818396 168
38.1838 7588544.59145301 6227020.170348036 56
38.8909 643666.4038986687 685574.2953127288 7

0.707107 27175895903.96389 523426857.5530597 18
1.41421 193960933090.1035 13115897892.20718 62
2.12132 457525976788.2302 67008777228.56339 98
2.82843 1067351960310.395 200806123414.5616 210
3.53554 1699815471164.227 487276682925.3665 350
4.24264 1950785008611.612 807097941415.021 450
4.94975 3165256705048.966 1251277229373.955 602
5.65686 4168326449502.218 1950398581841.105 762
6.36396 6371226223722.939 3498256399150.287 1142
7.07107 6575752272568.929 3627513534758.207 1250
7.77818 7217228625008.691 4271995126210.168 1458
8.48528 8206722839258.264 4998752717788.045 1814
9.19239 7903113465059.115 5408553021580.559 2178
9.8995 7494471250569.004 5126220396895.355 2498
10.6066 6967836138112.383 4594825794702.272 2622
11.3137 7215151179652.07 5058745644288.353 3338
12.0208 6895074313303.228 4652197420897.558 3722
12.7279 6321498409892.817 4499272494502.589 4170
13.435 5046175759917.418 3691237963245.33 4358
14.1421 4550525540607.366 3403905697787.346 5034
14.8492 3971318673963.75 2823235272451.173 5714
15.5564 3164414774288.427 2267046467741.569 5982
16.2635 2566367142526.498 1935012046421.783 6602
16.9706 2097237631787.927 1551502007460.15 7130
17.6777 1797889910405.905 1344200371016.42 8034
18.3848 1438945156608.45 1055419255137.329 8606
19.0919 1145928084213.661 837618319619.2937 9066
19.799 949041613537.9783 698222918503.9438 9962
20.5061 806921356931.5447 592864819530.0322 10550
21.2132 671838442393.2479 495419652832.5608 11226
21.9203 588438720161.6234 428263230727.2729 12146
22.6274 486475195759.3693 357709650627.3694 12303
23.3345 355599974026.6974 262520207438.1942 12584
24.0416 236951173276.2213 169426621206.0187 12120
24.7487 154082851668.3163 110308461938.8453 11180
25.4559 105702869864.3272 77271246727.95558 11096
26.163 69632411677.05093 49786062782.54995 10056
26.8701 49263506747.74782 34961195066.2343 9716
27.5772 31691633983.07841 22425926671.59719 8604
28.2843 23172868580.89463 16272081893.71888 8060
28.9914 16025202772.61616 11478526287.4495 7320
29.6985 11077990309.63861 7946754335.58527 6356
30.4056 7763256868.325219 5364357021.7435 5348
31.1127 4702937702.381771 3471353839.806705 4308
31.8198 3065357547.066302 2201788310.506757 3563
32.5269 1463874707.959641 1078818484.783746 2448
33.234 851782492.829986 625715670.9219961 1868
33.9411 489625061.4703473 387702332.7792023 1358
34.6482 296164924.6700391 227175685.7816198 1062
35.3554 180550770.8237223 149421375.4376253 776
36.0625 91481236.75392072 64990567.06920446 432
36.7696 38499050.46614451 31714720.2332038 200
37.4767 29749896.8479398 27436523.68219341 168
38.1838 9228443.572341807 7217645.350741024 56
38.8909 1056968.895367335 953615.9203587672 7

0.707107 11193578557.47673 1698324644.411579 18
1.41421 55749294620.20994 29792699140.08217 62
2.12132 130224899137.5685 97456342037.13539 98
2.82843 430912281738.2418 345895183762.2614 210
3.53554 799213070178.7247 793367493622.4644 350
4.24264 1231198280157.126 1156927838051.828 450
4.94975 1796534054654.789 1703116949958.151 602
5.65686 2425284348100.643 2562660152627.619 762
6.36396 4040694540294.866 3933709527188.392 1142
7.07107 4431123972978.494 4451161619065.752 1250
7.77818 5045580632289.92 5077611411976.521 1458
8.48528 6057800172421.484 5755901127678.628 1814
9.19239 6299428978010.394 6475439854329.159 2178
9.8995 5831001260993.537 5898430976767.782 2498
10.6066 5167017278569.469 5386729446394.561 2622
11.3137 5787776044654.812 5702272209265.975 3338
12.0208 5465012134611.587 5348076657286.527 3722
12.7279 5032655769608.982 4887946490373.609 4170
13.435 4244140860947.442 4078199953765.426 4358
14.1421 3864523025407.282 3843734915409.819 5034
14.8492 3303708142076.309 3224727850606.699 5714
15.5564 2598131533269.025 2504374827338.687 5982
16.2635 2088079601645.276 2081172916474.86 6602
16.9706 1741253696245.671 1674700044058.623 7130
17.6777 1460472470136.663 1419868215469.472 8034
18.3848 1157111042078.368 1140784469013.188 8606
19.0919 924470988602.1257 928995338025.8483 9066
19.799 776175932171.5892 772473375950.0859 9962
20.5061 676727640743.4647 652649422627.0942 10550
21.2132 553186169468.1814 548819498368.3123 11226
21.9203 494652372564.4249 480641800683.4603 12146
22.6274 415312635708.8566 397028568313.5225 12303
23.3345 302761319834.3239 299143563816.0685 12584
24.0416 200935138550.3439 195479317951.8718 12120
24.7487 130753587733.7721 125117011285.5629 11180
25.4559 90816740244.70908 87648028701.48273 11096
26.163 59429866065.1624 57432230219.5029 10056
26.8701 41855505091.11106 40294812997.8017 9716
27.5772 27818190455.26143 26318356140.06829 8604
28.2843 20107494961.21821 19375850481.15768 8060
28.9914 14181686898.99229 13278587851.97304 7320
29.6985 9651664399.386999 8933279422.768692 6356
30.4056 6814793576.148127 6179270750.800396 5348
31.1127 4164484188.274611 3871716478.201345 4308
31.8198 2626023689.63695 2547395040.241566 3563
32.5269 1360387980.482707 1212032501.366685 2448
33.234 818112500.5152816 692696986.6011032 1868
33.9411 455859190.1967272 426764923.5531375 1358
34.6482 273705139.3430017 263764170.8422512 1062
35.3554 179733890.4504977 162563777.7684497 776
36.0625 83771534.73468146 82019415.55822144 432
36.7696 40770440.86473363 35669615.03934448 200
37.4767 32750961.3563548 29661722.56689898 168
38.1838 11082109.56075614 8780717.97041622 56
38.8909 777194.0896384419 1215592.184922074 7

0.707107 41720771564.69677 985889132.0761893 18
1.41421 280505721117.187 17756088816.11721 62
2.12132 462562073987.9891 57580321461.47182 98
2.82843 1152990268496.196 195071088089.8792 210
3.53554 1780774223208.583 436666163693.5853 350
4.24264 2094376596491.162 764070881977.8434 450
4.94975 3166803893847.152 1239855410931.325 602
5.65686 4272043820306.458 1809197862744.384 762
6.36396 6493663231176.508 3183554528405.803 1142
7.07107 6408332793411.763 3696983889819.688 1250
7.77818 7020358786611.651 4034519393459.862 1458
8.48528 8226269342986.33 5079501712991.651 1814
9.19239 8187650510514.766 5510851658138.171 2178
9.8995 7637409806670.83 4988375507711.688 2498
10.6066 7036849280973.633 4617502519529.493 2622
11.3137 7584141124083.316 5068262970388.533 3338
12.0208 7089320237906.49 4868226294543.91 3722
12.7279 6463948092404.027 4673828925574.219 4170
13.435 5459273463851.056 4005111411000.032 4358
14.1421 5096177588976.964 3592109163299.837 5034
14.8492 4263123093123.984 3056239870181.22 5714
15.5564 3452818155417.732 2449125136621.019 5982
16.2635 2818071486792.531 2046601934213.064 6602
16.9706 2292717030660.771 1648696776126.139 7130
17.6777 1920714972402.601 1398893325160.973 8034
18.3848 1556707548486.733 1146774697704.585 8606
19.0919 1240664532703.928 902176518872.968 9066
19.799 1035319707013.302 755815648128.1515 9962
20.5061 870543586699.2157 640223831954.7089 10550
21.2132 732536486742.5023 540851730423.8492 11226
21.9203 655583325103.4744 479421799521.2781 12146
22.6274 536387466761.2722 391676492680.4078 12303
23.3345 403158580811.962 296615303498.4767 12584
24.0416 266218077621.3065 198275510063.4912 12120
24.7487 172433857745.4068 127301692978.1093 11180
25.4559 122237755256.9587 89511247576.16539 11096
26.163 81240542421.36578 57305560176.73456 10056
26.8701 56196197287.33527 42207038229.93805 9716
27.5772 37795057146.20018 27299883779.70473 8604
28.2843 27129274942.207 20249164366.69611 8060
28.9914 19100366877.97607 14196240801.75492 7320
29.6985 12724285880.04409 9575501230.27759 6356
30.4056 9343962293.028713 6635552284.070573 5348
31.1127 5635013473.680981 4081992344.039181 4308
31.8198 3642339987.447287 2665826753.966708 3563
32.5269 1798794739.826481 1255441992.586498 2448
33.234 1053475132.612631 792584406.0644927 1868
33.9411 619313288.578604 455213296.7344604 1358
34.6482 363072828.1009806 287385921.7131754 1062
35.3554 233345678.9582722 168780769.0485409 776
36.0625 114368753.1603389 86614243.4018151 432
36.7696 49437447.13874125 36112613.7600915 200
37.4767 40805520.34421577 31204894.58176117 168
38.1838 14152511.25343678 10363621.6149324 56
38.8909 1111685.307770802 769474.1606471629 7

0.707107 11146585549.03797 1547552862.509562 18
1.41421 79792216400.84846 23912132793.66055 62
2.12132 180795804425.6215 83859433998.15845 98
2.82843 423663227820.8809 263939658624.488 210
3.53554 928808608181.5393 668397983375.7555 350
4.24264 1359305602790.768 1068798542890.996 450
4.94975 2032596905192.339 1679888742876.234 602
5.65686 2651993741878.05 2393679000330.92 762
6.36396 4343143842466.07 3877749720329 1142
7.07107 4956427258932.927 4563720914029.711 1250
7.77818 5190200857919.668 4915909135604.984 1458
8.48528 6314147301475.462 6109618928804.103 1814
9.19239 6039395603326.034 5761068712136.546 2178
9.8995 6114800009435.174 5660083018162.855 2498
10.6066 5570309902678.151 5256143277725.481 2622
11.3137 5959394533119.928 5642958827097.308 3338
12.0208 5780098085994.632 5323792865033.346 3722
12.7279 5256873086505.274 5150927823491.255 4170
13.435 4533201084951.033 4355126896787.922 4358
14.1421 4158603449363.941 3960438850221.482 5034
14.8492 3495865279652.097 3390226486383.487 5714
15.5564 2823778395635.709 2745295957515.554 5982
16.2635 2386880593448.363 2242949696992.315 6602
16.9706 1916987632550.198 1850879341663.944 7130
17.6777 1588897493861.477 1571838510584.888 8034
18.3848 1282298202385.205 1235864323838.052 8606
19.0919 1031491137011.105 985879754927.9268 9066
19.799 869074707310.2727 839656281983.1111 9962
20.5061 719236871904.4897 693206598340.7717 10550
21.2132 618915670940.1635 594687021597.6191 11226
21.9203 543599879793.8595 518423446331.2906 12146
22.6274 448525581863.3395 422859566139.886 12303
23.3345 335319627506.9084 321612167642.3066 12584
24.0416 222530544838.376 217002608969.8778 12120
24.7487 145640922197.8965 138701674923.7097 11180
25.4559 102137120381.349 97566236243.25717 11096
26.163 68021513839.37558 64271973031.88221 10056
26.8701 48882392915.37704 45497331314.89203 9716
27.5772 32524378561.01347 30507832863.09144 8604
28.2843 23777201675.91016 22436713496.78447 8060
28.9914 16732980090.37736 15420481130.66719 7320
29.6985 11424483131.29386 10548848099.51827 6356
30.4056 8161461031.193081 7298780504.016367 5348
31.1127 5080594820.959684 4651401026.883468 4308
31.8198 3268066186.29055 2941587880.635092 3563
32.5269 1640138770.740001 1442370442.108235 2448
33.234 911572250.2995567 837501199.2017081 1868
33.9411 580706238.2206856 512123902.9386053 1358
34.6482 359076608.5254945 324161727.5954263 1062
35.3554 215135335.3999954 184057283.1729442 776
36.0625 101947756.0157046 93154952.73598965 432
36.7696 51742667.8675314 38135916.90181543 200
37.4767 38639196.75956483 34455622.18951079 168
38.1838 12278215.36580993 8630805.694322867 56
38.8909 1059194.295209168 765542.2810488426 7

0.707107 70605480852.62666 876127077.7154961 18
1.41421 264992446514.6466 16434696431.75223 62
2.12132 453529553679.5496 58057917354.2745 98
2.82843 978119378948.9482 176239711804.3969 210
3.53554 1485199185462.053 482071093157.8055 350
4.24264 2165593032281.549 807862504570.4189 450
4.94975 2674154372447.502 1413312561586.562 602
5.65686 3795068381104.086 1847881434201.89 762
6.36396 5745130487656.062 3314071763473.519 1142
7.07107 6328799920412.355 3913841343107.606 1250
7.77818 6912783898261.288 4520065326649.188 1458
8.48528 7453371655467.653 5178236725505.797 1814
9.19239 7346724083397.563 5383561372113.593 2178
9.8995 7417530806006.318 5295436402939.407 2498
10.6066 7037383497182.533 4867409106740.142 2622
11.3137 7330408109449.068 5501284183466.721 3338
12.0208 7076489422479.337 5103268664414.42 3722
12.7279 6584580947107.734 4831421540228.686 4170
13.435 5609337041081.285 4053762363424.351 4358
14.1421 4979808915733.449 3830683391089.727 5034
14.8492 4472326413527.9 3323961112934.882 5714
15.5564 3509637226487.746 2663329718102.972 5982
16.2635 2933749385857.45 2272766728661.347 6602
16.9706 2445679788993.874 1854713745709.677 7130
17.6777 2078596227568.978 1598467052511.689 8034
18.3848 1693760318661.903 1278185133563.219 8606
19.0919 1331380115905.491 1020044494699.412 9066
19.799 1098868482781.538 851040035483.9386 9962
20.5061 937747105562.7498 723654302085.1572 10550
21.2132 787873088471.7982 605777992780.5223 11226
21.9203 675340890825.8611 525895402412.796 12146
22.6274 557519117153.0945 432177714459.5757 12303
23.3345 413725783773.2667 321230688827.0485 12584
24.0416 281033837232.856 216544915028.1449 12120
24.7487 181797722957.0958 140293982633.6229 11180
25.4559 130295279715.4197 100338818580.3058 11096
26.163 86565704895.69876 65763078988.80682 10056
26.8701 61445675127.3046 47095338567.18314 9716
27.5772 41138510879.33479 31755673122.34847 8604
28.2843 30551345498.85318 22941940480.83684 8060
28.9914 21055577249.75866 16466074936.44131 7320
29.6985 14614271388.14286 11043773791.23614 6356
30.4056 10140963406.58342 7684867729.356377 5348
31.1127 6486101897.243826 4906320117.587898 4308
31.8198 4184619615.012629 3170281181.251432 3563
32.5269 2032864836.011154 1570954617.366666 2448
33.234 1186491055.464627 925817765.5287418 1868
33.9411 746618467.5820163 557899654.3256621 1358
34.6482 442166684.484015 340001088.5873734 1062
35.3554 263378152.369939 200504377.1218698 776
36.0625 122623603.1420638 99674366.44367138 432
36.7696 54816173.57513268 44425961.23460698 200
37.4767 47198712.84525655 35085028.32314411 168
38.1838 12207451.01376643 10605602.594995 56
38.8909 1913108.517001467 1262682.513888446 7

0.707107 12456634490.77546 1118811352.395351 18
1.41421 81225876395.8611 25683993365.18469 62
2.12132 225294353128.1547 82188544326.75203 98
2.82843 539064173387.5322 236086800418.9802 210
3.53554 998356495625.8381 638262611014.9724 350
4.24264 1482932677258.615 885304195935.2274 450
4.94975 2279949323178.401 1449138565183.836 602
5.65686 2976454961042.32 2237427226162.923 762
6.36396 4664950365905.806 3528822790658.694 1142
7.07107 4912952944513.938 4403961407305.367 1250
7.77818 5609726003242.089 4621477694080.53 1458
8.48528 6466888119013.264 5550004798594.387 1814
9.19239 6705797255026.744 6116792336473.988 2178
9.8995 6358823159579.455 5948817866397.678 2498
10.6066 5974188544170.712 5368911575216.193 2622
11.3137 6498000432489.609 5719388618118.617 3338
12.0208 6161863016986.617 5711650453360.038 3722
12.7279 5829989108885.711 5232829364141.512 4170
13.435 5012146541660.486 4595194746249.167 4358
14.1421 4517444215239.471 4211576468915.326 5034
14.8492 3913502869649.813 3578760821739.723 5714
15.5564 3154160023762.202 2894002457499.801 5982
16.2635 2652308442875.223 2428893624585.248 6602
16.9706 2168271435935.88 2003506150239.339 7130
17.6777 1898119540269.175 1713329860024.274 8034
18.3848 1504615316854.142 1395492699972.535 8606
19.0919 1215800185001.697 1141135166122.431 9066
19.799 1032917522611.843 961624676899.2456 9962
20.5061 861142878344.8855 781141448663.4399 10550
21.2132 727070060297.3962 665965449547.7048 11226
21.9203 632932889393.3341 575854824214.3621 12146
22.6274 525230350648.5063 468994065307.1605 12303
23.3345 380517416851.0534 349874512929.8192 12584
24.0416 255383502437.3902 234139085033.7566 12120
24.7487 170767815890.9572 156084437564.3164 11180
25.4559 118950783547.4506 108990086622.5009 11096
26.163 79515716632.78305 72181462543.33713 10056
26.8701 56807844744.11478 50988189321.25022 9716
27.5772 38175084707.38024 35173538764.88586 8604
28.2843 28697250407.68366 24996205503.15227 8060
28.9914 19969729149.99635 17723651479.35625 7320
29.6985 13548655361.40826 12148236478.62376 6356
30.4056 9575129033.063906 8427031324.751102 5348
31.1127 6115559189.500607 5246131129.384835 4308
31.8198 3950955065.530067 3531294092.676266 3563
32.5269 1951413081.113112 1689483491.22379 2448
33.234 1151793474.155985 1027495405.990369 1868
33.9411 719447921.0495739 618591558.0508826 1358
34.6482 421286749.3989292 356693306.9193497 1062
35.3554 267019179.3816712 221802778.4686931 776
36.0625 116974311.0866577 106126551.2452284 432
36.7696 53052288.83336504 51137671.94185111 200
37.4767 48786485.97803809 36434208.7666569 168
38.1838 13636736.30746486 11608443.30730569 56
38.8909 1476109.018300788 1285483.199125528 7

0.707107 31747722579.46423 1622744130.776464 18
1.41421 180292510900.2694 19571110170.69598 62
2.12132 322178177308.2169 68011866050.96571 98
2.82843 672844016158.2855 235755586811.8192 210
3.53554 1152588821776.202 528714356294.1888 350
4.24264 1740174184334.323 889268474258.4421 450
4.94975 2597894658565.39 1304372159105.085 602
5.65686 3473618287806.144 2039394733871.324 762
6.36396 5162837135749.666 3429420276204.444 1142
7.07107 5998249399660.341 4049199442642.949 1250
7.77818 6345123458961.526 4487779765442.896 1458
8.48528 7126914178955.708 5104939646842.337 1814
9.19239 7304882176502.036 5620606976694.553 2178
9.8995 7025881267646.066 5194456058574.074 2498
10.6066 6780042674211.798 5104203551788.647 2622
11.3137 7338860374162.127 5758400887360.882 3338
12.0208 6825256298472.365 5448692916844.717 3722
12.7279 6430137527218.684 5361942381363.237 4170
13.435 5519377908166.948 4469908497885.408 4358
14.1421 5055494683607.367 4087422503671.819 5034
14.8492 4491265400233.633 3616730106080.328 5714
15.5564 3567295862368.385 2911516318084.256 5982
16.2635 3028832257878.036 2403304891484.245 6602
16.9706 2415957738205.323 1977175877238.725 7130
17.6777 2148891121305.857 1784538824876.476 8034
18.3848 1704694620773.348 1417982969807.99 8606
19.0919 1401876676791.097 1166701699020.493 9066
19.799 1183116858710.742 980838339503.153 9962
20.5061 987736458101.9443 814538038544.8789 10550
21.2132 838642902959.8855 692036861307.512 11226
21.9203 734602040734.9427 596521031294.5347 12146
22.6274 598794517767.7579 498928103764.2787 12303
23.3345 445704668255.4308 367667734559.6992 12584
24.0416 298079928566.0342 246076405507.1093 12120
24.7487 201834101971.0737 163372401891.3268 11180
25.4559 140081953950.7543 112829300830.4194 11096
26.163 95126311252.96889 74868636041.72971 10056
26.8701 67567349396.90173 53508822137.91007 9716
27.5772 45243460302.97699 36472055609.20895 8604
28.2843 33157794982.41807 26795313266.55565 8060
28.9914 23183836860.13793 19164705835.891 7320
29.6985 16285872705.10682 12912563497.92921 6356
30.4056 11053670173.02619 9079500146.837866 5348
31.1127 7329093649.002327 5709321875.898602 4308
31.8198 4582501939.665976 3906043296.982293 3563
32.5269 2261139139.036139 1794517366.426497 2448
33.234 1351403312.481419 1081062431.289279 1868
33.9411 829598455.6310222 677244194.9212513 1358
34.6482 509254528.4011003 394076469.5773928 1062
35.3554 295815436.3352507 249839941.8762995 776
36.0625 144815999.7149847 114142395.0654294 432
36.7696 64567153.35226741 55223411.52835498 200
37.4767 52561388.47935228 42418239.95141997 168
38.1838 14325128.10126236 10882869.00939971 56
38.8909 1892552.627400042 881444.7083336059 7

0.707107 21118423577.40371 1285849051.767604 18
1.41421 129616569267.0587 24397462240.56688 62
2.12132 310120178412.6049 69898850638.59825 98
2.82843 601203178187.8988 211286105805.5689 210
3.53554 1183861707106.429 526580550484.0599 350
4.24264 1632881466359.381 846267811991.7261 450
4.94975 2353157954868.306 1491020583792.971 602
5.65686 3236366852548.592 1978277417346.187 762
6.36396 4940452064799.103 3713585870104.885 1142
7.07107 5507944709897.117 4003554404246.253 1250
7.77818 6000701101079.48 4590796166228.948 1458
8.48528 6746053467931.008 5298133066758.27 1814
9.19239 6941515517109.955 5446010037702.297 2178
9.8995 6707016672333.902 5517548524020.729 2498
10.6066 6419621406391.914 5370244612121.386 2622
11.3137 7096838417010.309 5980820139201.93 3338
12.0208 6828274811092.053 5695280081269.059 3722
12.7279 6410167276891.733 5459697605637.604 4170
13.435 5379128541816.112 4521369439186.031 4358
14.1421 4910107684618.781 4356780486958.019 5034
14.8492 4396154472129.103 3778440621950.187 5714
15.5564 3541120214767.941 3058997894328.101 5982
16.2635 2894267298204.192 2495325679452.939 6602
16.9706 2417971497169.316 2088495061824.131 7130
17.6777 2108641537372.273 1814967955870.44 8034
18.3848 1727193177858.019 1428324728705.74 8606
19.0919 1372407965868.337 1201418644143.917 9066
19.799 1216951812483.606 1015410996424.091 9962
20.5061 993453499812.2644 851865702050.7358 10550
21.2132 848246364524.6212 733568296345.8458 11226
21.9203 735954154738.8252 643855787899.5289 12146
22.6274 616980320573.4126 521266276416.5519 12303
23.3345 460178917864.3904 398642531151.3529 12584
24.0416 308096332518.6306 268654879104.8348 12120
24.7487 206471185556.8935 177755262109.6031 11180
25.4559 147202613718.369 123472961122.5142 11096
26.163 97191529788.06042 84425162547.9711 10056
26.8701 69369029439.17639 59731548841.84224 9716
27.5772 46304040655.84258 39443608918.08926 8604
28.2843 34402304184.36897 29152762019.83286 8060
28.9914 25039391826.10784 20739108787.86777 7320
29.6985 16597280194.12872 14408840339.65422 6356
30.4056 11601759551.59217 9786057320.553408 5348
31.1127 7508402389.411017 6177615406.358288 4308
31.8198 5055967844.842474 4017309758.439364 3563
32.5269 2326732858.457886 1929401035.224421 2448
33.234 1434708622.744717 1204446881.115806 1868
33.9411 859749159.9875976 722496095.0621281 1358
34.6482 524706035.1894625 430365330.400042 1062
35.3554 315628325.3114539 274569141.6192112 776
36.0625 158612496.6975301 126745625.1776407 432
36.7696 70533987.18623847 55634541.44696064 200
37.4767 54141591.24401148 44518114.37469637 168
38.1838 15669209.29272372 17010298.74427293 56
38.8909 2871543.234042513 760715.3821882798 7

0.707107 20831460987.28463 2117419161.804615 18
1.41421 117828933862.9076 32460051526.29532 62
2.12132 254015567236.0792 81188585531.57619 98
2.82843 693848193239.5199 239569394493.2987 210
3.53554 1268967195632.729 527948483125.6056 350
4.24264 1523622636931.818 854060340564.9414 450
4.94975 2228064376368.635 1395244422562.267 602
5.65686 3094467746420.302 2092574630199.232 762
6.36396 4753672875153.059 3516080757311.896 1142
7.07107 5161731277179.177 4128760313152.967 1250
7.77818 5572662419829.67 4247198823909.496 1458
8.48528 6416557671688.814 5266735216816.26 1814
9.19239 6775043130872.161 5831143329264.69 2178
9.8995 6819622634855.359 5689329916571.231 2498
10.6066 6137193356969.055 5294298484946.383 2622
11.3137 7152908021186.445 6168762508625.05 3338
12.0208 6546476214392.766 5811500258906.817 3722
12.7279 6231179204756.609 5609460849372.975 4170
13.435 5405773715740.216 4847421062776.478 4358
14.1421 4831230794272.166 4404079083253.592 5034
14.8492 4474431977936.2 3871703494014.029 5714
15.5564 3563398773135.163 3109600890430.695 5982
16.2635 2953285466751.327 2621945033548.024 6602
16.9706 2409682447022.234 2147687352889.641 7130
17.6777 2108818125362.893 1864675257685.601 8034
18.3848 1693582664867.919 1488778619669.461 8606
19.0919 1398310463748.631 1245335665634.497 9066
19.799 1193646275044.918 1069357820146.48 9962
20.5061 1008475229520.253 903990140291.2776 10550
21.2132 847791079441.7522 756038314905.4749 11226
21.9203 742925493237.1569 680552190694.2332 12146
22.6274 619617259470.6321 557987001011.1293 12303
23.3345 480883857762.0515 411437375142.324 12584
24.0416 320509532321.042 284465260736.926 12120
24.7487 211114647617.4889 190247338151.7014 11180
25.4559 150384267887.2816 134430886392.3698 11096
26.163 102113957840.558 89787103046.21326 10056
26.8701 73081822650.36626 64426942548.89931 9716
27.5772 48051895469.0321 42777789760.9971 8604
28.2843 36315861526.0385 32139375319.52386 8060
28.9914 25615206684.33453 22634080375.57808 7320
29.6985 17980270578.40099 15263552193.64526 6356
30.4056 12509601615.07215 10487674987.66378 5348
31.1127 8066029457.196353 6800807347.658495 4308
31.8198 5176947397.616997 4519719841.334862 3563
32.5269 2523435130.428069 2140940682.447635 2448
33.234 1520968730.532238 1323346894.788002 1868
33.9411 898003417.0597544 783212505.7621266 1358
34.6482 540874744.1483828 487359608.0329484 1062
35.3554 345499669.2906177 318265023.4365025 776
36.0625 157244575.0379308 147270500.2589723 432
36.7696 76845863.6076654 63429384.66417664 200
37.4767 55315195.2214689 54791610.79352911 168
38.1838 17711213.04442823 19051645.87423586 56
38.8909 1960558.389103069 2932213.497514074 7

0.707107 28711490628.45296 792294420.1715068 18
1.41421 128083627879.3707 18608625301.46121 62
2.12132 305703624315.4356 86197557836.72842 98
2.82843 800964368079.1118 176107133001.0412 210
3.53554 1400450156306.493 500291470997.6153 350
4.24264 1892537165675.15 815345665335.5554 450
4.94975 2556057731775.207 1260994553530.15 602
5.65686 3532549018135.554 1905255667020.913 762
6.36396 5305472254572.394 3124834375346.613 1142
7.07107 5642446743461.612 3915570675873.036 1250
7.77818 6202027929991.648 4056505033737.003 1458
8.48528 6930463780462.09 5190560834392.795 1814
9.19239 7294220224496.524 5546874209521.449 2178
9.8995 7464676742694.653 5456269140922.887 2498
10.6066 6778643544153.5 5127080228014.34 2622
11.3137 7681817437049.797 5939041045273.306 3338
12.0208 7161635900297.874 5706622458223.279 3722
12.7279 6791693709627.586 5457805974071.588 4170
13.435 6043179939090.553 4764714947809.553 4358
14.1421 5579055771039.878 4448638855765.293 5034
14.8492 4825989989818.919 3886561698450.531 5714
15.5564 3919680799813.875 3133252529240.338 5982
16.2635 3350523818525.312 2627184050863.127 6602
16.9706 2717736628446.968 2166303379128.077 7130
17.6777 2359595171183.794 1882922518257.408 8034
18.3848 1928495520134.188 1536280856032.814 8606
19.0919 1574303688585.522 1293304069493.286 9066
19.799 1316201333258.695 1051159089156.737 9962
20.5061 1119471256659.798 909787068803.0955 10550
21.2132 962464954461.825 791379431234.3383 11226
21.9203 850033746412.4769 690592876227.4591 12146
22.6274 705654807616.8906 568765061112.4253 12303
23.3345 530992890793.9325 439269440537.2094 12584
24.0416 362925867061.0779 293796578654.3293 12120
24.7487 238217095016.2251 196520455249.1297 11180
25.4559 170877728166.7137 138571584795.2809 11096
26.163 117983617785.3125 93092594526.20064 10056
26.8701 84460034630.37138 67679346059.99958 9716
27.5772 56040814628.68372 44881236575.70185 8604
28.2843 41638117359.94016 33141110345.6786 8060
28.9914 29833918420.53936 23767682798.72279 7320
29.6985 20660042499.15319 16596961929.03259 6356
30.4056 14191873947.50219 11273007470.22042 5348
31.1127 9075138968.536077 7236403550.899752 4308
31.8198 6018397810.070456 4789009681.630413 3563
32.5269 2954433928.242483 2303790161.867779 2448
33.234 1740883630.020566 1402004069.276771 1868
33.9411 1079051296.263556 784794448.257921 1358
34.6482 655757962.6829038 554004980.0288264 1062
35.3554 405430118.2415226 330359943.7245846 776
36.0625 184095638.5910641 152899962.9720958 432
36.7696 88050968.45806932 73482613.11114834 200
37.4767 73993804.32608184 59004269.02190836 168
38.1838 20012333.15612795 19640455.43768065 56
38.8909 2910595.124379992 2200586.161367449 7

0.707107 7828507286.780119 3574960915.56871 18
1.41421 47267429236.50919 45101398733.0192 62
2.12132 116883530507.5066 114035710627.5714 98
2.82843 402307501009.2999 321220193699.3026 210
3.53554 785026226823.2247 642081357124.418 350
4.24264 1197005261842.596 1059094695312.365 450
4.94975 1793096759332.335 1595903830354.462 602
5.65686 2480890090748.857 2132049946159.251 762
6.36396 4126369042940.637 3607697159377.007 1142
7.07107 4343740707300.809 4543324884140.919 1250
7.77818 4842452456056.327 4777268293334.359 1458
8.48528 5941811957661.655 5408308554876.682 1814
9.19239 6489782418630.884 5998052789955.07 2178
9.8995 6233459272854.89 5878252558766.441 2498
10.6066 5879362224832.317 5514950819091.191 2622
11.3137 6446385978128.908 6304111569639.634 3338
12.0208 6342691285291.256 6134142528910.378 3722
12.7279 6196106060246.836 5874549231734.031 4170
13.435 5322281786466.081 5093863963325.74 4358
14.1421 4801611961643.748 4780572031266.807 5034
14.8492 4354231990090.812 4156718738637.751 5714
15.5564 3524602400439.144 3391648249946.856 5982
16.2635 2955101366088.154 2839219189091.854 6602
16.9706 2483445735778.465 2280456442329.038 7130
17.6777 2094459510059.813 2030911645046.459 8034
18.3848 1749563209627.124 1672023588707.174 8606
19.0919 1408378092325.171 1386067686986.427 9066
19.799 1207278613567.473 1153036554336.822 9962
20.5061 1021950095743.327 957732045150.8499 10550
21.2132 856025844478.6702 843792418660.9807 11226
21.9203 761677924572.7947 748225827714.5601 12146
22.6274 646340935734.4718 609133347088.7137 12303
23.3345 481459378586.4298 463861621163.0239 12584
24.0416 330181557738.2651 318440791544.6984 12120
24.7487 226777356758.0554 208100578460.06 11180
25.4559 159525037916.769 146394274808.0736 11096
26.163 107836585051.307 100316835869.0497 10056
26.8701 77721550880.89513 73552208044.60297 9716
27.5772 52325467375.16219 48244276435.24413 8604
28.2843 38653119533.66865 36161471550.45999 8060
28.9914 28149260051.27525 25242523333.62215 7320
29.6985 19314010215.75078 17859150818.532 6356
30.4056 13490041766.30539 12154697843.69788 5348
31.1127 8746267295.178968 7844965044.329522 4308
31.8198 5886545544.394778 5097690643.291721 3563
32.5269 2849526398.780162 2559547799.483143 2448
33.234 1673599791.970868 1547124868.579233 1868
33.9411 1011360396.304547 935707517.849268 1358
34.6482 674883741.9210811 585932696.234426 1062
35.3554 398425497.7993613 356280762.024924 776
36.0625 193509823.6590449 171995903.4707991 432
36.7696 92189226.4323861 83034603.03521362 200
37.4767 73242703.37514906 76965131.50569117 168
38.1838 20282986.22117189 20136819.34083077 56
38.8909 1407031.248312577 1686391.758990006 7

0.707107 29520428956.99472 1366147585.376029 18
1.41421 153393202384.1538 20023854007.166 62
2.12132 317195892729.6038 64603407470.0016 98
2.82843 840764279678.4419 183728420632.6022 210
3.53554 1464922858533.468 419511954674.0109 350
4.24264 1844137106304.577 713152257008.4951 450
4.94975 2652879376421.53 1280895835072.02 602
5.65686 3456356752688.258 1922335884033.913 762
6.36396 5638204045380.146 3139960156876.399 1142
7.07107 5674265660440.596 3442695894018.23 1250
7.77818 6325719580785.894 4205173254376.658 1458
8.48528 6871711499536.427 5032113097779.15 1814
9.19239 7884962317765.199 5312129516173.236 2178
9.8995 7456125601579.711 5503042244581.972 2498
10.6066 7083843827525.71 5219968323161.792 2622
11.3137 7960261165607.523 5841463555023.494 3338
12.0208 7619279297757.381 5667438118404.223 3722
12.7279 7218703873553.115 5747772407534.843 4170
13.435 6181240306988.287 4887074881313.872 4358
14.1421 5840447379017.495 4511831760238.871 5034
14.8492 5170772470981.75 3983185358478.511 5714
15.5564 4126980154859.873 3294125259392.177 5982
16.2635 3580098438236.48 2875896797492.926 6602
16.9706 2935079465218.655 2284592694420.036 7130
17.6777 2565083611943.082 1990178960789.501 8034
18.3848 2110635778163.5 1674612688149.305 8606
19.0919 1744174058294.768 1347198505901.155 9066
19.799 1493401173607.675 1159546745170.124 9962
20.5061 1256843007398.79 992280846813.5015 10550
21.2132 1042501508241.983 839612243986.7512 11226
21.9203 920586050690.4008 731942944924.307 12146
22.6274 775013658114.5771 612542155182.4463 12303
23.3345 591390215459.1392 468081968864.4872 12584
24.0416 408736755079.4471 313741603291.2944 12120
24.7487 269851175251.3405 212692510689.5757 11180
25.4559 192941823174.3775 151495579169.1021 11096
26.163 129495991094.5762 101812180582.2741 10056
26.8701 94741498133.34357 74665277689.29785 9716
27.5772 64358960161.35133 49713955218.03463 8604
28.2843 47902291003.62022 36937153910.84264 8060
28.9914 34281307679.82845 26409063451.15842 7320
29.6985 23862224866.6465 18448092735.7409 6356
30.4056 16548236196.94819 12823873823.00713 5348
31.1127 10754828705.96396 8105556697.130089 4308
31.8198 7172016916.19969 5300312628.173578 3563
32.5269 3400994234.30465 2795666638.681887 2448
33.234 2094768894.821471 1595461647.740091 1868
33.9411 1288134627.48111 981126241.1970644 1358
34.6482 776930698.8992245 654168891.6285377 1062
35.3554 469685217.4472858 396622772.0918902 776
36.0625 226630002.5986742 195554838.7950962 432
36.7696 114771427.2584062 78188275.06495236 200
37.4767 86823533.6273232 74389322.25224093 168
38.1838 23831941.66422459 19939699.23236637 56
38.8909 1124605.628721487 2117691.804401022 7

0.707107 11012077687.41252 2289927903.408122 18
1.41421 59682890895.85164 37796466200.44733 62
2.12132 139892065852.1198 132811422412.9642 98
2.82843 340168389451.8801 332793835760.8204 210
3.53554 691458992986.7916 682685326064.3047 350
4.24264 976221006421.2821 1038610544422.25 450
4.94975 1684945063837.525 1548524339094.481 602
5.65686 2515299134811.021 2331309694808.947 762
6.36396 3567161229499.499 3635668159789.04 1142
7.07107 4317760746824.455 4364849291357.188 1250
7.77818 4627641315491.285 4959782282121.714 1458
8.48528 5537962587620.508 5401200719659.22 1814
9.19239 5907938312791.51 6104073094054.934 2178
9.8995 6103628094864.41 6270678640020.529 2498
10.6066 6002422957870.398 5702656033321.254 2622
11.3137 6660990162547.464 6582358044070.048 3338
12.0208 6408637014246.127 6254569455086.122 3722
12.7279 6142997850852.134 6021735287485.895 4170
13.435 5379165721541.278 5244905116737.432 4358
14.1421 5071791571722.698 4858716304242.902 5034
14.8492 4322901948170.387 4322468054771.938 5714
15.5564 3559433889124.655 3509789397606.69 5982
16.2635 3040231749872.869 3006088127120.858 6602
16.9706 2518788286213.201 2469087404115.443 7130
17.6777 2187405892353.426 2174173557769.587 8034
18.3848 1806399361767.734 1799745518671.835 8606
19.0919 1507923200433.092 1480333534467.32 9066
19.799 1294864778614.664 1248097552605.996 9962
20.5061 1093846002948.413 1068480210911.427 10550
21.2132 946056557822.3304 904899883290.2316 11226
21.9203 815865341390.6931 805684420330.7974 12146
22.6274 676728585172.8137 655968243943.0695 12303
23.3345 506001578609.3959 507732037611.7024 12584
24.0416 347628447432.7921 338128720031.6018 12120
24.7487 235719730182.5804 231602950410.7189 11180
25.4559 169914762864.3981 164518007606.0928 11096
26.163 112774954609.1879 109649687615.6436 10056
26.8701 82606913699.19223 80377696728.75267 9716
27.5772 56815033021.27493 54821355712.11197 8604
28.2843 41985376675.31036 40789268997.14481 8060
28.9914 30552064278.44089 28868019558.05937 7320
29.6985 21152619939.21584 19857620622.38379 6356
30.4056 14595294246.26694 14083653559.21559 5348
31.1127 9646781491.577532 8915802148.822887 4308
31.8198 6214344621.476195 6064696919.472721 3563
32.5269 3187330016.894916 3060239253.698489 2448
33.234 1953834401.39174 1712678735.422567 1868
33.9411 1150547190.787714 1122164957.358923 1358
34.6482 745291109.0268939 674336319.5102291 1062
35.3554 471178162.7325729 410278540.0081195 776
36.0625 223028101.1141915 210236436.4359398 432
36.7696 103155509.5306633 86281335.64307278 200
37.4767 83154964.50249848 86382981.57916903 168
38.1838 25223719.45589162 22751696.32382959 56
38.8909 2919725.335300697 2255878.737496608 7

0.707107 40097795256.34411 1746741211.035846 18
1.41421 204744491845.6134 18543304020.37048 62
2.12132 348420628580.6235 74341918406.64516 98
2.82843 826752485452.0215 183739318768.7678 210
3.53554 1287866610956.666 432003328588.8603 350
4.24264 1867317020190.005 710193868372.3669 450
4.94975 2721338901960.403 1200950500520.298 602
5.65686 3475438303685.363 1831829753006.174 762
6.36396 5320128638068.879 2990029206011.164 1142
7.07107 5678893847612.093 3788675824191.918 1250
7.77818 6180170203896.412 4062296351324.387 1458
8.48528 6937646429844.766 4828228968419.225 1814
9.19239 7565513690132.723 5181901617390.143 2178
9.8995 7629950776524.673 5651564149972.85 2498
10.6066 6939371915027.082 5370290337033.258 2622
11.3137 8058836041976.553 5996304447725.394 3338
12.0208 7735973828741.189 5894068888523.514 3722
12.7279 7384039135623.234 5692736622715.55 4170
13.435 6534041866902.012 5036537204360.815 4358
14.1421 5981304996182.432 4582439540217.045 5034
14.8492 5224675677572.927 4240360839585.443 5714
15.5564 4274182122636.637 3376267568321.719 5982
16.2635 3604884887372.372 2929947301254.681 6602
16.9706 3038117374949.194 2430605248134.765 7130
17.6777 2717429254451.848 2122865061976.233 8034
18.3848 2221130350785.193 1748033004200.075 8606
19.0919 1842592571102.007 1456627116831.931 9066
19.799 1577064395210.178 1244482636330.297 9962
20.5061 1347662898274.752 1060505450155.19 10550
21.2132 1158781420322.137 903442205983.7268 11226
21.9203 1017874401575.155 808110281790.0774 12146
22.6274 830525547464.0764 662443361576.0198 12303
23.3345 623344915214.8146 502678095788.1373 12584
24.0416 427681307690.2078 348592195413.2399 12120
24.7487 293758396117.8615 233022275949.6721 11180
25.4559 211023914667.4956 165290583406.1286 11096
26.163 143600149839.6638 110072410998.5204 10056
26.8701 104728481700.5889 80243188885.36417 9716
27.5772 71637644639.57744 55399227452.54555 8604
28.2843 51906326173.52925 41304406602.86835 8060
28.9914 38455656181.17652 29479558132.75546 7320
29.6985 26342271411.79995 20577496816.77967 6356
30.4056 18211086846.35273 14552623943.63349 5348
31.1127 11849685262.38819 9006331764.201874 4308
31.8198 7760579895.931269 6157087770.884954 3563
32.5269 4074299077.251002 3085250211.466784 2448
33.234 2385885901.923983 1802460895.094292 1868
33.9411 1397267246.363599 1187855072.60078 1358
34.6482 883476152.7142156 687972411.4499155 1062
35.3554 552157864.3967161 431698498.4493147 776
36.0625 267393459.4754292 219928736.3442819 432
36.7696 119134482.2231814 91964666.53292072 200
37.4767 92054046.99932621 88026283.41140836 168
38.1838 32172288.72809514 22018538.36122898 56
38.8909 2494589.188311585 1919763.582146906 7

0.707107 19311981176.54347 2248148650.744605 18
1.41421 103557737769.3035 22176202682.79189 62
2.12132 190393632316.4152 91053725208.56702 98
2.82843 446714979680.6859 309134836687.9126 210
3.53554 786718873623.6752 638575925961.2539 350
4.24264 1161109462298.54 870530264020.1753 450
4.94975 1945156974445.392 1528892543943.702 602
5.65686 2591841108999.503 2104535636982.2 762
6.36396 3971359628468.358 3529885073958.242 1142
7.07107 4367757297659.53 4130494493287.48 1250
7.77818 4995137606960.169 4727286421760.911 1458
8.48528 5570498983148.021 5121907824368.523 1814
9.19239 6025948424340.232 6059278867825.816 2178
9.8995 6539225699028.305 5926223920627.436 2498
10.6066 5825492200389.995 5593096120798.218 2622
11.3137 6884688379262.451 6692801976203.426 3338
12.0208 6883394446671.613 6255156137732.557 3722
12.7279 6458595965735.737 6036275318164.722 4170
13.435 5725361068210.144 5468633168830.047 4358
14.1421 5263434244196.242 5099078865685.15 5034
14.8492 4675711916285.799 4416332924864.666 5714
15.5564 3774581369446.893 3655306743568.612 5982
16.2635 3224766467718.424 3093129914113.957 6602
16.9706 2715222623767.434 2610974114869.435 7130
17.6777 2367391574554.531 2241927663564.988 8034
18.3848 1948786596959.888 1854204788065.495 8606
19.0919 1614171364142.357 1541718754254.653 9066
19.799 1363612959918.425 1318491158193.308 9962
20.5061 1186878974483.359 1137830322958.709 10550
21.2132 1017078685547.322 974480954643.1477 11226
21.9203 898895432589.603 859307823464.4895 12146
22.6274 748874701498.3318 714585773479.0955 12303
23.3345 556953563447.8187 542299951453.5496 12584
24.0416 382349773409.4142 377153091513.2896 12120
24.7487 260298864275.9841 249056317923.9682 11180
25.4559 184165804465.7844 179055797704.168 11096
26.163 126220454611.911 118028821851.3633 10056
26.8701 93796670850.73274 88127060808.83826 9716
27.5772 64494346198.01025 59710372419.49429 8604
28.2843 47547199981.01788 44984693359.55061 8060
28.9914 35323443489.58398 31438205315.33401 7320
29.6985 23763050845.69992 22279979763.34087 6356
30.4056 16329945229.04756 15665901094.7095 5348
31.1127 10817307329.28778 9758331045.313782 4308
31.8198 7103243997.781462 6553848288.68992 3563
32.5269 3567296941.715131 3440355674.283372 2448
33.234 2175044446.970946 2020967712.295869 1868
33.9411 1347796106.789424 1232842988.706798 1358
34.6482 816366994.0346432 761197671.4062334 1062
35.3554 528268946.9018108 453002341.2797736 776
36.0625 254256930.7977088 235557863.3315696 432
36.7696 111259203.3713369 98415394.20552166 200
37.4767 87975477.26911601 87668070.41796002 168
38.1838 23859096.00137314 28611650.53273087 56
38.8909 2737306.163070791 925206.7975793642 7

0.707107 44037656624.95557 2533592934.686323 18
1.41421 226274144323.9831 19088234190.15592 62
2.12132 364792154784.3138 73149833538.88202 98
2.82843 832943829592.2485 212922658136.2411 210
3.53554 1418012268799.684 495255067182.4448 350
4.24264 1843128532764.613 859058912333.9585 450
4.94975 2341709018157.883 1325649715100.24 602
5.65686 2991186664717.407 1876753374580.716 762
6.36396 5028138630058.988 3264161904680.882 1142
7.07107 5576893762147.26 3737948889256.595 1250
7.77818 5952593694885.633 4145607846777.235 1458
8.48528 6765010525771.654 4656432666229.907 1814
9.19239 7046116045537.852 5275818823201.325 2178
9.8995 7283577791024.678 5718138939765.678 2498
10.6066 6816012499689.859 5298992343499.22 2622
11.3137 8100365793651.831 6365596874587.121 3338
12.0208 7551485241575.016 6157654615150.496 3722
12.7279 7355275402604.693 5980402088801.854 4170
13.435 6410783472858.24 5357031846227.539 4358
14.1421 6026065742704.001 4955007705799.181 5034
14.8492 5228003330132.439 4350987250174.96 5714
15.5564 4331365689820.189 3616686139303.6 5982
16.2635 3725545490867.847 3077482051441.234 6602
16.9706 3108831238493.947 2576961603853.774 7130
17.6777 2752337064371.944 2266376896290.31 8034
18.3848 2228125260110.887 1893643241065.672 8606
19.0919 1834857007921.002 1566758411561.136 9066
19.799 1600800755111.626 1316576865787.316 9962
20.5061 1367425023569.683 1124465630305.234 10550
21.2132 1178234585888.277 976952083552.2954 11226
21.9203 1042394021731.017 868849616975.009 12146
22.6274 873767369723.7048 704071493417.4213 12303
23.3345 656620360077.7139 542577349528.3513 12584
24.0416 453086396753.0453 367773435445.2325 12120
24.7487 301450887083.1691 249997428714.8194 11180
25.4559 222241999628.0101 178595512172.2585 11096
26.163 146835952910.152 124191311693.4365 10056
26.8701 111434601946.5865 90171204732.31139 9716
27.5772 76067935097.57307 61099387377.60844 8604
28.2843 56415917831.14116 45697209637.40258 8060
28.9914 40924154318.2147 32777648322.12881 7320
29.6985 27703538279.23363 22921925176.09239 6356
30.4056 19752252518.8536 16268898393.68312 5348
31.1127 12643558297.74362 9941272581.330132 4308
31.8198 8647929717.121927 6683605890.259583 3563
32.5269 4377332904.725695 3500742819.967313 2448
33.234 2647762310.361395 2128887340.818398 1868
33.9411 1548472157.311849 1253592716.216572 1358
34.6482 966878752.7971191 814926723.9954247 1062
35.3554 605864837.393332 523231458.7659912 776
36.0625 288620094.9242917 234772395.6595013 432
36.7696 128020572.158444 102283408.6319014 200
37.4767 103104003.763948 92619491.68294081 168
38.1838 31357366.05523584 23368182.95217294 56
38.8909 3377367.39016362 3569980.545614602 7

0.707107 30041597190.5784 1495431966.525096 18
1.41421 96510373231.5556 25327834405.54469 62
2.12132 208767316118.3664 111554693773.065 98
2.82843 506713100831.3434 271831790895.2545 210
3.53554 1051413539558.764 582235597003.5304 350
4.24264 1371209567687.686 980307739190.1799 450
4.94975 2044809525612.608 1428046884701.075 602
5.65686 2578558416127.059 2073276859219.481 762
6.36396 4289149443887.515 3500702958445.135 1142
7.07107 5267613798179.875 4369751958433.164 1250
7.77818 5032531831629.783 4460959888351.003 1458
8.48528 5627664257627.984 4720962667991.597 1814
9.19239 6095809829227.76 5661347947357.612 2178
9.8995 6609513116783.003 5844271128844.632 2498
10.6066 6374784674338.768 5449726809963.349 2622
11.3137 7432187910549.599 6708658158280.174 3338
12.0208 7138064737032.73 6534132680185.516 3722
12.7279 6909982727006.178 6226930550031.884 4170
13.435 5925943013628.639 5484684245975.542 4358
14.1421 5698209982743.576 5181499659211.992 5034
14.8492 4940003725948.116 4512594897424.269 5714
15.5564 3981657635265.004 3773751851982.374 5982
16.2635 3397527321025.209 3251402763802.97 6602
16.9706 2844296671988.571 2679544576459.905 7130
17.6777 2584859535321.291 2380882372310.875 8034
18.3848 2100203292795.911 2003369759668.728 8606
19.0919 1738399600210.331 1617528865253.366 9066
19.799 1484611785125.978 1380520945786.443 9962
20.5061 1278323899007.285 1182160085286.877 10550
21.2132 1108724739230.49 1030802783635.532 11226
21.9203 970656682973.3772 909803981116.5247 12146
22.6274 797376833814.0342 746546827084.4485 12303
23.3345 613292988397.7188 569726306615.4828 12584
24.0416 416188180849.8871 384799997382.89 12120
24.7487 282973946900.2151 259888334979.8264 11180
25.4559 203621612047.023 186648185353.6555 11096
26.163 140614892078.4288 128768292609.8963 10056
26.8701 105003493073.0492 93196513265.92561 9716
27.5772 71454919306.39897 65801861821.05647 8604
28.2843 53693147761.56343 48493061159.73139 8060
28.9914 38256204103.22041 34120093674.4452 7320
29.6985 26762706227.10965 24358198102.37926 6356
30.4056 18574164407.04933 16945285429.88346 5348
31.1127 12026831234.96664 10614383313.97292 4308
31.8198 8122149593.216415 7094044117.444577 3563
32.5269 4052503219.484971 3729797151.994553 2448
33.234 2544842984.112827 2250921816.352243 1868
33.9411 1512606041.692084 1412845039.154308 1358
34.6482 945210997.8158026 822379205.6896415 1062
35.3554 612430663.7245942 534438008.7726592 776
36.0625 277669717.2124081 257609938.682707 432
36.7696 121528880.8382003 117526434.9808524 200
37.4767 99477108.1075353 98872317.48579788 168
38.1838 32055208.80704436 30868724.59970466 56
38.8909 2788530.02984582 6138008.454361245 7

0.707107 30522851776.75155 4178228833.540792 18
1.41421 216174307126.304 22320557586.61284 62
2.12132 377556818408.4305 75388703819.84323 98
2.82843 672079560036.7889 272162639854.1951 210
3.53554 1094066612639.039 560913014382.7429 350
4.24264 1474215997729.372 845800103702.2799 450
4.94975 2287746309447.385 1315132656086.592 602
5.65686 3192540340637.003 1982717733052.922 762
6.36396 4969288925989.732 3421608662771.057 1142
7.07107 5152112868098.213 3913762623890.409 1250
7.77818 5490434305682.312 4148210489998.845 1458
8.48528 6046873760782.342 4763619420987.028 1814
9.19239 6684208186357.262 5395091395412.677 2178
9.8995 7056770704817.795 5763245914507.069 2498
10.6066 6565480043828.702 5498814690057.63 2622
11.3137 7797802250361.723 6601809867029.238 3338
12.0208 7582396042178.501 6286855661454.451 3722
12.7279 7288469638064.996 6180553142010.152 4170
13.435 6394719994244.648 5474359509640.668 4358
14.1421 5956726905844.371 5122024958120.058 5034
14.8492 5308088430763.922 4661788663251.627 5714
15.5564 4286832305188.494 3774536838645.738 5982
16.2635 3697606965099.043 3185379110229.732 6602
16.9706 3098355781120.568 2677154480778.317 7130
17.6777 2765356293904.211 2424752957422.763 8034
18.3848 2301568794144.835 1990164306933.333 8606
19.0919 1906031244522.765 1623307851922.924 9066
19.799 1654627509550.963 1436820484653.636 9962
20.5061 1403648439304.746 1221857703372.059 10550
21.2132 1194653297246.866 1044047517174.868 11226
21.9203 1054466799520.153 926663054200.3831 12146
22.6274 861308343762.2183 748581747478.4497 12303
23.3345 667927776142.5392 575165812631.5992 12584
24.0416 457996488658.8666 396743171631.3536 12120
24.7487 305923620564.2663 266308381334.3612 11180
25.4559 223836984420.6274 193238895175.0786 11096
26.163 154240754907.2443 133032792573.6585 10056
26.8701 113036964519.6145 98410709744.61482 9716
27.5772 79185730069.24919 67594701563.61089 8604
28.2843 59677767155.26125 50607160282.24283 8060
28.9914 42227926743.1058 35881277720.08776 7320
29.6985 30205939446.6537 24587832132.96205 6356
30.4056 20527180751.19924 17591747048.2429 5348
31.1127 13127836071.43298 11267206171.22733 4308
31.8198 8747466424.742451 7802828244.819321 3563
32.5269 4458446523.173656 3834220375.967955 2448
33.234 2786736310.047534 2428638653.935338 1868
33.9411 1630645916.046396 1488644276.4238 1358
34.6482 1079212753.030991 901255051.4751554 1062
35.3554 669696900.5718858 542574807.5257411 776
36.0625 320250586.6245113 257400539.0656634 432
36.7696 129975723.210402 139132430.5412352 200
37.4767 107415152.5750348 97416810.60629845 168
38.1838 37666921.34337736 26961635.37267024 56
38.8909 5323258.6816076 3758151.703196989 7

