1:binCentralValue 2:valuesAverage 3:multiplicity
0.707107 0 18
1.41421 0 62
2.12132 0 98
2.82843 0 210
3.53554 0 350
4.24264 0 450
4.94975 0 602
5.65686 0 762
6.36396 0 1142
7.07107 0 1250
7.77818 0 1458
8.48528 0 1814
9.19239 0 2178
9.8995 0 2498
10.6066 0 2622
11.3137 0 3338
12.0208 0 3722
12.7279 0 4170
13.435 0 4358
14.1421 0 5034
14.8492 0 5714
15.5564 0 5982
16.2635 0 6602
16.9706 0 7130
17.6777 0 8034
18.3848 0 8606
19.0919 0 9066
19.799 0 9962
20.5061 0 10550
21.2132 0 11226
21.9203 0 12146
22.6274 0 12303
23.3345 0 12584
24.0416 0 12120
24.7487 0 11180
25.4559 0 11096
26.163 0 10056
26.8701 0 9716
27.5772 0 8604
28.2843 0 8060
28.9914 0 7320
29.6985 0 6356
30.4056 0 5348
31.1127 0 4308
31.8198 0 3563
32.5269 0 2448
33.234 0 1868
33.9411 0 1358
34.6482 0 1062
35.3554 0 776
36.0625 0 432
36.7696 0 200
37.4767 0 168
38.1838 0 56
38.8909 0 7

0.707107 8.322745562347763e-28 18
1.41421 5.452328953288323e-27 62
2.12132 5.298500302762416e-27 98
2.82843 2.015783296379073e-26 210
3.53554 4.443064361638049e-26 350
4.24264 4.872836679166974e-26 450
4.94975 3.767404325420413e-26 602
5.65686 4.627795002404056e-26 762
6.36396 6.944077730795393e-26 1142
7.07107 6.362271243148992e-26 1250
7.77818 3.491620621678664e-26 1458
8.48528 4.136020594021907e-26 1814
9.19239 3.39765204883254e-26 2178
9.8995 1.068434263082572e-26 2498
10.6066 3.104097081721766e-27 2622
11.3137 6.832685642619314e-29 3338
12.0208 5.750373617955341e-39 3722
12.7279 3.162605495075703e-39 4170
13.435 1.412799001411799e-39 4358
14.1421 6.537991404203507e-40 5034
14.8492 2.400500507874776e-40 5714
15.5564 5.040957209906608e-41 5982
16.2635 5.152179416709605e-42 6602
16.9706 5.991580477183193e-43 7130
17.6777 7.42308428667578e-43 8034
18.3848 9.516896690045335e-43 8606
19.0919 1.152122916210517e-42 9066
19.799 1.466390667729741e-42 9962
20.5061 1.734961622909887e-42 10550
21.2132 1.917927111064473e-42 11226
21.9203 2.312558369796354e-42 12146
22.6274 2.460013520368007e-42 12303
23.3345 2.543642997116164e-42 12584
24.0416 2.492346347802242e-42 12120
24.7487 2.222116545644817e-42 11180
25.4559 2.221036794505303e-42 11096
26.163 2.135898732417063e-42 10056
26.8701 2.113749637506085e-42 9716
27.5772 1.97329470088063e-42 8604
28.2843 1.93603513062586e-42 8060
28.9914 1.83964853094235e-42 7320
29.6985 1.71082187582896e-42 6356
30.4056 1.551603875130268e-42 5348
31.1127 1.353253111006722e-42 4308
31.8198 1.127921603305892e-42 3563
32.5269 8.275788774695955e-43 2448
33.234 6.398291230819442e-43 1868
33.9411 4.757733267042926e-43 1358
34.6482 3.514195179294091e-43 1062
35.3554 2.777087150748138e-43 776
36.0625 1.911967599585797e-43 432
36.7696 8.169654003196591e-44 200
37.4767 7.630963769104323e-44 168
38.1838 2.6765822580701e-44 56
38.8909 1.139007559871495e-45 7

0.707107 1.519779994800867e-27 18
1.41421 6.865509267281478e-27 62
2.12132 1.429641937456739e-26 98
2.82843 5.075427843095626e-26 210
3.53554 7.1042275519736e-26 350
4.24264 7.818436528076999e-26 450
4.94975 5.325521056703448e-26 602
5.65686 6.790997910554987e-26 762
6.36396 8.157615202612125e-26 1142
7.07107 8.034138742396729e-26 1250
7.77818 7.38228260910699e-26 1458
8.48528 5.58749411851871e-26 1814
9.19239 2.943960946981902e-26 2178
9.8995 1.580523678247958e-26 2498
10.6066 4.063994118142281e-27 2622
11.3137 9.033932461999846e-29 3338
12.0208 2.104639324063943e-38 3722
12.7279 1.083502554416446e-38 4170
13.435 4.48609165844094e-39 4358
14.1421 1.893903493334458e-39 5034
14.8492 5.643947837040644e-40 5714
15.5564 1.016244558916808e-40 5982
16.2635 8.542546887285316e-42 6602
16.9706 1.224666216101191e-42 7130
17.6777 1.469640810916121e-42 8034
18.3848 2.04600516386117e-42 8606
19.0919 2.572133667010577e-42 9066
19.799 3.225808167211176e-42 9962
20.5061 3.80621430792021e-42 10550
21.2132 4.380437487665352e-42 11226
21.9203 5.255543629166199e-42 12146
22.6274 5.616612799478307e-42 12303
23.3345 5.822529472991762e-42 12584
24.0416 5.523181129719903e-42 12120
24.7487 4.845753146450156e-42 11180
25.4559 4.911868163666196e-42 11096
26.163 4.615171076007553e-42 10056
26.8701 4.576109170363729e-42 9716
27.5772 4.159636681955341e-42 8604
28.2843 4.094907484014473e-42 8060
28.9914 3.848104605488899e-42 7320
29.6985 3.530703129812044e-42 6356
30.4056 3.184738362440376e-42 5348
31.1127 2.674191794008837e-42 4308
31.8198 2.357728141805165e-42 3563
32.5269 1.674197791675438e-42 2448
33.234 1.247306511273296e-42 1868
33.9411 9.409209832036973e-43 1358
34.6482 7.781277317903623e-43 1062
35.3554 6.282527884974735e-43 776
36.0625 3.863845880966556e-43 432
36.7696 1.667691464513094e-43 200
37.4767 1.476885781798648e-43 168
38.1838 4.821451270529818e-44 56
38.8909 5.41921122982489e-45 7

0.707107 1.156958367491895e-27 18
1.41421 8.143738252729891e-27 62
2.12132 1.565394312099586e-26 98
2.82843 4.609561754472261e-26 210
3.53554 7.840130488859443e-26 350
4.24264 6.506274841528835e-26 450
4.94975 6.989077834202407e-26 602
5.65686 8.632195053950814e-26 762
6.36396 9.311785774907761e-26 1142
7.07107 7.658450193314014e-26 1250
7.77818 7.197720274082896e-26 1458
8.48528 4.536631264346803e-26 1814
9.19239 2.603247508073042e-26 2178
9.8995 1.257218183378376e-26 2498
10.6066 3.744743975505333e-27 2622
11.3137 9.625868330931232e-29 3338
12.0208 1.862661537526243e-38 3722
12.7279 8.561144543793249e-39 4170
13.435 3.556614907581439e-39 4358
14.1421 1.464210148014143e-39 5034
14.8492 4.409331049839459e-40 5714
15.5564 8.215246111720428e-41 5982
16.2635 7.858944621617821e-42 6602
16.9706 1.811717838973847e-42 7130
17.6777 2.534602122330584e-42 8034
18.3848 3.65804892450041e-42 8606
19.0919 4.471011259272953e-42 9066
19.799 5.204477748391467e-42 9962
20.5061 6.006911150532326e-42 10550
21.2132 6.86946896359803e-42 11226
21.9203 8.165801501405729e-42 12146
22.6274 8.454299298381523e-42 12303
23.3345 8.210298149506409e-42 12584
24.0416 7.263588889202584e-42 12120
24.7487 5.877197355679885e-42 11180
25.4559 5.517181074940531e-42 11096
26.163 4.896774167114221e-42 10056
26.8701 4.430309238655123e-42 9716
27.5772 3.902861001631297e-42 8604
28.2843 3.562951654619021e-42 8060
28.9914 3.261404901770425e-42 7320
29.6985 3.083842150638327e-42 6356
30.4056 2.650585363097389e-42 5348
31.1127 2.223453664157724e-42 4308
31.8198 1.923156214121078e-42 3563
32.5269 1.311517168388462e-42 2448
33.234 1.026758508898264e-42 1868
33.9411 7.660521814443193e-43 1358
34.6482 6.170141806095855e-43 1062
35.3554 4.799646007045205e-43 776
36.0625 2.755451648219711e-43 432
36.7696 1.188439531714061e-43 200
37.4767 1.165991717334309e-43 168
38.1838 3.571846296052403e-44 56
38.8909 3.533038519591616e-45 7

0.707107 1.346379023185487e-25 18
1.41421 8.12587511890524e-25 62
2.12132 9.622054715039156e-25 98
2.82843 1.44154505281072e-24 210
3.53554 1.248245978658586e-24 350
4.24264 4.809423426560151e-25 450
4.94975 3.783027712478494e-25 602
5.65686 2.443332322899002e-25 762
6.36396 1.454976443772905e-25 1142
7.07107 1.231764235535227e-25 1250
7.77818 6.812281271754957e-26 1458
8.48528 5.122764295475374e-26 1814
9.19239 2.482313286103208e-26 2178
9.8995 1.401025245626263e-26 2498
10.6066 4.742101209436671e-27 2622
11.3137 1.293494526897588e-28 3338
12.0208 3.267415491566796e-38 3722
12.7279 1.152850848957616e-38 4170
13.435 4.360373783931522e-39 4358
14.1421 1.72436118441703e-39 5034
14.8492 5.109829909003323e-40 5714
15.5564 9.812776543929663e-41 5982
16.2635 1.14429552361172e-41 6602
16.9706 4.824231075908701e-42 7130
17.6777 7.096327538187482e-42 8034
18.3848 9.773253937689073e-42 8606
19.0919 1.185163234283597e-41 9066
19.799 1.458941256201038e-41 9962
20.5061 1.717040160274407e-41 10550
21.2132 2.015029313035586e-41 11226
21.9203 2.338845289299105e-41 12146
22.6274 2.426940845527225e-41 12303
23.3345 2.262733331898366e-41 12584
24.0416 1.966081340122288e-41 12120
24.7487 1.558677981386166e-41 11180
25.4559 1.379199852135965e-41 11096
26.163 1.167851497457256e-41 10056
26.8701 1.019420887527194e-41 9716
27.5772 8.675531339897224e-42 8604
28.2843 7.557956749383438e-42 8060
28.9914 6.945211624215468e-42 7320
29.6985 5.977052153813261e-42 6356
30.4056 5.248303359505413e-42 5348
31.1127 4.353624346190844e-42 4308
31.8198 3.688289484965084e-42 3563
32.5269 2.586290257558357e-42 2448
33.234 2.119953757516262e-42 1868
33.9411 1.540229231776395e-42 1358
34.6482 1.259599063472711e-42 1062
35.3554 1.020200681038012e-42 776
36.0625 4.667269627022837e-43 432
36.7696 2.392680525230816e-43 200
37.4767 1.847079773395535e-43 168
38.1838 7.652479121987671e-44 56
38.8909 7.291568082187033e-45 7

0.707107 1.284600161143709e-24 18
1.41421 4.86167541041683e-24 62
2.12132 1.056368947988898e-23 98
2.82843 5.23540848753648e-23 210
3.53554 4.144527289378077e-23 350
4.24264 1.212802919156659e-23 450
4.94975 2.963810824129794e-24 602
5.65686 7.551819871525636e-25 762
6.36396 2.480058916650773e-25 1142
7.07107 2.060604274111577e-25 1250
7.77818 8.385350947555601e-26 1458
8.48528 4.697365387072642e-26 1814
9.19239 2.567402141293324e-26 2178
9.8995 1.337063945434125e-26 2498
10.6066 4.881800898135802e-27 2622
11.3137 1.213147354215575e-28 3338
12.0208 5.657193353536923e-38 3722
12.7279 1.313568229677575e-38 4170
13.435 4.531897795860725e-39 4358
14.1421 1.719196653201675e-39 5034
14.8492 5.057183031694024e-40 5714
15.5564 1.067486464621153e-40 5982
16.2635 2.476791972573516e-41 6602
16.9706 2.002043757030499e-41 7130
17.6777 2.491049545157173e-41 8034
18.3848 3.601289823058096e-41 8606
19.0919 4.828129604695736e-41 9066
19.799 5.64926719198033e-41 9962
20.5061 6.651129892507016e-41 10550
21.2132 8.136689334960726e-41 11226
21.9203 9.420204329439582e-41 12146
22.6274 9.729110857579745e-41 12303
23.3345 8.968429390341302e-41 12584
24.0416 7.438300275574283e-41 12120
24.7487 5.639541112894201e-41 11180
25.4559 4.879649262369679e-41 11096
26.163 3.835377172223352e-41 10056
26.8701 3.139323220312664e-41 9716
27.5772 2.273329315326703e-41 8604
28.2843 1.970111385081658e-41 8060
28.9914 1.659486389256869e-41 7320
29.6985 1.434071647580833e-41 6356
30.4056 1.14076850161639e-41 5348
31.1127 8.947959961955787e-42 4308
31.8198 7.288442909128764e-42 3563
32.5269 4.952168737943308e-42 2448
33.234 3.844956711422319e-42 1868
33.9411 2.64554834597433e-42 1358
34.6482 2.081583355683259e-42 1062
35.3554 1.551417454385089e-42 776
36.0625 9.016270904863141e-43 432
36.7696 4.143588760212371e-43 200
37.4767 3.905074589221756e-43 168
38.1838 1.275356654931287e-43 56
38.8909 1.877442132122445e-44 7

0.707107 1.028365655384578e-22 18
1.41421 4.404760248529738e-22 62
2.12132 5.498374494527541e-22 98
2.82843 1.29064320838101e-21 210
3.53554 1.801092737879208e-21 350
4.24264 5.153908708956658e-22 450
4.94975 6.63230034809312e-23 602
5.65686 5.646331440258301e-24 762
6.36396 1.158261473758656e-24 1142
7.07107 5.707260382520612e-25 1250
7.77818 1.025304952045797e-25 1458
8.48528 4.710473123421834e-26 1814
9.19239 2.704507044340234e-26 2178
9.8995 1.326013558972659e-26 2498
10.6066 4.847518583016602e-27 2622
11.3137 1.000157967154382e-28 3338
12.0208 2.840260629999887e-37 3722
12.7279 4.771495961742562e-38 4170
13.435 8.204118674096339e-39 4358
14.1421 2.29109567523511e-39 5034
14.8492 6.340575653876331e-40 5714
15.5564 1.764161171626907e-40 5982
16.2635 8.154950730439668e-41 6602
16.9706 8.984958821593058e-41 7130
17.6777 1.352551358669337e-40 8034
18.3848 1.989308202253053e-40 8606
19.0919 2.463392884087245e-40 9066
19.799 3.04159870196808e-40 9962
20.5061 3.720621710170699e-40 10550
21.2132 4.834907570868732e-40 11226
21.9203 5.90390862884461e-40 12146
22.6274 6.589058150765127e-40 12303
23.3345 6.784972205597432e-40 12584
24.0416 6.466745978845179e-40 12120
24.7487 5.781347301615385e-40 11180
25.4559 5.781733071479044e-40 11096
26.163 5.423652006144149e-40 10056
26.8701 5.119673284037489e-40 9716
27.5772 4.680829854901436e-40 8604
28.2843 4.549594053327577e-40 8060
28.9914 4.322031542641829e-40 7320
29.6985 3.951284761837077e-40 6356
30.4056 3.557609328486697e-40 5348
31.1127 3.112061537173405e-40 4308
31.8198 2.5345364723969e-40 3563
32.5269 1.831200982120235e-40 2448
33.234 1.346848871111965e-40 1868
33.9411 1.011204702522397e-40 1358
34.6482 8.428913676142391e-41 1062
35.3554 6.376402045065184e-41 776
36.0625 3.554739201836639e-41 432
36.7696 1.758296609396973e-41 200
37.4767 1.408773751507054e-41 168
38.1838 4.279064507784665e-42 56
38.8909 5.120097393587702e-43 7

0.707107 3.522771288505761e-21 18
1.41421 1.4861938678188e-20 62
2.12132 2.830740320940917e-20 98
2.82843 1.191427664770021e-19 210
3.53554 9.181832952224307e-20 350
4.24264 1.643589175437708e-20 450
4.94975 7.654050128636911e-22 602
5.65686 2.514197924954443e-23 762
6.36396 6.618781303391527e-24 1142
7.07107 5.034000934803138e-24 1250
7.77818 3.612959441086635e-25 1458
8.48528 5.016807151771315e-26 1814
9.19239 2.846258129059012e-26 2178
9.8995 1.471732900511047e-26 2498
10.6066 4.809932921056416e-27 2622
11.3137 1.228543100975424e-28 3338
12.0208 7.510251212909446e-37 3722
12.7279 5.616584466549963e-38 4170
13.435 6.473584767081643e-39 4358
14.1421 2.019583811162198e-39 5034
14.8492 7.720188874964484e-40 5714
15.5564 4.57823296976718e-40 5982
16.2635 4.07507095850409e-40 6602
16.9706 4.889685642688032e-40 7130
17.6777 6.594311226407443e-40 8034
18.3848 8.705032362983606e-40 8606
19.0919 1.092853620144714e-39 9066
19.799 1.356421910297703e-39 9962
20.5061 1.64880477864265e-39 10550
21.2132 1.994181531779765e-39 11226
21.9203 2.40918974563021e-39 12146
22.6274 2.48074802072474e-39 12303
23.3345 2.201448804494186e-39 12584
24.0416 1.774239268194225e-39 12120
24.7487 1.396403228019334e-39 11180
25.4559 1.149225654674765e-39 11096
26.163 8.549627792103395e-40 10056
26.8701 6.66948177224199e-40 9716
27.5772 4.736222610656365e-40 8604
28.2843 3.734582536200862e-40 8060
28.9914 3.040723862314183e-40 7320
29.6985 2.479668940686381e-40 6356
30.4056 1.940565778721238e-40 5348
31.1127 1.523263021986074e-40 4308
31.8198 1.209926360880675e-40 3563
32.5269 7.65776162968014e-41 2448
33.234 5.635087610750349e-41 1868
33.9411 4.003487714601747e-41 1358
34.6482 3.180186286770653e-41 1062
35.3554 2.155536724362905e-41 776
36.0625 1.413006405980364e-41 432
36.7696 6.94283643136202e-42 200
37.4767 4.821505240247152e-42 168
38.1838 1.849722058533878e-42 56
38.8909 3.341968928822673e-43 7

0.707107 2.140339583244266e-20 18
1.41421 3.588358173620283e-20 62
2.12132 3.18876426381708e-20 98
2.82843 7.689842974990123e-20 210
3.53554 3.093322195237563e-19 350
4.24264 1.756911175500512e-19 450
4.94975 7.520024053070257e-21 602
5.65686 1.935338687467371e-22 762
6.36396 5.203239202528755e-23 1142
7.07107 1.919957966752147e-23 1250
7.77818 1.383173915961351e-24 1458
8.48528 9.672610536863522e-26 1814
9.19239 2.700281833849111e-26 2178
9.8995 1.20615191569279e-26 2498
10.6066 4.797841637084018e-27 2622
11.3137 1.048266711162804e-28 3338
12.0208 5.712551373787776e-36 3722
12.7279 4.077903265801646e-37 4170
13.435 1.573722997672879e-38 4358
14.1421 3.252630972009429e-39 5034
14.8492 3.087461424683685e-39 5714
15.5564 3.074976610447834e-39 5982
16.2635 3.107389940374595e-39 6602
16.9706 3.624010281926838e-39 7130
17.6777 5.296546172559458e-39 8034
18.3848 7.429388518980829e-39 8606
19.0919 9.593313472566736e-39 9066
19.799 1.179674129876408e-38 9962
20.5061 1.343999178509842e-38 10550
21.2132 1.69515173940666e-38 11226
21.9203 2.091501139519335e-38 12146
22.6274 2.142211239064455e-38 12303
23.3345 1.975739361048524e-38 12584
24.0416 1.712464766883702e-38 12120
24.7487 1.388396455265854e-38 11180
25.4559 1.194579483879993e-38 11096
26.163 9.564700066700791e-39 10056
26.8701 7.935218158343216e-39 9716
27.5772 6.183303981158892e-39 8604
28.2843 5.410907444653583e-39 8060
28.9914 4.646244898959228e-39 7320
29.6985 3.884748721625229e-39 6356
30.4056 3.417992000348452e-39 5348
31.1127 2.716530624155725e-39 4308
31.8198 2.124633135202085e-39 3563
32.5269 1.348720396291383e-39 2448
33.234 9.845965125227797e-40 1868
33.9411 7.087103830389337e-40 1358
34.6482 5.608826905490182e-40 1062
35.3554 3.944463130280243e-40 776
36.0625 2.148321185287433e-40 432
36.7696 9.120905640660495e-41 200
37.4767 9.000797730164554e-41 168
38.1838 2.660300754019623e-41 56
38.8909 2.899942921075222e-42 7

0.707107 9.350999681936359e-19 18
1.41421 3.729239883125e-18 62
2.12132 8.442630584702089e-18 98
2.82843 2.844612761746772e-17 210
3.53554 4.576322100154469e-18 350
4.24264 6.261407194275475e-19 450
4.94975 5.354998965324048e-20 602
5.65686 1.631328238957546e-20 762
6.36396 2.818922273532025e-22 1142
7.07107 1.614714014172956e-22 1250
7.77818 3.709821890434203e-23 1458
8.48528 1.897790210575868e-25 1814
9.19239 3.887387967764009e-26 2178
9.8995 1.510281326734688e-26 2498
10.6066 5.340413363795323e-27 2622
11.3137 1.249483586523702e-28 3338
12.0208 2.651315801991139e-35 3722
12.7279 1.152977831050597e-36 4170
13.435 2.44763591383031e-38 4358
14.1421 9.096841936711576e-39 5034
14.8492 1.273725583585802e-38 5714
15.5564 1.256409116719822e-38 5982
16.2635 1.498944682866352e-38 6602
16.9706 1.979293407710933e-38 7130
17.6777 2.815578767909288e-38 8034
18.3848 3.885576348372833e-38 8606
19.0919 4.552837630371747e-38 9066
19.799 6.020842007414522e-38 9962
20.5061 7.10387868004485e-38 10550
21.2132 8.999039190806831e-38 11226
21.9203 1.054265573099706e-37 12146
22.6274 1.107525368767344e-37 12303
23.3345 1.041537899307467e-37 12584
24.0416 8.994606358231269e-38 12120
24.7487 7.401161969232794e-38 11180
25.4559 6.526267703756005e-38 11096
26.163 5.133603410303743e-38 10056
26.8701 4.356271973455117e-38 9716
27.5772 3.486965095727109e-38 8604
28.2843 3.015576525522078e-38 8060
28.9914 2.726288646182167e-38 7320
29.6985 2.332782093335049e-38 6356
30.4056 1.996996933496866e-38 5348
31.1127 1.720890044560913e-38 4308
31.8198 1.467869595131299e-38 3563
32.5269 9.814153322531922e-39 2448
33.234 7.686374713093351e-39 1868
33.9411 6.003991259480514e-39 1358
34.6482 4.998798261127162e-39 1062
35.3554 3.360519062530889e-39 776
36.0625 2.090645402560557e-39 432
36.7696 9.717377361528686e-40 200
37.4767 7.789314428210133e-40 168
38.1838 2.255897175486706e-40 56
38.8909 2.761322018765155e-41 7

0.707107 5.440480219389857e-17 18
1.41421 3.14685556163847e-16 62
2.12132 8.124239310309221e-16 98
2.82843 3.070083251538223e-15 210
3.53554 1.827722660364086e-15 350
4.24264 1.98955687874113e-16 450
4.94975 1.532923884325649e-18 602
5.65686 4.012405547666283e-19 762
6.36396 1.29407397405318e-21 1142
7.07107 4.91195407296576e-22 1250
7.77818 1.121666478626908e-22 1458
8.48528 5.112541323777165e-25 1814
9.19239 4.181958345118146e-26 2178
9.8995 1.36238966421293e-26 2498
10.6066 5.14902335776695e-27 2622
11.3137 1.203604178648393e-28 3338
12.0208 2.178665158432308e-34 3722
12.7279 1.334636904444844e-35 4170
13.435 2.410981583853357e-37 4358
14.1421 5.086042040636348e-38 5034
14.8492 5.471064508252987e-38 5714
15.5564 5.857424296547613e-38 5982
16.2635 6.128168680176535e-38 6602
16.9706 6.468946192374169e-38 7130
17.6777 9.220293322066679e-38 8034
18.3848 1.624398635547957e-37 8606
19.0919 2.309815856041915e-37 9066
19.799 2.74810610853311e-37 9962
20.5061 2.963555128779641e-37 10550
21.2132 3.674395512570089e-37 11226
21.9203 4.689994406072036e-37 12146
22.6274 4.867040690039033e-37 12303
23.3345 5.038350543706852e-37 12584
24.0416 4.709179896537762e-37 12120
24.7487 3.959025815346704e-37 11180
25.4559 3.866761402589414e-37 11096
26.163 3.480962724788197e-37 10056
26.8701 3.192308366100735e-37 9716
27.5772 2.849839806476515e-37 8604
28.2843 2.828553496196007e-37 8060
28.9914 2.828097662417654e-37 7320
29.6985 2.695980230285339e-37 6356
30.4056 2.462674422025287e-37 5348
31.1127 2.164214589093284e-37 4308
31.8198 1.835388913690676e-37 3563
32.5269 1.380545885769301e-37 2448
33.234 1.102415751722678e-37 1868
33.9411 8.255584768172677e-38 1358
34.6482 6.898788648908721e-38 1062
35.3554 5.180921222762544e-38 776
36.0625 3.07696257889418e-38 432
36.7696 1.299330502007536e-38 200
37.4767 1.0833983900531e-38 168
38.1838 3.732617073135414e-39 56
38.8909 6.432538166414945e-40 7

0.707107 1.278934701503149e-14 18
1.41421 4.79494606014381e-14 62
2.12132 7.066270598552526e-14 98
2.82843 3.161020811672053e-13 210
3.53554 5.519779261937382e-13 350
4.24264 1.102994598538286e-13 450
4.94975 7.056164811221401e-16 602
5.65686 2.604493183058092e-17 762
6.36396 4.78985857489856e-20 1142
7.07107 9.901375122597781e-21 1250
7.77818 6.147544340864153e-22 1458
8.48528 1.601117750973693e-24 1814
9.19239 8.676243188790849e-26 2178
9.8995 1.41797216256457e-26 2498
10.6066 5.359128511013236e-27 2622
11.3137 1.377367903128778e-28 3338
12.0208 2.450178786821144e-32 3722
12.7279 2.950512833324057e-34 4170
13.435 3.332937896160846e-36 4358
14.1421 4.36694995853435e-37 5034
14.8492 7.533600368635758e-37 5714
15.5564 8.591082768456493e-37 5982
16.2635 1.002379715817918e-36 6602
16.9706 1.218098736711298e-36 7130
17.6777 1.805379173530336e-36 8034
18.3848 2.4590749147681e-36 8606
19.0919 2.996979733938755e-36 9066
19.799 3.791712091640315e-36 9962
20.5061 4.850953983280023e-36 10550
21.2132 6.358822005923285e-36 11226
21.9203 8.236879527580078e-36 12146
22.6274 8.633205727936485e-36 12303
23.3345 8.498271192239037e-36 12584
24.0416 8.242806642099398e-36 12120
24.7487 7.254086607207688e-36 11180
25.4559 7.174403799188692e-36 11096
26.163 6.325917648274346e-36 10056
26.8701 6.027394638626811e-36 9716
27.5772 5.510446153672827e-36 8604
28.2843 5.199947725725485e-36 8060
28.9914 4.952359892186022e-36 7320
29.6985 4.469041525890013e-36 6356
30.4056 3.986960950563548e-36 5348
31.1127 3.492828765688437e-36 4308
31.8198 2.961791590082195e-36 3563
32.5269 2.035528579500709e-36 2448
33.234 1.602330641466297e-36 1868
33.9411 1.121400267416008e-36 1358
34.6482 9.557214760173288e-37 1062
35.3554 7.356890604105151e-37 776
36.0625 4.179061291364416e-37 432
36.7696 2.060275255959684e-37 200
37.4767 1.787736417429968e-37 168
38.1838 5.950242664816116e-38 56
38.8909 8.115159814794423e-39 7

0.707107 1.463464142013682e-14 18
1.41421 1.047529349123522e-13 62
2.12132 4.992836356679608e-13 98
2.82843 1.186883659925971e-12 210
3.53554 5.569006524949965e-13 350
4.24264 2.471747888576347e-13 450
4.94975 2.721446142459146e-15 602
5.65686 8.766064628879213e-17 762
6.36396 1.938160027654135e-18 1142
7.07107 2.862124979464399e-19 1250
7.77818 9.332667517953762e-21 1458
8.48528 1.11257797578829e-22 1814
9.19239 5.580147498791131e-24 2178
9.8995 9.482373114335747e-25 2498
10.6066 1.526157779443787e-25 2622
11.3137 1.209692712985013e-26 3338
12.0208 2.439442716112906e-28 3722
12.7279 1.927341837726685e-30 4170
13.435 1.440774983117541e-31 4358
14.1421 2.506287101760962e-32 5034
14.8492 1.919213661609433e-33 5714
15.5564 6.396463199977836e-35 5982
16.2635 3.931590575504945e-36 6602
16.9706 3.533823338192883e-36 7130
17.6777 4.626004906524373e-36 8034
18.3848 6.735301489801158e-36 8606
19.0919 9.543182941581611e-36 9066
19.799 1.245465721461395e-35 9962
20.5061 1.532677327764189e-35 10550
21.2132 1.923691580101499e-35 11226
21.9203 2.503182191899064e-35 12146
22.6274 2.544863472811113e-35 12303
23.3345 2.630638712665759e-35 12584
24.0416 2.462001282857735e-35 12120
24.7487 2.076715204058865e-35 11180
25.4559 1.91593605847475e-35 11096
26.163 1.554315764081231e-35 10056
26.8701 1.295203578947349e-35 9716
27.5772 9.85671272572018e-36 8604
28.2843 8.585475444033774e-36 8060
28.9914 7.553776700553144e-36 7320
29.6985 6.378369396081362e-36 6356
30.4056 5.517517393358488e-36 5348
31.1127 4.405368795104427e-36 4308
31.8198 3.468601934925074e-36 3563
32.5269 2.115086413866485e-36 2448
33.234 1.591908488632575e-36 1868
33.9411 1.168535335081849e-36 1358
34.6482 8.792682878634747e-37 1062
35.3554 7.191978938886668e-37 776
36.0625 3.480518479780886e-37 432
36.7696 1.638014779341871e-37 200
37.4767 1.288798310272358e-37 168
38.1838 4.08357652658178e-38 56
38.8909 4.344699756434947e-39 7

0.707107 2.421448012422425e-11 18
1.41421 8.99272737075776e-11 62
2.12132 1.837205050981115e-10 98
2.82843 5.268977631590832e-10 210
3.53554 5.298389347396906e-10 350
4.24264 1.130121990416941e-10 450
4.94975 3.345119063362231e-13 602
5.65686 2.329060423044377e-15 762
6.36396 6.177162532112949e-16 1142
7.07107 5.851346859131976e-17 1250
7.77818 1.232252072991335e-17 1458
8.48528 8.06395379221266e-19 1814
9.19239 7.404703301043981e-21 2178
9.8995 8.033341592949163e-22 2498
10.6066 2.609258750515134e-22 2622
11.3137 5.326924522334628e-23 3338
12.0208 1.632446666651371e-24 3722
12.7279 6.43674160894468e-26 4170
13.435 2.813307244598247e-27 4358
14.1421 2.614426949970877e-28 5034
14.8492 8.490739132453333e-29 5714
15.5564 8.911653540017791e-30 5982
16.2635 3.215702223015574e-31 6602
16.9706 1.786787681686177e-32 7130
17.6777 2.019083516220648e-33 8034
18.3848 1.770850269109726e-34 8606
19.0919 1.152160405607005e-34 9066
19.799 1.426856012705101e-34 9962
20.5061 1.817424437505655e-34 10550
21.2132 2.348330022674704e-34 11226
21.9203 2.935982827597039e-34 12146
22.6274 3.229811275537479e-34 12303
23.3345 3.248961425261895e-34 12584
24.0416 3.285306289024939e-34 12120
24.7487 2.991852069855756e-34 11180
25.4559 3.014892219502816e-34 11096
26.163 2.746139370567631e-34 10056
26.8701 2.617630388281955e-34 9716
27.5772 2.353899820750654e-34 8604
28.2843 2.264554756804987e-34 8060
28.9914 2.135156717975736e-34 7320
29.6985 1.952414449824267e-34 6356
30.4056 1.728031557885485e-34 5348
31.1127 1.525743705332946e-34 4308
31.8198 1.23947495112507e-34 3563
32.5269 8.652639289582276e-35 2448
33.234 6.861892075902742e-35 1868
33.9411 4.820486348859464e-35 1358
34.6482 3.947037486325289e-35 1062
35.3554 3.059012592703626e-35 776
36.0625 1.679776923095585e-35 432
36.7696 7.692725438292792e-36 200
37.4767 6.487967637679361e-36 168
38.1838 2.047111962701824e-36 56
38.8909 1.968023837795037e-37 7

0.707107 7.24357825288657e-11 18
1.41421 1.048248706803952e-10 62
2.12132 1.146592469550301e-10 98
2.82843 9.555040506264341e-10 210
3.53554 2.940953530321246e-09 350
4.24264 8.287737602719013e-10 450
4.94975 2.080053803444935e-11 602
5.65686 6.819480025615312e-12 762
6.36396 2.229973430812954e-12 1142
7.07107 2.420596931308962e-13 1250
7.77818 7.14487957246375e-14 1458
8.48528 2.878175217986128e-14 1814
9.19239 8.537605619005823e-15 2178
9.8995 1.974330983141837e-15 2498
10.6066 2.742980642003867e-16 2622
11.3137 4.149958833896651e-17 3338
12.0208 1.022258973491321e-17 3722
12.7279 2.971767919088706e-18 4170
13.435 6.443573128505142e-19 4358
14.1421 1.095707938978113e-19 5034
14.8492 1.369481931607618e-20 5714
15.5564 2.87917630738773e-21 5982
16.2635 8.080017652391914e-22 6602
16.9706 1.886040343896701e-22 7130
17.6777 3.063365040630852e-23 8034
18.3848 3.586461870872624e-24 8606
19.0919 7.747249357398775e-25 9066
19.799 1.966596075428792e-25 9962
20.5061 4.098519787952339e-26 10550
21.2132 5.913385791147615e-27 11226
21.9203 8.433663904882739e-28 12146
22.6274 1.711047121422755e-28 12303
23.3345 4.355474054895113e-29 12584
24.0416 7.619399787329105e-30 12120
24.7487 7.758301616508335e-31 11180
25.4559 8.743966928462255e-32 11096
26.163 1.234919806250089e-32 10056
26.8701 2.448217495100637e-33 9716
27.5772 9.377429097720151e-34 8604
28.2843 7.657017418978145e-34 8060
28.9914 7.161001212840041e-34 7320
29.6985 6.562323567494042e-34 6356
30.4056 5.933110687992562e-34 5348
31.1127 4.962714071714857e-34 4308
31.8198 4.283228687877462e-34 3563
32.5269 2.937082720270184e-34 2448
33.234 2.24650963997323e-34 1868
33.9411 1.720231112061593e-34 1358
34.6482 1.28061886161521e-34 1062
35.3554 1.056530694981629e-34 776
36.0625 5.922966695350042e-35 432
36.7696 2.504942467133191e-35 200
37.4767 1.828520118395937e-35 168
38.1838 6.702478009903788e-36 56
38.8909 5.790612477410572e-37 7

0.707107 5.510173797841933e-10 18
1.41421 3.717538714313791e-09 62
2.12132 4.092893533126836e-09 98
2.82843 3.315685018605579e-08 210
3.53554 7.414967299968524e-08 350
4.24264 3.063610765612856e-08 450
4.94975 1.219793725094181e-09 602
5.65686 2.635435625819077e-10 762
6.36396 1.977030769308689e-10 1142
7.07107 7.48029786643178e-11 1250
7.77818 3.33768950740993e-11 1458
8.48528 7.519490769885741e-12 1814
9.19239 1.703844819275983e-12 2178
9.8995 7.302974468220556e-13 2498
10.6066 3.287978254905184e-13 2622
11.3137 1.409545220543759e-13 3338
12.0208 3.867060421726735e-14 3722
12.7279 1.044923743090413e-14 4170
13.435 3.847899505114539e-15 4358
14.1421 2.235579087839022e-15 5034
14.8492 8.635702174851815e-16 5714
15.5564 2.536904160805125e-16 5982
16.2635 7.699884938915742e-17 6602
16.9706 2.452192584290092e-17 7130
17.6777 9.15867129704016e-18 8034
18.3848 3.236376524723223e-18 8606
19.0919 1.018315625302948e-18 9066
19.799 2.664302379076803e-19 9962
20.5061 6.861463380023019e-20 10550
21.2132 2.241738661887302e-20 11226
21.9203 8.89752720289805e-21 12146
22.6274 2.83599159385148e-21 12303
23.3345 8.293256347769629e-22 12584
24.0416 1.830895567084255e-22 12120
24.7487 3.962193809133312e-23 11180
25.4559 1.418364417323586e-23 11096
26.163 3.602931537525335e-24 10056
26.8701 6.847656189226965e-25 9716
27.5772 1.065737140562641e-25 8604
28.2843 2.456917362102056e-26 8060
28.9914 7.359783742776615e-27 7320
29.6985 1.75014303659273e-27 6356
30.4056 4.060371760873993e-28 5348
31.1127 6.836540890984615e-29 4308
31.8198 1.121634199077931e-29 3563
32.5269 1.729838506881801e-30 2448
33.234 4.307210860586114e-31 1868
33.9411 8.115188583342287e-32 1358
34.6482 1.154789788639026e-32 1062
35.3554 1.647235012176141e-33 776
36.0625 2.591745406179275e-34 432
36.7696 7.41246335546697e-35 200
37.4767 4.723485729938217e-35 168
38.1838 1.058086109084875e-35 56
38.8909 2.593050910749559e-36 7

0.707107 5.72771033505169e-10 18
1.41421 1.377328768859048e-09 62
2.12132 3.105634722259247e-09 98
2.82843 3.795793208223676e-08 210
3.53554 2.462518061186554e-08 350
4.24264 1.542725877838538e-08 450
4.94975 2.690279317969383e-09 602
5.65686 2.601306276268205e-09 762
6.36396 1.013170979542888e-09 1142
7.07107 2.50480878699088e-10 1250
7.77818 1.007764945588264e-10 1458
8.48528 3.218476292472936e-11 1814
9.19239 1.575604605615627e-11 2178
9.8995 4.74574052424428e-12 2498
10.6066 1.633568021638358e-12 2622
11.3137 9.084903543520691e-13 3338
12.0208 2.203490490643487e-13 3722
12.7279 8.949648975791653e-14 4170
13.435 2.539906509004467e-14 4358
14.1421 1.268483379492768e-14 5034
14.8492 3.929039924127797e-15 5714
15.5564 1.295294460438859e-15 5982
16.2635 4.629766178707298e-16 6602
16.9706 1.494632011852035e-16 7130
17.6777 5.83053478955685e-17 8034
18.3848 1.507262520169494e-17 8606
19.0919 5.136090374519309e-18 9066
19.799 1.858814031368144e-18 9962
20.5061 4.966798713971647e-19 10550
21.2132 1.692304261376897e-19 11226
21.9203 5.073967217330425e-20 12146
22.6274 1.547888248626327e-20 12303
23.3345 5.086900582776802e-21 12584
24.0416 1.412304885197349e-21 12120
24.7487 4.298029912015273e-22 11180
25.4559 1.223663880481324e-22 11096
26.163 3.005555236369285e-23 10056
26.8701 9.3588717170017e-24 9716
27.5772 3.102299623894912e-24 8604
28.2843 1.056243165464064e-24 8060
28.9914 2.526959523277396e-25 7320
29.6985 5.668162555334408e-26 6356
30.4056 1.684803364560029e-26 5348
31.1127 4.237050327580418e-27 4308
31.8198 9.564271542089433e-28 3563
32.5269 1.72015513985043e-28 2448
33.234 4.414446090032709e-29 1868
33.9411 8.301578606162018e-30 1358
34.6482 1.821828879491194e-30 1062
35.3554 4.378076775320489e-31 776
36.0625 6.045122277180931e-32 432
36.7696 1.046856382618887e-32 200
37.4767 4.30556779632469e-33 168
38.1838 8.554879963341695e-34 56
38.8909 7.723065297131452e-35 7

0.707107 1.199786439692385e-09 18
1.41421 3.730575011064177e-09 62
2.12132 9.695417796339239e-09 98
2.82843 3.315327425689283e-08 210
3.53554 2.168838471089501e-08 350
4.24264 1.771315045364487e-08 450
4.94975 1.140665674112625e-08 602
5.65686 6.354737598435689e-09 762
6.36396 2.501870062641477e-09 1142
7.07107 1.03553043162398e-09 1250
7.77818 5.205080691386714e-10 1458
8.48528 2.756120213787408e-10 1814
9.19239 8.486683766164761e-11 2178
9.8995 2.649237042243184e-11 2498
10.6066 9.814025072355235e-12 2622
11.3137 4.907228954918909e-12 3338
12.0208 1.672925159718201e-12 3722
12.7279 5.608225230871362e-13 4170
13.435 1.940617864699482e-13 4358
14.1421 7.468932093751279e-14 5034
14.8492 2.732475814249566e-14 5714
15.5564 9.507364972092018e-15 5982
16.2635 3.370108593261348e-15 6602
16.9706 1.161476422750989e-15 7130
17.6777 4.06323864592529e-16 8034
18.3848 1.372379155103367e-16 8606
19.0919 4.705861241926024e-17 9066
19.799 1.697326232181022e-17 9962
20.5061 5.391617724662014e-18 10550
21.2132 1.777970672808998e-18 11226
21.9203 6.100676751670216e-19 12146
22.6274 1.982802694488162e-19 12303
23.3345 6.975682106394132e-20 12584
24.0416 2.218595232036367e-20 12120
24.7487 6.716818230342246e-21 11180
25.4559 2.292475236045604e-21 11096
26.163 6.445355403257725e-22 10056
26.8701 2.021269059822724e-22 9716
27.5772 6.037511883942424e-23 8604
28.2843 1.981579381648488e-23 8060
28.9914 6.433092303359974e-24 7320
29.6985 1.721826180487916e-24 6356
30.4056 4.841591143533424e-25 5348
31.1127 1.271270726482366e-25 4308
31.8198 3.641658601255913e-26 3563
32.5269 8.220149838393331e-27 2448
33.234 2.125982795594695e-27 1868
33.9411 4.820791148676907e-28 1358
34.6482 9.916559207913046e-29 1062
35.3554 2.205191870632951e-29 776
36.0625 3.454912818727015e-30 432
36.7696 7.620208079128917e-31 200
37.4767 1.883017398299423e-31 168
38.1838 1.867283118218522e-32 56
38.8909 1.505684227738242e-33 7

0.707107 4.111449665375585e-10 18
1.41421 2.066698241271606e-09 62
2.12132 6.233945982361755e-09 98
2.82843 3.085147339612003e-08 210
3.53554 1.333118720788713e-08 350
4.24264 1.430861950380356e-08 450
4.94975 2.316614868409916e-08 602
5.65686 1.318214035935615e-08 762
6.36396 3.726982299706208e-09 1142
7.07107 1.842606600255678e-09 1250
7.77818 1.098059745924322e-09 1458
8.48528 6.143876529808133e-10 1814
9.19239 2.939843278642794e-10 2178
9.8995 1.440385573530438e-10 2498
10.6066 9.388247146983986e-11 2622
11.3137 4.71897557517611e-11 3338
12.0208 2.333627531594134e-11 3722
12.7279 1.103796018399872e-11 4170
13.435 5.28021114066291e-12 4358
14.1421 2.952902740317684e-12 5034
14.8492 1.349763374142814e-12 5714
15.5564 6.280252868643049e-13 5982
16.2635 2.529094177717659e-13 6602
16.9706 1.174411232060779e-13 7130
17.6777 6.06034177536469e-14 8034
18.3848 2.449567465542332e-14 8606
19.0919 9.327515488522917e-15 9066
19.799 3.998616631718288e-15 9962
20.5061 1.561187099101112e-15 10550
21.2132 6.287887678709605e-16 11226
21.9203 2.625094365746477e-16 12146
22.6274 1.030595055493278e-16 12303
23.3345 3.886292005259973e-17 12584
24.0416 1.395416602647913e-17 12120
24.7487 5.104296209256759e-18 11180
25.4559 1.975648164148031e-18 11096
26.163 6.785377698908002e-19 10056
26.8701 2.435586786274757e-19 9716
27.5772 8.155625657535088e-20 8604
28.2843 3.165326723077066e-20 8060
28.9914 1.142355933792433e-20 7320
29.6985 3.867178906548907e-21 6356
30.4056 1.3068323849337e-21 5348
31.1127 4.152045866482652e-22 4308
31.8198 1.49922654614925e-22 3563
32.5269 3.424806571358963e-23 2448
33.234 8.584622541490313e-24 1868
33.9411 2.338756834561605e-24 1358
34.6482 8.164186717012129e-25 1062
35.3554 2.328385384074921e-25 776
36.0625 4.590210977933136e-26 432
36.7696 1.066213984048348e-26 200
37.4767 3.445084623964473e-27 168
38.1838 4.062417862088972e-28 56
38.8909 4.155233650016108e-29 7

0.707107 1.308955126473284e-09 18
1.41421 3.743796073514813e-09 62
2.12132 1.055826880428776e-08 98
2.82843 5.463851874200409e-08 210
3.53554 2.621387030621618e-08 350
4.24264 2.652743018457407e-08 450
4.94975 3.471754539449703e-08 602
5.65686 3.006234435537734e-08 762
6.36396 1.854021539672015e-08 1142
7.07107 6.956219846046912e-09 1250
7.77818 4.181000910680938e-09 1458
8.48528 2.641744784072829e-09 1814
9.19239 1.306606103922017e-09 2178
9.8995 7.168813831236188e-10 2498
10.6066 4.374145912412552e-10 2622
11.3137 2.92234790923821e-10 3338
12.0208 1.312223650485903e-10 3722
12.7279 5.713882967694437e-11 4170
13.435 2.564918501824728e-11 4358
14.1421 1.445952061253954e-11 5034
14.8492 8.352290511842652e-12 5714
15.5564 3.878201819173108e-12 5982
16.2635 1.719307611155488e-12 6602
16.9706 7.620592749749357e-13 7130
17.6777 3.60044090606006e-13 8034
18.3848 1.590099147917197e-13 8606
19.0919 6.809448707208636e-14 9066
19.799 2.937390425760113e-14 9962
20.5061 1.222019462087526e-14 10550
21.2132 5.494866219519457e-15 11226
21.9203 2.638945173755795e-15 12146
22.6274 1.280741911034339e-15 12303
23.3345 5.625343841797902e-16 12584
24.0416 2.135737402493773e-16 12120
24.7487 8.882528784622031e-17 11180
25.4559 4.017801396649917e-17 11096
26.163 1.600650619163597e-17 10056
26.8701 6.481481831336787e-18 9716
27.5772 2.455689825426281e-18 8604
28.2843 9.7432692021424e-19 8060
28.9914 3.947756551900937e-19 7320
29.6985 1.597980245510333e-19 6356
30.4056 7.373145690814251e-20 5348
31.1127 3.221896324435811e-20 4308
31.8198 1.433528297898539e-20 3563
32.5269 4.065005686905235e-21 2448
33.234 1.337130566927612e-21 1868
33.9411 3.87144181024143e-22 1358
34.6482 1.065568174380531e-22 1062
35.3554 3.783010820866094e-23 776
36.0625 1.135582851133547e-23 432
36.7696 3.900700257018956e-24 200
37.4767 2.124700717401588e-24 168
38.1838 5.316756686965049e-25 56
38.8909 3.471556334153444e-26 7

0.707107 1.453405986347324e-09 18
1.41421 5.880832605766014e-09 62
2.12132 1.89774990196554e-08 98
2.82843 6.935827436397732e-08 210
3.53554 4.906431608068149e-08 350
4.24264 5.310055641258782e-08 450
4.94975 8.676765459158796e-08 602
5.65686 5.435811041970129e-08 762
6.36396 3.216703240107933e-08 1142
7.07107 1.86883496109955e-08 1250
7.77818 1.406519430622482e-08 1458
8.48528 8.970240615952359e-09 1814
9.19239 5.108209082423087e-09 2178
9.8995 2.986568145047774e-09 2498
10.6066 1.853655416578923e-09 2622
11.3137 1.057462581793685e-09 3338
12.0208 5.420014944931982e-10 3722
12.7279 2.611590242256027e-10 4170
13.435 1.294607564767458e-10 4358
14.1421 7.441412428815539e-11 5034
14.8492 3.792433933542902e-11 5714
15.5564 1.826083094151909e-11 5982
16.2635 9.209777611800155e-12 6602
16.9706 4.679733755769153e-12 7130
17.6777 2.372635126573515e-12 8034
18.3848 1.153211373218261e-12 8606
19.0919 5.601949326814232e-13 9066
19.799 2.838733394715382e-13 9962
20.5061 1.380285289299034e-13 10550
21.2132 7.126130322511334e-14 11226
21.9203 3.993215393673904e-14 12146
22.6274 2.256935342720017e-14 12303
23.3345 1.24513496842061e-14 12584
24.0416 6.056952893618825e-15 12120
24.7487 2.984420307761294e-15 11180
25.4559 1.605016247934938e-15 11096
26.163 8.304989920175889e-16 10056
26.8701 4.623514295812508e-16 9716
27.5772 2.323808054056546e-16 8604
28.2843 1.240693745445599e-16 8060
28.9914 6.700923469455793e-17 7320
29.6985 3.073296576024425e-17 6356
30.4056 1.451452240611438e-17 5348
31.1127 6.955162604718669e-18 4308
31.8198 3.414308526693093e-18 3563
32.5269 1.276595855398634e-18 2448
33.234 5.438809910052355e-19 1868
33.9411 2.26791325354976e-19 1358
34.6482 9.466277941181849e-20 1062
35.3554 3.802322070427798e-20 776
36.0625 1.120763846590955e-20 432
36.7696 3.65217571549243e-21 200
37.4767 1.95451789765767e-21 168
38.1838 4.365034331081188e-22 56
38.8909 5.101113553058998e-23 7

0.707107 5.149290666607312e-09 18
1.41421 1.434650157586772e-08 62
2.12132 4.314310594423837e-08 98
2.82843 1.691250042341884e-07 210
3.53554 1.349030581660704e-07 350
4.24264 1.247688205167571e-07 450
4.94975 1.586296521727535e-07 602
5.65686 1.157948094352393e-07 762
6.36396 1.13194285988197e-07 1142
7.07107 1.059883351706432e-07 1250
7.77818 1.042190537628964e-07 1458
8.48528 9.098840800418152e-08 1814
9.19239 6.809730366959589e-08 2178
9.8995 4.952742170450316e-08 2498
10.6066 3.356435251385038e-08 2622
11.3137 3.398809131331403e-08 3338
12.0208 3.241657530204787e-08 3722
12.7279 2.858142909265263e-08 4170
13.435 2.227009659955059e-08 4358
14.1421 2.044371831566687e-08 5034
14.8492 2.738609571990256e-08 5714
15.5564 3.348631326999244e-08 5982
16.2635 3.548527850005494e-08 6602
16.9706 3.583572730372525e-08 7130
17.6777 4.452022086757693e-08 8034
18.3848 5.085360266780193e-08 8606
19.0919 5.029863303970669e-08 9066
19.799 5.023621969940933e-08 9962
20.5061 5.010123770305159e-08 10550
21.2132 5.134159183144351e-08 11226
21.9203 5.210711003483404e-08 12146
22.6274 4.840575653621278e-08 12303
23.3345 4.251521086018125e-08 12584
24.0416 3.573584251791254e-08 12120
24.7487 2.963173117404886e-08 11180
25.4559 2.342351639401639e-08 11096
26.163 1.727784337613961e-08 10056
26.8701 1.476389173101525e-08 9716
27.5772 1.174200300930608e-08 8604
28.2843 9.58814386172911e-09 8060
28.9914 7.533169796519439e-09 7320
29.6985 5.742322313822424e-09 6356
30.4056 4.264230704625163e-09 5348
31.1127 2.797437708206433e-09 4308
31.8198 1.881869331721396e-09 3563
32.5269 1.06477045973097e-09 2448
33.234 6.963551875341625e-10 1868
33.9411 4.430864833932275e-10 1358
34.6482 2.616274522322089e-10 1062
35.3554 1.296026823754998e-10 776
36.0625 3.838013191626223e-11 432
36.7696 1.263290949672362e-11 200
37.4767 6.849264941777258e-12 168
38.1838 2.333725131167828e-12 56
38.8909 2.966498373113514e-13 7

0.707107 1.411234195281484e-08 18
1.41421 4.827453733206715e-08 62
2.12132 9.924267867359736e-08 98
2.82843 3.413058963569697e-07 210
3.53554 2.805828457260245e-07 350
4.24264 2.820177159360667e-07 450
4.94975 3.58074407103741e-07 602
5.65686 3.73788860005724e-07 762
6.36396 4.141279025767863e-07 1142
7.07107 4.222258044426069e-07 1250
7.77818 4.072276440198549e-07 1458
8.48528 4.492631149872215e-07 1814
9.19239 4.396007178824647e-07 2178
9.8995 4.119238553651794e-07 2498
10.6066 3.791038683244083e-07 2622
11.3137 4.277939495067657e-07 3338
12.0208 4.149802264465722e-07 3722
12.7279 4.324608644680302e-07 4170
13.435 4.085283649926043e-07 4358
14.1421 4.038088302393392e-07 5034
14.8492 4.140393815581905e-07 5714
15.5564 3.790419807430509e-07 5982
16.2635 3.483441612374867e-07 6602
16.9706 3.430840654580372e-07 7130
17.6777 3.377972558622354e-07 8034
18.3848 3.310461244729949e-07 8606
19.0919 3.132662983329713e-07 9066
19.799 2.889083511244015e-07 9962
20.5061 2.609512219359624e-07 10550
21.2132 2.449419797549127e-07 11226
21.9203 2.266068955583866e-07 12146
22.6274 2.039100418874801e-07 12303
23.3345 1.775667563079504e-07 12584
24.0416 1.369392321279337e-07 12120
24.7487 1.052271822507775e-07 11180
25.4559 8.814188165008675e-08 11096
26.163 6.372497313224722e-08 10056
26.8701 5.088005294586414e-08 9716
27.5772 3.684030039632725e-08 8604
28.2843 2.750969198579716e-08 8060
28.9914 2.057348217378193e-08 7320
29.6985 1.493388128351511e-08 6356
30.4056 1.120474082264113e-08 5348
31.1127 7.826631454433892e-09 4308
31.8198 5.579615929806247e-09 3563
32.5269 2.905997258321055e-09 2448
33.234 1.681342617685318e-09 1868
33.9411 1.052649580495488e-09 1358
34.6482 8.12625202142924e-10 1062
35.3554 6.369641925415668e-10 776
36.0625 2.944238184169714e-10 432
36.7696 1.326061523037343e-10 200
37.4767 5.698495763695886e-11 168
38.1838 1.230506681882611e-11 56
38.8909 1.329736770486831e-12 7

0.707107 1.157190242514812e-07 18
1.41421 2.330035177463813e-07 62
2.12132 2.69313606969364e-07 98
2.82843 7.132840509079944e-07 210
3.53554 6.609671907479383e-07 350
4.24264 5.68962047094456e-07 450
4.94975 6.400748430584854e-07 602
5.65686 7.118379949475153e-07 762
6.36396 8.116514111659047e-07 1142
7.07107 7.455839392188342e-07 1250
7.77818 7.314818322420133e-07 1458
8.48528 8.521838206105771e-07 1814
9.19239 9.42895222236198e-07 2178
9.8995 9.156520776177468e-07 2498
10.6066 8.974267398189713e-07 2622
11.3137 9.661405369887689e-07 3338
12.0208 9.91973413197904e-07 3722
12.7279 9.636095748467295e-07 4170
13.435 9.112110374294126e-07 4358
14.1421 8.74799915477614e-07 5034
14.8492 8.601612409870289e-07 5714
15.5564 7.786140538748853e-07 5982
16.2635 6.835074676713283e-07 6602
16.9706 6.207104944212528e-07 7130
17.6777 5.790966002805514e-07 8034
18.3848 5.239028588758457e-07 8606
19.0919 4.45986051998012e-07 9066
19.799 4.086268221231129e-07 9962
20.5061 3.650108408881511e-07 10550
21.2132 3.332406214753764e-07 11226
21.9203 3.198813479300649e-07 12146
22.6274 2.831097017881592e-07 12303
23.3345 2.437253898101125e-07 12584
24.0416 1.852289251643138e-07 12120
24.7487 1.419007812747115e-07 11180
25.4559 1.175192185641932e-07 11096
26.163 8.547935370771432e-08 10056
26.8701 6.762225923134219e-08 9716
27.5772 4.982172610429513e-08 8604
28.2843 3.893192940702158e-08 8060
28.9914 2.994496034510972e-08 7320
29.6985 2.140291532041827e-08 6356
30.4056 1.543130602406651e-08 5348
31.1127 1.069413519042378e-08 4308
31.8198 7.190858489186703e-09 3563
32.5269 3.736955860601044e-09 2448
33.234 2.166999454894724e-09 1868
33.9411 1.300030297363865e-09 1358
34.6482 8.514843784649222e-10 1062
35.3554 5.321763048906289e-10 776
36.0625 3.376013418169114e-10 432
36.7696 1.4867259055728e-10 200
37.4767 7.922025833862508e-11 168
38.1838 2.307314929827143e-11 56
38.8909 2.024058843691252e-12 7

0.707107 1.854080032333411e-07 18
1.41421 3.08653178049956e-07 62
2.12132 4.325668295082023e-07 98
2.82843 1.052595187222839e-06 210
3.53554 9.296196907633667e-07 350
4.24264 8.866922970619488e-07 450
4.94975 9.995727804843274e-07 602
5.65686 1.158989170688689e-06 762
6.36396 1.32487480670329e-06 1142
7.07107 1.275866453576408e-06 1250
7.77818 1.356694387571949e-06 1458
8.48528 1.576197469592466e-06 1814
9.19239 1.762962726575933e-06 2178
9.8995 1.759249770210268e-06 2498
10.6066 1.68906566353298e-06 2622
11.3137 2.044300904150515e-06 3338
12.0208 1.988978317402275e-06 3722
12.7279 2.045460522178494e-06 4170
13.435 1.873554568337803e-06 4358
14.1421 1.881136250740653e-06 5034
14.8492 1.852696960413763e-06 5714
15.5564 1.673483407545896e-06 5982
16.2635 1.549529142550679e-06 6602
16.9706 1.37481011565337e-06 7130
17.6777 1.251992623434207e-06 8034
18.3848 1.090558148245058e-06 8606
19.0919 8.960170430433523e-07 9066
19.799 8.138857523458129e-07 9962
20.5061 6.976435052078088e-07 10550
21.2132 6.109817766356972e-07 11226
21.9203 5.640486970099855e-07 12146
22.6274 4.812728981073584e-07 12303
23.3345 4.107399413590371e-07 12584
24.0416 3.133064550194757e-07 12120
24.7487 2.337143892666241e-07 11180
25.4559 1.887201682629155e-07 11096
26.163 1.407652030265281e-07 10056
26.8701 1.069233134042901e-07 9716
27.5772 7.776515496846078e-08 8604
28.2843 6.116495242607949e-08 8060
28.9914 4.507707074020595e-08 7320
29.6985 3.314920991322419e-08 6356
30.4056 2.340927816226806e-08 5348
31.1127 1.58773872613258e-08 4308
31.8198 1.077071376091564e-08 3563
32.5269 5.504195833360571e-09 2448
33.234 3.142769936623739e-09 1868
33.9411 1.958956644319748e-09 1358
34.6482 1.322682448123475e-09 1062
35.3554 8.318495326944889e-10 776
36.0625 4.374575084752748e-10 432
36.7696 2.033533257241793e-10 200
37.4767 1.058842480200561e-10 168
38.1838 3.057422328774262e-11 56
38.8909 2.854564924332253e-12 7

0.707107 2.275087745566461e-07 18
1.41421 4.438423322553795e-07 62
2.12132 5.845156821245724e-07 98
2.82843 1.412341553273332e-06 210
3.53554 1.177944208052151e-06 350
4.24264 1.193889458376607e-06 450
4.94975 1.357108876798571e-06 602
5.65686 1.523641696802298e-06 762
6.36396 1.73430944719205e-06 1142
7.07107 1.678930827874686e-06 1250
7.77818 1.781254088910952e-06 1458
8.48528 2.045944622108045e-06 1814
9.19239 2.254927160004998e-06 2178
9.8995 2.415156776210705e-06 2498
10.6066 2.278208705879204e-06 2622
11.3137 2.653746386793516e-06 3338
12.0208 2.538831845339573e-06 3722
12.7279 2.576642566945441e-06 4170
13.435 2.407030800261743e-06 4358
14.1421 2.333127557390887e-06 5034
14.8492 2.295873675868288e-06 5714
15.5564 2.093955884632687e-06 5982
16.2635 1.879809563003376e-06 6602
16.9706 1.665433829019261e-06 7130
17.6777 1.457469066091195e-06 8034
18.3848 1.269448228903849e-06 8606
19.0919 1.064045853055546e-06 9066
19.799 9.529715233953225e-07 9962
20.5061 8.140429539532668e-07 10550
21.2132 7.050955452688413e-07 11226
21.9203 6.471802524120138e-07 12146
22.6274 5.577013810754371e-07 12303
23.3345 4.716141636022756e-07 12584
24.0416 3.537598880680412e-07 12120
24.7487 2.658720740226575e-07 11180
25.4559 2.080755740054572e-07 11096
26.163 1.53226152502297e-07 10056
26.8701 1.162624850613331e-07 9716
27.5772 8.32592363793584e-08 8604
28.2843 6.566253322276621e-08 8060
28.9914 4.923618978558702e-08 7320
29.6985 3.577118419336158e-08 6356
30.4056 2.563969358132267e-08 5348
31.1127 1.75858191461691e-08 4308
31.8198 1.214764396476071e-08 3563
32.5269 6.041696553389583e-09 2448
33.234 3.399067495284362e-09 1868
33.9411 2.159192697802257e-09 1358
34.6482 1.4617635308014e-09 1062
35.3554 9.270719483701169e-10 776
36.0625 5.005064604029017e-10 432
36.7696 2.413863593668676e-10 200
37.4767 1.487084570084291e-10 168
38.1838 4.428513373137381e-11 56
38.8909 5.869267928852663e-12 7

0.707107 3.959429437323065e-07 18
1.41421 4.330227070458438e-07 62
2.12132 6.698136336143234e-07 98
2.82843 1.716579375648111e-06 210
3.53554 1.470599281774903e-06 350
4.24264 1.408983673260113e-06 450
4.94975 1.690046481057074e-06 602
5.65686 1.941272557040962e-06 762
6.36396 2.172985484451844e-06 1142
7.07107 2.103558683240163e-06 1250
7.77818 2.321795185530949e-06 1458
8.48528 2.645225282282526e-06 1814
9.19239 3.013157146238914e-06 2178
9.8995 3.111613076826599e-06 2498
10.6066 3.167662324578041e-06 2622
11.3137 3.544169730650114e-06 3338
12.0208 3.467416495970361e-06 3722
12.7279 3.56605296224316e-06 4170
13.435 3.17975907639381e-06 4358
14.1421 3.170193026862685e-06 5034
14.8492 3.042719878274296e-06 5714
15.5564 2.724237773713809e-06 5982
16.2635 2.456707429020509e-06 6602
16.9706 2.148834214164248e-06 7130
17.6777 1.92456733470083e-06 8034
18.3848 1.63666906833708e-06 8606
19.0919 1.337963702721913e-06 9066
19.799 1.188942223968224e-06 9962
20.5061 9.892203788597751e-07 10550
21.2132 8.594293607021485e-07 11226
21.9203 7.844457421021463e-07 12146
22.6274 6.73692525906383e-07 12303
23.3345 5.487245181438286e-07 12584
24.0416 4.090136772534263e-07 12120
24.7487 3.027029087536071e-07 11180
25.4559 2.375518183938689e-07 11096
26.163 1.756031725767164e-07 10056
26.8701 1.346624830289171e-07 9716
27.5772 9.618567383916e-08 8604
28.2843 7.364574355130214e-08 8060
28.9914 5.485322352922982e-08 7320
29.6985 3.942237157614206e-08 6356
30.4056 2.858965956196364e-08 5348
31.1127 1.927683147399861e-08 4308
31.8198 1.346047170092727e-08 3563
32.5269 6.631963789583748e-09 2448
33.234 3.97521979767465e-09 1868
33.9411 2.340382768037364e-09 1358
34.6482 1.540164875617742e-09 1062
35.3554 9.778604462510389e-10 776
36.0625 4.809348274125061e-10 432
36.7696 2.497043964381101e-10 200
37.4767 1.582312817006666e-10 168
38.1838 5.152833527123721e-11 56
38.8909 8.030440021853636e-12 7

0.707107 4.4351837125797e-07 18
1.41421 4.381227850746667e-07 62
2.12132 7.665971435073353e-07 98
2.82843 1.768508792293717e-06 210
3.53554 1.443245161252171e-06 350
4.24264 1.569925742813851e-06 450
4.94975 1.684186927054598e-06 602
5.65686 2.095947796336151e-06 762
6.36396 2.362896395416674e-06 1142
7.07107 2.380238850068289e-06 1250
7.77818 2.731374907887024e-06 1458
8.48528 3.01534949798219e-06 1814
9.19239 3.393433566127328e-06 2178
9.8995 3.711687986299074e-06 2498
10.6066 3.506644125551017e-06 2622
11.3137 4.093999838891124e-06 3338
12.0208 3.964513469798918e-06 3722
12.7279 4.040201166961846e-06 4170
13.435 3.631558664415615e-06 4358
14.1421 3.689131640718638e-06 5034
14.8492 3.545468585542505e-06 5714
15.5564 3.129143368156347e-06 5982
16.2635 2.811550778175198e-06 6602
16.9706 2.449138292448448e-06 7130
17.6777 2.151764396877862e-06 8034
18.3848 1.856299210778775e-06 8606
19.0919 1.543795254974038e-06 9066
19.799 1.356589783743739e-06 9962
20.5061 1.12950260473452e-06 10550
21.2132 9.672218215804413e-07 11226
21.9203 8.720400494959562e-07 12146
22.6274 7.424742534251548e-07 12303
23.3345 6.134813528588299e-07 12584
24.0416 4.584199451985077e-07 12120
24.7487 3.29618950523744e-07 11180
25.4559 2.574250743439784e-07 11096
26.163 1.876481945730778e-07 10056
26.8701 1.428710535164866e-07 9716
27.5772 1.053149979586922e-07 8604
28.2843 8.095625928609133e-08 8060
28.9914 5.881520214664211e-08 7320
29.6985 4.204055728045216e-08 6356
30.4056 3.069362781452701e-08 5348
31.1127 2.056038939033949e-08 4308
31.8198 1.329357700185336e-08 3563
32.5269 7.318565472123256e-09 2448
33.234 4.041994539025926e-09 1868
33.9411 2.546489702433632e-09 1358
34.6482 1.585087478028471e-09 1062
35.3554 1.039201147999543e-09 776
36.0625 5.113550424593521e-10 432
36.7696 2.75173551754449e-10 200
37.4767 1.671556013972914e-10 168
38.1838 5.423421363027831e-11 56
38.8909 6.583150244606421e-12 7

0.707107 3.021348396192076e-07 18
1.41421 5.151815136387483e-07 62
2.12132 7.809252220359272e-07 98
2.82843 2.144549227035544e-06 210
3.53554 1.615865374373692e-06 350
4.24264 1.652037060122572e-06 450
4.94975 2.038154290307972e-06 602
5.65686 2.346835126806475e-06 762
6.36396 2.504254053944339e-06 1142
7.07107 2.648435383077019e-06 1250
7.77818 3.19517174527716e-06 1458
8.48528 3.474315731810564e-06 1814
9.19239 4.01077953398323e-06 2178
9.8995 4.185617754168013e-06 2498
10.6066 4.127070986857234e-06 2622
11.3137 4.912524435655619e-06 3338
12.0208 4.816224086152658e-06 3722
12.7279 4.9064725730361e-06 4170
13.435 4.352932759638536e-06 4358
14.1421 4.231147039848265e-06 5034
14.8492 4.173414663315087e-06 5714
15.5564 3.706796521689956e-06 5982
16.2635 3.33550619782486e-06 6602
16.9706 2.977556011209455e-06 7130
17.6777 2.574521428995514e-06 8034
18.3848 2.196935151957839e-06 8606
19.0919 1.821466063074842e-06 9066
19.799 1.584313027764801e-06 9962
20.5061 1.31399782481875e-06 10550
21.2132 1.123926682490158e-06 11226
21.9203 9.976394836651787e-07 12146
22.6274 8.573029349648264e-07 12303
23.3345 7.103444053116554e-07 12584
24.0416 5.185652126452683e-07 12120
24.7487 3.702268726360801e-07 11180
25.4559 2.927057264881486e-07 11096
26.163 2.084172286360039e-07 10056
26.8701 1.614826850884514e-07 9716
27.5772 1.145279387719884e-07 8604
28.2843 8.933481521757748e-08 8060
28.9914 6.6332726205581e-08 7320
29.6985 4.627588868993052e-08 6356
30.4056 3.33063412963349e-08 5348
31.1127 2.200879158702231e-08 4308
31.8198 1.560126616080678e-08 3563
32.5269 7.991163394101613e-09 2448
33.234 4.424605066421585e-09 1868
33.9411 2.720814021760283e-09 1358
34.6482 1.771859477243674e-09 1062
35.3554 1.145197050428173e-09 776
36.0625 5.68616679450265e-10 432
36.7696 2.874310504165236e-10 200
37.4767 1.682249919758204e-10 168
38.1838 6.126063493583868e-11 56
38.8909 6.326947659372084e-12 7

0.707107 1.780339109390014e-07 18
1.41421 4.847652119391224e-07 62
2.12132 8.767807060842878e-07 98
2.82843 2.093791463852841e-06 210
3.53554 1.783109090971244e-06 350
4.24264 1.843723117817442e-06 450
4.94975 2.120894101377215e-06 602
5.65686 2.554781872351965e-06 762
6.36396 3.047208456663223e-06 1142
7.07107 2.99190186393013e-06 1250
7.77818 3.516441324310723e-06 1458
8.48528 3.92180377563711e-06 1814
9.19239 4.443172660855806e-06 2178
9.8995 4.759948554392019e-06 2498
10.6066 4.739107224075052e-06 2622
11.3137 5.446648845363099e-06 3338
12.0208 5.308220388492496e-06 3722
12.7279 5.221457772649077e-06 4170
13.435 4.791857524603247e-06 4358
14.1421 4.6538316579592e-06 5034
14.8492 4.600746110169363e-06 5714
15.5564 4.044935753776609e-06 5982
16.2635 3.6712916792084e-06 6602
16.9706 3.171036125679664e-06 7130
17.6777 2.851902389344282e-06 8034
18.3848 2.415423801616672e-06 8606
19.0919 2.006386209731303e-06 9066
19.799 1.730101603183072e-06 9962
20.5061 1.458334305081072e-06 10550
21.2132 1.237177449877101e-06 11226
21.9203 1.118953115407457e-06 12146
22.6274 9.326391118961177e-07 12303
23.3345 7.761200849858632e-07 12584
24.0416 5.714465685722695e-07 12120
24.7487 4.146945204012092e-07 11180
25.4559 3.231289761230533e-07 11096
26.163 2.320232186822782e-07 10056
26.8701 1.778855523000914e-07 9716
27.5772 1.245372916244197e-07 8604
28.2843 9.601444984756822e-08 8060
28.9914 7.185198290414186e-08 7320
29.6985 4.908819293465146e-08 6356
30.4056 3.569824484525351e-08 5348
31.1127 2.434388102107873e-08 4308
31.8198 1.628579077038891e-08 3563
32.5269 8.325826933402798e-09 2448
33.234 4.776248419247823e-09 1868
33.9411 2.832438731981428e-09 1358
34.6482 1.859397242916168e-09 1062
35.3554 1.211039804598143e-09 776
36.0625 5.90540028938963e-10 432
36.7696 3.018359161126992e-10 200
37.4767 1.856964403358596e-10 168
38.1838 6.435309680251305e-11 56
38.8909 6.279914617898965e-12 7

0.707107 3.44063363644819e-07 18
1.41421 4.768437699569117e-07 62
2.12132 9.949618974626212e-07 98
2.82843 2.298687528162962e-06 210
3.53554 1.953599878158847e-06 350
4.24264 1.90089979964326e-06 450
4.94975 2.293733847304199e-06 602
5.65686 2.763659079097676e-06 762
6.36396 3.229698473478595e-06 1142
7.07107 3.356906453932812e-06 1250
7.77818 3.783809759976961e-06 1458
8.48528 4.188281460907306e-06 1814
9.19239 5.0232865047086e-06 2178
9.8995 5.24240178790094e-06 2498
10.6066 5.137945082944356e-06 2622
11.3137 6.158633682009865e-06 3338
12.0208 5.898017245102352e-06 3722
12.7279 5.904444240123669e-06 4170
13.435 5.402901526581543e-06 4358
14.1421 5.28423330289579e-06 5034
14.8492 5.136985639199698e-06 5714
15.5564 4.577216464131778e-06 5982
16.2635 4.082452870365268e-06 6602
16.9706 3.600883559575065e-06 7130
17.6777 3.206180627130334e-06 8034
18.3848 2.710443225878473e-06 8606
19.0919 2.284580958007893e-06 9066
19.799 1.940839837871768e-06 9962
20.5061 1.611770691788564e-06 10550
21.2132 1.390067946535773e-06 11226
21.9203 1.22581731437427e-06 12146
22.6274 1.057819017313432e-06 12303
23.3345 8.638018564703058e-07 12584
24.0416 6.207045691989366e-07 12120
24.7487 4.640290033054489e-07 11180
25.4559 3.624278785640012e-07 11096
26.163 2.558221007779584e-07 10056
26.8701 1.909029737225954e-07 9716
27.5772 1.383087885314257e-07 8604
28.2843 1.060391881680295e-07 8060
28.9914 8.032370576551939e-08 7320
29.6985 5.617618648291936e-08 6356
30.4056 3.901536858253531e-08 5348
31.1127 2.654762083615435e-08 4308
31.8198 1.799271360875711e-08 3563
32.5269 8.880982642772387e-09 2448
33.234 5.284648541076076e-09 1868
33.9411 2.91515926641902e-09 1358
34.6482 2.087319548025725e-09 1062
35.3554 1.405887215121442e-09 776
36.0625 5.967914888515351e-10 432
36.7696 2.829496478764169e-10 200
37.4767 2.054611023059101e-10 168
38.1838 6.576925838852886e-11 56
38.8909 4.185560729103159e-12 7

0.707107 5.863786533026141e-07 18
1.41421 4.992730925376293e-07 62
2.12132 7.821270105889535e-07 98
2.82843 2.223730680815167e-06 210
3.53554 1.958351946261979e-06 350
4.24264 2.024217498901332e-06 450
4.94975 2.408934639945203e-06 602
5.65686 2.878353011087759e-06 762
6.36396 3.439059427364076e-06 1142
7.07107 3.47977935637938e-06 1250
7.77818 4.188048309864993e-06 1458
8.48528 4.497767954066406e-06 1814
9.19239 5.353212624269957e-06 2178
9.8995 5.734980419380036e-06 2498
10.6066 5.490709587180575e-06 2622
11.3137 6.420840997543278e-06 3338
12.0208 6.246902366960034e-06 3722
12.7279 6.40112346119651e-06 4170
13.435 5.757016486088964e-06 4358
14.1421 5.54840353090376e-06 5034
14.8492 5.484415583475451e-06 5714
15.5564 4.82647563232616e-06 5982
16.2635 4.377101021810194e-06 6602
16.9706 3.824798658518166e-06 7130
17.6777 3.470146021830373e-06 8034
18.3848 2.920282235100185e-06 8606
19.0919 2.409000329742105e-06 9066
19.799 2.111818821788181e-06 9962
20.5061 1.766710797053676e-06 10550
21.2132 1.521064145533247e-06 11226
21.9203 1.347225233220788e-06 12146
22.6274 1.129559200855232e-06 12303
23.3345 9.259961923859947e-07 12584
24.0416 6.905086997189353e-07 12120
24.7487 4.907167427978189e-07 11180
25.4559 3.851899520688957e-07 11096
26.163 2.811562881642287e-07 10056
26.8701 2.080409766800824e-07 9716
27.5772 1.471618677768964e-07 8604
28.2843 1.173953109483161e-07 8060
28.9914 8.616880284033489e-08 7320
29.6985 6.070786510301833e-08 6356
30.4056 4.324890226750686e-08 5348
31.1127 2.72909948273201e-08 4308
31.8198 1.938755132609658e-08 3563
32.5269 9.623033234898469e-09 2448
33.234 5.598764966173683e-09 1868
33.9411 3.328374011476705e-09 1358
34.6482 2.26586213135268e-09 1062
35.3554 1.363263244093264e-09 776
36.0625 6.832731820966731e-10 432
36.7696 3.159553168804226e-10 200
37.4767 2.056193926075548e-10 168
38.1838 7.262997094519338e-11 56
38.8909 4.757056623478236e-12 7

0.707107 5.655740897498314e-07 18
1.41421 5.294088390698027e-07 62
2.12132 1.127011757526903e-06 98
2.82843 2.343435787347054e-06 210
3.53554 1.97066726265106e-06 350
4.24264 2.131440312606572e-06 450
4.94975 2.410260498093222e-06 602
5.65686 3.022730576695075e-06 762
6.36396 3.661959452770598e-06 1142
7.07107 3.793506169557375e-06 1250
7.77818 4.186133896702935e-06 1458
8.48528 4.852595386595917e-06 1814
9.19239 5.505064677849547e-06 2178
9.8995 6.01044765845128e-06 2498
10.6066 5.802943226046464e-06 2622
11.3137 6.740470239854607e-06 3338
12.0208 6.681690467130528e-06 3722
12.7279 6.900551011351881e-06 4170
13.435 6.08479844873548e-06 4358
14.1421 6.079831491365068e-06 5034
14.8492 5.961887371845343e-06 5714
15.5564 5.193363407770158e-06 5982
16.2635 4.800482828279068e-06 6602
16.9706 4.202050402234996e-06 7130
17.6777 3.761040216637255e-06 8034
18.3848 3.213007258090914e-06 8606
19.0919 2.659933624489354e-06 9066
19.799 2.301084374989376e-06 9962
20.5061 1.936530074994121e-06 10550
21.2132 1.66323114326332e-06 11226
21.9203 1.465654044706202e-06 12146
22.6274 1.247522581645092e-06 12303
23.3345 1.00795734822815e-06 12584
24.0416 7.630374913590542e-07 12120
24.7487 5.437314749012183e-07 11180
25.4559 4.170975745599411e-07 11096
26.163 3.01731971071614e-07 10056
26.8701 2.294668912280743e-07 9716
27.5772 1.608715569293154e-07 8604
28.2843 1.245899248615929e-07 8060
28.9914 9.253164190636682e-08 7320
29.6985 6.41029709747991e-08 6356
30.4056 4.70794891711733e-08 5348
31.1127 3.140132147748908e-08 4308
31.8198 2.085234685946903e-08 3563
32.5269 1.091365743097555e-08 2448
33.234 6.361049942561899e-09 1868
33.9411 3.553793271040053e-09 1358
34.6482 2.355412724216074e-09 1062
35.3554 1.519941599920045e-09 776
36.0625 6.933098286365328e-10 432
36.7696 3.513597223115651e-10 200
37.4767 2.320071351192585e-10 168
38.1838 7.314237486398002e-11 56
38.8909 5.660867484023427e-12 7

0.707107 3.784486665876576e-07 18
1.41421 5.903261274515515e-07 62
2.12132 8.434322413767416e-07 98
2.82843 2.258285946232505e-06 210
3.53554 2.050226435965442e-06 350
4.24264 2.059576744537103e-06 450
4.94975 2.525594540034036e-06 602
5.65686 3.110229586634821e-06 762
6.36396 3.690711190364786e-06 1142
7.07107 3.878183324677837e-06 1250
7.77818 4.421514695218981e-06 1458
8.48528 5.114949769010803e-06 1814
9.19239 5.866673852008467e-06 2178
9.8995 6.372860415899927e-06 2498
10.6066 6.196578836235858e-06 2622
11.3137 7.318005117652734e-06 3338
12.0208 6.974278984513107e-06 3722
12.7279 7.347406118853975e-06 4170
13.435 6.581883381669285e-06 4358
14.1421 6.474510935238806e-06 5034
14.8492 6.352561405116614e-06 5714
15.5564 5.629532809221436e-06 5982
16.2635 4.951246910324125e-06 6602
16.9706 4.412268287012281e-06 7130
17.6777 3.929756630189755e-06 8034
18.3848 3.396933002460501e-06 8606
19.0919 2.820654298914686e-06 9066
19.799 2.393637486372397e-06 9962
20.5061 2.06500626768011e-06 10550
21.2132 1.770533121612753e-06 11226
21.9203 1.56579111213082e-06 12146
22.6274 1.344396954525332e-06 12303
23.3345 1.103032678796072e-06 12584
24.0416 8.320464909375489e-07 12120
24.7487 5.848702527153565e-07 11180
25.4559 4.461004599354572e-07 11096
26.163 3.259389427952524e-07 10056
26.8701 2.462258592338767e-07 9716
27.5772 1.706803024840214e-07 8604
28.2843 1.338293337171347e-07 8060
28.9914 1.002177110034722e-07 7320
29.6985 7.028890384674068e-08 6356
30.4056 4.955221465135864e-08 5348
31.1127 3.290869852054454e-08 4308
31.8198 2.284133985375178e-08 3563
32.5269 1.130626475231232e-08 2448
33.234 6.486966588685564e-09 1868
33.9411 3.890626078517994e-09 1358
34.6482 2.550161413540037e-09 1062
35.3554 1.687073559027541e-09 776
36.0625 7.445450058935884e-10 432
36.7696 3.444583070603346e-10 200
37.4767 2.264024851541884e-10 168
38.1838 7.708682710849686e-11 56
38.8909 6.468074915270984e-12 7

0.707107 3.404141433353824e-07 18
1.41421 4.553267523541602e-07 62
2.12132 1.014949553109189e-06 98
2.82843 2.269513976853499e-06 210
3.53554 2.122516121498968e-06 350
4.24264 2.221096922527499e-06 450
4.94975 2.773257855182272e-06 602
5.65686 3.180075474496917e-06 762
6.36396 4.034887224126531e-06 1142
7.07107 4.167125600366734e-06 1250
7.77818 4.870366609803759e-06 1458
8.48528 5.152274536965719e-06 1814
9.19239 6.151833590085226e-06 2178
9.8995 6.811113273047716e-06 2498
10.6066 6.528361131215633e-06 2622
11.3137 7.491442408224472e-06 3338
12.0208 7.485916008653246e-06 3722
12.7279 7.580016262179611e-06 4170
13.435 6.894019197096585e-06 4358
14.1421 6.795918671481125e-06 5034
14.8492 6.663388606405499e-06 5714
15.5564 5.849388543023514e-06 5982
16.2635 5.320005029754983e-06 6602
16.9706 4.644626842278137e-06 7130
17.6777 4.152677194184417e-06 8034
18.3848 3.550228706453183e-06 8606
19.0919 3.001596357798344e-06 9066
19.799 2.588755143735705e-06 9962
20.5061 2.184743714679751e-06 10550
21.2132 1.924816007013675e-06 11226
21.9203 1.67871285838408e-06 12146
22.6274 1.448206839341267e-06 12303
23.3345 1.17849023688205e-06 12584
24.0416 8.85096313985635e-07 12120
24.7487 6.450014069295536e-07 11180
25.4559 4.884121475272981e-07 11096
26.163 3.476735378382471e-07 10056
26.8701 2.618908357719851e-07 9716
27.5772 1.88943547883909e-07 8604
28.2843 1.454600712084875e-07 8060
28.9914 1.084985689074172e-07 7320
29.6985 7.569849635253106e-08 6356
30.4056 5.415246390745642e-08 5348
31.1127 3.583999868396644e-08 4308
31.8198 2.445415268366332e-08 3563
32.5269 1.263996100504231e-08 2448
33.234 7.404571966943177e-09 1868
33.9411 4.159709524360123e-09 1358
34.6482 2.792182404605264e-09 1062
35.3554 1.84076291282574e-09 776
36.0625 8.511850478917436e-10 432
36.7696 3.676914621276486e-10 200
37.4767 2.573149448927097e-10 168
38.1838 8.508029700188524e-11 56
38.8909 1.353676076106893e-11 7

0.707107 6.129117561484516e-07 18
1.41421 4.469268982980287e-07 62
2.12132 1.043466601516984e-06 98
2.82843 2.2819951531743e-06 210
3.53554 2.006870575136898e-06 350
4.24264 2.238135158963765e-06 450
4.94975 2.68709409901622e-06 602
5.65686 3.330279277713532e-06 762
6.36396 4.243048247685806e-06 1142
7.07107 4.191931627869135e-06 1250
7.77818 4.861625203386418e-06 1458
8.48528 5.460565454710208e-06 1814
9.19239 6.318382372516217e-06 2178
9.8995 6.996725790470119e-06 2498
10.6066 7.059788871083292e-06 2622
11.3137 8.029681292694176e-06 3338
12.0208 7.639973272507234e-06 3722
12.7279 8.025838996895799e-06 4170
13.435 7.259344038640283e-06 4358
14.1421 7.077626672202289e-06 5034
14.8492 7.149920598499853e-06 5714
15.5564 6.18770310859376e-06 5982
16.2635 5.642069112348524e-06 6602
16.9706 4.96877828476179e-06 7130
17.6777 4.435818549529811e-06 8034
18.3848 3.836789640840202e-06 8606
19.0919 3.168204087562394e-06 9066
19.799 2.772555899012048e-06 9962
20.5061 2.354724262296084e-06 10550
21.2132 2.026288078524131e-06 11226
21.9203 1.796334315411593e-06 12146
22.6274 1.533532574705545e-06 12303
23.3345 1.273006320406451e-06 12584
24.0416 9.465580753381572e-07 12120
24.7487 6.864576339533441e-07 11180
25.4559 5.347753971144779e-07 11096
26.163 3.767137983767357e-07 10056
26.8701 2.876131489047755e-07 9716
27.5772 2.081779400390261e-07 8604
28.2843 1.582711770717623e-07 8060
28.9914 1.181954208675776e-07 7320
29.6985 8.150197482217621e-08 6356
30.4056 5.977234892894681e-08 5348
31.1127 4.030386090818527e-08 4308
31.8198 2.676169716283421e-08 3563
32.5269 1.400187848357222e-08 2448
33.234 8.22215403492498e-09 1868
33.9411 4.571044222082953e-09 1358
34.6482 3.018608950446579e-09 1062
35.3554 1.884055543499703e-09 776
36.0625 9.696585260717445e-10 432
36.7696 4.152185834977522e-10 200
37.4767 2.960527536206261e-10 168
38.1838 9.414497489918574e-11 56
38.8909 1.448707137103332e-11 7

0.707107 6.750097103423163e-07 18
1.41421 5.732471161615922e-07 62
2.12132 9.654794747529587e-07 98
2.82843 2.432118943503645e-06 210
3.53554 2.055262493531234e-06 350
4.24264 2.226451398085154e-06 450
4.94975 2.737168046166065e-06 602
5.65686 3.256711674870357e-06 762
6.36396 4.149918093220164e-06 1142
7.07107 4.274118828932724e-06 1250
7.77818 5.018675807842323e-06 1458
8.48528 5.556165899560864e-06 1814
9.19239 6.754347685347343e-06 2178
9.8995 7.264985848555562e-06 2498
10.6066 7.255211686206241e-06 2622
11.3137 8.352708976714285e-06 3338
12.0208 7.988199094248546e-06 3722
12.7279 8.200980842065257e-06 4170
13.435 7.400094411426774e-06 4358
14.1421 7.295762563571992e-06 5034
14.8492 7.372233252283784e-06 5714
15.5564 6.322559886430462e-06 5982
16.2635 5.815307431374657e-06 6602
16.9706 5.083640945456695e-06 7130
17.6777 4.619471698105728e-06 8034
18.3848 3.995519316600977e-06 8606
19.0919 3.329220963357549e-06 9066
19.799 2.92690745967793e-06 9962
20.5061 2.479401675079926e-06 10550
21.2132 2.145691687463949e-06 11226
21.9203 1.92285868108487e-06 12146
22.6274 1.619823302379042e-06 12303
23.3345 1.354106159739083e-06 12584
24.0416 1.018143080591567e-06 12120
24.7487 7.395826827258273e-07 11180
25.4559 5.625748238670586e-07 11096
26.163 4.040785554809716e-07 10056
26.8701 3.06420774808934e-07 9716
27.5772 2.207770745227712e-07 8604
28.2843 1.682656408642814e-07 8060
28.9914 1.271979761146967e-07 7320
29.6985 8.902534260240723e-08 6356
30.4056 6.34396831452615e-08 5348
31.1127 4.212220558393698e-08 4308
31.8198 2.898639953781066e-08 3563
32.5269 1.471647493333941e-08 2448
33.234 8.831003068850376e-09 1868
33.9411 5.11383864652053e-09 1358
34.6482 3.343592423851672e-09 1062
35.3554 2.096000316166229e-09 776
36.0625 9.448593285731249e-10 432
36.7696 4.576249361614672e-10 200
37.4767 2.964502510293651e-10 168
38.1838 9.820547535540427e-11 56
38.8909 1.502199377335874e-11 7

0.707107 4.618609038366754e-07 18
1.41421 5.579713673962465e-07 62
2.12132 1.0430963197761e-06 98
2.82843 2.294498585255547e-06 210
3.53554 2.230481099861529e-06 350
4.24264 2.497040783492625e-06 450
4.94975 2.94843194463754e-06 602
5.65686 3.488314184082464e-06 762
6.36396 4.399000579923513e-06 1142
7.07107 4.482369026958065e-06 1250
7.77818 5.15778139752325e-06 1458
8.48528 5.979723387905912e-06 1814
9.19239 7.031842728264756e-06 2178
9.8995 7.364252013015996e-06 2498
10.6066 7.148010259743115e-06 2622
11.3137 8.495469267446879e-06 3338
12.0208 8.450604420542681e-06 3722
12.7279 8.485727796825299e-06 4170
13.435 7.870041750127641e-06 4358
14.1421 7.820739857093808e-06 5034
14.8492 7.788591775876363e-06 5714
15.5564 6.695460363290859e-06 5982
16.2635 6.207045997382621e-06 6602
16.9706 5.306551903641981e-06 7130
17.6777 4.996260044919178e-06 8034
18.3848 4.188202314285997e-06 8606
19.0919 3.515811900309111e-06 9066
19.799 3.053069169397768e-06 9962
20.5061 2.624861453884907e-06 10550
21.2132 2.291309277580969e-06 11226
21.9203 2.076812670752032e-06 12146
22.6274 1.724339650822826e-06 12303
23.3345 1.448518288511702e-06 12584
24.0416 1.086727483760628e-06 12120
24.7487 7.879467497713268e-07 11180
25.4559 6.039238987144155e-07 11096
26.163 4.274464954631234e-07 10056
26.8701 3.322284480367942e-07 9716
27.5772 2.365795378099811e-07 8604
28.2843 1.80244550742766e-07 8060
28.9914 1.37463235105073e-07 7320
29.6985 9.522607975146011e-08 6356
30.4056 6.930693051956351e-08 5348
31.1127 4.651438205250482e-08 4308
31.8198 3.043676915419499e-08 3563
32.5269 1.619366002421035e-08 2448
33.234 9.699902988709782e-09 1868
33.9411 5.5478623520448e-09 1358
34.6482 3.426504456857149e-09 1062
35.3554 2.371604060084603e-09 776
36.0625 1.170238237579514e-09 432
36.7696 4.530493683868155e-10 200
37.4767 3.374824971355943e-10 168
38.1838 9.092724002374479e-11 56
38.8909 1.421534715587408e-11 7

0.707107 1.851902350846232e-07 18
1.41421 6.028014259455491e-07 62
2.12132 1.063468540853536e-06 98
2.82843 2.152727341960172e-06 210
3.53554 2.103469513894256e-06 350
4.24264 2.456615792147959e-06 450
4.94975 2.785773952450763e-06 602
5.65686 3.354131834830578e-06 762
6.36396 4.610651245226117e-06 1142
7.07107 4.691822059468251e-06 1250
7.77818 5.477232653895561e-06 1458
8.48528 5.952916819465339e-06 1814
9.19239 7.311971137334583e-06 2178
9.8995 7.414023331963849e-06 2498
10.6066 7.805114652592469e-06 2622
11.3137 9.011088244491789e-06 3338
12.0208 8.540551745617076e-06 3722
12.7279 8.739230137244065e-06 4170
13.435 7.939451586131348e-06 4358
14.1421 7.999792504339243e-06 5034
14.8492 7.755170173565184e-06 5714
15.5564 6.900456478311192e-06 5982
16.2635 6.300467470630064e-06 6602
16.9706 5.525459254580957e-06 7130
17.6777 4.986996942622756e-06 8034
18.3848 4.343297563130346e-06 8606
19.0919 3.644619115035347e-06 9066
19.799 3.176252699502323e-06 9962
20.5061 2.744862649204504e-06 10550
21.2132 2.345855583885715e-06 11226
21.9203 2.110438627285165e-06 12146
22.6274 1.806396813881404e-06 12303
23.3345 1.484545345889731e-06 12584
24.0416 1.134586701738153e-06 12120
24.7487 8.28937907296678e-07 11180
25.4559 6.35440341124542e-07 11096
26.163 4.564614385725689e-07 10056
26.8701 3.463340576686466e-07 9716
27.5772 2.485927785833827e-07 8604
28.2843 1.896237884426989e-07 8060
28.9914 1.447564286110018e-07 7320
29.6985 1.015179712670164e-07 6356
30.4056 7.343068425643513e-08 5348
31.1127 4.823923691194326e-08 4308
31.8198 3.249702798300896e-08 3563
32.5269 1.67667299807365e-08 2448
33.234 1.035565530057054e-08 1868
33.9411 5.926213066401243e-09 1358
34.6482 4.028137862461767e-09 1062
35.3554 2.595429010760255e-09 776
36.0625 1.150414436069591e-09 432
36.7696 4.947924219298599e-10 200
37.4767 3.778923994231236e-10 168
38.1838 1.082834020902893e-10 56
38.8909 1.305707830524967e-11 7

0.707107 3.045159265734156e-07 18
1.41421 5.507712265219734e-07 62
2.12132 9.138364075660345e-07 98
2.82843 2.539120938485166e-06 210
3.53554 2.23446156507802e-06 350
4.24264 2.435793694185586e-06 450
4.94975 2.876870979556608e-06 602
5.65686 3.588850702236174e-06 762
6.36396 4.757711904022786e-06 1142
7.07107 4.749215019756605e-06 1250
7.77818 5.462046967097446e-06 1458
8.48528 6.191844117226833e-06 1814
9.19239 7.333838766555827e-06 2178
9.8995 7.671699471000404e-06 2498
10.6066 7.757815001172238e-06 2622
11.3137 9.231694100752808e-06 3338
12.0208 8.974692240782492e-06 3722
12.7279 8.924239957767655e-06 4170
13.435 8.36429204113178e-06 4358
14.1421 8.318231115517268e-06 5034
14.8492 8.121191857944265e-06 5714
15.5564 7.087823471277638e-06 5982
16.2635 6.504310270525359e-06 6602
16.9706 5.753804525697883e-06 7130
17.6777 5.292664562400219e-06 8034
18.3848 4.446686752363255e-06 8606
19.0919 3.798238703926766e-06 9066
19.799 3.280595145690749e-06 9962
20.5061 2.837456242606506e-06 10550
21.2132 2.454140374654011e-06 11226
21.9203 2.250367830650667e-06 12146
22.6274 1.920702077061502e-06 12303
23.3345 1.587837489263772e-06 12584
24.0416 1.202153606157575e-06 12120
24.7487 8.730104559567955e-07 11180
25.4559 6.716592307343729e-07 11096
26.163 4.886731887016831e-07 10056
26.8701 3.640426220406141e-07 9716
27.5772 2.650799918694303e-07 8604
28.2843 2.0639756939964e-07 8060
28.9914 1.534986014250469e-07 7320
29.6985 1.074070995099695e-07 6356
30.4056 7.856559231584108e-08 5348
31.1127 5.184129230935217e-08 4308
31.8198 3.414718712713035e-08 3563
32.5269 1.847946032634646e-08 2448
33.234 1.068965650577385e-08 1868
33.9411 6.435995672742219e-09 1358
34.6482 4.187864350613827e-09 1062
35.3554 2.57801241227095e-09 776
36.0625 1.240263803913133e-09 432
36.7696 5.201814481162944e-10 200
37.4767 4.187129897941525e-10 168
38.1838 9.781441608235619e-11 56
38.8909 9.825450192658136e-12 7

0.707107 6.337695592707859e-07 18
1.41421 5.692370862329724e-07 62
2.12132 1.21943860510584e-06 98
2.82843 2.186977949386353e-06 210
3.53554 2.276537327119227e-06 350
4.24264 2.443046122140192e-06 450
4.94975 2.937951015369951e-06 602
5.65686 3.581806154833134e-06 762
6.36396 4.730922463011758e-06 1142
7.07107 4.895157494169847e-06 1250
7.77818 5.665139249233988e-06 1458
8.48528 6.34287200378818e-06 1814
9.19239 7.468040841567933e-06 2178
9.8995 7.956702103456982e-06 2498
10.6066 7.727575603319383e-06 2622
11.3137 9.066643318435035e-06 3338
12.0208 8.969001699643034e-06 3722
12.7279 9.369150756452867e-06 4170
13.435 8.515880993346443e-06 4358
14.1421 8.539609000012899e-06 5034
14.8492 8.309945136302366e-06 5714
15.5564 7.164523766091111e-06 5982
16.2635 6.771807260480937e-06 6602
16.9706 5.916996361063381e-06 7130
17.6777 5.324108587496179e-06 8034
18.3848 4.558524422332495e-06 8606
19.0919 3.899758960519643e-06 9066
19.799 3.403733691219332e-06 9962
20.5061 2.901601620536776e-06 10550
21.2132 2.538567687044269e-06 11226
21.9203 2.28789639216435e-06 12146
22.6274 1.974034854321011e-06 12303
23.3345 1.629502682793733e-06 12584
24.0416 1.242378822256526e-06 12120
24.7487 9.064163552971763e-07 11180
25.4559 6.904482100766283e-07 11096
26.163 5.032065927873023e-07 10056
26.8701 3.782439958208535e-07 9716
27.5772 2.688400255377797e-07 8604
28.2843 2.133193371668154e-07 8060
28.9914 1.616528442233083e-07 7320
29.6985 1.132427827410529e-07 6356
30.4056 8.295243759132393e-08 5348
31.1127 5.3225012307634e-08 4308
31.8198 3.72854594560219e-08 3563
32.5269 1.908867004153438e-08 2448
33.234 1.213060653912359e-08 1868
33.9411 6.805076466899359e-09 1358
34.6482 4.433967939969111e-09 1062
35.3554 2.65726960253519e-09 776
36.0625 1.385174312437225e-09 432
36.7696 5.238775268309432e-10 200
37.4767 4.441221412861246e-10 168
38.1838 9.849614062291948e-11 56
38.8909 9.085146931555353e-12 7

0.707107 7.56327556304812e-07 18
1.41421 7.76556458251601e-07 62
2.12132 9.80342369766089e-07 98
2.82843 2.167456208395013e-06 210
3.53554 2.324917699596469e-06 350
4.24264 2.526021857993429e-06 450
4.94975 2.978604478775581e-06 602
5.65686 3.684357694969922e-06 762
6.36396 4.642243119857739e-06 1142
7.07107 4.669292848514029e-06 1250
7.77818 5.713425729818589e-06 1458
8.48528 6.345431036906574e-06 1814
9.19239 7.662999150174203e-06 2178
9.8995 8.406041155065655e-06 2498
10.6066 7.90977957493048e-06 2622
11.3137 9.446203191875346e-06 3338
12.0208 9.196472809449219e-06 3722
12.7279 9.587582761219315e-06 4170
13.435 8.699280347359186e-06 4358
14.1421 8.726120588559089e-06 5034
14.8492 8.786608481211611e-06 5714
15.5564 7.41722261809051e-06 5982
16.2635 6.90956062445097e-06 6602
16.9706 6.077847758024423e-06 7130
17.6777 5.536912313069221e-06 8034
18.3848 4.804312514909923e-06 8606
19.0919 4.091886899599591e-06 9066
19.799 3.541811315320807e-06 9962
20.5061 3.086701568780152e-06 10550
21.2132 2.697642531509609e-06 11226
21.9203 2.404520130869838e-06 12146
22.6274 2.093943125499755e-06 12303
23.3345 1.736872294588148e-06 12584
24.0416 1.306955906225052e-06 12120
24.7487 9.633246975524976e-07 11180
25.4559 7.363839732198232e-07 11096
26.163 5.301070184909093e-07 10056
26.8701 3.988928222869784e-07 9716
27.5772 2.918297347682975e-07 8604
28.2843 2.251732879454556e-07 8060
28.9914 1.712568400347364e-07 7320
29.6985 1.206530505191124e-07 6356
30.4056 8.833406579623823e-08 5348
31.1127 5.816703474045357e-08 4308
31.8198 3.918448469659282e-08 3563
32.5269 2.081004775651527e-08 2448
33.234 1.236112736442352e-08 1868
33.9411 6.966401650973717e-09 1358
34.6482 4.62743975415604e-09 1062
35.3554 2.949559873350148e-09 776
36.0625 1.496130972882952e-09 432
36.7696 5.530976524790098e-10 200
37.4767 4.431161009372339e-10 168
38.1838 1.174631182680102e-10 56
38.8909 9.604690591132538e-12 7

0.707107 5.316545428631105e-07 18
1.41421 6.895856209999933e-07 62
2.12132 1.056915466549885e-06 98
2.82843 2.16102581705837e-06 210
3.53554 2.32155905828334e-06 350
4.24264 2.569321369125474e-06 450
4.94975 2.974684256394571e-06 602
5.65686 3.793666910807531e-06 762
6.36396 4.819000859882532e-06 1142
7.07107 4.929747770527835e-06 1250
7.77818 5.744530322776943e-06 1458
8.48528 6.365168322473707e-06 1814
9.19239 7.718071152847487e-06 2178
9.8995 8.349743014347769e-06 2498
10.6066 8.483357608612256e-06 2622
11.3137 9.64044642495125e-06 3338
12.0208 9.364268220727513e-06 3722
12.7279 9.535523134571575e-06 4170
13.435 8.807044685575807e-06 4358
14.1421 8.944339002065153e-06 5034
14.8492 8.702463925163714e-06 5714
15.5564 7.656070976061143e-06 5982
16.2635 7.076209283880884e-06 6602
16.9706 6.33981628708179e-06 7130
17.6777 5.698503404556642e-06 8034
18.3848 4.900257130810966e-06 8606
19.0919 4.180990780561282e-06 9066
19.799 3.613431070390379e-06 9962
20.5061 3.157245180415751e-06 10550
21.2132 2.767047839377052e-06 11226
21.9203 2.466768543883931e-06 12146
22.6274 2.114270630351105e-06 12303
23.3345 1.747242737595559e-06 12584
24.0416 1.352196754702777e-06 12120
24.7487 9.929777872420717e-07 11180
25.4559 7.582283707321351e-07 11096
26.163 5.443475914590012e-07 10056
26.8701 4.204026635856812e-07 9716
27.5772 3.039546900703219e-07 8604
28.2843 2.344524106225881e-07 8060
28.9914 1.785734302929134e-07 7320
29.6985 1.262227628378947e-07 6356
30.4056 9.345255257610399e-08 5348
31.1127 6.084965502903114e-08 4308
31.8198 4.172807732047385e-08 3563
32.5269 2.167488153869234e-08 2448
33.234 1.341059111291914e-08 1868
33.9411 7.563768027347588e-09 1358
34.6482 5.035805083574186e-09 1062
35.3554 3.372377554469164e-09 776
36.0625 1.656868807857171e-09 432
36.7696 5.440638481586339e-10 200
37.4767 5.107732952059232e-10 168
38.1838 1.161012513845724e-10 56
38.8909 1.07796759599493e-11 7

0.707107 2.446271087928958e-07 18
1.41421 6.658286949532245e-07 62
2.12132 1.097627663721615e-06 98
2.82843 2.383552837699404e-06 210
3.53554 2.231997295018732e-06 350
4.24264 2.619164507870489e-06 450
4.94975 3.138854471742453e-06 602
5.65686 3.520806324243575e-06 762
6.36396 4.88873288636173e-06 1142
7.07107 5.133921461382838e-06 1250
7.77818 5.846897419731135e-06 1458
8.48528 6.767052833956716e-06 1814
9.19239 7.876404322678091e-06 2178
9.8995 8.635638628731215e-06 2498
10.6066 8.302308700911977e-06 2622
11.3137 9.906596147839696e-06 3338
12.0208 9.687431156167027e-06 3722
12.7279 9.965940163962756e-06 4170
13.435 9.052532123000916e-06 4358
14.1421 9.146855931108959e-06 5034
14.8492 9.035598136790761e-06 5714
15.5564 7.911907481769166e-06 5982
16.2635 7.333720486022957e-06 6602
16.9706 6.367945201808393e-06 7130
17.6777 5.864481978677581e-06 8034
18.3848 5.04356292597596e-06 8606
19.0919 4.270428904794309e-06 9066
19.799 3.786353326800642e-06 9962
20.5061 3.25551570174709e-06 10550
21.2132 2.838771342572891e-06 11226
21.9203 2.579170234684336e-06 12146
22.6274 2.234504175001214e-06 12303
23.3345 1.855594213686064e-06 12584
24.0416 1.401161664397543e-06 12120
24.7487 1.02807893017671e-06 11180
25.4559 8.029296691761524e-07 11096
26.163 5.774593959505616e-07 10056
26.8701 4.449788965467747e-07 9716
27.5772 3.175364792867043e-07 8604
28.2843 2.489839337021348e-07 8060
28.9914 1.888665017141619e-07 7320
29.6985 1.353233140267834e-07 6356
30.4056 9.826410476619116e-08 5348
31.1127 6.497152982210336e-08 4308
31.8198 4.406434736223681e-08 3563
32.5269 2.297571203105326e-08 2448
33.234 1.371471744993831e-08 1868
33.9411 8.088267441242168e-09 1358
34.6482 5.212171614885764e-09 1062
35.3554 3.413025031537039e-09 776
36.0625 1.705855114360208e-09 432
36.7696 6.537835939035294e-10 200
37.4767 5.334994646982895e-10 168
38.1838 1.55367331719138e-10 56
38.8909 2.192766538596386e-11 7

0.707107 3.247535661146578e-07 18
1.41421 6.171080850360924e-07 62
2.12132 9.9034873320369e-07 98
2.82843 2.214721156130384e-06 210
3.53554 2.289763673104764e-06 350
4.24264 2.738724077115162e-06 450
4.94975 2.996885614130218e-06 602
5.65686 3.955534686065714e-06 762
6.36396 4.835456000146537e-06 1142
7.07107 5.100081781416206e-06 1250
7.77818 6.050496446118114e-06 1458
8.48528 6.729441275859945e-06 1814
9.19239 7.916335732549956e-06 2178
9.8995 8.689363672916361e-06 2498
10.6066 8.456390325587005e-06 2622
11.3137 9.907769470428088e-06 3338
12.0208 9.871909356493402e-06 3722
12.7279 9.908893015327397e-06 4170
13.435 9.373902702011024e-06 4358
14.1421 9.378097104607923e-06 5034
14.8492 9.203036645302339e-06 5714
15.5564 7.94189716981636e-06 5982
16.2635 7.391713791208179e-06 6602
16.9706 6.503989586912506e-06 7130
17.6777 5.940449399438352e-06 8034
18.3848 5.162785679663132e-06 8606
19.0919 4.354460384152997e-06 9066
19.799 3.835771717914151e-06 9962
20.5061 3.326316459817512e-06 10550
21.2132 2.90362405770665e-06 11226
21.9203 2.663591737036722e-06 12146
22.6274 2.298294617707663e-06 12303
23.3345 1.905623662158705e-06 12584
24.0416 1.421659071745518e-06 12120
24.7487 1.061124983145421e-06 11180
25.4559 8.22900071157522e-07 11096
26.163 6.006920950122727e-07 10056
26.8701 4.61808387898988e-07 9716
27.5772 3.309314704875709e-07 8604
28.2843 2.5988120731908e-07 8060
28.9914 1.950304121295706e-07 7320
29.6985 1.372159472444642e-07 6356
30.4056 1.038482718294926e-07 5348
31.1127 6.737395822305194e-08 4308
31.8198 4.678594596615349e-08 3563
32.5269 2.428564124710804e-08 2448
33.234 1.487852226293743e-08 1868
33.9411 8.315712355676325e-09 1358
34.6482 5.840482631337413e-09 1062
35.3554 3.609687667564577e-09 776
36.0625 1.806980443538999e-09 432
36.7696 6.598808757226047e-10 200
37.4767 5.500102844274473e-10 168
38.1838 2.081792730952903e-10 56
38.8909 2.632425620617568e-11 7

0.707107 6.11910247945109e-07 18
1.41421 6.49184116964888e-07 62
2.12132 1.14961836282635e-06 98
2.82843 2.221856919889468e-06 210
3.53554 2.262933094950644e-06 350
4.24264 2.687831926562391e-06 450
4.94975 3.181988489117185e-06 602
5.65686 3.824246821384968e-06 762
6.36396 5.059164693548927e-06 1142
7.07107 4.928476699544294e-06 1250
7.77818 5.792746305111195e-06 1458
8.48528 7.01166946621222e-06 1814
9.19239 8.019079591277988e-06 2178
9.8995 8.793025351010632e-06 2498
10.6066 8.420120696181735e-06 2622
11.3137 1.046636596708988e-05 3338
12.0208 1.005852377683431e-05 3722
12.7279 1.030437472570609e-05 4170
13.435 9.500168284915271e-06 4358
14.1421 9.522760586038268e-06 5034
14.8492 9.467759794734147e-06 5714
15.5564 8.192599057551632e-06 5982
16.2635 7.612035054358701e-06 6602
16.9706 6.760354678106424e-06 7130
17.6777 6.116587536643652e-06 8034
18.3848 5.338563686421793e-06 8606
19.0919 4.536500342295404e-06 9066
19.799 4.057777838314925e-06 9962
20.5061 3.429074510547777e-06 10550
21.2132 3.031684396634018e-06 11226
21.9203 2.772252310077883e-06 12146
22.6274 2.365134730878176e-06 12303
23.3345 1.997584486304628e-06 12584
24.0416 1.493675506501961e-06 12120
24.7487 1.110640927020036e-06 11180
25.4559 8.633560939945383e-07 11096
26.163 6.26770360604927e-07 10056
26.8701 4.825158608378966e-07 9716
27.5772 3.477304357247423e-07 8604
28.2843 2.733811471935908e-07 8060
28.9914 2.09902691149611e-07 7320
29.6985 1.439175945389293e-07 6356
30.4056 1.073080370392004e-07 5348
31.1127 7.265019270355556e-08 4308
31.8198 4.987538781099108e-08 3563
32.5269 2.524587951100409e-08 2448
33.234 1.525255840404861e-08 1868
33.9411 9.164637881661292e-09 1358
34.6482 5.97933431920076e-09 1062
35.3554 3.81787786431606e-09 776
36.0625 1.948787308494606e-09 432
36.7696 7.04076940797044e-10 200
37.4767 5.535175521967541e-10 168
38.1838 2.230542074731772e-10 56
38.8909 2.280120239854632e-11 7

0.707107 6.931816282373596e-07 18
1.41421 7.474510982614581e-07 62
2.12132 1.100309607645914e-06 98
2.82843 2.166943248859055e-06 210
3.53554 2.150261515566538e-06 350
4.24264 2.795636737436079e-06 450
4.94975 3.225820817877007e-06 602
5.65686 3.896190572235482e-06 762
6.36396 4.93725898835773e-06 1142
7.07107 5.255422680355e-06 1250
7.77818 6.24643987061737e-06 1458
8.48528 6.953829071885556e-06 1814
9.19239 8.320930149060274e-06 2178
9.8995 8.989298966914747e-06 2498
10.6066 8.797012577823251e-06 2622
11.3137 1.047675250328546e-05 3338
12.0208 9.973592357639042e-06 3722
12.7279 1.032570357136276e-05 4170
13.435 9.648235748681181e-06 4358
14.1421 9.657853985076618e-06 5034
14.8492 9.739637329840263e-06 5714
15.5564 8.370991971244844e-06 5982
16.2635 7.691075730564899e-06 6602
16.9706 7.009043466502905e-06 7130
17.6777 6.340334177113872e-06 8034
18.3848 5.451312218423632e-06 8606
19.0919 4.677379895420265e-06 9066
19.799 4.072746101940138e-06 9962
20.5061 3.543061697005969e-06 10550
21.2132 3.098629956811791e-06 11226
21.9203 2.845211102328054e-06 12146
22.6274 2.439225290664058e-06 12303
23.3345 2.028144586057332e-06 12584
24.0416 1.541630717708532e-06 12120
24.7487 1.140774323294851e-06 11180
25.4559 8.905170994124667e-07 11096
26.163 6.528059114332522e-07 10056
26.8701 4.976188334357479e-07 9716
27.5772 3.631845240881098e-07 8604
28.2843 2.82085930961151e-07 8060
28.9914 2.142480696012957e-07 7320
29.6985 1.542175283844591e-07 6356
30.4056 1.121573415431607e-07 5348
31.1127 7.519867982161339e-08 4308
31.8198 5.025611714569291e-08 3563
32.5269 2.716424284276166e-08 2448
33.234 1.665569932361697e-08 1868
33.9411 9.59512738038573e-09 1358
34.6482 6.292803015553099e-09 1062
35.3554 4.005934418338633e-09 776
36.0625 2.176061844818102e-09 432
36.7696 8.427357978446361e-10 200
37.4767 6.304073819246709e-10 168
38.1838 2.663032146335938e-10 56
38.8909 2.657158810926715e-11 7

0.707107 4.78181098532866e-07 18
1.41421 5.752692532231061e-07 62
2.12132 9.769848032876655e-07 98
2.82843 2.332346702174001e-06 210
3.53554 2.345738357196734e-06 350
4.24264 2.646345458655595e-06 450
4.94975 2.992160785055466e-06 602
5.65686 4.012130391633567e-06 762
6.36396 5.022441243513434e-06 1142
7.07107 5.280376403378152e-06 1250
7.77818 6.249393291986658e-06 1458
8.48528 6.826607651770076e-06 1814
9.19239 8.381388723896516e-06 2178
9.8995 9.043248727582338e-06 2498
10.6066 9.211603312872451e-06 2622
11.3137 1.048646959103953e-05 3338
12.0208 1.018968472723217e-05 3722
12.7279 1.049889539100898e-05 4170
13.435 9.800260787355081e-06 4358
14.1421 9.781691637804757e-06 5034
14.8492 9.637101899303941e-06 5714
15.5564 8.428228007406492e-06 5982
16.2635 7.960902730182298e-06 6602
16.9706 6.965158577143261e-06 7130
17.6777 6.460285033053246e-06 8034
18.3848 5.614558128292476e-06 8606
19.0919 4.746435528101709e-06 9066
19.799 4.224754215399564e-06 9962
20.5061 3.660716341237326e-06 10550
21.2132 3.211454643287952e-06 11226
21.9203 2.936450140317715e-06 12146
22.6274 2.562106368362098e-06 12303
23.3345 2.117757058157895e-06 12584
24.0416 1.599102340886974e-06 12120
24.7487 1.173288512409906e-06 11180
25.4559 9.324183086241595e-07 11096
26.163 6.722926354391057e-07 10056
26.8701 5.184943107167977e-07 9716
27.5772 3.698137546385084e-07 8604
28.2843 2.966545016936258e-07 8060
28.9914 2.209867723122844e-07 7320
29.6985 1.599398211975924e-07 6356
30.4056 1.17293895278384e-07 5348
31.1127 7.725592875006331e-08 4308
31.8198 5.39517559337378e-08 3563
32.5269 2.829638966292674e-08 2448
33.234 1.69067886850532e-08 1868
33.9411 9.921852001687303e-09 1358
34.6482 6.664441097372215e-09 1062
35.3554 4.475625973770121e-09 776
36.0625 2.31243438180077e-09 432
36.7696 8.867943565906487e-10 200
37.4767 6.765686595722288e-10 168
38.1838 2.749593695437211e-10 56
38.8909 2.274453970088871e-11 7

0.707107 2.935347193354234e-07 18
1.41421 5.762950052921647e-07 62
2.12132 1.21599883304874e-06 98
2.82843 2.219006825282436e-06 210
3.53554 2.316829334384366e-06 350
4.24264 2.441562622729708e-06 450
4.94975 3.074160710917858e-06 602
5.65686 3.911623712966501e-06 762
6.36396 5.083819159796855e-06 1142
7.07107 5.316467495011873e-06 1250
7.77818 6.249242677024278e-06 1458
8.48528 7.093060107360852e-06 1814
9.19239 8.513034364448791e-06 2178
9.8995 9.354776056735732e-06 2498
10.6066 8.977068087399397e-06 2622
11.3137 1.046522645642637e-05 3338
12.0208 1.043386503711392e-05 3722
12.7279 1.069252421859815e-05 4170
13.435 9.720474421719717e-06 4358
14.1421 1.003084635076972e-05 5034
14.8492 9.945834784045126e-06 5714
15.5564 8.56609539362633e-06 5982
16.2635 8.091559165741044e-06 6602
16.9706 7.127893828772996e-06 7130
17.6777 6.51413263883095e-06 8034
18.3848 5.699787020384146e-06 8606
19.0919 4.915001254325368e-06 9066
19.799 4.283948477058617e-06 9962
20.5061 3.773405074753364e-06 10550
21.2132 3.301799329897648e-06 11226
21.9203 2.974572663335961e-06 12146
22.6274 2.608003225742565e-06 12303
23.3345 2.152383660457715e-06 12584
24.0416 1.637057258667347e-06 12120
24.7487 1.211921148840874e-06 11180
25.4559 9.583139353442196e-07 11096
26.163 7.019076507213844e-07 10056
26.8701 5.279965667477922e-07 9716
27.5772 3.866912408491712e-07 8604
28.2843 3.092194935706847e-07 8060
28.9914 2.314693396104118e-07 7320
29.6985 1.67092104105202e-07 6356
30.4056 1.231841546585932e-07 5348
31.1127 8.152673050136044e-08 4308
31.8198 5.703899803782095e-08 3563
32.5269 3.02170545165175e-08 2448
33.234 1.81411443299274e-08 1868
33.9411 1.071717334761754e-08 1358
34.6482 6.86766874131135e-09 1062
35.3554 4.187365908430666e-09 776
36.0625 2.199428026526642e-09 432
36.7696 9.708048143323902e-10 200
37.4767 7.515375422865882e-10 168
38.1838 3.188810252198927e-10 56
38.8909 2.001298031511174e-11 7

0.707107 4.602379619615619e-07 18
1.41421 5.76714540599172e-07 62
2.12132 9.710419359961779e-07 98
2.82843 2.041476962666567e-06 210
3.53554 2.230473239106643e-06 350
4.24264 2.584956822664543e-06 450
4.94975 3.197067121305373e-06 602
5.65686 3.988613559753787e-06 762
6.36396 5.092658306710644e-06 1142
7.07107 5.468280337594111e-06 1250
7.77818 6.312935955175577e-06 1458
8.48528 6.855962563072637e-06 1814
9.19239 8.569216044068115e-06 2178
9.8995 9.556212259191424e-06 2498
10.6066 9.12949455713523e-06 2622
11.3137 1.094573387258653e-05 3338
12.0208 1.030635313971396e-05 3722
12.7279 1.076771915981732e-05 4170
13.435 1.007585444829329e-05 4358
14.1421 1.028121523988589e-05 5034
14.8492 1.009805943174968e-05 5714
15.5564 8.811263407112478e-06 5982
16.2635 8.180598994392801e-06 6602
16.9706 7.095087224262915e-06 7130
17.6777 6.711041729361233e-06 8034
18.3848 5.717935038028551e-06 8606
19.0919 4.985413404422803e-06 9066
19.799 4.371182519675208e-06 9962
20.5061 3.772229901587432e-06 10550
21.2132 3.350657705396728e-06 11226
21.9203 3.070904930894612e-06 12146
22.6274 2.677310812454916e-06 12303
23.3345 2.197387259120013e-06 12584
24.0416 1.688332260892735e-06 12120
24.7487 1.245569816240901e-06 11180
25.4559 9.839569935621323e-07 11096
26.163 7.201084951334307e-07 10056
26.8701 5.459835034929141e-07 9716
27.5772 3.973234775462357e-07 8604
28.2843 3.157681850388815e-07 8060
28.9914 2.485449249510536e-07 7320
29.6985 1.745825609717097e-07 6356
30.4056 1.283272249697612e-07 5348
31.1127 8.38853264965171e-08 4308
31.8198 5.919943261231326e-08 3563
32.5269 3.056754951547669e-08 2448
33.234 1.903837083703614e-08 1868
33.9411 1.112925951288998e-08 1358
34.6482 7.680121013783773e-09 1062
35.3554 4.566669662832477e-09 776
36.0625 2.370650918791444e-09 432
36.7696 9.60142019279155e-10 200
37.4767 7.595819865252085e-10 168
38.1838 2.814849244526049e-10 56
38.8909 2.634122762380757e-11 7

0.707107 7.450431412665775e-07 18
1.41421 6.252118429738311e-07 62
2.12132 1.107153302830681e-06 98
2.82843 2.533856674460245e-06 210
3.53554 2.386290989918284e-06 350
4.24264 2.764239681322332e-06 450
4.94975 3.233976648042294e-06 602
5.65686 3.860586750941734e-06 762
6.36396 5.222422773554796e-06 1142
7.07107 5.534614071887183e-06 1250
7.77818 6.368694821509368e-06 1458
8.48528 7.657190494350354e-06 1814
9.19239 8.60554363530209e-06 2178
9.8995 9.760809263471005e-06 2498
10.6066 9.323205961151537e-06 2622
11.3137 1.098323347259799e-05 3338
12.0208 1.08925776623194e-05 3722
12.7279 1.132428216000041e-05 4170
13.435 1.011656728840705e-05 4358
14.1421 1.026299498662387e-05 5034
14.8492 1.035380357425015e-05 5714
15.5564 9.022589099380689e-06 5982
16.2635 8.524555922469271e-06 6602
16.9706 7.353078791774862e-06 7130
17.6777 6.791033750588494e-06 8034
18.3848 6.022759484709741e-06 8606
19.0919 5.113233860159716e-06 9066
19.799 4.491722290688317e-06 9962
20.5061 3.896684208675467e-06 10550
21.2132 3.433249862193424e-06 11226
21.9203 3.142499602821552e-06 12146
22.6274 2.765799255536642e-06 12303
23.3345 2.297546591394249e-06 12584
24.0416 1.747365267978325e-06 12120
24.7487 1.308472243369998e-06 11180
25.4559 1.028531042372823e-06 11096
26.163 7.491320274833144e-07 10056
26.8701 5.801850326806542e-07 9716
27.5772 4.207014681091857e-07 8604
28.2843 3.313694061341218e-07 8060
28.9914 2.526643132754885e-07 7320
29.6985 1.783488690478543e-07 6356
30.4056 1.317442304312626e-07 5348
31.1127 8.860145239875729e-08 4308
31.8198 6.050317775873151e-08 3563
32.5269 3.211040015326821e-08 2448
33.234 1.940081131655093e-08 1868
33.9411 1.147731240526392e-08 1358
34.6482 7.881317967366395e-09 1062
35.3554 5.16429909147731e-09 776
36.0625 2.47060200783496e-09 432
36.7696 1.090720637075058e-09 200
37.4767 8.344203921056883e-10 168
38.1838 2.571263070781989e-10 56
38.8909 1.962809529801278e-11 7

0.707107 7.425281619095387e-07 18
1.41421 6.424133976335124e-07 62
2.12132 1.146085039525096e-06 98
2.82843 2.459884424150684e-06 210
3.53554 2.316903314874653e-06 350
4.24264 2.585393756599703e-06 450
4.94975 3.188683644249865e-06 602
5.65686 4.157989276807805e-06 762
6.36396 4.896540724318139e-06 1142
7.07107 5.578337487491573e-06 1250
7.77818 6.497417761334742e-06 1458
8.48528 7.484393773373862e-06 1814
9.19239 8.952189084861724e-06 2178
9.8995 9.640354893556446e-06 2498
10.6066 9.29625944287638e-06 2622
11.3137 1.076894971442722e-05 3338
12.0208 1.087423870633047e-05 3722
12.7279 1.10516793439863e-05 4170
13.435 1.021780007522939e-05 4358
14.1421 1.033395454780439e-05 5034
14.8492 1.032105017452345e-05 5714
15.5564 9.103667427309249e-06 5982
16.2635 8.472803332289102e-06 6602
16.9706 7.43787467092994e-06 7130
17.6777 6.862259990581721e-06 8034
18.3848 5.957425429846751e-06 8606
19.0919 5.109004109064707e-06 9066
19.799 4.624724743729579e-06 9962
20.5061 3.998934697289394e-06 10550
21.2132 3.477524562322669e-06 11226
21.9203 3.210008484115317e-06 12146
22.6274 2.749057958783971e-06 12303
23.3345 2.336005204436675e-06 12584
24.0416 1.771257455476627e-06 12120
24.7487 1.3134339906115e-06 11180
25.4559 1.044169821723006e-06 11096
26.163 7.546024950232884e-07 10056
26.8701 5.824503777323153e-07 9716
27.5772 4.280048467920186e-07 8604
28.2843 3.384625057094184e-07 8060
28.9914 2.573016504050988e-07 7320
29.6985 1.835034185241694e-07 6356
30.4056 1.371529713144228e-07 5348
31.1127 8.979339416520349e-08 4308
31.8198 6.35596555520569e-08 3563
32.5269 3.443170475420188e-08 2448
33.234 2.044403597994853e-08 1868
33.9411 1.21959058906858e-08 1358
34.6482 8.183633262389177e-09 1062
35.3554 5.046425559862265e-09 776
36.0625 2.430289659589129e-09 432
36.7696 1.112698128381286e-09 200
37.4767 8.366368868247893e-10 168
38.1838 2.582045341401146e-10 56
38.8909 2.049906349169071e-11 7

0.707107 4.308595267932455e-07 18
1.41421 4.866340155558758e-07 62
2.12132 9.70692651540637e-07 98
2.82843 2.412435270708126e-06 210
3.53554 2.311131042519182e-06 350
4.24264 2.803481197812609e-06 450
4.94975 3.198969101355677e-06 602
5.65686 4.016717661666078e-06 762
6.36396 5.153449678738699e-06 1142
7.07107 5.630020710629241e-06 1250
7.77818 6.369067150129235e-06 1458
8.48528 7.526240477048358e-06 1814
9.19239 8.815575429254567e-06 2178
9.8995 9.972167917226475e-06 2498
10.6066 9.463735114347635e-06 2622
11.3137 1.119739304691338e-05 3338
12.0208 1.107747521149065e-05 3722
12.7279 1.13144145188927e-05 4170
13.435 1.050064871079488e-05 4358
14.1421 1.043887512068306e-05 5034
14.8492 1.05772565377536e-05 5714
15.5564 9.187245980534597e-06 5982
16.2635 8.384768663415609e-06 6602
16.9706 7.589161278118219e-06 7130
17.6777 7.098653026199604e-06 8034
18.3848 6.166192625028806e-06 8606
19.0919 5.23164703748335e-06 9066
19.799 4.631402357583232e-06 9962
20.5061 4.086641646152451e-06 10550
21.2132 3.647691783215316e-06 11226
21.9203 3.279006699996179e-06 12146
22.6274 2.893660291435452e-06 12303
23.3345 2.413432889666378e-06 12584
24.0416 1.829715528629725e-06 12120
24.7487 1.359477756198092e-06 11180
25.4559 1.065207393466841e-06 11096
26.163 7.89077610093025e-07 10056
26.8701 6.022975387605417e-07 9716
27.5772 4.46065170622711e-07 8604
28.2843 3.518045449842454e-07 8060
28.9914 2.658802040566353e-07 7320
29.6985 1.902274048263462e-07 6356
30.4056 1.416207519693913e-07 5348
31.1127 9.612223741854409e-08 4308
31.8198 6.744543627015028e-08 3563
32.5269 3.517512211526334e-08 2448
33.234 2.188918891339322e-08 1868
33.9411 1.361519132752837e-08 1358
34.6482 8.505096487389236e-09 1062
35.3554 5.230311244730433e-09 776
36.0625 2.662050011540667e-09 432
36.7696 1.156160455761532e-09 200
37.4767 8.782984530144031e-10 168
38.1838 2.388641019122496e-10 56
38.8909 1.91370266983993e-11 7

0.707107 2.034430101416528e-07 18
1.41421 5.493734800129105e-07 62
2.12132 1.219571726161226e-06 98
2.82843 2.364696470898408e-06 210
3.53554 2.388530399647286e-06 350
4.24264 2.77921826619809e-06 450
4.94975 3.404834018479192e-06 602
5.65686 3.96555602728479e-06 762
6.36396 5.509812850257312e-06 1142
7.07107 5.430532800985505e-06 1250
7.77818 6.333651984155466e-06 1458
8.48528 7.585267841713118e-06 1814
9.19239 8.999344684798354e-06 2178
9.8995 9.613694834661531e-06 2498
10.6066 9.51253132699762e-06 2622
11.3137 1.128433851884186e-05 3338
12.0208 1.0757331650809e-05 3722
12.7279 1.122561990893224e-05 4170
13.435 1.044088195249109e-05 4358
14.1421 1.086285697420494e-05 5034
14.8492 1.051613734067881e-05 5714
15.5564 9.322362965778342e-06 5982
16.2635 8.593612423404987e-06 6602
16.9706 7.746901909138646e-06 7130
17.6777 7.180471216567105e-06 8034
18.3848 6.201759631178665e-06 8606
19.0919 5.311415800273747e-06 9066
19.799 4.75135072873566e-06 9962
20.5061 4.106251634160728e-06 10550
21.2132 3.698461029301395e-06 11226
21.9203 3.326111701960691e-06 12146
22.6274 2.90590744451403e-06 12303
23.3345 2.438503309311742e-06 12584
24.0416 1.872901509100924e-06 12120
24.7487 1.386405755316388e-06 11180
25.4559 1.104861633763031e-06 11096
26.163 7.9836496693298e-07 10056
26.8701 6.170960635816698e-07 9716
27.5772 4.560637498446097e-07 8604
28.2843 3.600645310179308e-07 8060
28.9914 2.756297761648109e-07 7320
29.6985 1.967034103699818e-07 6356
30.4056 1.453323645469642e-07 5348
31.1127 9.670820825122017e-08 4308
31.8198 6.792965870828305e-08 3563
32.5269 3.729647636270832e-08 2448
33.234 2.212106705760866e-08 1868
33.9411 1.389254647837142e-08 1358
34.6482 9.242329087927451e-09 1062
35.3554 5.921332923491201e-09 776
36.0625 2.73173275668443e-09 432
36.7696 1.241029761236178e-09 200
37.4767 9.370003388115545e-10 168
38.1838 2.164402075436619e-10 56
38.8909 2.894887484132016e-11 7

0.707107 4.088493987358421e-07 18
1.41421 6.010783904324853e-07 62
2.12132 1.054164893624668e-06 98
2.82843 2.59794179019041e-06 210
3.53554 2.304443356113441e-06 350
4.24264 2.840513528648513e-06 450
4.94975 3.2376909299414e-06 602
5.65686 4.116408430233006e-06 762
6.36396 5.473428113968191e-06 1142
7.07107 5.620210677606349e-06 1250
7.77818 6.850796486529978e-06 1458
8.48528 7.53446592845948e-06 1814
9.19239 9.126572751796551e-06 2178
9.8995 1.023257018739507e-05 2498
10.6066 9.737020469210443e-06 2622
11.3137 1.121024814465219e-05 3338
12.0208 1.130208541080163e-05 3722
12.7279 1.14849711142493e-05 4170
13.435 1.053877395131913e-05 4358
14.1421 1.076069011646572e-05 5034
14.8492 1.065740707725268e-05 5714
15.5564 9.340142453928318e-06 5982
16.2635 8.769316467109559e-06 6602
16.9706 7.744918915282343e-06 7130
17.6777 7.188103435293979e-06 8034
18.3848 6.277103165734832e-06 8606
19.0919 5.353232517591183e-06 9066
19.799 4.866898187257871e-06 9962
20.5061 4.158147404725815e-06 10550
21.2132 3.781811215513834e-06 11226
21.9203 3.419846574576539e-06 12146
22.6274 3.033133672389401e-06 12303
23.3345 2.524273312843089e-06 12584
24.0416 1.90490717873074e-06 12120
24.7487 1.431123069881502e-06 11180
25.4559 1.122343052032565e-06 11096
26.163 8.408514719634637e-07 10056
26.8701 6.414159267379014e-07 9716
27.5772 4.733020058567401e-07 8604
28.2843 3.751576028898692e-07 8060
28.9914 2.844428719314244e-07 7320
29.6985 2.040957402095772e-07 6356
30.4056 1.522238013443049e-07 5348
31.1127 1.016005901744105e-07 4308
31.8198 7.081121078982991e-08 3563
32.5269 3.868684925948632e-08 2448
33.234 2.320185268727579e-08 1868
33.9411 1.408113414430404e-08 1358
34.6482 9.269146929262541e-09 1062
35.3554 5.506491739185921e-09 776
36.0625 3.012035039913061e-09 432
36.7696 1.329480454122749e-09 200
37.4767 1.021815005112769e-09 168
38.1838 2.433259633677942e-10 56
38.8909 2.615173019647021e-11 7

0.707107 7.591962392570872e-07 18
1.41421 6.542446227388355e-07 62
2.12132 1.006704826904972e-06 98
2.82843 2.425591864543159e-06 210
3.53554 2.403209185490276e-06 350
4.24264 2.826693245257204e-06 450
4.94975 3.388793604437471e-06 602
5.65686 3.818880435836385e-06 762
6.36396 5.387557788113385e-06 1142
7.07107 5.509706882621123e-06 1250
7.77818 6.760490511015348e-06 1458
8.48528 7.451811178191114e-06 1814
9.19239 9.077298248433591e-06 2178
9.8995 9.773340543137961e-06 2498
10.6066 9.737224834332467e-06 2622
11.3137 1.136053125225771e-05 3338
12.0208 1.122526078411408e-05 3722
12.7279 1.176630664843112e-05 4170
13.435 1.084701061346309e-05 4358
14.1421 1.107740972147429e-05 5034
14.8492 1.077592640799057e-05 5714
15.5564 9.581550412532228e-06 5982
16.2635 8.895415776726449e-06 6602
16.9706 7.841329461409368e-06 7130
17.6777 7.296773284147618e-06 8034
18.3848 6.34508758763245e-06 8606
19.0919 5.487400799753397e-06 9066
19.799 4.900505062111042e-06 9962
20.5061 4.196173774186338e-06 10550
21.2132 3.771192215687268e-06 11226
21.9203 3.473471736823143e-06 12146
22.6274 3.001366318593313e-06 12303
23.3345 2.534663164305016e-06 12584
24.0416 1.954002565917695e-06 12120
24.7487 1.440014534445793e-06 11180
25.4559 1.148611406893096e-06 11096
26.163 8.413654943279277e-07 10056
26.8701 6.541580467798303e-07 9716
27.5772 4.74415461474827e-07 8604
28.2843 3.769761272292788e-07 8060
28.9914 2.924786109094064e-07 7320
29.6985 2.110925893115587e-07 6356
30.4056 1.558541459735716e-07 5348
31.1127 1.04307230527318e-07 4308
31.8198 7.366260568491801e-08 3563
32.5269 3.877651247734564e-08 2448
33.234 2.447416979395071e-08 1868
33.9411 1.474105067577745e-08 1358
34.6482 9.781031576730864e-09 1062
35.3554 6.103248457131172e-09 776
36.0625 3.16603337578242e-09 432
36.7696 1.43561441827664e-09 200
37.4767 1.003054316907318e-09 168
38.1838 2.546996241406893e-10 56
38.8909 2.589183066389896e-11 7

0.707107 7.852770788015198e-07 18
1.41421 6.067290715461952e-07 62
2.12132 1.220109490940971e-06 98
2.82843 2.494579182488405e-06 210
3.53554 2.405280883341791e-06 350
4.24264 2.764447288841961e-06 450
4.94975 3.166106676621026e-06 602
5.65686 4.229426851672441e-06 762
6.36396 5.512241307454927e-06 1142
7.07107 5.894045493777149e-06 1250
7.77818 6.667590526710475e-06 1458
8.48528 7.870713321028715e-06 1814
9.19239 8.911714863528099e-06 2178
9.8995 1.038239312409343e-05 2498
10.6066 9.60202058580924e-06 2622
11.3137 1.158749895234374e-05 3338
12.0208 1.14459126062431e-05 3722
12.7279 1.163294846401735e-05 4170
13.435 1.094378624977139e-05 4358
14.1421 1.116174696826314e-05 5034
14.8492 1.085838275963529e-05 5714
15.5564 9.582350712899437e-06 5982
16.2635 9.043766267039456e-06 6602
16.9706 7.999806239871798e-06 7130
17.6777 7.473489627266536e-06 8034
18.3848 6.466522531155865e-06 8606
19.0919 5.541121289877671e-06 9066
19.799 4.95802085651413e-06 9962
20.5061 4.328020104805328e-06 10550
21.2132 3.827599076462715e-06 11226
21.9203 3.549180688464926e-06 12146
22.6274 3.136724615418933e-06 12303
23.3345 2.605695925816773e-06 12584
24.0416 2.013813160382941e-06 12120
24.7487 1.492854574841103e-06 11180
25.4559 1.18696750046966e-06 11096
26.163 8.65522697132594e-07 10056
26.8701 6.681662406459424e-07 9716
27.5772 4.951408451698982e-07 8604
28.2843 3.942358940564181e-07 8060
28.9914 3.063880958280246e-07 7320
29.6985 2.161635595424192e-07 6356
30.4056 1.601755109213265e-07 5348
31.1127 1.081316582363664e-07 4308
31.8198 7.663223340957444e-08 3563
32.5269 4.066530660682122e-08 2448
33.234 2.554149370919129e-08 1868
33.9411 1.503648791632166e-08 1358
34.6482 1.043459007816438e-08 1062
35.3554 6.378546045573008e-09 776
36.0625 3.309661708066376e-09 432
36.7696 1.450389919790619e-09 200
37.4767 9.803406316152315e-10 168
38.1838 2.840626310590637e-10 56
38.8909 3.022816415117074e-11 7

0.707107 4.820947298072035e-07 18
1.41421 5.503237658030861e-07 62
2.12132 1.020510247929911e-06 98
2.82843 2.516311755505093e-06 210
3.53554 2.310874315345e-06 350
4.24264 2.654869731383921e-06 450
4.94975 3.226131118029981e-06 602
5.65686 4.141242370109278e-06 762
6.36396 5.596091899537538e-06 1142
7.07107 6.072485731475083e-06 1250
7.77818 7.054350599176931e-06 1458
8.48528 7.756139470080631e-06 1814
9.19239 9.030389755996744e-06 2178
9.8995 1.02159698892663e-05 2498
10.6066 9.990202719697803e-06 2622
11.3137 1.162915070028416e-05 3338
12.0208 1.125000226399736e-05 3722
12.7279 1.201137629036097e-05 4170
13.435 1.093781456269856e-05 4358
14.1421 1.109209387085406e-05 5034
14.8492 1.118024237234949e-05 5714
15.5564 9.81643806730935e-06 5982
16.2635 9.185244923225287e-06 6602
16.9706 8.086351139792072e-06 7130
17.6777 7.552557864186991e-06 8034
18.3848 6.512650303548027e-06 8606
19.0919 5.549451978358709e-06 9066
19.799 5.022687016705521e-06 9962
20.5061 4.459320277523127e-06 10550
21.2132 3.979648137959039e-06 11226
21.9203 3.649064093689867e-06 12146
22.6274 3.19451580193984e-06 12303
23.3345 2.664439331522669e-06 12584
24.0416 2.047903823607865e-06 12120
24.7487 1.511664551790457e-06 11180
25.4559 1.220112655032869e-06 11096
26.163 8.931663739728536e-07 10056
26.8701 6.928833751542157e-07 9716
27.5772 5.039576826303079e-07 8604
28.2843 3.981716453039803e-07 8060
28.9914 3.101429309654522e-07 7320
29.6985 2.242582707616389e-07 6356
30.4056 1.636642749668534e-07 5348
31.1127 1.096123677395832e-07 4308
31.8198 7.942024762682901e-08 3563
32.5269 4.162019127250695e-08 2448
33.234 2.635594201451021e-08 1868
33.9411 1.617065819125357e-08 1358
34.6482 1.051869588994764e-08 1062
35.3554 6.502395536236302e-09 776
36.0625 3.292448505489271e-09 432
36.7696 1.515401007791614e-09 200
37.4767 1.111585747390477e-09 168
38.1838 3.183144809155071e-10 56
38.8909 2.163265318792812e-11 7

0.707107 3.115660025008629e-07 18
1.41421 6.545367521062545e-07 62
2.12132 1.123969103574632e-06 98
2.82843 2.901636816889004e-06 210
3.53554 2.427916219774144e-06 350
4.24264 2.848818039262413e-06 450
4.94975 3.394199064533339e-06 602
5.65686 4.143048224120857e-06 762
6.36396 5.674747717796515e-06 1142
7.07107 5.775854269258029e-06 1250
7.77818 6.662764734050706e-06 1458
8.48528 7.844615793082633e-06 1814
9.19239 9.16215759078663e-06 2178
9.8995 1.022512005683138e-05 2498
10.6066 1.026233802167695e-05 2622
11.3137 1.18194141225196e-05 3338
12.0208 1.182334557455419e-05 3722
12.7279 1.204204723681244e-05 4170
13.435 1.0970252084792e-05 4358
14.1421 1.130524382459692e-05 5034
14.8492 1.129172927953879e-05 5714
15.5564 9.898699022423259e-06 5982
16.2635 9.294747878619864e-06 6602
16.9706 8.219078117141664e-06 7130
17.6777 7.618598260465016e-06 8034
18.3848 6.568082742062879e-06 8606
19.0919 5.719055722876376e-06 9066
19.799 5.129827897694127e-06 9962
20.5061 4.507033698246881e-06 10550
21.2132 4.005651962577106e-06 11226
21.9203 3.663267308253875e-06 12146
22.6274 3.268387910972473e-06 12303
23.3345 2.699965285339962e-06 12584
24.0416 2.054258237554428e-06 12120
24.7487 1.531888930465291e-06 11180
25.4559 1.222219995290925e-06 11096
26.163 9.062295500773702e-07 10056
26.8701 7.025558601167702e-07 9716
27.5772 5.135711013720342e-07 8604
28.2843 4.066255332711143e-07 8060
28.9914 3.19710045992603e-07 7320
29.6985 2.274687426637945e-07 6356
30.4056 1.683120566373296e-07 5348
31.1127 1.169321574698791e-07 4308
31.8198 8.242184314470504e-08 3563
32.5269 4.358650545485138e-08 2448
33.234 2.69891778844843e-08 1868
33.9411 1.670906215851084e-08 1358
34.6482 1.057439983993216e-08 1062
35.3554 6.966209253032718e-09 776
36.0625 3.444901484140263e-09 432
36.7696 1.498709050225204e-09 200
37.4767 1.095270436828453e-09 168
38.1838 3.590158266175948e-10 56
38.8909 3.154977103408234e-11 7

0.707107 4.932782085242681e-07 18
1.41421 7.144351156486829e-07 62
2.12132 1.162916265076197e-06 98
2.82843 2.773502934588471e-06 210
3.53554 2.403384342028118e-06 350
4.24264 2.976857615094204e-06 450
4.94975 3.253917715965055e-06 602
5.65686 4.102059971197052e-06 762
6.36396 5.514567779113217e-06 1142
7.07107 5.724432739202443e-06 1250
7.77818 6.765983642219076e-06 1458
8.48528 7.832938364055225e-06 1814
9.19239 9.376808306392007e-06 2178
9.8995 1.051181381516411e-05 2498
10.6066 9.997464464659781e-06 2622
11.3137 1.187446028809909e-05 3338
12.0208 1.192443390414339e-05 3722
12.7279 1.163105877615328e-05 4170
13.435 1.103640604697455e-05 4358
14.1421 1.137398634337467e-05 5034
14.8492 1.119156391908257e-05 5714
15.5564 9.845112920687752e-06 5982
16.2635 9.403869763475114e-06 6602
16.9706 8.281785676513787e-06 7130
17.6777 7.710417718717771e-06 8034
18.3848 6.738579727279325e-06 8606
19.0919 5.719084597916723e-06 9066
19.799 5.19459629538115e-06 9962
20.5061 4.55605416870997e-06 10550
21.2132 4.117967815463958e-06 11226
21.9203 3.717273153367111e-06 12146
22.6274 3.307202259866347e-06 12303
23.3345 2.735953728725179e-06 12584
24.0416 2.136315612001213e-06 12120
24.7487 1.55329469113869e-06 11180
25.4559 1.274967626721931e-06 11096
26.163 9.346565629483522e-07 10056
26.8701 7.255085536969102e-07 9716
27.5772 5.251671711507113e-07 8604
28.2843 4.239300556178617e-07 8060
28.9914 3.303971588322751e-07 7320
29.6985 2.34179968862815e-07 6356
30.4056 1.717944024814232e-07 5348
31.1127 1.185013527383927e-07 4308
31.8198 8.391342764461114e-08 3563
32.5269 4.566914887811883e-08 2448
33.234 2.757266456199083e-08 1868
33.9411 1.712425677381463e-08 1358
34.6482 1.12067297881397e-08 1062
35.3554 7.267661367077559e-09 776
36.0625 3.636271667211327e-09 432
36.7696 1.432575389259621e-09 200
37.4767 1.154922769215299e-09 168
38.1838 3.287438611354432e-10 56
38.8909 3.744178496526489e-11 7

