1:binCentralValue 2:valuesAverage 3:valuesAverage 4:multiplicity
0.707107 4.418904189351398e-16 2.682464511621195e-15 18
1.41421 2.998245026900709e-15 3.122738823449192e-14 62
2.12132 4.427698479804391e-15 6.445220292179802e-14 98
2.82843 1.437205289624708e-14 2.213732785379e-13 210
3.53554 2.597154665143962e-14 4.933842214660484e-13 350
4.24264 3.23372019076953e-14 8.484539100668949e-13 450
4.94975 4.377734621314313e-14 1.362188530309975e-12 602
5.65686 2.496096720966562e-14 8.909759109530984e-13 762
6.36396 3.280160831566122e-33 4.046195842105705e-33 1142
7.07107 1.278124005764554e-32 3.903487957570338e-33 1250
7.77818 4.172573907374739e-33 5.566042637749697e-33 1458
8.48528 2.36013532991548e-32 1.501895125868312e-32 1814
9.19239 6.814315747962961e-33 8.909692917674525e-33 2178
9.8995 8.107770297167946e-33 4.947784099324023e-33 2498
10.6066 1.127755445624263e-32 5.486519969341723e-33 2622
11.3137 1.030835624822768e-32 9.517022032621021e-33 3338
12.0208 1.410027230072487e-32 1.475895485258943e-32 3722
12.7279 1.274435093524796e-32 1.055510187918001e-32 4170
13.435 1.097648684572485e-32 1.53471504384294e-32 4358
14.1421 3.325263572804107e-32 1.826118400676331e-32 5034
14.8492 1.644712705613498e-32 1.685347875481738e-32 5714
15.5564 1.999927939859106e-32 2.002774374077497e-32 5982
16.2635 2.299432958023883e-32 1.957970238042159e-32 6602
16.9706 1.805395812980943e-32 1.821270593752498e-32 7130
17.6777 2.462684506101742e-32 2.243044507764547e-32 8034
18.3848 2.947975172152883e-32 2.31971617722707e-32 8606
19.0919 2.545033378232764e-32 2.681228394539541e-32 9066
19.799 5.530275934816639e-32 3.055453106701038e-32 9962
20.5061 3.789069686272299e-32 2.746469534929171e-32 10550
21.2132 3.701484708083689e-32 3.808690146609159e-32 11226
21.9203 4.622744528715919e-32 4.498428137959718e-32 12146
22.6274 3.598271501666714e-32 3.237232295306067e-32 12303
23.3345 3.830620725235362e-32 3.510171723994762e-32 12584
24.0416 3.652395231996757e-32 2.909256337376722e-32 12120
24.7487 3.098948885426665e-32 2.69711095004247e-32 11180
25.4559 3.111194583442715e-32 2.716009568257559e-32 11096
26.163 2.431204446499662e-32 2.281282374059069e-32 10056
26.8701 2.786329705640259e-32 2.264473454010322e-32 9716
27.5772 2.50110959465211e-32 1.924729602078323e-32 8604
28.2843 1.883523973276791e-32 1.87644275853614e-32 8060
28.9914 2.080432988935651e-32 1.81163911489099e-32 7320
29.6985 1.543630241297426e-32 1.525462480578611e-32 6356
30.4056 2.243873772420824e-32 1.285545941644512e-32 5348
31.1127 1.088979515025981e-32 8.813372394958967e-33 4308
31.8198 1.157437903940587e-32 8.292058964955864e-33 3563
32.5269 5.905698227182067e-33 5.379666199003656e-33 2448
33.234 4.451802385709805e-33 3.641853001016908e-33 1868
33.9411 3.650910260601493e-33 3.10544767993913e-33 1358
34.6482 2.697419036487467e-33 2.298331968896989e-33 1062
35.3554 2.149890259247085e-33 1.689291712237671e-33 776
36.0625 1.168514081140874e-33 1.011768201590003e-33 432
36.7696 9.340226370966321e-34 7.998681790682827e-34 200
37.4767 7.302575144618833e-34 6.28817218010335e-34 168
38.1838 3.376687226332053e-34 2.630796766692099e-34 56
38.8909 1.627063419679004e-34 9.570915018173428e-35 7

0.707107 5.327750668770478e-17 3.0898071266045e-16 18
1.41421 3.99257011777311e-16 4.437310209294874e-15 62
2.12132 1.127155693083933e-15 1.309595103792054e-14 98
2.82843 3.045093100501255e-15 4.532431497132684e-14 210
3.53554 4.739730999272126e-15 9.805158611783701e-14 350
4.24264 4.143240752218967e-15 1.38962138934978e-13 450
4.94975 2.572695783800142e-15 1.260070803593321e-13 602
5.65686 7.563194976839241e-16 3.836174559247779e-14 762
6.36396 1.269848021184468e-27 8.319788831616185e-26 1142
7.07107 1.57912243522235e-27 4.489783740414924e-26 1250
7.77818 1.87012408117126e-27 8.853216629134515e-26 1458
8.48528 8.696890715117476e-28 1.278212707150333e-25 1814
9.19239 5.719945768791478e-28 4.519201942126083e-26 2178
9.8995 1.108173238995541e-28 2.296039460637266e-26 2498
10.6066 5.502757077477885e-29 3.99242784208576e-27 2622
11.3137 2.973665252333704e-30 3.616283776276276e-28 3338
12.0208 4.651652767732194e-32 6.1759366367449e-31 3722
12.7279 5.482479805500967e-32 7.600959141096893e-31 4170
13.435 4.87782898473799e-32 8.56792094484819e-31 4358
14.1421 5.575688936780778e-32 1.214071838415816e-30 5034
14.8492 6.043263455991475e-32 1.282515883824761e-30 5714
15.5564 6.034387805423118e-32 1.482636906952106e-30 5982
16.2635 6.36946020127543e-32 1.773913363197292e-30 6602
16.9706 6.760810764485005e-32 2.023229911598097e-30 7130
17.6777 7.375872343354487e-32 2.506360046165029e-30 8034
18.3848 7.768635401029755e-32 2.867681974511048e-30 8606
19.0919 7.743597974900773e-32 3.217163138676618e-30 9066
19.799 8.654731326384761e-32 3.918059642693879e-30 9962
20.5061 8.929159285081767e-32 4.37017989483702e-30 10550
21.2132 9.41136491983899e-32 4.932470277940769e-30 11226
21.9203 1.019817547433832e-31 5.704914656105376e-30 12146
22.6274 1.046124340675972e-31 6.126420823017774e-30 12303
23.3345 1.040714895887143e-31 6.69931910797314e-30 12584
24.0416 9.416173556804551e-32 7.0174345404147e-30 12120
24.7487 8.272248417193687e-32 6.746234125770197e-30 11180
25.4559 8.158231498784688e-32 7.229186609780613e-30 11096
26.163 7.121921791358012e-32 7.054903499311191e-30 10056
26.8701 6.594064755653328e-32 7.200276388543707e-30 9716
27.5772 6.118693383405714e-32 6.646533584150159e-30 8604
28.2843 5.403423325393708e-32 6.469246960274596e-30 8060
28.9914 4.97350746152678e-32 6.42672734812797e-30 7320
29.6985 4.233744227267265e-32 5.847719713386845e-30 6356
30.4056 3.64832947934383e-32 5.132368137206656e-30 5348
31.1127 2.802832950802717e-32 4.499772834852871e-30 4308
31.8198 2.37682182678215e-32 3.830574133058155e-30 3563
32.5269 1.516147113805344e-32 2.852748759196143e-30 2448
33.234 1.122493954120369e-32 2.261366327104685e-30 1868
33.9411 8.280800429554243e-33 1.693957923700034e-30 1358
34.6482 6.543702535305787e-33 1.421355199228926e-30 1062
35.3554 4.711621619605588e-33 1.027158057643147e-30 776
36.0625 2.914803785139892e-33 6.748748538155276e-31 432
36.7696 1.286072832909892e-33 2.888141208571868e-31 200
37.4767 9.720347734799214e-34 2.277805391493491e-31 168
38.1838 4.16933747758851e-34 8.201380453450516e-32 56
38.8909 6.240066008235135e-35 9.333469758700285e-33 7

0.707107 3.460545804301071e-16 1.633104669636438e-16 18
1.41421 5.443520706010658e-15 2.477375452231882e-15 62
2.12132 1.863011971157343e-14 8.712236148382702e-15 98
2.82843 5.35239946774226e-14 2.84319749977651e-14 210
3.53554 6.623236931440683e-14 4.734410312848292e-14 350
4.24264 2.467487029072726e-14 3.565302282057677e-14 450
4.94975 3.567266808217658e-15 1.253193727070977e-14 602
5.65686 1.754503194242566e-15 1.069255466454891e-14 762
6.36396 5.153557043394577e-26 3.375451748244229e-25 1142
7.07107 3.367226677394736e-26 2.510143789776092e-25 1250
7.77818 1.46000245323342e-26 1.193769451993842e-25 1458
8.48528 4.344507621356886e-27 4.88841684518284e-26 1814
9.19239 1.463532794249461e-27 2.39628744725534e-26 2178
9.8995 3.062072338510513e-28 7.996831304837557e-27 2498
10.6066 8.846291068521546e-29 4.771730518550306e-27 2622
11.3137 3.54440389094143e-30 6.909868831281013e-28 3338
12.0208 5.544765768774853e-31 4.806816066333298e-31 3722
12.7279 6.203810163558383e-31 5.792216780412683e-31 4170
13.435 5.665240985189358e-31 5.772852452485419e-31 4358
14.1421 6.386141880814884e-31 7.05777220531106e-31 5034
14.8492 6.729545291789089e-31 8.242140493470449e-31 5714
15.5564 6.819964245910713e-31 9.302750920578035e-31 5982
16.2635 7.304459405197644e-31 1.080946260591761e-30 6602
16.9706 7.332772175310949e-31 1.21072430373688e-30 7130
17.6777 7.96479439452795e-31 1.451927477191514e-30 8034
18.3848 8.381069271833807e-31 1.658226297653422e-30 8606
19.0919 8.201828382987317e-31 1.780611587779981e-30 9066
19.799 8.966774096432434e-31 2.099687237922545e-30 9962
20.5061 9.40418937825702e-31 2.399148615670212e-30 10550
21.2132 9.57384369775004e-31 2.669986306952274e-30 11226
21.9203 1.038271965048855e-30 3.05150758226145e-30 12146
22.6274 1.04430441372466e-30 3.275681631883282e-30 12303
23.3345 1.036124798946274e-30 3.489497011082119e-30 12584
24.0416 9.035587294406094e-31 3.625276952650259e-30 12120
24.7487 7.963144268516575e-31 3.551633836136115e-30 11180
25.4559 7.74161001727524e-31 3.765724784962517e-30 11096
26.163 6.552399311529403e-31 3.555479887551145e-30 10056
26.8701 5.995534509542337e-31 3.685690972983379e-30 9716
27.5772 5.440724900179648e-31 3.463362603625567e-30 8604
28.2843 4.797072883120547e-31 3.364694515069765e-30 8060
28.9914 4.367817579470536e-31 3.24966916542103e-30 7320
29.6985 3.680548144038217e-31 3.008229530706804e-30 6356
30.4056 3.109525060903712e-31 2.63573648597918e-30 5348
31.1127 2.353060670329944e-31 2.256693506336665e-30 4308
31.8198 1.956063460311547e-31 1.967460254771906e-30 3563
32.5269 1.201620596347957e-31 1.425074022198613e-30 2448
33.234 8.889164622998635e-32 1.112339658989887e-30 1868
33.9411 6.755538772232361e-32 8.688202337142115e-31 1358
34.6482 5.08992895732354e-32 7.195718583068887e-31 1062
35.3554 3.692691175023459e-32 5.248890505223598e-31 776
36.0625 2.299765936556885e-32 3.375955751324494e-31 432
36.7696 9.822626007002937e-33 1.591563866216835e-31 200
37.4767 8.798057113809378e-33 1.222466445779031e-31 168
38.1838 2.413755836581064e-33 3.471666828351939e-32 56
38.8909 6.69478467112858e-34 4.815264898959103e-33 7

0.707107 3.121805195026221e-17 9.418508234915875e-16 18
1.41421 5.375183508167274e-16 1.832703833890637e-14 62
2.12132 1.769746679213569e-15 7.100192970895674e-14 98
2.82843 4.49369875905846e-15 2.14329323679609e-13 210
3.53554 3.789281061412456e-15 2.204598699121011e-13 350
4.24264 5.960226230368607e-16 2.856724402615044e-14 450
4.94975 1.887526111689242e-16 9.170819211146972e-15 602
5.65686 1.032390738749222e-16 3.890886666975411e-15 762
6.36396 1.194559406300978e-26 5.124996679235574e-25 1142
7.07107 2.937344013377571e-27 4.724959899754434e-25 1250
7.77818 1.648940253286433e-27 1.053001308748132e-25 1458
8.48528 9.142078772842219e-28 4.196604548572589e-26 1814
9.19239 3.291120748117573e-28 1.318973921539695e-26 2178
9.8995 7.465072277852982e-29 5.151157498120832e-27 2498
10.6066 3.945911675812182e-29 3.567331664812854e-27 2622
11.3137 2.800148360494913e-30 7.540105175565632e-28 3338
12.0208 5.897715361166229e-32 1.247291151933116e-30 3722
12.7279 6.446345546799863e-32 1.410902853680285e-30 4170
13.435 6.080770123076972e-32 1.377656064085459e-30 4358
14.1421 6.945988133715361e-32 1.599305675051032e-30 5034
14.8492 7.094172824736441e-32 1.743725405332828e-30 5714
15.5564 7.47594816125562e-32 1.861423666632543e-30 5982
16.2635 7.981869852789693e-32 2.057385638762293e-30 6602
16.9706 7.95474398422584e-32 2.214687246526536e-30 7130
17.6777 8.74645016644415e-32 2.439662048623597e-30 8034
18.3848 9.25474320841186e-32 2.6865370196345e-30 8606
19.0919 9.064115747316186e-32 2.797798101113281e-30 9066
19.799 9.953940070926669e-32 3.225041194392131e-30 9962
20.5061 1.058935925926953e-31 3.54562487504041e-30 10550
21.2132 1.077543720804415e-31 3.755375853370821e-30 11226
21.9203 1.158891375020893e-31 4.188152670770406e-30 12146
22.6274 1.167318748126191e-31 4.435872117136432e-30 12303
23.3345 1.164904120276777e-31 4.592262425740823e-30 12584
24.0416 1.027530290502783e-31 4.505352636408148e-30 12120
24.7487 9.114264502927889e-32 4.21594916970011e-30 11180
25.4559 8.91782935748448e-32 4.274973112798255e-30 11096
26.163 7.631230362086393e-32 3.985276383129977e-30 10056
26.8701 7.036130677502837e-32 4.0460169153969e-30 9716
27.5772 6.42371851020906e-32 3.742861674500266e-30 8604
28.2843 5.674467080273732e-32 3.544250508537221e-30 8060
28.9914 5.144783893944967e-32 3.314120823547972e-30 7320
29.6985 4.399750284267964e-32 3.073944544467362e-30 6356
30.4056 3.7227630054595e-32 2.651363620380651e-30 5348
31.1127 2.830748967602779e-32 2.158334701931707e-30 4308
31.8198 2.388334524321014e-32 1.925942472074518e-30 3563
32.5269 1.474305559488494e-32 1.352157451005259e-30 2448
33.234 1.095953070462539e-32 1.065872286066448e-30 1868
33.9411 8.42504763058641e-33 8.241659610041371e-31 1358
34.6482 6.33648512839163e-33 6.959639530941027e-31 1062
35.3554 4.706388841395927e-33 4.83951354975488e-31 776
36.0625 2.966895979452032e-33 2.944481626474738e-31 432
36.7696 1.302828386144625e-33 1.336301580989112e-31 200
37.4767 1.157107723272934e-33 1.151062578360284e-31 168
38.1838 2.816192689485043e-34 3.440933237406884e-32 56
38.8909 9.402287502085169e-35 5.179879484110043e-33 7

0.707107 1.464506421398011e-15 2.523049815353524e-16 18
1.41421 3.215864791002288e-14 5.7050828005901e-15 62
2.12132 1.27581045744044e-13 2.296722186362902e-14 98
2.82843 3.668130033686775e-13 6.547291598998792e-14 210
3.53554 2.986197869755302e-13 4.498617958319511e-14 350
4.24264 1.732901542417943e-14 2.204950165346935e-15 450
4.94975 2.733543322962874e-15 2.609529321706246e-15 602
5.65686 7.373811217707043e-16 1.81180957096106e-15 762
6.36396 2.78592584272779e-24 3.725445677794186e-24 1142
7.07107 5.873882398206462e-25 6.933751035392607e-25 1250
7.77818 6.892126319050781e-26 3.092738047381113e-25 1458
8.48528 1.182220221499553e-26 1.342537957927606e-25 1814
9.19239 1.455721908651377e-27 2.133008337451338e-26 2178
9.8995 1.765276948487788e-28 3.762644626174837e-27 2498
10.6066 3.356409308816457e-29 2.72854201317301e-27 2622
11.3137 3.850986094665023e-30 8.449779964324912e-28 3338
12.0208 1.202313353440175e-30 2.599025424364463e-31 3722
12.7279 1.287095096363563e-30 2.972751846066398e-31 4170
13.435 1.236535189600132e-30 3.275150296122612e-31 4358
14.1421 1.419876610868987e-30 4.19812991015475e-31 5034
14.8492 1.434680205942335e-30 4.478015163882601e-31 5714
15.5564 1.498163857577817e-30 5.071608547101167e-31 5982
16.2635 1.598836068443835e-30 5.995942220829709e-31 6602
16.9706 1.602851093528084e-30 6.623164465627309e-31 7130
17.6777 1.741122743285269e-30 7.920198868325176e-31 8034
18.3848 1.833886493789522e-30 9.15922639516208e-31 8606
19.0919 1.806988898907108e-30 1.000861604423276e-30 9066
19.799 1.966287596473104e-30 1.203700523110788e-30 9962
20.5061 2.090188743584943e-30 1.332070072681492e-30 10550
21.2132 2.121094503121284e-30 1.50321888824895e-30 11226
21.9203 2.279742687234715e-30 1.684144522075456e-30 12146
22.6274 2.288410716695753e-30 1.843749458177185e-30 12303
23.3345 2.256029587714511e-30 1.990319965848706e-30 12584
24.0416 2.002897510777724e-30 2.039861340610805e-30 12120
24.7487 1.736206884984573e-30 2.013310252996451e-30 11180
25.4559 1.690472773109251e-30 2.091711451520653e-30 11096
26.163 1.447153103713695e-30 1.999816296401761e-30 10056
26.8701 1.332045613993712e-30 2.100866782389742e-30 9716
27.5772 1.20586869146507e-30 1.996818135893716e-30 8604
28.2843 1.069488278520118e-30 1.899194531111727e-30 8060
28.9914 9.520642303708823e-31 1.869458811574752e-30 7320
29.6985 8.141835960006822e-31 1.697585698601682e-30 6356
30.4056 6.815248115073439e-31 1.4867135079813e-30 5348
31.1127 5.220677935981872e-31 1.247863071687008e-30 4308
31.8198 4.419765439312874e-31 1.114758258631747e-30 3563
32.5269 2.621914956597756e-31 8.085830963249769e-31 2448
33.234 1.940381858512427e-31 6.428471806003575e-31 1868
33.9411 1.52318537769044e-31 5.010927941313998e-31 1358
34.6482 1.114420522722077e-31 4.048154905579973e-31 1062
35.3554 8.342919301116597e-32 3.063922543429405e-31 776
36.0625 5.055420360982576e-32 1.749569000275589e-31 432
36.7696 2.409827496140497e-32 8.7176389490081e-32 200
37.4767 2.045523014513145e-32 7.031018994274722e-32 168
38.1838 5.241045944455222e-33 2.334986936847556e-32 56
38.8909 1.428157504194046e-33 2.514262475618388e-33 7

0.707107 7.107613000153397e-18 3.958704163475738e-15 18
1.41421 9.550546563794749e-17 9.617124945883931e-14 62
2.12132 2.324130032714998e-16 3.990387032775712e-13 98
2.82843 2.649020841888749e-16 1.120391099717662e-12 210
3.53554 5.02956036030962e-17 6.971534584947412e-13 350
4.24264 5.444422442134864e-17 1.125352737512257e-14 450
4.94975 8.771484969538345e-17 1.572477638399795e-15 602
5.65686 5.862681438904144e-17 8.203092628656874e-16 762
6.36396 3.023115626269357e-26 2.379806689052459e-23 1142
7.07107 5.353044121098676e-26 4.485428531459192e-24 1250
7.77818 1.027898356152956e-26 2.390949995755636e-25 1458
8.48528 3.545706416169961e-27 8.731535414063253e-26 1814
9.19239 4.162821778835672e-28 1.367344334944397e-26 2178
9.8995 3.68299272662339e-29 3.381159737412905e-27 2498
10.6066 1.881152589813076e-29 2.127115469398734e-27 2622
11.3137 3.352590219779998e-30 7.517070186846044e-28 3338
12.0208 1.149854744503203e-32 2.032059812179257e-30 3722
12.7279 1.227752947605394e-32 2.201667397186813e-30 4170
13.435 1.200224278298264e-32 2.152908111044593e-30 4358
14.1421 1.380558113627186e-32 2.486759699510194e-30 5034
14.8492 1.400184955382206e-32 2.600175788413653e-30 5714
15.5564 1.45221438483402e-32 2.725217522969688e-30 5982
16.2635 1.577130714527552e-32 2.965636844638623e-30 6602
16.9706 1.595602809969961e-32 3.057128455032538e-30 7130
17.6777 1.750990284341417e-32 3.417127654443028e-30 8034
18.3848 1.834257642998933e-32 3.576215693034906e-30 8606
19.0919 1.847507878500904e-32 3.720932578091037e-30 9066
19.799 2.033038441279921e-32 4.119380996145716e-30 9962
20.5061 2.184586901075513e-32 4.398749565912512e-30 10550
21.2132 2.233869571201551e-32 4.621833567274333e-30 11226
21.9203 2.432890711135758e-32 5.109231645585386e-30 12146
22.6274 2.470890711376024e-32 5.208563683049445e-30 12303
23.3345 2.423680044492712e-32 5.315470080388148e-30 12584
24.0416 2.228329287714072e-32 5.030382744208191e-30 12120
24.7487 1.968047410475385e-32 4.51484911684135e-30 11180
25.4559 1.910871154146775e-32 4.537574610574854e-30 11096
26.163 1.68857655274057e-32 4.099323292270962e-30 10056
26.8701 1.595771131601466e-32 4.008349391927144e-30 9716
27.5772 1.431302021474772e-32 3.700297128753262e-30 8604
28.2843 1.295948859185977e-32 3.453943519972358e-30 8060
28.9914 1.177131914945693e-32 3.226576581381776e-30 7320
29.6985 1.024327891601535e-32 2.855965727329229e-30 6356
30.4056 8.609068763022161e-33 2.495461565702619e-30 5348
31.1127 6.810923943621512e-33 2.021838243169171e-30 4308
31.8198 5.846611434219566e-33 1.742696314210279e-30 3563
32.5269 3.547050296577638e-33 1.150425983134759e-30 2448
33.234 2.793303145127745e-33 9.292921488397345e-31 1868
33.9411 2.043648629707366e-33 6.985812051555543e-31 1358
34.6482 1.616337700142968e-33 5.45588011151869e-31 1062
35.3554 1.178908405208447e-33 4.163378094575386e-31 776
36.0625 6.95664879370512e-34 2.610570804604747e-31 432
36.7696 3.72724834841401e-34 1.22092396515582e-31 200
37.4767 2.652729791808539e-34 1.073941594394273e-31 168
38.1838 7.813305210973842e-35 3.528747337583742e-32 56
38.8909 1.215074862455295e-35 3.556327773920031e-33 7

0.707107 6.275676330037579e-15 1.717709998816854e-16 18
1.41421 1.705348169258518e-13 5.624235746070213e-15 62
2.12132 7.723684754635021e-13 3.055035418869838e-14 98
2.82843 2.357000523299432e-12 1.147764205951469e-13 210
3.53554 1.534205489673874e-12 8.348680413996229e-14 350
4.24264 1.897494697972938e-14 9.249949482700838e-16 450
4.94975 7.163495823933276e-16 1.327729804541663e-15 602
5.65686 1.498157089155064e-16 9.027580727328929e-16 762
6.36396 1.595287168973583e-22 1.594398121817265e-23 1142
7.07107 1.56918902820368e-23 2.02300557651992e-23 1250
7.77818 4.064957807480619e-25 1.319406905745011e-24 1458
8.48528 2.678587448211159e-26 2.867166245562195e-25 1814
9.19239 1.615078419281274e-27 1.963489736438238e-26 2178
9.8995 1.086644220481557e-28 2.520384454077181e-27 2498
10.6066 2.007872759724481e-29 1.900060496853955e-27 2622
11.3137 5.600223055404097e-30 7.747451429076126e-28 3338
12.0208 1.838082602788413e-30 6.742749646898182e-32 3722
12.7279 1.932386064328701e-30 9.064730572181701e-32 4170
13.435 1.874907920719484e-30 1.09646228528413e-31 4358
14.1421 2.180486245701858e-30 1.455353005754874e-31 5034
14.8492 2.19970925882952e-30 1.800502795178546e-31 5714
15.5564 2.27756075133313e-30 2.125623947174332e-31 5982
16.2635 2.435602691475311e-30 2.561808047355632e-31 6602
16.9706 2.445041256429182e-30 3.343653068045504e-31 7130
17.6777 2.692669149356729e-30 3.995227800882298e-31 8034
18.3848 2.780540829217428e-30 4.602955241170251e-31 8606
19.0919 2.78037612591301e-30 5.38800675538391e-31 9066
19.799 3.029507707935766e-30 6.62542588379055e-31 9962
20.5061 3.179408290166826e-30 7.345457365685571e-31 10550
21.2132 3.270314535662497e-30 8.505534402319413e-31 11226
21.9203 3.506992533781066e-30 9.968813901412075e-31 12146
22.6274 3.514485612537982e-30 1.084824452346041e-30 12303
23.3345 3.439482219575024e-30 1.192959185802683e-30 12584
24.0416 3.076259530434013e-30 1.279507499365039e-30 12120
24.7487 2.659720630053294e-30 1.235641704952484e-30 11180
25.4559 2.580373025226706e-30 1.333668471019674e-30 11096
26.163 2.240703233542096e-30 1.297824390156675e-30 10056
26.8701 2.072469484877654e-30 1.348556517073782e-30 9716
27.5772 1.855663406507637e-30 1.275983440804086e-30 8604
28.2843 1.653884495936536e-30 1.252090117908013e-30 8060
28.9914 1.472751414049804e-30 1.228734504868741e-30 7320
29.6985 1.25743458515271e-30 1.117173571498249e-30 6356
30.4056 1.042107148934517e-30 1.01828632023314e-30 5348
31.1127 8.139796568147826e-31 8.70646164471493e-31 4308
31.8198 6.86737357383837e-31 7.444006508873246e-31 3563
32.5269 4.084086726232213e-31 5.484953942052407e-31 2448
33.234 3.031496284524278e-31 4.607265520797739e-31 1868
33.9411 2.389330989803555e-31 3.236018641474108e-31 1358
34.6482 1.774163708796645e-31 2.83180051562488e-31 1062
35.3554 1.295961021613941e-31 2.029195980004144e-31 776
36.0625 7.81311740419129e-32 1.243711385834262e-31 432
36.7696 3.806751063627494e-32 5.809179723369125e-32 200
37.4767 3.167866129466807e-32 4.862221355621271e-32 168
38.1838 8.720594425989018e-33 1.858662083189599e-32 56
38.8909 1.992882011361426e-33 1.862805054619652e-33 7

0.707107 1.78844644185224e-16 1.537176853287105e-14 18
1.41421 5.968725755441581e-15 4.552494047204382e-13 62
2.12132 3.241291028288807e-14 2.153166693770229e-12 98
2.82843 1.139228362097119e-13 6.35429972414735e-12 210
3.53554 6.894465797579711e-14 3.23766735827673e-12 350
4.24264 2.017660682511247e-16 1.285064348311748e-14 450
4.94975 4.673978556969215e-17 7.701200519813427e-16 602
5.65686 2.636829489829484e-17 4.968097945200847e-16 762
6.36396 3.664827053601007e-23 1.729811057317274e-21 1142
7.07107 7.107908291948067e-24 8.516353504488787e-23 1250
7.77818 8.988223729929206e-26 1.821790457154745e-24 1458
8.48528 1.885707720370279e-26 6.893841041100412e-25 1814
9.19239 1.303354662786492e-27 4.07821112970182e-26 2178
9.8995 2.887548731512826e-29 2.220847305183352e-27 2498
10.6066 1.440895316560734e-29 1.582206674709423e-27 2622
11.3137 4.345663500040898e-30 7.179297573596253e-28 3338
12.0208 1.700186644644056e-32 2.883893330340109e-30 3722
12.7279 1.806854675256997e-32 3.006814926033248e-30 4170
13.435 1.765333150932293e-32 2.956879294443676e-30 4358
14.1421 2.041539189289555e-32 3.422974522049877e-30 5034
14.8492 2.083975568913343e-32 3.529860060161076e-30 5714
15.5564 2.171988700180361e-32 3.66430712776123e-30 5982
16.2635 2.322029792276637e-32 3.933393175048355e-30 6602
16.9706 2.366647111524584e-32 4.018404345959775e-30 7130
17.6777 2.622222487531753e-32 4.409393198681317e-30 8034
18.3848 2.70248469710938e-32 4.595720102467109e-30 8606
19.0919 2.735284097175227e-32 4.73163114941992e-30 9066
19.799 3.02093990236872e-32 5.243304947331053e-30 9962
20.5061 3.157240520772265e-32 5.508745229476141e-30 10550
21.2132 3.247431990298023e-32 5.758777382676628e-30 11226
21.9203 3.51150545999689e-32 6.272659208916491e-30 12146
22.6274 3.559629296264536e-32 6.377142568313392e-30 12303
23.3345 3.499120221884237e-32 6.340638250401439e-30 12584
24.0416 3.171411354417273e-32 5.864238017729312e-30 12120
24.7487 2.759948479790174e-32 5.241260587948828e-30 11180
25.4559 2.689298216275334e-32 5.174182045214173e-30 11096
26.163 2.365775072343954e-32 4.640130831116624e-30 10056
26.8701 2.211025822474913e-32 4.415280788412185e-30 9716
27.5772 1.964629083700828e-32 4.005596269334427e-30 8604
28.2843 1.78902493273954e-32 3.667636619469302e-30 8060
28.9914 1.609531143148615e-32 3.372877364662113e-30 7320
29.6985 1.37293432181055e-32 2.923090281277247e-30 6356
30.4056 1.149853550050764e-32 2.527528004626405e-30 5348
31.1127 9.179198242988129e-33 2.016927507248419e-30 4308
31.8198 7.679393195129739e-33 1.760522900143699e-30 3563
32.5269 4.716926854492393e-33 1.132922027892701e-30 2448
33.234 3.530915008647999e-33 8.475258140705415e-31 1868
33.9411 2.780996997383002e-33 6.838951469117967e-31 1358
34.6482 2.094605872370589e-33 5.202466705658691e-31 1062
35.3554 1.521703227698619e-33 3.865763701225616e-31 776
36.0625 9.45491929516393e-34 2.298628952907044e-31 432
36.7696 4.691093823102942e-34 1.17322628571444e-31 200
37.4767 3.545330693697245e-34 8.782711063743661e-32 168
38.1838 1.013325473951465e-34 3.070520690461265e-32 56
38.8909 1.824891616808905e-35 6.473296506876142e-33 7

0.707107 2.167283762606154e-14 2.450387220550127e-15 18
1.41421 7.430658539401513e-13 7.305621950949991e-14 62
2.12132 4.074411992441273e-12 3.336770442362292e-13 98
2.82843 1.428491900305652e-11 8.75385084554553e-13 210
3.53554 8.586902023523651e-12 3.529687216089502e-13 350
4.24264 2.800760789836687e-14 1.711799572552518e-15 450
4.94975 6.54164150604966e-16 7.178344368825244e-16 602
5.65686 1.737284911307638e-16 5.01234781624987e-16 762
6.36396 9.025982341975942e-21 1.141053461254182e-21 1142
7.07107 5.617849408981341e-22 3.000271753998884e-22 1250
7.77818 4.985414141666206e-24 4.161321791234488e-24 1458
8.48528 1.834395765274021e-25 5.487671442988576e-25 1814
9.19239 9.995091574897545e-27 5.498371432633717e-26 2178
9.8995 1.043412316575693e-28 1.876295779858909e-27 2498
10.6066 1.758010941753443e-29 1.329694185793357e-27 2622
11.3137 6.74904251399841e-30 6.509001946663249e-28 3338
12.0208 2.257998582184319e-30 4.188957050629001e-31 3722
12.7279 2.340268389951318e-30 4.431910610191329e-31 4170
13.435 2.31052449824974e-30 4.529889113602686e-31 4358
14.1421 2.67507271592158e-30 5.51204639744241e-31 5034
14.8492 2.721090751229532e-30 5.812532377740435e-31 5714
15.5564 2.811659891731347e-30 6.13759424389585e-31 5982
16.2635 2.956706555187834e-30 6.763163420082621e-31 6602
16.9706 2.998438283871717e-30 7.303271480100677e-31 7130
17.6777 3.318422876663292e-30 8.282987345364108e-31 8034
18.3848 3.407865213002352e-30 8.926897538147295e-31 8606
19.0919 3.438017511273121e-30 9.494447036586116e-31 9066
19.799 3.742992095357409e-30 1.097215275268331e-30 9962
20.5061 3.894907475449328e-30 1.180646339567203e-30 10550
21.2132 4.017361273637421e-30 1.277663735428644e-30 11226
21.9203 4.312861318734638e-30 1.42106356766654e-30 12146
22.6274 4.348115291391519e-30 1.475824634755635e-30 12303
23.3345 4.234048226661295e-30 1.564998979492916e-30 12584
24.0416 3.794259728129545e-30 1.546405557051554e-30 12120
24.7487 3.2893515749836e-30 1.449892198130768e-30 11180
25.4559 3.174664600323617e-30 1.504884060204975e-30 11096
26.163 2.767429596845558e-30 1.420691777089065e-30 10056
26.8701 2.560104879931297e-30 1.416616624571594e-30 9716
27.5772 2.290285581240652e-30 1.306926226595783e-30 8604
28.2843 2.040439582993995e-30 1.261108488605038e-30 8060
28.9914 1.831903523614873e-30 1.212569735379524e-30 7320
29.6985 1.542383323044276e-30 1.086656656708803e-30 6356
30.4056 1.280189714378146e-30 9.682660350375893e-31 5348
31.1127 1.001473916913559e-30 8.144771589831047e-31 4308
31.8198 8.560990521702064e-31 6.985176540947198e-31 3563
32.5269 5.108681445547006e-31 5.06557661156834e-31 2448
33.234 3.781996000614078e-31 3.989730821129428e-31 1868
33.9411 2.955072600684727e-31 2.985683031674952e-31 1358
34.6482 2.223073700902736e-31 2.433383959071213e-31 1062
35.3554 1.622990307038728e-31 1.879523820964476e-31 776
36.0625 9.799900536155161e-32 1.094623800702578e-31 432
36.7696 4.759320052440445e-32 5.701753373176234e-32 200
37.4767 3.859579821499843e-32 3.910190715881392e-32 168
38.1838 1.135739358930164e-32 1.518418726884816e-32 56
38.8909 2.16383173880792e-33 1.374397781619011e-33 7

0.707107 3.603981851066079e-15 5.842936474215571e-14 18
1.41421 1.454190960434656e-13 2.272724380448098e-12 62
2.12132 9.108305710863512e-13 1.365421225316702e-11 98
2.82843 3.442212803908795e-12 4.958488089689603e-11 210
3.53554 1.855375439819027e-12 2.699672081238403e-11 350
4.24264 2.034674619427812e-15 4.65593389225103e-14 450
4.94975 2.815783561334809e-17 1.067808369330811e-15 602
5.65686 1.156364601066161e-17 5.781657265683146e-16 762
6.36396 9.378667098914771e-21 1.257981189728599e-19 1142
7.07107 6.541874935684926e-22 2.091952809762678e-21 1250
7.77818 2.272400389044891e-24 5.7760420071552e-23 1458
8.48528 1.395166300212241e-25 5.80973079388719e-24 1814
9.19239 7.873507298404699e-27 2.053094934572053e-25 2178
9.8995 3.150350516097282e-29 1.852397095001258e-27 2498
10.6066 1.424589217837455e-29 1.165589330915929e-27 2622
11.3137 5.214076302755024e-30 5.872941491098111e-28 3338
12.0208 1.856598061132119e-31 3.66449956418141e-30 3722
12.7279 1.908846510742978e-31 3.783344269404396e-30 4170
13.435 1.914473495828816e-31 3.797241107664852e-30 4358
14.1421 2.204334524193672e-31 4.38420131887657e-30 5034
14.8492 2.245495491150082e-31 4.480484846782847e-30 5714
15.5564 2.322605833054996e-31 4.599390375998108e-30 5982
16.2635 2.422656425968075e-31 4.831613735975762e-30 6602
16.9706 2.479479975262775e-31 5.007609935071756e-30 7130
17.6777 2.745020589965058e-31 5.556626518033596e-30 8034
18.3848 2.811333361109592e-31 5.757621786847887e-30 8606
19.0919 2.835929988660108e-31 5.847847752587935e-30 9066
19.799 3.090356056370088e-31 6.461750196275135e-30 9962
20.5061 3.22269814097437e-31 6.674964611678125e-30 10550
21.2132 3.307094729146409e-31 6.973806201200659e-30 11226
21.9203 3.556456901469452e-31 7.547897015890884e-30 12146
22.6274 3.59929500749995e-31 7.618419889656907e-30 12303
23.3345 3.511428877286037e-31 7.519875327537725e-30 12584
24.0416 3.132572702767937e-31 6.915954914195853e-30 12120
24.7487 2.727051983219602e-31 6.189475097275877e-30 11180
25.4559 2.622027579179953e-31 5.947463050129876e-30 11096
26.163 2.291593466379023e-31 5.336193970583513e-30 10056
26.8701 2.120632335167174e-31 5.012854851196856e-30 9716
27.5772 1.900660567392617e-31 4.483020705094073e-30 8604
28.2843 1.69550550687027e-31 4.138151670930206e-30 8060
28.9914 1.521982226102378e-31 3.740035294133207e-30 7320
29.6985 1.268536733640518e-31 3.22387370978507e-30 6356
30.4056 1.067062954012172e-31 2.74181451665014e-30 5348
31.1127 8.309314983776311e-32 2.198529406082058e-30 4308
31.8198 7.121319552678268e-32 1.878941921627628e-30 3563
32.5269 4.29854104629201e-32 1.188284423465649e-30 2448
33.234 3.166962635049784e-32 9.036755919180077e-31 1868
33.9411 2.441249950339217e-32 7.113581792548353e-31 1358
34.6482 1.873456065602131e-32 5.503139842947272e-31 1062
35.3554 1.350779033284944e-32 4.092061387243603e-31 776
36.0625 8.093615211174896e-33 2.507613654873354e-31 432
36.7696 3.953441326286325e-33 1.227931111800163e-31 200
37.4767 3.263615203332567e-33 9.224367276977356e-32 168
38.1838 9.603186927708516e-34 2.715364420413518e-32 56
38.8909 1.541589243987763e-34 3.110526601776334e-33 7

0.707107 6.145135597060097e-14 4.94472592936143e-14 18
1.41421 2.750252219314199e-12 2.255883865107285e-12 62
2.12132 1.900867466760069e-11 1.667515640390235e-11 98
2.82843 7.890743248736689e-11 7.748356759875086e-11 210
3.53554 4.4936955221058e-11 5.138357638981907e-11 350
4.24264 4.224213827487448e-14 6.281222507372336e-14 450
4.94975 3.007273483160185e-16 1.126404545801748e-15 602
5.65686 7.06370320072717e-17 5.555518523006041e-16 762
6.36396 4.152380092884422e-19 1.387414512174164e-18 1142
7.07107 1.963176383254966e-20 5.825440157700666e-20 1250
7.77818 9.189625334255091e-23 2.692735372808868e-22 1458
8.48528 9.971216710396677e-25 1.321659167653079e-23 1814
9.19239 5.29594964294864e-26 6.23094384354717e-25 2178
9.8995 2.536439431376593e-28 4.712781913647274e-27 2498
10.6066 2.131565509985693e-29 1.079284766810957e-27 2622
11.3137 6.934994890544008e-30 5.602759273879182e-28 3338
12.0208 2.313730047094445e-30 1.555097416203142e-30 3722
12.7279 2.377361134996879e-30 1.573526587436209e-30 4170
13.435 2.398099268342355e-30 1.597156238841497e-30 4358
14.1421 2.758183972885029e-30 1.818000982245135e-30 5034
14.8492 2.810782442572037e-30 1.889640050382575e-30 5714
15.5564 2.901293125648359e-30 1.980547135820428e-30 5982
16.2635 3.021486390853328e-30 2.064549686767383e-30 6602
16.9706 3.096174178690859e-30 2.14631805459441e-30 7130
17.6777 3.435586505347746e-30 2.405138158777203e-30 8034
18.3848 3.520559090673177e-30 2.503292674856696e-30 8606
19.0919 3.557469461589087e-30 2.570584494934527e-30 9066
19.799 3.868127174204069e-30 2.86713221858269e-30 9962
20.5061 4.026756985589654e-30 2.978704910643666e-30 10550
21.2132 4.137213175512684e-30 3.110101581849964e-30 11226
21.9203 4.441948027032266e-30 3.410512844013286e-30 12146
22.6274 4.503020427571854e-30 3.520476782480569e-30 12303
23.3345 4.398297447180729e-30 3.484865216329762e-30 12584
24.0416 3.933517982607669e-30 3.265720592345189e-30 12120
24.7487 3.411006477230769e-30 2.959777122900889e-30 11180
25.4559 3.260496554402837e-30 2.893404311874537e-30 11096
26.163 2.868897887153364e-30 2.649019953622062e-30 10056
26.8701 2.653372477855651e-30 2.560244153466174e-30 9716
27.5772 2.370459581017784e-30 2.289502841732887e-30 8604
28.2843 2.119605195110078e-30 2.149754433858244e-30 8060
28.9914 1.906441857837392e-30 1.982824566712732e-30 7320
29.6985 1.574383508972731e-30 1.729136177564196e-30 6356
30.4056 1.319462433293302e-30 1.486394751568008e-30 5348
31.1127 1.033163377207761e-30 1.195801636258957e-30 4308
31.8198 8.859788039212674e-31 1.030377443309326e-30 3563
32.5269 5.332355932875084e-31 7.045440317826256e-31 2448
33.234 3.951245375191622e-31 5.272368805258363e-31 1868
33.9411 3.025481256823508e-31 3.931475075022688e-31 1358
34.6482 2.364206357308586e-31 3.318104841753251e-31 1062
35.3554 1.675637355993332e-31 2.364001807013282e-31 776
36.0625 1.008679711390569e-31 1.401964885424028e-31 432
36.7696 4.898741368595912e-32 6.822473011511046e-32 200
37.4767 4.020469967745863e-32 5.367137833421868e-32 168
38.1838 1.207691580510131e-32 1.755594021005973e-32 56
38.8909 1.849347999850538e-33 1.96186546364267e-33 7

0.707107 3.881010355748158e-14 3.839561392186063e-13 18
1.41421 1.69664196958331e-12 1.307098201264827e-11 62
2.12132 1.354114561994974e-11 1.059595501299142e-10 98
2.82843 6.232787815261501e-11 5.230152317163802e-10 210
3.53554 3.419792833084056e-11 3.258066739955239e-10 350
4.24264 3.521640725974969e-14 6.199779586475799e-13 450
4.94975 1.738132939755867e-16 3.390199640717974e-15 602
5.65686 1.756948682096135e-17 5.466461911519863e-16 762
6.36396 1.457183167497929e-18 1.029097507601633e-17 1142
7.07107 5.638467766350808e-20 2.595802635699663e-19 1250
7.77818 2.501456103654012e-22 4.011326911169277e-21 1458
8.48528 2.263055889983731e-24 6.330868996294083e-23 1814
9.19239 7.27442168318731e-26 1.762464059176835e-24 2178
9.8995 4.845233454620616e-27 2.001971988887765e-26 2498
10.6066 9.558904891309374e-29 2.773224666872451e-27 2622
11.3137 5.898681253030802e-30 5.397378665018679e-28 3338
12.0208 6.296772740156458e-31 4.848160813502007e-30 3722
12.7279 6.35353595457977e-31 4.372421058901336e-30 4170
13.435 6.432447918446098e-31 4.431529737654808e-30 4358
14.1421 7.361476578391651e-31 5.133727015046305e-30 5034
14.8492 7.475053124589139e-31 5.160375346150348e-30 5714
15.5564 7.736328466057185e-31 5.372522702132133e-30 5982
16.2635 8.033248354521257e-31 5.620089015005893e-30 6602
16.9706 8.246671297032657e-31 5.760126125096057e-30 7130
17.6777 9.157099718648815e-31 6.416470563098339e-30 8034
18.3848 9.370325410805941e-31 6.638814900213672e-30 8606
19.0919 9.472038314409235e-31 6.762146840949136e-30 9066
19.799 1.029889612960399e-30 7.425203175658071e-30 9962
20.5061 1.071426228123941e-30 7.707269061610652e-30 10550
21.2132 1.099117271175276e-30 7.974188176332861e-30 11226
21.9203 1.178503135152421e-30 8.554577213239145e-30 12146
22.6274 1.200271288587504e-30 8.857244610589992e-30 12303
23.3345 1.171557349815977e-30 8.658591598865728e-30 12584
24.0416 1.044912845729248e-30 7.866386136507223e-30 12120
24.7487 9.072546025902869e-31 6.909698559686519e-30 11180
25.4559 8.624361594414303e-31 6.655598112584655e-30 11096
26.163 7.631770089224621e-31 5.976690237932661e-30 10056
26.8701 7.064282932291934e-31 5.593831390622383e-30 9716
27.5772 6.301269882900996e-31 4.988808900026763e-30 8604
28.2843 5.638829932383569e-31 4.558625965334834e-30 8060
28.9914 5.057370296503232e-31 4.188822176350284e-30 7320
29.6985 4.161879554105178e-31 3.534588939012191e-30 6356
30.4056 3.497278997148083e-31 2.979356723400049e-30 5348
31.1127 2.737904122534685e-31 2.382170562677777e-30 4308
31.8198 2.350330433629436e-31 2.063574738289288e-30 3563
32.5269 1.427348666413175e-31 1.330081233678022e-30 2448
33.234 1.053469146271422e-31 9.979806996198707e-31 1868
33.9411 7.981450937066931e-32 7.543486942677962e-31 1358
34.6482 6.324707963518343e-32 5.828120856939449e-31 1062
35.3554 4.424842681639104e-32 4.294541040616791e-31 776
36.0625 2.656161314392575e-32 2.713480469830621e-31 432
36.7696 1.292802875157706e-32 1.165048940302677e-31 200
37.4767 1.068439189872221e-32 1.034876122187744e-31 168
38.1838 3.249565985867016e-33 3.283227764801252e-32 56
38.8909 5.105642299830651e-34 5.106728478275187e-33 7

0.707107 3.306599935637037e-13 3.304439603132399e-12 18
1.41421 8.646095889055133e-12 2.282187544100521e-11 62
2.12132 7.479452501210605e-11 1.289063285425603e-10 98
2.82843 3.756163164225114e-10 5.748768924748584e-10 210
3.53554 2.106995964286649e-10 2.88718564634114e-10 350
4.24264 1.140943699502626e-13 6.138146802672764e-12 450
4.94975 1.112484032680227e-15 1.370062197129452e-14 602
5.65686 1.244280883716869e-16 5.648844306760435e-16 762
6.36396 1.572350358298839e-17 4.925958715640529e-17 1142
7.07107 7.754312876748152e-19 1.272083396588687e-18 1250
7.77818 3.879615004806269e-21 4.863684550323933e-20 1458
8.48528 9.186748543129414e-23 1.389189962274011e-21 1814
9.19239 1.568116669218857e-24 2.353948007271938e-23 2178
9.8995 4.591205373410424e-26 9.818820696158021e-25 2498
10.6066 3.003652676023106e-27 5.085667278836824e-26 2622
11.3137 1.3719678452277e-28 1.060766419801116e-27 3338
12.0208 5.16291080785515e-30 3.226781077019684e-29 3722
12.7279 2.12646027615085e-30 4.241966759844374e-30 4170
13.435 2.111534918375216e-30 3.218945119205805e-30 4358
14.1421 2.413366722697534e-30 3.665834644530705e-30 5034
14.8492 2.448124141003523e-30 3.734742192884355e-30 5714
15.5564 2.541375613293322e-30 3.879845472717456e-30 5982
16.2635 2.637066561572635e-30 4.032801772661289e-30 6602
16.9706 2.715867551098412e-30 4.182598447853382e-30 7130
17.6777 3.01493819914773e-30 4.669656394596369e-30 8034
18.3848 3.088019482586991e-30 4.789798470480606e-30 8606
19.0919 3.130187292267781e-30 4.889983057758373e-30 9066
19.799 3.401829972980103e-30 5.387269887446692e-30 9962
20.5061 3.53734762611036e-30 5.565915842397792e-30 10550
21.2132 3.632802057662434e-30 5.804061784112894e-30 11226
21.9203 3.885779670689479e-30 6.272147547463646e-30 12146
22.6274 3.976210693725159e-30 6.436281058358755e-30 12303
23.3345 3.883302972085909e-30 6.329498595811564e-30 12584
24.0416 3.451507334003368e-30 5.770218057316959e-30 12120
24.7487 3.005164263653757e-30 5.119500998556122e-30 11180
25.4559 2.848130342623997e-30 4.915085811880098e-30 11096
26.163 2.530814664913463e-30 4.437229249028611e-30 10056
26.8701 2.348365742396629e-30 4.170988877189887e-30 9716
27.5772 2.090104515832051e-30 3.772773956514662e-30 8604
28.2843 1.871913157810266e-30 3.428256041956775e-30 8060
28.9914 1.677212460879975e-30 3.095062113435723e-30 7320
29.6985 1.378058294948949e-30 2.619535659289426e-30 6356
30.4056 1.157715228313727e-30 2.26997582031604e-30 5348
31.1127 9.075409325083226e-31 1.793070358508528e-30 4308
31.8198 7.779850239275747e-31 1.52936265701464e-30 3563
32.5269 4.768420606545669e-31 9.861626766954535e-31 2448
33.234 3.514332909777447e-31 7.610417362783418e-31 1868
33.9411 2.653875642106205e-31 5.825224003077363e-31 1358
34.6482 2.10442961353172e-31 4.603126641518405e-31 1062
35.3554 1.462972882695575e-31 3.377588571845034e-31 776
36.0625 8.802609946510139e-32 1.973228906482074e-31 432
36.7696 4.194229868824407e-32 1.050228189306016e-31 200
37.4767 3.581263604735403e-32 7.788389396825169e-32 168
38.1838 1.104125560137113e-32 2.647636908860692e-32 56
38.8909 1.637885408777931e-33 5.05941132067352e-33 7

0.707107 3.218020646267061e-11 2.19732433530227e-10 18
1.41421 8.915876049385874e-11 6.724338127552654e-10 62
2.12132 2.064776876485825e-10 1.367630050611585e-09 98
2.82843 9.852190891155e-10 5.882918499691885e-09 210
3.53554 8.073095091608445e-10 5.578515033126285e-09 350
4.24264 7.051209701952832e-11 7.348984762627679e-11 450
4.94975 1.994288520503282e-13 6.224501383213556e-13 602
5.65686 1.371864989544334e-14 2.159137780319337e-13 762
6.36396 6.320253764152626e-16 2.433171932126425e-14 1142
7.07107 4.814690413153526e-17 4.272484084941494e-15 1250
7.77818 2.999317687085379e-18 4.307840956319058e-16 1458
8.48528 1.896917143443309e-19 6.48657116928049e-18 1814
9.19239 1.814014415682623e-20 5.229687983673157e-20 2178
9.8995 1.031754907400508e-21 3.583774054336903e-21 2498
10.6066 2.955233133928555e-23 1.421160197953329e-21 2622
11.3137 8.873465368976726e-25 3.005243935832959e-22 3338
12.0208 2.642306705774952e-26 1.735226018428196e-23 3722
12.7279 1.902744130592718e-27 2.042774464999305e-25 4170
13.435 1.299537448989999e-28 5.865992129824594e-27 4358
14.1421 1.964179518514541e-29 4.684320364652679e-28 5034
14.8492 3.068211105036475e-30 4.164456187867932e-29 5714
15.5564 1.780229193524383e-30 8.127055254411174e-30 5982
16.2635 1.792236596346486e-30 5.953620579800901e-30 6602
16.9706 1.852393697333286e-30 6.057204338055787e-30 7130
17.6777 2.054155835232668e-30 6.687134195738061e-30 8034
18.3848 2.102614903769737e-30 6.909755952520667e-30 8606
19.0919 2.133219020680784e-30 7.03725144915992e-30 9066
19.799 2.313026856766696e-30 7.675852393173255e-30 9962
20.5061 2.406899195100088e-30 8.019164671064118e-30 10550
21.2132 2.467329953418678e-30 8.26298823120336e-30 11226
21.9203 2.636634032154234e-30 8.844663169575028e-30 12146
22.6274 2.698496075767579e-30 9.126921264453458e-30 12303
23.3345 2.642060099451909e-30 8.949141527920494e-30 12584
24.0416 2.340062768943576e-30 8.035139142402342e-30 12120
24.7487 2.038695273743662e-30 7.154389318204674e-30 11180
25.4559 1.926497509384631e-30 6.789730028973384e-30 11096
26.163 1.714638764909827e-30 6.077253354555991e-30 10056
26.8701 1.59171865292437e-30 5.757301529150852e-30 9716
27.5772 1.413261581972889e-30 5.154847142933185e-30 8604
28.2843 1.270056103105779e-30 4.678636523061224e-30 8060
28.9914 1.132813945610053e-30 4.246382512244568e-30 7320
29.6985 9.300358473402522e-31 3.494184606234637e-30 6356
30.4056 7.82650064694423e-31 2.962244530493201e-30 5348
31.1127 6.144682228813859e-31 2.371699934839615e-30 4308
31.8198 5.26480356465139e-31 2.036976014602324e-30 3563
32.5269 3.237430291453215e-31 1.299261989112073e-30 2448
33.234 2.390357393350895e-31 9.753061733757638e-31 1868
33.9411 1.794042010341181e-31 7.505826313230465e-31 1358
34.6482 1.426146796174773e-31 5.947993050104012e-31 1062
35.3554 9.864221939628975e-32 4.119727649152208e-31 776
36.0625 5.870100482530786e-32 2.491743873469463e-31 432
36.7696 2.763076548558976e-32 1.052614235307549e-31 200
37.4767 2.415576340774788e-32 9.306567178083833e-32 168
38.1838 7.621422962092281e-33 3.040740991279601e-32 56
38.8909 1.104929144298561e-33 4.752105352478668e-33 7

0.707107 6.984425495914857e-11 3.231850146035893e-09 18
1.41421 7.420018352684672e-11 7.788887060119426e-09 62
2.12132 2.978883830884083e-10 5.770460958004056e-09 98
2.82843 2.255907741646181e-09 5.113072678128377e-09 210
3.53554 1.499857436036273e-09 4.410645228672598e-08 350
4.24264 4.985975024339516e-10 5.540974589369788e-09 450
4.94975 4.148612183935925e-12 5.296129829185808e-11 602
5.65686 8.412749491562345e-13 2.253635933979634e-11 762
6.36396 9.114903055057958e-14 2.402956028103345e-12 1142
7.07107 4.052405548043561e-14 8.103373125485832e-13 1250
7.77818 1.367837222170383e-14 1.014763899428106e-13 1458
8.48528 6.847101116296732e-16 2.682754365301135e-14 1814
9.19239 5.690263875707173e-17 5.831710318240888e-15 2178
9.8995 1.827807456783209e-17 6.189473702440602e-16 2498
10.6066 5.119347491243418e-18 7.784901844284207e-17 2622
11.3137 9.520507359333831e-19 1.746834634876538e-17 3338
12.0208 6.799620070137708e-20 4.758553288711198e-18 3722
12.7279 7.919352806110973e-21 9.416749932868034e-19 4170
13.435 2.590759246290685e-21 1.274117246760439e-19 4358
14.1421 6.414446135783274e-22 1.738802767248934e-20 5034
14.8492 8.132929863819741e-23 2.793434678259083e-21 5714
15.5564 6.728696154445993e-24 7.099090608768173e-22 5982
16.2635 1.185320297964059e-24 1.63457040653821e-22 6602
16.9706 3.530974969995749e-25 2.875244870735911e-23 7130
17.6777 7.748410859683136e-26 4.069317914044027e-24 8034
18.3848 8.391983617146046e-27 5.488532597147301e-25 8606
19.0919 8.881316586038906e-28 1.447823356630606e-25 9066
19.799 1.791937495993881e-28 3.331732996627383e-26 9962
20.5061 4.775024181263306e-29 5.864658117679616e-27 10550
21.2132 1.116096681030731e-29 8.083326898009859e-28 11226
21.9203 3.9661252106664e-30 1.391639813575378e-28 12146
22.6274 3.078400405361004e-30 3.953403263564869e-29 12303
23.3345 2.897557609408107e-30 1.593624805013196e-29 12584
24.0416 2.545118711902114e-30 9.008131683538171e-30 12120
24.7487 2.214571665204943e-30 7.165768787913929e-30 11180
25.4559 2.09041481469354e-30 6.769062558485883e-30 11096
26.163 1.864888473771844e-30 6.061814893600135e-30 10056
26.8701 1.732000279709457e-30 5.746828085283721e-30 9716
27.5772 1.536681806061438e-30 5.085942230236886e-30 8604
28.2843 1.380180679289521e-30 4.623295238682551e-30 8060
28.9914 1.232347368828363e-30 4.17887791176385e-30 7320
29.6985 1.011587045553241e-30 3.488920314561436e-30 6356
30.4056 8.501154463846054e-31 2.968170665648853e-30 5348
31.1127 6.681700547577585e-31 2.381024480520719e-30 4308
31.8198 5.722327669229281e-31 2.006650739852794e-30 3563
32.5269 3.553322431820959e-31 1.306588506578654e-30 2448
33.234 2.611292029694498e-31 9.573099914659537e-31 1868
33.9411 1.956067342493726e-31 7.23880397231729e-31 1358
34.6482 1.565068042986326e-31 5.814702780675698e-31 1062
35.3554 1.066316656599963e-31 4.088386240859986e-31 776
36.0625 6.319111856640596e-32 2.503058821330261e-31 432
36.7696 2.986862236457207e-32 1.112947629651223e-31 200
37.4767 2.622301575966762e-32 9.587489442450474e-32 168
38.1838 8.537928082986683e-33 2.985429831545685e-32 56
38.8909 1.275711909733186e-33 3.425053008249198e-33 7

0.707107 1.712625973882277e-09 6.028484980563166e-09 18
1.41421 1.764685866806796e-08 3.551869027047982e-08 62
2.12132 2.421189767976656e-08 1.237855294463784e-07 98
2.82843 4.769630312174413e-08 6.161586241732679e-07 210
3.53554 1.470613135764e-07 8.672884967895684e-07 350
4.24264 3.605165679634812e-08 3.399397612322091e-08 450
4.94975 1.920058841936503e-09 1.389081823232656e-08 602
5.65686 6.241746096373405e-10 5.015645803481716e-09 762
6.36396 1.573781564153301e-10 2.940756607146569e-09 1142
7.07107 3.021545332094535e-11 8.828561005712569e-10 1250
7.77818 9.836909413641844e-12 1.75094454477279e-10 1458
8.48528 3.512501794209033e-12 3.45057822771763e-11 1814
9.19239 6.112961630671067e-13 6.004721524922153e-12 2178
9.8995 8.559054709184006e-14 2.711812511045198e-12 2498
10.6066 1.421888625418462e-14 1.054254493287797e-12 2622
11.3137 3.21028724384191e-15 3.023473268793855e-13 3338
12.0208 5.833552058006703e-16 6.364921522665263e-14 3722
12.7279 1.344064167902215e-16 1.121827660731202e-14 4170
13.435 3.099483105994076e-17 3.1344921002847e-15 4358
14.1421 8.603060990092029e-18 8.904325422186067e-16 5034
14.8492 2.22103535651351e-18 1.945622924973868e-16 5714
15.5564 5.184795699477196e-19 5.062009854678632e-17 5982
16.2635 1.55283035828295e-19 1.470410652000479e-17 6602
16.9706 3.760853883836309e-20 5.111399915848137e-18 7130
17.6777 8.893566170930412e-21 1.781830320930346e-18 8034
18.3848 2.002085183285284e-21 4.468064054376694e-19 8606
19.0919 4.67094584156427e-22 1.249559479666304e-19 9066
19.799 1.305280983094677e-22 3.268849193175542e-20 9962
20.5061 3.977344939861512e-23 8.552290967732302e-21 10550
21.2132 1.130023340290768e-23 2.58895974431269e-21 11226
21.9203 3.188690509305157e-24 9.235425845206561e-22 12146
22.6274 8.114484506385978e-25 3.02091853300584e-22 12303
23.3345 1.904619240055185e-25 8.864288992978335e-23 12584
24.0416 3.42706573865803e-26 1.767923382467488e-23 12120
24.7487 6.264880609976269e-27 2.900425765773756e-24 11180
25.4559 1.28990708700348e-27 6.375107795768234e-25 11096
26.163 2.463072875677402e-28 1.829462085869856e-25 10056
26.8701 5.273571460575695e-29 4.410692720013482e-26 9716
27.5772 1.448250614511551e-29 6.939191554408493e-27 8604
28.2843 5.42925776527922e-30 1.193289072633906e-27 8060
28.9914 2.649106064294931e-30 2.728108185485502e-28 7320
29.6985 1.707469471009099e-30 7.021261366187151e-29 6356
30.4056 1.362630984817521e-30 1.821245248981414e-29 5348
31.1127 1.057547403511998e-30 4.954623016683069e-30 4308
31.8198 9.007799914577402e-31 2.248494124533748e-30 3563
32.5269 5.60489782598804e-31 1.153753093927919e-30 2448
33.234 4.103145785593271e-31 8.09104040790579e-31 1868
33.9411 3.075862961173194e-31 6.049643256273263e-31 1358
34.6482 2.466453011985711e-31 4.972187639746453e-31 1062
35.3554 1.658316707763757e-31 3.317013397388861e-31 776
36.0625 9.809131127923432e-32 1.980404347209954e-31 432
36.7696 4.705623459084261e-32 1.037782084227772e-31 200
37.4767 4.123673105457381e-32 8.556033590910397e-32 168
38.1838 1.370068290712373e-32 2.728856864014808e-32 56
38.8909 2.026125646893754e-33 3.320284164158704e-33 7

0.707107 2.149424204666234e-09 1.0256926231361e-08 18
1.41421 2.046897066279432e-08 7.982933919913646e-08 62
2.12132 4.173122121845293e-08 1.885582322090268e-07 98
2.82843 1.264924604583144e-07 6.793867160067691e-07 210
3.53554 1.799046821359384e-07 2.713056589729229e-06 350
4.24264 7.071583995806608e-08 3.425582480669069e-07 450
4.94975 5.457698898831179e-09 1.419326807136701e-07 602
5.65686 8.855289927872343e-10 2.2774348206479e-08 762
6.36396 3.768416513655091e-10 7.819716535636141e-09 1142
7.07107 1.047761107297658e-10 3.919124606553946e-09 1250
7.77818 3.686823036961281e-11 1.581489342411036e-09 1458
8.48528 1.086638111365625e-11 7.140187322561496e-10 1814
9.19239 1.35056811147233e-12 1.234347435239978e-10 2178
9.8995 3.760200525784973e-13 3.32254049505091e-11 2498
10.6066 1.218828892590237e-13 1.040422586915826e-11 2622
11.3137 5.270973684920107e-14 2.835432217513706e-12 3338
12.0208 1.316363847262229e-14 9.206145270156865e-13 3722
12.7279 2.762167390658545e-15 2.346640290371328e-13 4170
13.435 5.221702648623013e-16 6.934187275921524e-14 4358
14.1421 1.668651783291224e-16 2.043432731817955e-14 5034
14.8492 3.984831382090165e-17 6.311971579466027e-15 5714
15.5564 1.078261690809959e-17 1.497364002238474e-15 5982
16.2635 3.101555830142524e-18 4.22245675656155e-16 6602
16.9706 8.478091420790957e-19 1.154447693397568e-16 7130
17.6777 2.367801860902605e-19 3.451905696397977e-17 8034
18.3848 6.545366420458489e-20 9.86998891699498e-18 8606
19.0919 1.712480415028668e-20 2.543459030683126e-18 9066
19.799 4.629586812812248e-21 7.794496258998138e-19 9962
20.5061 1.114735495184946e-21 2.200771051530464e-19 10550
21.2132 3.090403205614319e-22 5.846455014521676e-20 11226
21.9203 7.660709028411004e-23 1.793736546296613e-20 12146
22.6274 2.136119648068007e-23 5.247580026951691e-21 12303
23.3345 6.802213662359985e-24 1.524868742890053e-21 12584
24.0416 1.723414439346498e-24 3.949150223922283e-22 12120
24.7487 4.338388785835802e-25 1.074666227541429e-22 11180
25.4559 1.222685435002568e-25 3.244819121337723e-23 11096
26.163 3.051403266290467e-26 8.333665231479963e-24 10056
26.8701 8.041880275494602e-27 2.271689131629425e-24 9716
27.5772 1.764772142162146e-27 5.625312596067787e-25 8604
28.2843 5.135306932236076e-28 1.66422468034409e-25 8060
28.9914 1.231137754047998e-28 4.838810935202127e-26 7320
29.6985 2.753104986832346e-29 1.166692205949788e-26 6356
30.4056 6.896029414571507e-30 2.984110841333322e-27 5348
31.1127 1.914657823767895e-30 6.981762408850108e-28 4308
31.8198 7.978630889726308e-31 1.957366731038822e-28 3563
32.5269 2.858634759513374e-31 3.493630265196406e-29 2448
33.234 1.707668324529774e-31 7.561080029593125e-30 1868
33.9411 1.213169200098673e-31 2.198943809469513e-30 1358
34.6482 9.538883796967275e-32 9.804625802664771e-31 1062
35.3554 6.344646270914963e-32 5.173245483089596e-31 776
36.0625 3.754196077727122e-32 2.849059576445335e-31 432
36.7696 1.831074234249411e-32 1.215430920718323e-31 200
37.4767 1.596181164427545e-32 1.092525473318803e-31 168
38.1838 5.382243053981738e-33 3.822999021948438e-32 56
38.8909 7.388054348469206e-34 7.287975755903217e-33 7

0.707107 9.337857756545534e-09 1.055108944247551e-08 18
1.41421 9.339976712070741e-08 8.357620444790806e-08 62
2.12132 3.702324452146951e-07 2.428791465596241e-07 98
2.82843 1.450237374208029e-06 1.077362776619084e-06 210
3.53554 2.276616454195478e-06 2.584712244297929e-06 350
4.24264 7.537626376093187e-07 8.008961763167285e-07 450
4.94975 1.097830784958148e-07 1.588652820012789e-07 602
5.65686 2.256767753386998e-08 3.645603689508463e-08 762
6.36396 7.956306307978903e-09 1.984101561323903e-08 1142
7.07107 2.694720032642413e-09 8.166521420692154e-09 1250
7.77818 1.212198404925445e-09 2.534840705721376e-09 1458
8.48528 3.757027592952077e-10 1.273532966582345e-09 1814
9.19239 7.123405911687681e-11 6.669353919799635e-10 2178
9.8995 1.814160154581803e-11 2.396048405301606e-10 2498
10.6066 5.148400679622892e-12 5.379432065606094e-11 2622
11.3137 1.993270029347104e-12 1.95144759803236e-11 3338
12.0208 5.377322365471093e-13 6.733711865793938e-12 3722
12.7279 1.281664585499823e-13 2.963133535905017e-12 4170
13.435 3.483796487929364e-14 1.124757605962123e-12 4358
14.1421 1.130420464207556e-14 3.666595976206737e-13 5034
14.8492 2.852137187339942e-15 1.070235126573309e-13 5714
15.5564 7.335065519942309e-16 2.981242656883847e-14 5982
16.2635 2.05597351308028e-16 1.07964961352804e-14 6602
16.9706 6.471410337285738e-17 3.717127979779073e-15 7130
17.6777 1.794383478195069e-17 1.300016647624713e-15 8034
18.3848 4.533487263004613e-18 3.877987532705422e-16 8606
19.0919 1.21913386882702e-18 1.1557199489117e-16 9066
19.799 3.522568244539032e-19 3.83903690590532e-17 9962
20.5061 1.097983316574972e-19 1.194562698198994e-17 10550
21.2132 3.105796222444299e-20 3.918136074132875e-18 11226
21.9203 8.564165141470908e-21 1.222966546706567e-18 12146
22.6274 2.284569103439815e-21 3.679439786780565e-19 12303
23.3345 6.359620031778639e-22 1.172037828479542e-19 12584
24.0416 1.80176176622599e-22 3.475591009255914e-20 12120
24.7487 4.618782323966295e-23 9.804013533220435e-21 11180
25.4559 1.249206012679575e-23 2.831617296954281e-21 11096
26.163 2.865642655222406e-24 7.623705732082947e-22 10056
26.8701 7.574347143671601e-25 2.262990002543142e-22 9716
27.5772 2.025464606818428e-25 6.403519625607022e-23 8604
28.2843 5.303959153469067e-26 1.769278543723422e-23 8060
28.9914 1.456444424114096e-26 4.461217468356673e-24 7320
29.6985 2.89120075040314e-27 1.083823399454004e-24 6356
30.4056 7.97387281161172e-28 2.789086164826808e-25 5348
31.1127 1.82988598158118e-28 6.925555947847771e-26 4308
31.8198 4.066582361247312e-29 1.646833814045658e-26 3563
32.5269 8.359732071920307e-30 3.003130711657983e-27 2448
33.234 2.26506809605669e-30 6.697178715409768e-28 1868
33.9411 7.961919590410719e-31 1.423569994594624e-28 1358
34.6482 4.493949617445653e-31 2.994884345409216e-29 1062
35.3554 2.646668954582106e-31 5.410951972900448e-30 776
36.0625 1.461601048748399e-31 9.781656605218059e-31 432
36.7696 7.238993787462654e-32 2.531644977398476e-31 200
37.4767 6.290822176139854e-32 9.889352327021337e-32 168
38.1838 2.132956018781512e-32 2.561798895602192e-32 56
38.8909 2.969724177068536e-33 4.233295838091313e-33 7

0.707107 1.211942291758802e-09 1.015994780052102e-08 18
1.41421 1.375782164214738e-08 1.512036388145945e-07 62
2.12132 5.767755597457706e-08 8.417620980522893e-07 98
2.82843 2.509754817539641e-07 3.051303464126918e-06 210
3.53554 5.183581657564789e-07 8.079986627774915e-06 350
4.24264 2.172840510623098e-07 5.105634451918398e-06 450
4.94975 2.53154520378358e-08 8.552424048127969e-07 602
5.65686 6.567557740489769e-09 2.141104392354388e-07 762
6.36396 2.928008611282118e-09 8.532050620195739e-08 1142
7.07107 1.567104738750529e-09 4.430933174765825e-08 1250
7.77818 6.202956639253907e-10 1.926334459811154e-08 1458
8.48528 1.867380143618377e-10 9.095288984594859e-09 1814
9.19239 5.054578974903779e-11 3.247245062560796e-09 2178
9.8995 1.743752650337668e-11 1.014524939065439e-09 2498
10.6066 5.896432527569667e-12 3.635522415006385e-10 2622
11.3137 2.422330693640128e-12 1.503413580961156e-10 3338
12.0208 7.049842654097269e-13 6.836268329072947e-11 3722
12.7279 2.368566708628965e-13 2.458629337127174e-11 4170
13.435 7.742899985948025e-14 9.37408772656103e-12 4358
14.1421 3.07047609835462e-14 3.991153465527107e-12 5034
14.8492 1.163520193405354e-14 1.445813305803636e-12 5714
15.5564 3.327702482514779e-15 5.103926335719127e-13 5982
16.2635 1.0955043091414e-15 2.005421833154014e-13 6602
16.9706 4.156525104410127e-16 7.860338383164821e-14 7130
17.6777 1.678222808694827e-16 3.0219224069766e-14 8034
18.3848 5.495636034972869e-17 1.196436914596003e-14 8606
19.0919 2.030380052045755e-17 4.345775726401878e-15 9066
19.799 8.003734451918194e-18 1.630954242955276e-15 9962
20.5061 2.756985132892031e-18 6.740972709138619e-16 10550
21.2132 1.007619876380422e-18 2.571994547004695e-16 11226
21.9203 3.948098772184912e-19 9.818741937392172e-17 12146
22.6274 1.598402996885852e-19 3.795659051630563e-17 12303
23.3345 6.528572810878677e-20 1.439399804875336e-17 12584
24.0416 2.15636455663291e-20 5.049996125802902e-18 12120
24.7487 6.918486800887092e-21 1.713371903243314e-18 11180
25.4559 1.888396168935618e-21 6.275977224682165e-19 11096
26.163 5.445662426248812e-22 2.071021319460455e-19 10056
26.8701 2.201111341273475e-22 8.096769115604987e-20 9716
27.5772 8.882258014276609e-23 3.368621920321741e-20 8604
28.2843 3.554082550292371e-23 1.602022781834307e-20 8060
28.9914 1.36051023488991e-23 6.714692951483294e-21 7320
29.6985 5.399935469186171e-24 2.514388043927543e-21 6356
30.4056 2.225147688717256e-24 1.022304898378885e-21 5348
31.1127 7.931054313608296e-25 3.302129514211854e-22 4308
31.8198 2.732058553613874e-25 1.426707061249904e-22 3563
32.5269 5.907080673273208e-26 2.660128726626738e-23 2448
33.234 1.339014584015741e-26 7.542377560771283e-24 1868
33.9411 3.439356375734289e-27 2.137864083963836e-24 1358
34.6482 1.165073631347866e-27 7.375389023989354e-25 1062
35.3554 3.149820872175073e-28 3.036929458145418e-25 776
36.0625 8.80754399548748e-29 6.402913116190937e-26 432
36.7696 3.052782721637275e-29 1.219497612909864e-26 200
37.4767 1.365945215401654e-29 2.256881747680775e-27 168
38.1838 1.856737172193835e-30 3.237652796132661e-28 56
38.8909 9.790297516961483e-32 2.915582502702981e-29 7

0.707107 1.032363823217493e-08 1.067661961719393e-08 18
1.41421 1.278306785551178e-07 6.59564762064522e-08 62
2.12132 5.21641397209862e-07 2.813301748427337e-07 98
2.82843 2.00586441372278e-06 1.176644806422451e-06 210
3.53554 4.378126018140516e-06 3.180616639762438e-06 350
4.24264 4.90897344681409e-06 2.572152286001135e-06 450
4.94975 9.344101310063822e-07 7.417099879787645e-07 602
5.65686 1.882157864659936e-07 2.646257033779177e-07 762
6.36396 6.146602582753e-08 1.460783737158073e-07 1142
7.07107 3.057007521873665e-08 7.632756958962921e-08 1250
7.77818 1.606983264834654e-08 3.949170565246682e-08 1458
8.48528 7.125008741402218e-09 2.610268851783131e-08 1814
9.19239 1.948845736747879e-09 1.439115325246005e-08 2178
9.8995 5.330440385365194e-10 5.086451728889711e-09 2498
10.6066 1.51822605925603e-10 1.840609870273445e-09 2622
11.3137 6.668152893480027e-11 8.588656984926336e-10 3338
12.0208 2.453278413039767e-11 3.965910297820003e-10 3722
12.7279 8.671431811117524e-12 1.703520078711847e-10 4170
13.435 2.760007511158004e-12 6.629653078953615e-11 4358
14.1421 9.42275072920263e-13 3.038869391244662e-11 5034
14.8492 3.096805613579449e-13 1.375345551431596e-11 5714
15.5564 1.029858299424133e-13 5.629329595030341e-12 5982
16.2635 3.63657048707895e-14 2.429337230831684e-12 6602
16.9706 1.403982803662775e-14 1.057886941232515e-12 7130
17.6777 5.351948172215547e-15 4.928883686393599e-13 8034
18.3848 2.026710342664251e-15 2.067786793371e-13 8606
19.0919 8.022884475660008e-16 8.584474263454746e-14 9066
19.799 3.373245228920731e-16 3.485868033676402e-14 9962
20.5061 1.416206918120258e-16 1.424868146544763e-14 10550
21.2132 5.823075100934292e-17 5.956502188117805e-15 11226
21.9203 2.574212861913861e-17 2.780115749389204e-15 12146
22.6274 1.155667361643852e-17 1.242905055509341e-15 12303
23.3345 5.024505723284136e-18 5.383093597827922e-16 12584
24.0416 1.82722158847835e-18 2.275427441303248e-16 12120
24.7487 6.205359848183261e-19 9.563736356568353e-17 11180
25.4559 2.319872879203474e-19 3.906559337780501e-17 11096
26.163 8.159885436790995e-20 1.3914260500352e-17 10056
26.8701 3.112863261032271e-20 5.513556199220597e-18 9716
27.5772 1.146751948009233e-20 2.124736543460025e-18 8604
28.2843 4.833862458582981e-21 8.548247887234699e-19 8060
28.9914 2.014436236873363e-21 3.484202428769693e-19 7320
29.6985 7.865701065292207e-22 1.327951796068049e-19 6356
30.4056 3.012219412878197e-22 5.394930708052825e-20 5348
31.1127 1.089624911538222e-22 2.13140839734612e-20 4308
31.8198 3.772542824332077e-23 8.479480461954904e-21 3563
32.5269 9.988790015977928e-24 2.594647174874942e-21 2448
33.234 3.082965979130923e-24 9.131204665437033e-22 1868
33.9411 9.812270909720447e-25 3.035758046700614e-22 1358
34.6482 3.127806384721991e-25 9.284576208940263e-23 1062
35.3554 9.848358055026361e-26 2.842137791071405e-23 776
36.0625 2.245362892295202e-26 6.406392668904794e-24 432
36.7696 5.918788289687208e-27 1.613192331712177e-24 200
37.4767 2.344284289847837e-27 5.319511687948352e-25 168
38.1838 4.494867524378993e-28 7.784696161967885e-26 56
38.8909 4.673766664255581e-29 5.303069557715058e-27 7

0.707107 1.771974186290183e-09 1.493758961504978e-08 18
1.41421 8.432799643312397e-09 2.35260896775275e-07 62
2.12132 2.870970301069868e-08 1.038465417361367e-06 98
2.82843 1.47997190052645e-07 4.032171473472169e-06 210
3.53554 2.713341296360522e-07 8.318285143842631e-06 350
4.24264 2.014381601407311e-07 1.175095909723338e-05 450
4.94975 3.800690435429518e-08 4.540171299676637e-06 602
5.65686 1.054107597487284e-08 9.692203521999873e-07 762
6.36396 7.357815028394451e-09 4.618303410430298e-07 1142
7.07107 4.834333140151796e-09 2.088523308729502e-07 1250
7.77818 2.47888113193279e-09 1.19773626663107e-07 1458
8.48528 1.274667658878504e-09 7.813839734739694e-08 1814
9.19239 5.098933055479701e-10 3.970125113866339e-08 2178
9.8995 2.09656030714215e-10 1.558300909684547e-08 2498
10.6066 8.390188154778367e-11 6.837496208372363e-09 2622
11.3137 4.187334665506587e-11 3.807421923666936e-09 3338
12.0208 1.759140784289678e-11 2.016198519044363e-09 3722
12.7279 8.324602889699628e-12 9.706867456634912e-10 4170
13.435 3.50679600466044e-12 4.69398772493364e-10 4358
14.1421 1.670836104492895e-12 2.380543901943194e-10 5034
14.8492 7.705113533470293e-13 1.092777088983447e-10 5714
15.5564 3.066357373138742e-13 5.343324804349021e-11 5982
16.2635 1.348874990274996e-13 2.675851112918054e-11 6602
16.9706 5.593312794454478e-14 1.319432847724313e-11 7130
17.6777 2.889908183849704e-14 6.46664111373128e-12 8034
18.3848 1.361829130711386e-14 3.110411169276472e-12 8606
19.0919 6.112386107387707e-15 1.560905009907682e-12 9066
19.799 2.774282974339133e-15 8.405587014249106e-13 9962
20.5061 1.341501727482519e-15 4.202226379683848e-13 10550
21.2132 6.986643809587175e-16 2.158759818123612e-13 11226
21.9203 3.711576485764973e-16 1.12531419800277e-13 12146
22.6274 1.894337992183977e-16 5.630846714204315e-14 12303
23.3345 9.337605356003514e-17 2.793440283032806e-14 12584
24.0416 3.910383738398189e-17 1.247395049417632e-14 12120
24.7487 1.567201759362228e-17 5.2495916923285e-15 11180
25.4559 6.821424705661105e-18 2.383625813302014e-15 11096
26.163 2.909944088954332e-18 1.088159351859919e-15 10056
26.8701 1.505083932144903e-18 5.65227912898735e-16 9716
27.5772 7.699142920926634e-19 2.760302503181796e-16 8604
28.2843 4.197063381554902e-19 1.534223756835538e-16 8060
28.9914 2.211623382890912e-19 8.837579032331271e-17 7320
29.6985 9.764978399438984e-20 4.525871090286807e-17 6356
30.4056 4.355890197452868e-20 2.154406361266244e-17 5348
31.1127 1.955236554364274e-20 9.665131897826901e-18 4308
31.8198 8.940632393307852e-21 4.447462393914753e-18 3563
32.5269 3.416116961898386e-21 1.75790120750058e-18 2448
33.234 1.516568076601746e-21 7.402703628838866e-19 1868
33.9411 6.669106256381612e-22 2.970977036604121e-19 1358
34.6482 2.775877000702076e-22 1.285224527607065e-19 1062
35.3554 1.070066468290377e-22 5.392229325491824e-20 776
36.0625 3.219920388904875e-23 1.643552224722492e-20 432
36.7696 1.079400318502752e-23 5.240038917373984e-21 200
37.4767 6.622986943222302e-24 2.138603184308892e-21 168
38.1838 1.926562888304983e-24 2.819439859055304e-22 56
38.8909 2.256746810759922e-25 2.033622792085982e-23 7

0.707107 1.447361249231058e-07 5.904721328545206e-08 18
1.41421 5.770541237925841e-07 9.194101274391871e-08 62
2.12132 8.972129745376126e-07 2.724887654440328e-07 98
2.82843 2.513289628977452e-06 1.715340157016187e-06 210
3.53554 4.042383031939009e-06 4.576573211580865e-06 350
4.24264 5.452385305645232e-06 2.147901715225731e-06 450
4.94975 3.279708237682717e-06 1.009880919075363e-06 602
5.65686 7.97377035483929e-07 1.061164278670026e-06 762
6.36396 2.356097236681634e-07 1.315291853808761e-06 1142
7.07107 9.315669219494737e-08 7.624455462903459e-07 1250
7.77818 5.179230557718272e-08 4.512098803130554e-07 1458
8.48528 3.438535505087301e-08 3.25506325364508e-07 1814
9.19239 1.817970271313554e-08 2.849454650132026e-07 2178
9.8995 8.140585435504495e-09 2.452037618068406e-07 2498
10.6066 4.038975486659667e-09 1.828439047989484e-07 2622
11.3137 3.069508128787942e-09 1.454749606906865e-07 3338
12.0208 2.046545416222526e-09 1.088991433718706e-07 3722
12.7279 1.356793800696693e-09 1.102241661935248e-07 4170
13.435 9.02140387324484e-10 8.661610328818954e-08 4358
14.1421 7.863605242250117e-10 7.716937755144394e-08 5034
14.8492 6.194590567740179e-10 8.716351117299126e-08 5714
15.5564 4.800378188004038e-10 7.254241133484851e-08 5982
16.2635 4.483427124550128e-10 5.937793315657265e-08 6602
16.9706 3.570019160710159e-10 4.880808513263497e-08 7130
17.6777 2.791545239881597e-10 4.656574251321407e-08 8034
18.3848 2.004136865788252e-10 3.931733713779268e-08 8606
19.0919 1.487355214659156e-10 3.150480463429408e-08 9066
19.799 1.13295676745627e-10 2.857604306476196e-08 9962
20.5061 9.059700585877219e-11 2.541014122206331e-08 10550
21.2132 8.249721440952547e-11 2.311603232792371e-08 11226
21.9203 7.873863191842794e-11 2.333045544759534e-08 12146
22.6274 7.077802827120941e-11 2.147247774495324e-08 12303
23.3345 5.894455784488933e-11 1.840551937892182e-08 12584
24.0416 4.973275633046923e-11 1.448825012239326e-08 12120
24.7487 3.950401981747063e-11 1.164919498661816e-08 11180
25.4559 3.042250731375311e-11 1.022203219502097e-08 11096
26.163 2.442942298802156e-11 7.147585876942464e-09 10056
26.8701 2.03537209609685e-11 5.372454622505915e-09 9716
27.5772 1.342534886046501e-11 4.524837897481754e-09 8604
28.2843 9.547332459148842e-12 3.918155201118582e-09 8060
28.9914 6.748495621538075e-12 2.98650378084689e-09 7320
29.6985 4.361995845491843e-12 2.252202128196638e-09 6356
30.4056 2.824815447556615e-12 1.656768591896485e-09 5348
31.1127 1.670732443587635e-12 1.034921567516417e-09 4308
31.8198 1.081699200172304e-12 6.251256980502425e-10 3563
32.5269 4.545084435146388e-13 2.85159366410394e-10 2448
33.234 2.21989292419779e-13 1.804426472341551e-10 1868
33.9411 1.133595935604352e-13 1.211222174557226e-10 1358
34.6482 7.954891352152368e-14 8.59594625083578e-11 1062
35.3554 6.910524759122121e-14 5.384184309639655e-11 776
36.0625 5.019118023737814e-14 2.299102129161545e-11 432
36.7696 2.660271476035797e-14 8.963485635778566e-12 200
37.4767 2.640373517567577e-14 5.431859138249213e-12 168
38.1838 9.648518302951293e-15 1.412388300460547e-12 56
38.8909 1.271856404387714e-15 1.548495100167612e-13 7

0.707107 1.952926142647531e-08 2.72639881788903e-07 18
1.41421 2.228112196090581e-08 7.713709572809396e-07 62
2.12132 7.704996207394457e-08 1.175210936907378e-06 98
2.82843 2.566624308804965e-07 5.245303247507607e-06 210
3.53554 5.583597945010851e-07 1.062470626858167e-05 350
4.24264 2.021410956425352e-07 1.149408758155211e-05 450
4.94975 1.262880118861684e-07 7.892417119483915e-06 602
5.65686 1.028197900449464e-07 3.65113814530709e-06 762
6.36396 9.495959588091372e-08 3.093755503581878e-06 1142
7.07107 6.383909386800645e-08 2.508463435799117e-06 1250
7.77818 4.768563341206943e-08 2.20094764847087e-06 1458
8.48528 3.404672968422235e-08 2.161890291601448e-06 1814
9.19239 2.656391854653497e-08 2.004868792557922e-06 2178
9.8995 1.929929838231198e-08 1.898432198615014e-06 2498
10.6066 1.448435635459085e-08 1.497113890972313e-06 2622
11.3137 1.179047795916946e-08 1.380212054467935e-06 3338
12.0208 1.033606891848107e-08 1.192500095969609e-06 3722
12.7279 7.49085873025363e-09 1.023122337748954e-06 4170
13.435 5.252207200429843e-09 7.709144473841442e-07 4358
14.1421 4.294213935918866e-09 6.015139202650124e-07 5034
14.8492 3.477455711743189e-09 5.729749519910636e-07 5714
15.5564 2.682664309492104e-09 4.530835855625839e-07 5982
16.2635 2.202056211996067e-09 3.764210349958303e-07 6602
16.9706 1.605789526045925e-09 3.017989207209657e-07 7130
17.6777 1.18493943264357e-09 2.506567560318024e-07 8034
18.3848 9.101220515215208e-10 1.988223344115587e-07 8606
19.0919 6.746111910170982e-10 1.531876225928446e-07 9066
19.799 5.304716951809561e-10 1.346329335899432e-07 9962
20.5061 4.256264357243277e-10 1.115981142898061e-07 10550
21.2132 3.551779036130231e-10 9.223711996214703e-08 11226
21.9203 3.01427272635104e-10 8.17583982616286e-08 12146
22.6274 2.464699248048416e-10 6.918856555332564e-08 12303
23.3345 1.959508334287112e-10 5.995188832531723e-08 12584
24.0416 1.478450676625071e-10 4.826489918792837e-08 12120
24.7487 1.07146231912511e-10 3.689772335683441e-08 11180
25.4559 8.372001564210129e-11 3.221747494511125e-08 11096
26.163 6.251847274171606e-11 2.480585124817236e-08 10056
26.8701 4.804167673539857e-11 1.993483258884106e-08 9716
27.5772 3.330792066765572e-11 1.464830466300598e-08 8604
28.2843 2.555285876815745e-11 1.144825017765663e-08 8060
28.9914 1.925104696226846e-11 8.082832206284766e-09 7320
29.6985 1.322911954295452e-11 5.677978020279673e-09 6356
30.4056 8.983763476637029e-12 4.081115305748536e-09 5348
31.1127 6.117334482765176e-12 2.627911610864294e-09 4308
31.8198 4.039179133563634e-12 1.81026168617721e-09 3563
32.5269 1.98745958044776e-12 8.946408455512722e-10 2448
33.234 1.199438573499346e-12 5.645979218267735e-10 1868
33.9411 6.783194447421124e-13 3.274129089729614e-10 1358
34.6482 4.046093968567771e-13 2.414896320839932e-10 1062
35.3554 2.08342542179504e-13 1.847293917758592e-10 776
36.0625 9.680255181335967e-14 9.092282340640531e-11 432
36.7696 4.694191016775415e-14 3.886478999365518e-11 200
37.4767 3.981843432862778e-14 2.518989873971198e-11 168
38.1838 1.319783985218251e-14 7.247472128591178e-12 56
38.8909 1.74981127051381e-15 6.54695778366369e-13 7

0.707107 1.177863177194182e-06 8.859619464818712e-08 18
1.41421 2.684619487895266e-06 5.996436429086014e-07 62
2.12132 1.311603756646881e-06 6.903645232208789e-07 98
2.82843 2.946853643371306e-06 4.551061793183218e-06 210
3.53554 4.037599512896346e-06 9.140181959304241e-06 350
4.24264 4.190932384930125e-06 5.03910812966298e-06 450
4.94975 3.061261415999624e-06 4.368595964276279e-06 602
5.65686 1.490186742148582e-06 4.260511871314289e-06 762
6.36396 6.8225300820984e-07 5.648065206301886e-06 1142
7.07107 3.250063761492318e-07 4.906639065782108e-06 1250
7.77818 1.939114448087155e-07 5.590567920285104e-06 1458
8.48528 1.526156705402717e-07 5.421489353868038e-06 1814
9.19239 1.044802094339289e-07 5.486783090876107e-06 2178
9.8995 7.559771239661317e-08 4.463107381999578e-06 2498
10.6066 5.326739100792591e-08 3.721438902276326e-06 2622
11.3137 4.433211778549238e-08 3.564976773090779e-06 3338
12.0208 3.205677387046386e-08 3.106467829425758e-06 3722
12.7279 2.338423990767319e-08 2.500397904888285e-06 4170
13.435 1.73864186104266e-08 2.012886310478253e-06 4358
14.1421 1.463569628144529e-08 1.727179958346729e-06 5034
14.8492 1.20017690702298e-08 1.448908608999538e-06 5714
15.5564 8.496727955763919e-09 1.153963564013269e-06 5982
16.2635 6.666833964890918e-09 9.296824825872114e-07 6602
16.9706 4.887812304871448e-09 7.514327885275028e-07 7130
17.6777 3.71385644214941e-09 5.905472331458184e-07 8034
18.3848 2.863441461547866e-09 4.53807107785283e-07 8606
19.0919 2.046714617733719e-09 3.397075296321396e-07 9066
19.799 1.607238793053123e-09 2.739774543375475e-07 9962
20.5061 1.234053764234379e-09 2.098174762914447e-07 10550
21.2132 9.822373796244036e-10 1.710707971310466e-07 11226
21.9203 8.04291889832558e-10 1.50129345230745e-07 12146
22.6274 6.0638874495456e-10 1.22862868757117e-07 12303
23.3345 4.509898496044848e-10 1.012946037425403e-07 12584
24.0416 3.113409347011554e-10 7.718642836610985e-08 12120
24.7487 2.19390938729978e-10 5.669402726021678e-08 11180
25.4559 1.66082392298818e-10 4.626898461659759e-08 11096
26.163 1.140970282300173e-10 3.479642450598635e-08 10056
26.8701 8.615892195245312e-11 2.766316404359813e-08 9716
27.5772 6.038467054930796e-11 2.01580086465853e-08 8604
28.2843 4.405353774634856e-11 1.542477166395754e-08 8060
28.9914 3.16292398200049e-11 1.167368534170115e-08 7320
29.6985 2.134976459283178e-11 7.925488444660562e-09 6356
30.4056 1.522959413849179e-11 5.601697091488452e-09 5348
31.1127 9.909418305397541e-12 3.745770075675698e-09 4308
31.8198 6.631003770121299e-12 2.585891209701301e-09 3563
32.5269 3.358335369626981e-12 1.379198058819059e-09 2448
33.234 1.955986706917479e-12 9.08281955269396e-10 1868
33.9411 1.213845495309781e-12 5.566422462101385e-10 1358
34.6482 7.265720703288434e-13 3.885495792849514e-10 1062
35.3554 4.474048209411142e-13 2.565991403310558e-10 776
36.0625 2.036536144672253e-13 1.360403707146434e-10 432
36.7696 8.972673255204895e-14 5.759759056342183e-11 200
37.4767 7.626125239797878e-14 4.333559506334293e-11 168
38.1838 2.592308193269086e-14 1.068833657650025e-11 56
38.8909 4.207380415160003e-15 1.459846891571182e-12 7

0.707107 5.971520980821447e-08 1.852099492392925e-06 18
1.41421 2.111039909638407e-07 2.662584823181543e-06 62
2.12132 1.62938041470189e-07 2.237333785035936e-06 98
2.82843 4.70287459368491e-07 7.477962308991989e-06 210
3.53554 7.682598092343388e-07 1.649744477390956e-05 350
4.24264 5.058231288989297e-07 1.148347926686832e-05 450
4.94975 3.472438555843721e-07 8.81945791445917e-06 602
5.65686 2.482608333451882e-07 6.821174264410995e-06 762
6.36396 2.476014396899515e-07 8.588118317543996e-06 1142
7.07107 1.925739422383687e-07 7.906390715763134e-06 1250
7.77818 1.545232930162328e-07 7.982605885193951e-06 1458
8.48528 1.440933943111163e-07 8.536223798599155e-06 1814
9.19239 1.21180977301069e-07 8.830317384575532e-06 2178
9.8995 1.026997368129226e-07 8.576708762269776e-06 2498
10.6066 7.559911638521088e-08 7.428643220721328e-06 2622
11.3137 6.776489311620202e-08 7.551797009194876e-06 3338
12.0208 5.313812363343771e-08 6.221946999613984e-06 3722
12.7279 4.24210117255994e-08 5.424274631333535e-06 4170
13.435 3.081176621677492e-08 4.361708121369011e-06 4358
14.1421 2.550168487467507e-08 3.795648802267769e-06 5034
14.8492 2.073470623552994e-08 3.239417738368418e-06 5714
15.5564 1.495695790285199e-08 2.543552979282414e-06 5982
16.2635 1.131848273915086e-08 2.113280429839938e-06 6602
16.9706 8.432168080726088e-09 1.635402689546283e-06 7130
17.6777 6.538883245373604e-09 1.324242054985897e-06 8034
18.3848 4.778279856337114e-09 1.019901339116945e-06 8606
19.0919 3.545816821457201e-09 7.82400406205625e-07 9066
19.799 2.735216582010889e-09 6.161872563210445e-07 9962
20.5061 2.031128101547322e-09 4.854804479829522e-07 10550
21.2132 1.569989229397864e-09 3.905318227106712e-07 11226
21.9203 1.303084105927851e-09 3.241765591649644e-07 12146
22.6274 1.030939051833687e-09 2.500702523144331e-07 12303
23.3345 7.605235348583208e-10 2.003584018372308e-07 12584
24.0416 5.365563023666464e-10 1.464623653114057e-07 12120
24.7487 3.526637058022545e-10 1.079649110918374e-07 11180
25.4559 2.65692289409262e-10 8.307935158124646e-08 11096
26.163 1.836704271556203e-10 6.049040679001067e-08 10056
26.8701 1.365702617071206e-10 4.695504335384506e-08 9716
27.5772 9.337536006108067e-11 3.344827195267697e-08 8604
28.2843 6.531596756461931e-11 2.52520696075437e-08 8060
28.9914 4.813230484281736e-11 1.830452012040434e-08 7320
29.6985 3.195022120654608e-11 1.263585605189363e-08 6356
30.4056 2.133546106076758e-11 9.015621219265325e-09 5348
31.1127 1.338589492343717e-11 5.868835969048762e-09 4308
31.8198 8.830160678915152e-12 4.345724550013879e-09 3563
32.5269 4.188038578742206e-12 2.40708271366567e-09 2448
33.234 2.530333152595551e-12 1.67880297067819e-09 1868
33.9411 1.453969666699583e-12 1.031210539108729e-09 1358
34.6482 1.008176273946458e-12 6.566855182498156e-10 1062
35.3554 6.491538074593004e-13 4.704664282647321e-10 776
36.0625 3.055887042980293e-13 2.224160446633645e-10 432
36.7696 1.289365708783996e-13 9.706875297799285e-11 200
37.4767 1.066439861414182e-13 6.765251676456975e-11 168
38.1838 3.04478944123173e-14 2.088348118427601e-11 56
38.8909 6.08474391600218e-15 2.878028352806265e-12 7

0.707107 1.926773554794942e-06 3.552613177862561e-07 18
1.41421 2.343382179817669e-06 1.434438282774611e-06 62
2.12132 1.513969013086682e-06 8.706182167287102e-07 98
2.82843 2.930397372687323e-06 4.899705948533916e-06 210
3.53554 4.48333673811699e-06 1.058095358245122e-05 350
4.24264 4.176549015595153e-06 6.275712033449318e-06 450
4.94975 2.826659063364276e-06 5.648776215063302e-06 602
5.65686 1.726179019288925e-06 6.014827949027167e-06 762
6.36396 1.075545396544816e-06 8.287532554990497e-06 1142
7.07107 5.894116636444602e-07 8.999647828636167e-06 1250
7.77818 4.01231744884704e-07 9.280458962193602e-06 1458
8.48528 3.1480141957374e-07 1.022143536631983e-05 1814
9.19239 2.378504567933405e-07 1.034488432879928e-05 2178
9.8995 1.865858046783714e-07 1.001574057068245e-05 2498
10.6066 1.405647370869135e-07 8.972164452050357e-06 2622
11.3137 1.240123540570264e-07 8.884751546572901e-06 3338
12.0208 9.690892372861869e-08 8.275066575612634e-06 3722
12.7279 7.641588233156702e-08 7.144003600178035e-06 4170
13.435 5.666521181776241e-08 5.91318373562734e-06 4358
14.1421 4.779612580367077e-08 5.221200951567938e-06 5034
14.8492 3.721848928159861e-08 4.596054991913227e-06 5714
15.5564 2.840679955111085e-08 3.55012917773403e-06 5982
16.2635 2.20001974761903e-08 2.972096956856957e-06 6602
16.9706 1.623661326462862e-08 2.237921731290021e-06 7130
17.6777 1.270437167207691e-08 1.787910530372301e-06 8034
18.3848 9.510364210459048e-09 1.334973269012956e-06 8606
19.0919 7.186770506208351e-09 1.007675202318656e-06 9066
19.799 5.522490921188727e-09 7.97662908975453e-07 9962
20.5061 4.106312371474942e-09 6.27394886398255e-07 10550
21.2132 3.158088941975302e-09 4.876046999038566e-07 11226
21.9203 2.615432934269817e-09 3.958738208052472e-07 12146
22.6274 1.936467460054398e-09 3.065116789209359e-07 12303
23.3345 1.394763810918214e-09 2.403570437686411e-07 12584
24.0416 9.419327007010727e-10 1.69248128586079e-07 12120
24.7487 5.984995227184498e-10 1.217982367518681e-07 11180
25.4559 4.497378583434057e-10 9.212510362869791e-08 11096
26.163 2.966861009417173e-10 6.706894038268533e-08 10056
26.8701 2.114746844005004e-10 5.191409341371304e-08 9716
27.5772 1.426241917570086e-10 3.737462748914515e-08 8604
28.2843 1.031653612058482e-10 2.724985335940344e-08 8060
28.9914 6.99238035408476e-11 2.04214976547918e-08 7320
29.6985 4.641635625833291e-11 1.410485724967485e-08 6356
30.4056 3.254222706468387e-11 9.896323326784039e-09 5348
31.1127 1.977298168437515e-11 6.3923380262678e-09 4308
31.8198 1.310637957879411e-11 4.258207041864423e-09 3563
32.5269 6.355128619461588e-12 2.377455377917196e-09 2448
33.234 4.082550114731274e-12 1.414154992033115e-09 1868
33.9411 2.358532151787348e-12 8.835155433249112e-10 1358
34.6482 1.422666472509849e-12 5.369008263807171e-10 1062
35.3554 8.413325756186476e-13 3.545527579795264e-10 776
36.0625 3.845398009662028e-13 1.642322922048756e-10 432
36.7696 1.7159037359979e-13 7.053774839880403e-11 200
37.4767 1.244330253744985e-13 4.646513695327498e-11 168
38.1838 4.165676436325785e-14 1.531971610987504e-11 56
38.8909 6.95806662102233e-15 1.215049997243665e-12 7

0.707107 1.686583918847398e-07 3.993776477496489e-06 18
1.41421 3.275077996279627e-07 2.609429681530477e-06 62
2.12132 2.519025783189656e-07 2.28868556551077e-06 98
2.82843 5.627856056514777e-07 8.414346908588665e-06 210
3.53554 1.08044147598244e-06 1.620625733404388e-05 350
4.24264 6.784727240227482e-07 1.154235382609339e-05 450
4.94975 4.832791800099495e-07 9.744919358575732e-06 602
5.65686 3.523478708910659e-07 7.967196704327594e-06 762
6.36396 3.350283108710552e-07 1.016662358572782e-05 1142
7.07107 2.628626846316152e-07 1.013827484770165e-05 1250
7.77818 2.161334123891875e-07 1.054483341218833e-05 1458
8.48528 2.108351070662037e-07 1.214395651331678e-05 1814
9.19239 1.889258816331301e-07 1.250880009145921e-05 2178
9.8995 1.509144444743352e-07 1.240886435926595e-05 2498
10.6066 1.289223954186454e-07 1.116775291264639e-05 2622
11.3137 1.199875760377572e-07 1.17274610713404e-05 3338
12.0208 9.552527856057853e-08 1.041088793292135e-05 3722
12.7279 7.490332385110252e-08 9.442078578286754e-06 4170
13.435 5.870926282480501e-08 7.855219908327425e-06 4358
14.1421 5.015441745292586e-08 7.010932224360621e-06 5034
14.8492 3.9391905892892e-08 6.145655023895255e-06 5714
15.5564 2.881959496233919e-08 4.761830378324011e-06 5982
16.2635 2.230575661042891e-08 4.049734496145211e-06 6602
16.9706 1.669894021707247e-08 3.117873018554193e-06 7130
17.6777 1.323350221486539e-08 2.5041228575336e-06 8034
18.3848 9.656278409066634e-09 1.976561474847315e-06 8606
19.0919 7.254032312757697e-09 1.516585978360862e-06 9066
19.799 5.593266812322159e-09 1.202344338160278e-06 9962
20.5061 4.225084612250686e-09 9.383476734919096e-07 10550
21.2132 3.218785919326256e-09 7.238784385318033e-07 11226
21.9203 2.546631148814963e-09 5.822606060524451e-07 12146
22.6274 1.967679650512368e-09 4.552484398110728e-07 12303
23.3345 1.407844368881279e-09 3.456094882575334e-07 12584
24.0416 9.516720229037987e-10 2.426115010364704e-07 12120
24.7487 6.289140512411261e-10 1.689265954616814e-07 11180
25.4559 4.532410795746781e-10 1.25759558320829e-07 11096
26.163 3.027412882147872e-10 8.78730986919139e-08 10056
26.8701 2.107870003645021e-10 6.698499054740333e-08 9716
27.5772 1.464650784340968e-10 4.634843913961864e-08 8604
28.2843 1.005965229174339e-10 3.493564843072722e-08 8060
28.9914 7.116532769194457e-11 2.400179539270228e-08 7320
29.6985 4.755463304985141e-11 1.660182139791821e-08 6356
30.4056 3.209101831364318e-11 1.126594406011567e-08 5348
31.1127 1.83017958190662e-11 7.331402295408453e-09 4308
31.8198 1.20136957986293e-11 5.059826895785497e-09 3563
32.5269 6.274209021961688e-12 2.547287235337044e-09 2448
33.234 3.632404958977467e-12 1.572130365870031e-09 1868
33.9411 1.999848000143601e-12 9.09117114789369e-10 1358
34.6482 1.264605860975563e-12 5.788651342326839e-10 1062
35.3554 7.427635091077624e-13 3.667694148865676e-10 776
36.0625 3.416807052475374e-13 1.693038480038639e-10 432
36.7696 1.402901617654822e-13 7.222438531160245e-11 200
37.4767 1.162795649397367e-13 4.825192112622507e-11 168
38.1838 2.86016876004722e-14 1.855677691158969e-11 56
38.8909 3.341836039868273e-15 2.613206795941308e-12 7

0.707107 3.545008957664285e-06 6.569491466124224e-07 18
1.41421 1.573474329162389e-06 1.134206094705168e-06 62
2.12132 1.427341510487433e-06 9.04997206865695e-07 98
2.82843 3.117694438818206e-06 4.017613280231787e-06 210
3.53554 4.403323945478656e-06 9.767780824438774e-06 350
4.24264 3.808534576825056e-06 6.365120918363269e-06 450
4.94975 3.20354767398839e-06 5.43049512422264e-06 602
5.65686 1.948131370951289e-06 6.02882014804024e-06 762
6.36396 1.352722228605549e-06 8.592947610777051e-06 1142
7.07107 7.907703751806597e-07 9.620257057447512e-06 1250
7.77818 5.974757360607229e-07 1.008976874843455e-05 1458
8.48528 4.692318649302162e-07 1.182561529250892e-05 1814
9.19239 3.698043169491195e-07 1.267263922172299e-05 2178
9.8995 2.774517849372426e-07 1.305692966782097e-05 2498
10.6066 2.27375660054544e-07 1.203242219849224e-05 2622
11.3137 2.000325727467226e-07 1.246798719712189e-05 3338
12.0208 1.55633908986455e-07 1.195576957561069e-05 3722
12.7279 1.257386842751201e-07 1.047702820583934e-05 4170
13.435 9.749766014777513e-08 9.207528111796976e-06 4358
14.1421 8.545216637401984e-08 8.501873157154849e-06 5034
14.8492 6.761650426319576e-08 7.239178958455525e-06 5714
15.5564 5.096546461570777e-08 5.729656372393412e-06 5982
16.2635 4.054324719002483e-08 4.798463903201798e-06 6602
16.9706 3.08124363678135e-08 3.812639758172242e-06 7130
17.6777 2.453794120732229e-08 3.124567053810499e-06 8034
18.3848 1.861498323791941e-08 2.458026253540774e-06 8606
19.0919 1.404317437007546e-08 1.911048763307221e-06 9066
19.799 1.111930116338766e-08 1.498826383357701e-06 9962
20.5061 8.636440702906347e-09 1.158155702566335e-06 10550
21.2132 6.606986897705805e-09 8.992241830736276e-07 11226
21.9203 5.448701782106894e-09 7.399196633521976e-07 12146
22.6274 4.141330305539048e-09 5.754471909674969e-07 12303
23.3345 2.988609878175727e-09 4.365718532341921e-07 12584
24.0416 2.010198650559428e-09 3.017891017375869e-07 12120
24.7487 1.318355703126456e-09 2.133636734364798e-07 11180
25.4559 9.148700378713393e-10 1.57770023170202e-07 11096
26.163 6.12925902788171e-10 1.101221236806755e-07 10056
26.8701 4.224542983117778e-10 8.064333915641668e-08 9716
27.5772 2.767428994143168e-10 5.50960960929764e-08 8604
28.2843 1.987044102542071e-10 4.036386073317286e-08 8060
28.9914 1.392965035400337e-10 2.936735939472401e-08 7320
29.6985 9.051347150924612e-11 2.003372261591034e-08 6356
30.4056 5.878809858093356e-11 1.370239135688126e-08 5348
31.1127 3.631923555847142e-11 8.797045984133049e-09 4308
31.8198 2.416823349951626e-11 5.872435261383588e-09 3563
32.5269 1.130472124126261e-11 3.034089171571954e-09 2448
33.234 6.918441546461965e-12 1.784208288040273e-09 1868
33.9411 3.951843083058386e-12 1.110034897829873e-09 1358
34.6482 2.353042857269661e-12 6.568282252939099e-10 1062
35.3554 1.3491977160467e-12 4.062826252037009e-10 776
36.0625 5.998435099531317e-13 1.810766863577548e-10 432
36.7696 2.477344191547528e-13 7.427129402121372e-11 200
37.4767 1.909668004996461e-13 5.758328893361638e-11 168
38.1838 5.562189209533226e-14 1.308108648975558e-11 56
38.8909 5.614465635789276e-15 1.817438316629853e-12 7

0.707107 1.324248598264912e-07 5.930566557838646e-06 18
1.41421 1.707620032093937e-07 1.741500589506764e-06 62
2.12132 1.804345307889672e-07 2.223653097027742e-06 98
2.82843 4.937614084676613e-07 6.292503754069157e-06 210
3.53554 7.210179251087748e-07 1.318824771026055e-05 350
4.24264 4.204370637855907e-07 1.087719844810693e-05 450
4.94975 3.534141647336428e-07 9.821663468205293e-06 602
5.65686 3.109446518020075e-07 7.8109899277227e-06 762
6.36396 3.133167056986556e-07 1.025167475842456e-05 1142
7.07107 2.560892130244726e-07 1.03137538781435e-05 1250
7.77818 2.163192096963163e-07 1.108814399192046e-05 1458
8.48528 2.185839757992102e-07 1.309753189178719e-05 1814
9.19239 2.053243096581582e-07 1.412419256250921e-05 2178
9.8995 1.741962656117688e-07 1.532762573311702e-05 2498
10.6066 1.567334861962284e-07 1.394177978832669e-05 2622
11.3137 1.463392867168133e-07 1.464015139345038e-05 3338
12.0208 1.195869888694079e-07 1.373644905542707e-05 3722
12.7279 1.019111798597156e-07 1.249064378878846e-05 4170
13.435 7.822219192934258e-08 1.11247205360326e-05 4358
14.1421 6.987852651651311e-08 1.010862685429895e-05 5034
14.8492 5.58642844377328e-08 8.927135465083877e-06 5714
15.5564 4.296762570061262e-08 7.075790115330289e-06 5982
16.2635 3.356632310408142e-08 5.878193323814232e-06 6602
16.9706 2.626128387227312e-08 4.822427196560859e-06 7130
17.6777 2.067623061057557e-08 4.02529116451429e-06 8034
18.3848 1.562129514047843e-08 3.163339658191919e-06 8606
19.0919 1.204865969470789e-08 2.453922953452112e-06 9066
19.799 9.142859522311894e-09 2.070150375735214e-06 9962
20.5061 7.070883405457321e-09 1.572840065725166e-06 10550
21.2132 5.604170485719312e-09 1.239838148262796e-06 11226
21.9203 4.548748485893774e-09 1.007797747103692e-06 12146
22.6274 3.397976412987719e-09 7.979504711815261e-07 12303
23.3345 2.550781832272891e-09 6.085880398265158e-07 12584
24.0416 1.694929346734558e-09 4.262391996328934e-07 12120
24.7487 1.105215257750164e-09 2.934732811536179e-07 11180
25.4559 7.88849751178584e-10 2.1423834301179e-07 11096
26.163 5.174322739899234e-10 1.458776938700761e-07 10056
26.8701 3.69469231028697e-10 1.095502703817354e-07 9716
27.5772 2.376043439992264e-10 7.283535024783459e-08 8604
28.2843 1.751323683942531e-10 5.282353445687754e-08 8060
28.9914 1.210691776230874e-10 3.724275942107041e-08 7320
29.6985 7.852690378719407e-11 2.538794702432822e-08 6356
30.4056 5.223081103706903e-11 1.718035746144454e-08 5348
31.1127 3.225651902373524e-11 1.094155977682797e-08 4308
31.8198 2.097952292206459e-11 7.264568076741668e-09 3563
32.5269 9.880106591092164e-12 3.732691100101323e-09 2448
33.234 5.828182978891203e-12 2.215404274165518e-09 1868
33.9411 3.207908252378206e-12 1.350514805304331e-09 1358
34.6482 1.838109728497801e-12 8.336524209109187e-10 1062
35.3554 1.166435196165712e-12 4.69793125092102e-10 776
36.0625 5.335077004295217e-13 2.241448665165281e-10 432
36.7696 2.155857596735751e-13 7.699314945258195e-11 200
37.4767 1.409409423919174e-13 5.976123099133562e-11 168
38.1838 5.228350676497642e-14 2.478936802991686e-11 56
38.8909 8.086199007513464e-15 2.327994730860359e-12 7

0.707107 3.537054090947594e-06 4.157282850305606e-07 18
1.41421 1.257428624497632e-06 5.08298782541223e-07 62
2.12132 1.380818292580228e-06 5.89483726679631e-07 98
2.82843 2.93106132808712e-06 2.908909290177259e-06 210
3.53554 4.268936168824053e-06 6.341980498203431e-06 350
4.24264 3.747722081310933e-06 4.649630052144244e-06 450
4.94975 3.209888584532622e-06 4.756097537117294e-06 602
5.65686 1.90536024957267e-06 5.310769509242507e-06 762
6.36396 1.428383519326442e-06 7.859478622760303e-06 1142
7.07107 9.134732572508417e-07 8.792329579436767e-06 1250
7.77818 7.113145322268773e-07 9.675239795418322e-06 1458
8.48528 5.489964085148836e-07 1.154749800133695e-05 1814
9.19239 4.555767036432222e-07 1.294458665886987e-05 2178
9.8995 3.396090578400608e-07 1.309277448815509e-05 2498
10.6066 2.702396696159057e-07 1.363388593921575e-05 2622
11.3137 2.521010667398981e-07 1.4900282965639e-05 3338
12.0208 2.046539162648949e-07 1.376009687166205e-05 3722
12.7279 1.68697261208532e-07 1.271947244412907e-05 4170
13.435 1.321654558980455e-07 1.12103922481634e-05 4358
14.1421 1.162188446382813e-07 1.02320878840208e-05 5034
14.8492 9.395067993539423e-08 9.240030703056994e-06 5714
15.5564 6.994533615104854e-08 7.617066981530884e-06 5982
16.2635 5.787435968361361e-08 6.401114802609243e-06 6602
16.9706 4.666889560029655e-08 5.375835335111787e-06 7130
17.6777 3.820087433412847e-08 4.624463238465192e-06 8034
18.3848 2.993123276349978e-08 3.650027056501754e-06 8606
19.0919 2.312538711184938e-08 2.891327483790918e-06 9066
19.799 1.867992155930434e-08 2.438065899076793e-06 9962
20.5061 1.491624992851834e-08 1.891893694710378e-06 10550
21.2132 1.169952645543555e-08 1.531125359868687e-06 11226
21.9203 9.657687371047702e-09 1.284827551017152e-06 12146
22.6274 7.50240560120726e-09 1.023671157814645e-06 12303
23.3345 5.594976137163318e-09 7.700565368607579e-07 12584
24.0416 3.847176644392267e-09 5.439499903748311e-07 12120
24.7487 2.559073681664434e-09 3.741623898886652e-07 11180
25.4559 1.763020420370406e-09 2.767062575787357e-07 11096
26.163 1.177769407478048e-09 1.884932116833746e-07 10056
26.8701 8.282885072122322e-10 1.379004685382714e-07 9716
27.5772 5.398467353409965e-10 9.316343659636411e-08 8604
28.2843 3.891018665276416e-10 6.773986889050875e-08 8060
28.9914 2.602201387638128e-10 4.714042825147681e-08 7320
29.6985 1.715326065428484e-10 3.287817488604814e-08 6356
30.4056 1.142357358329571e-10 2.205483496431615e-08 5348
31.1127 7.029246675240913e-11 1.386907694094889e-08 4308
31.8198 4.499057051970693e-11 9.72957999053219e-09 3563
32.5269 2.200003682023447e-11 4.720016830210811e-09 2448
33.234 1.28519404371534e-11 2.936131336757441e-09 1868
33.9411 7.192878305145764e-12 1.621829377108692e-09 1358
34.6482 4.293608844886099e-12 9.74621593469169e-10 1062
35.3554 2.565019632814727e-12 6.125344465843563e-10 776
36.0625 1.155860645995997e-12 2.950130711607003e-10 432
36.7696 4.424573930966318e-13 1.313313245154979e-10 200
37.4767 3.052575158375899e-13 8.240924636102538e-11 168
38.1838 9.410302968234274e-14 2.798348899954675e-11 56
38.8909 5.997705923347294e-15 5.303719907377131e-12 7

0.707107 1.293521827674808e-07 4.273377276897159e-06 18
1.41421 6.914021257963703e-08 1.659981812057878e-06 62
2.12132 6.766373977372562e-08 2.541422879388293e-06 98
2.82843 2.209460493716176e-07 6.472459492551747e-06 210
3.53554 4.212140880920238e-07 1.087065719388581e-05 350
4.24264 2.573701956489235e-07 8.905472309639199e-06 450
4.94975 2.243257602250673e-07 8.722883954607684e-06 602
5.65686 2.239599545985954e-07 8.244080579639879e-06 762
6.36396 2.49124399189166e-07 9.892281723789052e-06 1142
7.07107 2.261184756009656e-07 1.022043065039755e-05 1250
7.77818 2.012063088925336e-07 1.08905390565438e-05 1458
8.48528 2.034555232963237e-07 1.327243164352537e-05 1814
9.19239 1.945029262515661e-07 1.433784347770226e-05 2178
9.8995 1.746619988172716e-07 1.458486829069416e-05 2498
10.6066 1.487231516861216e-07 1.40057664618559e-05 2622
11.3137 1.536168301985998e-07 1.605554234821289e-05 3338
12.0208 1.281184436414459e-07 1.470302721072331e-05 3722
12.7279 1.07439280937869e-07 1.363498325339828e-05 4170
13.435 8.655618068265379e-08 1.185877678687466e-05 4358
14.1421 7.528734783718535e-08 1.125877796116542e-05 5034
14.8492 6.334441268395248e-08 9.917313512417756e-06 5714
15.5564 4.876436290464825e-08 8.198534977864747e-06 5982
16.2635 4.070127330964991e-08 7.282657735096321e-06 6602
16.9706 3.211456547988087e-08 5.933349597944825e-06 7130
17.6777 2.641397543625263e-08 5.22186255003163e-06 8034
18.3848 1.999230282713584e-08 4.172058067641734e-06 8606
19.0919 1.55259798548723e-08 3.335104814189383e-06 9066
19.799 1.271154332777068e-08 2.810953434850863e-06 9962
20.5061 9.970901471551798e-09 2.224964803827009e-06 10550
21.2132 7.826513372108093e-09 1.811848047691821e-06 11226
21.9203 6.449823769984165e-09 1.563993073018149e-06 12146
22.6274 5.18923613917539e-09 1.212021643328176e-06 12303
23.3345 3.965090570337094e-09 9.662404165331224e-07 12584
24.0416 2.672926911143732e-09 6.737413782665269e-07 12120
24.7487 1.764708765595209e-09 4.650055896866722e-07 11180
25.4559 1.257138285194806e-09 3.408484093229715e-07 11096
26.163 8.20698711652033e-10 2.343805869336002e-07 10056
26.8701 5.676391108617695e-10 1.725244940917505e-07 9716
27.5772 3.828529014913439e-10 1.193198110088312e-07 8604
28.2843 2.730714962169292e-10 8.484303160607662e-08 8060
28.9914 1.926246024426124e-10 5.923711376350767e-08 7320
29.6985 1.285505423120742e-10 4.035068875921567e-08 6356
30.4056 8.748766591748113e-11 2.776402268304919e-08 5348
31.1127 5.191933440387662e-11 1.778684339359365e-08 4308
31.8198 3.475563591337914e-11 1.173285770932741e-08 3563
32.5269 1.700942721723157e-11 6.108444960435407e-09 2448
33.234 9.766264010732588e-12 3.752214172498739e-09 1868
33.9411 5.691471246369266e-12 2.053886252648262e-09 1358
34.6482 3.314411046257752e-12 1.333793325973391e-09 1062
35.3554 1.970370697389223e-12 7.657506811015743e-10 776
36.0625 9.296900648367982e-13 3.949361062956757e-10 432
36.7696 4.155733775558166e-13 1.39127704886824e-10 200
37.4767 3.185926964690255e-13 1.109693029281074e-10 168
38.1838 9.780600982145948e-14 2.860392986710726e-11 56
38.8909 5.717406138328645e-15 3.26221204027855e-12 7

0.707107 2.826616158711337e-06 2.59410148851035e-07 18
1.41421 1.001374335935768e-06 2.685107779453293e-07 62
2.12132 1.40570429415442e-06 3.426932077964414e-07 98
2.82843 3.011943761921937e-06 1.783188376349456e-06 210
3.53554 4.285032731835919e-06 4.313766328740357e-06 350
4.24264 3.437963440968893e-06 2.719636865003477e-06 450
4.94975 2.799771066860528e-06 3.626394636196084e-06 602
5.65686 1.877302057990621e-06 4.728892392719587e-06 762
6.36396 1.432690662538738e-06 6.788737165434519e-06 1142
7.07107 9.510703148286078e-07 7.605309094477098e-06 1250
7.77818 7.591091380941339e-07 8.992873933918488e-06 1458
8.48528 6.020190720315097e-07 1.033346066324624e-05 1814
9.19239 4.748770718058101e-07 1.1697872622574e-05 2178
9.8995 3.809468832899861e-07 1.329634849329524e-05 2498
10.6066 2.904065546211873e-07 1.233886303042243e-05 2622
11.3137 2.764436877190483e-07 1.406761563652267e-05 3338
12.0208 2.259254145146321e-07 1.329657823915568e-05 3722
12.7279 1.860724014124425e-07 1.270627102165038e-05 4170
13.435 1.497812414667973e-07 1.168347493177622e-05 4358
14.1421 1.281251354664818e-07 1.103695759593757e-05 5034
14.8492 1.085728956404635e-07 1.033328352821024e-05 5714
15.5564 8.624199465021742e-08 8.492416175359756e-06 5982
16.2635 7.091351972054312e-08 7.299171697824585e-06 6602
16.9706 5.813820361478236e-08 6.273354887998091e-06 7130
17.6777 4.801205179393906e-08 5.477273361802398e-06 8034
18.3848 3.925864329908432e-08 4.465392878920902e-06 8606
19.0919 2.980568251656795e-08 3.553857016602103e-06 9066
19.799 2.513045371176969e-08 2.955300833388243e-06 9962
20.5061 1.998935014144158e-08 2.415583530406426e-06 10550
21.2132 1.623569949610722e-08 1.982146141192694e-06 11226
21.9203 1.401639133559852e-08 1.708715725456117e-06 12146
22.6274 1.09780809416015e-08 1.351415226106921e-06 12303
23.3345 8.088008061863672e-09 1.075404959351395e-06 12584
24.0416 5.719570757241556e-09 7.469991647284868e-07 12120
24.7487 3.8688024887763e-09 5.229662340577922e-07 11180
25.4559 2.724289833587466e-09 3.929678093926101e-07 11096
26.163 1.813394911314108e-09 2.681763142042608e-07 10056
26.8701 1.285456757495256e-09 1.958383884525347e-07 9716
27.5772 8.75923792686083e-10 1.332982141467787e-07 8604
28.2843 6.212360758381729e-10 9.702378772801621e-08 8060
28.9914 4.145501417567646e-10 6.913397494721509e-08 7320
29.6985 2.752413117151905e-10 4.730527891744475e-08 6356
30.4056 1.88093495784645e-10 3.296499749541958e-08 5348
31.1127 1.140874084701516e-10 2.086238577704145e-08 4308
31.8198 7.453103972538461e-11 1.437465921560682e-08 3563
32.5269 3.496179104884004e-11 6.908126570133548e-09 2448
33.234 2.201979111232039e-11 4.404359561888957e-09 1868
33.9411 1.233578659310552e-11 2.474207083953055e-09 1358
34.6482 7.207491910828339e-12 1.551258095185155e-09 1062
35.3554 4.334942551005814e-12 9.691157259049194e-10 776
36.0625 1.900969626785186e-12 4.746459327450737e-10 432
36.7696 8.27172614230245e-13 1.771695708349475e-10 200
37.4767 6.190309676281042e-13 1.418796241320038e-10 168
38.1838 1.963497698374853e-13 4.090110674288248e-11 56
38.8909 1.435208680488546e-14 3.257934117725735e-12 7

0.707107 1.586092451179392e-07 3.851241141935539e-06 18
1.41421 4.750904741198994e-08 1.360172131482202e-06 62
2.12132 5.871924858859489e-08 2.452824300407475e-06 98
2.82843 1.607055990210875e-07 5.62831136386946e-06 210
3.53554 2.903608985346606e-07 8.269976972170955e-06 350
4.24264 2.114041448624065e-07 8.18827587883003e-06 450
4.94975 1.963651719276796e-07 7.284756391411921e-06 602
5.65686 1.864917963423088e-07 7.303691855332899e-06 762
6.36396 2.17541996721647e-07 9.071542638053903e-06 1142
7.07107 1.992524883364743e-07 8.992510760763744e-06 1250
7.77818 1.767298103605068e-07 1.038464840079357e-05 1458
8.48528 1.862018521109305e-07 1.150974791014626e-05 1814
9.19239 1.837203706719847e-07 1.275179121744212e-05 2178
9.8995 1.703444635521161e-07 1.350596163849832e-05 2498
10.6066 1.423343223098301e-07 1.288996055228897e-05 2622
11.3137 1.446314217936111e-07 1.471615744308026e-05 3338
12.0208 1.281041914906202e-07 1.455597406441871e-05 3722
12.7279 1.115139921413554e-07 1.362747574592126e-05 4170
13.435 9.198148774482678e-08 1.213893009555254e-05 4358
14.1421 7.998412033753595e-08 1.151780401667222e-05 5034
14.8492 6.854628612107365e-08 1.047595597760349e-05 5714
15.5564 5.435762416748832e-08 8.936500079130333e-06 5982
16.2635 4.360350980246148e-08 7.791721214339942e-06 6602
16.9706 3.608528064049996e-08 6.748815190444714e-06 7130
17.6777 2.947837608552684e-08 5.888158664715865e-06 8034
18.3848 2.414217005188609e-08 4.662556641952006e-06 8606
19.0919 1.847911755688286e-08 3.795413926739684e-06 9066
19.799 1.494216432451102e-08 3.34271460351047e-06 9962
20.5061 1.204691998010631e-08 2.772288849659739e-06 10550
21.2132 9.649218043823125e-09 2.259497301380732e-06 11226
21.9203 8.045919561174872e-09 1.929406192741206e-06 12146
22.6274 6.5826390516982e-09 1.54835243309048e-06 12303
23.3345 4.875856935089811e-09 1.208316093642402e-06 12584
24.0416 3.423609595411395e-09 8.530435618256941e-07 12120
24.7487 2.244217211629953e-09 5.90457733148548e-07 11180
25.4559 1.604071359873795e-09 4.417797394810176e-07 11096
26.163 1.094972931487625e-09 3.009558738482267e-07 10056
26.8701 7.685575627660055e-10 2.169965053220248e-07 9716
27.5772 5.176315852842082e-10 1.48975548240762e-07 8604
28.2843 3.711108087877872e-10 1.093017733972285e-07 8060
28.9914 2.607398890073204e-10 7.913619467217568e-08 7320
29.6985 1.707859410991866e-10 5.315393240076588e-08 6356
30.4056 1.18318560582305e-10 3.713376308613841e-08 5348
31.1127 7.454809017987983e-11 2.295150603267371e-08 4308
31.8198 4.940952984302512e-11 1.547388141133859e-08 3563
32.5269 2.446807594008699e-11 8.553880801105946e-09 2448
33.234 1.421764602468364e-11 4.71400453460443e-09 1868
33.9411 8.387419521881832e-12 2.940676864254613e-09 1358
34.6482 4.590183821706672e-12 1.750490619654557e-09 1062
35.3554 2.923068313230622e-12 1.122166424423514e-09 776
36.0625 1.347895897791701e-12 4.970425748613423e-10 432
36.7696 5.082092295855635e-13 2.300244325363557e-10 200
37.4767 4.018375520692556e-13 1.679438813699682e-10 168
38.1838 1.325011573655099e-13 4.523033982410894e-11 56
38.8909 1.690879091688706e-14 3.638483720599923e-12 7

0.707107 2.632266513988721e-06 7.344973720738969e-07 18
1.41421 8.026984576947426e-07 2.05211782164136e-07 62
2.12132 1.457066100671009e-06 3.526809780141709e-07 98
2.82843 2.430378603620175e-06 1.300032835721506e-06 210
3.53554 3.684278105187697e-06 2.799060531611567e-06 350
4.24264 2.916639432520326e-06 2.670776704992275e-06 450
4.94975 2.358344245158533e-06 3.219261673016e-06 602
5.65686 1.565870637231116e-06 4.03501294336347e-06 762
6.36396 1.279721611758133e-06 6.055315410718943e-06 1142
7.07107 8.833335766892516e-07 6.83016676117671e-06 1250
7.77818 6.590441968552125e-07 8.095013308602328e-06 1458
8.48528 5.567262251064135e-07 9.483281163208547e-06 1814
9.19239 4.617454511244514e-07 1.136560848672956e-05 2178
9.8995 3.668086168181512e-07 1.213797414832428e-05 2498
10.6066 2.850661163867098e-07 1.176556042073489e-05 2622
11.3137 2.747632801039351e-07 1.307098939733066e-05 3338
12.0208 2.32908784750264e-07 1.293576025481745e-05 3722
12.7279 1.882270366079795e-07 1.285816542868937e-05 4170
13.435 1.518836207475196e-07 1.164012297383111e-05 4358
14.1421 1.330468184736331e-07 1.108445634825304e-05 5034
14.8492 1.171850554074435e-07 1.027400135285203e-05 5714
15.5564 9.089267546364405e-08 8.791455026626153e-06 5982
16.2635 7.684522652417591e-08 7.752812908769155e-06 6602
16.9706 6.334110557799262e-08 6.925229506635879e-06 7130
17.6777 5.376176831169831e-08 5.925370262025935e-06 8034
18.3848 4.419329353474249e-08 4.976380023015512e-06 8606
19.0919 3.526510452351256e-08 4.142174022306258e-06 9066
19.799 2.936651589304541e-08 3.512464308373907e-06 9962
20.5061 2.426190560874427e-08 2.869977977326597e-06 10550
21.2132 1.946130831244702e-08 2.430140976253944e-06 11226
21.9203 1.698101803690766e-08 2.102876309024257e-06 12146
22.6274 1.381525476532776e-08 1.689039936616474e-06 12303
23.3345 1.029470985771636e-08 1.334781828089946e-06 12584
24.0416 7.171113494408598e-09 9.777419409766128e-07 12120
24.7487 4.916831186447718e-09 6.70213235295476e-07 11180
25.4559 3.575012090441536e-09 4.872898911395061e-07 11096
26.163 2.384855944126913e-09 3.414851642721822e-07 10056
26.8701 1.696527572153945e-09 2.493611030696075e-07 9716
27.5772 1.173512999181602e-09 1.696098728383532e-07 8604
28.2843 8.468489272144648e-10 1.260497430845698e-07 8060
28.9914 5.790452996233999e-10 8.835172988511495e-08 7320
29.6985 3.796954177035322e-10 6.18045543824702e-08 6356
30.4056 2.601616216018007e-10 4.315929993523808e-08 5348
31.1127 1.648378829158436e-10 2.734569862397811e-08 4308
31.8198 1.095275256413594e-10 1.797582299959459e-08 3563
32.5269 5.114419336726874e-11 9.623527030781656e-09 2448
33.234 3.062897484953482e-11 5.857981719642939e-09 1868
33.9411 1.840870487590066e-11 3.295467728262051e-09 1358
34.6482 1.043499570772976e-11 1.988011966135407e-09 1062
35.3554 6.424259889642629e-12 1.356171769576026e-09 776
36.0625 3.046689794184086e-12 5.877573688264546e-10 432
36.7696 1.173278363020615e-12 2.544890251309868e-10 200
37.4767 1.033062371067085e-12 1.727981575028915e-10 168
38.1838 2.546731186437774e-13 4.5628251523871e-11 56
38.8909 3.934770042508775e-14 6.774168423930724e-12 7

0.707107 3.514799403864468e-07 3.513689685842772e-06 18
1.41421 1.058770069582158e-07 1.252449312776063e-06 62
2.12132 1.607811234435509e-07 2.039746478934803e-06 98
2.82843 3.051176943604281e-07 4.470756909871422e-06 210
3.53554 4.864593085309542e-07 7.068178498151484e-06 350
4.24264 3.788333840023115e-07 6.05857457230452e-06 450
4.94975 3.443697641051313e-07 6.462401609025327e-06 602
5.65686 2.871776366839669e-07 5.976129586557332e-06 762
6.36396 2.843794184450877e-07 7.832687297585376e-06 1142
7.07107 2.331127387105861e-07 7.738785106045257e-06 1250
7.77818 2.054680569435036e-07 8.778882426857821e-06 1458
8.48528 1.997773457805064e-07 1.076730709735116e-05 1814
9.19239 1.904690859047915e-07 1.162694819873309e-05 2178
9.8995 1.729204098591963e-07 1.245551706160726e-05 2498
10.6066 1.501148289193995e-07 1.246244672260702e-05 2622
11.3137 1.529725438624375e-07 1.373375664931549e-05 3338
12.0208 1.309791563408843e-07 1.376163522294082e-05 3722
12.7279 1.134280859344589e-07 1.31366645373496e-05 4170
13.435 9.557083958870935e-08 1.208511855605167e-05 4358
14.1421 8.661149498578204e-08 1.127730315902024e-05 5034
14.8492 7.31359374978905e-08 1.069805766390325e-05 5714
15.5564 5.844895661987424e-08 9.330894729036109e-06 5982
16.2635 5.005300000069234e-08 8.295100389214117e-06 6602
16.9706 4.142117080772744e-08 7.227034387502434e-06 7130
17.6777 3.496111566537344e-08 6.399295812296091e-06 8034
18.3848 2.82655400297243e-08 5.376771757352877e-06 8606
19.0919 2.248261462357082e-08 4.469984001706106e-06 9066
19.799 1.919920780324143e-08 3.920783420124054e-06 9962
20.5061 1.544997708545434e-08 3.268235097997613e-06 10550
21.2132 1.270439697353939e-08 2.712197929060765e-06 11226
21.9203 1.08237232563643e-08 2.358455456921255e-06 12146
22.6274 8.670188115183962e-09 1.925162954969737e-06 12303
23.3345 6.52423566957476e-09 1.524958134779807e-06 12584
24.0416 4.707247805812344e-09 1.115383861216233e-06 12120
24.7487 3.211481932533166e-09 7.631780521748576e-07 11180
25.4559 2.308158908612296e-09 5.82965253035988e-07 11096
26.163 1.537612125518817e-09 3.992933630712053e-07 10056
26.8701 1.120566120082e-09 2.961441016718672e-07 9716
27.5772 7.56814588982964e-10 1.999752486940883e-07 8604
28.2843 5.568690848932547e-10 1.474532337883858e-07 8060
28.9914 3.914603335821098e-10 1.035718375382259e-07 7320
29.6985 2.614539699327039e-10 7.244334662828738e-08 6356
30.4056 1.739158047860921e-10 5.083982399667618e-08 5348
31.1127 1.117532333089522e-10 3.234103604426497e-08 4308
31.8198 7.258312134340704e-11 2.099295751910879e-08 3563
32.5269 3.687003287239008e-11 1.116252083211767e-08 2448
33.234 2.178979080990481e-11 6.808252489950019e-09 1868
33.9411 1.306866759085047e-11 3.856676149319072e-09 1358
34.6482 7.940279719695119e-12 2.447390875220516e-09 1062
35.3554 4.929130272184052e-12 1.497278138353123e-09 776
36.0625 2.120132996304955e-12 6.703270663018137e-10 432
36.7696 7.701613046087605e-13 2.859918070103591e-10 200
37.4767 7.035743949897632e-13 2.289187486624592e-10 168
38.1838 2.107873133313227e-13 7.569191426506865e-11 56
38.8909 1.836441190799023e-14 7.850179826466409e-12 7

0.707107 2.024327268611556e-06 1.390829522654493e-06 18
1.41421 5.98836981623926e-07 4.284791959283003e-07 62
2.12132 1.087117888235951e-06 7.490151639733887e-07 98
2.82843 1.955318121635803e-06 1.687059680760122e-06 210
3.53554 2.695826891036865e-06 2.943692838147649e-06 350
4.24264 2.060259223063666e-06 2.785140657974223e-06 450
4.94975 1.799137113371228e-06 3.337809720348933e-06 602
5.65686 1.250250469223444e-06 4.129296571036699e-06 762
6.36396 1.036186150800479e-06 5.530412354630324e-06 1142
7.07107 7.031101339083774e-07 6.162495445332246e-06 1250
7.77818 5.625009634499897e-07 6.971160204760258e-06 1458
8.48528 4.697662054783934e-07 9.283524304795822e-06 1814
9.19239 3.923568788453633e-07 1.024251707852752e-05 2178
9.8995 3.179179338466349e-07 1.117922200269228e-05 2498
10.6066 2.574581116509877e-07 1.104283962711841e-05 2622
11.3137 2.566157430858956e-07 1.306263564539116e-05 3338
12.0208 2.130345684351999e-07 1.262627433826603e-05 3722
12.7279 1.809151711059289e-07 1.238735369688462e-05 4170
13.435 1.447587252381658e-07 1.15183598820339e-05 4358
14.1421 1.299659619781263e-07 1.107778774918183e-05 5034
14.8492 1.131779872410105e-07 1.06452657584734e-05 5714
15.5564 9.156783859086398e-08 9.208649221999506e-06 5982
16.2635 7.707789292901804e-08 8.359215490869725e-06 6602
16.9706 6.356052416308456e-08 7.279795580172836e-06 7130
17.6777 5.647586545655394e-08 6.531432477231895e-06 8034
18.3848 4.570208952759759e-08 5.582424020000302e-06 8606
19.0919 3.697771357001228e-08 4.707460551753891e-06 9066
19.799 3.204694169733895e-08 3.969157326474924e-06 9962
20.5061 2.629671278723778e-08 3.376098471234882e-06 10550
21.2132 2.165371408864186e-08 2.899331013286661e-06 11226
21.9203 1.869786657528561e-08 2.497243960228106e-06 12146
22.6274 1.545751209716737e-08 2.041152014189146e-06 12303
23.3345 1.198207261960781e-08 1.669574314825363e-06 12584
24.0416 8.439716938053703e-09 1.227388406076941e-06 12120
24.7487 5.772005617529333e-09 8.443725863690695e-07 11180
25.4559 4.238356462278681e-09 6.398959089466761e-07 11096
26.163 2.822300400037237e-09 4.526428960370516e-07 10056
26.8701 2.090690241875039e-09 3.266175687672166e-07 9716
27.5772 1.401535343014237e-09 2.305649290274237e-07 8604
28.2843 1.030419193434351e-09 1.722889792778927e-07 8060
28.9914 7.232579356382373e-10 1.250038672765579e-07 7320
29.6985 4.947580608163622e-10 8.652024384142873e-08 6356
30.4056 3.505815232947746e-10 5.907670984230034e-08 5348
31.1127 2.173182783036871e-10 3.801626091710293e-08 4308
31.8198 1.417942804732171e-10 2.608213763326381e-08 3563
32.5269 6.888266389593281e-11 1.302655551159647e-08 2448
33.234 3.950976173532298e-11 8.032314293206618e-09 1868
33.9411 2.353074972004292e-11 4.799130968024577e-09 1358
34.6482 1.476294127368388e-11 2.961289267202754e-09 1062
35.3554 9.424203342675029e-12 1.863967024084622e-09 776
36.0625 4.505736644099926e-12 8.315101532588053e-10 432
36.7696 1.87344307303559e-12 3.274651815835811e-10 200
37.4767 1.3502157064425e-12 2.778091925808535e-10 168
38.1838 3.781073786977108e-13 9.399516899939496e-11 56
38.8909 4.385370287425582e-14 7.54139582182551e-12 7

0.707107 6.305341093630348e-07 2.763790373911893e-06 18
1.41421 2.119147642540701e-07 8.785177145982219e-07 62
2.12132 4.153778817834708e-07 1.911947775320027e-06 98
2.82843 6.635276272366245e-07 3.350336724453718e-06 210
3.53554 9.967172181587237e-07 4.986657195027249e-06 350
4.24264 7.497392931411827e-07 4.599663074529328e-06 450
4.94975 6.754699749154872e-07 4.911611646492588e-06 602
5.65686 4.912124352008181e-07 4.909083488326437e-06 762
6.36396 4.419700474062004e-07 6.477082721324311e-06 1142
7.07107 3.262258862239872e-07 7.142484053580969e-06 1250
7.77818 2.963794428813701e-07 7.400944210588345e-06 1458
8.48528 2.645300357112545e-07 8.990000181877022e-06 1814
9.19239 2.444698032711669e-07 1.063788144525414e-05 2178
9.8995 2.063189018765488e-07 1.190723375894312e-05 2498
10.6066 1.685371882477952e-07 1.125405489998083e-05 2622
11.3137 1.730330506835569e-07 1.274794817147569e-05 3338
12.0208 1.53211198270422e-07 1.302130544320215e-05 3722
12.7279 1.304866829304951e-07 1.259322723338677e-05 4170
13.435 1.062395823968105e-07 1.128769675059428e-05 4358
14.1421 9.750521191203941e-08 1.11445698953306e-05 5034
14.8492 8.589015749378783e-08 1.074043599890232e-05 5714
15.5564 6.974945688650136e-08 9.218505138736243e-06 5982
16.2635 5.799715379589067e-08 8.493356062080412e-06 6602
16.9706 4.915995409424272e-08 7.173010843468426e-06 7130
17.6777 4.256845257304652e-08 6.564364179801634e-06 8034
18.3848 3.515731955146889e-08 5.670419686272869e-06 8606
19.0919 2.823910507680397e-08 4.757411146087545e-06 9066
19.799 2.442776912412762e-08 4.135367598889422e-06 9962
20.5061 2.036824895807715e-08 3.505168195428169e-06 10550
21.2132 1.6774075596491e-08 2.984587070785743e-06 11226
21.9203 1.467703257192105e-08 2.593932453737516e-06 12146
22.6274 1.190610845671094e-08 2.218130935719713e-06 12303
23.3345 9.466851864263027e-09 1.792661650342081e-06 12584
24.0416 6.574776855329393e-09 1.312755809805845e-06 12120
24.7487 4.65766470728974e-09 9.375467724575797e-07 11180
25.4559 3.373727591516436e-09 7.206895154456419e-07 11096
26.163 2.319670622990501e-09 5.04046809147824e-07 10056
26.8701 1.696052048394588e-09 3.781171578742933e-07 9716
27.5772 1.161526538548121e-09 2.641196743195252e-07 8604
28.2843 8.566916450831706e-10 1.933907705586684e-07 8060
28.9914 5.933187390620187e-10 1.387456325679252e-07 7320
29.6985 4.135795534922284e-10 9.901115644190728e-08 6356
30.4056 2.771589437810708e-10 6.706585072203134e-08 5348
31.1127 1.82494525073763e-10 4.447773119674883e-08 4308
31.8198 1.178004557263413e-10 2.927929142446485e-08 3563
32.5269 6.352760608971116e-11 1.497738915669789e-08 2448
33.234 3.56132222138697e-11 9.293473952518087e-09 1868
33.9411 2.137791451950386e-11 5.716462793554958e-09 1358
34.6482 1.347945397139828e-11 3.679062088055888e-09 1062
35.3554 8.597186620965653e-12 2.219025092364319e-09 776
36.0625 3.545190511958545e-12 1.039368677151928e-09 432
36.7696 1.6513017781669e-12 4.283579634049509e-10 200
37.4767 1.059591779125863e-12 2.822267013263013e-10 168
38.1838 2.585950678194489e-13 8.136081464521201e-11 56
38.8909 2.766199165921287e-14 2.45547334861004e-12 7

0.707107 1.16542935254899e-06 1.775030023654309e-06 18
1.41421 3.918173827698963e-07 5.934997340571026e-07 62
2.12132 7.679510555171475e-07 1.098699790031588e-06 98
2.82843 1.294125743282655e-06 2.196010565537284e-06 210
3.53554 1.74957951408099e-06 3.350049080033451e-06 350
4.24264 1.358639384142266e-06 3.233920945847176e-06 450
4.94975 1.171127995518663e-06 3.872623898178329e-06 602
5.65686 8.483500890171739e-07 4.305839592646536e-06 762
6.36396 7.265196524454055e-07 5.336128663547642e-06 1142
7.07107 5.384018958643529e-07 5.933130800785618e-06 1250
7.77818 4.428330826534976e-07 6.799479424458703e-06 1458
8.48528 3.736034342123817e-07 8.239035325732633e-06 1814
9.19239 3.235514429436506e-07 9.508524816904605e-06 2178
9.8995 2.713324849398125e-07 1.036847988595776e-05 2498
10.6066 2.134660926553051e-07 1.048977273406533e-05 2622
11.3137 2.165685465075095e-07 1.213604655554284e-05 3338
12.0208 1.851394795678632e-07 1.232846584614826e-05 3722
12.7279 1.587729754984589e-07 1.214018204390938e-05 4170
13.435 1.295339411680919e-07 1.121380488862513e-05 4358
14.1421 1.178160478904732e-07 1.116439160280011e-05 5034
14.8492 1.031917417363573e-07 1.043358502968311e-05 5714
15.5564 8.530355352741004e-08 9.037975626362078e-06 5982
16.2635 7.4032235967653e-08 8.346793986026629e-06 6602
16.9706 6.039845545145712e-08 7.477674196805463e-06 7130
17.6777 5.318811823745801e-08 6.691578078878118e-06 8034
18.3848 4.413572339487238e-08 5.734462241269622e-06 8606
19.0919 3.60651282365889e-08 4.770233380993222e-06 9066
19.799 3.128333600941035e-08 4.140126327796266e-06 9962
20.5061 2.565257933682036e-08 3.584364094013716e-06 10550
21.2132 2.156725018911859e-08 3.111540202426429e-06 11226
21.9203 1.86940437258315e-08 2.745519530994366e-06 12146
22.6274 1.558918609161299e-08 2.282245870051696e-06 12303
23.3345 1.233102693292786e-08 1.860855400470011e-06 12584
24.0416 8.791878114757368e-09 1.376105188263829e-06 12120
24.7487 6.183012886492914e-09 1.003993315964442e-06 11180
25.4559 4.544914310338851e-09 7.629395198160253e-07 11096
26.163 3.142884961988735e-09 5.39842235876221e-07 10056
26.8701 2.303253481230371e-09 3.950311636724776e-07 9716
27.5772 1.573980694083937e-09 2.826404601974282e-07 8604
28.2843 1.147419453736922e-09 2.105892062941419e-07 8060
28.9914 8.210673462298037e-10 1.53248282645324e-07 7320
29.6985 5.642552347534791e-10 1.087511628753201e-07 6356
30.4056 3.845656360518038e-10 7.450456743418379e-08 5348
31.1127 2.482785803866423e-10 4.945828558631748e-08 4308
31.8198 1.61295123329946e-10 3.284975371857845e-08 3563
32.5269 8.302311682039976e-11 1.770961104535056e-08 2448
33.234 4.898762249886231e-11 1.088520591108772e-08 1868
33.9411 3.021565995705782e-11 6.205024951626121e-09 1358
34.6482 1.788733975270933e-11 3.736277564144747e-09 1062
35.3554 1.162644745475635e-11 2.489042953483667e-09 776
36.0625 5.206449127898223e-12 1.101499533242389e-09 432
36.7696 2.015325179577323e-12 4.739586276366685e-10 200
37.4767 1.443307839303949e-12 3.744529459846239e-10 168
38.1838 5.110087784592523e-13 1.400191049943712e-10 56
38.8909 7.951692899541248e-14 1.855886477752754e-11 7

0.707107 1.030653213925595e-06 1.872721587089157e-06 18
1.41421 3.1503460923087e-07 6.386498055362088e-07 62
2.12132 6.246894433169833e-07 1.130131058604048e-06 98
2.82843 1.149153900895953e-06 2.235431047805445e-06 210
3.53554 1.448766727247137e-06 3.418979522951173e-06 350
4.24264 1.149016801705706e-06 3.124779916868325e-06 450
4.94975 9.989810259547469e-07 3.698682826329093e-06 602
5.65686 7.29242847134354e-07 3.713954494975621e-06 762
6.36396 6.292837686541045e-07 5.567545177383552e-06 1142
7.07107 4.499342551380261e-07 5.616432634992033e-06 1250
7.77818 3.927128288196002e-07 6.363444864218359e-06 1458
8.48528 3.341644052668117e-07 7.604298764285102e-06 1814
9.19239 2.975876174265061e-07 9.471323855611895e-06 2178
9.8995 2.447820388865529e-07 1.004108605520039e-05 2498
10.6066 1.979998779472691e-07 9.789622306428667e-06 2622
11.3137 1.954564083529305e-07 1.200034070821256e-05 3338
12.0208 1.747491305688724e-07 1.209092912504783e-05 3722
12.7279 1.515925727051142e-07 1.183238968908091e-05 4170
13.435 1.226069151220855e-07 1.0864426404094e-05 4358
14.1421 1.135916253035599e-07 1.083294403040335e-05 5034
14.8492 9.911064128705739e-08 1.038649167233107e-05 5714
15.5564 8.117404538974445e-08 8.825695943927041e-06 5982
16.2635 7.062877754017904e-08 8.295779881106068e-06 6602
16.9706 5.903059347306412e-08 7.434016320858272e-06 7130
17.6777 5.207929424415952e-08 6.640699098676688e-06 8034
18.3848 4.252941299481775e-08 5.582798477111079e-06 8606
19.0919 3.572028970677706e-08 4.733844296906653e-06 9066
19.799 3.006742256995927e-08 4.200532800540189e-06 9962
20.5061 2.480156250888818e-08 3.60453884183779e-06 10550
21.2132 2.140270422045999e-08 3.137583778224527e-06 11226
21.9203 1.845861951562396e-08 2.792408570909922e-06 12146
22.6274 1.552808284934513e-08 2.329479097750444e-06 12303
23.3345 1.238062413890258e-08 1.86360749052898e-06 12584
24.0416 8.815570060336709e-09 1.421866774600422e-06 12120
24.7487 6.110316487936831e-09 1.012940994524744e-06 11180
25.4559 4.533011271404338e-09 7.851702292788645e-07 11096
26.163 3.100294221825423e-09 5.570750914601212e-07 10056
26.8701 2.345759611994132e-09 4.310346279001317e-07 9716
27.5772 1.594141320903079e-09 2.96974660966218e-07 8604
28.2843 1.16975540107389e-09 2.209690191580508e-07 8060
28.9914 8.446673021269458e-10 1.672119622284365e-07 7320
29.6985 5.92596901551428e-10 1.123797912660673e-07 6356
30.4056 3.918213578410345e-10 8.131546473829148e-08 5348
31.1127 2.586472932568394e-10 5.295837273598598e-08 4308
31.8198 1.725090408568619e-10 3.610615351133954e-08 3563
32.5269 8.854372993864849e-11 1.917754111516599e-08 2448
33.234 5.458407083141501e-11 1.159306051517527e-08 1868
33.9411 3.154797549886366e-11 7.062905602995911e-09 1358
34.6482 1.989975258863851e-11 4.460148573920637e-09 1062
35.3554 1.286267243394454e-11 2.810339521229073e-09 776
36.0625 5.359280831463384e-12 1.282803231357654e-09 432
36.7696 2.576229690471237e-12 5.35120314679125e-10 200
37.4767 1.727164087911147e-12 4.674846277079038e-10 168
38.1838 5.202115627503783e-13 9.355122310734243e-11 56
38.8909 4.864575497299077e-14 1.753416345689899e-11 7

0.707107 5.847135435455184e-07 2.083682167984563e-06 18
1.41421 2.042972036544456e-07 6.571624990495359e-07 62
2.12132 3.830321973261896e-07 1.484269797109482e-06 98
2.82843 6.891063251243401e-07 2.73322014039385e-06 210
3.53554 8.631424252452492e-07 3.542219719123109e-06 350
4.24264 7.421168355536146e-07 3.401983998329963e-06 450
4.94975 5.934195784494978e-07 3.750752326679399e-06 602
5.65686 4.798565674238257e-07 3.85961648228375e-06 762
6.36396 4.160767953571379e-07 5.675317268720282e-06 1142
7.07107 3.074169598229341e-07 5.803661556479228e-06 1250
7.77818 2.693927076083872e-07 6.494368615863282e-06 1458
8.48528 2.380480614457091e-07 7.760260617918038e-06 1814
9.19239 2.251141165200145e-07 8.976710024899579e-06 2178
9.8995 1.85495460767981e-07 9.612415205467078e-06 2498
10.6066 1.636856546000159e-07 9.591936947518074e-06 2622
11.3137 1.641703932059739e-07 1.140383591254874e-05 3338
12.0208 1.435535278417034e-07 1.147921582192254e-05 3722
12.7279 1.278247058840275e-07 1.112986769488037e-05 4170
13.435 1.052637021375742e-07 1.074587615065306e-05 4358
14.1421 9.799531750093649e-08 1.061538230320171e-05 5034
14.8492 8.644234715708292e-08 1.023617930127983e-05 5714
15.5564 7.169577534067187e-08 8.906917561167557e-06 5982
16.2635 6.054216560683172e-08 8.489739510362095e-06 6602
16.9706 5.233867772588123e-08 7.414311057973727e-06 7130
17.6777 4.465735029942143e-08 6.958065423631728e-06 8034
18.3848 3.726827462990526e-08 5.779769989257962e-06 8606
19.0919 3.124793516010988e-08 4.985177666092423e-06 9066
19.799 2.660890116400757e-08 4.448209453951985e-06 9962
20.5061 2.257288791693772e-08 3.744570384089824e-06 10550
21.2132 1.87721882995728e-08 3.317228502458543e-06 11226
21.9203 1.692542243741098e-08 2.872629379377083e-06 12146
22.6274 1.379647957586843e-08 2.38474398148374e-06 12303
23.3345 1.074911761491945e-08 2.0222054016632e-06 12584
24.0416 7.956617490850342e-09 1.493186616198251e-06 12120
24.7487 5.517396364486512e-09 1.096587580634955e-06 11180
25.4559 4.12102680316115e-09 8.324686052075199e-07 11096
26.163 2.836956092503022e-09 5.960371033893202e-07 10056
26.8701 2.141230173531752e-09 4.489786474655998e-07 9716
27.5772 1.500119194849391e-09 3.133957759714061e-07 8604
28.2843 1.084223494516068e-09 2.320602936764967e-07 8060
28.9914 7.714001365569571e-10 1.784889255677148e-07 7320
29.6985 5.524856712325992e-10 1.233880744698887e-07 6356
30.4056 3.797751971004825e-10 8.859337465265522e-08 5348
31.1127 2.471292635670237e-10 5.744770427142693e-08 4308
31.8198 1.569281043262323e-10 3.931827373205476e-08 3563
32.5269 7.982095517194702e-11 2.070861868184422e-08 2448
33.234 4.89336628956576e-11 1.312107680269493e-08 1868
33.9411 3.219617484884119e-11 7.552483757100616e-09 1358
34.6482 1.814517591910643e-11 4.792489281699122e-09 1062
35.3554 1.24673717660951e-11 3.251222240235195e-09 776
36.0625 5.427803458335687e-12 1.35704079491231e-09 432
36.7696 2.222048183192888e-12 6.43351062052794e-10 200
37.4767 1.800622097177985e-12 4.813032434109112e-10 168
38.1838 5.983607713290733e-13 1.237480144693103e-10 56
38.8909 6.270216130601587e-14 3.710241698162134e-11 7

0.707107 1.382477253467382e-06 8.092528763495033e-07 18
1.41421 4.809166045142532e-07 3.30010604823096e-07 62
2.12132 9.02659305005255e-07 5.815745021185978e-07 98
2.82843 1.500312121775695e-06 1.139981927648256e-06 210
3.53554 1.89832539577685e-06 1.92466029449818e-06 350
4.24264 1.555379728117559e-06 1.869609498904395e-06 450
4.94975 1.305879087873313e-06 2.429941665094296e-06 602
5.65686 9.961703505111811e-07 2.889141983142683e-06 762
6.36396 8.501004912452869e-07 4.262307548990922e-06 1142
7.07107 6.127158553123363e-07 4.806886944036724e-06 1250
7.77818 4.957426600791054e-07 5.632123311822387e-06 1458
8.48528 4.410548152141534e-07 7.011336840789419e-06 1814
9.19239 3.706306694278727e-07 8.199546519366452e-06 2178
9.8995 3.117255214550492e-07 9.08179915087509e-06 2498
10.6066 2.479048290257087e-07 8.643220100772001e-06 2622
11.3137 2.386920090768991e-07 1.055565884154576e-05 3338
12.0208 2.124774136080391e-07 1.082249821576085e-05 3722
12.7279 1.7858299966157e-07 1.092952409719872e-05 4170
13.435 1.458398173252579e-07 1.010825277047418e-05 4358
14.1421 1.388437670142469e-07 1.021377153646961e-05 5034
14.8492 1.180190916375389e-07 9.867561032542832e-06 5714
15.5564 9.878189868688969e-08 8.704619557111105e-06 5982
16.2635 8.59456034336057e-08 8.185718431466084e-06 6602
16.9706 7.193135300653565e-08 7.27064004628789e-06 7130
17.6777 6.349920628108872e-08 6.710455742716187e-06 8034
18.3848 5.352105486591947e-08 5.696282609230377e-06 8606
19.0919 4.472556127504384e-08 4.992351118685963e-06 9066
19.799 3.910440028327415e-08 4.382136084690998e-06 9962
20.5061 3.210411538915731e-08 3.744774305161151e-06 10550
21.2132 2.739327027199419e-08 3.241352304036392e-06 11226
21.9203 2.459210865390767e-08 2.88701882244324e-06 12146
22.6274 2.026285035699874e-08 2.469690659405453e-06 12303
23.3345 1.61416721143198e-08 2.020952518961693e-06 12584
24.0416 1.167330597110466e-08 1.493831404083985e-06 12120
24.7487 8.189318174823397e-09 1.115509418833773e-06 11180
25.4559 6.205886951288246e-09 8.590917860499718e-07 11096
26.163 4.293524812165093e-09 6.17326965254035e-07 10056
26.8701 3.194751209753799e-09 4.649607657274903e-07 9716
27.5772 2.248547052335791e-09 3.241982341265795e-07 8604
28.2843 1.686200069644091e-09 2.481550816995639e-07 8060
28.9914 1.185611694772598e-09 1.816585180802053e-07 7320
29.6985 8.352025396592453e-10 1.282291662431059e-07 6356
30.4056 5.781344525242017e-10 9.064092450969747e-08 5348
31.1127 3.864165186351335e-10 6.02617880694754e-08 4308
31.8198 2.47300380221958e-10 4.204935204472103e-08 3563
32.5269 1.267399945943654e-10 2.194510863182173e-08 2448
33.234 7.550639809392404e-11 1.364917499138159e-08 1868
33.9411 4.408020596023634e-11 8.549126660684739e-09 1358
34.6482 2.967678220624043e-11 5.185359439571288e-09 1062
35.3554 1.734364756566769e-11 3.205646140473135e-09 776
36.0625 8.236253258512515e-12 1.667368312301707e-09 432
36.7696 3.261113780868898e-12 6.517448789126881e-10 200
37.4767 2.333065724197082e-12 5.054779830329414e-10 168
38.1838 1.109016264838713e-12 1.612890752284078e-10 56
38.8909 1.105458970210702e-13 3.051388778374477e-11 7

0.707107 1.500370278369417e-07 2.308558367505346e-06 18
1.41421 6.927305691343355e-08 7.825061858615798e-07 62
2.12132 1.193903402521919e-07 1.599615089225864e-06 98
2.82843 2.118166526476401e-07 2.766433985939604e-06 210
3.53554 2.994297001460542e-07 4.010540553124126e-06 350
4.24264 2.440915903669685e-07 3.732409521767359e-06 450
4.94975 2.282358750795157e-07 3.877492302026547e-06 602
5.65686 1.915799801867694e-07 3.844924028378224e-06 762
6.36396 1.93888936633783e-07 5.18737139736334e-06 1142
7.07107 1.629477598929241e-07 5.47082062233344e-06 1250
7.77818 1.575732669108466e-07 5.994885230294976e-06 1458
8.48528 1.38767274734557e-07 7.129287052259327e-06 1814
9.19239 1.468863726488968e-07 8.386673571766545e-06 2178
9.8995 1.292366996510586e-07 8.992384877872938e-06 2498
10.6066 1.156979296620783e-07 9.140305891985433e-06 2622
11.3137 1.217553310012942e-07 1.043572850622133e-05 3338
12.0208 1.111282447419269e-07 1.103944583589632e-05 3722
12.7279 1.01632480784676e-07 1.091387013731504e-05 4170
13.435 8.640422534701606e-08 1.001019816873103e-05 4358
14.1421 7.925539970592422e-08 1.027813842462547e-05 5034
14.8492 7.180093758883269e-08 9.855650356875134e-06 5714
15.5564 5.918873784303396e-08 8.963176746041631e-06 5982
16.2635 5.234066441080051e-08 8.211287213339173e-06 6602
16.9706 4.469239637075967e-08 7.439048926218746e-06 7130
17.6777 3.94528530979846e-08 6.737776971251656e-06 8034
18.3848 3.314898288426073e-08 6.015940943332997e-06 8606
19.0919 2.747596699460251e-08 5.032236252995485e-06 9066
19.799 2.334044586858202e-08 4.584859509597342e-06 9962
20.5061 1.984615793113657e-08 3.951028743125907e-06 10550
21.2132 1.687741757363608e-08 3.473231907701217e-06 11226
21.9203 1.500722790012654e-08 3.023489213455694e-06 12146
22.6274 1.244907782922714e-08 2.579454409969027e-06 12303
23.3345 9.82027406073381e-09 2.120541858997203e-06 12584
24.0416 7.101670473194448e-09 1.63261071877842e-06 12120
24.7487 5.07024626855354e-09 1.19356698160061e-06 11180
25.4559 3.83517812730319e-09 9.069982895630463e-07 11096
26.163 2.672513008241403e-09 6.704342532485426e-07 10056
26.8701 1.98256729596968e-09 5.076429903843831e-07 9716
27.5772 1.376869738141682e-09 3.516173575793657e-07 8604
28.2843 1.023683416684387e-09 2.643155788191462e-07 8060
28.9914 7.363262863192041e-10 1.962690052664036e-07 7320
29.6985 5.292721733728646e-10 1.358134977572526e-07 6356
30.4056 3.613142309375708e-10 1.00229333877683e-07 5348
31.1127 2.527336716550476e-10 6.584682372845216e-08 4308
31.8198 1.683787149601613e-10 4.576759333484896e-08 3563
32.5269 8.550447664325037e-11 2.43919845530254e-08 2448
33.234 5.006435303619397e-11 1.462314652094436e-08 1868
33.9411 2.948761751248764e-11 9.078124995488e-09 1358
34.6482 1.838245683950108e-11 5.815203641290958e-09 1062
35.3554 1.155503315095167e-11 3.585203103566531e-09 776
36.0625 5.264725135157425e-12 1.775782050897763e-09 432
36.7696 2.659397151507596e-12 7.239307241975089e-10 200
37.4767 1.750225883653297e-12 5.550701300067014e-10 168
38.1838 7.39172207824544e-13 1.483442284272041e-10 56
38.8909 3.275157013462433e-14 2.013527210559726e-11 7

0.707107 1.537546192121096e-06 1.662210167843335e-07 18
1.41421 4.918653622620299e-07 8.312589706330528e-08 62
2.12132 9.529101401311272e-07 2.213570028691931e-07 98
2.82843 1.623214449390396e-06 5.071878951095942e-07 210
3.53554 2.090025969616506e-06 9.115363824512294e-07 350
4.24264 1.621866729980543e-06 1.107221312993429e-06 450
4.94975 1.464920180355562e-06 1.713900096866809e-06 602
5.65686 1.075739560688671e-06 2.215657985919906e-06 762
6.36396 9.097727564215582e-07 3.354232503318748e-06 1142
7.07107 6.847197486956201e-07 3.936190339174882e-06 1250
7.77818 5.647850245196128e-07 4.704816166687651e-06 1458
8.48528 4.601911603953425e-07 6.091466760922789e-06 1814
9.19239 4.108478452238075e-07 7.116804698986832e-06 2178
9.8995 3.214167328488473e-07 7.801897110384232e-06 2498
10.6066 2.628243736715465e-07 8.196288574126701e-06 2622
11.3137 2.587918673005285e-07 9.435922793427689e-06 3338
12.0208 2.286436906773409e-07 1.002096019530809e-05 3722
12.7279 1.900773898268892e-07 1.024888744450536e-05 4170
13.435 1.532629647616758e-07 9.228852374541745e-06 4358
14.1421 1.437548387514784e-07 9.706935037129141e-06 5034
14.8492 1.30219057854555e-07 9.276589477560359e-06 5714
15.5564 1.07340597365977e-07 8.297035203865124e-06 5982
16.2635 9.2689763061283e-08 7.710038635873835e-06 6602
16.9706 7.994485183050055e-08 7.092541145669729e-06 7130
17.6777 7.133598800284235e-08 6.659977629121259e-06 8034
18.3848 5.977475374201261e-08 5.883283874168615e-06 8606
19.0919 5.001960277958888e-08 4.94484486782107e-06 9066
19.799 4.377623282041544e-08 4.400696013044346e-06 9962
20.5061 3.739384498791692e-08 3.803202949228222e-06 10550
21.2132 3.218585615812305e-08 3.396324215078781e-06 11226
21.9203 2.892948190113565e-08 3.028597804451986e-06 12146
22.6274 2.417070414097581e-08 2.597862055206635e-06 12303
23.3345 1.933698572668273e-08 2.149632246521343e-06 12584
24.0416 1.415336502859079e-08 1.64789175791562e-06 12120
24.7487 9.910907935978926e-09 1.205018725720102e-06 11180
25.4559 7.489333874853995e-09 9.467377607351812e-07 11096
26.163 5.275325637315407e-09 6.782264899941647e-07 10056
26.8701 3.998565282332248e-09 5.138573567098257e-07 9716
27.5772 2.770957312061384e-09 3.679479776363081e-07 8604
28.2843 2.106716845915226e-09 2.762946078007617e-07 8060
28.9914 1.516376113146065e-09 2.042684004650534e-07 7320
29.6985 1.062965807269743e-09 1.476659753423467e-07 6356
30.4056 7.354861703263422e-10 1.059558942668408e-07 5348
31.1127 4.976164318035577e-10 7.074094419014662e-08 4308
31.8198 3.170333462123357e-10 4.854951731136623e-08 3563
32.5269 1.700629960515482e-10 2.614151503616722e-08 2448
33.234 1.042266339936815e-10 1.555185102875718e-08 1868
33.9411 6.13974661049744e-11 9.898351244215897e-09 1358
34.6482 3.855720679350866e-11 6.199168908441194e-09 1062
35.3554 2.177407216596822e-11 3.96048013450468e-09 776
36.0625 1.076706716580828e-11 1.830209965575996e-09 432
36.7696 4.262872297698058e-12 8.044502530838406e-10 200
37.4767 3.723704812548576e-12 7.007160596620074e-10 168
38.1838 1.151749358200861e-12 2.268530289953586e-10 56
38.8909 1.21174367346554e-13 3.020655186982483e-11 7

0.707107 1.282174174389637e-08 2.047007816160633e-06 18
1.41421 1.027721234245121e-08 7.688820273680875e-07 62
2.12132 1.609577955390714e-08 1.411243247851758e-06 98
2.82843 3.840602933241281e-08 2.676191024931979e-06 210
3.53554 5.633249446229192e-08 4.052404429638753e-06 350
4.24264 6.254209874720293e-08 3.399454960262228e-06 450
4.94975 7.515375293376563e-08 3.862329506565179e-06 602
5.65686 7.395492990221501e-08 3.687887805718148e-06 762
6.36396 9.780162025490378e-08 4.805249737567953e-06 1142
7.07107 9.672597931942362e-08 5.021814824149173e-06 1250
7.77818 9.765410663811253e-08 5.612658102878846e-06 1458
8.48528 1.039195971327161e-07 6.692748188275892e-06 1814
9.19239 1.037251495023605e-07 7.581162458005607e-06 2178
9.8995 1.004609917625103e-07 8.191589861108491e-06 2498
10.6066 9.446700940391624e-08 8.279798789496904e-06 2622
11.3137 1.023906871232626e-07 1.007659846671572e-05 3338
12.0208 9.198236392830509e-08 1.021556238672926e-05 3722
12.7279 8.271463614610899e-08 1.002310402321061e-05 4170
13.435 7.136788948869808e-08 9.531541544648635e-06 4358
14.1421 6.780580089991942e-08 9.748853672568955e-06 5034
14.8492 6.275948350536327e-08 9.277475478859862e-06 5714
15.5564 5.212771011062591e-08 8.477755405734601e-06 5982
16.2635 4.783347546356904e-08 7.934519888866704e-06 6602
16.9706 4.010841881746599e-08 7.192337590299705e-06 7130
17.6777 3.551527289217362e-08 6.723036414104792e-06 8034
18.3848 2.936870867118399e-08 5.791884023896674e-06 8606
19.0919 2.494032630164003e-08 5.173201502370466e-06 9066
19.799 2.11854887147859e-08 4.582662353505138e-06 9962
20.5061 1.795296169322248e-08 3.989298743622603e-06 10550
21.2132 1.544477677364375e-08 3.486232280684573e-06 11226
21.9203 1.370502041010237e-08 3.152749545978928e-06 12146
22.6274 1.129975673105608e-08 2.6983819292362e-06 12303
23.3345 9.131450111267282e-09 2.242675088057911e-06 12584
24.0416 6.852283662191884e-09 1.743390495850256e-06 12120
24.7487 4.804833677721121e-09 1.268376912332284e-06 11180
25.4559 3.709033447526523e-09 1.003930342154425e-06 11096
26.163 2.610533844066017e-09 7.213771764472996e-07 10056
26.8701 2.007088763257745e-09 5.602514318800157e-07 9716
27.5772 1.371265268375261e-09 3.965184036160807e-07 8604
28.2843 1.049932256851611e-09 3.020562432134665e-07 8060
28.9914 7.56248955862714e-10 2.252215778086974e-07 7320
29.6985 5.427438931904325e-10 1.606535638856763e-07 6356
30.4056 3.714837704058894e-10 1.134788992415392e-07 5348
31.1127 2.537442387887867e-10 7.529868079852134e-08 4308
31.8198 1.723860903015862e-10 5.392106266618819e-08 3563
32.5269 8.948762704743281e-11 2.759365967501975e-08 2448
33.234 5.61767396936044e-11 1.807897186789643e-08 1868
33.9411 3.383352118077414e-11 1.109749839471843e-08 1358
34.6482 2.138121407065743e-11 6.864615981808056e-09 1062
35.3554 1.3027654646752e-11 3.914747542228887e-09 776
36.0625 6.282620203329554e-12 1.888552943886094e-09 432
36.7696 2.846849274716682e-12 8.557253679877693e-10 200
37.4767 1.870946352215858e-12 6.739560345432557e-10 168
38.1838 6.35624142217241e-13 2.315008662140053e-10 56
38.8909 1.219205361759565e-13 2.272788309538854e-11 7

0.707107 1.260736448972113e-06 4.565125915214341e-08 18
1.41421 4.701820752935499e-07 3.770309071192013e-08 62
2.12132 8.358907724663695e-07 1.269433328138264e-07 98
2.82843 1.457742620713437e-06 3.1396167831925e-07 210
3.53554 1.878217690664841e-06 6.996807681667032e-07 350
4.24264 1.543370762771538e-06 9.272349983429016e-07 450
4.94975 1.349304240658416e-06 1.430988864638424e-06 602
5.65686 9.926556358681316e-07 1.860602890526585e-06 762
6.36396 8.410446429427272e-07 3.067866977510147e-06 1142
7.07107 6.568117672567075e-07 3.633124543436228e-06 1250
7.77818 5.403395663271822e-07 4.281120866360509e-06 1458
8.48528 4.508690984952687e-07 5.267352886464432e-06 1814
9.19239 3.975125402297323e-07 6.375313965765064e-06 2178
9.8995 3.207045463508253e-07 7.274019259927336e-06 2498
10.6066 2.621119166197553e-07 7.448585261252079e-06 2622
11.3137 2.626499761266981e-07 8.761946605274552e-06 3338
12.0208 2.173028374594308e-07 9.181882934290738e-06 3722
12.7279 1.938007099645509e-07 9.017426086743884e-06 4170
13.435 1.56381374421219e-07 9.180842553818932e-06 4358
14.1421 1.438290204963924e-07 8.945035285015749e-06 5034
14.8492 1.299028843469221e-07 8.935430264111866e-06 5714
15.5564 1.064194989386384e-07 7.931567336891617e-06 5982
16.2635 9.394352160194136e-08 7.608090733518388e-06 6602
16.9706 8.199540396792065e-08 6.846112862307859e-06 7130
17.6777 7.414103062302785e-08 6.502203860813022e-06 8034
18.3848 6.220919931702681e-08 5.584989948582669e-06 8606
19.0919 5.285405852346423e-08 4.920319430442082e-06 9066
19.799 4.68102224786242e-08 4.524180335713582e-06 9962
20.5061 4.019091760263788e-08 3.870175459852981e-06 10550
21.2132 3.374914458363384e-08 3.470624721804938e-06 11226
21.9203 3.062453782509982e-08 3.045344020571036e-06 12146
22.6274 2.567092438547019e-08 2.652724247945116e-06 12303
23.3345 2.082898618579836e-08 2.259546887773169e-06 12584
24.0416 1.519953064131804e-08 1.70100999219837e-06 12120
24.7487 1.091706560757567e-08 1.297184224731905e-06 11180
25.4559 8.25699314963892e-09 9.954974007158794e-07 11096
26.163 5.852180214894514e-09 7.262879786147347e-07 10056
26.8701 4.481947507805264e-09 5.604412395442153e-07 9716
27.5772 3.160049837323589e-09 4.056677006378892e-07 8604
28.2843 2.421975936453018e-09 3.103412328991866e-07 8060
28.9914 1.694941472623982e-09 2.296623744238709e-07 7320
29.6985 1.222316653541153e-09 1.678201891353996e-07 6356
30.4056 8.559155683329018e-10 1.151240462950145e-07 5348
31.1127 5.6594909280234e-10 8.056970897859982e-08 4308
31.8198 3.703308033356775e-10 5.436575576196861e-08 3563
32.5269 1.939459582057756e-10 2.795237355232375e-08 2448
33.234 1.220780989047837e-10 1.777724218787207e-08 1868
33.9411 7.332255694269631e-11 1.147255520056495e-08 1358
34.6482 4.36558016153446e-11 7.241712059704663e-09 1062
35.3554 2.839927140391446e-11 4.601281277559197e-09 776
36.0625 1.277656551755224e-11 2.072131448024162e-09 432
36.7696 5.519385767044587e-12 9.939336803622734e-10 200
37.4767 4.182572303515053e-12 8.208699045652274e-10 168
38.1838 1.463000939247837e-12 2.309168269251399e-10 56
38.8909 1.47224517553299e-13 3.936961130499347e-11 7

0.707107 8.510676544482501e-08 1.730204529429367e-06 18
1.41421 2.692540677406822e-08 6.567828578023438e-07 62
2.12132 4.810708261161979e-08 1.291334702133761e-06 98
2.82843 9.246500857752159e-08 2.298699781941191e-06 210
3.53554 1.347268566041005e-07 3.353000584899042e-06 350
4.24264 1.129869640327664e-07 2.962851891364599e-06 450
4.94975 1.207190472057728e-07 3.353124144781688e-06 602
5.65686 1.141547770920131e-07 3.536203782684288e-06 762
6.36396 1.211281474502972e-07 4.155795500803935e-06 1142
7.07107 1.092663536292243e-07 4.61378707538855e-06 1250
7.77818 1.045816985335679e-07 5.087343607000679e-06 1458
8.48528 1.06373362565066e-07 5.736322409721767e-06 1814
9.19239 1.110455600730134e-07 7.023131843103225e-06 2178
9.8995 1.033666322673861e-07 7.51616014044409e-06 2498
10.6066 9.09853458698496e-08 7.415005889293085e-06 2622
11.3137 9.405425685326436e-08 9.090260382331327e-06 3338
12.0208 9.21712388929571e-08 9.154463433253911e-06 3722
12.7279 8.393678258118196e-08 9.550218200339087e-06 4170
13.435 7.158823534674506e-08 8.959864141198837e-06 4358
14.1421 6.649538799286316e-08 9.311486417182292e-06 5034
14.8492 6.168164366818193e-08 9.085241190250569e-06 5714
15.5564 5.297843516198057e-08 8.061738027120416e-06 5982
16.2635 4.762304728925333e-08 7.830268346392219e-06 6602
16.9706 3.985014955702223e-08 6.979127859471222e-06 7130
17.6777 3.690270992373101e-08 6.611721366533892e-06 8034
18.3848 3.074714186070218e-08 5.937534091591063e-06 8606
19.0919 2.575327943159082e-08 5.076646146707926e-06 9066
19.799 2.277356032270977e-08 4.62916320256134e-06 9962
20.5061 1.907967785530968e-08 4.029322212450269e-06 10550
21.2132 1.646886663805541e-08 3.513595669981197e-06 11226
21.9203 1.491441819154708e-08 3.161479439526169e-06 12146
22.6274 1.239305472404536e-08 2.755905723936558e-06 12303
23.3345 9.911768946667693e-09 2.30417120444821e-06 12584
24.0416 7.311774897662478e-09 1.789645795040036e-06 12120
24.7487 5.251352842444803e-09 1.321613122718358e-06 11180
25.4559 4.118914490196836e-09 1.054888917929353e-06 11096
26.163 2.846322971963081e-09 7.532970782762597e-07 10056
26.8701 2.190023432871924e-09 5.880105767407152e-07 9716
27.5772 1.56244168740415e-09 4.175522359869015e-07 8604
28.2843 1.167039242731811e-09 3.237728302828035e-07 8060
28.9914 8.596327297502433e-10 2.434021502700039e-07 7320
29.6985 6.149964878494143e-10 1.775068205999977e-07 6356
30.4056 4.380360060095961e-10 1.266881908215914e-07 5348
31.1127 2.852776635998115e-10 8.467195116045783e-08 4308
31.8198 1.913626068567067e-10 6.209770872451239e-08 3563
32.5269 1.022255805715509e-10 3.302331890981085e-08 2448
33.234 6.251358280801754e-11 2.048312299938962e-08 1868
33.9411 3.953343137107923e-11 1.294057457551153e-08 1358
34.6482 2.339662958226012e-11 7.974097325653712e-09 1062
35.3554 1.50689251447727e-11 5.203911070622097e-09 776
36.0625 7.633016699019339e-12 2.408644268181444e-09 432
36.7696 3.288360827995806e-12 1.057033889245773e-09 200
37.4767 2.664811778113854e-12 7.841090303653955e-10 168
38.1838 8.735129671958887e-13 2.797979679497839e-10 56
38.8909 9.513418678081438e-14 2.334771191181829e-11 7

0.707107 1.009739613675593e-06 4.229822511903328e-07 18
1.41421 3.567428565670837e-07 1.269497042588474e-07 62
2.12132 6.297356388803613e-07 2.549601093500283e-07 98
2.82843 1.084500656272244e-06 5.604562451943841e-07 210
3.53554 1.49593736207697e-06 9.809295929285825e-07 350
4.24264 1.174484014865345e-06 1.056646841728872e-06 450
4.94975 1.053395618401962e-06 1.447047927694593e-06 602
5.65686 7.728571471777104e-07 1.924175052994461e-06 762
6.36396 6.734098290447952e-07 3.01633332834774e-06 1142
7.07107 5.145499620345578e-07 3.483251078636242e-06 1250
7.77818 4.26928275437788e-07 3.874065473457729e-06 1458
8.48528 3.57491942512472e-07 4.88894049224291e-06 1814
9.19239 3.114851401636296e-07 6.112070515628677e-06 2178
9.8995 2.653926224406554e-07 6.611683386536486e-06 2498
10.6066 2.098384548145622e-07 6.687807476054522e-06 2622
11.3137 2.163654733079548e-07 8.10003765182262e-06 3338
12.0208 1.831412563398478e-07 8.595376581027739e-06 3722
12.7279 1.610336269587118e-07 8.722237646899804e-06 4170
13.435 1.326174908580484e-07 8.659361960287856e-06 4358
14.1421 1.202305716264937e-07 8.642201151768664e-06 5034
14.8492 1.121353893476879e-07 8.397378012997111e-06 5714
15.5564 9.283632957885488e-08 7.824875402107835e-06 5982
16.2635 8.195517176131253e-08 7.444557964820108e-06 6602
16.9706 7.110883183916634e-08 6.74871267542069e-06 7130
17.6777 6.432215014072523e-08 6.422222434045163e-06 8034
18.3848 5.465229759688101e-08 5.832573396939012e-06 8606
19.0919 4.656352532144539e-08 4.984774815407031e-06 9066
19.799 4.158744865667257e-08 4.540461694348834e-06 9962
20.5061 3.591222917508354e-08 3.975230351465127e-06 10550
21.2132 3.110607065832734e-08 3.508071411274839e-06 11226
21.9203 2.821435192826312e-08 3.20041233917291e-06 12146
22.6274 2.359774824503996e-08 2.762450328062051e-06 12303
23.3345 1.934023605651939e-08 2.305302462918424e-06 12584
24.0416 1.422587471503704e-08 1.795375342519607e-06 12120
24.7487 1.035129485980735e-08 1.33862826706594e-06 11180
25.4559 7.944346195202679e-09 1.049643934118386e-06 11096
26.163 5.569028091919603e-09 7.712738861673682e-07 10056
26.8701 4.241574138228896e-09 6.115891135484346e-07 9716
27.5772 2.97855223025371e-09 4.333088953598535e-07 8604
28.2843 2.238129964238389e-09 3.301045115215894e-07 8060
28.9914 1.680513232130263e-09 2.510107453956481e-07 7320
29.6985 1.197850484931201e-09 1.820518361366717e-07 6356
30.4056 8.474363586253193e-10 1.298142302329714e-07 5348
31.1127 5.471483552759222e-10 8.805290756118088e-08 4308
31.8198 3.695431794314504e-10 6.152280204631176e-08 3563
32.5269 1.952189276358619e-10 3.323131608732887e-08 2448
33.234 1.162237086164255e-10 2.012753128541142e-08 1868
33.9411 7.447587197297015e-11 1.264965335272318e-08 1358
34.6482 4.830739722237396e-11 8.369747634551522e-09 1062
35.3554 2.86959576572514e-11 5.251538763716625e-09 776
36.0625 1.319380092764486e-11 2.387219796339202e-09 432
36.7696 5.70136282027396e-12 1.124168588425694e-09 200
37.4767 4.598807437562578e-12 7.12374111434418e-10 168
38.1838 1.31399660392575e-12 3.045153755177947e-10 56
38.8909 2.511926824475297e-13 2.864047855969838e-11 7

0.707107 2.37620370776327e-07 1.403023734118375e-06 18
1.41421 8.241539311180722e-08 5.057011768420119e-07 62
2.12132 1.53503440818098e-07 9.921831477169776e-07 98
2.82843 2.624708467669535e-07 1.641799221933025e-06 210
3.53554 3.633761754679031e-07 2.579351605394765e-06 350
4.24264 2.980633335203183e-07 2.419438244590943e-06 450
4.94975 2.699944918023555e-07 2.563457524522748e-06 602
5.65686 2.227737075814357e-07 2.709031727785025e-06 762
6.36396 2.063132513205976e-07 3.823482771924437e-06 1142
7.07107 1.716121472445105e-07 3.856362727941149e-06 1250
7.77818 1.59434574878539e-07 4.336874037910367e-06 1458
8.48528 1.437955022815305e-07 5.368341790175245e-06 1814
9.19239 1.37962107519237e-07 6.18555494606681e-06 2178
9.8995 1.235400117072519e-07 6.856648873002903e-06 2498
10.6066 1.105373971956638e-07 6.9097235007568e-06 2622
11.3137 1.123725886774273e-07 8.09468312550215e-06 3338
12.0208 1.01641743949639e-07 8.54378494101877e-06 3722
12.7279 9.392073107105025e-08 8.743910456806908e-06 4170
13.435 7.913943346381239e-08 8.308081991324799e-06 4358
14.1421 7.67266896306086e-08 8.590858520939202e-06 5034
14.8492 7.002382636847739e-08 8.429102252075112e-06 5714
15.5564 5.874813256885661e-08 7.754766080363788e-06 5982
16.2635 5.226145691303807e-08 7.639438799043819e-06 6602
16.9706 4.53976423702555e-08 6.771645632314093e-06 7130
17.6777 4.213419987232569e-08 6.407796198428886e-06 8034
18.3848 3.479185376524621e-08 5.716306068851681e-06 8606
19.0919 2.964626740774323e-08 5.017704258240685e-06 9066
19.799 2.662734975365116e-08 4.667391640846572e-06 9962
20.5061 2.289862389600907e-08 4.020844059470148e-06 10550
21.2132 1.982005302966893e-08 3.613888737088775e-06 11226
21.9203 1.781367663955238e-08 3.237710508423867e-06 12146
22.6274 1.507260079965114e-08 2.810808964004329e-06 12303
23.3345 1.219200403220981e-08 2.343095450547517e-06 12584
24.0416 8.999508609838695e-09 1.827717377562966e-06 12120
24.7487 6.532606823820512e-09 1.394078797337731e-06 11180
25.4559 5.001468142577595e-09 1.125809883646934e-06 11096
26.163 3.514965911107407e-09 8.013691793074249e-07 10056
26.8701 2.745825197250461e-09 6.397231272355478e-07 9716
27.5772 1.941544566099675e-09 4.536547374451421e-07 8604
28.2843 1.486155097276295e-09 3.477449699957492e-07 8060
28.9914 1.102412954316556e-09 2.630751422985922e-07 7320
29.6985 7.867273598199561e-10 1.934471963473084e-07 6356
30.4056 5.6368705444813e-10 1.348231806390097e-07 5348
31.1127 3.701847648955052e-10 9.132193389791501e-08 4308
31.8198 2.50674782369387e-10 6.484610474839492e-08 3563
32.5269 1.361727311479532e-10 3.515586915538045e-08 2448
33.234 8.229383457518135e-11 2.220178889710989e-08 1868
33.9411 4.721341529050026e-11 1.373269529047247e-08 1358
34.6482 3.362374887065083e-11 9.022693211814325e-09 1062
35.3554 1.961554735904515e-11 5.67350636544809e-09 776
36.0625 1.01132415191394e-11 2.905813527401384e-09 432
36.7696 3.922105393051406e-12 1.305038699952148e-09 200
37.4767 3.397203923972331e-12 9.411604008258284e-10 168
38.1838 9.233045142265888e-13 3.581159974939797e-10 56
38.8909 7.974233126794471e-14 3.335290237046165e-11 7

0.707107 6.377125717235832e-07 7.530957293554661e-07 18
1.41421 2.302325687744057e-07 2.505055431440822e-07 62
2.12132 4.393369104279836e-07 4.848973117133548e-07 98
2.82843 6.663322206213463e-07 8.334080581669068e-07 210
3.53554 1.016375348896436e-06 1.459317476522391e-06 350
4.24264 7.506080576801473e-07 1.405266442893051e-06 450
4.94975 7.064238021764824e-07 1.756070932764622e-06 602
5.65686 5.302875994790321e-07 2.003935554684788e-06 762
6.36396 4.597168100262713e-07 2.928537870796886e-06 1142
7.07107 3.576322131856723e-07 3.156049179592379e-06 1250
7.77818 3.017122420662852e-07 3.592008537242902e-06 1458
8.48528 2.602938765683812e-07 4.647562416601538e-06 1814
9.19239 2.374040167284073e-07 5.609849089253377e-06 2178
9.8995 1.976095464148258e-07 5.949325163447711e-06 2498
10.6066 1.648727607442962e-07 6.110045509658558e-06 2622
11.3137 1.698387767045301e-07 7.496654188280101e-06 3338
12.0208 1.470604313272817e-07 8.087590917803852e-06 3722
12.7279 1.323555081035623e-07 8.381541399659497e-06 4170
13.435 1.079466607192546e-07 7.948808841628068e-06 4358
14.1421 1.049285505437314e-07 8.18386221762587e-06 5034
14.8492 9.377559986756096e-08 8.203555370878644e-06 5714
15.5564 7.848365034914661e-08 7.615320683725044e-06 5982
16.2635 7.096505104197312e-08 7.137918335554693e-06 6602
16.9706 6.064786902250744e-08 6.592014608440798e-06 7130
17.6777 5.748011891637576e-08 6.29284735570935e-06 8034
18.3848 4.755092594705847e-08 5.696366837228343e-06 8606
19.0919 4.136985204893207e-08 5.112760849867047e-06 9066
19.799 3.624806820014286e-08 4.550107679000476e-06 9962
20.5061 3.155434578659473e-08 4.020988582031702e-06 10550
21.2132 2.755130789898707e-08 3.619839586977473e-06 11226
21.9203 2.501237150611956e-08 3.273074845167512e-06 12146
22.6274 2.128467246635362e-08 2.84050965370729e-06 12303
23.3345 1.73391778860332e-08 2.38241406386887e-06 12584
24.0416 1.281408669406736e-08 1.880544798829389e-06 12120
24.7487 9.333897445842902e-09 1.404591349770691e-06 11180
25.4559 7.133794711518403e-09 1.120136655749877e-06 11096
26.163 5.120097895337977e-09 8.228688802214746e-07 10056
26.8701 3.948006027380569e-09 6.46331748315275e-07 9716
27.5772 2.808128902927993e-09 4.717563607320034e-07 8604
28.2843 2.176073612032815e-09 3.647832716377112e-07 8060
28.9914 1.586715855843813e-09 2.76508723488725e-07 7320
29.6985 1.154043182118481e-09 1.957409646093419e-07 6356
30.4056 7.9927988587671e-10 1.439733482934341e-07 5348
31.1127 5.407873132272335e-10 9.564194371917765e-08 4308
31.8198 3.575698183453413e-10 6.594415054975091e-08 3563
32.5269 1.896745170683515e-10 3.756443627754421e-08 2448
33.234 1.202049656663667e-10 2.383479670747723e-08 1868
33.9411 7.195018258037435e-11 1.437880695575459e-08 1358
34.6482 4.691773537657384e-11 9.38513280658991e-09 1062
35.3554 2.811021843265601e-11 5.886065818920182e-09 776
36.0625 1.337227606109883e-11 3.065127105521264e-09 432
36.7696 5.655098591402718e-12 1.514196495568726e-09 200
37.4767 4.631648853025846e-12 9.149563643953501e-10 168
38.1838 1.172018928360093e-12 3.549281573372474e-10 56
38.8909 2.299884230671207e-13 4.01998708017541e-11 7

0.707107 4.58113042826912e-07 9.10571100839333e-07 18
1.41421 1.652871473247081e-07 3.197439633478646e-07 62
2.12132 3.285860121901137e-07 6.433597546832318e-07 98
2.82843 5.123657342404651e-07 1.145955442015819e-06 210
3.53554 6.970704008302351e-07 1.698521676396287e-06 350
4.24264 5.438762716757049e-07 1.653875483969008e-06 450
4.94975 4.964200614787227e-07 1.835502871326178e-06 602
5.65686 3.862551143988131e-07 2.174733343698394e-06 762
6.36396 3.481350355458723e-07 2.991716646975743e-06 1142
7.07107 2.732998658834033e-07 3.072249051762809e-06 1250
7.77818 2.407312933750561e-07 3.886153140982622e-06 1458
8.48528 2.044220987382142e-07 4.33971649604929e-06 1814
9.19239 1.838232087449771e-07 5.652551190041713e-06 2178
9.8995 1.63435894548385e-07 6.026609313886873e-06 2498
10.6066 1.381695567746772e-07 6.192129682824202e-06 2622
11.3137 1.411544242198615e-07 7.687911210494387e-06 3338
12.0208 1.24945021024799e-07 8.026545912483722e-06 3722
12.7279 1.133075166263943e-07 8.197544218845308e-06 4170
13.435 9.361621702644972e-08 7.609469419428811e-06 4358
14.1421 8.981741749897543e-08 7.939578704048938e-06 5034
14.8492 8.241555764755073e-08 8.285143736454669e-06 5714
15.5564 6.982207441278285e-08 7.34553808770566e-06 5982
16.2635 6.2493488569949e-08 7.115390474243932e-06 6602
16.9706 5.423558724523231e-08 6.438840447578118e-06 7130
17.6777 4.993599225407906e-08 6.330818557335033e-06 8034
18.3848 4.247208715618584e-08 5.5845763062128e-06 8606
19.0919 3.586107304126066e-08 5.004338870919883e-06 9066
19.799 3.204520547272007e-08 4.499769809018194e-06 9962
20.5061 2.815110921836e-08 3.989931004699298e-06 10550
21.2132 2.461949437395639e-08 3.625562758740168e-06 11226
21.9203 2.271646558936417e-08 3.305147282329319e-06 12146
22.6274 1.921339192526589e-08 2.869753708486865e-06 12303
23.3345 1.558642021916614e-08 2.441127816921047e-06 12584
24.0416 1.156746968848373e-08 1.882068516820741e-06 12120
24.7487 8.662417754379544e-09 1.410596904281786e-06 11180
25.4559 6.650357991205437e-09 1.16594843283283e-06 11096
26.163 4.783406073959862e-09 8.510683389242559e-07 10056
26.8701 3.652676393580143e-09 6.63281459689509e-07 9716
27.5772 2.626651743965836e-09 4.857515727834103e-07 8604
28.2843 2.004424374673468e-09 3.834750350114924e-07 8060
28.9914 1.496344778577487e-09 2.890880391018761e-07 7320
29.6985 1.061468017389037e-09 2.042363938682426e-07 6356
30.4056 7.5402496836845e-10 1.484044471700459e-07 5348
31.1127 4.982923877507917e-10 1.016256559010898e-07 4308
31.8198 3.435733757236266e-10 7.444015556088854e-08 3563
32.5269 1.829275039770401e-10 4.007725727607745e-08 2448
33.234 1.125118315238982e-10 2.490697478657172e-08 1868
33.9411 6.783837956904988e-11 1.551082691595842e-08 1358
34.6482 4.448031249588544e-11 1.010917086247375e-08 1062
35.3554 2.697811060614271e-11 6.546716795678295e-09 776
36.0625 1.360353868695124e-11 3.350626055990033e-09 432
36.7696 5.396970911576029e-12 1.345750542718214e-09 200
37.4767 4.375966750903152e-12 1.066403176027187e-09 168
38.1838 1.585968756109466e-12 4.230005343638822e-10 56
38.8909 2.978513396306665e-13 2.295843401135479e-11 7

0.707107 3.017708837173613e-07 9.584560341783493e-07 18
1.41421 1.22630461675666e-07 4.142181430515116e-07 62
2.12132 2.468996161766662e-07 7.467498034462873e-07 98
2.82843 3.511377095805028e-07 1.215180705049084e-06 210
3.53554 5.246617719676855e-07 1.913226915857795e-06 350
4.24264 3.700079236284524e-07 1.730270796572842e-06 450
4.94975 3.638489752649134e-07 2.062242247476179e-06 602
5.65686 2.777599028599133e-07 2.273212841567539e-06 762
6.36396 2.668805167233606e-07 3.078783367697164e-06 1142
7.07107 2.063440418157898e-07 3.121984756823785e-06 1250
7.77818 1.817821199282842e-07 3.734475487578958e-06 1458
8.48528 1.694334474881872e-07 4.751891634498518e-06 1814
9.19239 1.549013535203021e-07 5.429017175349868e-06 2178
9.8995 1.341657343394842e-07 5.803106102845872e-06 2498
10.6066 1.141271979528813e-07 6.188067634250823e-06 2622
11.3137 1.183680189569187e-07 7.024994333001812e-06 3338
12.0208 1.081615178765481e-07 7.63774248321934e-06 3722
12.7279 9.793519873554204e-08 7.77044627916499e-06 4170
13.435 8.360026867434056e-08 7.545250162386725e-06 4358
14.1421 7.917882582369086e-08 7.93208365153262e-06 5034
14.8492 7.381023428011595e-08 7.953073609439268e-06 5714
15.5564 6.310072593790718e-08 7.057328121095326e-06 5982
16.2635 5.595615380965974e-08 6.871105107154764e-06 6602
16.9706 4.871414116048468e-08 6.434879773768373e-06 7130
17.6777 4.432697034880855e-08 6.247826876038082e-06 8034
18.3848 3.859604411791807e-08 5.526103318596082e-06 8606
19.0919 3.296109154981478e-08 4.942787264325825e-06 9066
19.799 2.923070372198853e-08 4.572046701286272e-06 9962
20.5061 2.545501361072028e-08 4.036448920286365e-06 10550
21.2132 2.269811539883978e-08 3.571079336746285e-06 11226
21.9203 2.076462766823131e-08 3.350658899755107e-06 12146
22.6274 1.743427332555345e-08 2.898950431425687e-06 12303
23.3345 1.445486815804412e-08 2.472320422888172e-06 12584
24.0416 1.077040177805147e-08 1.969524980367626e-06 12120
24.7487 7.961819869875281e-09 1.457048027115029e-06 11180
25.4559 6.150008159179833e-09 1.192953769103808e-06 11096
26.163 4.420589804080664e-09 8.607285999552475e-07 10056
26.8701 3.419830033205013e-09 6.865381246691247e-07 9716
27.5772 2.468533820220913e-09 5.05663034796935e-07 8604
28.2843 1.915472523980285e-09 3.922049409849158e-07 8060
28.9914 1.42488576317531e-09 2.965780119347297e-07 7320
29.6985 1.021007790891812e-09 2.196472216521881e-07 6356
30.4056 7.135115317931331e-10 1.599595306971911e-07 5348
31.1127 4.739846832758843e-10 1.082426892125306e-07 4308
31.8198 3.21183970896687e-10 7.302269986066045e-08 3563
32.5269 1.776757537265781e-10 4.235760084052399e-08 2448
33.234 1.070659121956609e-10 2.679175230061191e-08 1868
33.9411 6.582949018348866e-11 1.620467865952073e-08 1358
34.6482 4.332852801445473e-11 1.015417537879188e-08 1062
35.3554 2.731603356308362e-11 6.593348673720728e-09 776
36.0625 1.241083519329061e-11 3.431674197509814e-09 432
36.7696 5.224063847111556e-12 1.392771364928979e-09 200
37.4767 5.003899781147928e-12 1.013429180834328e-09 168
38.1838 1.448257144695826e-12 3.846772859973531e-10 56
38.8909 2.359027387878782e-13 3.506997451790418e-11 7

0.707107 6.153661541101104e-07 3.852787169004687e-07 18
1.41421 2.4977240426777e-07 1.772279849598872e-07 62
2.12132 5.334926635589766e-07 3.532388113482509e-07 98
2.82843 7.290803174799714e-07 5.828330946068708e-07 210
3.53554 1.049813196978225e-06 9.702916765538576e-07 350
4.24264 7.972064024981686e-07 1.013654199994096e-06 450
4.94975 7.244006315296701e-07 1.317191559240553e-06 602
5.65686 5.40501180570126e-07 1.638053467349322e-06 762
6.36396 5.053222785988907e-07 2.526601399548658e-06 1142
7.07107 3.758676586548562e-07 2.778529687929056e-06 1250
7.77818 3.223577137474983e-07 3.152356600684673e-06 1458
8.48528 2.858593545944013e-07 4.198884090380666e-06 1814
9.19239 2.513058120198702e-07 4.812033861318307e-06 2178
9.8995 2.085370502773604e-07 5.313108218530492e-06 2498
10.6066 1.725611145195128e-07 5.527852383792037e-06 2622
11.3137 1.737684345826417e-07 6.884745895959165e-06 3338
12.0208 1.530284291347253e-07 7.064732732578579e-06 3722
12.7279 1.358479655978438e-07 7.355645462248075e-06 4170
13.435 1.131745565158606e-07 7.337907305543267e-06 4358
14.1421 1.069648911064913e-07 7.474940151413531e-06 5034
14.8492 9.746222865264457e-08 7.546445111629897e-06 5714
15.5564 8.338490164278122e-08 6.877816133728209e-06 5982
16.2635 7.26181490424669e-08 6.690305127292174e-06 6602
16.9706 6.567483960223252e-08 6.225692172903784e-06 7130
17.6777 6.059247572566833e-08 6.0805612877876e-06 8034
18.3848 5.060054445317567e-08 5.432506455940796e-06 8606
19.0919 4.437884609983779e-08 4.756057312404932e-06 9066
19.799 3.950730546003447e-08 4.431035097115454e-06 9962
20.5061 3.45275585083018e-08 3.854712962586764e-06 10550
21.2132 3.076748137127774e-08 3.527044237046175e-06 11226
21.9203 2.820417480302958e-08 3.329988273507815e-06 12146
22.6274 2.421108449926362e-08 2.792181395948982e-06 12303
23.3345 1.966420055343927e-08 2.463845921993937e-06 12584
24.0416 1.479795923199319e-08 1.963717975306022e-06 12120
24.7487 1.084997213221838e-08 1.456210267436336e-06 11180
25.4559 8.559790128728603e-09 1.191250454201058e-06 11096
26.163 6.071269961792792e-09 8.856475279483967e-07 10056
26.8701 4.65699187798041e-09 7.032038463429979e-07 9716
27.5772 3.376232004098062e-09 5.225367501479983e-07 8604
28.2843 2.641309242712121e-09 3.981457398866577e-07 8060
28.9914 1.923686401667035e-09 3.083101047137958e-07 7320
29.6985 1.418280746230316e-09 2.251988675430607e-07 6356
30.4056 9.858507687957247e-10 1.627861560547308e-07 5348
31.1127 6.810646524318378e-10 1.104167976257924e-07 4308
31.8198 4.627103598563063e-10 7.552674796905418e-08 3563
32.5269 2.487282967299499e-10 4.153909601573988e-08 2448
33.234 1.498034939699359e-10 2.707933821664328e-08 1868
33.9411 9.527960944370548e-11 1.656111060677635e-08 1358
34.6482 5.908351989263434e-11 1.096549779942076e-08 1062
35.3554 3.711395301073923e-11 7.364109533683854e-09 776
36.0625 1.804574969471471e-11 3.759403031857077e-09 432
36.7696 7.685042907058693e-12 1.5450216002552e-09 200
37.4767 7.19598333515672e-12 1.276619162810974e-09 168
38.1838 1.641677520695464e-12 3.592626532019658e-10 56
38.8909 2.432168458223701e-13 3.088273780536934e-11 7

0.707107 6.526339483777993e-08 1.06118290299631e-06 18
1.41421 3.431231437565779e-08 4.6269378175976e-07 62
2.12132 7.352469109629365e-08 9.541578028541086e-07 98
2.82843 1.111508275855446e-07 1.545031613252427e-06 210
3.53554 1.486706024556569e-07 2.203540025385964e-06 350
4.24264 1.222167297393897e-07 1.963135004439414e-06 450
4.94975 1.277621669825402e-07 2.141144796075199e-06 602
5.65686 1.062665563433808e-07 2.224398656076141e-06 762
6.36396 1.122825158497411e-07 2.840692704212886e-06 1142
7.07107 9.680699399143221e-08 3.221902914339598e-06 1250
7.77818 9.078843113528311e-08 3.463613234307271e-06 1458
8.48528 9.176425633794125e-08 4.420015730467655e-06 1814
9.19239 9.222660275858298e-08 5.04228195646527e-06 2178
9.8995 8.314629786683196e-08 5.52480239852483e-06 2498
10.6066 7.7235107410684e-08 5.74846950100083e-06 2622
11.3137 8.017092184100164e-08 6.811847147615337e-06 3338
12.0208 7.747780514498246e-08 7.298845207224055e-06 3722
12.7279 7.283224641994718e-08 7.446407839105914e-06 4170
13.435 6.210203921629504e-08 7.19655195157213e-06 4358
14.1421 6.114312247903664e-08 7.417693907068794e-06 5034
14.8492 5.729181152839376e-08 7.461416580159689e-06 5714
15.5564 4.837477262599152e-08 6.839698154783807e-06 5982
16.2635 4.48385084300951e-08 6.721978265084756e-06 6602
16.9706 3.86677786435358e-08 6.207295419593485e-06 7130
17.6777 3.554324115924271e-08 6.061381666655769e-06 8034
18.3848 3.116454698523897e-08 5.445885204379373e-06 8606
19.0919 2.665130515640878e-08 4.874171085971919e-06 9066
19.799 2.422957782500756e-08 4.534098112688347e-06 9962
20.5061 2.112271775256882e-08 4.004148269731623e-06 10550
21.2132 1.826905890327227e-08 3.678997353895465e-06 11226
21.9203 1.674788225794167e-08 3.3512209788004e-06 12146
22.6274 1.431384392241192e-08 2.963537056276055e-06 12303
23.3345 1.179803133470237e-08 2.482043047073559e-06 12584
24.0416 8.985474959038085e-09 1.958950920079207e-06 12120
24.7487 6.53472093372247e-09 1.518164689562643e-06 11180
25.4559 5.077866962322743e-09 1.237293961515735e-06 11096
26.163 3.785079439697836e-09 9.120880693177601e-07 10056
26.8701 2.913133998602166e-09 7.295797483097231e-07 9716
27.5772 2.06561298853789e-09 5.317893553234872e-07 8604
28.2843 1.618500430826662e-09 4.086967163594502e-07 8060
28.9914 1.213731686994785e-09 3.165397221550555e-07 7320
29.6985 8.903503923836627e-10 2.339791239645104e-07 6356
30.4056 6.343831075610513e-10 1.708481678252832e-07 5348
31.1127 4.189823690180342e-10 1.166004598633179e-07 4308
31.8198 2.942688724137456e-10 8.307500413814106e-08 3563
32.5269 1.606779466688684e-10 4.343989551205177e-08 2448
33.234 9.595698208111953e-11 2.990066985372416e-08 1868
33.9411 6.205514550603331e-11 1.886482631982033e-08 1358
34.6482 4.079448434385433e-11 1.126952712768686e-08 1062
35.3554 2.393182566430099e-11 7.354145213372428e-09 776
36.0625 1.235392851221747e-11 3.786568987642086e-09 432
36.7696 5.554946152006163e-12 1.717592905606056e-09 200
37.4767 4.671126716979361e-12 1.241516350647689e-09 168
38.1838 1.362908383774658e-12 6.124039766799792e-10 56
38.8909 4.260425442421766e-13 3.546713154178002e-11 7

0.707107 6.847567118484187e-07 3.923920565817252e-08 18
1.41421 2.942615186833144e-07 4.223574298595571e-08 62
2.12132 6.083222054715182e-07 9.040057163947502e-08 98
2.82843 8.805933298441928e-07 2.820013830315553e-07 210
3.53554 1.148831206393269e-06 4.370700634521925e-07 350
4.24264 8.921356332291238e-07 5.933446688307553e-07 450
4.94975 8.028053418409406e-07 9.221916789527833e-07 602
5.65686 6.115183270331538e-07 1.260622326186302e-06 762
6.36396 5.681812229236528e-07 1.950767593536525e-06 1142
7.07107 4.174169374262137e-07 2.250671484739689e-06 1250
7.77818 3.557893245248727e-07 2.737921607366641e-06 1458
8.48528 3.072046068434065e-07 3.684718471171419e-06 1814
9.19239 2.749951014700513e-07 4.413586055982506e-06 2178
9.8995 2.233191601380948e-07 4.806144114659583e-06 2498
10.6066 1.894910199866483e-07 4.945060777205336e-06 2622
11.3137 1.890523886729333e-07 6.348650324852539e-06 3338
12.0208 1.657591941312274e-07 6.541923015713881e-06 3722
12.7279 1.477474295474116e-07 6.815235416877117e-06 4170
13.435 1.248164470936207e-07 6.522404291242521e-06 4358
14.1421 1.148763713217906e-07 6.945307575276374e-06 5034
14.8492 1.04439950477202e-07 6.887220217743887e-06 5714
15.5564 8.857982580014813e-08 6.588360201678991e-06 5982
16.2635 7.832205039355853e-08 6.498023724934657e-06 6602
16.9706 7.040168710820109e-08 5.970866196903234e-06 7130
17.6777 6.385548178817817e-08 5.795701529950331e-06 8034
18.3848 5.564817587080637e-08 5.211996822140905e-06 8606
19.0919 4.836663244398211e-08 4.768102061012989e-06 9066
19.799 4.364408628727791e-08 4.354432016802889e-06 9962
20.5061 3.80477954473718e-08 3.906326108652103e-06 10550
21.2132 3.400847941882089e-08 3.567445539679868e-06 11226
21.9203 3.181715971452039e-08 3.254170492584792e-06 12146
22.6274 2.691206329965774e-08 2.931834453041646e-06 12303
23.3345 2.227144180785085e-08 2.526635311437346e-06 12584
24.0416 1.65912259290789e-08 1.959938576976478e-06 12120
24.7487 1.254659938605126e-08 1.487730311824039e-06 11180
25.4559 9.833940994028497e-09 1.202197495850796e-06 11096
26.163 7.083372326650645e-09 9.141734470522952e-07 10056
26.8701 5.49065860570521e-09 7.208459447645579e-07 9716
27.5772 3.924225823139379e-09 5.457226100172959e-07 8604
28.2843 3.054339068082297e-09 4.184236008959128e-07 8060
28.9914 2.303513025023862e-09 3.175414051286991e-07 7320
29.6985 1.633887693689371e-09 2.369081502841786e-07 6356
30.4056 1.157959661293191e-09 1.715048196854979e-07 5348
31.1127 7.989077873133733e-10 1.125254608345281e-07 4308
31.8198 5.551746578062977e-10 8.281544113123799e-08 3563
32.5269 2.902124415897812e-10 4.684192646622682e-08 2448
33.234 1.697784166701654e-10 3.006745491802869e-08 1868
33.9411 1.051776867344492e-10 1.916803474798032e-08 1358
34.6482 7.2029501498762e-11 1.314997188335525e-08 1062
35.3554 4.712348818106021e-11 8.246098320483698e-09 776
36.0625 2.140868840039875e-11 4.381346825272591e-09 432
36.7696 9.390540732900929e-12 1.81373979586866e-09 200
37.4767 7.926077014922279e-12 1.254958295759056e-09 168
38.1838 2.614887342463351e-12 4.397482530724424e-10 56
38.8909 2.607975720495836e-13 5.81951411079457e-11 7

0.707107 3.142092313524789e-09 1.023221470204261e-06 18
1.41421 5.712565645610287e-09 4.747249974139871e-07 62
2.12132 9.112405641893931e-09 9.945941324560835e-07 98
2.82843 1.672532642978854e-08 1.487236105611361e-06 210
3.53554 2.483625838236211e-08 2.025067451714593e-06 350
4.24264 3.124155017965519e-08 2.097662899646617e-06 450
4.94975 3.639339107434794e-08 2.116094119667718e-06 602
5.65686 4.177265577933446e-08 2.151981100541074e-06 762
6.36396 5.749827857995339e-08 2.810300260184052e-06 1142
7.07107 5.460336825875414e-08 2.843321274259415e-06 1250
7.77818 5.74320044151871e-08 3.468706523814064e-06 1458
8.48528 6.412658714589201e-08 4.044665501174155e-06 1814
9.19239 6.595003437127772e-08 4.601194101791136e-06 2178
9.8995 6.507978615967422e-08 5.156041953219317e-06 2498
10.6066 5.923885006114204e-08 5.238236361280827e-06 2622
11.3137 6.505870254241887e-08 6.417532122084812e-06 3338
12.0208 6.446422011069174e-08 6.688149679052581e-06 3722
12.7279 5.876837986027746e-08 7.084146376835233e-06 4170
13.435 5.354914999100548e-08 6.792455045205486e-06 4358
14.1421 5.132788909381434e-08 6.99639781102184e-06 5034
14.8492 4.976276476559581e-08 7.22715134631703e-06 5714
15.5564 4.157184111793398e-08 6.712441112320163e-06 5982
16.2635 3.790391073564555e-08 6.495131872154715e-06 6602
16.9706 3.454001213952e-08 6.027185889932078e-06 7130
17.6777 3.155954332608517e-08 5.905640362781705e-06 8034
18.3848 2.727203509793368e-08 5.356543819831676e-06 8606
19.0919 2.328765138271356e-08 4.801477910442578e-06 9066
19.799 2.132025840623776e-08 4.466175134879044e-06 9962
20.5061 1.860979840550307e-08 3.994023238070884e-06 10550
21.2132 1.643040318459795e-08 3.580833446757754e-06 11226
21.9203 1.501842263807335e-08 3.350318507751858e-06 12146
22.6274 1.281814870133148e-08 2.953769734629344e-06 12303
23.3345 1.070004694520108e-08 2.602530467904363e-06 12584
24.0416 7.993459923901324e-09 1.989106841675763e-06 12120
24.7487 5.95162176921859e-09 1.558056318254953e-06 11180
25.4559 4.635660414539046e-09 1.260564405604392e-06 11096
26.163 3.455513374410353e-09 9.49914922684495e-07 10056
26.8701 2.660991160578039e-09 7.562709104330874e-07 9716
27.5772 1.967615865050362e-09 5.445413658538674e-07 8604
28.2843 1.508611664493943e-09 4.349041567021349e-07 8060
28.9914 1.148635176385678e-09 3.304160946914531e-07 7320
29.6985 8.248756480014425e-10 2.448308548252765e-07 6356
30.4056 6.008002672643855e-10 1.774791814252016e-07 5348
31.1127 4.173148220598273e-10 1.222826237326468e-07 4308
31.8198 2.751049943293252e-10 8.624134905554585e-08 3563
32.5269 1.497522709851885e-10 4.947517160328051e-08 2448
33.234 9.59059795244092e-11 2.986604950352291e-08 1868
33.9411 5.888574639426843e-11 1.829413438346695e-08 1358
34.6482 4.038449535918958e-11 1.302535896942594e-08 1062
35.3554 2.504824940202209e-11 8.740771661877365e-09 776
36.0625 1.120957933517269e-11 3.735198345990121e-09 432
36.7696 4.69145726843323e-12 1.635864231169524e-09 200
37.4767 3.768926685698795e-12 1.323821664162569e-09 168
38.1838 1.509222590397458e-12 4.894272401179831e-10 56
38.8909 1.124565814632542e-13 3.853209678523386e-11 7

0.707107 5.789409497007924e-07 2.679149011072062e-08 18
1.41421 2.883774952240811e-07 3.88495619450295e-08 62
2.12132 5.200901693173116e-07 7.266541169039234e-08 98
2.82843 8.124288543405785e-07 2.074727185939964e-07 210
3.53554 9.694968848339568e-07 4.257444373968788e-07 350
4.24264 7.97857581642656e-07 5.542126593519903e-07 450
4.94975 7.278506791852056e-07 8.062442014191592e-07 602
5.65686 5.648071982232601e-07 1.141266790996799e-06 762
6.36396 5.34872155540796e-07 1.786253913726086e-06 1142
7.07107 3.92156098771939e-07 2.145606604127332e-06 1250
7.77818 3.308123818734503e-07 2.65390574350422e-06 1458
8.48528 2.915213933402541e-07 3.373675193436795e-06 1814
9.19239 2.479480301344649e-07 4.173810112421173e-06 2178
9.8995 2.134118600842096e-07 4.418583653846799e-06 2498
10.6066 1.706959096389302e-07 4.766612235186222e-06 2622
11.3137 1.792558159153613e-07 5.669138959341852e-06 3338
12.0208 1.590587421107677e-07 6.060288513393383e-06 3722
12.7279 1.383375781100102e-07 6.359327736687775e-06 4170
13.435 1.180505516714036e-07 6.231244673325666e-06 4358
14.1421 1.065644714881412e-07 6.615124064276771e-06 5034
14.8492 1.002454690548291e-07 6.837944279873608e-06 5714
15.5564 8.383516901800179e-08 6.16364229408904e-06 5982
16.2635 7.717935313834579e-08 6.064319858201792e-06 6602
16.9706 6.852373559669619e-08 5.717631446378662e-06 7130
17.6777 6.180715506843354e-08 5.578529013930815e-06 8034
18.3848 5.339664076020735e-08 5.086715627483219e-06 8606
19.0919 4.701083110998504e-08 4.573442958449489e-06 9066
19.799 4.356421556040338e-08 4.33520073378103e-06 9962
20.5061 3.745715071322048e-08 3.820185738562267e-06 10550
21.2132 3.395175417613906e-08 3.498952095774382e-06 11226
21.9203 3.161659248102421e-08 3.319378825671439e-06 12146
22.6274 2.722868802980422e-08 2.883117055582191e-06 12303
23.3345 2.219586967811733e-08 2.503679768426865e-06 12584
24.0416 1.684829205599784e-08 2.026577509896268e-06 12120
24.7487 1.266516885368755e-08 1.541704310996195e-06 11180
25.4559 9.913106984561437e-09 1.227494946673133e-06 11096
26.163 7.234946222931107e-09 9.5540510389544e-07 10056
26.8701 5.561012037231063e-09 7.66092597418439e-07 9716
27.5772 4.096812617849132e-09 5.475977746210902e-07 8604
28.2843 3.259733154458765e-09 4.400979343682486e-07 8060
28.9914 2.364559455909647e-09 3.376869457437406e-07 7320
29.6985 1.740590179889429e-09 2.43954099166258e-07 6356
30.4056 1.242847720785012e-09 1.791308547186926e-07 5348
31.1127 8.824939965309851e-10 1.25237705125291e-07 4308
31.8198 5.840226140165523e-10 8.683488398206875e-08 3563
32.5269 3.001044508020408e-10 4.814960966150253e-08 2448
33.234 1.856879620611476e-10 3.23777242701961e-08 1868
33.9411 1.152428393520451e-10 1.910622885127088e-08 1358
34.6482 7.671668478249347e-11 1.335734663996806e-08 1062
35.3554 4.433168104803185e-11 8.57564887106715e-09 776
36.0625 2.516171820874733e-11 3.789469410028646e-09 432
36.7696 9.648343828908806e-12 1.727042211892994e-09 200
37.4767 7.49731751382215e-12 1.501385015405514e-09 168
38.1838 2.715441760067823e-12 5.231800270454596e-10 56
38.8909 6.915961070208881e-13 5.928099498767312e-11 7

0.707107 4.472988151998238e-08 7.396845952477427e-07 18
1.41421 2.596485665289157e-08 4.15752688756632e-07 62
2.12132 4.749912475486836e-08 7.711506167608486e-07 98
2.82843 7.624763901867911e-08 1.22592554506208e-06 210
3.53554 1.008971265029497e-07 1.712994874296453e-06 350
4.24264 9.742927099209894e-08 1.69170122303708e-06 450
4.94975 8.656292944737113e-08 1.833118499099009e-06 602
5.65686 8.152630225143934e-08 1.99184058202032e-06 762
6.36396 9.061372816405738e-08 2.448353521167579e-06 1142
7.07107 8.360908638339825e-08 2.596903452789235e-06 1250
7.77818 7.569106938921578e-08 2.973677089233385e-06 1458
8.48528 7.64275024452985e-08 3.628137888702324e-06 1814
9.19239 8.018636722236842e-08 4.436424506694852e-06 2178
9.8995 7.200159788385292e-08 4.679605397327655e-06 2498
10.6066 6.41391723764678e-08 4.8448654350403e-06 2622
11.3137 7.048589516552537e-08 5.861497272572104e-06 3338
12.0208 6.816065704571422e-08 6.117375140634377e-06 3722
12.7279 6.416753787499259e-08 6.494191664213675e-06 4170
13.435 5.550735610203522e-08 6.493585603244909e-06 4358
14.1421 5.543204383142524e-08 6.787498803812457e-06 5034
14.8492 5.070224381048817e-08 6.797242382615449e-06 5714
15.5564 4.522169465261594e-08 6.305699726705262e-06 5982
16.2635 4.002057741083585e-08 6.016269393465926e-06 6602
16.9706 3.662721516595448e-08 5.601919961045877e-06 7130
17.6777 3.344498738731895e-08 5.726514719162256e-06 8034
18.3848 2.949426323291776e-08 5.090829093303904e-06 8606
19.0919 2.602692043134284e-08 4.613498884084091e-06 9066
19.799 2.359327141827228e-08 4.316540078623216e-06 9962
20.5061 2.034268322497679e-08 3.926772958967372e-06 10550
21.2132 1.788831228377419e-08 3.600048018512051e-06 11226
21.9203 1.645869937809179e-08 3.307250113326348e-06 12146
22.6274 1.428192939350737e-08 2.940650017137081e-06 12303
23.3345 1.173042936997449e-08 2.55122280853744e-06 12584
24.0416 8.992997616201709e-09 1.993313385714041e-06 12120
24.7487 6.65338563701939e-09 1.521931252823397e-06 11180
25.4559 5.270890781424272e-09 1.26408777625922e-06 11096
26.163 3.952414237178561e-09 9.60268027561389e-07 10056
26.8701 3.081831883442849e-09 7.728240462964245e-07 9716
27.5772 2.207789516286877e-09 5.617780619311023e-07 8604
28.2843 1.72796186673263e-09 4.610730526776321e-07 8060
28.9914 1.334863552821377e-09 3.545983589271941e-07 7320
29.6985 9.595126136447246e-10 2.602683752516781e-07 6356
30.4056 6.872470080764895e-10 1.904576265630525e-07 5348
31.1127 4.634914212971792e-10 1.315422012606701e-07 4308
31.8198 3.283511685897913e-10 8.965956004679773e-08 3563
32.5269 1.80387794725284e-10 5.214399930933011e-08 2448
33.234 1.107989232024029e-10 3.423380382891628e-08 1868
33.9411 6.99381193459788e-11 2.12606922948927e-08 1358
34.6482 4.94608759770963e-11 1.400107267065307e-08 1062
35.3554 3.029613740207058e-11 8.842228084922232e-09 776
36.0625 1.440118854639347e-11 4.392521304867733e-09 432
36.7696 6.002015535597162e-12 2.165251700257637e-09 200
37.4767 5.423090922481371e-12 1.584228813986013e-09 168
38.1838 2.402818094647451e-12 4.041657330166044e-10 56
38.8909 2.533483719728079e-13 6.76205475547753e-11 7

0.707107 3.681691757112358e-07 1.642219139739011e-07 18
1.41421 2.072453381774453e-07 1.081483548722061e-07 62
2.12132 3.647437790521925e-07 1.871948862874536e-07 98
2.82843 5.821297165485467e-07 3.625630395503885e-07 210
3.53554 7.531997421545157e-07 6.220989422369129e-07 350
4.24264 6.097518535480856e-07 7.017535175185528e-07 450
4.94975 5.425256263009695e-07 9.061620285204328e-07 602
5.65686 4.333775494458112e-07 1.129380297510941e-06 762
6.36396 4.171282713645179e-07 1.780695492268412e-06 1142
7.07107 3.072848109742036e-07 2.03646813332917e-06 1250
7.77818 2.601951588103966e-07 2.492024434643731e-06 1458
8.48528 2.3824594380493e-07 3.036111481811833e-06 1814
9.19239 2.134595366535659e-07 3.723031157610117e-06 2178
9.8995 1.795795971928367e-07 4.328433688212372e-06 2498
10.6066 1.457087638575969e-07 4.357859108455345e-06 2622
11.3137 1.58893605458956e-07 5.249043630627367e-06 3338
12.0208 1.308090705125758e-07 5.695831937102838e-06 3722
12.7279 1.197041486000994e-07 6.056583860117489e-06 4170
13.435 1.030712025091504e-07 6.053980314315823e-06 4358
14.1421 9.58525833787844e-08 6.329407785327802e-06 5034
14.8492 8.721958095312437e-08 6.497512530254667e-06 5714
15.5564 7.581953102909387e-08 6.118462581218129e-06 5982
16.2635 6.739362482011645e-08 5.683485851080164e-06 6602
16.9706 6.211966850906823e-08 5.662894006653585e-06 7130
17.6777 5.601358499993755e-08 5.371770652639934e-06 8034
18.3848 4.856001424776627e-08 5.028965799838525e-06 8606
19.0919 4.245928505262841e-08 4.438520663556512e-06 9066
19.799 3.838119315511024e-08 4.185745360361719e-06 9962
20.5061 3.397753041245312e-08 3.854160765562112e-06 10550
21.2132 3.164180823749239e-08 3.510014165517762e-06 11226
21.9203 2.870314967890787e-08 3.239931762532494e-06 12146
22.6274 2.462786003614495e-08 2.860005718942701e-06 12303
23.3345 2.078487521434703e-08 2.493712057641417e-06 12584
24.0416 1.567010827974333e-08 2.053107032916437e-06 12120
24.7487 1.161387660570194e-08 1.5572852175988e-06 11180
25.4559 9.233392909192482e-09 1.254835591103528e-06 11096
26.163 6.841646182766204e-09 9.610624136597043e-07 10056
26.8701 5.23047726210348e-09 7.74470929239091e-07 9716
27.5772 3.856306586339513e-09 5.711198328743324e-07 8604
28.2843 3.091045050202396e-09 4.521781299303535e-07 8060
28.9914 2.274330444267999e-09 3.549198603658444e-07 7320
29.6985 1.687515893133947e-09 2.668611110616731e-07 6356
30.4056 1.201245114880813e-09 1.900086112070092e-07 5348
31.1127 8.219760167585221e-10 1.297548939897548e-07 4308
31.8198 5.74808200848771e-10 9.42213158579079e-08 3563
32.5269 2.98281769489888e-10 5.141504774237462e-08 2448
33.234 1.859462914947032e-10 3.42848609952371e-08 1868
33.9411 1.193525338094838e-10 2.125964716608672e-08 1358
34.6482 7.861364207416942e-11 1.498363913410443e-08 1062
35.3554 4.759653875824357e-11 9.241903163546063e-09 776
36.0625 2.449616737287222e-11 4.516841503530806e-09 432
36.7696 1.059058961001751e-11 2.012046199900913e-09 200
37.4767 8.037101430026822e-12 1.548853662362189e-09 168
38.1838 2.994962557923961e-12 5.660426816182297e-10 56
38.8909 3.994029320755274e-13 4.293859534720138e-11 7

0.707107 1.27226675950337e-07 5.14326095364742e-07 18
1.41421 6.565696904482274e-08 3.181849683567645e-07 62
2.12132 1.286251965248584e-07 5.845428044169093e-07 98
2.82843 1.85175780865372e-07 9.263044487661107e-07 210
3.53554 2.426619490181131e-07 1.387772004305025e-06 350
4.24264 1.999945386315177e-07 1.22662434223845e-06 450
4.94975 1.831493254734162e-07 1.321802780405832e-06 602
5.65686 1.597381333423445e-07 1.612682788845838e-06 762
6.36396 1.55491954440138e-07 2.1960321229569e-06 1142
7.07107 1.222608788781831e-07 2.397796272998425e-06 1250
7.77818 1.087435137220827e-07 2.624067604772073e-06 1458
8.48528 1.069427748425521e-07 3.226158500018599e-06 1814
9.19239 9.941081111435193e-08 3.875284851348359e-06 2178
9.8995 9.203572286173442e-08 4.14633401985904e-06 2498
10.6066 7.836325162142928e-08 4.499960509399866e-06 2622
11.3137 8.562716527461329e-08 5.468824422897343e-06 3338
12.0208 7.501153101357876e-08 5.86839997097099e-06 3722
12.7279 7.111025736179513e-08 6.055407276539126e-06 4170
13.435 6.295115171625971e-08 5.730161286914235e-06 4358
14.1421 6.001393826865514e-08 6.342670978287598e-06 5034
14.8492 5.600193890892956e-08 6.356725567154366e-06 5714
15.5564 4.876523225560842e-08 5.857593136047542e-06 5982
16.2635 4.555329773874102e-08 5.723297064295153e-06 6602
16.9706 3.960858438440669e-08 5.421595170147406e-06 7130
17.6777 3.722097625742392e-08 5.46738211987677e-06 8034
18.3848 3.248397490737442e-08 4.910543822494825e-06 8606
19.0919 2.842946102422136e-08 4.393253342241835e-06 9066
19.799 2.609400914180173e-08 4.18440113329698e-06 9962
20.5061 2.317495210072626e-08 3.763224375089549e-06 10550
21.2132 2.081280082572991e-08 3.516716537022166e-06 11226
21.9203 1.907640016687974e-08 3.278749866116761e-06 12146
22.6274 1.642351280171645e-08 2.888438381910212e-06 12303
23.3345 1.383883260604434e-08 2.541413529044166e-06 12584
24.0416 1.053726775512645e-08 2.056173649013404e-06 12120
24.7487 7.865574924414255e-09 1.533580945528965e-06 11180
25.4559 6.237017728440774e-09 1.308166674930612e-06 11096
26.163 4.595011981585102e-09 9.727187760019174e-07 10056
26.8701 3.610451916189377e-09 7.885419616111415e-07 9716
27.5772 2.622979376344872e-09 5.881607098479349e-07 8604
28.2843 2.090796171194374e-09 4.580190083371543e-07 8060
28.9914 1.582377225145378e-09 3.62413101729928e-07 7320
29.6985 1.141395132721663e-09 2.635833225475011e-07 6356
30.4056 8.330643863307216e-10 1.946005227599783e-07 5348
31.1127 5.734555223040048e-10 1.333928441107245e-07 4308
31.8198 3.889617949930921e-10 9.51700244321226e-08 3563
32.5269 2.16067943871447e-10 5.47989847933116e-08 2448
33.234 1.328351398052324e-10 3.480338817641505e-08 1868
33.9411 8.434574891001706e-11 2.161439070875335e-08 1358
34.6482 5.517217121945476e-11 1.476957683939266e-08 1062
35.3554 3.560810623376941e-11 9.280335945085402e-09 776
36.0625 1.835885725643831e-11 5.14019297320822e-09 432
36.7696 8.038090146071369e-12 1.9920904184666e-09 200
37.4767 5.374410851956699e-12 1.593447057064694e-09 168
38.1838 2.29688434358811e-12 4.482411058411112e-10 56
38.8909 2.725026670234208e-13 2.347243191415136e-11 7

0.707107 2.389001180334929e-07 3.076767651863454e-07 18
1.41421 1.348070208741401e-07 1.762726205527287e-07 62
2.12132 2.419981639798658e-07 3.561293979905242e-07 98
2.82843 3.7817581386498e-07 5.203989943245147e-07 210
3.53554 4.918372172244045e-07 8.106480229829404e-07 350
4.24264 3.883691867743404e-07 8.35127293709201e-07 450
4.94975 3.510705036633796e-07 1.059141372360476e-06 602
5.65686 3.013537402641299e-07 1.277200489870128e-06 762
6.36396 2.812712314114038e-07 1.783199161898565e-06 1142
7.07107 2.104320101276724e-07 2.026299462711946e-06 1250
7.77818 1.784569944886235e-07 2.351462185624051e-06 1458
8.48528 1.70415746230929e-07 2.974097812820613e-06 1814
9.19239 1.5590517644253e-07 3.465522406029525e-06 2178
9.8995 1.331071389513842e-07 3.977262113271561e-06 2498
10.6066 1.119468857910318e-07 4.104903481868939e-06 2622
11.3137 1.123846571041024e-07 5.01803225307835e-06 3338
12.0208 1.032941369701693e-07 5.563405352635895e-06 3722
12.7279 9.779098752516249e-08 5.805371799050027e-06 4170
13.435 7.8138277897423e-08 5.633081834753618e-06 4358
14.1421 7.671986032409964e-08 5.860907423385702e-06 5034
14.8492 7.266801219659205e-08 6.14521539921622e-06 5714
15.5564 6.27903965013268e-08 5.696741538507013e-06 5982
16.2635 5.652328539235596e-08 5.683962353463889e-06 6602
16.9706 5.128324489698498e-08 5.179936654590813e-06 7130
17.6777 4.715638805114881e-08 5.237096763028609e-06 8034
18.3848 4.08213627182207e-08 4.791583109457633e-06 8606
19.0919 3.611663024315168e-08 4.468352111122772e-06 9066
19.799 3.26911118317664e-08 4.19838689321789e-06 9962
20.5061 2.917422611175015e-08 3.857289940460171e-06 10550
21.2132 2.63900081676547e-08 3.521709909248894e-06 11226
21.9203 2.421486232231972e-08 3.293626871370593e-06 12146
22.6274 2.118351063602435e-08 2.862878862709584e-06 12303
23.3345 1.755171292054651e-08 2.536617509663732e-06 12584
24.0416 1.362634815469725e-08 2.082628115277411e-06 12120
24.7487 1.008540111917564e-08 1.56489737408772e-06 11180
25.4559 8.095814292517536e-09 1.287196081035684e-06 11096
26.163 5.916079602687629e-09 9.553844971855271e-07 10056
26.8701 4.695822079335333e-09 7.890245734851597e-07 9716
27.5772 3.388862301840047e-09 5.908198451362035e-07 8604
28.2843 2.722227681124344e-09 4.622638971031379e-07 8060
28.9914 2.014583082139771e-09 3.69557770129245e-07 7320
29.6985 1.495390268090059e-09 2.701204031022632e-07 6356
30.4056 1.073094782753934e-09 2.02842474951993e-07 5348
31.1127 7.260629389331309e-10 1.386193629735664e-07 4308
31.8198 4.982751125379785e-10 9.837423199830697e-08 3563
32.5269 2.739299555490795e-10 5.51774307266957e-08 2448
33.234 1.687705148886545e-10 3.512530925975836e-08 1868
33.9411 1.06007021049771e-10 2.264135530173512e-08 1358
34.6482 6.951168161806674e-11 1.562355924099364e-08 1062
35.3554 4.728755793661894e-11 1.021049468249357e-08 776
36.0625 2.212674769808552e-11 5.227947855198368e-09 432
36.7696 8.721634661210218e-12 2.225281484424475e-09 200
37.4767 8.390416169648078e-12 1.836144637437178e-09 168
38.1838 2.695385462879262e-12 6.145228509765519e-10 56
38.8909 3.251281998871252e-13 5.397325925640127e-11 7

