1:binCentralValue 2:valuesAverage 3:valuesAverage 4:multiplicity
0.25 3.579964867319607e-18 1.515921936384351e-16 18
0.5 2.673647106604113e-17 2.965894586976576e-15 62
0.75 8.034391041762066e-17 6.919831093067169e-15 98
1 1.991207744167672e-16 2.238680273553427e-14 210
1.25 5.09260223692086e-16 5.715213404404704e-14 350
1.5 7.154303278097571e-16 7.734011034114145e-14 450
1.75 9.413007843399173e-16 1.254454010943019e-13 602
2 1.569489941174149e-15 1.751505315911297e-13 762
2.25 2.579994263915703e-15 3.104375294864589e-13 1142
2.5 3.014770459398275e-15 3.97650627073749e-13 1250
2.75 4.010589316810884e-15 4.894643411756436e-13 1458
3 5.300093733571217e-15 6.995335992320143e-13 1814
3.25 6.936914126976242e-15 9.155877912388724e-13 2178
3.5 8.272592215097955e-15 1.07267530102476e-12 2498
3.75 9.841784115467191e-15 1.215323955009813e-12 2622
4 6.093213103254922e-15 8.339305755100007e-13 3338
4.25 4.252418205708427e-46 5.284301981058551e-44 3722
4.5 4.324503594815267e-46 5.857126024546073e-44 4170
4.75 4.538467898222216e-46 6.100330743654509e-44 4358
5 5.489247174168288e-46 7.006336459914329e-44 5034
5.25 6.33912943381034e-46 8.420939448535122e-44 5714
5.5 6.376166972149888e-46 8.357679395280067e-44 5982
5.75 6.985582039385294e-46 9.272628060432842e-44 6602
6 7.347022109806197e-46 9.477864930900794e-44 6923
6.25 7.159437107990501e-46 9.414856437920234e-44 7032
6.5 6.422843760176561e-46 8.149403053073818e-44 6632
6.75 4.855253911109629e-46 6.354143021272378e-44 5988
7 4.150520413818437e-46 5.441562573553849e-44 5744
7.25 3.455389507560066e-46 4.657560301551989e-44 5048
7.5 3.076832049371335e-46 3.884218805955092e-44 4452
7.75 2.729260408794192e-46 3.573924197787873e-44 3920
8 2.185553929877506e-46 2.667827865231118e-44 3096
8.25 1.703597468580332e-46 2.157952902048366e-44 2552
8.5 1.078412191132489e-46 1.376925666740134e-44 1755
8.75 7.078394163878042e-47 9.548810723403306e-45 1220
9 4.600231292383299e-47 5.437115667409306e-45 782
9.25 2.495630007315353e-47 3.225327761254811e-45 432
9.5 2.355955423218298e-47 2.454060126629388e-45 350
9.75 8.940394678469033e-48 1.170561110805626e-45 168
10 2.611249469312958e-48 3.536146205784909e-46 56
10.25 1.157930987204579e-49 6.375657704441764e-47 6
10.5 8.589706718076728e-51 2.403632753988293e-48 1

0.25 4.517689019916522e-19 1.711638328164412e-17 18
0.5 3.813819677522104e-18 1.367383809052885e-16 62
0.75 7.817845756323978e-18 4.35090861483884e-16 98
1 1.370077922255946e-17 1.09850802286498e-15 210
1.25 2.054465727433183e-17 2.947077872974334e-15 350
1.5 1.603076379105992e-17 4.089453194110897e-15 450
1.75 2.07581039406797e-17 5.246729169648027e-15 602
2 3.650115074571637e-17 8.433933300194685e-15 762
2.25 1.007719678372415e-16 1.126958674043932e-14 1142
2.5 1.699927053477759e-16 1.116648444130877e-14 1250
2.75 2.807575630402948e-16 1.065846747684395e-14 1458
3 4.522484329850368e-16 1.106397503099755e-14 1814
3.25 6.041445836791752e-16 1.159232005317597e-14 2178
3.5 6.73274924239866e-16 1.266764397352108e-14 2498
3.75 7.221178775820119e-16 1.523903359383383e-14 2622
4 4.469977354008603e-16 1.041863331680147e-14 3338
4.25 2.522177978243138e-28 1.186729537198429e-26 3722
4.5 2.282216568824997e-28 1.162294934723133e-26 4170
4.75 2.050027104305807e-28 1.014476019723831e-26 4358
5 1.865340766980186e-28 9.567824902471286e-27 5034
5.25 1.706745417431268e-28 9.230096437155541e-27 5714
5.5 1.460442815145584e-28 7.797478595172566e-27 5982
5.75 1.244594129360934e-28 7.0312044408196e-27 6602
6 1.052738307924269e-28 5.839859536667389e-27 6923
6.25 7.689656387008964e-29 4.553087226501797e-27 7032
6.5 5.031595487315191e-29 2.789915035610287e-27 6632
6.75 2.886362947199434e-29 1.700023514183988e-27 5988
7 1.647430721616295e-29 1.061894381583782e-27 5744
7.25 7.297742743618345e-30 5.31091940193763e-28 5048
7.5 2.788818266474288e-30 2.201418265045329e-28 4452
7.75 6.397786120823204e-31 5.183303697285392e-29 3920
8 1.134945494993603e-32 9.203118615374349e-31 3096
8.25 2.539237286876937e-41 9.107326715565537e-40 2552
8.5 1.320338790720622e-41 3.765601404133343e-40 1755
8.75 6.331586432559042e-42 1.659939919492392e-40 1220
9 2.94408852853769e-42 8.018657239195198e-41 782
9.25 1.299466579697086e-42 3.820250902661519e-41 432
9.5 7.016787896824078e-43 2.199224846939018e-41 350
9.75 2.807681615909285e-43 7.024797801202815e-42 168
10 6.033890607257536e-44 2.687720659919936e-42 56
10.25 7.607933584726662e-45 2.661266832815032e-43 6
10.5 9.743408285473618e-46 1.17010370555796e-44 1

0.25 3.616263976822584e-18 1.364019005169784e-17 18
0.5 2.844323339030547e-17 1.713780379556977e-16 62
0.75 7.712002048539792e-17 7.798592250823905e-16 98
1 1.54745751772814e-16 2.664920075505728e-15 210
1.25 2.700871029545813e-16 9.058797823914017e-15 350
1.5 1.891111941036467e-16 1.271628270771399e-14 450
1.75 9.298704821365342e-17 1.335110348641256e-14 602
2 2.60096188493695e-17 1.145296223763129e-14 762
2.25 1.601804458638237e-17 6.077425535598576e-15 1142
2.5 2.885346788373719e-17 5.282972153523261e-15 1250
2.75 2.484683033378292e-17 9.407770771550315e-15 1458
3 3.721524081979843e-17 1.039940845167303e-14 1814
3.25 7.713579707662142e-17 8.681915359291582e-15 2178
3.5 8.138105429722248e-17 1.473196389976946e-14 2498
3.75 6.278876288167674e-17 2.362511923793357e-14 2622
4 3.311843109912095e-17 1.689497785197176e-14 3338
4.25 2.733546362846168e-28 3.626382611900297e-26 3722
4.5 2.351397677010062e-28 2.853075855063592e-26 4170
4.75 1.866252575101079e-28 2.284538635103559e-26 4358
5 1.638445810173327e-28 1.871163658475922e-26 5034
5.25 1.417687790363768e-28 1.590174689743025e-26 5714
5.5 1.154071831778336e-28 1.364564351072089e-26 5982
5.75 1.037351570129332e-28 1.312421338564951e-26 6602
6 9.550116376333058e-29 1.190833891463706e-26 6923
6.25 7.897321206291238e-29 9.952502688265341e-27 7032
6.5 5.755185403936554e-29 7.27246307805595e-27 6632
6.75 3.900605615914821e-29 4.937132128423323e-27 5988
7 2.555766093972151e-29 3.360654170559474e-27 5744
7.25 1.297093512223587e-29 1.780873169207199e-27 5048
7.5 5.101050733225544e-30 6.810391343087671e-28 4452
7.75 1.225070506313415e-30 1.855780008754308e-28 3920
8 2.358500204971612e-32 3.441767718929778e-30 3096
8.25 2.708427521224072e-41 3.729076173334932e-39 2552
8.5 1.222561084062464e-41 2.02949843933305e-39 1755
8.75 5.360358846292405e-42 1.039361090866399e-39 1220
9 2.834275148881644e-42 5.152105180738896e-40 782
9.25 1.316485020036941e-42 2.216583109856494e-40 432
9.5 7.707351315666534e-43 1.487314826703747e-40 350
9.75 2.806481223742596e-43 4.912172647454119e-41 168
10 8.374904037433968e-44 1.104939186176829e-41 56
10.25 6.860344663014154e-45 2.618985862270167e-42 6
10.5 1.355945461011798e-45 7.159023210754331e-43 1

0.25 3.112024215863752e-18 1.207697605790985e-16 18
0.5 1.955523786376178e-17 1.221279883973859e-15 62
0.75 3.484819217160795e-17 4.360633045089515e-15 98
1 2.930805647282389e-17 1.146775851536921e-14 210
1.25 6.500805496523752e-18 2.669328134628781e-14 350
1.5 8.156810015206101e-17 2.263777833862988e-14 450
1.75 1.751814280483103e-16 1.169302864013173e-14 602
2 1.481814118302571e-16 2.871024035669223e-15 762
2.25 6.309694726465953e-17 6.690418574684839e-16 1142
2.5 8.407170173751391e-17 5.92357882948509e-16 1250
2.75 6.330529083766779e-17 7.712120604820723e-16 1458
3 9.714013896915412e-17 1.25556960282432e-15 1814
3.25 1.332058746804247e-16 1.258320839234582e-15 2178
3.5 1.131783176518461e-16 2.153544837621909e-15 2498
3.75 1.926340344538124e-16 1.85512405285343e-15 2622
4 1.340915777456879e-16 1.344319760163467e-15 3338
4.25 7.082998284262553e-28 1.842966158621766e-26 3722
4.5 5.002618822231859e-28 1.365122686900873e-26 4170
4.75 3.195087885275036e-28 9.273366333941733e-27 4358
5 2.260869622166883e-28 6.639650808699866e-27 5034
5.25 1.549275749118198e-28 5.077194157524923e-27 5714
5.5 1.248105261494648e-28 3.982642828908414e-27 5982
5.75 1.111532265123498e-28 3.664011559040956e-27 6602
6 1.046194104138967e-28 3.212751376163392e-27 6923
6.25 8.284057163704753e-29 2.674707704524169e-27 7032
6.5 5.918319878800598e-29 1.909351306399417e-27 6632
6.75 3.936576429835371e-29 1.226234579701132e-27 5988
7 2.447276805035344e-29 8.14668310559609e-28 5744
7.25 1.288138417754018e-29 4.438240800888599e-28 5048
7.5 5.132430399936925e-30 1.805908227527411e-28 4452
7.75 1.527945205738823e-30 5.571696974206324e-29 3920
8 3.23439106864955e-32 1.232795906907306e-30 3096
8.25 4.945409508974465e-41 1.505133202813723e-39 2552
8.5 1.959151193177129e-41 7.620777159208983e-40 1755
8.75 7.791208053142354e-42 3.496491930062483e-40 1220
9 3.731515339527377e-42 1.942601135629914e-40 782
9.25 1.995544455895697e-42 8.119461277743144e-41 432
9.5 1.248127720040455e-42 4.888645847530116e-41 350
9.75 4.662674263867036e-43 1.897111074030988e-41 168
10 1.14046934311345e-43 6.700889433804985e-42 56
10.25 1.597480600292485e-44 5.90940101687232e-43 6
10.5 6.701814933182226e-45 1.082520347183654e-44 1

0.25 7.850820766358313e-18 1.082374257092802e-15 18
0.5 1.051223185637444e-16 1.119191519143349e-14 62
0.75 4.835543437077523e-16 3.799785557102836e-14 98
1 1.566438295702629e-15 8.317845556195878e-14 210
1.25 4.202654624904555e-15 1.174667371006437e-13 350
1.5 3.472372531073264e-15 3.530557531098755e-14 450
1.75 1.41541448850395e-15 2.005733713391621e-15 602
2 1.910572839095636e-16 1.330907122389513e-15 762
2.25 1.388189278129511e-17 1.097255795473993e-15 1142
2.5 1.112183242164719e-17 1.018925940137658e-15 1250
2.75 1.288673444459138e-17 1.694595096323393e-15 1458
3 1.949800061334085e-17 1.821332965414732e-15 1814
3.25 2.058697218319192e-17 3.029396806092793e-15 2178
3.5 2.812305332085502e-17 3.283781847396977e-15 2498
3.75 3.398578599778819e-17 3.712048388246727e-15 2622
4 3.017848384888831e-17 2.799393021432036e-15 3338
4.25 1.712407002048718e-27 4.119452931636808e-25 3722
4.5 1.245756524982478e-27 2.898463478925569e-25 4170
4.75 6.784458757656643e-28 1.862649428581029e-25 4358
5 3.670661601605867e-28 1.054378462563906e-25 5034
5.25 1.515657319918865e-28 4.587176878460361e-26 5714
5.5 6.015606890110971e-29 1.671495620375275e-26 5982
5.75 4.228307297485303e-29 9.182403422364652e-27 6602
6 3.885814171137424e-29 7.592393913068222e-27 6923
6.25 3.228363355290156e-29 6.227148900904936e-27 7032
6.5 2.425888866308505e-29 4.455472515631427e-27 6632
6.75 1.587234750070694e-29 2.864937295710345e-27 5988
7 9.56479961352982e-30 1.952715551441143e-27 5744
7.25 5.160906475688566e-30 1.046349860373557e-27 5048
7.5 2.229510908076766e-30 4.480246055479046e-28 4452
7.75 8.03257754003306e-31 1.53134813841193e-28 3920
8 1.994642992890382e-32 3.548653240096e-30 3096
8.25 8.655700805112917e-41 1.128015366205289e-38 2552
8.5 2.986163354549336e-41 2.995736011697673e-39 1755
8.75 8.829189186901781e-42 1.067535525275174e-39 1220
9 3.198794992887798e-42 4.990506768625582e-40 782
9.25 1.219134329829469e-42 2.319897570179223e-40 432
9.5 6.301287392907018e-43 1.432772335172389e-40 350
9.75 2.445871653666854e-43 4.559986533523738e-41 168
10 6.739028662493451e-44 9.950654706763327e-42 56
10.25 9.163449203610524e-45 8.535705162032498e-43 6
10.5 3.970609642781863e-45 2.719922315282723e-44 1

0.25 9.708133460783477e-20 5.36351346919596e-16 18
0.5 2.570463392642271e-17 8.698720420815179e-15 62
0.75 4.264517996651625e-16 4.660255055963303e-14 98
1 3.402624776829799e-15 1.662437239763591e-13 210
1.25 1.865208045356841e-14 4.41535968563442e-13 350
1.5 2.339260884267412e-14 2.981701652751481e-13 450
1.75 1.112663138273392e-14 7.747464480298595e-14 602
2 1.345578049787717e-15 3.927799321538024e-15 762
2.25 5.021997128129365e-17 7.850388016182278e-17 1142
2.5 4.141696284945413e-17 1.170099483801421e-16 1250
2.75 3.499130785898778e-17 2.166053800660241e-16 1458
3 4.448404316592908e-17 3.383031318571364e-16 1814
3.25 5.543724504533333e-17 4.700653741198229e-16 2178
3.5 6.008651169701008e-17 6.112463781329241e-16 2498
3.75 6.477780293631896e-17 8.073890785426952e-16 2622
4 4.131848305032649e-17 7.997720734423574e-16 3338
4.25 1.240366928518747e-26 2.449863931889689e-25 3722
4.5 8.163093231127324e-27 1.795666853217619e-25 4170
4.75 3.930913018335094e-27 1.076574632997511e-25 4358
5 1.772127170671327e-27 5.867746104722535e-26 5034
5.25 6.378259434654249e-28 2.287919478160436e-26 5714
5.5 1.923575237920805e-28 5.680949991128077e-27 5982
5.75 1.119534087431368e-28 2.122894974908259e-27 6602
6 9.300303713579282e-29 1.658587454353842e-27 6923
6.25 7.22242560528774e-29 1.438504732899956e-27 7032
6.5 5.079094656427828e-29 1.07775863965359e-27 6632
6.75 3.068454424112619e-29 7.070017416708042e-28 5988
7 1.800591841678598e-29 4.650878830422171e-28 5744
7.25 9.102459488344597e-30 2.397012469440073e-28 5048
7.5 3.723197754204648e-30 1.034788767646615e-28 4452
7.75 1.368102288857643e-30 4.478873173490736e-29 3920
8 4.411807160158423e-32 1.165532248728299e-30 3096
8.25 3.574630404395344e-40 1.681467471389609e-38 2552
8.5 8.036438068983689e-41 4.230842790964579e-39 1755
8.75 1.90693241130292e-41 8.944378862689941e-40 1220
9 6.173451845283921e-42 2.65155493444021e-40 782
9.25 2.131679991346823e-42 8.035342366619361e-41 432
9.5 1.183427163840999e-42 5.108063744819155e-41 350
9.75 4.545855631810779e-43 1.91948026506428e-41 168
10 1.31439751225e-43 3.330163015707333e-42 56
10.25 1.380179200213722e-44 5.796389494109467e-43 6
10.5 4.416698387330893e-45 1.077313756004289e-43 1

0.25 2.503423963020193e-18 7.742933232791638e-15 18
0.5 1.004956134277139e-16 1.650778830485855e-13 62
0.75 1.10849924951163e-15 1.084894956937449e-12 98
1 7.62688854283838e-15 4.417372569242163e-12 210
1.25 3.781005938719258e-14 1.194266304370019e-11 350
1.5 4.031502878546791e-14 6.794372421261527e-12 450
1.75 1.411840684842867e-14 1.199260484989603e-12 602
2 9.272952916076867e-16 2.665799109797795e-14 762
2.25 8.974250436046267e-18 1.899689644704583e-16 1142
2.5 6.026666267734911e-18 3.991574656151522e-16 1250
2.75 7.309079514501629e-18 5.382122094643868e-16 1458
3 9.389785039154495e-18 8.093739289147517e-16 1814
3.25 1.17134481956312e-17 1.108875497451016e-15 2178
3.5 1.327710900021439e-17 1.393852341008438e-15 2498
3.75 1.705432413273123e-17 1.54476432794573e-15 2622
4 1.373886992774532e-17 1.101341446892443e-15 3338
4.25 4.347680473103236e-26 4.839162743395498e-24 3722
4.5 3.437684201427689e-26 3.774448639590999e-24 4170
4.75 2.272827973109507e-26 2.19285326711409e-24 4358
5 1.193723534138163e-26 1.225506849802582e-24 5034
5.25 4.124878047446141e-27 4.506536605357829e-25 5714
5.5 6.458627123082035e-28 8.299986434268187e-26 5982
5.75 6.021701823856165e-29 1.125216555879668e-26 6602
6 2.469326158675378e-29 5.276119920748175e-27 6923
6.25 2.100172972153158e-29 4.184774472924032e-27 7032
6.5 1.571564069216933e-29 3.035406620384022e-27 6632
6.75 9.825856270682631e-30 1.970588287222596e-27 5988
7 5.695095274021901e-30 1.249820105298244e-27 5744
7.25 3.192593658130608e-30 6.068372332391456e-28 5048
7.5 1.290783263402312e-30 2.461243026807315e-28 4452
7.75 4.898994391392641e-31 1.089161456704018e-28 3920
8 1.978697810816293e-32 3.227013954221897e-30 3096
8.25 1.042643581311828e-39 2.436515781430204e-37 2552
8.5 2.811871797618151e-40 5.166517947835356e-38 1755
8.75 7.402800888918873e-41 7.776273178791862e-39 1220
9 1.516522669493095e-41 1.09088010085158e-39 782
9.25 3.436850783502236e-42 2.554363096706349e-40 432
9.5 8.696061636133753e-43 1.191209488432732e-40 350
9.75 1.849331722365148e-43 4.906900201242137e-41 168
10 4.01217509586856e-44 9.829811491640726e-42 56
10.25 5.349080378305516e-45 8.05800932538618e-43 6
10.5 4.041837845346902e-45 3.144424512655893e-45 1

0.25 7.888373483445486e-17 1.746688523076186e-15 18
0.5 3.839850076633195e-15 5.524705542231594e-14 62
0.75 4.910521365375766e-14 4.997777293888024e-13 98
1 3.736730437790658e-13 2.659629247280023e-12 210
1.25 1.858570534250521e-12 8.638794578683873e-12 350
1.5 1.711135477353437e-12 4.907679055813913e-12 450
1.75 4.37843507193329e-13 6.900566241524815e-13 602
2 1.573766164252978e-14 7.677129311813747e-15 762
2.25 3.061659805148361e-17 4.094437842481738e-17 1142
2.5 1.96165958482197e-17 6.933485618314893e-17 1250
2.75 1.980236545749679e-17 1.081898022109226e-16 1458
3 2.390096871337494e-17 1.754582804948808e-16 1814
3.25 2.956386380101392e-17 2.433103838501598e-16 2178
3.5 3.029014855964283e-17 3.396392751354927e-16 2498
3.75 3.246099546529827e-17 4.532584144024617e-16 2622
4 2.179086259521946e-17 3.901724287843177e-16 3338
4.25 3.253932997309203e-25 4.192090593592347e-24 3722
4.5 2.312679246962111e-25 3.220988171548359e-24 4170
4.75 1.298092914697879e-25 2.023114456410077e-24 4358
5 6.815318984372658e-26 1.030674779104048e-24 5034
5.25 2.316966556537299e-26 3.066209579983776e-25 5714
5.5 3.712904576664581e-27 3.857495570155858e-26 5982
5.75 2.833132981031758e-28 2.707203638395023e-27 6602
6 7.414376859557245e-29 1.196490064727685e-27 6923
6.25 5.141273778884381e-29 1.071706583645512e-27 7032
6.5 3.676824452709714e-29 7.872521014036826e-28 6632
6.75 2.206574145844213e-29 5.224340008615005e-28 5988
7 1.252851406005394e-29 3.274082584476927e-28 5744
7.25 6.176806381448049e-30 1.647916829102119e-28 5048
7.5 2.39860138732484e-30 6.750609441033351e-29 4452
7.75 8.99459108573522e-31 2.692579405231337e-29 3920
8 3.898991999007659e-32 9.170448334137218e-31 3096
8.25 8.828637540794372e-39 2.529750931011279e-37 2552
8.5 2.176164157644388e-39 5.20750230726809e-38 1755
8.75 4.925071269259568e-40 9.116376638921155e-39 1220
9 6.531173408657203e-41 1.800803805862422e-39 782
9.25 8.977189810168472e-42 3.226013396880507e-40 432
9.5 1.668756649181931e-42 6.140845530426478e-41 350
9.75 4.276643981166721e-43 2.144006570337957e-41 168
10 9.006108685206348e-44 3.552179365247357e-42 56
10.25 1.817410514043775e-44 5.587093545683379e-43 6
10.5 1.762990799678344e-46 1.048173764963799e-43 1

0.25 1.551667984374487e-17 2.36885555445007e-14 18
0.5 3.714447731001014e-16 1.161494570330622e-12 62
0.75 1.678717161473471e-15 1.490439181215692e-11 98
1 1.153575121207074e-15 1.094326954298892e-10 210
1.25 5.090366523256935e-14 4.766149476077831e-10 350
1.5 1.809681841069855e-13 3.354700078369536e-10 450
1.75 8.366806883666767e-14 5.590646967553648e-11 602
2 3.748622997488097e-15 9.112893668573234e-13 762
2.25 4.62493684408687e-18 2.336640353361185e-16 1142
2.5 3.564082751124248e-18 2.642502741632632e-16 1250
2.75 4.187974309870674e-18 3.189887141915763e-16 1458
3 5.024119140903571e-18 5.098973665374858e-16 1814
3.25 6.320691677605539e-18 7.189746638757659e-16 2178
3.5 7.710268644495987e-18 8.238317099687437e-16 2498
3.75 9.277179237938186e-18 9.666103376498947e-16 2622
4 7.399475353259196e-18 7.024787551066252e-16 3338
4.25 7.932730696233683e-25 9.522250128523925e-23 3722
4.5 6.379796175457172e-25 7.439206328490891e-23 4170
4.75 4.242948753750297e-25 4.482594152445805e-23 4358
5 2.667531901249033e-25 2.310093606205249e-23 5034
5.25 9.644340036595799e-26 6.784576488334942e-24 5714
5.5 1.412184971655839e-26 8.398694040625546e-25 5982
5.75 6.535816255276872e-28 3.223581174549929e-26 6602
6 2.213739303298652e-29 3.715988464215868e-27 6923
6.25 1.588829827427461e-29 2.88267080772087e-27 7032
6.5 1.187828989354958e-29 2.056998324137653e-27 6632
6.75 7.744870442037716e-30 1.289161663851899e-27 5988
7 4.568010950340118e-30 7.927710175741343e-28 5744
7.25 2.24552617341504e-30 3.976258969349987e-28 5048
7.5 9.160526589623107e-31 1.578466999602126e-28 4452
7.75 3.192401706863468e-31 5.783428646341223e-29 3920
8 1.122252206589418e-32 2.350437758012024e-30 3096
8.25 1.759346737609717e-38 5.700728685449143e-36 2552
8.5 4.44257488156308e-39 1.483070874675401e-36 1755
8.75 9.493354383821879e-40 2.63431279959769e-37 1220
9 2.203245958055739e-40 4.679946471422679e-38 782
9.25 3.340588394478909e-41 6.789540451328736e-39 432
9.5 5.411174539315755e-42 9.436144833396962e-40 350
9.75 1.307523329121753e-42 1.915802496959341e-40 168
10 5.145790579825511e-43 5.352871318010408e-41 56
10.25 5.317640817711301e-44 4.459798973167133e-42 6
10.5 4.050668659798669e-45 9.341741648931616e-43 1

0.25 9.090105787353239e-16 2.225319638365944e-15 18
0.5 7.900469155230693e-14 1.177607826377388e-13 62
0.75 1.559760610794584e-12 1.388086458255287e-12 98
1 1.667637406920781e-11 6.916449334235651e-12 210
1.25 9.656149823599646e-11 8.721013222117475e-12 350
1.5 7.639141347135141e-11 1.851722018538277e-12 450
1.75 1.209274814433163e-11 3.656172078915412e-12 602
2 1.513508472662268e-13 2.104957127395421e-13 762
2.25 1.119621702119662e-17 1.144539143058001e-16 1142
2.5 7.657767880915718e-18 9.137671902755254e-17 1250
2.75 9.996956027413658e-18 1.060640071337603e-16 1458
3 1.120959932865972e-17 1.624335120130278e-16 1814
3.25 1.554010477019162e-17 1.93884080389593e-16 2178
3.5 1.664862027683297e-17 2.501897708360008e-16 2498
3.75 2.145022503856928e-17 2.700841916790472e-16 2622
4 1.620071628697123e-17 1.90623273171733e-16 3338
4.25 1.471073663179931e-23 1.824243919151726e-22 3722
4.5 9.578975270683773e-24 9.327487266660188e-23 4170
4.75 5.680338822171141e-24 4.439934787249022e-23 4358
5 3.161951035852892e-24 1.85675588614184e-23 5034
5.25 1.061065270149737e-24 4.133851107520545e-24 5714
5.5 1.357047313992041e-25 2.917973252915879e-25 5982
5.75 4.43385654779235e-27 5.430199630190807e-27 6602
6 5.521580163308924e-29 1.634889928380575e-27 6923
6.25 3.400778084268352e-29 1.217024072033281e-27 7032
6.5 2.324243136475736e-29 8.038366136924966e-28 6632
6.75 1.441734590248133e-29 4.901841624960804e-28 5988
7 8.177911574170392e-30 2.92848787134257e-28 5744
7.25 3.961296973845354e-30 1.469050261541138e-28 5048
7.5 1.558089891178055e-30 6.07422104462681e-29 4452
7.75 5.436703122268807e-31 1.97599909768087e-29 3920
8 1.380789805120436e-32 7.093325100151192e-31 3096
8.25 1.676827490367159e-37 8.0622360465278e-36 2552
8.5 3.592236352391818e-38 2.333490754342142e-36 1755
8.75 5.934808550997422e-39 4.968967809647966e-37 1220
9 8.406094418142051e-40 1.037304501856944e-37 782
9.25 1.033795868787717e-40 1.232162067184386e-38 432
9.5 1.424358946290241e-41 1.398750112618085e-39 350
9.75 5.628511373696416e-42 2.748528252054059e-40 168
10 2.101712698337842e-42 1.114379668989933e-40 56
10.25 6.249969851717408e-44 2.300950063641596e-42 6
10.5 3.255452054723367e-46 1.076660198272521e-42 1

0.25 4.304162098471483e-16 2.536471413765541e-14 18
0.5 3.885266631582321e-14 3.404390587062546e-12 62
0.75 7.399301399308056e-13 9.395903600124205e-11 98
1 6.767229932756795e-12 1.368470159729762e-09 210
1.25 2.670122190447619e-11 1.013744602417918e-08 350
1.5 1.034471547249013e-11 9.030890967388813e-09 450
1.75 4.511819987126141e-13 1.403984796320171e-09 602
2 4.26724399417232e-16 1.423622607077134e-11 762
2.25 1.698689318724731e-18 3.774585314837692e-16 1142
2.5 1.56686533050135e-18 2.945298049101084e-16 1250
2.75 2.122009237805725e-18 2.900615552740286e-16 1458
3 2.734403934447231e-18 4.36900939520063e-16 1814
3.25 3.477776212187862e-18 5.505653759251452e-16 2178
3.5 4.250807366931438e-18 6.636263756071226e-16 2498
3.75 4.956525282979189e-18 8.275732533306774e-16 2622
4 3.662540151872315e-18 6.313918437543688e-16 3338
4.25 1.310503763873559e-21 2.124911163297162e-20 3722
4.5 1.515893862056785e-22 7.061014119846802e-21 4170
4.75 1.272524217675167e-23 1.881089681742386e-21 4358
5 2.173307330793796e-24 7.601759580711497e-22 5034
5.25 5.943099162869363e-25 2.359605523281955e-22 5714
5.5 8.235162166024269e-26 2.643056807311135e-23 5982
5.75 4.193091417608674e-27 6.436342567334279e-25 6602
6 4.303973014482546e-28 5.314767739345599e-26 6923
6.25 1.708168332761477e-28 2.616585902473651e-26 7032
6.5 3.459919039932019e-29 8.31997490489687e-27 6632
6.75 8.663328779544752e-30 1.972635150971737e-27 5988
7 3.739354653180275e-30 6.275258267930169e-28 5744
7.25 1.827590637237633e-30 2.753012304780086e-28 5048
7.5 7.262675821052781e-31 1.10576164559965e-28 4452
7.75 2.441671109115622e-31 3.652268311868748e-29 3920
8 4.493479526587166e-33 1.151676353463434e-30 3096
8.25 5.811193447766345e-37 2.057065444828232e-34 2552
8.5 9.505998923036043e-38 4.872345830940342e-35 1755
8.75 1.313270391259111e-38 1.104704378896839e-35 1220
9 2.146068059244356e-39 1.584504555890439e-36 782
9.25 4.426467284755206e-40 1.904135708727313e-37 432
9.5 2.24280559874044e-40 2.503956479561036e-38 350
9.75 7.141551957204196e-41 9.29446456371871e-39 168
10 2.876649304229921e-41 4.231531161726e-39 56
10.25 4.920357040130885e-42 1.924247622420742e-40 6
10.5 3.968830943223502e-43 1.930791649864469e-40 1

0.25 2.739155783796057e-15 2.276274002663449e-14 18
0.5 4.688885748999761e-13 5.363193790101138e-12 62
0.75 1.478488331509986e-11 2.207579619747423e-10 98
1 2.223693198011678e-10 4.507323885738687e-09 210
1.25 1.432204416332633e-09 4.167442706820677e-08 350
1.5 9.03266741167566e-10 3.895706485034156e-08 450
1.75 8.00041784190561e-11 5.364215583828469e-09 602
2 2.634979007410831e-13 3.687046194829244e-11 762
2.25 5.926431950339739e-18 2.376132006443589e-16 1142
2.5 5.211059243502489e-18 2.008485902511431e-16 1250
2.75 3.602528028834842e-18 2.623246229349033e-16 1458
3 3.811594250033355e-18 3.429749892555814e-16 1814
3.25 4.849441182630766e-18 3.945521275021005e-16 2178
3.5 5.725433151280302e-18 4.110450444187766e-16 2498
3.75 7.02929567174404e-18 4.256015292980763e-16 2622
4 5.263628311243784e-18 2.95324935115042e-16 3338
4.25 2.697264551142731e-21 1.669551295732552e-18 3722
4.5 2.154813161268604e-21 1.300284464415732e-19 4170
4.75 4.34810967784126e-22 8.177125603390218e-21 4358
5 1.249570577468562e-22 1.419950701792039e-21 5034
5.25 3.504691109727552e-23 3.322961278774513e-22 5714
5.5 3.730688557263567e-24 3.262022665210732e-23 5982
5.75 8.97890531635797e-26 9.342016540587302e-25 6602
6 1.22962011805618e-26 2.659018003575648e-25 6923
6.25 6.048590023476826e-27 1.063505310609688e-25 7032
6.5 1.658743374362283e-27 2.412526971781795e-26 6632
6.75 2.439996044508234e-28 5.009484095861692e-27 5988
7 2.482858919038512e-29 7.119381535474216e-28 5744
7.25 3.38972629581857e-30 1.557638770008622e-28 5048
7.5 1.110268349607124e-30 5.819300277526982e-29 4452
7.75 3.597035736669309e-31 1.937571076296419e-29 3920
8 6.478103122962621e-33 3.384100341000258e-31 3096
8.25 6.578581980860161e-35 2.490959886376116e-33 2552
8.5 5.742206327173929e-36 1.625739818767085e-34 1755
8.75 7.184420623276518e-37 9.779767349541072e-36 1220
9 9.754836247439726e-38 1.363377497772659e-36 782
9.25 1.308780982433623e-38 3.406835306651e-37 432
9.5 3.660922081677602e-39 1.442711171042969e-37 350
9.75 1.18496150669773e-39 5.140881016406928e-38 168
10 4.45976711646915e-40 1.485286385374489e-38 56
10.25 1.254270603859239e-41 1.686790337405123e-39 6
10.5 7.345200695575032e-42 1.441156808929043e-40 1

0.25 2.335508835556603e-15 4.229683702402836e-14 18
0.5 6.019283185676752e-13 3.593928591163456e-12 62
0.75 2.572324371917991e-11 5.733865791286093e-11 98
1 5.141195222431904e-10 1.120715461481732e-10 210
1.25 4.173593148507856e-09 5.600128967392526e-09 350
1.5 3.020748462242161e-09 2.245812828929439e-08 450
1.75 2.81482162500639e-10 5.99830530871848e-09 602
2 9.175396854470449e-13 5.930754762077281e-11 762
2.25 2.139574471774603e-15 1.112547335510449e-12 1142
2.5 2.033811700854319e-15 7.403167440830376e-13 1250
2.75 1.676571286931693e-15 4.956548339402065e-13 1458
3 1.43332416958365e-15 3.602918330056079e-13 1814
3.25 1.11299177896594e-15 2.319330416605324e-13 2178
3.5 8.301902121193367e-16 1.330348214878614e-13 2498
3.75 5.208319382684466e-16 5.422427386479702e-14 2622
4 2.72360602326488e-16 1.578518833217533e-14 3338
4.25 7.809611391368275e-17 2.153446314758464e-15 3722
4.5 1.115484567552501e-17 1.52837338817438e-16 4170
4.75 7.455651210174878e-19 6.576232355936605e-18 4358
5 2.814161333755447e-20 6.129894780296327e-19 5034
5.25 4.271203350815777e-22 2.494695561703154e-19 5714
5.5 3.991947785167489e-23 1.292459074524547e-19 5982
5.75 1.72318693984517e-23 6.636658241542763e-20 6602
6 1.047123530264264e-23 3.251983255988971e-20 6923
6.25 7.489011166182655e-24 1.293681071937523e-20 7032
6.5 3.735245803693092e-24 3.066446761874019e-21 6632
6.75 1.279726187767224e-24 5.00677095896541e-22 5988
7 2.893763725663422e-25 6.828537383805005e-23 5744
7.25 3.980563707729295e-26 6.514392165165674e-24 5048
7.5 3.865050251267735e-27 4.983566875475904e-25 4452
7.75 2.643820703707093e-28 3.749195553995879e-26 3920
8 1.491714072712588e-29 5.106563320940637e-27 3096
8.25 2.479876836076793e-30 1.739095430409767e-27 2552
8.5 3.353391931806879e-31 5.031327621239504e-28 1755
8.75 3.417960534484465e-32 1.256820699695461e-28 1220
9 2.146535093629856e-33 2.505797291856157e-29 782
9.25 3.325732961009623e-34 3.886639708543029e-30 432
9.5 1.822398659635788e-34 9.166943028297177e-31 350
9.75 4.768424818272135e-35 9.354155426606809e-32 168
10 3.533469980610092e-36 5.172967336946815e-33 56
10.25 1.156289898310668e-37 6.811697660581996e-35 6
10.5 2.358597097260407e-38 1.97235028307305e-36 1

0.25 1.282880560770415e-14 1.002806110342707e-12 18
0.5 2.742336993204694e-13 1.649625461306629e-10 62
0.75 2.239321498844447e-11 9.808140394777561e-09 98
1 9.881056574651442e-10 2.539206835309401e-07 210
1.25 1.549368184932892e-08 2.309655060682507e-06 350
1.5 1.745718969216793e-08 1.552951714142995e-06 450
1.75 2.118830959095691e-09 1.111126658906719e-07 602
2 8.154728664907872e-12 1.966657482494452e-10 762
2.25 5.3429296399111e-14 1.831886891922956e-11 1142
2.5 2.037294450546031e-14 1.309666921194155e-11 1250
2.75 6.226663958001243e-14 6.421160155471705e-12 1458
3 1.041017412689605e-13 2.45388659096658e-12 1814
3.25 1.102381824551887e-13 7.223813606775747e-13 2178
3.5 7.607021006721433e-14 6.156210268950364e-13 2498
3.75 2.856146397231678e-14 3.235002386191977e-13 2622
4 5.483315133514197e-15 5.477217701455362e-14 3338
4.25 3.390097009747911e-16 7.004102321587123e-14 3722
4.5 2.183473499074637e-17 3.158266782390863e-14 4170
4.75 2.847545633699625e-18 3.240488183820448e-15 4358
5 7.350272627249299e-19 3.562528675648409e-16 5034
5.25 4.59113392658032e-19 1.47597283851083e-16 5714
5.5 3.107460401964638e-19 9.062035325663573e-17 5982
5.75 2.034196860417462e-19 5.829401181644947e-17 6602
6 1.120858853941808e-19 3.720732242223609e-17 6923
6.25 4.326288280256935e-20 1.79275467735336e-17 7032
6.5 8.85987896938454e-21 4.506937211706348e-18 6632
6.75 1.467908223238863e-21 6.923334492684509e-19 5988
7 2.388093457929268e-22 6.949986849531774e-20 5744
7.25 3.24302464448231e-23 4.298427832218952e-21 5048
7.5 3.830278096863849e-24 6.668437565868333e-22 4452
7.75 5.162693429170438e-25 2.247971201485964e-22 3920
8 1.035588070979028e-25 5.164940625206386e-23 3096
8.25 3.137697506356232e-26 1.382055102966401e-23 2552
8.5 7.809293127255477e-27 1.097063324976201e-24 1755
8.75 1.761415050051259e-27 1.164076156154191e-25 1220
9 4.234506365482141e-28 7.667875520889205e-26 782
9.25 1.057988198112417e-28 2.800824513122315e-26 432
9.5 3.117308517689189e-29 1.13066631019145e-26 350
9.75 3.092688471444806e-30 1.797207576235668e-27 168
10 1.711497507201783e-31 2.114472463206695e-28 56
10.25 1.674301632857019e-33 3.075886885923575e-30 6
10.5 1.205102058481041e-34 1.844809743419994e-31 1

0.25 9.362560237518438e-12 6.090697457869636e-11 18
0.5 5.705045932545545e-11 5.710868114840568e-10 62
0.75 1.054511649083915e-10 2.507022004253518e-08 98
1 4.328643271508174e-10 8.875242730652934e-07 210
1.25 9.086594180294134e-09 1.004848849091596e-05 350
1.5 2.058828712629695e-08 7.559766512609973e-06 450
1.75 4.306639018491757e-09 5.565108905980237e-07 602
2 9.265830781261997e-10 6.014386840777549e-09 762
2.25 7.957866456969733e-10 8.054900233226171e-09 1142
2.5 5.169398002466658e-10 8.322009683647481e-09 1250
2.75 3.316292621580488e-10 7.678314098886097e-09 1458
3 2.35581220244063e-10 7.011005099580898e-09 1814
3.25 1.446622312325715e-10 6.098817022310318e-09 2178
3.5 8.194595639820233e-11 4.875889328188777e-09 2498
3.75 3.309809528185342e-11 3.302309982610469e-09 2622
4 1.14340233142292e-11 1.751095673711283e-09 3338
4.25 3.330961273266759e-12 5.144164717074864e-10 3722
4.5 1.531099066950212e-12 7.988138834453435e-11 4170
4.75 8.725455264212558e-13 1.236293570044436e-11 4358
5 5.780584770011296e-13 4.357345758272016e-12 5034
5.25 3.478193481228875e-13 2.48307929694812e-12 5714
5.5 1.937462663146654e-13 1.522262846899126e-12 5982
5.75 1.043431340467419e-13 1.112464269549048e-12 6602
6 5.480760499545803e-14 7.617852413744686e-13 6923
6.25 2.355589175549484e-14 5.109286552803089e-13 7032
6.5 6.643686599433178e-15 2.575309043193449e-13 6632
6.75 1.775231974445967e-15 1.075490772999194e-13 5988
7 6.134055579688248e-16 4.444846370589517e-14 5744
7.25 2.79088534186793e-16 1.811527175886479e-14 5048
7.5 1.205092987324106e-16 7.426125746857356e-15 4452
7.75 5.708689891165081e-17 3.162540758970921e-15 3920
8 2.225118681216799e-17 1.153277143884255e-15 3096
8.25 9.546027766945644e-18 5.006650781935145e-16 2552
8.5 2.921637245193976e-18 1.579867113136091e-16 1755
8.75 7.888988980616954e-19 5.651400724465746e-17 1220
9 1.87792533455649e-19 1.920099705538224e-17 782
9.25 4.698305122651408e-20 6.077516106737423e-18 432
9.5 1.902241749870927e-20 2.347641853905654e-18 350
9.75 5.790872392588242e-21 7.198464292052842e-19 168
10 1.022657114149277e-21 7.830576504002507e-20 56
10.25 3.711275823706667e-23 3.646623671922993e-21 6
10.5 1.009968115111394e-23 1.037629532759212e-21 1

0.25 3.19354371876697e-10 1.092190573003349e-08 18
0.5 2.05537692585832e-09 7.535572691259927e-08 62
0.75 3.614681732541984e-09 1.505504993220341e-07 98
1 2.176438182665504e-08 6.877998032468437e-07 210
1.25 2.982215054889212e-07 8.158044541998506e-06 350
1.5 3.320322038936263e-07 1.596974789396021e-05 450
1.75 3.298088867167628e-08 3.859065858983533e-06 602
2 1.513390216485832e-09 1.616672074485497e-06 762
2.25 7.738148786716025e-10 1.056891889701065e-06 1142
2.5 1.615634053728062e-09 4.273114082237393e-07 1250
2.75 2.157913744683568e-09 1.454455760536602e-07 1458
3 2.22198524767319e-09 6.872921647556843e-08 1814
3.25 1.80059474968131e-09 4.310135594072483e-08 2178
3.5 1.725555924088602e-09 3.372161707036423e-08 2498
3.75 1.656714908101836e-09 1.613305422804109e-08 2622
4 1.759721579798625e-09 1.081825777466254e-08 3338
4.25 1.12702186356821e-09 7.083331320840255e-09 3722
4.5 4.609529500427119e-10 5.945157304551604e-09 4170
4.75 2.127955808931049e-10 5.154618685528564e-09 4358
5 1.320834191376927e-10 4.639146144857718e-09 5034
5.25 7.377848824347433e-11 3.451214343714236e-09 5714
5.5 4.185412369459465e-11 2.262490721056318e-09 5982
5.75 2.638988823531501e-11 1.372923607076077e-09 6602
6 1.75591887685832e-11 8.009027100440755e-10 6923
6.25 8.717271517848689e-12 4.030469614460603e-10 7032
6.5 2.699518369617546e-12 1.884312899821141e-10 6632
6.75 8.617211653056039e-13 9.197801412396121e-11 5988
7 3.715927016936022e-13 5.953606475457434e-11 5744
7.25 1.763388260793388e-13 4.104476273377247e-11 5048
7.5 9.971428815910105e-14 3.049139546921863e-11 4452
7.75 5.661392027367945e-14 2.227146290591325e-11 3920
8 2.920249098197388e-14 1.366219378705088e-11 3096
8.25 1.89364907515522e-14 8.672858187095817e-12 2552
8.5 8.286936994377365e-15 3.823811164488345e-12 1755
8.75 4.671322025297053e-15 1.49805165329497e-12 1220
9 2.606805161481906e-15 4.892709394734058e-13 782
9.25 1.134399190685343e-15 1.316406088244737e-13 432
9.5 7.442069073724888e-16 4.853109377827248e-14 350
9.75 2.719077927714341e-16 7.970851342344945e-15 168
10 8.059513569684596e-17 9.207816630456551e-16 56
10.25 6.136658532503907e-18 2.143998981273456e-17 6
10.5 7.091909332565372e-19 8.061468513806638e-18 1

0.25 2.000069041708111e-10 1.107787451507866e-08 18
0.5 1.603024231915145e-09 6.119576249602051e-08 62
0.75 4.539888615555263e-09 1.347899453628735e-07 98
1 1.655544547041327e-08 5.130884678687004e-07 210
1.25 9.507971936066417e-08 4.499723060211766e-06 350
1.5 3.393347845261144e-07 6.230334904442996e-06 450
1.75 1.668271218778726e-07 8.040698322505767e-07 602
2 1.075007466838832e-07 5.062292179342603e-07 762
2.25 6.214114918679067e-08 1.409691970554319e-06 1142
2.5 1.581454609067372e-08 1.578329482305785e-06 1250
2.75 5.506212461358479e-09 1.188267831168643e-06 1458
3 5.203111611626794e-09 7.676634742266826e-07 1814
3.25 4.829369092880387e-09 4.290756316139264e-07 2178
3.5 4.042884385516884e-09 3.06212167453025e-07 2498
3.75 3.992921587658631e-09 1.829171669798758e-07 2622
4 4.205007464368239e-09 1.440708038850026e-07 3338
4.25 2.618694460852794e-09 9.55563109115529e-08 3722
4.5 1.384529931737403e-09 6.726652736615215e-08 4170
4.75 8.785757615179943e-10 4.881590249886817e-08 4358
5 7.332004150438164e-10 4.284209428171056e-08 5034
5.25 6.947298239335311e-10 3.665971002022507e-08 5714
5.5 6.274611769726092e-10 2.78617072588854e-08 5982
5.75 5.917982405527463e-10 2.293054260185865e-08 6602
6 5.304360055679816e-10 1.757714645233736e-08 6923
6.25 4.273356963357577e-10 1.271259983125417e-08 7032
6.5 3.083966971503037e-10 8.498830440180048e-09 6632
6.75 2.069844204993726e-10 5.270777887654804e-09 5988
7 1.545559121575253e-10 3.730096507216617e-09 5744
7.25 1.077611965619853e-10 2.351190928626282e-09 5048
7.5 7.659963033830871e-11 1.664321468039003e-09 4452
7.75 5.619126116488207e-11 1.140168174415731e-09 3920
8 3.370593118265679e-11 7.081135222602687e-10 3096
8.25 2.488170390658266e-11 4.808143129127418e-10 2552
8.5 1.189059024335562e-11 2.449083981021354e-10 1755
8.75 5.710100246645448e-12 1.161785198209462e-10 1220
9 2.601523795025674e-12 5.840570627249071e-11 782
9.25 1.116493297122803e-12 2.442161699894657e-11 432
9.5 5.940551549008825e-13 1.658061302594231e-11 350
9.75 1.985338025558933e-13 6.420350373803176e-12 168
10 5.184295307387704e-14 1.846316053202138e-12 56
10.25 2.517220491030364e-15 1.897352861734963e-13 6
10.5 5.871906492648877e-16 7.682430348863652e-15 1

0.25 4.44551100073573e-10 5.443660554438776e-08 18
0.5 1.450778868488381e-09 1.830647057170456e-07 62
0.75 5.046340715920103e-09 5.281706344375129e-07 98
1 1.438817008668931e-08 1.301968016805391e-06 210
1.25 3.69645833984852e-08 2.529859332163391e-06 350
1.5 8.367466973052267e-08 8.026929761919531e-06 450
1.75 1.744458577589805e-07 7.715392321279877e-06 602
2 2.182380663898809e-07 3.942743010647838e-06 762
2.25 1.675171529531171e-07 1.985112751103414e-06 1142
2.5 3.989645994183803e-08 2.183466771636875e-06 1250
2.75 2.04367153850071e-08 2.195212300474517e-06 1458
3 1.948073952328012e-08 2.25327619505145e-06 1814
3.25 1.246263638543104e-08 2.032981293335091e-06 2178
3.5 8.826216587854504e-09 1.687561391055368e-06 2498
3.75 6.551336738484681e-09 1.277725625889865e-06 2622
4 6.137948610387934e-09 1.214468407242922e-06 3338
4.25 4.838286783123527e-09 9.405265735435778e-07 3722
4.5 4.033373974300538e-09 7.847914946789404e-07 4170
4.75 3.425180724646423e-09 5.622165916775675e-07 4358
5 3.357848505294163e-09 4.282651307816579e-07 5034
5.25 3.397758056776165e-09 3.294542157028738e-07 5714
5.5 3.184639745621524e-09 2.704788061143234e-07 5982
5.75 3.360609275684446e-09 2.435075741475848e-07 6602
6 3.117894034873751e-09 2.017929955919533e-07 6923
6.25 2.454476399784764e-09 1.483852697532767e-07 7032
6.5 1.699557043396385e-09 9.649577745218619e-08 6632
6.75 1.058310695742459e-09 6.227776908673647e-08 5988
7 8.298111911377134e-10 4.333762395989501e-08 5744
7.25 5.499344625890356e-10 2.989694660956749e-08 5048
7.5 3.878099900400785e-10 1.985743611073001e-08 4452
7.75 2.915495050246986e-10 1.375921109343996e-08 3920
8 1.872235656238525e-10 9.337605345466291e-09 3096
8.25 1.417342901837347e-10 7.088844591646332e-09 2552
8.5 5.885161379827321e-11 3.389811481417216e-09 1755
8.75 2.922512923058806e-11 2.060244097265e-09 1220
9 1.518686875668818e-11 1.367119979397655e-09 782
9.25 6.796272235302959e-12 7.999085782404994e-10 432
9.5 4.277569836727786e-12 6.362618478736476e-10 350
9.75 1.859664994381052e-12 2.984810529182427e-10 168
10 5.189985049144523e-13 8.83880077492509e-11 56
10.25 2.532725717382812e-14 2.355596068308593e-11 6
10.5 3.961977592727556e-14 7.42900762455471e-13 1

0.25 1.638010252337368e-09 1.94061615271834e-08 18
0.5 9.497564791414933e-09 1.255813264487429e-07 62
0.75 2.257714763678065e-08 1.766023156488645e-07 98
1 5.060296668621364e-08 4.198974057739582e-07 210
1.25 1.004474190940171e-07 6.017323124984727e-07 350
1.5 1.781944994890341e-07 9.728051949692338e-07 450
1.75 3.625338525168953e-07 1.183849012271593e-06 602
2 4.121717123616825e-07 2.071804321075199e-06 762
2.25 2.08637889334423e-07 4.714533387335165e-06 1142
2.5 6.966988156029453e-08 3.174194970535266e-06 1250
2.75 7.317540774009971e-08 2.366391681920297e-06 1458
3 8.222591598981312e-08 2.128886176509156e-06 1814
3.25 8.009340948431297e-08 1.41272730376334e-06 2178
3.5 7.633899995456022e-08 1.117697670585423e-06 2498
3.75 5.812309295146367e-08 9.02954703123661e-07 2622
4 6.579855177329421e-08 9.166782125815778e-07 3338
4.25 5.87002927052224e-08 8.332605777528222e-07 3722
4.5 5.495745551827621e-08 8.189676009066458e-07 4170
4.75 5.128278333849582e-08 7.820882480310902e-07 4358
5 5.172629792306719e-08 8.973234270773336e-07 5034
5.25 5.237840327560288e-08 9.742366423723642e-07 5714
5.5 5.11857815688545e-08 1.006652679986638e-06 5982
5.75 5.442172549478122e-08 1.12502230575308e-06 6602
6 5.081242107074234e-08 1.152637402769884e-06 6923
6.25 4.694254404475756e-08 1.091222760810674e-06 7032
6.5 3.959760726692404e-08 9.45360297742923e-07 6632
6.75 3.19889499076363e-08 7.739204676685758e-07 5988
7 2.79172481672869e-08 6.944742901103181e-07 5744
7.25 2.294616557486769e-08 5.944493498821152e-07 5048
7.5 1.895432926626809e-08 5.151578487493509e-07 4452
7.75 1.565596416242652e-08 4.276654100103259e-07 3920
8 1.155958057545938e-08 3.308499564194224e-07 3096
8.25 9.400474183639652e-09 2.689725243736362e-07 2552
8.5 5.598710154462472e-09 1.870700463563864e-07 1755
8.75 3.300856227068989e-09 1.354941764188572e-07 1220
9 2.190886097670991e-09 7.098280910807983e-08 782
9.25 1.085086091854679e-09 3.995251567857445e-08 432
9.5 9.373003707194518e-10 3.546179823440446e-08 350
9.75 4.050116125828381e-10 1.551899501597432e-08 168
10 1.725299426109465e-10 5.262565392714685e-09 56
10.25 2.673128738842436e-11 3.191917277482217e-10 6
10.5 1.191414568067617e-12 6.065059955816189e-11 1

0.25 1.233277146486248e-09 1.304268988210168e-07 18
0.5 8.032470364182113e-09 6.678188464082108e-07 62
0.75 1.109491014737023e-08 1.007553939404605e-06 98
1 1.949919940265731e-08 2.385520328662725e-06 210
1.25 3.310336686055211e-08 4.284155771504474e-06 350
1.5 3.87565986857894e-08 6.305959867643172e-06 450
1.75 4.880216426233449e-08 9.150454344653385e-06 602
2 6.68234229376726e-08 1.423338426391647e-05 762
2.25 6.996241378185007e-08 2.695293763832072e-05 1142
2.5 5.499267378925954e-08 1.522429660038682e-05 1250
2.75 6.373827525098786e-08 9.283245644816107e-06 1458
3 6.830891128692365e-08 6.183914405824326e-06 1814
3.25 6.498233410869765e-08 5.522359619691931e-06 2178
3.5 5.868020641286344e-08 4.936353309514841e-06 2498
3.75 5.210780757644348e-08 4.409198722470697e-06 2622
4 5.039535826414733e-08 4.471722688089634e-06 3338
4.25 4.974940762269677e-08 4.202122373655667e-06 3722
4.5 4.629389711290964e-08 3.729428386946256e-06 4170
4.75 4.123345462424669e-08 3.340336001457494e-06 4358
5 4.295677631217145e-08 3.324133803013371e-06 5034
5.25 4.156564744000258e-08 3.188935724418168e-06 5714
5.5 3.864560948455152e-08 2.976872370392892e-06 5982
5.75 3.806041780853964e-08 2.81041194671653e-06 6602
6 3.488984090104447e-08 2.638317517259527e-06 6923
6.25 2.874880341167167e-08 2.13393339192305e-06 7032
6.5 2.109946610273652e-08 1.586298980995691e-06 6632
6.75 1.475435775611541e-08 1.101825952315751e-06 5988
7 1.149250145699004e-08 8.952197415400579e-07 5744
7.25 8.524165507090553e-09 6.725053469763208e-07 5048
7.5 6.643605187849651e-09 5.179912304570496e-07 4452
7.75 4.992020805247382e-09 3.73578294352739e-07 3920
8 3.253780742201812e-09 2.571373230680821e-07 3096
8.25 2.504979774939961e-09 1.932834349584963e-07 2552
8.5 1.444996694433206e-09 1.060168776627239e-07 1755
8.75 7.93693836578364e-10 6.596499280995016e-08 1220
9 4.818565133633452e-10 3.758929421342e-08 782
9.25 2.70751334670754e-10 1.858239801615726e-08 432
9.5 2.052385188076764e-10 1.633723156761185e-08 350
9.75 9.021059796332846e-11 7.188627885578866e-09 168
10 2.797598072745162e-11 3.007567257704886e-09 56
10.25 2.73674628005269e-12 3.261264668472811e-10 6
10.5 1.650756400558047e-14 1.141374934127072e-11 1

0.25 5.035329769287486e-09 3.720455388660427e-08 18
0.5 1.411325253333677e-08 1.464177920743679e-07 62
0.75 2.651865815039896e-08 2.089678046220681e-07 98
1 6.172669827973181e-08 4.267659861263091e-07 210
1.25 1.323269153472972e-07 6.667675145485401e-07 350
1.5 1.480385790965041e-07 8.581955044553648e-07 450
1.75 1.942901911942447e-07 1.217744810819304e-06 602
2 2.40167508343875e-07 1.647735302664284e-06 762
2.25 3.214361565437025e-07 3.100821911875815e-06 1142
2.5 2.250496497253719e-07 3.741803875524194e-06 1250
2.75 2.060918900675527e-07 3.69274539663917e-06 1458
3 2.363163636333738e-07 3.368007016338744e-06 1814
3.25 2.328944247874936e-07 2.987432843007194e-06 2178
3.5 2.126410019063995e-07 2.907506881710891e-06 2498
3.75 1.985706317310131e-07 2.532114870058577e-06 2622
4 2.041626786923727e-07 2.933452473823293e-06 3338
4.25 1.951440772818957e-07 2.996200308376048e-06 3722
4.5 1.8499233737891e-07 3.020351786923642e-06 4170
4.75 1.702812929102846e-07 2.926864303076018e-06 4358
5 1.798066972615789e-07 3.335793530749296e-06 5034
5.25 1.787491981317422e-07 3.526558207095459e-06 5714
5.5 1.78627538664356e-07 3.624988414924526e-06 5982
5.75 1.831065435551914e-07 3.913442467187776e-06 6602
6 1.792863357815022e-07 3.863897398516683e-06 6923
6.25 1.505866618257059e-07 3.617550531587342e-06 7032
6.5 1.243191625797201e-07 3.133800665514902e-06 6632
6.75 9.665657437986744e-08 2.65281059689821e-06 5988
7 7.964151999533136e-08 2.463880756629606e-06 5744
7.25 6.426836167908379e-08 2.052873898028106e-06 5048
7.5 5.138394117334195e-08 1.614242209059867e-06 4452
7.75 4.08755731667798e-08 1.32106317622126e-06 3920
8 3.150044261058592e-08 9.356489427436634e-07 3096
8.25 2.52664935110667e-08 7.436756056929133e-07 2552
8.5 1.499438027024311e-08 4.229370706678476e-07 1755
8.75 9.049649358218736e-09 2.79733529041409e-07 1220
9 5.606273720227243e-09 1.577586720211034e-07 782
9.25 2.672310346670608e-09 7.398032807599121e-08 432
9.5 2.219767223870074e-09 6.56832868297661e-08 350
9.75 1.119270537846748e-09 2.845232212477552e-08 168
10 3.835676973791691e-10 8.915145105101989e-09 56
10.25 2.212188963772609e-11 1.054313177891683e-09 6
10.5 3.88379703998909e-12 3.468335789413495e-11 1

0.25 1.000883395242201e-09 4.816973295433322e-07 18
0.5 4.910935453207105e-09 1.507511244093765e-06 62
0.75 1.000744852545063e-08 1.764087655357201e-06 98
1 2.26107367182736e-08 3.091445322965431e-06 210
1.25 4.405088387983609e-08 4.666811900463574e-06 350
1.5 5.233381174504415e-08 4.183502276415449e-06 450
1.75 7.231159759930944e-08 5.86459468265919e-06 602
2 7.931457998949615e-08 6.921464376742851e-06 762
2.25 1.147520800773485e-07 9.679991153776117e-06 1142
2.5 1.309051434278272e-07 8.665580300866102e-06 1250
2.75 1.410468440902254e-07 7.933011757613324e-06 1458
3 1.306201731933648e-07 9.468088760045571e-06 1814
3.25 1.416883523026026e-07 9.59121082206126e-06 2178
3.5 1.345507982017679e-07 1.00515094755129e-05 2498
3.75 1.258527699202493e-07 9.401055825789097e-06 2622
4 1.366387208198983e-07 1.033366039717553e-05 3338
4.25 1.290310180795435e-07 1.018520178529835e-05 3722
4.5 1.266919349659792e-07 1.001133042223828e-05 4170
4.75 1.205351035949246e-07 8.993310911429525e-06 4358
5 1.279157447546218e-07 9.218454757317143e-06 5034
5.25 1.248238747938846e-07 9.420771212321009e-06 5714
5.5 1.228306904834395e-07 9.08710181771203e-06 5982
5.75 1.272674341056281e-07 9.220484904978578e-06 6602
6 1.143596674037542e-07 9.002408913188659e-06 6923
6.25 9.615742461870416e-08 7.70123172071594e-06 7032
6.5 7.748474540399919e-08 5.922436477802111e-06 6632
6.75 5.640892818900223e-08 4.632281091482065e-06 5988
7 4.646653762589783e-08 3.941752264257553e-06 5744
7.25 3.4141797443907e-08 2.957916862591053e-06 5048
7.5 2.97389294013712e-08 2.202325237842109e-06 4452
7.75 2.320871888961723e-08 1.825953304248361e-06 3920
8 1.671530228715391e-08 1.222938233916685e-06 3096
8.25 1.338078850273289e-08 9.015890922694979e-07 2552
8.5 7.621716722577491e-09 4.83485993044365e-07 1755
8.75 4.207251785020799e-09 2.759281409165149e-07 1220
9 2.402198493394494e-09 1.588047070217273e-07 782
9.25 1.281011763223959e-09 8.070068857311596e-08 432
9.5 9.02845863023728e-10 5.225807129560325e-08 350
9.75 4.062636655829989e-10 2.818647312727625e-08 168
10 1.354697681286345e-10 7.219422626297561e-09 56
10.25 1.210310904293066e-11 5.270177322900034e-10 6
10.5 2.477500406852558e-14 8.863306856526626e-11 1

0.25 2.444077449741919e-09 3.042184101054551e-08 18
0.5 1.356237704602819e-08 1.041713328641297e-07 62
0.75 3.268733824173724e-08 1.806563447658087e-07 98
1 5.424525679232123e-08 4.076838454240981e-07 210
1.25 1.150302497665575e-07 6.504169193705283e-07 350
1.5 1.484449287726486e-07 7.437453341615065e-07 450
1.75 1.828738747617547e-07 1.133841301804168e-06 602
2 2.122325591908092e-07 1.380514901283293e-06 762
2.25 3.07672768796344e-07 2.119057777927399e-06 1142
2.5 2.767031384364191e-07 2.372320743750555e-06 1250
2.75 2.966911241905612e-07 2.876157367415532e-06 1458
3 3.524885796974928e-07 3.39130372532133e-06 1814
3.25 3.751503326130325e-07 3.804543032494627e-06 2178
3.5 3.788847099401166e-07 4.047543957392979e-06 2498
3.75 3.443373149589437e-07 4.330821919368517e-06 2622
4 3.912018084396726e-07 4.796744952274637e-06 3338
4.25 3.85390691991766e-07 5.367869714124089e-06 3722
4.5 3.789408288523482e-07 6.019284491216611e-06 4170
4.75 3.474377286126589e-07 5.922182454993464e-06 4358
5 3.595766852388559e-07 6.504905102763279e-06 5034
5.25 3.773658475183795e-07 7.016667504502649e-06 5714
5.5 3.688020900557858e-07 7.192646709062813e-06 5982
5.75 3.81568396719132e-07 7.842286678859771e-06 6602
6 3.708105533164489e-07 7.540638620707293e-06 6923
6.25 3.094084415692447e-07 7.567161829267328e-06 7032
6.5 2.534913449851347e-07 6.555497073097526e-06 6632
6.75 1.926536596004233e-07 5.433396383935983e-06 5988
7 1.678883404588345e-07 5.085322875115169e-06 5744
7.25 1.284375416137646e-07 3.928489051956796e-06 5048
7.5 1.041958489130304e-07 3.197803484879762e-06 4452
7.75 8.549543512374005e-08 2.673163535019394e-06 3920
8 6.144516788717859e-08 1.947649515736562e-06 3096
8.25 4.647378418968798e-08 1.588318564600341e-06 2552
8.5 2.742749096274801e-08 9.418711866718588e-07 1755
8.75 1.479870756875089e-08 6.127849750114296e-07 1220
9 8.206990401632718e-09 3.495249492535764e-07 782
9.25 4.320205023604721e-09 2.035940874446148e-07 432
9.5 4.056962489915975e-09 1.462862446799809e-07 350
9.75 1.604275033639454e-09 6.439004440560025e-08 168
10 7.530010685573193e-10 2.447977542548327e-08 56
10.25 1.389084053494989e-11 7.508859911788322e-10 6
10.5 6.099782549514151e-13 2.613724640649812e-10 1

0.25 5.126684221389255e-10 6.605590959708941e-08 18
0.5 3.389563754243411e-09 5.654979211597745e-07 62
0.75 7.711498120144586e-09 1.166845395753875e-06 98
1 1.853581492194288e-08 2.222222545587817e-06 210
1.25 4.028671651146875e-08 3.177529232287139e-06 350
1.5 5.044872538823924e-08 3.622919011800102e-06 450
1.75 6.306445184460303e-08 4.461251334912986e-06 602
2 8.39757526509911e-08 5.551798405475014e-06 762
2.25 1.095131819253856e-07 7.773969152661655e-06 1142
2.5 1.162012362606437e-07 7.600871168251649e-06 1250
2.75 1.194068357601227e-07 8.128088769345354e-06 1458
3 1.474481935055384e-07 9.924309529326368e-06 1814
3.25 1.542452347431324e-07 1.096299578184707e-05 2178
3.5 1.716621277056043e-07 1.174341845372781e-05 2498
3.75 1.573447740568284e-07 1.107330130602798e-05 2622
4 1.844353018773845e-07 1.263346370226573e-05 3338
4.25 2.023818018618073e-07 1.331806178629124e-05 3722
4.5 2.052514775103229e-07 1.359863837886212e-05 4170
4.75 1.95186409321104e-07 1.329120907978397e-05 4358
5 2.147061968338156e-07 1.418281402690247e-05 5034
5.25 2.212760804752066e-07 1.457049758620633e-05 5714
5.5 2.152370545932619e-07 1.469504823168364e-05 5982
5.75 2.292985218286385e-07 1.542036091003612e-05 6602
6 2.223665247640283e-07 1.537492536384064e-05 6923
6.25 1.969405717749812e-07 1.422715086884172e-05 7032
6.5 1.583903625640056e-07 1.122762118480775e-05 6632
6.75 1.249952186042773e-07 8.518230051952726e-06 5988
7 1.059848371231838e-07 7.461041729262149e-06 5744
7.25 8.393638578393331e-08 5.789276855071569e-06 5048
7.5 6.429049612651075e-08 4.700863128767044e-06 4452
7.75 5.352147108137648e-08 3.812739685172166e-06 3920
8 3.823082656220796e-08 2.625681059638078e-06 3096
8.25 2.905888621121285e-08 2.156782359924807e-06 2552
8.5 1.690154781326232e-08 1.209716542535276e-06 1755
8.75 1.052471659464564e-08 6.249628144587432e-07 1220
9 6.144143250501353e-09 3.871781157538705e-07 782
9.25 3.271611889577799e-09 1.994108101548186e-07 432
9.5 2.691349217500248e-09 1.50418053576894e-07 350
9.75 9.132550978178831e-10 6.635390624594936e-08 168
10 2.431343536157143e-10 2.539284486393948e-08 56
10.25 6.938911099254372e-11 1.007254245936939e-09 6
10.5 2.623272331662203e-12 7.61753546341963e-11 1

0.25 6.395237556043369e-10 1.028746355209797e-08 18
0.5 9.332776855357818e-09 4.105017263510754e-08 62
0.75 1.913720162641094e-08 1.569352455340628e-07 98
1 5.832168265597576e-08 3.211843105425015e-07 210
1.25 9.204791053381187e-08 5.283976111487372e-07 350
1.5 1.140033573393612e-07 6.249737221567806e-07 450
1.75 1.727600293797257e-07 9.042651469912966e-07 602
2 1.974850879768685e-07 1.120900769910287e-06 762
2.25 2.865230566387696e-07 1.81439358729609e-06 1142
2.5 2.805136252110806e-07 2.210772769174646e-06 1250
2.75 3.136763857462836e-07 2.480125969719985e-06 1458
3 3.399692202163827e-07 3.460407166136428e-06 1814
3.25 3.810723175212938e-07 3.765686099956358e-06 2178
3.5 4.111411381109453e-07 4.326129777818362e-06 2498
3.75 3.925332982262953e-07 4.604449082783871e-06 2622
4 4.391657712181246e-07 5.795142250704456e-06 3338
4.25 4.366928571308618e-07 6.379077185297533e-06 3722
4.5 4.599227918223473e-07 7.057662662585395e-06 4170
4.75 4.32075804638143e-07 7.069113916503765e-06 4358
5 4.594292110331194e-07 8.483009324006162e-06 5034
5.25 4.720341652924824e-07 8.937789408557271e-06 5714
5.5 4.72917444548984e-07 9.090049889031524e-06 5982
5.75 4.74114458350486e-07 9.933839502652332e-06 6602
6 4.720324489769292e-07 1.003027586203677e-05 6923
6.25 4.239059092874185e-07 9.779845621908158e-06 7032
6.5 3.364724854288784e-07 8.475910034330059e-06 6632
6.75 2.646184542732454e-07 6.818218025499485e-06 5988
7 2.217779033167108e-07 6.118928223796669e-06 5744
7.25 1.754088804538629e-07 5.165457060820031e-06 5048
7.5 1.389347620562082e-07 4.420403272900505e-06 4452
7.75 1.112735431265959e-07 3.487968470232541e-06 3920
8 7.862028031578088e-08 2.609907075421299e-06 3096
8.25 6.085432018140635e-08 2.129825631190858e-06 2552
8.5 3.458128929684336e-08 1.209794564753212e-06 1755
8.75 1.818322942482987e-08 8.091775160508818e-07 1220
9 1.262020721759906e-08 4.594370340657696e-07 782
9.25 6.327343987025012e-09 2.198452166927519e-07 432
9.5 4.593149309113427e-09 2.025360524818881e-07 350
9.75 2.282888099082153e-09 1.046983218374966e-07 168
10 6.091787188201373e-10 4.578390549715962e-08 56
10.25 5.980772662224711e-11 3.778746895537909e-09 6
10.5 1.048419808775946e-13 1.142595255986771e-10 1

0.25 7.614048419250521e-10 3.518812108987217e-08 18
0.5 3.539568956096909e-09 2.678488848737391e-07 62
0.75 7.966011752601766e-09 5.796791465855382e-07 98
1 1.705938747669292e-08 1.360318293620592e-06 210
1.25 3.287424154424332e-08 1.986064858141943e-06 350
1.5 4.514024502062494e-08 2.771830908592383e-06 450
1.75 5.400843979290779e-08 3.355576855049033e-06 602
2 7.290444871010288e-08 4.306052310253874e-06 762
2.25 1.091254705562608e-07 6.262947468800321e-06 1142
2.5 1.073497827542761e-07 6.012144078103133e-06 1250
2.75 1.23265928044393e-07 6.941174354091583e-06 1458
3 1.492586916327324e-07 8.058452856425038e-06 1814
3.25 1.76283370102317e-07 8.704588434791641e-06 2178
3.5 1.767979625047248e-07 1.026186427576169e-05 2498
3.75 1.931018220300895e-07 1.009530407536209e-05 2622
4 2.114020267915191e-07 1.217647438975879e-05 3338
4.25 2.312557212166072e-07 1.296641675604204e-05 3722
4.5 2.315193140644952e-07 1.406367514857689e-05 4170
4.75 2.285807068267383e-07 1.42126701013141e-05 4358
5 2.425822823422499e-07 1.54079271408116e-05 5034
5.25 2.75872358306221e-07 1.638687598029596e-05 5714
5.5 2.558825556909503e-07 1.684195765084935e-05 5982
5.75 2.78891933068928e-07 1.72220511063906e-05 6602
6 2.815992109076631e-07 1.760116958811233e-05 6923
6.25 2.558647387264391e-07 1.703310872409134e-05 7032
6.5 2.11862426641393e-07 1.41007017222934e-05 6632
6.75 1.741059578308669e-07 1.110437711253645e-05 5988
7 1.435339356739953e-07 1.007546676087637e-05 5744
7.25 1.247350471273372e-07 8.213445347600212e-06 5048
7.5 9.65526261498716e-08 6.776917143974517e-06 4452
7.75 8.091833965435592e-08 5.581199621484387e-06 3920
8 5.876282113117176e-08 3.95556254557145e-06 3096
8.25 4.366632235206128e-08 3.196045506897165e-06 2552
8.5 2.522360449454771e-08 1.840032449741343e-06 1755
8.75 1.512771422330131e-08 1.155446151878818e-06 1220
9 8.99238146803508e-09 6.531807482807798e-07 782
9.25 4.606676403542798e-09 3.353063622025108e-07 432
9.5 3.184840342448732e-09 2.501073881833371e-07 350
9.75 1.599663137297268e-09 1.103374145942106e-07 168
10 4.412724156093691e-10 2.987839107526732e-08 56
10.25 8.013024760325754e-11 1.413496816766023e-09 6
10.5 2.108604344020161e-13 1.281277543426715e-10 1

0.25 1.364772263302648e-09 5.036445170957905e-09 18
0.5 9.010278637681952e-09 3.205797416823741e-08 62
0.75 1.4484882755239e-08 6.215791625785118e-08 98
1 3.783499260429139e-08 2.053631551553009e-07 210
1.25 7.563781851171029e-08 3.500102786347046e-07 350
1.5 1.031478421186619e-07 5.251154859445384e-07 450
1.75 1.376880088312318e-07 7.669978960471898e-07 602
2 1.794794832629128e-07 9.998133139636373e-07 762
2.25 2.377868889150363e-07 1.64887120485213e-06 1142
2.5 2.457063501632238e-07 2.01223770517298e-06 1250
2.75 2.840879212699403e-07 2.180833004274699e-06 1458
3 3.276643044264934e-07 2.799585917868536e-06 1814
3.25 3.509105928364531e-07 3.468905952739962e-06 2178
3.5 3.726201067593996e-07 4.391277688044939e-06 2498
3.75 3.604578487042262e-07 4.345978595392061e-06 2622
4 4.377642578096397e-07 5.504385417912216e-06 3338
4.25 4.488664012726559e-07 6.441340972708861e-06 3722
4.5 4.551120520772706e-07 7.032202567890228e-06 4170
4.75 4.483702000889436e-07 7.192993992192272e-06 4358
5 4.759683407460334e-07 8.457372004529615e-06 5034
5.25 5.005825264805054e-07 9.546033450538993e-06 5714
5.5 5.03136279988435e-07 9.849361727164352e-06 5982
5.75 5.178099372884595e-07 1.087167066294189e-05 6602
6 5.041912891763158e-07 1.103661350459641e-05 6923
6.25 4.563668508560748e-07 1.048406333962426e-05 7032
6.5 3.845171895454688e-07 9.865822401611747e-06 6632
6.75 2.923195523339679e-07 8.390410608785987e-06 5988
7 2.563522207435041e-07 7.660668029065019e-06 5744
7.25 2.05053846907815e-07 6.281104496483076e-06 5048
7.5 1.603026432612519e-07 5.085284795138304e-06 4452
7.75 1.318355207330745e-07 4.363987875148693e-06 3920
8 9.238423814739439e-08 3.361019334286801e-06 3096
8.25 7.436708171732925e-08 2.763520355211866e-06 2552
8.5 4.147130015560478e-08 1.647319412079478e-06 1755
8.75 2.249109148004225e-08 9.855523474886929e-07 1220
9 1.438546368496953e-08 5.715912987199208e-07 782
9.25 7.805359098966117e-09 3.126384410207564e-07 432
9.5 4.87795347722259e-09 2.602437080005788e-07 350
9.75 2.623627139549031e-09 1.152200107980986e-07 168
10 9.479117725311376e-10 3.723217427824609e-08 56
10.25 3.547286597259431e-11 2.58378062425675e-09 6
10.5 2.409144714112429e-11 7.335419974711834e-10 1

0.25 8.897447042387726e-10 3.524998810486244e-08 18
0.5 3.050210890132973e-09 1.740936377922607e-07 62
0.75 7.27442915580211e-09 3.1761010087696e-07 98
1 1.583616840726398e-08 7.197383904066746e-07 210
1.25 3.042270403839557e-08 1.332397301311511e-06 350
1.5 3.938239080125664e-08 1.822758940705516e-06 450
1.75 5.813611251736663e-08 2.652531415215187e-06 602
2 6.380419754031901e-08 3.3272734590098e-06 762
2.25 9.616436837347427e-08 4.764586444666151e-06 1142
2.5 1.072699563084328e-07 4.533403598454388e-06 1250
2.75 1.115662023994678e-07 5.591913748064886e-06 1458
3 1.405692172534018e-07 6.688214014159318e-06 1814
3.25 1.609052277513413e-07 7.593484798099263e-06 2178
3.5 1.799975351726537e-07 8.761177542325645e-06 2498
3.75 1.745143206900736e-07 8.770184502920746e-06 2622
4 2.135345684648329e-07 1.053213000654873e-05 3338
4.25 2.327119665101362e-07 1.171478115457763e-05 3722
4.5 2.554007008185882e-07 1.28357989251956e-05 4170
4.75 2.498496525911449e-07 1.247443104652092e-05 4358
5 2.702162458209473e-07 1.39993614002174e-05 5034
5.25 2.888817799847088e-07 1.574225715098979e-05 5714
5.5 3.029369322823497e-07 1.587382968133116e-05 5982
5.75 3.182630565972613e-07 1.725519548671908e-05 6602
6 3.246471195744786e-07 1.746581339739007e-05 6923
6.25 2.951269228624339e-07 1.680665602786645e-05 7032
6.5 2.531472866768475e-07 1.464628856931698e-05 6632
6.75 2.033999819596766e-07 1.238494202788886e-05 5988
7 1.816599123530372e-07 1.135554218178956e-05 5744
7.25 1.468125771982123e-07 9.219011594238533e-06 5048
7.5 1.222660497827397e-07 7.943544367065471e-06 4452
7.75 1.011006740953576e-07 6.571084932972626e-06 3920
8 6.960229113370058e-08 5.008623587166304e-06 3096
8.25 5.388799425429811e-08 3.894472922181623e-06 2552
8.5 3.26171370485445e-08 2.097507074486719e-06 1755
8.75 2.049075647039162e-08 1.438042612176367e-06 1220
9 1.176109048894762e-08 9.044983962295134e-07 782
9.25 6.129415766369085e-09 5.286163293200531e-07 432
9.5 5.435248587467743e-09 3.376266620060895e-07 350
9.75 2.467235511272735e-09 1.577252268092227e-07 168
10 6.760408658343581e-10 7.061402900318208e-08 56
10.25 6.293381392028807e-11 6.779294013850001e-09 6
10.5 6.518293684863868e-11 1.211237377461551e-09 1

0.25 6.485031193510789e-10 3.132834301093657e-09 18
0.5 6.414746500001174e-09 1.818911596446041e-08 62
0.75 1.310915660323024e-08 5.098913188627868e-08 98
1 3.843232139458459e-08 1.460761089693247e-07 210
1.25 5.680106283967219e-08 3.205660318817157e-07 350
1.5 7.455552336641643e-08 4.041181985121517e-07 450
1.75 1.14834030132414e-07 5.990505073834161e-07 602
2 1.345137603391796e-07 9.869456949339131e-07 762
2.25 2.067551905788849e-07 1.502145337391055e-06 1142
2.5 2.13654908512817e-07 1.626524742812392e-06 1250
2.75 2.490305670274092e-07 1.800953961216066e-06 1458
3 2.796473663900907e-07 2.510966128137016e-06 1814
3.25 3.32310502104001e-07 3.219865735237557e-06 2178
3.5 3.365228565673267e-07 3.961147999631332e-06 2498
3.75 3.178816593973838e-07 4.147102916755561e-06 2622
4 3.841423124669869e-07 5.329846498292133e-06 3338
4.25 3.891211027484268e-07 5.991444729808064e-06 3722
4.5 4.32599982418149e-07 6.659062477087382e-06 4170
4.75 4.100698602624155e-07 7.086808420400266e-06 4358
5 4.323851539978116e-07 7.856130904691848e-06 5034
5.25 4.850813698208148e-07 9.429744388602034e-06 5714
5.5 4.724968372472369e-07 1.017742208033416e-05 5982
5.75 5.15209023596112e-07 1.062013001099366e-05 6602
6 4.989481337387094e-07 1.093094094336886e-05 6923
6.25 4.851756361701726e-07 1.162481962980212e-05 7032
6.5 4.009999274678384e-07 1.022578073778635e-05 6632
6.75 3.246895886655534e-07 8.951725763752965e-06 5988
7 2.809832658382198e-07 8.265393806727206e-06 5744
7.25 2.232309080132221e-07 6.921329974867816e-06 5048
7.5 1.811833989889065e-07 5.840091692234966e-06 4452
7.75 1.516017804151325e-07 4.898364499140077e-06 3920
8 1.097798758654389e-07 3.814258320064808e-06 3096
8.25 8.074687048589204e-08 2.983384519878166e-06 2552
8.5 4.896210958818451e-08 1.911854803174827e-06 1755
8.75 2.88680268462394e-08 1.241166216383451e-06 1220
9 1.553873884237731e-08 7.283763145766921e-07 782
9.25 8.655990938984013e-09 3.606882421015489e-07 432
9.5 6.582284612858218e-09 3.63525255181834e-07 350
9.75 3.47916668253016e-09 1.266130495822428e-07 168
10 9.510500376745909e-10 2.894673162724974e-08 56
10.25 1.48008988466868e-10 8.447774378008574e-09 6
10.5 1.302820885802947e-12 2.212995326065334e-09 1

0.25 2.907209938584876e-10 1.174000614617986e-08 18
0.5 3.99650728639665e-09 6.539017252101431e-08 62
0.75 7.955271208147667e-09 2.472676581819562e-07 98
1 1.925106673141607e-08 3.785175546919713e-07 210
1.25 2.849683655068856e-08 8.453151047839745e-07 350
1.5 4.306078919040809e-08 1.33512820682307e-06 450
1.75 5.071383294019224e-08 1.85935379023231e-06 602
2 6.883204446862981e-08 2.402004218884973e-06 762
2.25 9.585589337990372e-08 3.596199974242745e-06 1142
2.5 9.315099695610032e-08 3.883166491512402e-06 1250
2.75 1.148761387383243e-07 4.63256851175846e-06 1458
3 1.398740185310036e-07 5.143047217162424e-06 1814
3.25 1.545323127184809e-07 6.432047527762524e-06 2178
3.5 1.781833808865532e-07 7.121851886714973e-06 2498
3.75 1.78051130916017e-07 7.293881685164945e-06 2622
4 2.083813524479726e-07 8.831251976000307e-06 3338
4.25 2.294157667479127e-07 1.032231595651868e-05 3722
4.5 2.541619063916583e-07 1.102903179603979e-05 4170
4.75 2.540504208181954e-07 1.158873618675251e-05 4358
5 2.825928400167302e-07 1.283615487832495e-05 5034
5.25 2.909946654183094e-07 1.396039066820938e-05 5714
5.5 3.042193826776542e-07 1.486553779681031e-05 5982
5.75 3.2367915301619e-07 1.637484540933826e-05 6602
6 3.274101585364485e-07 1.717405052069485e-05 6923
6.25 3.075463723366587e-07 1.612457389821398e-05 7032
6.5 2.710794060072761e-07 1.466796775593872e-05 6632
6.75 2.173478458754583e-07 1.23807667733754e-05 5988
7 2.005417575939554e-07 1.151821124541681e-05 5744
7.25 1.592905878204822e-07 1.003721389641399e-05 5048
7.5 1.362055436532232e-07 8.248544742595068e-06 4452
7.75 1.114072993077367e-07 6.840648314922245e-06 3920
8 8.161681131359971e-08 5.099296398388647e-06 3096
8.25 6.458312843334803e-08 4.075885903741904e-06 2552
8.5 3.913125159288855e-08 2.720669199538876e-06 1755
8.75 2.585613735472024e-08 1.571891542901463e-06 1220
9 1.538979028121134e-08 1.059704067752248e-06 782
9.25 8.007958921827112e-09 5.110784500876832e-07 432
9.5 5.824417005187292e-09 4.21850798348405e-07 350
9.75 2.897476915672569e-09 2.284733245167993e-07 168
10 1.055460191079541e-09 4.349740167885362e-08 56
10.25 1.543304716024123e-10 7.360084121342839e-09 6
10.5 2.097647329280704e-11 1.509724882809441e-09 1

0.25 1.004738310847012e-09 2.463441466483947e-09 18
0.5 6.282527318353339e-09 2.101929245928061e-08 62
0.75 1.269996834204814e-08 3.691363780947323e-08 98
1 2.489108365068242e-08 1.285741464607238e-07 210
1.25 5.235134411750464e-08 2.45582156216424e-07 350
1.5 7.627611474930474e-08 3.04666394091039e-07 450
1.75 1.041092837721549e-07 5.582427801562828e-07 602
2 1.137725185908085e-07 7.161472855041776e-07 762
2.25 1.69812514210227e-07 1.36217018713422e-06 1142
2.5 1.771199823944187e-07 1.479929657866767e-06 1250
2.75 1.908624130979559e-07 1.829257555536704e-06 1458
3 2.467864454786547e-07 2.443747165248805e-06 1814
3.25 2.871070301858738e-07 2.999305381196938e-06 2178
3.5 2.878973461005029e-07 3.725504858083621e-06 2498
3.75 2.988314698818637e-07 3.668847134423799e-06 2622
4 3.503730897589193e-07 5.06721868320858e-06 3338
4.25 3.749154182363841e-07 5.75432338923072e-06 3722
4.5 3.687964980775541e-07 6.561705467298783e-06 4170
4.75 3.7425785571307e-07 6.671974891506202e-06 4358
5 4.131333184523286e-07 7.771947203830548e-06 5034
5.25 4.265244843929048e-07 9.100713204715644e-06 5714
5.5 4.541431646447029e-07 9.584313227752126e-06 5982
5.75 4.834359650122844e-07 1.028550842726085e-05 6602
6 4.541973505348438e-07 1.064058982169812e-05 6923
6.25 4.443768480182111e-07 1.076647364759046e-05 7032
6.5 3.742232800010837e-07 9.802345810228608e-06 6632
6.75 3.020202162482654e-07 8.865881501991309e-06 5988
7 2.72251748003642e-07 8.472400683446933e-06 5744
7.25 2.29644508300989e-07 7.266021098599291e-06 5048
7.5 1.853199406585181e-07 6.186367388272189e-06 4452
7.75 1.565688369513379e-07 5.331199440768872e-06 3920
8 1.128026600098878e-07 4.195940689314779e-06 3096
8.25 8.730432925030856e-08 3.204561708804432e-06 2552
8.5 5.418971928041954e-08 2.042419666137585e-06 1755
8.75 3.243880358277165e-08 1.32883386248825e-06 1220
9 1.945771203733959e-08 8.32071981380384e-07 782
9.25 9.651236609348574e-09 4.748296038186483e-07 432
9.5 9.118545101610649e-09 3.982030919322305e-07 350
9.75 3.49134420242097e-09 1.543543160825655e-07 168
10 1.45546954307322e-09 5.250603239874432e-08 56
10.25 5.089181835552862e-11 1.523520334544843e-09 6
10.5 7.580309366965048e-12 6.010289206256823e-10 1

0.25 5.343531895224846e-10 9.056409317773301e-09 18
0.5 3.236151741311993e-09 6.801352338406619e-08 62
0.75 6.056525802871656e-09 1.090070690289622e-07 98
1 1.615395510032544e-08 3.320545600070997e-07 210
1.25 2.915153370149586e-08 6.286389280827698e-07 350
1.5 3.91570114506671e-08 1.092088978598347e-06 450
1.75 5.410316680669653e-08 1.397033748223435e-06 602
2 6.662390688970034e-08 1.92513867132701e-06 762
2.25 9.375478128084977e-08 2.698947039896073e-06 1142
2.5 9.592870644935552e-08 2.985179417275185e-06 1250
2.75 1.064337889626287e-07 3.387125389248698e-06 1458
3 1.278504441374491e-07 4.664007914937058e-06 1814
3.25 1.460754239681145e-07 5.153914190901089e-06 2178
3.5 1.634281567434213e-07 6.635415886275799e-06 2498
3.75 1.551966875711756e-07 6.406671567484702e-06 2622
4 1.955773069080659e-07 7.821739342406067e-06 3338
4.25 2.149198705438369e-07 9.145366981764435e-06 3722
4.5 2.407013040668274e-07 9.677645496631184e-06 4170
4.75 2.361860701937414e-07 1.028937148522337e-05 4358
5 2.570490982678984e-07 1.203165999711306e-05 5034
5.25 2.794530851482912e-07 1.32919681907693e-05 5714
5.5 2.874308688266203e-07 1.367070270413475e-05 5982
5.75 3.164605282777588e-07 1.537299766402107e-05 6602
6 3.225068464779146e-07 1.521166544815356e-05 6923
6.25 3.030544314428516e-07 1.457246981098558e-05 7032
6.5 2.705032654485488e-07 1.330155279687438e-05 6632
6.75 2.186708160067401e-07 1.174815364320791e-05 5988
7 2.03454809903623e-07 1.124363306123823e-05 5744
7.25 1.744808932002496e-07 9.536757918350344e-06 5048
7.5 1.366075088230385e-07 7.99532643290785e-06 4452
7.75 1.112611992840339e-07 6.865640227615161e-06 3920
8 8.759160644594517e-08 5.117283823862579e-06 3096
8.25 6.73041256803148e-08 4.192420718945802e-06 2552
8.5 4.131410619808919e-08 2.68770896561752e-06 1755
8.75 2.565965618598401e-08 1.774446093293645e-06 1220
9 1.591323422839563e-08 1.213927733897617e-06 782
9.25 8.538171657337717e-09 6.511018047781519e-07 432
9.5 7.544120340386124e-09 5.363522727044855e-07 350
9.75 3.375728195560686e-09 2.993921060957844e-07 168
10 1.078214815400248e-09 6.895999897444729e-08 56
10.25 7.988049090495774e-11 4.670421450432173e-09 6
10.5 9.281778764408275e-12 2.701100218603912e-10 1

0.25 6.64897662644186e-10 1.351597726937576e-09 18
0.5 4.312111018728485e-09 1.811046342586033e-08 62
0.75 1.312858273439216e-08 3.337936081671912e-08 98
1 3.009782934907399e-08 7.49799138718906e-08 210
1.25 4.561989796948769e-08 2.37553359523105e-07 350
1.5 7.278411802050905e-08 3.492074867783616e-07 450
1.75 9.490312932536402e-08 4.624016507922003e-07 602
2 1.176787394158424e-07 7.264307368082446e-07 762
2.25 1.676613486140459e-07 1.125368164868496e-06 1142
2.5 1.702144777329497e-07 1.260849948553827e-06 1250
2.75 1.920540832026701e-07 1.565534479797696e-06 1458
3 2.149825293629917e-07 2.239833918124673e-06 1814
3.25 2.4088785386144e-07 2.605536809413353e-06 2178
3.5 2.565691844071412e-07 3.256796154243772e-06 2498
3.75 2.720828630927592e-07 3.520678694053294e-06 2622
4 3.023855343901524e-07 4.530161500855086e-06 3338
4.25 3.167177734155078e-07 5.205339131462223e-06 3722
4.5 3.382414101121642e-07 5.892225055243236e-06 4170
4.75 3.362945501511591e-07 6.351213046116807e-06 4358
5 3.709485516776211e-07 7.368847551301821e-06 5034
5.25 4.217068039827303e-07 8.187062295405576e-06 5714
5.5 4.069513141428177e-07 8.724359752072011e-06 5982
5.75 4.513271751040605e-07 9.862488917291752e-06 6602
6 4.450824674765852e-07 1.035442220777702e-05 6923
6.25 4.28757801307164e-07 1.049541395408006e-05 7032
6.5 3.556929596860626e-07 9.511381751931977e-06 6632
6.75 2.955306052446141e-07 8.598330546992751e-06 5988
7 2.614201316050743e-07 8.08352395585504e-06 5744
7.25 2.224901284932006e-07 7.100221996229152e-06 5048
7.5 1.795562451222574e-07 5.974883915447565e-06 4452
7.75 1.476810501325572e-07 5.219569499808753e-06 3920
8 1.137139625346771e-07 4.02494183430767e-06 3096
8.25 8.70100274526121e-08 3.276060878951157e-06 2552
8.5 5.405001206432518e-08 2.237635307783072e-06 1755
8.75 3.450037370979632e-08 1.471504177153151e-06 1220
9 1.970541462672702e-08 9.364724021857154e-07 782
9.25 1.031215668049089e-08 5.153764463466138e-07 432
9.5 7.964765436109046e-09 3.916215423753582e-07 350
9.75 3.607654300816918e-09 1.759876134422964e-07 168
10 1.122374924811389e-09 5.515583859009069e-08 56
10.25 4.951560397175844e-11 7.962494044341716e-10 6
10.5 8.970853465784144e-11 2.975131149024964e-12 1

0.25 5.376794577076846e-10 6.618617964956231e-09 18
0.5 3.139154609277028e-09 5.534881880018932e-08 62
0.75 6.997828564513453e-09 1.145192256641508e-07 98
1 1.755523647477276e-08 2.569474759136128e-07 210
1.25 3.598550524585807e-08 5.429077369393824e-07 350
1.5 3.896545912833657e-08 7.176556189826204e-07 450
1.75 6.607982832900278e-08 1.09115035999034e-06 602
2 6.8474399192249e-08 1.42862883020322e-06 762
2.25 8.842270914677053e-08 2.175471918499563e-06 1142
2.5 9.480430244486199e-08 2.479404391910816e-06 1250
2.75 1.005650747982201e-07 3.048652288842841e-06 1458
3 1.299463435976095e-07 3.834753761526445e-06 1814
3.25 1.421418105865755e-07 4.337666224760179e-06 2178
3.5 1.546550260877395e-07 5.153120100800075e-06 2498
3.75 1.615295915688651e-07 5.451948987141195e-06 2622
4 1.956499799085823e-07 7.009411733594478e-06 3338
4.25 2.002798381550977e-07 7.808141648405066e-06 3722
4.5 2.27158472155059e-07 9.014323850575355e-06 4170
4.75 2.245519522369531e-07 9.057236633465775e-06 4358
5 2.564668621098703e-07 1.06001037781554e-05 5034
5.25 2.818756325821836e-07 1.204806652959427e-05 5714
5.5 2.902159341345007e-07 1.246614468264528e-05 5982
5.75 3.111130303851752e-07 1.385062644031382e-05 6602
6 3.028392904810995e-07 1.442583144015389e-05 6923
6.25 2.90680587416435e-07 1.36144018739804e-05 7032
6.5 2.545070089331662e-07 1.304660803971301e-05 6632
6.75 2.232111592940163e-07 1.124328513986513e-05 5988
7 1.947865777508028e-07 1.036953013977278e-05 5744
7.25 1.609346486819e-07 8.892124735996874e-06 5048
7.5 1.40919070631219e-07 7.921500883765011e-06 4452
7.75 1.142001726669553e-07 6.750037933489069e-06 3920
8 8.897019529218379e-08 5.121844416826824e-06 3096
8.25 6.90933881222617e-08 4.144202545348305e-06 2552
8.5 4.355443616999607e-08 2.631835306724327e-06 1755
8.75 2.690188545635842e-08 1.873283382335467e-06 1220
9 1.780583649855899e-08 1.242035823367686e-06 782
9.25 8.405612909253408e-09 6.348780616840602e-07 432
9.5 8.067392991927435e-09 5.052461151906487e-07 350
9.75 2.942470375832047e-09 2.296996208670141e-07 168
10 9.16163911807029e-10 7.95582582793075e-08 56
10.25 1.469852358044785e-10 7.741672426425332e-09 6
10.5 2.657588373630473e-12 1.846282246219933e-10 1

0.25 1.035599550651126e-09 2.964189421357496e-09 18
0.5 5.675168880551609e-09 1.830702963849637e-08 62
0.75 1.386776952160436e-08 2.912586941101398e-08 98
1 2.440248039995191e-08 9.965230650359781e-08 210
1.25 4.722101283330529e-08 1.794225763760281e-07 350
1.5 6.021963470285827e-08 2.619346186908112e-07 450
1.75 7.623230488917704e-08 4.125047204992261e-07 602
2 1.037311102468709e-07 6.092480274787586e-07 762
2.25 1.508837529355625e-07 1.069073580108393e-06 1142
2.5 1.490598761707923e-07 1.196347730039605e-06 1250
2.75 1.716339428784815e-07 1.338342854149058e-06 1458
3 2.014220062720953e-07 1.971707247039371e-06 1814
3.25 2.216789231655521e-07 2.378508707747007e-06 2178
3.5 2.37554897094685e-07 2.875418496371191e-06 2498
3.75 2.324423402742003e-07 3.113653765167215e-06 2622
4 2.808781675163101e-07 4.2068432917821e-06 3338
4.25 2.837609400026897e-07 4.680658022074187e-06 3722
4.5 3.123157592565569e-07 5.088679607173533e-06 4170
4.75 3.116414483452972e-07 5.559165044940311e-06 4358
5 3.47686080312765e-07 6.884094580002246e-06 5034
5.25 3.812388892214636e-07 7.614856750990213e-06 5714
5.5 3.79128867029056e-07 8.279399622794459e-06 5982
5.75 4.140350122926398e-07 9.131653120378544e-06 6602
6 4.154793283029799e-07 9.850058447856019e-06 6923
6.25 3.896533655701695e-07 1.004852451376798e-05 7032
6.5 3.519597148043273e-07 9.301196733625125e-06 6632
6.75 2.89745150617635e-07 8.087538208501438e-06 5988
7 2.583430644966379e-07 7.433187041307726e-06 5744
7.25 2.206577206467325e-07 6.671394489522448e-06 5048
7.5 1.701956351985223e-07 5.821191196755177e-06 4452
7.75 1.510275930788484e-07 5.123866958059235e-06 3920
8 1.122966817668709e-07 3.896322444111653e-06 3096
8.25 9.272283217063771e-08 3.279709850932058e-06 2552
8.5 5.217025288158691e-08 2.078248460740086e-06 1755
8.75 3.357665468878868e-08 1.492541763458051e-06 1220
9 2.127571740998867e-08 8.729337850069216e-07 782
9.25 1.028566568206536e-08 5.109304922346882e-07 432
9.5 9.195498024992818e-09 3.499821563652753e-07 350
9.75 4.19396003284722e-09 1.871048560441795e-07 168
10 1.194026927316191e-09 5.000475605453025e-08 56
10.25 1.461640047181559e-10 5.293171483253737e-09 6
10.5 3.627942887601923e-12 1.309537442193909e-09 1

0.25 6.644156002777195e-10 1.328505211901209e-08 18
0.5 3.254214444065162e-09 3.980067237669627e-08 62
0.75 6.581951165924573e-09 9.239529378213883e-08 98
1 1.699559214434256e-08 2.45878290767429e-07 210
1.25 3.434931985665934e-08 4.785827136822002e-07 350
1.5 3.966914137096448e-08 7.553119000495625e-07 450
1.75 5.210367461442514e-08 9.637117377246215e-07 602
2 5.740632930060271e-08 1.198996966329505e-06 762
2.25 8.210048215583528e-08 1.894583705219708e-06 1142
2.5 8.601196396336055e-08 2.17941091531088e-06 1250
2.75 9.600672392114384e-08 2.602321942207116e-06 1458
3 1.205716944311222e-07 3.191404603738685e-06 1814
3.25 1.308529118503581e-07 3.934078198341307e-06 2178
3.5 1.456628105165944e-07 4.668512260973442e-06 2498
3.75 1.536186951936012e-07 4.705089620369744e-06 2622
4 1.853233293031215e-07 6.030495604215515e-06 3338
4.25 1.963085838121172e-07 6.742478461098645e-06 3722
4.5 2.098761197511085e-07 7.63335573848282e-06 4170
4.75 2.112183549159632e-07 7.708741917097251e-06 4358
5 2.394646736470534e-07 9.489977954407359e-06 5034
5.25 2.618689295763305e-07 1.062160583994922e-05 5714
5.5 2.768357814729967e-07 1.104457097869085e-05 5982
5.75 2.891265850245085e-07 1.21950097165127e-05 6602
6 3.076377464647422e-07 1.277811855433144e-05 6923
6.25 2.939269613733174e-07 1.328880761920995e-05 7032
6.5 2.548013332455577e-07 1.226501999715448e-05 6632
6.75 2.110504741118882e-07 1.029969141779314e-05 5988
7 2.012650890902658e-07 1.005074616697429e-05 5744
7.25 1.630018846704359e-07 8.816016287412403e-06 5048
7.5 1.395620614829752e-07 7.270986012680638e-06 4452
7.75 1.170728746993324e-07 6.309067505003676e-06 3920
8 9.144749632144563e-08 4.93313976789331e-06 3096
8.25 7.108031804627986e-08 4.153894749808672e-06 2552
8.5 4.320824640048309e-08 2.698462990976697e-06 1755
8.75 3.088937567888244e-08 1.82424457724093e-06 1220
9 1.618451607620402e-08 1.213250892994735e-06 782
9.25 9.324742439572368e-09 6.37378756314566e-07 432
9.5 7.143138897154607e-09 4.903267293377337e-07 350
9.75 3.580353375818683e-09 2.780184179641445e-07 168
10 1.241136794550841e-09 6.394783046047987e-08 56
10.25 3.52831892351758e-11 6.53264898827523e-09 6
10.5 1.291567769873727e-13 2.170713800444174e-09 1

0.25 9.664735235838419e-10 1.928954172998055e-09 18
0.5 5.783464784011555e-09 1.227818297610676e-08 62
0.75 1.244333931737131e-08 2.912678236154282e-08 98
1 3.004270439426359e-08 9.037779600166915e-08 210
1.25 5.57338390116027e-08 1.792411190221141e-07 350
1.5 6.61081718579991e-08 2.238034117162978e-07 450
1.75 8.013250709568876e-08 3.867751331927608e-07 602
2 1.080258913867197e-07 5.492698194213613e-07 762
2.25 1.279653175006019e-07 8.263358644138981e-07 1142
2.5 1.406609742507514e-07 9.907672980584314e-07 1250
2.75 1.541911618613254e-07 1.269659359155695e-06 1458
3 1.848332655543276e-07 1.641868646342359e-06 1814
3.25 1.992022449873787e-07 2.092856152195596e-06 2178
3.5 2.068862249327648e-07 2.563356813066131e-06 2498
3.75 2.253476099188173e-07 2.647999754553033e-06 2622
4 2.57501044099887e-07 3.834828434674979e-06 3338
4.25 2.743197097211159e-07 4.022777198133438e-06 3722
4.5 2.807892138138513e-07 4.695615272284415e-06 4170
4.75 2.994560021333519e-07 5.369374858480556e-06 4358
5 3.077299550383645e-07 6.136039238346371e-06 5034
5.25 3.445292389982613e-07 7.01501222428737e-06 5714
5.5 3.63430490426062e-07 7.376958180497637e-06 5982
5.75 3.800971613757928e-07 8.337364587191986e-06 6602
6 3.742949806249929e-07 8.936567009369434e-06 6923
6.25 3.730909228226633e-07 9.383760639456862e-06 7032
6.5 3.247162965147286e-07 8.868124206623377e-06 6632
6.75 2.781415025929402e-07 7.467762616909518e-06 5988
7 2.534667855843804e-07 7.459390668959853e-06 5744
7.25 2.094354431079105e-07 6.319751149087446e-06 5048
7.5 1.755841826935239e-07 5.493758012128834e-06 4452
7.75 1.459895292780601e-07 5.013632000955196e-06 3920
8 1.125050264830046e-07 3.766742918089664e-06 3096
8.25 8.269980576422525e-08 3.284924439920772e-06 2552
8.5 5.663900942564324e-08 2.071429244411209e-06 1755
8.75 3.594439439278067e-08 1.3767078574517e-06 1220
9 2.248469470394624e-08 9.138668838804006e-07 782
9.25 1.107832993456417e-08 4.868373201945557e-07 432
9.5 8.224056085913056e-09 3.603052917022446e-07 350
9.75 4.371117144167386e-09 1.911218835519896e-07 168
10 1.697991036333265e-09 6.964740067301591e-08 56
10.25 5.758455580436907e-11 4.928085394616837e-09 6
10.5 1.138093778842693e-11 1.630662267218188e-14 1

0.25 4.494296262354616e-10 6.255711894427391e-09 18
0.5 4.715599638614202e-09 4.316796051083245e-08 62
0.75 8.151949328770797e-09 7.599067958995241e-08 98
1 2.039720226803805e-08 2.043978493770825e-07 210
1.25 3.33132860857383e-08 4.041041021711801e-07 350
1.5 4.366740971467244e-08 5.652219681051682e-07 450
1.75 4.677488234633188e-08 7.616839346258232e-07 602
2 5.438784228266812e-08 9.766232639746017e-07 762
2.25 8.457310443699751e-08 1.612049596874077e-06 1142
2.5 8.808992024802917e-08 1.775133906815912e-06 1250
2.75 9.224199167469637e-08 2.190098773397115e-06 1458
3 1.127056642887664e-07 2.852147860123805e-06 1814
3.25 1.305357727130723e-07 3.272771867940699e-06 2178
3.5 1.361692182980155e-07 4.041364528100442e-06 2498
3.75 1.404638302536831e-07 3.998590365171593e-06 2622
4 1.717857987087582e-07 5.270410207006155e-06 3338
4.25 1.914279203664728e-07 5.860076453717628e-06 3722
4.5 1.922899612074356e-07 6.687945949629511e-06 4170
4.75 1.954374811696926e-07 7.149636540793669e-06 4358
5 2.261856247559839e-07 8.421417889556783e-06 5034
5.25 2.414562530043531e-07 9.389023099352942e-06 5714
5.5 2.690771892653338e-07 1.013492818136722e-05 5982
5.75 2.781786501908111e-07 1.133239285984805e-05 6602
6 2.87176343572442e-07 1.220494531887453e-05 6923
6.25 2.775346192302042e-07 1.197977828684719e-05 7032
6.5 2.452488909713855e-07 1.120463012446732e-05 6632
6.75 2.095327595443585e-07 1.000120990404226e-05 5988
7 1.952028471921609e-07 9.072590912765326e-06 5744
7.25 1.638410321468622e-07 7.998509514234205e-06 5048
7.5 1.328747921996336e-07 7.105173216722841e-06 4452
7.75 1.15002790472344e-07 6.055008964925906e-06 3920
8 8.998591235415031e-08 4.747701465290825e-06 3096
8.25 7.297998507888003e-08 3.80740925694815e-06 2552
8.5 4.308005715720611e-08 2.626121447659984e-06 1755
8.75 2.884525065880071e-08 1.810254607036113e-06 1220
9 1.795117293715489e-08 1.082986568914114e-06 782
9.25 9.763093236927203e-09 6.302690339500522e-07 432
9.5 6.543285469589402e-09 5.206490248319193e-07 350
9.75 4.105413300310701e-09 2.235504547939882e-07 168
10 9.795735972615266e-10 9.41432982143108e-08 56
10.25 6.175060931885576e-11 6.426298403667996e-09 6
10.5 4.589991909163288e-11 1.17387062147971e-10 1

0.25 6.895586088508967e-10 1.881853710577332e-09 18
0.5 5.629078835418836e-09 1.597942373427001e-08 62
0.75 1.339220727305464e-08 3.665578373360409e-08 98
1 2.935242924095297e-08 9.02068869420467e-08 210
1.25 4.999154865628241e-08 1.667790880724398e-07 350
1.5 5.648563517154449e-08 2.060556472065011e-07 450
1.75 7.527113302846063e-08 3.248906258954586e-07 602
2 8.610595010478984e-08 4.262387191999029e-07 762
2.25 1.176564169455874e-07 7.915953374584042e-07 1142
2.5 1.352631085251065e-07 8.458824276378956e-07 1250
2.75 1.428868888838644e-07 1.123454326495303e-06 1458
3 1.684704826078444e-07 1.481998146440518e-06 1814
3.25 1.835557252187047e-07 1.849116811763489e-06 2178
3.5 1.95881078539409e-07 2.23714858479678e-06 2498
3.75 1.947998020080044e-07 2.435835742557281e-06 2622
4 2.342569878323135e-07 3.264965473568273e-06 3338
4.25 2.476225074185548e-07 3.753595032945865e-06 3722
4.5 2.586540662265351e-07 4.419425296616065e-06 4170
4.75 2.673912015291346e-07 4.61373727851817e-06 4358
5 2.953922144926294e-07 5.753930947742967e-06 5034
5.25 3.292977535395804e-07 6.419245000567996e-06 5714
5.5 3.302919697136636e-07 7.034845271185753e-06 5982
5.75 3.564213192583046e-07 7.785733263345221e-06 6602
6 3.663227519627845e-07 8.457305972747241e-06 6923
6.25 3.465756376067184e-07 8.447019215308734e-06 7032
6.5 2.973221918001413e-07 7.960444344533045e-06 6632
6.75 2.570886965661704e-07 7.018777688686009e-06 5988
7 2.38391153052391e-07 7.100881901870933e-06 5744
7.25 1.960398138150736e-07 6.218570164066856e-06 5048
7.5 1.713434915519425e-07 5.236334110825594e-06 4452
7.75 1.39422947930293e-07 4.854722271260083e-06 3920
8 1.033470097167753e-07 3.723030653355275e-06 3096
8.25 8.434603762928123e-08 3.059827277593431e-06 2552
8.5 5.363854037835822e-08 2.084998754617408e-06 1755
8.75 3.611082449672902e-08 1.347948068056133e-06 1220
9 2.299297711655899e-08 9.27573728265584e-07 782
9.25 1.181912985607485e-08 4.88941055304135e-07 432
9.5 8.508161964801456e-09 4.056191164194357e-07 350
9.75 4.152621449014639e-09 1.942063172854444e-07 168
10 1.086009501306227e-09 5.710179266039528e-08 56
10.25 7.641538671934537e-11 9.11757274605113e-09 6
10.5 5.040782563069556e-11 6.826672489182375e-10 1

0.25 4.551951974433031e-10 1.120366546762503e-08 18
0.5 3.94660945583036e-09 3.176579926898339e-08 62
0.75 9.104659120244736e-09 1.090344823705738e-07 98
1 2.069180876323587e-08 2.262523250878442e-07 210
1.25 3.414983320815862e-08 3.115319980661129e-07 350
1.5 3.677574715786296e-08 4.625940053208065e-07 450
1.75 5.069626997349087e-08 7.998385172087848e-07 602
2 5.637461948545169e-08 8.967729826812257e-07 762
2.25 7.541228354794145e-08 1.348674808058621e-06 1142
2.5 8.277402947230763e-08 1.518312007121251e-06 1250
2.75 9.124420064421308e-08 1.927673588865415e-06 1458
3 1.069195634919056e-07 2.352068695034629e-06 1814
3.25 1.15256468154523e-07 2.964363828200961e-06 2178
3.5 1.303287716306982e-07 3.427875251377517e-06 2498
3.75 1.305955802150572e-07 3.735079064289984e-06 2622
4 1.552542851108173e-07 4.813517263878937e-06 3338
4.25 1.685160338733221e-07 5.190678470273733e-06 3722
4.5 1.900228486529558e-07 6.151646555213751e-06 4170
4.75 1.921364631028279e-07 6.224523922769299e-06 4358
5 2.196938527608594e-07 7.436449727825994e-06 5034
5.25 2.379875704878349e-07 8.506823731809091e-06 5714
5.5 2.391313994370867e-07 9.164250962684699e-06 5982
5.75 2.654653568690155e-07 1.025538887859164e-05 6602
6 2.674706947370054e-07 1.073011505620621e-05 6923
6.25 2.621180985243654e-07 1.082743417868552e-05 7032
6.5 2.285202076469359e-07 1.001639963766889e-05 6632
6.75 1.945286745465903e-07 8.797901910340088e-06 5988
7 1.848329427465197e-07 9.062344797543174e-06 5744
7.25 1.555441630845049e-07 7.631345564223605e-06 5048
7.5 1.304440513812165e-07 6.594699082741837e-06 4452
7.75 1.13872388403895e-07 5.985313381976829e-06 3920
8 8.750399117064737e-08 4.641675252684608e-06 3096
8.25 6.569616775407901e-08 3.703719614630575e-06 2552
8.5 4.533080254519479e-08 2.54431904841022e-06 1755
8.75 2.870401679864238e-08 1.648858282630239e-06 1220
9 1.707054026094039e-08 9.433101340955977e-07 782
9.25 9.67081186385254e-09 6.127840513874522e-07 432
9.5 7.647722412022833e-09 5.120155076885666e-07 350
9.75 4.028552093222901e-09 2.666564949598553e-07 168
10 1.439380805325893e-09 8.56424163004479e-08 56
10.25 1.609548300167948e-10 1.355655226381768e-08 6
10.5 3.33151675805263e-11 3.31613938513443e-10 1

0.25 1.493526697497865e-09 2.078527864423418e-09 18
0.5 8.300368320911415e-09 1.376006530878477e-08 62
0.75 1.881740602798541e-08 2.679275135795117e-08 98
1 2.884155308270721e-08 6.051786013241169e-08 210
1.25 4.777608861088692e-08 1.275921473963423e-07 350
1.5 6.046324323331045e-08 1.909458391456378e-07 450
1.75 7.745660530601695e-08 3.124174311524399e-07 602
2 8.848748345719716e-08 4.409477494673883e-07 762
2.25 1.207508396333028e-07 6.802899887927734e-07 1142
2.5 1.222985313221481e-07 7.564397803770206e-07 1250
2.75 1.321445019476431e-07 1.0091238123095e-06 1458
3 1.495491044205002e-07 1.345067930161932e-06 1814
3.25 1.70635439760966e-07 1.725755570181009e-06 2178
3.5 1.770488973511669e-07 2.122522560909284e-06 2498
3.75 1.796367818056549e-07 2.347494671052836e-06 2622
4 2.118719198405801e-07 3.055135865264929e-06 3338
4.25 2.384053427342673e-07 3.354571087923882e-06 3722
4.5 2.456925163430856e-07 3.964862034989131e-06 4170
4.75 2.407119235329777e-07 4.268929441932308e-06 4358
5 2.783980859272436e-07 5.195316182171649e-06 5034
5.25 2.986963282509409e-07 5.754833403365801e-06 5714
5.5 3.03150055260078e-07 6.224513922542859e-06 5982
5.75 3.329510723562892e-07 7.092355251349994e-06 6602
6 3.300306287119802e-07 7.465784946511204e-06 6923
6.25 3.264040069267568e-07 7.878963769077704e-06 7032
6.5 2.817011955176915e-07 7.595254764153472e-06 6632
6.75 2.355493801823977e-07 6.818785400146878e-06 5988
7 2.252316204560253e-07 6.610351012843834e-06 5744
7.25 1.895471468095678e-07 5.701715078924933e-06 5048
7.5 1.55744741246561e-07 4.923221178058442e-06 4452
7.75 1.305535536915057e-07 4.651817225715403e-06 3920
8 1.016581609764486e-07 3.57283033014349e-06 3096
8.25 7.844700387714384e-08 2.92861581958192e-06 2552
8.5 5.068067423620442e-08 2.120160174390358e-06 1755
8.75 3.494363613364921e-08 1.267906590721545e-06 1220
9 2.040732547396199e-08 9.127470811139257e-07 782
9.25 1.13212406558618e-08 5.293946497897167e-07 432
9.5 9.596265878105943e-09 3.901623961753136e-07 350
9.75 3.706598493668752e-09 1.867862086359303e-07 168
10 1.591293287935941e-09 6.670452503936038e-08 56
10.25 2.095185206728431e-10 7.53798859658414e-09 6
10.5 7.089022488815945e-12 2.064593541968478e-09 1

0.25 8.546480969223236e-10 5.414323337591388e-09 18
0.5 4.041064020296337e-09 2.939254745140033e-08 62
0.75 1.16839912756002e-08 6.463719283675255e-08 98
1 1.754805907051334e-08 1.675470822050223e-07 210
1.25 3.201417835386263e-08 3.19705046391727e-07 350
1.5 3.630814943824398e-08 4.760104214242486e-07 450
1.75 4.303259941903942e-08 6.085820036369415e-07 602
2 4.947867128627329e-08 8.937642019480368e-07 762
2.25 6.952914523903149e-08 1.224020813641366e-06 1142
2.5 7.127483996708569e-08 1.356930768268573e-06 1250
2.75 8.678226432277617e-08 1.7211196099259e-06 1458
3 9.996809356177851e-08 2.177538362334218e-06 1814
3.25 1.185860267121577e-07 2.511193226281184e-06 2178
3.5 1.221369581383498e-07 3.011742145206649e-06 2498
3.75 1.183435453019515e-07 3.295936706467872e-06 2622
4 1.514189600675351e-07 4.179256022741327e-06 3338
4.25 1.625697759239897e-07 4.961584936556534e-06 3722
4.5 1.750169959817464e-07 5.567719638006474e-06 4170
4.75 1.76813845965951e-07 5.92357864454039e-06 4358
5 2.01857597723671e-07 6.950965658595709e-06 5034
5.25 2.236784434676151e-07 7.77761096680487e-06 5714
5.5 2.252247846594383e-07 8.398343388140928e-06 5982
5.75 2.499891965311867e-07 8.958378484133841e-06 6602
6 2.497982859404927e-07 9.734295904247599e-06 6923
6.25 2.412326811237281e-07 1.002013981378439e-05 7032
6.5 2.236512792490802e-07 9.31004936984741e-06 6632
6.75 1.88570796254349e-07 8.263339019162397e-06 5988
7 1.725185438466401e-07 8.23946761339435e-06 5744
7.25 1.446337368310119e-07 6.822775333420531e-06 5048
7.5 1.233478989993738e-07 6.435849693575564e-06 4452
7.75 1.073434782951263e-07 5.624319249338542e-06 3920
8 7.960511110991936e-08 4.29527948470319e-06 3096
8.25 6.752894950217366e-08 3.587217669018142e-06 2552
8.5 4.458597725056621e-08 2.406079280257412e-06 1755
8.75 2.862314430027476e-08 1.633463906252245e-06 1220
9 1.869467594945242e-08 1.022733254614118e-06 782
9.25 9.081638021313642e-09 5.960034893255493e-07 432
9.5 7.103313094398619e-09 4.585564389121227e-07 350
9.75 3.081195586108698e-09 1.886041832381638e-07 168
10 1.007445645555638e-09 8.695950920455159e-08 56
10.25 1.747224683668644e-10 3.28076972772686e-09 6
10.5 1.598585872914051e-12 9.993514912052653e-10 1

0.25 5.956382073133143e-10 2.604833728969181e-09 18
0.5 6.976890155315418e-09 1.344374932511267e-08 62
0.75 1.473715666126676e-08 2.567056555334431e-08 98
1 3.182558589288758e-08 6.922075812181507e-08 210
1.25 5.307719418685996e-08 1.338648150778365e-07 350
1.5 5.374157260459491e-08 1.777554904136536e-07 450
1.75 6.791250221901936e-08 2.762445003252239e-07 602
2 7.841463432588158e-08 3.625998405055873e-07 762
2.25 1.181514798424305e-07 6.14649334706716e-07 1142
2.5 1.095938773240764e-07 7.137845833180459e-07 1250
2.75 1.226208864242683e-07 9.768266350907992e-07 1458
3 1.402284191695631e-07 1.208303751449214e-06 1814
3.25 1.542006465745931e-07 1.534780636742751e-06 2178
3.5 1.72231254197405e-07 1.897315843645435e-06 2498
3.75 1.742384993463642e-07 2.072223174544773e-06 2622
4 1.901687846805898e-07 2.825182652102203e-06 3338
4.25 2.013632101136613e-07 3.08559260102138e-06 3722
4.5 2.240034422590938e-07 3.715088436414639e-06 4170
4.75 2.199261735053161e-07 4.088526538313718e-06 4358
5 2.601307554547046e-07 4.7025891767606e-06 5034
5.25 2.882586135081232e-07 5.559172364340111e-06 5714
5.5 2.774791365052069e-07 5.867937056355541e-06 5982
5.75 3.136893401948438e-07 6.663024974283751e-06 6602
6 3.012914559532131e-07 6.953403144215616e-06 6923
6.25 3.036280032995078e-07 7.143777405828697e-06 7032
6.5 2.654648492408856e-07 6.907343801893144e-06 6632
6.75 2.308378236381541e-07 6.167609351964171e-06 5988
7 2.079009753704991e-07 6.144198623803268e-06 5744
7.25 1.700472272634776e-07 5.562238733266125e-06 5048
7.5 1.459448152968923e-07 5.092700188982544e-06 4452
7.75 1.299433866860017e-07 4.327912684311635e-06 3920
8 9.774348596844152e-08 3.40621833228337e-06 3096
8.25 7.842221924263024e-08 2.895036480732661e-06 2552
8.5 4.946314484574707e-08 1.970042160704373e-06 1755
8.75 3.270914891437798e-08 1.3060875585554e-06 1220
9 1.812897328967249e-08 8.356353698910528e-07 782
9.25 1.094148143642142e-08 4.756705756907121e-07 432
9.5 8.523677563972874e-09 3.552244660892973e-07 350
9.75 3.704613404818556e-09 2.066319034808349e-07 168
10 1.921658392128189e-09 3.703584462529056e-08 56
10.25 1.301248963249315e-10 5.949250674954465e-09 6
10.5 4.990268489449284e-11 1.515184570478218e-09 1

0.25 1.089626764043472e-09 5.808810284068125e-09 18
0.5 4.700742287758573e-09 2.793778558747279e-08 62
0.75 1.091353825603401e-08 5.511748523208559e-08 98
1 2.260816342232056e-08 1.29698743200879e-07 210
1.25 3.10407783724458e-08 2.771864255855042e-07 350
1.5 3.73315013096089e-08 3.982740687414091e-07 450
1.75 4.638301879969289e-08 5.732317878403594e-07 602
2 5.264737890823388e-08 6.897964932759489e-07 762
2.25 7.72071253817571e-08 1.084167593975408e-06 1142
2.5 7.513647937795035e-08 1.168169667718479e-06 1250
2.75 8.612858051543106e-08 1.514895854555496e-06 1458
3 9.887732876384418e-08 1.758267235091928e-06 1814
3.25 1.049386862428063e-07 2.344903206006677e-06 2178
3.5 1.147353430981363e-07 2.76123761615962e-06 2498
3.75 1.117193940174516e-07 3.012730125791644e-06 2622
4 1.364912782030945e-07 3.701815978512945e-06 3338
4.25 1.518020663184092e-07 4.250238288354173e-06 3722
4.5 1.682091800914458e-07 4.890222058373582e-06 4170
4.75 1.739594424337562e-07 5.139907116902663e-06 4358
5 1.977717887012569e-07 6.119202204820692e-06 5034
5.25 2.154611188060995e-07 7.130286433504528e-06 5714
5.5 2.188131846832181e-07 7.445624998334555e-06 5982
5.75 2.296746226565225e-07 8.461120934553625e-06 6602
6 2.408984498967966e-07 8.939492433436677e-06 6923
6.25 2.342032204477955e-07 9.006987750840926e-06 7032
6.5 2.127271323097125e-07 8.403658124973578e-06 6632
6.75 1.743211005446344e-07 7.778556437471795e-06 5988
7 1.673090573773327e-07 7.403034880773435e-06 5744
7.25 1.517053651110982e-07 6.679110375969074e-06 5048
7.5 1.194597190383607e-07 5.87464725780206e-06 4452
7.75 1.059297105933346e-07 5.05524887216363e-06 3920
8 8.41601502466704e-08 4.141321456402232e-06 3096
8.25 6.699612521680509e-08 3.31924734532095e-06 2552
8.5 4.051583484907173e-08 2.23573591209507e-06 1755
8.75 2.850278582814227e-08 1.537579613131079e-06 1220
9 1.856989419549381e-08 9.337595224747027e-07 782
9.25 9.816978123113167e-09 5.155636563700123e-07 432
9.5 8.040383612531863e-09 4.15149633325551e-07 350
9.75 3.82286773492445e-09 2.051153081866851e-07 168
10 1.529323107656736e-09 7.450564253925506e-08 56
10.25 9.739056672100486e-11 3.982514380138592e-09 6
10.5 1.368940393605276e-12 2.302757307783808e-10 1

0.25 1.041657322012922e-09 1.782746115601365e-09 18
0.5 6.410239452062495e-09 1.490037254085198e-08 62
0.75 1.540744171449827e-08 2.750924336463811e-08 98
1 2.964352811544112e-08 6.530052196780884e-08 210
1.25 5.463701182002546e-08 1.263191640562308e-07 350
1.5 5.42998245095273e-08 1.798983101634594e-07 450
1.75 6.476793490799534e-08 2.587417981121167e-07 602
2 7.66109275547293e-08 3.647771236485306e-07 762
2.25 9.923598784822584e-08 6.02854411057135e-07 1142
2.5 1.001586959393978e-07 6.790049732683508e-07 1250
2.75 1.14035290945304e-07 8.764634240911912e-07 1458
3 1.363643437499169e-07 1.120909264746825e-06 1814
3.25 1.398241746465286e-07 1.439770188623077e-06 2178
3.5 1.456843486987399e-07 1.786152510510887e-06 2498
3.75 1.450207807207194e-07 1.958387860228501e-06 2622
4 1.808904895880511e-07 2.585127436721111e-06 3338
4.25 1.90719307293314e-07 3.063152410135647e-06 3722
4.5 2.089457215834496e-07 3.515204579018549e-06 4170
4.75 2.029542913311292e-07 3.763831624101463e-06 4358
5 2.229230924350831e-07 4.379703670523444e-06 5034
5.25 2.575307282007447e-07 5.12878077732077e-06 5714
5.5 2.671375964287255e-07 5.43741233472058e-06 5982
5.75 2.747765054276129e-07 6.36454508974577e-06 6602
6 2.914206463446552e-07 6.730062180861367e-06 6923
6.25 2.781564478163789e-07 6.829423989793212e-06 7032
6.5 2.413789199956357e-07 6.636285422621328e-06 6632
6.75 2.09155014642097e-07 5.758266431988027e-06 5988
7 1.946736549046526e-07 5.821775155858474e-06 5744
7.25 1.70328641550124e-07 5.220358716836011e-06 5048
7.5 1.371113227606288e-07 4.559678845011841e-06 4452
7.75 1.146852290560925e-07 4.08065025200216e-06 3920
8 8.977869348393976e-08 3.27497685454701e-06 3096
8.25 7.516146435697842e-08 2.75162952695693e-06 2552
8.5 4.820666268677044e-08 1.865211151245883e-06 1755
8.75 2.954415670288506e-08 1.255806146201613e-06 1220
9 2.092539532554566e-08 8.891343460220067e-07 782
9.25 1.047672462834751e-08 5.194335900312439e-07 432
9.5 9.046014306337385e-09 3.52315010357363e-07 350
9.75 3.999267725261947e-09 1.633255073605396e-07 168
10 1.712361830205661e-09 5.066337270220819e-08 56
10.25 9.023065724351009e-11 4.150119917060881e-09 6
10.5 1.081422756838707e-11 1.395484303324689e-11 1

0.25 8.026740073646972e-10 4.206357766484301e-09 18
0.5 3.635311239803541e-09 2.770404823169051e-08 62
0.75 7.435052171663065e-09 5.367972237634038e-08 98
1 2.112438564817948e-08 1.181150675817526e-07 210
1.25 3.052585432629533e-08 2.241506819403138e-07 350
1.5 3.495092095464019e-08 3.214830391493787e-07 450
1.75 4.525492175097392e-08 4.955952139297486e-07 602
2 4.767723921500265e-08 6.55509483079342e-07 762
2.25 7.337842252832677e-08 1.008633846705387e-06 1142
2.5 6.853342738025167e-08 1.103532095038402e-06 1250
2.75 7.148869824642367e-08 1.421745762775448e-06 1458
3 8.792901168182009e-08 1.649718953179435e-06 1814
3.25 1.01088165036677e-07 1.915800147323679e-06 2178
3.5 1.169703235040935e-07 2.322417785677784e-06 2498
3.75 1.098916316614942e-07 2.55204679588296e-06 2622
4 1.36981939958641e-07 3.50323920933905e-06 3338
4.25 1.443614352280175e-07 3.66765749552596e-06 3722
4.5 1.597543820540365e-07 4.3844952856076e-06 4170
4.75 1.587592120063155e-07 4.57592784543173e-06 4358
5 1.796460070706839e-07 5.465985292421927e-06 5034
5.25 1.999439304568492e-07 6.284843853816011e-06 5714
5.5 2.076585724365675e-07 6.776929236216021e-06 5982
5.75 2.290244405895665e-07 7.603755737404623e-06 6602
6 2.360368853839963e-07 7.889133667790507e-06 6923
6.25 2.306528479962806e-07 8.326648828000117e-06 7032
6.5 1.979553616639467e-07 7.808747820105655e-06 6632
6.75 1.737605110422042e-07 7.115686715381591e-06 5988
7 1.634113514155808e-07 6.67732570939348e-06 5744
7.25 1.377496308094606e-07 6.121928999614077e-06 5048
7.5 1.216355336672049e-07 5.244984383955248e-06 4452
7.75 1.032728038587012e-07 4.489541876615974e-06 3920
8 7.774220543664249e-08 3.706184008531155e-06 3096
8.25 6.193486921506436e-08 3.188467697777215e-06 2552
8.5 3.751811149877404e-08 2.201025061138267e-06 1755
8.75 2.459746643086062e-08 1.693318296665222e-06 1220
9 1.485227229224321e-08 1.023013822118414e-06 782
9.25 9.376503335779276e-09 5.129479840009946e-07 432
9.5 9.518221040854133e-09 4.068074530440993e-07 350
9.75 3.99237571817139e-09 1.97245937597104e-07 168
10 9.117402650474801e-10 7.206546751374723e-08 56
10.25 1.888528069009525e-10 2.225739057461486e-08 6
10.5 6.241036720786709e-11 1.733962173976532e-09 1

0.25 1.167710158366065e-09 2.859386642748909e-09 18
0.5 6.663607119313135e-09 1.213873903626595e-08 62
0.75 1.222839491159333e-08 2.985757515621035e-08 98
1 3.122885068573175e-08 5.97380222912637e-08 210
1.25 4.294703656944557e-08 1.327972698571354e-07 350
1.5 4.710927485978208e-08 1.922847805213999e-07 450
1.75 6.118633043522673e-08 3.051764585117312e-07 602
2 6.237738232616346e-08 4.210857544906664e-07 762
2.25 9.425066668197813e-08 6.337431976971856e-07 1142
2.5 8.411080331430435e-08 7.149351299082396e-07 1250
2.75 8.831650428514807e-08 9.091146273164956e-07 1458
3 1.072673182490218e-07 1.248229498678188e-06 1814
3.25 1.27174574296578e-07 1.537916145550622e-06 2178
3.5 1.278331943871306e-07 1.750762810195942e-06 2498
3.75 1.314038880384612e-07 1.990389027046913e-06 2622
4 1.498859697749496e-07 2.528351532408135e-06 3338
4.25 1.693465726377557e-07 2.967712553549889e-06 3722
4.5 1.832527964420367e-07 3.377247272580783e-06 4170
4.75 1.811845738790806e-07 3.5706821515843e-06 4358
5 2.022020706824338e-07 4.488876331205866e-06 5034
5.25 2.245384762890534e-07 5.013688701599246e-06 5714
5.5 2.325818525322891e-07 5.361794542406326e-06 5982
5.75 2.507235943207514e-07 6.158712908691063e-06 6602
6 2.601825013956822e-07 6.437562047970682e-06 6923
6.25 2.463612132215059e-07 6.743017797929736e-06 7032
6.5 2.318777323105052e-07 6.38451928734771e-06 6632
6.75 1.925605733548544e-07 5.724680614562167e-06 5988
7 1.769774955581386e-07 5.607580422797096e-06 5744
7.25 1.540362859631888e-07 5.053064764006287e-06 5048
7.5 1.243750561412556e-07 4.415213282960062e-06 4452
7.75 1.087922075096773e-07 3.949246787638137e-06 3920
8 8.734996077203388e-08 3.18056164755933e-06 3096
8.25 6.921638506211969e-08 2.645060065623491e-06 2552
8.5 4.379931581566528e-08 1.897537114399386e-06 1755
8.75 2.906087320362601e-08 1.286349861183829e-06 1220
9 1.773332962652606e-08 7.822971531348239e-07 782
9.25 1.058434516976438e-08 5.419640519508013e-07 432
9.5 8.202133968372902e-09 3.969772853373027e-07 350
9.75 3.371330725328418e-09 1.423858904505964e-07 168
10 9.275794340194024e-10 6.009141236808124e-08 56
10.25 2.516841938418549e-10 5.366716721578504e-09 6
10.5 1.071104734852957e-13 4.866790078460151e-09 1

0.25 7.098987393732344e-10 4.537167652978974e-09 18
0.5 5.797094429970755e-09 1.632885266969699e-08 62
0.75 1.2205592734725e-08 2.801921822143861e-08 98
1 2.089650881876144e-08 9.018300265843439e-08 210
1.25 3.920782482307764e-08 1.862333013406504e-07 350
1.5 4.011868458041899e-08 2.577756466161711e-07 450
1.75 4.692899903628068e-08 3.444143685151432e-07 602
2 5.284122077924787e-08 5.149776841113331e-07 762
2.25 7.450041544435237e-08 7.68903096261349e-07 1142
2.5 7.189940857172892e-08 9.16285974883762e-07 1250
2.75 7.467020131741079e-08 1.062653308522441e-06 1458
3 9.004133649800325e-08 1.354560403154269e-06 1814
3.25 9.685939029817342e-08 1.806494491221111e-06 2178
3.5 1.119850713489726e-07 2.003368211088642e-06 2498
3.75 1.118099522923446e-07 2.224645941805134e-06 2622
4 1.33786093282787e-07 2.87597944558489e-06 3338
4.25 1.373575072131665e-07 3.191437597149715e-06 3722
4.5 1.620707733576223e-07 3.791491621972993e-06 4170
4.75 1.564326980091204e-07 4.122122127836415e-06 4358
5 1.796961913809944e-07 4.893982975737638e-06 5034
5.25 1.986915261163212e-07 5.468878348018365e-06 5714
5.5 2.000241900307503e-07 6.041201609663439e-06 5982
5.75 2.240927990495514e-07 6.703292081360539e-06 6602
6 2.249664048329807e-07 7.257584305551888e-06 6923
6.25 2.203948817880123e-07 7.38618736545251e-06 7032
6.5 1.931862978602409e-07 6.997496700067656e-06 6632
6.75 1.6655809560158e-07 6.44115261516821e-06 5988
7 1.575882614147047e-07 6.25740750694976e-06 5744
7.25 1.346433397095615e-07 5.323783181852288e-06 5048
7.5 1.118030006614997e-07 4.904053973627516e-06 4452
7.75 9.88640732712894e-08 4.417806740709874e-06 3920
8 7.893359295845369e-08 3.579956136797178e-06 3096
8.25 6.370753007621263e-08 2.830182718545074e-06 2552
8.5 4.185871050542162e-08 1.995387051705336e-06 1755
8.75 2.807367958409353e-08 1.352931575572683e-06 1220
9 1.625748323973696e-08 9.094015348946501e-07 782
9.25 9.108221839104461e-09 5.259840947516345e-07 432
9.5 6.817263916921399e-09 4.018825820724382e-07 350
9.75 3.557642969972253e-09 2.017579703428505e-07 168
10 1.162503385713702e-09 6.083025377906423e-08 56
10.25 1.665768770316866e-10 6.78165255436967e-09 6
10.5 8.321023316509922e-11 8.170420400167075e-10 1

0.25 1.744771428601811e-09 5.615450326616903e-09 18
0.5 7.296914515187537e-09 1.553703076936753e-08 62
0.75 9.830849012498509e-09 3.987004007279942e-08 98
1 2.354184888406598e-08 9.084890503453329e-08 210
1.25 3.877711313192276e-08 1.742673568012961e-07 350
1.5 3.931413728282098e-08 2.265965627499721e-07 450
1.75 4.583195157516303e-08 3.704016478285011e-07 602
2 5.462216734356415e-08 4.382521561625991e-07 762
2.25 7.428418326905073e-08 7.037138189443629e-07 1142
2.5 7.452311690175867e-08 7.722779522116264e-07 1250
2.75 8.112856084704388e-08 9.544969660214663e-07 1458
3 9.193763314984064e-08 1.179721181738258e-06 1814
3.25 1.010129017870212e-07 1.476697601217536e-06 2178
3.5 1.112645463822466e-07 1.688101675962777e-06 2498
3.75 1.193423688242053e-07 1.830343584502466e-06 2622
4 1.417919487049894e-07 2.416591005885851e-06 3338
4.25 1.53227315732768e-07 2.845674408965048e-06 3722
4.5 1.619883789848584e-07 3.284257332968927e-06 4170
4.75 1.649355839193155e-07 3.520709903526971e-06 4358
5 1.782413068234571e-07 4.229527216794266e-06 5034
5.25 2.022976317145327e-07 4.941280607103814e-06 5714
5.5 2.138003995073182e-07 5.390147703499757e-06 5982
5.75 2.27933273421719e-07 6.149301504634735e-06 6602
6 2.29427361116093e-07 6.387627906101763e-06 6923
6.25 2.290607799062623e-07 6.594768906552265e-06 7032
6.5 1.995866441120596e-07 6.220701226162123e-06 6632
6.75 1.745854881611127e-07 5.707543609201534e-06 5988
7 1.612656770123445e-07 5.550169690103389e-06 5744
7.25 1.337505676612289e-07 5.035349041376443e-06 5048
7.5 1.194032724181134e-07 4.301700441395596e-06 4452
7.75 1.000639992957695e-07 3.913190700708095e-06 3920
8 8.046013466450312e-08 3.228412378288341e-06 3096
8.25 6.422200179771905e-08 2.609239311969116e-06 2552
8.5 4.219269785971566e-08 1.79791111719066e-06 1755
8.75 2.600270916323889e-08 1.20626334498554e-06 1220
9 1.779986771251562e-08 7.720856665143061e-07 782
9.25 1.03956953383642e-08 4.392353408112524e-07 432
9.5 8.258634009611288e-09 3.831633917251836e-07 350
9.75 3.087876967946058e-09 1.695912831471169e-07 168
10 1.347887604145856e-09 4.908993352094192e-08 56
10.25 2.139466131555273e-10 1.780975137404285e-08 6
10.5 1.312766300935938e-11 5.160688170898886e-10 1

0.25 1.290908853545365e-09 2.560640290928864e-09 18
0.5 8.535477999335749e-09 2.050557616856902e-08 62
0.75 7.717442485327536e-09 2.962174578983014e-08 98
1 1.87987482688387e-08 9.073738524658984e-08 210
1.25 3.442081410750382e-08 1.63378683948831e-07 350
1.5 3.651674058878693e-08 2.021757677357898e-07 450
1.75 4.863853474419226e-08 3.054359846856396e-07 602
2 4.791912530242436e-08 4.11821566040179e-07 762
2.25 6.650849703982168e-08 6.211148069390864e-07 1142
2.5 7.166531607986643e-08 7.421440136582614e-07 1250
2.75 7.765726491935149e-08 8.50149916853643e-07 1458
3 8.421998357743135e-08 1.09183449946332e-06 1814
3.25 1.006390135107165e-07 1.506925176560324e-06 2178
3.5 1.044082635405886e-07 1.752697737351178e-06 2498
3.75 1.129721156806084e-07 1.841753155352426e-06 2622
4 1.24743382872838e-07 2.442589786857285e-06 3338
4.25 1.399123630434003e-07 2.805770746189146e-06 3722
4.5 1.520699796224621e-07 3.384428321394256e-06 4170
4.75 1.569167163980728e-07 3.385111267966195e-06 4358
5 1.832241808451597e-07 4.266771298020348e-06 5034
5.25 1.94310930065826e-07 4.976320593899661e-06 5714
5.5 1.978924771107324e-07 5.226041471769271e-06 5982
5.75 2.198145341328958e-07 5.972612639666598e-06 6602
6 2.238855207214268e-07 6.353944733639112e-06 6923
6.25 2.166125045163805e-07 6.614587907858975e-06 7032
6.5 1.916080084763961e-07 6.299320338614731e-06 6632
6.75 1.651318794408088e-07 5.709926435100869e-06 5988
7 1.556873023628555e-07 5.744361637120895e-06 5744
7.25 1.319851478545209e-07 5.040575271371502e-06 5048
7.5 1.100556113162985e-07 4.38736822741151e-06 4452
7.75 9.936734884582518e-08 3.789207316243898e-06 3920
8 7.919036734336771e-08 3.216689927539978e-06 3096
8.25 6.254853808981701e-08 2.627840516587841e-06 2552
8.5 3.948855564778988e-08 1.866766061833343e-06 1755
8.75 2.711991879875818e-08 1.147779680699008e-06 1220
9 1.526119125370507e-08 7.80075071100215e-07 782
9.25 9.79890191211926e-09 4.14668538970327e-07 432
9.5 8.129876505393554e-09 3.694318719954001e-07 350
9.75 3.398123028838257e-09 1.761693533332578e-07 168
10 1.174873611339053e-09 6.747057639918054e-08 56
10.25 2.156115355204556e-10 8.149694249198172e-09 6
10.5 5.513623472541775e-11 5.15425849510995e-10 1

0.25 1.31798545663813e-09 3.940128351295041e-09 18
0.5 6.737164691162577e-09 2.047970944771255e-08 62
0.75 9.937090046621192e-09 3.957681391578727e-08 98
1 2.529896551082655e-08 1.045756122883117e-07 210
1.25 3.556314246926955e-08 1.794817677862197e-07 350
1.5 3.720115725336652e-08 2.259257514648855e-07 450
1.75 3.912830808270814e-08 3.199126461969812e-07 602
2 4.81097556873183e-08 4.006910687815633e-07 762
2.25 6.206012431385645e-08 7.072438229974598e-07 1142
2.5 6.876854005788426e-08 7.206409872402326e-07 1250
2.75 7.055384320244288e-08 8.70495664301078e-07 1458
3 8.654386398578685e-08 1.151107784872409e-06 1814
3.25 9.607442156685851e-08 1.410892080333423e-06 2178
3.5 1.012949537960928e-07 1.703138200689367e-06 2498
3.75 1.04355165238198e-07 1.968683002143398e-06 2622
4 1.230065745068431e-07 2.457121635292382e-06 3338
4.25 1.376422211212161e-07 2.794819197229203e-06 3722
4.5 1.438026598363291e-07 3.199144195861904e-06 4170
4.75 1.40454452210324e-07 3.506673982237092e-06 4358
5 1.629166403408977e-07 4.199908232924988e-06 5034
5.25 1.892917164444522e-07 4.853700911206583e-06 5714
5.5 1.923647317129902e-07 5.140251616501577e-06 5982
5.75 2.042117693269755e-07 5.896732745824801e-06 6602
6 2.154581546543487e-07 6.259093560430763e-06 6923
6.25 2.05644535653213e-07 6.38699715913546e-06 7032
6.5 1.84202738232012e-07 6.071033542358378e-06 6632
6.75 1.580990912140454e-07 5.744498486239491e-06 5988
7 1.502075147651524e-07 5.43854980954177e-06 5744
7.25 1.262657095731517e-07 4.780563852359344e-06 5048
7.5 1.132677575196733e-07 4.368343271850401e-06 4452
7.75 9.547382546338417e-08 3.985839454824854e-06 3920
8 7.384761793375732e-08 3.068199343691499e-06 3096
8.25 6.108371779785975e-08 2.458923790944462e-06 2552
8.5 3.77383660927412e-08 1.719400636265147e-06 1755
8.75 2.591149131018043e-08 1.251702179710806e-06 1220
9 1.593058762459428e-08 8.243161000337426e-07 782
9.25 8.954639172304682e-09 3.979654973455541e-07 432
9.5 6.826761151056631e-09 3.682333541532313e-07 350
9.75 3.531428268481853e-09 1.780208162160145e-07 168
10 1.564765301687638e-09 8.079751401117502e-08 56
10.25 9.51726910989038e-11 1.281997904227338e-09 6
10.5 4.409523017174145e-13 1.312505680951162e-10 1

0.25 9.688454623054188e-10 3.258261587887622e-09 18
0.5 5.172737981351514e-09 1.572283386628677e-08 62
0.75 9.994067310912339e-09 2.577416985181808e-08 98
1 2.494510566905146e-08 6.046782507295156e-08 210
1.25 3.329587119591659e-08 1.493817051003222e-07 350
1.5 4.178199165457208e-08 1.673536879398265e-07 450
1.75 4.224399732161128e-08 2.467632142641076e-07 602
2 5.591727627380625e-08 3.286730426763659e-07 762
2.25 6.79487504533128e-08 5.542917542444421e-07 1142
2.5 7.212783949649501e-08 6.275294248724848e-07 1250
2.75 7.754692317321386e-08 7.503858806132584e-07 1458
3 8.996766880147579e-08 9.828239022036314e-07 1814
3.25 9.68023237665329e-08 1.203455657026572e-06 2178
3.5 1.029634670485396e-07 1.453927632946866e-06 2498
3.75 1.078682838492665e-07 1.579861378080849e-06 2622
4 1.409362115855095e-07 2.141304319123622e-06 3338
4.25 1.410674641980003e-07 2.340982580431732e-06 3722
4.5 1.532393625267249e-07 2.683014158660989e-06 4170
4.75 1.472346797723801e-07 3.038955474990456e-06 4358
5 1.694774215560134e-07 3.721212147147386e-06 5034
5.25 1.932845225705072e-07 4.259315772481961e-06 5714
5.5 1.965130938791075e-07 4.494357910015991e-06 5982
5.75 2.164940651296262e-07 5.168991605528627e-06 6602
6 2.228258600862577e-07 5.429524783595155e-06 6923
6.25 2.063138608730887e-07 5.881989607526026e-06 7032
6.5 1.958524002796473e-07 5.487544805438083e-06 6632
6.75 1.671275344662399e-07 5.096436176517228e-06 5988
7 1.536087590782866e-07 4.925932906010647e-06 5744
7.25 1.351445123440963e-07 4.529186088054242e-06 5048
7.5 1.102933126990844e-07 3.936197078375383e-06 4452
7.75 1.006958871227388e-07 3.553720048961406e-06 3920
8 7.512021625876616e-08 2.800483424593452e-06 3096
8.25 6.079938745278741e-08 2.297616652668939e-06 2552
8.5 4.130094897839154e-08 1.781578432127143e-06 1755
8.75 2.847729952510825e-08 1.124064181375314e-06 1220
9 1.632622600218509e-08 7.798709318306735e-07 782
9.25 8.986090313969058e-09 3.954756473089124e-07 432
9.5 7.553258325185583e-09 3.726037564961757e-07 350
9.75 3.276636599982342e-09 1.821443380591306e-07 168
10 9.979101400336283e-10 7.220997588826586e-08 56
10.25 6.966238487288639e-11 1.586090515603023e-09 6
10.5 7.910134217370794e-13 3.799907553984418e-09 1

0.25 1.388019286547512e-09 4.876187974676879e-09 18
0.5 4.361883930878655e-09 2.784289816921211e-08 62
0.75 7.788467996166309e-09 3.69486300201596e-08 98
1 1.905558680039504e-08 9.894776635097204e-08 210
1.25 2.896295234209811e-08 1.671319616574822e-07 350
1.5 3.586925245050668e-08 2.315432203874713e-07 450
1.75 4.05602741822047e-08 3.053902647805363e-07 602
2 4.735135727639437e-08 4.130055280044561e-07 762
2.25 6.093780150161153e-08 6.399013094118891e-07 1142
2.5 6.013494996462812e-08 7.433762538666499e-07 1250
2.75 6.75959681808522e-08 8.928135553164989e-07 1458
3 7.818349605557273e-08 1.145913417721324e-06 1814
3.25 8.199364240468853e-08 1.455101616184335e-06 2178
3.5 9.054419247735024e-08 1.707985391233647e-06 2498
3.75 9.488873418835313e-08 1.780435701650065e-06 2622
4 1.148342786599639e-07 2.440110056658393e-06 3338
4.25 1.184879995789692e-07 2.643043490813851e-06 3722
4.5 1.291628053989926e-07 3.003834592053664e-06 4170
4.75 1.314458895476245e-07 3.421568060927581e-06 4358
5 1.536689941406104e-07 3.821646373503284e-06 5034
5.25 1.712157930380746e-07 4.708411112915636e-06 5714
5.5 1.791330768680628e-07 4.959898685653675e-06 5982
5.75 1.879403395692132e-07 5.684769889092375e-06 6602
6 1.935461587699761e-07 6.15375798515658e-06 6923
6.25 1.879702332909704e-07 6.174736691627181e-06 7032
6.5 1.639568538131514e-07 5.893367542895549e-06 6632
6.75 1.438238080765599e-07 5.514760292254084e-06 5988
7 1.374039332411992e-07 5.537091210766025e-06 5744
7.25 1.258789821466174e-07 4.809912811287924e-06 5048
7.5 1.022068635477375e-07 4.239116431445404e-06 4452
7.75 8.902212994403186e-08 3.88190027027984e-06 3920
8 6.637717113747546e-08 3.098247453776898e-06 3096
8.25 5.378369330227409e-08 2.509956159448702e-06 2552
8.5 3.847758517971247e-08 1.741858544870356e-06 1755
8.75 2.323991700667798e-08 1.24438244563611e-06 1220
9 1.597413541043537e-08 8.046760743697727e-07 782
9.25 8.409790800920444e-09 4.424594124942924e-07 432
9.5 7.086354423272283e-09 3.435157295484234e-07 350
9.75 3.181523736872495e-09 1.823468824888892e-07 168
10 1.284106017107723e-09 6.111295862250759e-08 56
10.25 1.658411623700544e-10 6.131679150193412e-09 6
10.5 4.224718877071467e-12 3.27923648066521e-09 1

0.25 1.854146574519214e-09 3.086091051916101e-09 18
0.5 6.695095585564692e-09 1.200583269366315e-08 62
0.75 1.020533729194201e-08 2.239256796812803e-08 98
1 2.481274755460309e-08 5.583831866274674e-08 210
1.25 3.52847197672687e-08 9.987368391643875e-08 350
1.5 3.913991287422915e-08 1.41390948177505e-07 450
1.75 4.688753653024008e-08 1.989299787276012e-07 602
2 5.149714735575454e-08 2.700425377736356e-07 762
2.25 6.798594414872082e-08 4.475630980318031e-07 1142
2.5 7.385943972576931e-08 5.02201408122913e-07 1250
2.75 7.619733406500994e-08 6.469373181145742e-07 1458
3 8.94564405801464e-08 8.080029370693248e-07 1814
3.25 9.741142932846374e-08 9.763920586124451e-07 2178
3.5 1.08613532821507e-07 1.268576830478721e-06 2498
3.75 1.081516128654977e-07 1.362354950883641e-06 2622
4 1.302334635272278e-07 1.816445992055186e-06 3338
4.25 1.372137508138363e-07 2.17350916646505e-06 3722
4.5 1.464911458325919e-07 2.433888979893789e-06 4170
4.75 1.498433178852362e-07 2.677840163817581e-06 4358
5 1.680121410351477e-07 3.23388938983287e-06 5034
5.25 1.882073246985053e-07 3.796903270199136e-06 5714
5.5 1.987086732428879e-07 4.182343518889699e-06 5982
5.75 2.050524930952618e-07 4.547281050759444e-06 6602
6 2.193467047410648e-07 5.113121550411145e-06 6923
6.25 2.090212804949512e-07 5.092433354807907e-06 7032
6.5 1.861940886193909e-07 4.914798055691361e-06 6632
6.75 1.567458698088279e-07 4.463287009885156e-06 5988
7 1.524561852800537e-07 4.431629167237335e-06 5744
7.25 1.3306893471968e-07 4.142618047273161e-06 5048
7.5 1.12958916542829e-07 3.59094242880706e-06 4452
7.75 9.926547823672931e-08 3.238351369225253e-06 3920
8 7.404572895703886e-08 2.688285848286608e-06 3096
8.25 5.873185965747554e-08 2.161123234376071e-06 2552
8.5 4.008737785225558e-08 1.582068811428401e-06 1755
8.75 2.714319512298255e-08 1.124810726761914e-06 1220
9 1.659939733408691e-08 6.987345172292225e-07 782
9.25 9.612648100524484e-09 3.381848105430615e-07 432
9.5 7.35460070115187e-09 3.398891333886231e-07 350
9.75 4.311405415238562e-09 1.387677624935642e-07 168
10 1.299776494995052e-09 4.668218532540857e-08 56
10.25 1.363263422880614e-10 5.436854649564528e-09 6
10.5 3.592797948991504e-11 8.703965698558751e-12 1

0.25 1.625316576181377e-09 3.171440148372816e-09 18
0.5 6.842766398899472e-09 2.064536551405921e-08 62
0.75 1.175102369873555e-08 3.147991608054695e-08 98
1 2.199168938904936e-08 8.82938475941534e-08 210
1.25 2.999666012325501e-08 1.475686410087267e-07 350
1.5 3.29074451391828e-08 2.178740646845656e-07 450
1.75 3.258906670395663e-08 2.859370082911403e-07 602
2 4.236803218336178e-08 4.001046457792167e-07 762
2.25 5.856078819222934e-08 6.001450580813856e-07 1142
2.5 5.285904905804281e-08 6.853078287042095e-07 1250
2.75 6.560287954062062e-08 7.843157413018914e-07 1458
3 6.941448375505625e-08 1.084887888575535e-06 1814
3.25 7.906791423795543e-08 1.251998285820578e-06 2178
3.5 8.793943535477628e-08 1.596185193046442e-06 2498
3.75 8.602665744074493e-08 1.678002814227001e-06 2622
4 1.099695204707629e-07 2.222084870081264e-06 3338
4.25 1.17623808730664e-07 2.518674188338446e-06 3722
4.5 1.231571080851405e-07 2.836205548115775e-06 4170
4.75 1.282929835104693e-07 3.171914975414464e-06 4358
5 1.368585734002648e-07 3.651960342458059e-06 5034
5.25 1.589069258349244e-07 4.27796095115682e-06 5714
5.5 1.644764121590272e-07 4.773688972000489e-06 5982
5.75 1.76895804212389e-07 5.333930364730011e-06 6602
6 1.843743179145443e-07 5.536123998162166e-06 6923
6.25 1.823523461152178e-07 5.767168666680635e-06 7032
6.5 1.624960928548036e-07 5.481520075861208e-06 6632
6.75 1.370451429910819e-07 5.053741128146613e-06 5988
7 1.290353280094201e-07 5.150516253320987e-06 5744
7.25 1.185903642694395e-07 4.502909635628205e-06 5048
7.5 9.714842623915015e-08 3.949108172328552e-06 4452
7.75 8.923836850078088e-08 3.721196596242533e-06 3920
8 6.301545623708497e-08 2.923827456477264e-06 3096
8.25 5.272328877809648e-08 2.413282415698089e-06 2552
8.5 3.644390450174406e-08 1.779304377617869e-06 1755
8.75 2.244302057855729e-08 1.169603740556499e-06 1220
9 1.441453486484864e-08 8.05270581161623e-07 782
9.25 8.398327979508824e-09 4.498592386249358e-07 432
9.5 6.393817880999183e-09 3.526144567131395e-07 350
9.75 3.118770939275423e-09 1.348377000606988e-07 168
10 1.247716613283056e-09 5.036818364596401e-08 56
10.25 1.160520223276551e-10 8.055561189210813e-10 6
10.5 4.0726251738086e-11 1.639290522134018e-09 1

0.25 2.027639730524048e-09 1.929616109070879e-09 18
0.5 8.376415901153055e-09 9.987513342605777e-09 62
0.75 1.113096972338201e-08 2.528577859479378e-08 98
1 2.472802866776383e-08 5.738786262109285e-08 210
1.25 3.146926975482999e-08 9.546737697332187e-08 350
1.5 3.600392394647753e-08 1.318067146251384e-07 450
1.75 4.395869259477282e-08 1.926188452821087e-07 602
2 5.080216451666577e-08 2.512797736461915e-07 762
2.25 7.076008790632593e-08 4.336057867735045e-07 1142
2.5 6.764963668810385e-08 5.011494833955114e-07 1250
2.75 7.879877501761509e-08 5.969478575743579e-07 1458
3 7.798906521632665e-08 7.932746859401303e-07 1814
3.25 8.78092703116188e-08 1.059560847248261e-06 2178
3.5 1.044705156968337e-07 1.200865068079576e-06 2498
3.75 9.764540146765823e-08 1.30827662723083e-06 2622
4 1.172104595411473e-07 1.765752069724197e-06 3338
4.25 1.243097421851342e-07 1.967816852049518e-06 3722
4.5 1.288872187714108e-07 2.436409433277426e-06 4170
4.75 1.370791303480345e-07 2.577269260666672e-06 4358
5 1.549701380257876e-07 3.012329067401204e-06 5034
5.25 1.707754058217236e-07 3.60593907656391e-06 5714
5.5 1.775243392461705e-07 3.903499216983417e-06 5982
5.75 1.910459852381718e-07 4.330419666475068e-06 6602
6 2.058273935811544e-07 4.585069535221393e-06 6923
6.25 1.937030100816072e-07 4.851871538301234e-06 7032
6.5 1.791053012938858e-07 4.665027815377646e-06 6632
6.75 1.4677021770641e-07 4.388225948406289e-06 5988
7 1.401550986903538e-07 4.380844410071703e-06 5744
7.25 1.22002018982324e-07 3.835313874695979e-06 5048
7.5 1.008124438719064e-07 3.661133430608204e-06 4452
7.75 9.282800767020513e-08 3.130776208959841e-06 3920
8 7.286526336300364e-08 2.457468212265992e-06 3096
8.25 5.814440588629652e-08 2.081382356933571e-06 2552
8.5 3.729320031547593e-08 1.51071370947012e-06 1755
8.75 2.491217038830351e-08 1.000251439960467e-06 1220
9 1.558267182208451e-08 6.664160436700349e-07 782
9.25 1.015242547696859e-08 4.542531704864652e-07 432
9.5 7.537388028421434e-09 3.363607622227049e-07 350
9.75 3.647154921914585e-09 1.531972107518358e-07 168
10 8.580965075286861e-10 4.007677501502603e-08 56
10.25 5.986804864641574e-11 4.42672889519188e-09 6
10.5 1.361097642835106e-11 9.258305599552315e-10 1

0.25 1.243494710031488e-09 1.738357914949291e-09 18
0.5 5.223781685987907e-09 2.021809090036351e-08 62
0.75 1.092761459280717e-08 2.649815774019886e-08 98
1 2.025036547942638e-08 6.970647167585838e-08 210
1.25 2.37272601292852e-08 1.37220848932964e-07 350
1.5 2.934090556355889e-08 1.748568842990479e-07 450
1.75 3.611396322786553e-08 2.437932695565555e-07 602
2 4.532685611826842e-08 3.050247008819272e-07 762
2.25 5.779389015112968e-08 5.135581093827033e-07 1142
2.5 5.455147476574918e-08 5.907948262405718e-07 1250
2.75 5.941832320987902e-08 7.161184039138404e-07 1458
3 7.164142222968547e-08 8.658488375890068e-07 1814
3.25 7.808031542151594e-08 1.159020897878874e-06 2178
3.5 8.445167068766554e-08 1.345510695510437e-06 2498
3.75 8.720341261356813e-08 1.510524739668111e-06 2622
4 1.021713940187321e-07 1.924376282751611e-06 3338
4.25 1.13745384392117e-07 2.28789561802923e-06 3722
4.5 1.238039113614297e-07 2.596657326487371e-06 4170
4.75 1.238147225659067e-07 2.729508135598595e-06 4358
5 1.426518304604168e-07 3.283502259952692e-06 5034
5.25 1.515951848575532e-07 3.851715086336226e-06 5714
5.5 1.594090480089206e-07 4.105053905322761e-06 5982
5.75 1.706994474915969e-07 4.78059540472791e-06 6602
6 1.766819890371702e-07 5.038272315286568e-06 6923
6.25 1.717111442996475e-07 5.292501984853949e-06 7032
6.5 1.552549846204465e-07 5.100370272650127e-06 6632
6.75 1.339349082972868e-07 4.678361655747656e-06 5988
7 1.292530007114147e-07 4.634125681298638e-06 5744
7.25 1.147488723008947e-07 4.137057049039137e-06 5048
7.5 9.855426872766328e-08 3.650517452260234e-06 4452
7.75 8.385712216703912e-08 3.37147533871486e-06 3920
8 6.434901989298481e-08 2.619224272522786e-06 3096
8.25 5.325430569107376e-08 2.255795372130236e-06 2552
8.5 3.524700666879357e-08 1.539580073239275e-06 1755
8.75 2.229660621100519e-08 1.15770318309496e-06 1220
9 1.387162796206387e-08 7.411215092010295e-07 782
9.25 8.406486941999246e-09 4.492073398674962e-07 432
9.5 6.421691928277775e-09 3.244694399188383e-07 350
9.75 2.985358909481304e-09 1.82156071984638e-07 168
10 1.12944271818068e-09 5.757581859274765e-08 56
10.25 5.659751816033028e-11 4.490659378499108e-09 6
10.5 3.090986199698933e-13 1.119923966889184e-11 1

0.25 8.794724518231544e-10 3.215218385677709e-09 18
0.5 5.968392409194355e-09 1.529193015022355e-08 62
0.75 1.222025192780727e-08 3.316158298164859e-08 98
1 2.249153487963314e-08 7.673798478173255e-08 210
1.25 2.556112004786587e-08 1.339975491089842e-07 350
1.5 3.384543520199227e-08 1.749809043426965e-07 450
1.75 3.506105406815523e-08 2.486725946705392e-07 602
2 4.176813303608256e-08 3.415022839185825e-07 762
2.25 5.449604037046306e-08 4.941022367387708e-07 1142
2.5 5.428561756016887e-08 5.592653412306458e-07 1250
2.75 6.205586682735729e-08 6.145072064903459e-07 1458
3 7.324530180032436e-08 8.319733573728366e-07 1814
3.25 7.781636062200902e-08 1.03963260433157e-06 2178
3.5 8.647548622294926e-08 1.233767551909643e-06 2498
3.75 8.695889556710608e-08 1.446348873678722e-06 2622
4 1.030506836209275e-07 1.700127959276692e-06 3338
4.25 1.123910924792093e-07 2.061095115246884e-06 3722
4.5 1.274053842346102e-07 2.350200953352287e-06 4170
4.75 1.247367352301528e-07 2.527946642552738e-06 4358
5 1.375483168489064e-07 3.118347845350847e-06 5034
5.25 1.541638483056323e-07 3.543973427079219e-06 5714
5.5 1.599972942199587e-07 3.864045641715161e-06 5982
5.75 1.697707302652397e-07 4.387895087070003e-06 6602
6 1.777277815356863e-07 4.748344340132459e-06 6923
6.25 1.764500348553235e-07 4.890243638804604e-06 7032
6.5 1.558354351284342e-07 4.696822324124881e-06 6632
6.75 1.3517171545193e-07 4.258521210648895e-06 5988
7 1.285130906713314e-07 4.265410993377891e-06 5744
7.25 1.123844493429288e-07 3.843136971595657e-06 5048
7.5 9.528520635882864e-08 3.484750937722442e-06 4452
7.75 8.071075629934098e-08 3.086817120504985e-06 3920
8 6.107127972232233e-08 2.510138745154176e-06 3096
8.25 5.234686422026927e-08 2.120833479109098e-06 2552
8.5 3.345982914109805e-08 1.504038655213884e-06 1755
8.75 2.335044378445762e-08 1.027923515722981e-06 1220
9 1.533111283565338e-08 6.258419392522235e-07 782
9.25 8.427942722356685e-09 4.104331733200424e-07 432
9.5 6.753803806274446e-09 3.009015617665141e-07 350
9.75 3.014199644386267e-09 1.445752250418165e-07 168
10 1.132835932807884e-09 6.199375749787575e-08 56
10.25 1.050646510127635e-10 2.74984616707762e-09 6
10.5 7.286860749436719e-13 7.634454834288321e-11 1

0.25 9.74229082563664e-10 2.190690935443888e-09 18
0.5 6.931424743886457e-09 1.404878458609979e-08 62
0.75 1.073171327821726e-08 2.594282684836452e-08 98
1 1.783472584906752e-08 5.911129394383374e-08 210
1.25 3.019901837607166e-08 8.840691902389827e-08 350
1.5 3.080741955795554e-08 1.276198226227882e-07 450
1.75 3.762103387779511e-08 1.939407514464036e-07 602
2 4.325798354650049e-08 2.627405450956645e-07 762
2.25 5.519109004627396e-08 3.990079560799636e-07 1142
2.5 5.694952936666053e-08 4.839224344493282e-07 1250
2.75 5.692180195778254e-08 5.678108193977156e-07 1458
3 7.163234797297239e-08 7.370583414875409e-07 1814
3.25 8.045680185374679e-08 9.649139497119197e-07 2178
3.5 8.607403830250279e-08 1.14248943477209e-06 2498
3.75 8.622279700150047e-08 1.2670286376498e-06 2622
4 1.028653332189476e-07 1.755836435164102e-06 3338
4.25 1.127084010133523e-07 1.906069465808352e-06 3722
4.5 1.199964051162692e-07 2.187223173216352e-06 4170
4.75 1.206322216293579e-07 2.384705134122815e-06 4358
5 1.358337800424498e-07 2.86249244314966e-06 5034
5.25 1.587554864785144e-07 3.318770639784586e-06 5714
5.5 1.647991515483213e-07 3.453023039601571e-06 5982
5.75 1.713207240244868e-07 4.265251424946812e-06 6602
6 1.793863081114047e-07 4.472204474869039e-06 6923
6.25 1.757706343556341e-07 4.682817157821692e-06 7032
6.5 1.570671376131799e-07 4.348214601621386e-06 6632
6.75 1.343923939141075e-07 4.073250327608387e-06 5988
7 1.25533122262793e-07 4.0215621172277e-06 5744
7.25 1.100387095603372e-07 3.694462228503345e-06 5048
7.5 9.376676256520879e-08 3.371922167554605e-06 4452
7.75 8.213602380807015e-08 2.98605594669739e-06 3920
8 6.332667798196368e-08 2.363790790649453e-06 3096
8.25 4.920162784605723e-08 2.033769795893815e-06 2552
8.5 3.45519114004272e-08 1.532538916825751e-06 1755
8.75 2.418494943966335e-08 9.948295335156949e-07 1220
9 1.429067927029692e-08 6.145185845991797e-07 782
9.25 8.356006353318573e-09 3.613953937464706e-07 432
9.5 7.11002620588359e-09 2.778470235985962e-07 350
9.75 3.064556019747166e-09 1.619303937564963e-07 168
10 8.791637434730497e-10 6.325215923905212e-08 56
10.25 1.411132738540983e-10 9.775372813385016e-09 6
10.5 1.687586372026808e-11 5.406769703587801e-10 1

0.25 8.524995883173463e-10 1.756795192277416e-09 18
0.5 6.070590563785712e-09 1.890533778502257e-08 62
0.75 9.67372635326369e-09 3.345398707956483e-08 98
1 2.057014543100527e-08 7.122624649769987e-08 210
1.25 2.636723673097177e-08 1.178908766851691e-07 350
1.5 2.899807065962452e-08 1.743913056624325e-07 450
1.75 3.430533339711827e-08 2.392436513556994e-07 602
2 3.868038649030354e-08 3.168920198739746e-07 762
2.25 4.911034404858041e-08 4.845830401623031e-07 1142
2.5 5.378131856240502e-08 5.497582974217277e-07 1250
2.75 5.531631989964952e-08 6.512468428704797e-07 1458
3 6.244143865254175e-08 7.885424267073746e-07 1814
3.25 7.156817366596025e-08 1.056295604849512e-06 2178
3.5 7.782324414617645e-08 1.249594245496652e-06 2498
3.75 8.311431534095201e-08 1.345160038382409e-06 2622
4 9.544469891749213e-08 1.845070734309207e-06 3338
4.25 1.022969573927019e-07 1.994074659402323e-06 3722
4.5 1.094295487109453e-07 2.361695527838938e-06 4170
4.75 1.138589560135732e-07 2.627703688230353e-06 4358
5 1.242920229174744e-07 2.953334228035884e-06 5034
5.25 1.385203478666923e-07 3.579267482724969e-06 5714
5.5 1.408619511754133e-07 3.845663966727546e-06 5982
5.75 1.558826598533036e-07 4.295228869075103e-06 6602
6 1.617197628403361e-07 4.606405349742943e-06 6923
6.25 1.588570224084502e-07 4.922421393119774e-06 7032
6.5 1.414151229339948e-07 4.600235415070975e-06 6632
6.75 1.245300547974526e-07 4.378179529250823e-06 5988
7 1.167121327503765e-07 4.239238584813081e-06 5744
7.25 1.045423020584397e-07 3.742441178478085e-06 5048
7.5 8.765294398700872e-08 3.463014936145228e-06 4452
7.75 7.674779823727426e-08 3.000725128302287e-06 3920
8 6.029467076367e-08 2.481761546938963e-06 3096
8.25 4.890042478804603e-08 2.042162925289139e-06 2552
8.5 3.287216919747254e-08 1.446464358898369e-06 1755
8.75 2.204712037522732e-08 1.102867539095433e-06 1220
9 1.351758519943423e-08 6.806725255411565e-07 782
9.25 8.543961462607449e-09 3.521368709289677e-07 432
9.5 5.381136871005413e-09 2.870379981875803e-07 350
9.75 2.905543375363302e-09 1.540426317309339e-07 168
10 1.078802102223282e-09 5.423569216570932e-08 56
10.25 8.684972995196769e-11 5.453241207124337e-09 6
10.5 4.108978994373195e-12 1.277160465943654e-09 1

