1:binCentralValue 2:valuesAverage 3:valuesAverage 4:multiplicity
0.25 1.993172903315423e-17 5.374265227079263e-17 18
0.5 1.70275711837978e-16 5.057491423025314e-16 62
0.75 4.564884893974936e-16 1.523156272483835e-15 98
1 1.278943607070238e-15 6.296189814908314e-15 210
1.25 2.321800899803227e-15 1.150266285872903e-14 350
1.5 3.317361876749259e-15 2.057715335265956e-14 450
1.75 5.231450264703858e-15 3.29532142286659e-14 602
2 6.913168229686045e-15 5.219328877988836e-14 762
2.25 1.074284538045715e-14 9.466596339614954e-14 1142
2.5 1.143350313862445e-14 1.118300648685981e-13 1250
2.75 1.317416973648626e-14 1.545494770302017e-13 1458
3 1.76041522494562e-14 2.150033107631201e-13 1814
3.25 2.207374492623178e-14 2.971097566841637e-13 2178
3.5 2.502552172869394e-14 4.049974201717527e-13 2498
3.75 2.667237670763391e-14 4.632422827679151e-13 2622
4 1.623790655397845e-14 3.132155853624964e-13 3338
4.25 1.943828167682366e-32 5.717124993609999e-33 3722
4.5 3.574370737278341e-32 9.424460593007595e-33 4170
4.75 3.866959631301614e-32 1.006894269639989e-32 4358
5 2.635223188675956e-32 1.027795486398778e-32 5034
5.25 3.739736861623783e-32 1.01233559113995e-32 5714
5.5 3.579061644139408e-32 1.341985059691795e-32 5982
5.75 4.972076665451483e-32 1.226593608134063e-32 6602
6 5.841576211407284e-32 4.100026216872553e-32 6923
6.25 5.680273937979998e-32 1.79054336801524e-32 7032
6.5 3.774710906058725e-32 1.360898294689753e-32 6632
6.75 4.676101872189519e-32 1.200466245784192e-32 5988
7 3.074989984298404e-32 1.499755335608993e-32 5744
7.25 2.945587123644565e-32 1.269973570435909e-32 5048
7.5 4.086921712382482e-32 7.699917457692909e-33 4452
7.75 2.760131360334947e-32 9.600734804259252e-33 3920
8 2.308755459218805e-32 5.51875726981517e-33 3096
8.25 1.699656273910466e-32 1.296980180582419e-32 2552
8.5 1.129465516667009e-32 4.043744038526709e-33 1755
8.75 8.238301623382179e-33 2.464493191476055e-33 1220
9 4.265912499102111e-33 1.699692636579793e-33 782
9.25 3.651717650528082e-33 1.154765098142524e-33 432
9.5 3.09217852471245e-33 8.81137019035927e-34 350
9.75 1.097061643292991e-33 4.017568511051114e-34 168
10 1.34865934995246e-33 1.978337547473766e-34 56
10.25 3.616825013414668e-35 3.840213615250466e-36 6
10.5 6.934932927320294e-37 3.13155564999307e-36 1

0.25 4.035045618817173e-18 3.154584126585646e-19 18
0.5 2.632972079939479e-17 2.747627217354005e-18 62
0.75 3.248466302473996e-17 2.364606239084099e-17 98
1 5.522294467628775e-17 1.520282859931945e-16 210
1.25 6.476203376014535e-17 3.371300180762952e-16 350
1.5 1.205445548144351e-16 4.776810650519304e-16 450
1.75 1.980490349187063e-16 7.008946578058478e-16 602
2 2.637252044422172e-16 1.120342459833712e-15 762
2.25 3.990897927467778e-16 2.137208048307431e-15 1142
2.5 4.432087692695955e-16 2.461382710722803e-15 1250
2.75 4.90288197556515e-16 3.518195007793642e-15 1458
3 5.870724875801248e-16 5.492767001056043e-15 1814
3.25 7.951319340725926e-16 7.215518825904261e-15 2178
3.5 9.61021281495013e-16 9.238659234295668e-15 2498
3.75 9.166694644681554e-16 1.20372584427878e-14 2622
4 5.712708461642119e-16 7.935929327382922e-15 3338
4.25 1.156625551441573e-28 2.887644619538198e-27 3722
4.5 1.118194638783943e-28 2.013487489535541e-27 4170
4.75 9.176874798102521e-29 1.26441977362418e-27 4358
5 6.533131427245699e-29 1.219958752250726e-27 5034
5.25 4.865987493782554e-29 1.197943524708129e-27 5714
5.5 4.364166811882339e-29 9.532304957469973e-28 5982
5.75 4.32500485049902e-29 7.510479371219236e-28 6602
6 4.381954200227704e-29 5.816419166135025e-28 6923
6.25 3.411335746966216e-29 4.052937661915526e-28 7032
6.5 2.386953827530857e-29 2.73075128881949e-28 6632
6.75 1.484075346415474e-29 1.344510921533546e-28 5988
7 7.079458940544013e-30 7.929832933057567e-29 5744
7.25 2.33132197571056e-30 4.35261095355678e-29 5048
7.5 6.701403716056314e-31 1.846817793145536e-29 4452
7.75 1.612408990219605e-31 4.630942229044771e-30 3920
8 1.217437995962563e-32 4.158504696599835e-31 3096
8.25 8.844711035311475e-33 2.981907347974056e-31 2552
8.5 5.971647622358774e-33 2.26333499876519e-31 1755
8.75 4.370497387984978e-33 1.682589696473097e-31 1220
9 2.787118356039893e-33 1.227554541818047e-31 782
9.25 1.547958688363253e-33 7.912539937041799e-32 432
9.5 1.18950845138664e-33 6.048185363882034e-32 350
9.75 7.5930919131562e-34 3.029009368612306e-32 168
10 2.891560500542088e-34 1.486858666821299e-32 56
10.25 3.288494886284981e-35 1.08040447115632e-33 6
10.5 1.679977343050186e-35 9.307638693568585e-34 1

0.25 5.53727896692914e-19 3.135757223215717e-18 18
0.5 2.724784131700131e-18 3.931846637711279e-18 62
0.75 5.30995948497095e-18 2.846675449153235e-17 98
1 1.728017761239805e-17 4.995933154249897e-17 210
1.25 2.96115068910175e-17 2.226025328835846e-16 350
1.5 1.876288083076245e-17 3.321743535569803e-16 450
1.75 4.591944042572234e-17 3.185761735016737e-16 602
2 6.478243788688812e-17 4.849986041628508e-16 762
2.25 1.039292729301399e-16 8.751385429254257e-16 1142
2.5 1.111759619112909e-16 1.050820329064317e-15 1250
2.75 1.364732575465772e-16 1.328450895994099e-15 1458
3 1.673462871977912e-16 2.051770483542782e-15 1814
3.25 2.227392007683729e-16 2.747335509338333e-15 2178
3.5 2.501728004234572e-16 3.740275583400716e-15 2498
3.75 2.744820764573449e-16 4.256437425597411e-15 2622
4 1.780841495177348e-16 2.706864767652156e-15 3338
4.25 1.873645570944538e-28 5.056661920984013e-27 3722
4.5 1.021348450218546e-28 2.992308175185841e-27 4170
4.75 6.367447018894001e-29 1.638490201778286e-27 4358
5 4.736987723217659e-29 1.313372053798234e-27 5034
5.25 4.447385720603388e-29 1.016700238878539e-27 5714
5.5 3.958731344864839e-29 8.269397140717663e-28 5982
5.75 3.270468009515977e-29 7.542805979182626e-28 6602
6 2.695502056950126e-29 7.272441239986132e-28 6923
6.25 1.851056026644019e-29 5.017437109245367e-28 7032
6.5 9.322795379922068e-30 2.25745799839497e-28 6632
6.75 2.544689479742537e-30 9.315723144066172e-29 5988
7 7.674563269292113e-31 4.17560705344582e-29 5744
7.25 4.348343551117624e-31 1.995721983459662e-29 5048
7.5 2.39901826909721e-31 8.457832414950556e-30 4452
7.75 8.424673740530049e-32 2.062145478809278e-30 3920
8 8.087948614228393e-33 2.607333549519906e-31 3096
8.25 5.560673034379769e-33 2.049677512486059e-31 2552
8.5 4.018230420058428e-33 1.454131243691586e-31 1755
8.75 2.896171763912217e-33 1.015296356687813e-31 1220
9 1.873775029687499e-33 7.616635737593436e-32 782
9.25 1.037311407579882e-33 4.535068038213733e-32 432
9.5 9.352056966864738e-34 3.694412747539109e-32 350
9.75 4.629050519868865e-34 2.291096004371444e-32 168
10 1.60042794600821e-34 1.225953428469359e-32 56
10.25 1.721380743558345e-35 1.147024749963157e-33 6
10.5 1.693098859209056e-38 8.378853775160105e-36 1

0.25 4.009038602387615e-19 1.114975551283707e-19 18
0.5 3.327023340731209e-18 9.057379055769256e-19 62
0.75 4.182735466756485e-18 3.339536178653958e-18 98
1 1.061036747280806e-17 1.785980994068658e-17 210
1.25 1.445363832196146e-17 7.747360903540126e-17 350
1.5 2.895515477752146e-17 9.521146647111852e-17 450
1.75 3.676980565890283e-17 9.442795668535117e-17 602
2 4.386059609554016e-17 1.669940073390919e-16 762
2.25 6.732412350438713e-17 3.158274640422298e-16 1142
2.5 6.895076886082356e-17 3.929025323548467e-16 1250
2.75 7.719122056205174e-17 5.521820275848644e-16 1458
3 9.614174026868945e-17 8.337791548835306e-16 1814
3.25 1.215420267426989e-16 1.178427459692149e-15 2178
3.5 1.474483806996439e-16 1.49884801072814e-15 2498
3.75 1.464787314848425e-16 1.864846168505822e-15 2622
4 9.551755576204974e-17 1.184569065789328e-15 3338
4.25 7.228434418572117e-28 8.610310651838361e-27 3722
4.5 3.879134437852781e-28 3.580708994645651e-27 4170
4.75 1.759508845380712e-28 1.445650341737188e-27 4358
5 8.574950086365317e-29 8.915937524810656e-28 5034
5.25 4.10473197224055e-29 6.796826173830074e-28 5714
5.5 2.732033890331922e-29 5.400884726301172e-28 5982
5.75 2.431937064607304e-29 4.529967825962735e-28 6602
6 2.244604852702915e-29 4.085849732135454e-28 6923
6.25 1.756283167208241e-29 2.933456123655141e-28 7032
6.5 9.785501650622962e-30 1.54999063252736e-28 6632
6.75 4.563330685489333e-30 4.871265345504852e-29 5988
7 1.525430077800291e-30 1.837456421270588e-29 5744
7.25 3.99832186813937e-31 7.971206878987827e-30 5048
7.5 1.190272291029918e-31 2.728649978485746e-30 4452
7.75 3.140681901961899e-32 7.074760199657263e-31 3920
8 5.480909673763925e-33 1.80399171362669e-31 3096
8.25 4.283843111427479e-33 1.520470514128947e-31 2552
8.5 3.057354235087769e-33 1.124021319564323e-31 1755
8.75 2.127154177788426e-33 7.961254388456634e-32 1220
9 1.337557880086822e-33 6.184071028068999e-32 782
9.25 8.072821343441107e-34 3.328910051996615e-32 432
9.5 6.545440198956157e-34 2.706724395687387e-32 350
9.75 3.538923593678762e-34 1.474466201047557e-32 168
10 1.61458781276685e-34 5.658845593909336e-33 56
10.25 9.354765252379293e-36 1.441527297286569e-33 6
10.5 2.64546696751415e-38 1.53781112725538e-35 1

0.25 5.4128949352514e-20 5.682425694499312e-19 18
0.5 5.162597163771783e-19 4.111819785240404e-18 62
0.75 1.007210546230664e-18 5.391999301740688e-18 98
1 3.261455794859206e-18 2.950361910542023e-17 210
1.25 6.393263929756034e-18 9.148831503891205e-17 350
1.5 9.316524925499104e-18 1.346797219612168e-16 450
1.75 1.378632522837228e-17 8.643957321707372e-17 602
2 1.935787272283762e-17 1.326654404366314e-16 762
2.25 2.970266341626992e-17 2.515240189606693e-16 1142
2.5 3.0358197235368e-17 3.13789387819506e-16 1250
2.75 3.712448661954e-17 4.034945562381158e-16 1458
3 4.784368477427805e-17 5.894211389396312e-16 1814
3.25 6.443316621443348e-17 7.762525707237663e-16 2178
3.5 7.120927365683165e-17 1.084186104209053e-15 2498
3.75 7.706981195111335e-17 1.245819900631019e-15 2622
4 4.799249439188538e-17 8.259288148382669e-16 3338
4.25 1.789688803980671e-27 3.717752481547826e-26 3722
4.5 9.502285030216273e-28 1.256503736264214e-26 4170
4.75 3.834653926604414e-28 5.40906613888424e-27 4358
5 1.721473856986247e-28 2.973383052390983e-27 5034
5.25 6.48919614666119e-29 1.370318836027661e-27 5714
5.5 2.761916970777486e-29 6.281177008172982e-28 5982
5.75 1.710663755494519e-29 4.645058932270992e-28 6602
6 1.493720062041647e-29 3.770580881699679e-28 6923
6.25 1.151212601783816e-29 2.857821236478296e-28 7032
6.5 5.557790813266605e-30 1.723023879663231e-28 6632
6.75 1.959258604985353e-30 6.939526523378012e-29 5988
7 8.326391346742398e-31 2.136744443165714e-29 5744
7.25 3.509049867583349e-31 8.077605143761581e-30 5048
7.5 1.566308871320958e-31 3.429457903283491e-30 4452
7.75 6.360770156317804e-32 1.407218343158493e-30 3920
8 5.202831784379823e-33 1.566863994784944e-31 3096
8.25 3.257226466730672e-33 1.250264852879489e-31 2552
8.5 2.323371727212596e-33 9.1370105631258e-32 1755
8.75 1.530135609944841e-33 7.028135471084642e-32 1220
9 1.083588148093861e-33 4.762865910267507e-32 782
9.25 6.341254823014607e-34 2.417684612637942e-32 432
9.5 5.189887191361895e-34 2.170492524007486e-32 350
9.75 2.620949301422225e-34 9.860318652742078e-33 168
10 1.246112295391446e-34 3.959493766316603e-33 56
10.25 3.18814847380688e-35 5.105855392956247e-34 6
10.5 4.334333079575184e-38 3.537185550479647e-37 1

0.25 2.536646364729859e-19 2.695326195154205e-20 18
0.5 6.504721849042588e-19 6.06330570360617e-19 62
0.75 1.628870327025133e-18 1.542651029767529e-18 98
1 5.623589666524699e-18 4.615215742338025e-18 210
1.25 6.068518795748926e-18 3.04808069293615e-17 350
1.5 2.250729272684096e-17 4.818856794555463e-17 450
1.75 1.432233162429465e-17 3.627212270909867e-17 602
2 1.821975082855829e-17 6.12096604678038e-17 762
2.25 2.730358383329997e-17 1.184448878282819e-16 1142
2.5 2.735428199752816e-17 1.504771885080201e-16 1250
2.75 3.178121687277515e-17 2.031797130411924e-16 1458
3 3.9006069139099e-17 3.125793006197595e-16 1814
3.25 4.989495887617992e-17 4.3565513720963e-16 2178
3.5 5.840187660642011e-17 5.714647916717224e-16 2498
3.75 5.903691498249151e-17 7.021935140078842e-16 2622
4 3.718675971683733e-17 4.608136809049642e-16 3338
4.25 1.216139730676708e-26 9.524214877790919e-26 3722
4.5 5.225750889164531e-27 5.990992194050267e-26 4170
4.75 1.660503139265317e-27 3.417761829357266e-26 4358
5 5.709560685348316e-28 1.859245962445469e-26 5034
5.25 1.256034266620279e-28 6.372210209217794e-27 5714
5.5 3.344345434711225e-29 1.331460531959539e-27 5982
5.75 1.836648712271711e-29 3.569582660169006e-28 6602
6 1.434434758856986e-29 2.595498228584963e-28 6923
6.25 1.057934483268242e-29 2.06604685012729e-28 7032
6.5 5.914990481816252e-30 1.080744670472562e-28 6632
6.75 2.102604830690514e-30 4.010435657726952e-29 5988
7 3.824358422125799e-31 1.193007632598826e-29 5744
7.25 6.896106761953129e-32 2.927933096234797e-30 5048
7.5 2.546861610039179e-32 1.041894983576238e-30 4452
7.75 9.485024871678966e-33 3.231715612467936e-31 3920
8 3.335194492147501e-33 1.1116139401747e-31 3096
8.25 2.73468690953382e-33 9.563132497073134e-32 2552
8.5 1.938388171244575e-33 6.907501375245084e-32 1755
8.75 1.373388455963902e-33 4.818330480603276e-32 1220
9 8.705425675547811e-34 3.78970101249137e-32 782
9.25 4.576846153097047e-34 2.126685393820787e-32 432
9.5 3.926535104819726e-34 1.867225749507865e-32 350
9.75 2.023949675728077e-34 9.006988403380385e-33 168
10 6.861366214782946e-35 3.492861718916002e-33 56
10.25 1.90522548309013e-35 4.283781774479364e-34 6
10.5 3.428525189898339e-39 3.911401471793658e-38 1

0.25 7.513491645791382e-21 6.067246141769348e-19 18
0.5 4.427823198352845e-20 3.358487864276093e-18 62
0.75 2.507230414923492e-19 4.693787345052095e-18 98
1 7.563562129099389e-19 1.768213745765185e-17 210
1.25 1.857588397122203e-18 4.445926531099694e-17 350
1.5 1.288774925814246e-17 7.539664909798071e-17 450
1.75 7.12670085130253e-18 3.664805396304851e-17 602
2 8.120173684987519e-18 6.877234877924696e-17 762
2.25 1.395674073953501e-17 1.162473970899416e-16 1142
2.5 1.472893381278457e-17 1.40971646333875e-16 1250
2.75 1.702432221639326e-17 1.909678228640004e-16 1458
3 2.218919460557907e-17 2.763931492643294e-16 1814
3.25 2.897054942532025e-17 3.765248003559996e-16 2178
3.5 3.445985957789752e-17 4.881100475770892e-16 2498
3.75 3.641683502384058e-17 5.726718081163888e-16 2622
4 2.342733676100033e-17 3.675416061926183e-16 3338
4.25 2.537026961467727e-26 4.22156363150236e-25 3722
4.5 7.8347094105617e-27 2.975244674298155e-25 4170
4.75 3.023483611614384e-27 1.777015046318495e-25 4358
5 1.358629805722586e-27 1.02832385642129e-25 5034
5.25 5.483473630774153e-28 3.560931858671959e-26 5714
5.5 1.541728578756183e-28 6.375685220388512e-27 5982
5.75 2.833564704007676e-29 6.689726915214129e-28 6602
6 1.119417343322126e-29 2.525818916322435e-28 6923
6.25 8.287275954325209e-30 1.946808799955134e-28 7032
6.5 4.869550213267147e-30 1.112204143013017e-28 6632
6.75 2.122950216881185e-30 3.65664139083249e-29 5988
7 7.270199268755432e-31 6.750384299474481e-30 5744
7.25 2.469957324930378e-31 1.224871133792031e-30 5048
7.5 9.71753022828426e-32 5.387035127913161e-31 4452
7.75 3.256473820863e-32 2.27953393711396e-31 3920
8 3.776835545641408e-33 9.848950480213025e-32 3096
8.25 2.198257512457088e-33 8.116641658671636e-32 2552
8.5 1.644224860968546e-33 6.177359773863268e-32 1755
8.75 1.085995414482385e-33 4.405820057957038e-32 1220
9 7.491825901963613e-34 3.297604350840636e-32 782
9.25 4.227155146812735e-34 1.632179432631426e-32 432
9.5 3.615589469144512e-34 1.387755971893274e-32 350
9.75 1.68472983648785e-34 8.361820175011676e-33 168
10 4.850010401934562e-35 3.17923171342309e-33 56
10.25 4.847166449879913e-36 7.135249103864889e-34 6
10.5 1.18897867387956e-37 7.28971042247142e-36 1

0.25 1.574002536145605e-19 1.224238339948995e-20 18
0.5 2.243788130325449e-19 3.538007358857582e-19 62
0.75 9.285246150773176e-19 6.882017852604016e-19 98
1 2.701667811166384e-18 2.944201419039542e-18 210
1.25 2.412998144790346e-18 1.591644408450106e-17 350
1.5 2.831748077070785e-17 3.065962109220367e-17 450
1.75 7.85236830493795e-18 1.892403988824771e-17 602
2 1.00309985199211e-17 3.129335867233437e-17 762
2.25 1.472841260029743e-17 6.102580243439004e-17 1142
2.5 1.395774575581909e-17 8.250996597497535e-17 1250
2.75 1.619717412585093e-17 1.115867224345088e-16 1458
3 2.002739532159165e-17 1.693057605630674e-16 1814
3.25 2.480215663531839e-17 2.437990861320342e-16 2178
3.5 2.901604380829112e-17 3.206232105476845e-16 2498
3.75 3.238445636808068e-17 3.569603533641009e-16 2622
4 2.005059547795516e-17 2.381313700695496e-16 3338
4.25 1.795002067572024e-25 3.468802089525975e-24 3722
4.5 5.836103257864522e-26 2.268286239163762e-24 4170
4.75 2.746812719687083e-26 1.065379266291075e-24 4358
5 1.237447207854457e-26 4.614844764442064e-25 5034
5.25 4.061700647604089e-27 1.186868242202171e-25 5714
5.5 7.412004291054801e-28 1.484802549876968e-26 5982
5.75 5.638829766326258e-29 8.283621266439539e-28 6602
6 9.972117612071603e-30 2.01943885018541e-28 6923
6.25 7.158739543479324e-30 1.558116117629048e-28 7032
6.5 3.764035561936804e-30 9.182033741343333e-29 6632
6.75 1.212216017111488e-30 3.750809012018242e-29 5988
7 2.336546600940116e-31 8.327750141432236e-30 5744
7.25 3.760689909120956e-32 1.467023792895174e-30 5048
7.5 1.385972106659448e-32 5.074985773551158e-31 4452
7.75 5.411556366399548e-33 1.920745466552965e-31 3920
8 2.421033778871563e-33 8.166440285825878e-32 3096
8.25 2.070450272466176e-33 6.856968470311961e-32 2552
8.5 1.538874662043975e-33 5.635836333787723e-32 1755
8.75 9.512438649950983e-34 3.930254158258899e-32 1220
9 6.598058222135422e-34 3.089266029358185e-32 782
9.25 3.338358247075142e-34 1.614513875335082e-32 432
9.5 2.98038455041101e-34 1.381021881778089e-32 350
9.75 1.433067781381198e-34 6.779595615058192e-33 168
10 6.363613021278923e-35 2.270894421943108e-33 56
10.25 5.857295984577016e-36 4.314468535375102e-34 6
10.5 1.581466766847378e-37 2.935727881606283e-37 1

0.25 1.288833250281001e-19 2.047096080900951e-19 18
0.5 7.643021623845607e-19 1.932577220004383e-18 62
0.75 1.243088819057458e-18 2.978835986649234e-18 98
1 2.374575775865975e-18 9.27199827969061e-18 210
1.25 2.958655365504364e-18 2.378795510303517e-17 350
1.5 2.374011132033676e-17 3.30824949164479e-17 450
1.75 5.134908649988867e-18 2.971297824705435e-17 602
2 5.65092579061935e-18 4.823154800326165e-17 762
2.25 8.625990471542925e-18 8.477304753398827e-17 1142
2.5 8.523288888800067e-18 9.451323964967522e-17 1250
2.75 1.00607395459086e-17 1.126458148204844e-16 1458
3 1.269868903415482e-17 1.601317761826784e-16 1814
3.25 1.685033893639018e-17 2.150255793817714e-16 2178
3.5 2.048687312381964e-17 2.726685735665509e-16 2498
3.75 2.112985417579523e-17 3.27834282206672e-16 2622
4 1.334045410961043e-17 2.15269663701327e-16 3338
4.25 3.602454290128087e-25 2.289952704519338e-23 3722
4.5 3.448912817895069e-25 1.266182123271358e-23 4170
4.75 3.018288093837165e-25 5.730475707227618e-24 4358
5 2.094632533965902e-25 2.651485874023858e-24 5034
5.25 8.901459074849963e-26 6.350084113585547e-25 5714
5.5 1.716616881880413e-26 7.867224905287098e-26 5982
5.75 8.731115715429207e-28 2.376506376241711e-27 6602
6 1.18830399518383e-29 1.886498576543385e-28 6923
6.25 6.746137957926991e-30 1.447430775301575e-28 7032
6.5 3.958834175489394e-30 7.711181033715589e-29 6632
6.75 1.51450068371326e-30 2.949999670974738e-29 5988
7 3.505914524568988e-31 7.330697075945523e-30 5744
7.25 8.190132259534842e-32 1.683104329144619e-30 5048
7.5 3.402922865263383e-32 7.639262203379633e-31 4452
7.75 1.179492735180394e-32 3.22893184734277e-31 3920
8 2.174566115615423e-33 8.454526551279328e-32 3096
8.25 1.684108759434316e-33 7.077343109588942e-32 2552
8.5 1.226188700715575e-33 5.539040581491762e-32 1755
8.75 8.100782421404053e-34 3.749346976173659e-32 1220
9 6.174149368100402e-34 2.898330060583962e-32 782
9.25 3.354586072031848e-34 1.37591469618031e-32 432
9.5 2.599249512496288e-34 1.318081631289526e-32 350
9.75 1.373456708447054e-34 6.233319029070529e-33 168
10 5.363667832063398e-35 2.090419031234361e-33 56
10.25 8.027410294099082e-36 1.931674980410086e-34 6
10.5 2.194256121534937e-37 1.598307186608492e-38 1

0.25 3.391299471804231e-19 2.700550759186005e-18 18
0.5 1.62537540036174e-18 1.415606224731313e-17 62
0.75 2.942849866642637e-18 2.184873847385861e-17 98
1 3.784126186048597e-18 3.448815121306699e-17 210
1.25 3.257368186552662e-18 3.716525143190094e-17 350
1.5 4.234651566527397e-17 4.536440976392068e-17 450
1.75 6.484214816519422e-18 4.928346030425007e-17 602
2 1.428873728491859e-17 7.923202221866343e-17 762
2.25 3.284827145127739e-17 2.35825818754065e-16 1142
2.5 2.47728527281193e-17 4.648869958995798e-16 1250
2.75 1.138733190931307e-17 4.4761429869186e-16 1458
3 1.32320002757148e-17 2.193899022625174e-16 1814
3.25 1.625088501731554e-17 1.522783260584121e-16 2178
3.5 1.8365596929935e-17 1.94422724359187e-16 2498
3.75 1.92411434448352e-17 2.287002592861967e-16 2622
4 1.192831787590829e-17 1.529876136821577e-16 3338
4.25 7.609389226300936e-24 1.888917861188113e-22 3722
4.5 5.212523230151662e-24 1.156807968464895e-22 4170
4.75 3.257518765275087e-24 6.239897861451208e-23 4358
5 1.732268222338714e-24 3.014737303553574e-23 5034
5.25 6.196637233729418e-25 1.04565624446626e-23 5714
5.5 8.086555357195302e-26 1.425067143286952e-24 5982
5.75 2.610972624432302e-27 4.832634248855957e-26 6602
6 1.337574269753967e-29 2.764968650716894e-28 6923
6.25 5.852023647793253e-30 1.24841027390663e-28 7032
6.5 3.110062794082507e-30 7.323468748697027e-29 6632
6.75 1.217926193877541e-30 2.788783486590228e-29 5988
7 2.895205970697917e-31 5.549043341163897e-30 5744
7.25 6.169251424086026e-32 1.066355967297467e-30 5048
7.5 2.107339760233125e-32 4.60206714226607e-31 4452
7.75 6.922766314677053e-33 1.757868846529078e-31 3920
8 1.885183633016513e-33 6.718894304919136e-32 3096
8.25 1.550213240730242e-33 5.781068315773807e-32 2552
8.5 1.199054164209693e-33 4.359372795106843e-32 1755
8.75 7.878457946610417e-34 2.874143791230004e-32 1220
9 5.349787066239853e-34 2.39408944575101e-32 782
9.25 2.789854848753844e-34 1.183089332505206e-32 432
9.5 2.67321363338296e-34 1.020953740071103e-32 350
9.75 1.355808356529389e-34 5.95585001542062e-33 168
10 3.482013878959982e-35 2.111589853407052e-33 56
10.25 6.224474194357603e-36 2.843212059123717e-34 6
10.5 8.207534812042976e-37 7.150121734112124e-39 1

0.25 1.003538952285668e-16 1.919804583385185e-16 18
0.5 4.787428179295672e-16 1.156473540144347e-15 62
0.75 6.81045709340115e-16 2.127243603388709e-15 98
1 9.815635524616685e-16 4.060392210633134e-15 210
1.25 8.720200195007544e-16 5.628074348999348e-15 350
1.5 6.408125715913064e-16 6.479892654418176e-15 450
1.75 3.584460864314951e-16 8.555920988692477e-15 602
2 1.069732307383586e-16 1.088222019848891e-14 762
2.25 1.111580686515082e-16 1.384585063518614e-14 1142
2.5 6.074309586031379e-16 4.669119912336818e-15 1250
2.75 4.039084492122285e-16 4.232132388244623e-16 1458
3 5.482183255052043e-17 8.329270086383018e-16 1814
3.25 1.189746537262553e-17 2.542809849454043e-16 2178
3.5 1.315809439758359e-17 1.823251431952898e-16 2498
3.75 1.404085283638141e-17 2.083423662071203e-16 2622
4 8.466877720487129e-18 1.428578834438578e-16 3338
4.25 5.05021923686466e-23 6.967676478396746e-22 3722
4.5 4.407282266385301e-23 3.107894277157928e-22 4170
4.75 2.715732065856421e-23 1.328698546146205e-22 4358
5 1.584192976544497e-23 7.273078841581097e-23 5034
5.25 5.911527096003409e-24 2.425677901483061e-23 5714
5.5 7.855258230197168e-25 3.423810232033034e-24 5982
5.75 2.164143067602163e-26 1.069867991053357e-25 6602
6 9.771829031543398e-29 4.049663376911399e-28 6923
6.25 1.465016738951691e-29 1.451711563625881e-28 7032
6.5 3.940715982096559e-30 7.250027785963319e-29 6632
6.75 1.006821848539938e-30 2.826863006524073e-29 5988
7 1.552282291828053e-31 5.868990052724483e-30 5744
7.25 2.452098453045063e-32 1.122651494436405e-30 5048
7.5 1.083299453460234e-32 4.462435489846954e-31 4452
7.75 4.131836091457342e-33 1.751594838015311e-31 3920
8 1.628379330562558e-33 6.29613676593913e-32 3096
8.25 1.405877035344471e-33 5.299228820337367e-32 2552
8.5 1.031981040285727e-33 4.034565784165998e-32 1755
8.75 6.622595534838551e-34 2.84807261701768e-32 1220
9 5.073539094819818e-34 2.117421145422461e-32 782
9.25 2.436793914593872e-34 1.134317282099482e-32 432
9.5 2.241513936091146e-34 1.007832831919008e-32 350
9.75 1.104562668778934e-34 5.937810979437834e-33 168
10 3.22172064120937e-35 1.651801220635166e-33 56
10.25 3.604578062588023e-36 4.8837582499878e-34 6
10.5 2.239123241303977e-38 1.487544898892235e-35 1

0.25 1.673961158202132e-15 1.784153398064292e-14 18
0.5 9.081463666334552e-15 9.664314193924887e-14 62
0.75 1.428742323305657e-14 1.690395781018642e-13 98
1 2.06595929223648e-14 3.085117298645794e-13 210
1.25 1.759620709938582e-14 4.14544567569387e-13 350
1.5 1.039335062743016e-14 4.756918065425087e-13 450
1.75 5.082537383913105e-15 6.634212232863065e-13 602
2 1.601022558361351e-15 9.820981386958434e-13 762
2.25 1.474846964574933e-15 2.134716553573782e-12 1142
2.5 1.356413662248718e-14 2.537185680874929e-12 1250
2.75 3.647080288502029e-14 1.360666357659877e-12 1458
3 1.995723144478145e-14 2.984892030548914e-13 1814
3.25 2.030481964155722e-15 1.747957394171576e-14 2178
3.5 5.43630829100915e-17 4.048786180063519e-16 2498
3.75 1.293803788283401e-17 1.60657112260607e-16 2622
4 7.767668104369412e-18 1.077614925159024e-16 3338
4.25 1.663610596034016e-21 1.251646679893465e-20 3722
4.5 1.163178445474759e-21 6.151708454256489e-21 4170
4.75 7.037368651977231e-22 2.794522869941002e-21 4358
5 3.804765660026836e-22 1.484110652910398e-21 5034
5.25 1.28280773382236e-22 4.993500005139242e-22 5714
5.5 2.391542856200658e-23 7.359460632625747e-23 5982
5.75 2.775918089754519e-24 4.35607728067981e-24 6602
6 3.049319171633782e-25 5.082989608768707e-25 6923
6.25 1.862327237172225e-26 5.210687786255488e-26 7032
6.5 4.92148525452146e-28 4.165474295131117e-27 6632
6.75 1.652729262802702e-29 4.66656218131577e-28 5988
7 1.662561895590017e-30 5.251944387458538e-29 5744
7.25 3.36149848900454e-31 8.659603458801246e-30 5048
7.5 1.058621891881244e-31 2.699581322963186e-30 4452
7.75 2.84898332801607e-32 7.002872761906917e-31 3920
8 4.868308613706172e-33 1.504051706223571e-31 3096
8.25 1.689373916816064e-33 5.996066217524793e-32 2552
8.5 1.011034007693831e-33 3.421148257423315e-32 1755
8.75 6.121585593405551e-34 2.615830154053529e-32 1220
9 4.446216803516468e-34 1.932703741629073e-32 782
9.25 2.350446575326232e-34 9.65748748493966e-33 432
9.5 2.008813065336256e-34 8.865713500330515e-33 350
9.75 1.111550087785084e-34 4.412281039087732e-33 168
10 3.406782714801662e-35 1.296860109285671e-33 56
10.25 9.068151706287233e-36 1.753798749415458e-34 6
10.5 5.597808103259942e-37 3.818918869563887e-36 1

0.25 6.82399890723858e-14 3.395857428771251e-13 18
0.5 2.766001477839136e-13 1.894195333635893e-12 62
0.75 3.395508451449778e-13 3.325611078015553e-12 98
1 3.954433135949118e-13 5.880755439729326e-12 210
1.25 2.313714819470549e-13 7.234779229327641e-12 350
1.5 6.813600022981433e-14 7.222710151514228e-12 450
1.75 1.002323808584631e-14 7.729057846739761e-12 602
2 1.968570172761887e-13 6.848597621658675e-12 762
2.25 1.200496621078862e-12 3.669445150417956e-12 1142
2.5 1.474516198945364e-12 1.943208838600573e-12 1250
2.75 2.825231759392192e-13 7.96939053905389e-12 1458
3 1.365227714595698e-14 3.558455027372672e-12 1814
3.25 6.743289256001762e-15 2.449310846788429e-13 2178
3.5 2.538884133316269e-16 3.090944980960695e-15 2498
3.75 1.188251662908678e-17 1.488702544131075e-16 2622
4 7.026239860525455e-18 9.202910525926144e-17 3338
4.25 3.244746816798525e-19 5.209735345655452e-19 3722
4.5 1.704114991838268e-19 5.777452321046849e-19 4170
4.75 7.664616758453111e-20 4.044889993527239e-19 4358
5 3.284692776267514e-20 1.747197789267847e-19 5034
5.25 1.128605182418313e-20 4.623161691262517e-20 5714
5.5 2.844839409877296e-21 7.22620033213903e-21 5982
5.75 5.434928097367997e-22 1.255286444188183e-21 6602
6 7.037466839027598e-23 1.847032417881058e-22 6923
6.25 4.280861318991344e-24 2.102321334196691e-23 7032
6.5 1.069714643902322e-25 1.325223320286281e-24 6632
6.75 1.646141031972286e-26 1.898501956058186e-25 5988
7 7.201949665824778e-27 4.473274020600267e-26 5744
7.25 3.112073043265654e-27 9.95446046890543e-27 5048
7.5 1.189707608141832e-27 1.906742759884956e-27 4452
7.75 3.676358784579034e-28 3.053184977178516e-28 3920
8 8.42337866435342e-29 4.115025770781689e-29 3096
8.25 1.58841891163593e-29 5.885248754068602e-30 2552
8.5 1.867602583405304e-30 8.648893119150292e-31 1755
8.75 1.47328323493656e-31 1.291915090682534e-31 1220
9 9.304669933248085e-33 4.116928763767288e-32 782
9.25 8.415229831329721e-34 1.517052770488062e-32 432
9.5 3.16685995861284e-34 9.623896511969324e-33 350
9.75 1.210214247140409e-34 5.09924966808254e-33 168
10 3.035085803943067e-35 1.449602773968986e-33 56
10.25 9.695931798599469e-36 1.847711603993698e-34 6
10.5 1.303696703458843e-36 1.046933366863438e-36 1

0.25 7.506496204317096e-12 2.728261973300408e-11 18
0.5 3.925468685241284e-11 1.39890683211175e-10 62
0.75 6.457231007062028e-11 2.387928975249565e-10 98
1 1.032476656755315e-10 4.272482322835746e-10 210
1.25 1.091225107979319e-10 5.63518705357069e-10 350
1.5 9.472676553130576e-11 6.593699959957671e-10 450
1.75 9.196692408971632e-11 9.325256836098485e-10 602
2 9.648689087271435e-11 1.380454282827799e-09 762
2.25 1.920948154687049e-10 2.92965684894273e-09 1142
2.5 3.099246085318989e-10 2.840365566682476e-09 1250
2.75 2.669286917606908e-10 9.371454083415869e-10 1458
3 8.141290508457532e-11 9.380744666857861e-11 1814
3.25 4.996942778782806e-12 1.400796738886079e-12 2178
3.5 6.62337380989396e-14 3.779769632156495e-15 2498
3.75 7.849170873814039e-15 8.139911038802419e-16 2622
4 5.664960694368819e-15 2.773748061452908e-15 3338
4.25 3.246900915300364e-15 5.522086015942217e-15 3722
4.5 1.657757139807424e-15 7.586958069394762e-15 4170
4.75 7.615975854114382e-16 7.405199812389412e-15 4358
5 3.159356382008069e-16 5.231601696678383e-15 5034
5.25 9.945794005979608e-17 2.467502443455164e-15 5714
5.5 2.198476421293342e-17 6.268139366881559e-16 5982
5.75 3.725443940860895e-18 1.132607591979914e-16 6602
6 4.536897570461366e-19 1.20856566009549e-17 6923
6.25 3.507508593190154e-20 1.037848978132676e-18 7032
6.5 3.585300802884737e-21 2.598616123646556e-19 6632
6.75 5.858736601697114e-22 1.159843288166105e-19 5988
7 1.745343641854485e-22 4.708048765940468e-20 5744
7.25 1.070828064282652e-22 1.594271045500226e-20 5048
7.5 5.877914036243871e-23 4.258462985333103e-21 4452
7.75 2.118616307047094e-23 9.322056264760311e-22 3920
8 5.332948990099075e-24 1.367417769228329e-22 3096
8.25 1.045723162469618e-24 1.96633983879649e-23 2552
8.5 1.4382104830872e-25 1.505666252228381e-24 1755
8.75 1.599898352353233e-26 1.397195412520042e-25 1220
9 2.388122695190587e-27 1.993807270866179e-26 782
9.25 5.538986400922617e-28 1.501053557677915e-27 432
9.5 2.051564212711621e-28 1.793087345228289e-28 350
9.75 3.848214242894008e-29 9.17557452417629e-29 168
10 4.318628508200038e-30 2.897127195996202e-29 56
10.25 2.737986731157019e-31 2.739544319290279e-30 6
10.5 1.821614545669734e-31 2.165205790653633e-30 1

0.25 3.238542620987272e-11 3.821435518387326e-10 18
0.5 1.053118470842991e-10 1.949684890799903e-09 62
0.75 9.953768776990429e-11 3.250453568687944e-09 98
1 7.705084931179634e-11 5.428064700094853e-09 210
1.25 1.311558146389503e-11 5.921308440194589e-09 350
1.5 3.464986660826192e-11 5.050546972257982e-09 450
1.75 2.398910043957688e-10 3.682402103753909e-09 602
2 7.118039385491328e-10 1.308471992056835e-09 762
2.25 1.746919690246621e-09 2.655616541893831e-09 1142
2.5 7.544945289391583e-10 2.188396314419521e-08 1250
2.75 2.22215429530599e-10 2.311769185304416e-08 1458
3 3.578274811180235e-10 4.913966553009004e-09 1814
3.25 4.296353676156526e-11 1.759080807550585e-10 2178
3.5 4.417165034031985e-12 2.419427892193112e-11 2498
3.75 3.108901463977255e-12 1.100390575704143e-11 2622
4 2.393275145864755e-12 4.870259749637912e-12 3338
4.25 1.372146163416915e-12 1.747584171427146e-12 3722
4.5 6.779915204498321e-13 7.919464520534668e-13 4170
4.75 3.15110207902514e-13 5.405717041763386e-13 4358
5 1.534813148508081e-13 4.787561050456141e-13 5034
5.25 6.295077362181094e-14 3.489661468381233e-13 5714
5.5 1.996011436015476e-14 1.814068439248257e-13 5982
5.75 6.246915026911973e-15 1.049326042241105e-13 6602
6 2.333667370740678e-15 6.466295396142156e-14 6923
6.25 1.238441022803823e-15 4.036040681827851e-14 7032
6.5 6.686027152556248e-16 2.163828649435435e-14 6632
6.75 3.743516011812241e-16 1.062305212063823e-14 5988
7 1.981410846871475e-16 4.707896712173158e-15 5744
7.25 9.125611030793635e-17 1.83703952211236e-15 5048
7.5 3.484913491628897e-17 5.931337620920013e-16 4452
7.75 1.121788261018087e-17 1.872168492472513e-16 3920
8 2.996418399154794e-18 6.0145157073206e-17 3096
8.25 9.194691527267368e-19 2.615987561645914e-17 2552
8.5 2.679473046569231e-19 9.807708182060382e-18 1755
8.75 8.785419029281856e-20 3.535925931128024e-18 1220
9 2.920110192679318e-20 1.284751978893886e-18 782
9.25 8.792426675154893e-21 3.840849316484522e-19 432
9.5 3.872516030265824e-21 1.705548035530174e-19 350
9.75 8.770517521227323e-22 4.616828981314311e-20 168
10 1.170224655197883e-22 6.358150937694311e-21 56
10.25 6.435989907031614e-24 5.099381532912761e-22 6
10.5 3.327295844393502e-24 2.422129952868298e-22 1

0.25 5.006185018957293e-10 1.429999691748374e-09 18
0.5 1.881101734351698e-09 5.342108874344245e-09 62
0.75 2.270831211245579e-09 6.562148826429181e-09 98
1 8.813859790065746e-09 2.660491396596308e-08 210
1.25 1.026013244982272e-08 4.959489822011583e-08 350
1.5 1.203225203722956e-08 1.137025982164222e-07 450
1.75 1.552359131724309e-08 2.321555999876143e-07 602
2 1.652563275860625e-08 4.812496840373577e-07 762
2.25 5.500558879253392e-08 1.373628214351848e-06 1142
2.5 1.816010221691734e-07 1.24754852251282e-06 1250
2.75 1.872539939897887e-07 1.955768729578682e-07 1458
3 5.294900547282558e-08 7.007573732198294e-09 1814
3.25 3.755810144251604e-09 3.209818025968907e-09 2178
3.5 1.066996364377972e-09 1.126055556242101e-09 2498
3.75 1.090204869372598e-09 5.300988897469885e-10 2622
4 1.104559764297725e-09 6.522273939055845e-10 3338
4.25 8.711003418090012e-10 1.040363899210675e-09 3722
4.5 5.674749664718211e-10 1.740883327166872e-09 4170
4.75 3.309306766655927e-10 2.164518016014024e-09 4358
5 1.856637342289714e-10 1.857425077194117e-09 5034
5.25 9.743388133062815e-11 1.170957362497714e-09 5714
5.5 4.544648659984674e-11 5.053984711783532e-10 5982
5.75 2.430996180392647e-11 2.825346837280435e-10 6602
6 1.315433523271413e-11 1.900353709907763e-10 6923
6.25 5.88469437348522e-12 1.253575203549607e-10 7032
6.5 1.654453890693761e-12 6.594824762638504e-11 6632
6.75 4.844504645358636e-13 2.698245530610014e-11 5988
7 2.421219033179828e-13 1.041131942679776e-11 5744
7.25 1.373843305207071e-13 4.327040837133452e-12 5048
7.5 6.568547184104582e-14 2.312969362278588e-12 4452
7.75 3.130098702061815e-14 1.607660554700931e-12 3920
8 1.48739352057936e-14 1.096574242934291e-12 3096
8.25 9.606980373271651e-15 7.303179441695234e-13 2552
8.5 4.916202553310471e-15 3.654210470541166e-13 1755
8.75 2.962545880855113e-15 1.848178673804426e-13 1220
9 1.471989186092458e-15 7.819322719653336e-14 782
9.25 7.433384228942044e-16 2.790126333111838e-14 432
9.5 5.250688021131631e-16 1.439163612704022e-14 350
9.75 2.192483587206934e-16 3.895564591052448e-15 168
10 5.28929632620076e-17 5.154524779492317e-16 56
10.25 4.699795526561604e-18 2.454027885588697e-17 6
10.5 2.767966007910622e-18 1.436597915303016e-19 1

0.25 7.77401345859077e-11 3.933660894929477e-10 18
0.5 5.428941745321695e-10 2.468122637236889e-09 62
0.75 2.086095787850037e-09 4.14088468419921e-09 98
1 4.46189963705167e-09 6.739502669291228e-09 210
1.25 5.567151856609948e-09 1.133104227087392e-08 350
1.5 4.598703551234612e-09 3.506080826715149e-08 450
1.75 7.511361628419962e-09 9.823043217527697e-08 602
2 2.181589517071792e-08 2.156459453719415e-07 762
2.25 2.044146125108053e-07 3.20165447645014e-07 1142
2.5 1.979211771081642e-07 1.916840146613148e-06 1250
2.75 8.694017905497266e-08 2.362805132246732e-06 1458
3 9.651698380129599e-08 2.318879499387743e-07 1814
3.25 1.735047042459821e-08 1.389675038868229e-08 2178
3.5 7.483653921222278e-09 6.949737427877616e-09 2498
3.75 4.179617641398836e-09 9.522416805399056e-09 2622
4 2.214297822241247e-09 9.683376513753404e-09 3338
4.25 1.037381814613324e-09 8.412737490159829e-09 3722
4.5 5.135030713756386e-10 7.20120427591976e-09 4170
4.75 3.230341169599722e-10 5.01111442597409e-09 4358
5 2.613732831727341e-10 3.391382858590854e-09 5034
5.25 1.98279968375436e-10 2.803742306558595e-09 5714
5.5 1.671567623258328e-10 2.186371882992407e-09 5982
5.75 1.609995336707701e-10 1.727834212341249e-09 6602
6 1.499115092021423e-10 1.485016447362149e-09 6923
6.25 1.298900694169168e-10 1.216971660883877e-09 7032
6.5 1.014594530568161e-10 8.757724107340332e-10 6632
6.75 6.643522279201732e-11 5.982909255035905e-10 5988
7 4.378636521402998e-11 4.606140020576021e-10 5744
7.25 2.322083340505634e-11 3.172387295054967e-10 5048
7.5 1.193702710085549e-11 2.260832813037181e-10 4452
7.75 7.144889661638499e-12 1.66839840539561e-10 3920
8 3.868919338468636e-12 1.031799061047433e-10 3096
8.25 2.356135818788652e-12 8.155619502412264e-11 2552
8.5 1.011607616823432e-12 4.169761543134725e-11 1755
8.75 4.783693515773626e-13 2.479161775233619e-11 1220
9 2.5312794682406e-13 1.295323641192984e-11 782
9.25 1.126211617014118e-13 6.106250695522799e-12 432
9.5 7.714641931478023e-14 3.967788301797979e-12 350
9.75 3.140251838506109e-14 1.314810116115097e-12 168
10 8.255932459365612e-15 3.928911778241206e-13 56
10.25 1.014084800267152e-15 4.011236506893057e-14 6
10.5 2.938592226767699e-16 1.342188536563543e-15 1

0.25 1.772291128160331e-09 1.611559436412834e-09 18
0.5 1.06877825953977e-08 1.062378769054084e-08 62
0.75 2.355979653483956e-08 9.481901659477731e-09 98
1 3.888504440779168e-08 3.228611426027494e-08 210
1.25 5.148581007942222e-08 7.737069495909572e-08 350
1.5 5.541590575611559e-08 8.495900644051097e-08 450
1.75 6.173715015266274e-08 1.84220834226306e-07 602
2 9.263760266867384e-08 3.385508306069335e-07 762
2.25 2.312200430740734e-07 8.833575808808378e-07 1142
2.5 4.096604090244916e-07 3.021285869688802e-06 1250
2.75 6.822554964172954e-07 1.667628374683109e-06 1458
3 1.307984494205739e-07 1.887532638876324e-06 1814
3.25 3.688765087769956e-08 6.228885282118778e-07 2178
3.5 1.595975232458235e-08 2.638648921936344e-07 2498
3.75 8.526342820592542e-09 1.2783334347715e-07 2622
4 5.583600365265318e-09 7.824480435932097e-08 3338
4.25 3.504532541518549e-09 4.4748917927033e-08 3722
4.5 2.57460921800475e-09 3.084314478992953e-08 4170
4.75 1.948865307041198e-09 2.520321160483433e-08 4358
5 1.756676039394934e-09 2.575463075642439e-08 5034
5.25 1.66810092242336e-09 2.826197670687047e-08 5714
5.5 1.578804845306689e-09 2.893332120495546e-08 5982
5.75 1.604977666522053e-09 3.218271920222085e-08 6602
6 1.601047400077427e-09 2.938102633157075e-08 6923
6.25 1.587381943871503e-09 2.781853957591731e-08 7032
6.5 1.540072086493131e-09 2.293882267138827e-08 6632
6.75 1.439993308109766e-09 1.782948401757693e-08 5988
7 1.460460438972966e-09 1.353169869884455e-08 5744
7.25 1.235654722335897e-09 1.062061878371157e-08 5048
7.5 9.850051929943493e-10 9.126460472376252e-09 4452
7.75 8.135930534060881e-10 8.090982132970468e-09 3920
8 6.10936384289273e-10 6.646807584772477e-09 3096
8.25 4.561782582547444e-10 5.533047902157043e-09 2552
8.5 2.79553044757341e-10 4.177653077484394e-09 1755
8.75 1.85812063921512e-10 3.281793599990504e-09 1220
9 1.031971904467097e-10 2.576102762602448e-09 782
9.25 5.03472447213992e-11 1.468437415153434e-09 432
9.5 3.965170409262527e-11 1.502198858036262e-09 350
9.75 1.538480901417775e-11 7.307050543120907e-10 168
10 5.521929773393658e-12 2.496949310783695e-10 56
10.25 7.359394423674066e-13 5.375132030850093e-11 6
10.5 1.707236649037354e-13 3.452234303288701e-12 1

0.25 4.845998106663645e-10 3.458798602253314e-09 18
0.5 2.249741974356221e-09 1.837527515990237e-08 62
0.75 3.931477408581037e-09 2.284343857626371e-08 98
1 6.175931885478303e-09 6.660895023529975e-08 210
1.25 6.783789441199255e-09 5.82568906613825e-08 350
1.5 8.938277632382689e-09 6.931944690219751e-08 450
1.75 1.817716802845588e-08 9.113090037270931e-08 602
2 6.238163272440163e-08 2.304283503912015e-07 762
2.25 1.977734608413261e-07 1.236924381295387e-06 1142
2.5 3.931094162952263e-07 3.371021457484649e-06 1250
2.75 8.470442798396749e-07 3.262079765153105e-06 1458
3 4.254775173132677e-07 1.025360619080282e-06 1814
3.25 1.090166882119644e-07 6.6374455528706e-07 2178
3.5 3.659088845732683e-08 3.6034666560609e-07 2498
3.75 1.582869906349769e-08 1.92426045740308e-07 2622
4 1.081355633206415e-08 1.349724127068065e-07 3338
4.25 7.31101494456798e-09 9.423694146821836e-08 3722
4.5 6.709307704911672e-09 8.483148608842202e-08 4170
4.75 6.845032069844202e-09 8.302421460403097e-08 4358
5 8.567239320736454e-09 8.695234220941082e-08 5034
5.25 1.076946439106111e-08 9.784257613925483e-08 5714
5.5 1.061209393456692e-08 1.065546284777598e-07 5982
5.75 1.025784674108636e-08 1.38710465960179e-07 6602
6 9.040599944946387e-09 1.56821943246993e-07 6923
6.25 7.660484366126447e-09 1.696496050823646e-07 7032
6.5 5.793254103502625e-09 1.644723162000792e-07 6632
6.75 3.973460809656104e-09 1.402525144211898e-07 5988
7 3.358984442718104e-09 1.330440513495148e-07 5744
7.25 2.847848746898348e-09 1.026405709398408e-07 5048
7.5 2.453149783512795e-09 9.007602868283913e-08 4452
7.75 2.083567234841791e-09 8.511343464427679e-08 3920
8 1.458809515291301e-09 6.915581591079794e-08 3096
8.25 1.063648197134695e-09 6.401312921521626e-08 2552
8.5 6.41483339465536e-10 5.173427501853052e-08 1755
8.75 4.514534595112025e-10 3.964856157984329e-08 1220
9 3.404294808113816e-10 2.366711046589858e-08 782
9.25 2.024540356604687e-10 1.295264109649408e-08 432
9.5 2.259330078738164e-10 1.017680673238058e-08 350
9.75 1.354959988345955e-10 4.114132260172764e-09 168
10 2.917586617017501e-11 1.754403665564617e-09 56
10.25 6.9433733618856e-12 2.099213611951757e-10 6
10.5 2.778443074957816e-14 1.919949669684507e-11 1

0.25 1.274180340457082e-08 4.607864162586448e-09 18
0.5 9.103827869656185e-08 2.917038529120425e-08 62
0.75 1.946213404605936e-07 8.217761000836749e-08 98
1 3.118967463911899e-07 1.58568399286533e-07 210
1.25 3.489623661890728e-07 2.270370498035503e-07 350
1.5 3.205079903994528e-07 2.820396557733642e-07 450
1.75 2.726548331556998e-07 3.397378604462321e-07 602
2 3.332541013581318e-07 5.552597973858136e-07 762
2.25 5.802338086974227e-07 1.97141283837128e-06 1142
2.5 8.056694168334375e-07 3.170085580643658e-06 1250
2.75 6.493163578172796e-07 8.883052749585812e-06 1458
3 2.164616022054646e-07 3.666896185994396e-06 1814
3.25 9.145018714485554e-08 1.265406820382476e-06 2178
3.5 4.486210814304235e-08 6.282284624003612e-07 2498
3.75 2.558479104983514e-08 3.442660111012915e-07 2622
4 2.158053500970328e-08 2.673590163353826e-07 3338
4.25 1.79490053498022e-08 2.154104893604849e-07 3722
4.5 1.642587036299759e-08 2.185452024095921e-07 4170
4.75 1.535511719742755e-08 2.368215982768774e-07 4358
5 1.644245630100284e-08 2.809957735613961e-07 5034
5.25 1.81593755732902e-08 3.456060721797986e-07 5714
5.5 1.799211852886139e-08 3.530873155057225e-07 5982
5.75 1.868985722813414e-08 3.731587125297602e-07 6602
6 1.81120650970476e-08 3.568396416441383e-07 6923
6.25 1.60960240538826e-08 3.572438783962185e-07 7032
6.5 1.342918962664874e-08 3.186381086402739e-07 6632
6.75 1.101762570255628e-08 2.984278340620063e-07 5988
7 1.056251295064276e-08 3.024280150343614e-07 5744
7.25 8.854345328599171e-09 2.940101743260709e-07 5048
7.5 8.289628472658424e-09 2.683134854255734e-07 4452
7.75 7.923341476982398e-09 2.43841188174229e-07 3920
8 6.665860014773382e-09 2.118097956280904e-07 3096
8.25 5.387864043982023e-09 1.929615872311543e-07 2552
8.5 3.927792406164565e-09 1.363947710897981e-07 1755
8.75 2.67174699044134e-09 1.054754689730932e-07 1220
9 1.498429250168458e-09 7.527009102575737e-08 782
9.25 8.094724611213102e-10 4.260608889026532e-08 432
9.5 6.117484069196292e-10 4.053940831030233e-08 350
9.75 2.839502543392672e-10 2.051033850348439e-08 168
10 1.131060707149634e-10 6.881969490852522e-09 56
10.25 8.065431533616152e-12 9.937527173496609e-10 6
10.5 1.155381341884145e-12 1.407859561110768e-10 1

0.25 3.599461129815864e-09 9.419267892613731e-09 18
0.5 1.350485085015916e-08 7.400696367029847e-08 62
0.75 1.232127767918269e-08 1.166865209774478e-07 98
1 2.261145931459023e-08 2.212773522383341e-07 210
1.25 2.839012312258021e-08 1.442668893635398e-07 350
1.5 4.11296924645712e-08 1.63636433930641e-07 450
1.75 6.994180868165593e-08 2.392316657556472e-07 602
2 1.309714114202389e-07 6.120926019120887e-07 762
2.25 4.167444850341836e-07 2.52555485269493e-06 1142
2.5 7.473245625461048e-07 4.522085841990503e-06 1250
2.75 1.563866132130374e-06 4.105661239141317e-06 1458
3 4.48561539485291e-07 3.512636660914603e-06 1814
3.25 1.691777498222392e-07 1.7486161245822e-06 2178
3.5 8.448395060732456e-08 1.0433940575483e-06 2498
3.75 4.528180407913356e-08 6.336903930432693e-07 2622
4 3.995163591660339e-08 4.934692705255787e-07 3338
4.25 2.985206896046851e-08 4.110084716697157e-07 3722
4.5 2.820746258618821e-08 3.703389495646819e-07 4170
4.75 2.578873935832442e-08 4.149332858953312e-07 4358
5 3.043233746871652e-08 4.950727223993512e-07 5034
5.25 3.197248111357209e-08 5.497281776925445e-07 5714
5.5 3.20261479933751e-08 5.699033372940717e-07 5982
5.75 3.104354910425445e-08 6.215622118274707e-07 6602
6 2.909990782535136e-08 6.247688286183885e-07 6923
6.25 2.58343541929708e-08 6.294714867394049e-07 7032
6.5 2.175035621674063e-08 5.945211343554459e-07 6632
6.75 1.869927022252538e-08 5.312059578133839e-07 5988
7 1.660943599565227e-08 5.174764323695514e-07 5744
7.25 1.44828944328412e-08 4.888006334015259e-07 5048
7.5 1.282786187853444e-08 4.535589046779997e-07 4452
7.75 1.195008658987473e-08 4.146614921794795e-07 3920
8 9.734148589821596e-09 3.56270542020748e-07 3096
8.25 8.540580110790274e-09 3.245051479347376e-07 2552
8.5 5.772930894814894e-09 2.21034245762811e-07 1755
8.75 4.185512976727448e-09 1.572151959188605e-07 1220
9 2.462587854925695e-09 1.000829639934835e-07 782
9.25 1.687083465917017e-09 5.573267573344225e-08 432
9.5 1.268674131623201e-09 4.735294819962303e-08 350
9.75 5.917847413334345e-10 2.890984695989109e-08 168
10 1.87695439472353e-10 9.971546927965958e-09 56
10.25 3.604151224761668e-11 2.000818349371198e-09 6
10.5 4.170230682320787e-12 1.672117767694921e-10 1

0.25 4.085572364088135e-08 1.630845947363065e-08 18
0.5 3.856794540891856e-07 7.608254501095469e-08 62
0.75 8.005184654149582e-07 1.944748917839484e-07 98
1 1.09688236759473e-06 2.170466427627406e-07 210
1.25 1.061453146682161e-06 2.947539196482841e-07 350
1.5 8.671352206807647e-07 3.013032181516352e-07 450
1.75 6.624574950225634e-07 4.231067535798406e-07 602
2 6.797493852594997e-07 9.687073147279014e-07 762
2.25 1.052133782142695e-06 3.382634661386409e-06 1142
2.5 1.062551767494426e-06 6.499188850842511e-06 1250
2.75 5.634497146260619e-07 1.418503556785784e-05 1458
3 3.886642623444423e-07 4.190804441708344e-06 1814
3.25 2.014031857228536e-07 2.280588698786513e-06 2178
3.5 1.221472011168369e-07 1.382849653253509e-06 2498
3.75 8.241086246589495e-08 9.026614905819673e-07 2622
4 7.737545603859865e-08 7.849670213617108e-07 3338
4.25 6.117191845327922e-08 7.331598162376922e-07 3722
4.5 6.186932758166198e-08 7.961976099950814e-07 4170
4.75 5.399674760651805e-08 8.353501738543722e-07 4358
5 5.734124866600547e-08 1.022584622203476e-06 5034
5.25 6.254040568979951e-08 1.138826720774393e-06 5714
5.5 6.070472453527268e-08 1.209642911587203e-06 5982
5.75 6.427265929027514e-08 1.241650135636199e-06 6602
6 6.409097829770314e-08 1.240669526671304e-06 6923
6.25 5.558761908439332e-08 1.251499083680181e-06 7032
6.5 4.857451567407367e-08 1.163043559648151e-06 6632
6.75 3.995418868412212e-08 1.04560816660827e-06 5988
7 3.630758177400808e-08 1.025544098956318e-06 5744
7.25 3.174001255297587e-08 9.223062579902518e-07 5048
7.5 2.94770473094297e-08 8.544354463526148e-07 4452
7.75 2.535260003857095e-08 7.586235677232752e-07 3920
8 2.101212792634275e-08 6.63309667129423e-07 3096
8.25 1.638599078143941e-08 5.930083002495716e-07 2552
8.5 1.155328478228501e-08 4.279992350366508e-07 1755
8.75 7.696786538484648e-09 2.913832342869536e-07 1220
9 5.206103961880827e-09 2.174466658043393e-07 782
9.25 2.827239438924308e-09 1.30172518859786e-07 432
9.5 2.648292216542252e-09 1.081142718788158e-07 350
9.75 1.392023037323174e-09 4.36154056531544e-08 168
10 4.845199747054847e-10 1.521382037712664e-08 56
10.25 1.03557477184336e-10 1.774707865483542e-09 6
10.5 2.830959950108933e-11 4.305122160630351e-10 1

0.25 1.082440057301528e-08 1.904503421379655e-08 18
0.5 3.153040680172907e-08 1.782953483993829e-07 62
0.75 4.28544865861467e-08 4.150507740503736e-07 98
1 5.119219316055724e-08 5.201489888942572e-07 210
1.25 5.544828475711554e-08 4.310296240233999e-07 350
1.5 8.636952665859625e-08 3.857258766515127e-07 450
1.75 1.049217979905481e-07 4.460696320749853e-07 602
2 2.362390720575014e-07 9.857194045420725e-07 762
2.25 7.336629689203089e-07 3.877101147579111e-06 1142
2.5 1.182425160454772e-06 6.112185509956635e-06 1250
2.75 1.940100225693542e-06 6.65139285145578e-06 1458
3 4.85884036353414e-07 5.478106863376196e-06 1814
3.25 2.501927087865095e-07 2.972005207285321e-06 2178
3.5 1.497646551238924e-07 2.016241112001968e-06 2498
3.75 1.020902864758198e-07 1.397729244904834e-06 2622
4 9.081264882664348e-08 1.228844941642413e-06 3338
4.25 7.19208152960785e-08 1.120041848365179e-06 3722
4.5 6.973865456684477e-08 1.122317262679401e-06 4170
4.75 6.350972012333225e-08 1.202178333129727e-06 4358
5 7.128152121592034e-08 1.377281897074008e-06 5034
5.25 7.566153171895128e-08 1.500956281610079e-06 5714
5.5 7.630012294319301e-08 1.628632186246078e-06 5982
5.75 7.892587629367391e-08 1.832555618320367e-06 6602
6 7.825717709539308e-08 1.794362360843458e-06 6923
6.25 7.282315281225811e-08 1.780023143508924e-06 7032
6.5 6.386140452206378e-08 1.64334054913462e-06 6632
6.75 5.609345873706434e-08 1.54625730683908e-06 5988
7 4.93612918121061e-08 1.487661605950517e-06 5744
7.25 4.257217906337955e-08 1.41355057563885e-06 5048
7.5 3.859774669149521e-08 1.288928636478707e-06 4452
7.75 3.238140067528751e-08 1.197094965750908e-06 3920
8 2.774212048366475e-08 1.006740913204108e-06 3096
8.25 2.297338212817493e-08 8.795310419542894e-07 2552
8.5 1.622913807992482e-08 6.414412590470389e-07 1755
8.75 1.147247351685953e-08 4.204145110009076e-07 1220
9 7.723754830105023e-09 2.751342762202087e-07 782
9.25 4.770690605600556e-09 1.718944941535145e-07 432
9.5 3.356314753779034e-09 1.686119970227251e-07 350
9.75 1.920001404190893e-09 9.371071208336813e-08 168
10 6.204256674515287e-10 2.378633478182896e-08 56
10.25 9.245869045622604e-11 3.872885402361317e-09 6
10.5 8.198909564381859e-12 1.215952194707608e-09 1

0.25 3.795316605735524e-08 2.061094087324504e-08 18
0.5 5.491228372880261e-07 1.33452883222039e-07 62
0.75 1.377169943317586e-06 1.933686571416536e-07 98
1 1.684250962033994e-06 2.559150619739522e-07 210
1.25 1.471003820983205e-06 2.77209151262901e-07 350
1.5 9.42031875015866e-07 3.03665139411102e-07 450
1.75 6.791480316304596e-07 5.066951560987209e-07 602
2 6.744579925305462e-07 1.204859219150546e-06 762
2.25 1.102076863966627e-06 4.553817346392414e-06 1142
2.5 1.140768929147528e-06 8.788048414321666e-06 1250
2.75 7.67013537955227e-07 1.539097721609779e-05 1458
3 5.209824305983998e-07 4.293306979969661e-06 1814
3.25 2.690435464782115e-07 2.731857944478516e-06 2178
3.5 1.909089329774841e-07 1.983572098987636e-06 2498
3.75 1.434457836860219e-07 1.557965791364942e-06 2622
4 1.255375539744394e-07 1.524413631493336e-06 3338
4.25 1.119954099190855e-07 1.468779292746474e-06 3722
4.5 1.118223750286498e-07 1.633539533488468e-06 4170
4.75 9.961478401214416e-08 1.742298565643833e-06 4358
5 1.08163612620963e-07 1.991159557697571e-06 5034
5.25 1.159063336289426e-07 2.122350887595488e-06 5714
5.5 1.138460277937485e-07 2.3266832368311e-06 5982
5.75 1.251801467619593e-07 2.518334293215104e-06 6602
6 1.195230582681207e-07 2.564557459106526e-06 6923
6.25 1.104107746739471e-07 2.602021769102103e-06 7032
6.5 9.667877925686545e-08 2.424500559047875e-06 6632
6.75 8.732082778061434e-08 2.183983334202862e-06 5988
7 7.899635496095229e-08 2.170560736718385e-06 5744
7.25 6.846402132148455e-08 1.934177682632159e-06 5048
7.5 6.031079894445853e-08 1.714255290508068e-06 4452
7.75 5.274270429517321e-08 1.63998536042404e-06 3920
8 4.189560171398861e-08 1.397061946811921e-06 3096
8.25 3.378737520307614e-08 1.285591448267036e-06 2552
8.5 2.374260004883205e-08 8.773429056696075e-07 1755
8.75 1.575027616377449e-08 6.196234820981789e-07 1220
9 1.045123340915692e-08 4.677343972211641e-07 782
9.25 5.858851771951088e-09 2.49694611140031e-07 432
9.5 5.904712861165714e-09 1.989545770329159e-07 350
9.75 3.09272468987917e-09 1.231796890665262e-07 168
10 7.840831708168412e-10 4.268064554040306e-08 56
10.25 1.595695211704101e-10 2.748705768306904e-09 6
10.5 2.335966885652001e-11 2.161684039801407e-10 1

0.25 1.413312466408945e-08 2.208510002051592e-08 18
0.5 7.238017895050825e-08 3.404376588110215e-07 62
0.75 6.746000053406422e-08 7.969149495182515e-07 98
1 8.754872962161304e-08 9.86230400164888e-07 210
1.25 6.710112710906362e-08 6.37277227796043e-07 350
1.5 1.047252009279397e-07 4.136749213725641e-07 450
1.75 1.250885834470216e-07 5.214253227420254e-07 602
2 2.6753456157836e-07 1.208644809899133e-06 762
2.25 9.145318413481202e-07 4.469682598945495e-06 1142
2.5 1.279517014409101e-06 7.810212321246708e-06 1250
2.75 1.90969626820724e-06 8.878592913201729e-06 1458
3 4.802901133972758e-07 5.832090578097291e-06 1814
3.25 2.828922035887887e-07 3.00201559724883e-06 2178
3.5 1.96363426787678e-07 2.278325031471261e-06 2498
3.75 1.513964780893002e-07 1.893204027419241e-06 2622
4 1.331148029824964e-07 1.791433954095118e-06 3338
4.25 1.177342842981698e-07 1.802986400655694e-06 3722
4.5 1.165108106572956e-07 1.864888857927981e-06 4170
4.75 1.075137327685604e-07 1.985463845809465e-06 4358
5 1.170872177590225e-07 2.263818279664835e-06 5034
5.25 1.233969934891798e-07 2.523261942046496e-06 5714
5.5 1.23229719246496e-07 2.610128831015953e-06 5982
5.75 1.343557087109141e-07 2.949454414292512e-06 6602
6 1.283291583623269e-07 2.860864653623926e-06 6923
6.25 1.242571179024795e-07 2.917203896288967e-06 7032
6.5 1.066234370475789e-07 2.805628029283182e-06 6632
6.75 9.13165535703533e-08 2.580309251813392e-06 5988
7 8.431909269993362e-08 2.475974728186116e-06 5744
7.25 7.315476665925295e-08 2.304175633528864e-06 5048
7.5 6.435793579988903e-08 2.091124729140611e-06 4452
7.75 5.940888408031211e-08 1.892746564482475e-06 3920
8 4.601606563720327e-08 1.57931718475014e-06 3096
8.25 3.921931152529375e-08 1.438431307405166e-06 2552
8.5 2.60772066737967e-08 1.030780477812536e-06 1755
8.75 1.757797687251154e-08 6.92942733734194e-07 1220
9 1.189272417460456e-08 5.015885664521759e-07 782
9.25 6.284131644557259e-09 2.911594664593284e-07 432
9.5 5.621209549431322e-09 2.759870567719155e-07 350
9.75 3.46988446460425e-09 1.437199119905921e-07 168
10 1.032619320902874e-09 3.56526937940232e-08 56
10.25 1.156466803932059e-10 8.672348642249573e-09 6
10.5 6.302788432624018e-12 9.305653243778041e-10 1

0.25 4.935330027314431e-08 3.435960808369079e-08 18
0.5 8.001353758150161e-07 1.268545117641656e-07 62
0.75 2.075082391013003e-06 2.438828809437623e-07 98
1 2.411292559978604e-06 2.485216353345316e-07 210
1.25 1.417184491489846e-06 2.879031352407763e-07 350
1.5 7.58006121900506e-07 3.131200628759118e-07 450
1.75 4.641064660378073e-07 5.216704542831858e-07 602
2 4.591823914077497e-07 1.325159807243938e-06 762
2.25 1.035209094648343e-06 5.088568727227449e-06 1142
2.5 1.040963103914018e-06 9.576546825102803e-06 1250
2.75 9.412483424816524e-07 1.460837346552468e-05 1458
3 5.144163089893059e-07 4.396275784159916e-06 1814
3.25 2.875270441258422e-07 2.87251312605813e-06 2178
3.5 2.026352437855463e-07 2.550388315458891e-06 2498
3.75 1.793204888944634e-07 1.949100263908517e-06 2622
4 1.721993104529636e-07 2.142732971363258e-06 3338
4.25 1.543561442148234e-07 2.121997314835703e-06 3722
4.5 1.488708975017733e-07 2.392534429347484e-06 4170
4.75 1.398700793521868e-07 2.390044785220559e-06 4358
5 1.514404509254783e-07 2.757201620339276e-06 5034
5.25 1.645390199599779e-07 2.899965763571131e-06 5714
5.5 1.604668194507479e-07 3.059932966096434e-06 5982
5.75 1.736161591583657e-07 3.509527639290457e-06 6602
6 1.743524618667277e-07 3.4810439846008e-06 6923
6.25 1.557209415622694e-07 3.592007181928029e-06 7032
6.5 1.381957504706725e-07 3.441762303160586e-06 6632
6.75 1.153327203045439e-07 3.181384572861347e-06 5988
7 1.089757399711636e-07 3.041345304477789e-06 5744
7.25 9.057611852522596e-08 2.755565911649633e-06 5048
7.5 8.12824794795954e-08 2.437527992475491e-06 4452
7.75 7.0797556159157e-08 2.314171902871169e-06 3920
8 5.766499385333127e-08 1.896839858828219e-06 3096
8.25 4.673772952487797e-08 1.659208772947763e-06 2552
8.5 3.044827366378804e-08 1.24032387572851e-06 1755
8.75 2.092937597732236e-08 7.780107124435642e-07 1220
9 1.322563156356097e-08 5.069543388249695e-07 782
9.25 7.976825091062222e-09 2.978088280848504e-07 432
9.5 7.529285180229711e-09 2.469082269435882e-07 350
9.75 3.705567814401747e-09 1.782947813850371e-07 168
10 1.14451584865022e-09 5.592107501985286e-08 56
10.25 6.425760152512533e-11 1.241841880338261e-08 6
10.5 3.188081856111883e-12 1.579133778272614e-09 1

0.25 3.704348500138026e-08 3.21684598904831e-08 18
0.5 8.316782037520671e-08 4.988165446461119e-07 62
0.75 9.727140236857004e-08 1.334124718583391e-06 98
1 9.437214676091875e-08 1.281304278074223e-06 210
1.25 8.521187705901427e-08 6.159759636082557e-07 350
1.5 1.091865070159633e-07 4.171221618118308e-07 450
1.75 1.375132553069094e-07 5.421944251114677e-07 602
2 2.636229412567797e-07 1.198887132463124e-06 762
2.25 9.376965297594751e-07 4.691088695971014e-06 1142
2.5 1.268425651472574e-06 7.568722539570686e-06 1250
2.75 1.747442236823916e-06 9.140292015572969e-06 1458
3 4.831933462329644e-07 4.617947160533934e-06 1814
3.25 2.853557447629011e-07 3.071478136427346e-06 2178
3.5 2.166719121777196e-07 2.531907424851844e-06 2498
3.75 1.705231597888915e-07 2.132267886742406e-06 2622
4 1.736871857534834e-07 2.21695820389239e-06 3338
4.25 1.582873364765268e-07 2.309792690975674e-06 3722
4.5 1.583164402320802e-07 2.416164885316686e-06 4170
4.75 1.426130622766483e-07 2.568620211144359e-06 4358
5 1.526304824584915e-07 2.93209761809966e-06 5034
5.25 1.60329283681975e-07 3.262863572272286e-06 5714
5.5 1.554628410940889e-07 3.33627920767592e-06 5982
5.75 1.748864163814763e-07 3.721823525362259e-06 6602
6 1.763981989451495e-07 3.789138871793782e-06 6923
6.25 1.57562618264984e-07 3.9398687408202e-06 7032
6.5 1.409319138305548e-07 3.769921581452558e-06 6632
6.75 1.188458627059299e-07 3.418202574145686e-06 5988
7 1.107348140471309e-07 3.181220868472882e-06 5744
7.25 9.652785073685665e-08 2.904835740305634e-06 5048
7.5 8.262784072754851e-08 2.61870693825927e-06 4452
7.75 7.288202236119824e-08 2.451119923220127e-06 3920
8 5.924829134706593e-08 2.024917831712161e-06 3096
8.25 4.900478860999801e-08 1.784121806611132e-06 2552
8.5 3.282747838131124e-08 1.216589199580598e-06 1755
8.75 2.039706810785916e-08 8.849571833138401e-07 1220
9 1.336052915814725e-08 5.545373407902362e-07 782
9.25 8.175494597211281e-09 3.49348810924023e-07 432
9.5 5.778779914000568e-09 3.387682573597298e-07 350
9.75 4.093078696686471e-09 1.53212999321112e-07 168
10 1.313458326434034e-09 6.332833106228235e-08 56
10.25 3.011551818264457e-10 1.811466094539563e-09 6
10.5 7.879636416340508e-12 1.585960664733836e-10 1

0.25 5.074638920470971e-08 6.283834522350921e-08 18
0.5 1.021227990938911e-06 2.191981564722776e-07 62
0.75 2.78111985204425e-06 2.826735215819419e-07 98
1 2.4691126509691e-06 2.748490677025841e-07 210
1.25 9.645937457582647e-07 2.791820760663225e-07 350
1.5 3.890382483067195e-07 3.484757282930909e-07 450
1.75 3.009758356135178e-07 5.706891746751753e-07 602
2 3.888588557067586e-07 1.302000794896211e-06 762
2.25 9.43044021286014e-07 4.848795089690273e-06 1142
2.5 1.038046336606318e-06 7.821357627684548e-06 1250
2.75 9.2431062871136e-07 1.290953586450084e-05 1458
3 4.280502622274277e-07 3.929930289282575e-06 1814
3.25 2.888976878910477e-07 3.112057166934547e-06 2178
3.5 2.320693105726087e-07 2.472180798943712e-06 2498
3.75 1.829646458637901e-07 2.420277421803083e-06 2622
4 2.009389096772154e-07 2.435872678742553e-06 3338
4.25 1.742413499759123e-07 2.60466209050692e-06 3722
4.5 1.790639894354508e-07 2.866071455182916e-06 4170
4.75 1.700653145052564e-07 2.888921194915004e-06 4358
5 1.821983724352015e-07 3.271981927819318e-06 5034
5.25 1.939377024621979e-07 3.737470772504716e-06 5714
5.5 1.914014529645413e-07 3.744284297433132e-06 5982
5.75 2.057720983203616e-07 4.274010467112118e-06 6602
6 2.012020126922138e-07 4.445913492187542e-06 6923
6.25 1.891392832766177e-07 4.453617341149701e-06 7032
6.5 1.637522494451128e-07 4.306044769592126e-06 6632
6.75 1.381894201459166e-07 3.815175289649546e-06 5988
7 1.279835370019425e-07 3.575802936371252e-06 5744
7.25 1.062991465254635e-07 3.40907076579897e-06 5048
7.5 9.507074576617982e-08 2.99109889081649e-06 4452
7.75 8.253363944223184e-08 2.664205467681509e-06 3920
8 6.631075782889213e-08 2.26719128034225e-06 3096
8.25 5.526188757328661e-08 1.952716097281823e-06 2552
8.5 3.456048239486088e-08 1.34582914743544e-06 1755
8.75 2.295028477386528e-08 9.460588039485838e-07 1220
9 1.528770628729098e-08 5.889390988751792e-07 782
9.25 9.168181235632869e-09 3.547132029305339e-07 432
9.5 8.246852053626637e-09 3.016089583876207e-07 350
9.75 3.770927875891185e-09 1.859247884646672e-07 168
10 1.422647451458366e-09 4.616996782152093e-08 56
10.25 9.31973730804346e-11 4.221005873656651e-09 6
10.5 1.117056738967342e-12 1.581340582054545e-10 1

0.25 4.096884340038357e-08 4.501220661011898e-08 18
0.5 1.547957123339248e-07 8.076105836877075e-07 62
0.75 1.499820118005076e-07 1.87040321911463e-06 98
1 8.382372171802001e-08 1.340790583197747e-06 210
1.25 9.149769045515217e-08 5.562883300139657e-07 350
1.5 1.114329515789156e-07 3.957079828047818e-07 450
1.75 1.421916948139413e-07 5.080277163584973e-07 602
2 2.755855341970587e-07 1.113785636949433e-06 762
2.25 8.896069368810328e-07 4.344787803025904e-06 1142
2.5 1.044806814251988e-06 7.342021741041583e-06 1250
2.75 1.4811564208283e-06 8.059104309135252e-06 1458
3 4.470095264267039e-07 3.781139988095126e-06 1814
3.25 2.792020110061841e-07 2.94727014555727e-06 2178
3.5 2.309365096904748e-07 2.413984733836895e-06 2498
3.75 1.818680525288672e-07 2.255154162338479e-06 2622
4 1.886486995973428e-07 2.461469906132286e-06 3338
4.25 1.735136422996388e-07 2.52162049248139e-06 3722
4.5 1.758155254065578e-07 2.84770761964571e-06 4170
4.75 1.644807755992887e-07 2.935074447967767e-06 4358
5 1.776144968240623e-07 3.32409779942025e-06 5034
5.25 1.964030910169816e-07 3.773209043458412e-06 5714
5.5 1.906182788569803e-07 3.930508934891804e-06 5982
5.75 2.022767265481644e-07 4.416405675435604e-06 6602
6 2.020873298416676e-07 4.464640145795639e-06 6923
6.25 1.924448723997022e-07 4.515597012310525e-06 7032
6.5 1.687563783171339e-07 4.299073287158327e-06 6632
6.75 1.3926420909303e-07 3.915368191859784e-06 5988
7 1.236212468457917e-07 3.816933860956203e-06 5744
7.25 1.107560710151121e-07 3.407266340788024e-06 5048
7.5 9.525462686806212e-08 3.045215286110557e-06 4452
7.75 8.218112157219676e-08 2.760135043055154e-06 3920
8 6.423633612180736e-08 2.321989277295498e-06 3096
8.25 5.301311738511944e-08 2.041567526596685e-06 2552
8.5 3.567303796532541e-08 1.378542493428129e-06 1755
8.75 2.458034362836357e-08 8.945102994399822e-07 1220
9 1.490533390784901e-08 6.385407598296539e-07 782
9.25 8.169433272662557e-09 3.729060615077933e-07 432
9.5 7.229138480501026e-09 3.427113202257514e-07 350
9.75 3.916325638561422e-09 1.813723436343171e-07 168
10 1.154596295108645e-09 5.158586363603573e-08 56
10.25 5.352563427653524e-11 5.062472178962818e-09 6
10.5 2.576051799375088e-12 5.177680214549593e-10 1

0.25 7.636276355061781e-08 3.958073564082397e-08 18
0.5 1.557116145971475e-06 2.612324575855655e-07 62
0.75 3.311302450127871e-06 2.634374320613272e-07 98
1 1.776524590848116e-06 1.913898178721257e-07 210
1.25 4.93508995966029e-07 2.413490782772522e-07 350
1.5 2.600400438125968e-07 3.098609243624811e-07 450
1.75 2.259121551412022e-07 5.524824766304786e-07 602
2 2.994648163727974e-07 1.25622529254163e-06 762
2.25 7.804960241427607e-07 4.555351486724061e-06 1142
2.5 8.76695736763885e-07 7.133944805693659e-06 1250
2.75 8.19103940523938e-07 1.064011537214192e-05 1458
3 3.762824671575482e-07 3.964112690275361e-06 1814
3.25 2.712226980247855e-07 2.894571701726114e-06 2178
3.5 2.19646760713978e-07 2.634797297011204e-06 2498
3.75 1.943943386268772e-07 2.325342213451481e-06 2622
4 1.977558184276312e-07 2.614927123700601e-06 3338
4.25 1.90661217359151e-07 2.738512630563971e-06 3722
4.5 1.948681162676343e-07 3.053603176474731e-06 4170
4.75 1.856556227405113e-07 3.097953478285455e-06 4358
5 2.025538758117908e-07 3.573859320811541e-06 5034
5.25 2.145122106402904e-07 4.062347810620867e-06 5714
5.5 2.142174383035205e-07 4.262177426668348e-06 5982
5.75 2.235410078947658e-07 4.80823792928924e-06 6602
6 2.203428772368472e-07 4.859817078154985e-06 6923
6.25 2.079409661436249e-07 4.934867370238375e-06 7032
6.5 1.819721500840131e-07 4.779091840835935e-06 6632
6.75 1.558214508905088e-07 4.299301080400546e-06 5988
7 1.376693977613339e-07 4.101424927015658e-06 5744
7.25 1.1772321051324e-07 3.758617158051919e-06 5048
7.5 1.023586901512019e-07 3.275986735015752e-06 4452
7.75 8.716569255148364e-08 2.975619441105493e-06 3920
8 7.005113749334397e-08 2.383072346499579e-06 3096
8.25 6.053496347514311e-08 2.092306839483405e-06 2552
8.5 3.767192719274875e-08 1.47002968349048e-06 1755
8.75 2.608435637966844e-08 9.186978696002116e-07 1220
9 1.691593143213279e-08 6.274388950961845e-07 782
9.25 9.836118581018189e-09 3.654986381174738e-07 432
9.5 7.716134128841914e-09 3.555481961392958e-07 350
9.75 4.037664357160252e-09 1.935208441794843e-07 168
10 1.123047246521472e-09 5.184760478600968e-08 56
10.25 1.093077302438063e-10 4.451003650735107e-09 6
10.5 9.008238939947614e-12 3.180139992474843e-10 1

0.25 3.006640764967037e-08 5.39081074528988e-08 18
0.5 1.652171774689801e-07 1.160878853176578e-06 62
0.75 1.386596574129496e-07 2.009202917601584e-06 98
1 9.28778342192038e-08 1.022077470959629e-06 210
1.25 9.645837404424523e-08 3.673981899919177e-07 350
1.5 1.038049759155403e-07 3.474431859715499e-07 450
1.75 1.283795040388234e-07 5.235376048650298e-07 602
2 2.390729767707417e-07 1.097993378407052e-06 762
2.25 7.323239189490737e-07 4.241810727805481e-06 1142
2.5 9.531718395164275e-07 5.929469900740219e-06 1250
2.75 1.239882912220121e-06 6.661700680201972e-06 1458
3 3.978223712243641e-07 3.548838321499077e-06 1814
3.25 2.639989676197071e-07 2.738842298635995e-06 2178
3.5 2.198631667521251e-07 2.425409264964971e-06 2498
3.75 1.857790578268305e-07 2.260308980149371e-06 2622
4 1.948645672398694e-07 2.499891246370653e-06 3338
4.25 1.874948407620816e-07 2.658695242441894e-06 3722
4.5 1.959072135152281e-07 2.984921643911028e-06 4170
4.75 1.752416084179658e-07 3.132750326685481e-06 4358
5 1.929504613411714e-07 3.680916320478144e-06 5034
5.25 2.158547488461307e-07 4.081986451493251e-06 5714
5.5 2.11244951554291e-07 4.26809304811727e-06 5982
5.75 2.261404012104665e-07 4.675697711859036e-06 6602
6 2.210728308952657e-07 4.81386378726428e-06 6923
6.25 2.026237089830175e-07 4.943775458868385e-06 7032
6.5 1.848073093969678e-07 4.676920233671257e-06 6632
6.75 1.513940879468949e-07 4.304980698399694e-06 5988
7 1.383092276974743e-07 4.052268487107495e-06 5744
7.25 1.222586995042246e-07 3.543392101755086e-06 5048
7.5 9.811398444214152e-08 3.316329548190031e-06 4452
7.75 9.167899096460999e-08 2.902005446560942e-06 3920
8 6.983756176614416e-08 2.370986178453787e-06 3096
8.25 5.822577669694793e-08 2.117116738042762e-06 2552
8.5 3.824353501085194e-08 1.441369868512888e-06 1755
8.75 2.515678858892746e-08 1.039739628402332e-06 1220
9 1.586612462246666e-08 6.665066936376462e-07 782
9.25 8.659393246553726e-09 3.824663074676986e-07 432
9.5 8.915465088922771e-09 3.19102084791846e-07 350
9.75 4.786270957184381e-09 1.646430351162834e-07 168
10 1.261827690629148e-09 5.714858564135045e-08 56
10.25 8.331091241185182e-11 8.897585053604352e-09 6
10.5 4.123787127420729e-11 1.048467467481014e-10 1

0.25 7.231973491805988e-08 4.545747239805677e-08 18
0.5 1.862639760849152e-06 2.947357736466267e-07 62
0.75 3.089633342851327e-06 3.010130242321979e-07 98
1 1.184478674115319e-06 1.737999095879859e-07 210
1.25 2.796941266347499e-07 2.688785146714005e-07 350
1.5 1.841412321905409e-07 3.228286496754885e-07 450
1.75 1.984386960278463e-07 4.721373073816312e-07 602
2 2.684937209412674e-07 1.085084386206722e-06 762
2.25 6.66051533735643e-07 4.305543813580014e-06 1142
2.5 8.029417266448303e-07 5.427975765639351e-06 1250
2.75 7.033748732658042e-07 8.754670978426352e-06 1458
3 3.597843026135455e-07 3.425357385077103e-06 1814
3.25 2.585980537332962e-07 2.693365521641363e-06 2178
3.5 2.191161418698572e-07 2.52083975423037e-06 2498
3.75 1.976085893406207e-07 2.28408149652392e-06 2622
4 2.048127530136069e-07 2.648791540199199e-06 3338
4.25 1.896864290513352e-07 2.907578500663892e-06 3722
4.5 2.061350689807808e-07 3.186890646980539e-06 4170
4.75 1.878173721221475e-07 3.30733609679793e-06 4358
5 2.011562994181843e-07 3.747792246617904e-06 5034
5.25 2.302984060858593e-07 4.260971033852391e-06 5714
5.5 2.223936103777719e-07 4.664764991198651e-06 5982
5.75 2.3913655990091e-07 4.981719321855687e-06 6602
6 2.364762128317033e-07 5.274827015626764e-06 6923
6.25 2.204016384827771e-07 5.276229511586124e-06 7032
6.5 1.941825952200394e-07 5.118748022058844e-06 6632
6.75 1.601929473053124e-07 4.613902870005476e-06 5988
7 1.470702177136328e-07 4.360969240498851e-06 5744
7.25 1.228783340551825e-07 3.875514044022738e-06 5048
7.5 1.096947134889996e-07 3.382343802316392e-06 4452
7.75 9.698904681223436e-08 3.090300426451356e-06 3920
8 7.402708844532401e-08 2.575806064934756e-06 3096
8.25 6.266263535283422e-08 2.159136549714988e-06 2552
8.5 3.926497681107791e-08 1.509158913799686e-06 1755
8.75 2.641587446408609e-08 1.090735179992882e-06 1220
9 1.656830581620803e-08 6.881959849227138e-07 782
9.25 8.653873868145933e-09 3.872613541934596e-07 432
9.5 7.306355116008324e-09 3.717835940730472e-07 350
9.75 4.359862651296213e-09 1.827397093547597e-07 168
10 1.59211906404387e-09 5.451136179572122e-08 56
10.25 1.62346003779615e-10 6.872117046879813e-09 6
10.5 3.684891522424576e-11 2.881570264644112e-09 1

0.25 4.397471581867001e-08 5.844090461492676e-08 18
0.5 2.147094001369122e-07 1.57911922089714e-06 62
0.75 1.379642818938226e-07 2.049065767794355e-06 98
1 6.687661935852577e-08 7.015031816497018e-07 210
1.25 9.266196245378396e-08 3.398186989807318e-07 350
1.5 9.589181078905535e-08 3.045456446099816e-07 450
1.75 1.243483493887972e-07 4.754748416056453e-07 602
2 2.132485365284728e-07 9.863044665995844e-07 762
2.25 6.713882205314078e-07 3.658795630559157e-06 1142
2.5 7.473930000743643e-07 5.218922861302313e-06 1250
2.75 9.932931420445891e-07 5.474972306847273e-06 1458
3 3.410899256097478e-07 3.146048674024104e-06 1814
3.25 2.535152354923264e-07 2.506941078335175e-06 2178
3.5 2.003079661477285e-07 2.362419810012253e-06 2498
3.75 1.879132519201311e-07 2.264632591346823e-06 2622
4 2.004738877967353e-07 2.592774081732502e-06 3338
4.25 1.921063915800994e-07 2.830752241674298e-06 3722
4.5 1.977941259627079e-07 3.18509460468176e-06 4170
4.75 1.830491527323865e-07 3.282615412130092e-06 4358
5 1.952967491520462e-07 3.669038744958437e-06 5034
5.25 2.171051332227609e-07 4.258310713203569e-06 5714
5.5 2.202384989281903e-07 4.437780544938635e-06 5982
5.75 2.3086439521486e-07 4.877838875034334e-06 6602
6 2.268395014166747e-07 5.255927471989408e-06 6923
6.25 2.166683828564475e-07 5.212324613436006e-06 7032
6.5 1.9260171853499e-07 4.918151280592136e-06 6632
6.75 1.579727905395006e-07 4.547379247808234e-06 5988
7 1.48236894142689e-07 4.142375397897359e-06 5744
7.25 1.219383944143972e-07 3.845640190107108e-06 5048
7.5 1.057932289774253e-07 3.498800114881188e-06 4452
7.75 9.28133210138805e-08 3.156870450125866e-06 3920
8 7.393814714243848e-08 2.585513989764729e-06 3096
8.25 6.055416362023453e-08 2.15697564609497e-06 2552
8.5 3.791244714267711e-08 1.43276083964482e-06 1755
8.75 2.726503374789061e-08 1.029352469799395e-06 1220
9 1.622897998501977e-08 6.512616076638877e-07 782
9.25 8.666867051676117e-09 3.659883163105899e-07 432
9.5 8.051894291269383e-09 3.195809704536166e-07 350
9.75 3.41361328107244e-09 1.988991971438691e-07 168
10 1.003406413711665e-09 7.609085244133862e-08 56
10.25 2.353511060967262e-10 4.251424821756509e-09 6
10.5 2.466397688570022e-12 3.991408346833187e-09 1

0.25 8.752172494276445e-08 8.465949766699331e-08 18
0.5 2.401579447745822e-06 2.97634321520466e-07 62
0.75 2.685932935999472e-06 1.769287698032036e-07 98
1 6.541867574711732e-07 1.695675741857423e-07 210
1.25 2.055060251210003e-07 2.41592206587402e-07 350
1.5 1.548491215598459e-07 2.946113169713607e-07 450
1.75 1.524176186042109e-07 5.419771827158552e-07 602
2 2.306547802597319e-07 1.030456581685989e-06 762
2.25 6.438315180015183e-07 3.249182527810031e-06 1142
2.5 6.134068882417031e-07 4.971330081282305e-06 1250
2.75 5.942502828681714e-07 6.85274751674842e-06 1458
3 3.269570844316985e-07 2.887356891714229e-06 1814
3.25 2.433577533653293e-07 2.501904877069758e-06 2178
3.5 2.128726286983944e-07 2.260194407088489e-06 2498
3.75 1.894257289445554e-07 2.340935133555408e-06 2622
4 2.063820715267237e-07 2.692403171472693e-06 3338
4.25 2.024269030804186e-07 2.859479718378426e-06 3722
4.5 2.053615028743858e-07 3.313037020848178e-06 4170
4.75 1.934024787738358e-07 3.43940641341765e-06 4358
5 2.063659620895838e-07 3.880403524228397e-06 5034
5.25 2.296416585753065e-07 4.362924692513335e-06 5714
5.5 2.291862286806337e-07 4.642945183999629e-06 5982
5.75 2.508695526921755e-07 5.218136066519249e-06 6602
6 2.452613057980211e-07 5.291815940266449e-06 6923
6.25 2.260126638818468e-07 5.458349226461382e-06 7032
6.5 2.027578855255133e-07 5.17864966570674e-06 6632
6.75 1.672873589456459e-07 4.646155311273443e-06 5988
7 1.502571997042254e-07 4.437218615674993e-06 5744
7.25 1.278138509081665e-07 4.020686396552661e-06 5048
7.5 1.080632841371884e-07 3.646170520211736e-06 4452
7.75 9.717233507733117e-08 3.185430388606308e-06 3920
8 7.479895052761844e-08 2.777081673878861e-06 3096
8.25 6.174584345870196e-08 2.23488201287923e-06 2552
8.5 3.85642338556699e-08 1.526274968254245e-06 1755
8.75 2.627218346597964e-08 1.067838681108306e-06 1220
9 1.71211621755447e-08 6.900175378834975e-07 782
9.25 9.083722591896758e-09 3.758543201734194e-07 432
9.5 7.630428510524726e-09 3.713255736232208e-07 350
9.75 4.074745572115195e-09 1.582733021431607e-07 168
10 1.254303002309163e-09 5.722978441815172e-08 56
10.25 1.317517672916031e-10 1.022595931174114e-08 6
10.5 5.260577054328198e-11 1.180118632855575e-09 1

0.25 9.442522586778518e-08 8.020371492354373e-08 18
0.5 1.927354736363904e-07 1.97496339009099e-06 62
0.75 8.835335914196756e-08 1.593263086654389e-06 98
1 7.468237572826402e-08 4.231428895555282e-07 210
1.25 8.303229710705381e-08 2.799847541916044e-07 350
1.5 9.12140435953828e-08 2.857415250050456e-07 450
1.75 1.187395192994904e-07 4.813590681498341e-07 602
2 2.008646994151824e-07 9.363291556676104e-07 762
2.25 5.849711528060275e-07 3.049667927577007e-06 1142
2.5 6.285477828138177e-07 4.291835620684781e-06 1250
2.75 7.682626860853455e-07 4.613692840275272e-06 1458
3 3.046670051078864e-07 2.832648322788929e-06 1814
3.25 2.232504766615364e-07 2.325816261223824e-06 2178
3.5 1.889644747546559e-07 2.325254386529628e-06 2498
3.75 1.79268020365645e-07 2.420743088249501e-06 2622
4 1.955277616745875e-07 2.543244864420149e-06 3338
4.25 1.924641389349346e-07 2.818031493327693e-06 3722
4.5 1.979950866607051e-07 3.129924958558723e-06 4170
4.75 1.865683740038944e-07 3.222456016134598e-06 4358
5 2.03134024091238e-07 3.723866931566768e-06 5034
5.25 2.245251885559039e-07 4.192476521546513e-06 5714
5.5 2.223647945990608e-07 4.5355641584454e-06 5982
5.75 2.364445430987757e-07 5.140219641145227e-06 6602
6 2.357284509304229e-07 5.208447260468748e-06 6923
6.25 2.24724021993733e-07 5.358229940976943e-06 7032
6.5 1.995103947210152e-07 4.954658510774115e-06 6632
6.75 1.677697898373871e-07 4.605676952668994e-06 5988
7 1.501515980205384e-07 4.350749674601604e-06 5744
7.25 1.291524123974613e-07 3.8576448788539e-06 5048
7.5 1.086437171777865e-07 3.50450691945115e-06 4452
7.75 9.742259865633081e-08 3.181247267955433e-06 3920
8 7.2922084912619e-08 2.661503302384413e-06 3096
8.25 6.133674345405262e-08 2.146611738206863e-06 2552
8.5 3.907159262674266e-08 1.454472485799618e-06 1755
8.75 2.668551128898214e-08 1.001849615154072e-06 1220
9 1.609566365721757e-08 7.627479506495738e-07 782
9.25 8.515119401254718e-09 3.793173222932829e-07 432
9.5 8.527014113519215e-09 3.340321201888926e-07 350
9.75 3.657574214482808e-09 1.79442646867186e-07 168
10 1.404081302985083e-09 4.032263412482507e-08 56
10.25 5.310813880417151e-11 1.254181875800816e-08 6
10.5 9.781225621084237e-11 8.833617791053819e-10 1

0.25 1.189875766294119e-07 1.321019252536839e-07 18
0.5 2.729827003967307e-06 2.292463772391189e-07 62
0.75 1.969869186332352e-06 1.480814232365636e-07 98
1 3.489903028967995e-07 1.547259363527229e-07 210
1.25 1.818986101558951e-07 2.303476530454115e-07 350
1.5 1.151239956855206e-07 2.553376017092185e-07 450
1.75 1.489838123753048e-07 4.626657109343358e-07 602
2 2.109069248863343e-07 1.002646733944807e-06 762
2.25 4.863033782615224e-07 3.054235265623857e-06 1142
2.5 5.878336479069271e-07 3.582437069171505e-06 1250
2.75 4.921687324045278e-07 5.32182447642803e-06 1458
3 2.797683580365089e-07 2.613112965745239e-06 1814
3.25 2.232077591267534e-07 2.147982741411151e-06 2178
3.5 2.069823005268101e-07 2.055516207098341e-06 2498
3.75 1.909334964870485e-07 2.233725266078924e-06 2622
4 1.874925088116598e-07 2.750038105378293e-06 3338
4.25 1.995919853975665e-07 2.890653429340979e-06 3722
4.5 2.001276342049822e-07 3.219725792836177e-06 4170
4.75 2.002428430317246e-07 3.258900644100785e-06 4358
5 2.054434598226104e-07 3.894061714012707e-06 5034
5.25 2.322045120168783e-07 4.432544881201009e-06 5714
5.5 2.282392967450618e-07 4.636606436282473e-06 5982
5.75 2.37886220471625e-07 5.294588017125214e-06 6602
6 2.412823700004401e-07 5.395788815356502e-06 6923
6.25 2.303952714030608e-07 5.603923634952682e-06 7032
6.5 1.978122820418576e-07 5.226445482820015e-06 6632
6.75 1.744707761057194e-07 4.722430596267858e-06 5988
7 1.561015791186318e-07 4.64186447416071e-06 5744
7.25 1.296241145396978e-07 4.109024889706339e-06 5048
7.5 1.10515788797431e-07 3.653702326196028e-06 4452
7.75 9.868288049296681e-08 3.277556116440094e-06 3920
8 7.647865077880906e-08 2.654688766169633e-06 3096
8.25 6.303826945141147e-08 2.222605318308346e-06 2552
8.5 3.980834988078017e-08 1.483549764029313e-06 1755
8.75 2.604251878796494e-08 1.013874789442989e-06 1220
9 1.822800977279178e-08 7.248155916136645e-07 782
9.25 8.904007680532292e-09 3.733236130730909e-07 432
9.5 7.984444217367787e-09 3.438411442230047e-07 350
9.75 4.239207205832147e-09 1.678608175884455e-07 168
10 7.204210419169928e-10 5.928020311140065e-08 56
10.25 2.456003137343246e-10 4.9812279500302e-09 6
10.5 5.582163508518057e-12 4.096470958724941e-09 1

0.25 1.024651746019114e-07 1.260353571391215e-07 18
0.5 1.418659801171187e-07 2.169365051197236e-06 62
0.75 6.044992734002943e-08 1.238058264820453e-06 98
1 6.469900236869832e-08 2.791339764329676e-07 210
1.25 7.649823204806487e-08 2.269459183270905e-07 350
1.5 8.844113985778346e-08 2.661617096208239e-07 450
1.75 1.169822256405301e-07 4.795798949953786e-07 602
2 1.894835932182501e-07 8.411063762719953e-07 762
2.25 4.439383580415397e-07 2.828767560960554e-06 1142
2.5 5.389756920645269e-07 3.384092758202979e-06 1250
2.75 6.000490835622209e-07 3.770976303006722e-06 1458
3 2.819713185949246e-07 2.418531114143376e-06 1814
3.25 2.089067472215496e-07 2.088779358238678e-06 2178
3.5 1.820677387361088e-07 2.171406568069603e-06 2498
3.75 1.784976942895292e-07 2.281137240337143e-06 2622
4 1.77536845904235e-07 2.654122132244153e-06 3338
4.25 1.838895191844337e-07 2.818311304656904e-06 3722
4.5 1.921355659864448e-07 3.1910089704997e-06 4170
4.75 1.88666631908128e-07 3.226755709013735e-06 4358
5 2.028325536170675e-07 3.740606767249676e-06 5034
5.25 2.235239179624622e-07 4.435321140295556e-06 5714
5.5 2.200420152580625e-07 4.565554040689159e-06 5982
5.75 2.394679482978019e-07 5.219219390784033e-06 6602
6 2.289738140429286e-07 5.430410123271932e-06 6923
6.25 2.27097116785717e-07 5.506151908646042e-06 7032
6.5 2.026302933014111e-07 4.980266990176443e-06 6632
6.75 1.654099067900937e-07 4.744583436752426e-06 5988
7 1.568155357043142e-07 4.561302775103694e-06 5744
7.25 1.335521698974037e-07 3.850851776732064e-06 5048
7.5 1.103151531938016e-07 3.496468559455749e-06 4452
7.75 9.5046639248438e-08 3.313116799943565e-06 3920
8 7.712428175244574e-08 2.564582757785769e-06 3096
8.25 6.022175199938076e-08 2.258050800723424e-06 2552
8.5 3.822152290593777e-08 1.456916058944143e-06 1755
8.75 2.609623552390613e-08 1.050086731461567e-06 1220
9 1.702920468400013e-08 7.580084589565551e-07 782
9.25 8.444567611885376e-09 3.740770945770974e-07 432
9.5 8.249846098556692e-09 3.254784841906607e-07 350
9.75 4.03548933532945e-09 1.496390755019763e-07 168
10 1.010959680210135e-09 3.779602372956447e-08 56
10.25 1.884164263695967e-10 2.308935187502076e-09 6
10.5 7.357938904990679e-11 1.570079257337115e-09 1

0.25 1.891683175744741e-07 1.159620242963954e-07 18
0.5 2.833957393012272e-06 1.745859727188234e-07 62
0.75 1.263960169014966e-06 1.095202855367129e-07 98
1 2.450952992026635e-07 1.494683820293805e-07 210
1.25 1.499656926418041e-07 1.975257495924892e-07 350
1.5 1.303095384798564e-07 2.43393804230804e-07 450
1.75 1.274929187959219e-07 5.202761808557955e-07 602
2 1.773401481428996e-07 9.08054023900744e-07 762
2.25 4.030647336537348e-07 2.625346064460857e-06 1142
2.5 4.317297879016906e-07 3.342833868631558e-06 1250
2.75 4.192448204936805e-07 4.197313465225825e-06 1458
3 2.551460727493475e-07 2.315026737992907e-06 1814
3.25 2.124903890509645e-07 2.082763830259285e-06 2178
3.5 1.804969396660657e-07 2.148701963248941e-06 2498
3.75 1.743713354621378e-07 2.248736490769001e-06 2622
4 1.908448731810827e-07 2.490325771660679e-06 3338
4.25 1.846496358590816e-07 2.89350113245602e-06 3722
4.5 1.927808165290814e-07 3.13322502825333e-06 4170
4.75 1.925553122065909e-07 3.378138535092082e-06 4358
5 2.054785145003916e-07 3.973079514862416e-06 5034
5.25 2.301491858326632e-07 4.410187268019974e-06 5714
5.5 2.229582807397961e-07 4.59111548240119e-06 5982
5.75 2.439454812589377e-07 5.196400133789311e-06 6602
6 2.422463558168185e-07 5.36197734734046e-06 6923
6.25 2.351767906631622e-07 5.446467036812244e-06 7032
6.5 2.003904534988317e-07 5.337525795649716e-06 6632
6.75 1.748432774932943e-07 4.704769836816653e-06 5988
7 1.560079523523756e-07 4.685805426830659e-06 5744
7.25 1.329547017699381e-07 4.10984326898908e-06 5048
7.5 1.119541753780447e-07 3.635926651012503e-06 4452
7.75 9.627783085581088e-08 3.271338636611527e-06 3920
8 7.768638816709186e-08 2.586099489227975e-06 3096
8.25 6.236797857533831e-08 2.125581976394523e-06 2552
8.5 4.020504984576703e-08 1.399129279926572e-06 1755
8.75 2.656275145398106e-08 1.043205079532463e-06 1220
9 1.677268408359076e-08 7.865796743843957e-07 782
9.25 9.490402607631281e-09 3.68684777164978e-07 432
9.5 7.454432607734626e-09 3.396444678128947e-07 350
9.75 3.227003824246248e-09 1.880954036660145e-07 168
10 1.050286166520495e-09 3.572562268061227e-08 56
10.25 3.256896999650689e-11 7.946451487090095e-09 6
10.5 9.647409131251969e-11 3.710996039649299e-09 1

0.25 9.603518571965113e-08 1.853740220012774e-07 18
0.5 1.073862970831553e-07 2.346440491954382e-06 62
0.75 4.547796845839519e-08 7.871166522983705e-07 98
1 5.846641178986318e-08 2.411059958107151e-07 210
1.25 7.6777946148643e-08 2.220095823390945e-07 350
1.5 8.135820005731008e-08 2.379018211803595e-07 450
1.75 1.155120323646114e-07 4.32517640723622e-07 602
2 1.669881131833924e-07 8.259846749855211e-07 762
2.25 3.914409058242117e-07 2.227983093330916e-06 1142
2.5 4.272989853457813e-07 2.917454766684134e-06 1250
2.75 4.873854486855788e-07 3.113263772380657e-06 1458
3 2.409439667943569e-07 2.212322298727549e-06 1814
3.25 1.968135967640756e-07 1.960743320726854e-06 2178
3.5 1.717383177059411e-07 2.021224913672641e-06 2498
3.75 1.706830121017091e-07 2.080589480880467e-06 2622
4 1.84867215985524e-07 2.401219931878292e-06 3338
4.25 1.807717952286124e-07 2.733261665826486e-06 3722
4.5 1.885495601002393e-07 3.073541428262305e-06 4170
4.75 1.848088029901064e-07 3.24675052010462e-06 4358
5 2.003141236403758e-07 3.864522177657932e-06 5034
5.25 2.298439322572428e-07 4.16814609930628e-06 5714
5.5 2.18444090005554e-07 4.451520058725332e-06 5982
5.75 2.350985910117471e-07 5.127163414197289e-06 6602
6 2.354769832769058e-07 5.284718012834418e-06 6923
6.25 2.230949205757388e-07 5.464436238082212e-06 7032
6.5 1.97084312476563e-07 5.111566638495856e-06 6632
6.75 1.693767807088435e-07 4.700203573790177e-06 5988
7 1.529926147740222e-07 4.491818918460054e-06 5744
7.25 1.338229276198979e-07 3.984431325181422e-06 5048
7.5 1.101781463654462e-07 3.495232802720179e-06 4452
7.75 9.498850848508945e-08 3.193637205921349e-06 3920
8 7.467215608964995e-08 2.588898039003833e-06 3096
8.25 5.959719667872402e-08 2.177864206380338e-06 2552
8.5 3.951910893729216e-08 1.398465910556148e-06 1755
8.75 2.651646853965262e-08 1.052263176677965e-06 1220
9 1.837996299668369e-08 6.864428948318598e-07 782
9.25 9.791541397344463e-09 3.773016559320491e-07 432
9.5 7.188691937281723e-09 3.155653115990847e-07 350
9.75 3.581084778596034e-09 1.610066228334701e-07 168
10 9.936990816413553e-10 5.300045308901146e-08 56
10.25 7.907287101435838e-11 3.272810121112646e-09 6
10.5 2.012316248416877e-11 2.668431447491498e-09 1

0.25 2.58680807522907e-07 9.507690309839447e-08 18
0.5 2.796043648706493e-06 9.117084260336895e-08 62
0.75 8.597516059499976e-07 8.477878458422571e-08 98
1 2.289511025816681e-07 1.098190560633711e-07 210
1.25 1.385957266439543e-07 1.744950725360462e-07 350
1.5 1.094299864609407e-07 2.566988135700066e-07 450
1.75 1.448786820375832e-07 4.070999428952078e-07 602
2 1.772762513134845e-07 7.855907592254468e-07 762
2.25 3.515693791013681e-07 2.037260764658792e-06 1142
2.5 3.531565717211602e-07 2.84873495774415e-06 1250
2.75 3.284936386012699e-07 3.517656320243089e-06 1458
3 2.230791133687595e-07 2.132332065519078e-06 1814
3.25 1.909842712433785e-07 1.961055051886842e-06 2178
3.5 1.718819628519115e-07 2.015628963538773e-06 2498
3.75 1.704443379163632e-07 2.10976873624081e-06 2622
4 1.801223042451666e-07 2.439449146932607e-06 3338
4.25 1.844636524248652e-07 2.710933405458939e-06 3722
4.5 1.920512527948931e-07 3.075300718322492e-06 4170
4.75 1.866611560630468e-07 3.249604759866922e-06 4358
5 2.139405350960454e-07 3.727944761914868e-06 5034
5.25 2.221228206512088e-07 4.497132967076989e-06 5714
5.5 2.190296289161374e-07 4.431409529989377e-06 5982
5.75 2.384364968105738e-07 5.154117320792441e-06 6602
6 2.353216809606061e-07 5.389374223788144e-06 6923
6.25 2.33066350542161e-07 5.398751666790431e-06 7032
6.5 1.999034122614435e-07 5.144914238535077e-06 6632
6.75 1.705883541592857e-07 4.674077563797223e-06 5988
7 1.558080050497048e-07 4.515556907669642e-06 5744
7.25 1.327267796223567e-07 4.09403833728046e-06 5048
7.5 1.123423980443205e-07 3.55870213765237e-06 4452
7.75 9.602318102373402e-08 3.187547589125588e-06 3920
8 7.401248265411908e-08 2.710977624936259e-06 3096
8.25 6.022624509230528e-08 2.198637901998569e-06 2552
8.5 4.037987566972031e-08 1.491179742365205e-06 1755
8.75 2.560299118145123e-08 1.08479919963579e-06 1220
9 1.785282081281137e-08 7.344100119543764e-07 782
9.25 9.610718793265187e-09 3.875784925403449e-07 432
9.5 7.519513397202885e-09 2.913985560790893e-07 350
9.75 3.763126659571838e-09 1.70880491200241e-07 168
10 1.072747311638245e-09 4.526078775301936e-08 56
10.25 2.632864245009503e-10 1.960243180156302e-09 6
10.5 8.032753876063894e-11 1.994847566069468e-10 1

0.25 8.074807932546312e-08 2.464926526133255e-07 18
0.5 5.145060629723431e-08 2.154478624868114e-06 62
0.75 3.406391808281683e-08 4.719215078873086e-07 98
1 6.200064147317301e-08 2.001915600559565e-07 210
1.25 6.524618968777529e-08 2.169956479656417e-07 350
1.5 7.897534861806784e-08 2.346761644485744e-07 450
1.75 9.612704712972131e-08 4.569320087848039e-07 602
2 1.434243884542133e-07 7.567510875973718e-07 762
2.25 3.317888195375397e-07 1.884497078203169e-06 1142
2.5 3.345522656790342e-07 2.462514356851328e-06 1250
2.75 3.986264325906774e-07 2.439135201406881e-06 1458
3 2.102668258231846e-07 2.036790102799975e-06 1814
3.25 1.81096194148403e-07 1.857451130178043e-06 2178
3.5 1.740005646277994e-07 1.801059455406858e-06 2498
3.75 1.630890182482092e-07 2.048779715080676e-06 2622
4 1.752662346959352e-07 2.413098533097257e-06 3338
4.25 1.780426258250368e-07 2.577017229777986e-06 3722
4.5 1.838647468076594e-07 3.043736388577557e-06 4170
4.75 1.76759535121524e-07 3.209809378376902e-06 4358
5 2.036491714190882e-07 3.816378675349242e-06 5034
5.25 2.151352216522078e-07 4.307923665215836e-06 5714
5.5 2.113356628412224e-07 4.461593100726339e-06 5982
5.75 2.350777507696565e-07 4.95011655941063e-06 6602
6 2.298495270030937e-07 5.291492931504551e-06 6923
6.25 2.256169842016105e-07 5.34393336303813e-06 7032
6.5 1.911132234465383e-07 5.195281467421434e-06 6632
6.75 1.642377164256492e-07 4.59795319401027e-06 5988
7 1.516335609233338e-07 4.501534093742636e-06 5744
7.25 1.279821797639657e-07 4.153368700200126e-06 5048
7.5 1.066661611426729e-07 3.647387024980247e-06 4452
7.75 9.254206385170285e-08 3.243098177632031e-06 3920
8 7.176181801739806e-08 2.615263742791901e-06 3096
8.25 5.709324844407457e-08 2.197455441470453e-06 2552
8.5 3.909399398042916e-08 1.460684740792726e-06 1755
8.75 2.562595591557752e-08 1.077360161965179e-06 1220
9 1.874644601007131e-08 6.271668656713492e-07 782
9.25 8.558665991079124e-09 3.9478075229323e-07 432
9.5 6.973958629265116e-09 3.048872197527725e-07 350
9.75 3.859938854162546e-09 1.579810697196493e-07 168
10 9.112023626326964e-10 5.594239532526673e-08 56
10.25 1.047459082515691e-10 7.638348660359676e-09 6
10.5 2.564052855376162e-11 1.937300957814439e-09 1

0.25 3.587975686654775e-07 8.982285966690123e-08 18
0.5 2.520944284122425e-06 6.599698677416933e-08 62
0.75 5.202597678296793e-07 5.866725499092917e-08 98
1 1.73787434366096e-07 1.277703304166853e-07 210
1.25 1.21402505235104e-07 1.686325505606442e-07 350
1.5 1.040122196684585e-07 2.453375697493422e-07 450
1.75 1.108543269141992e-07 4.379151961562123e-07 602
2 1.571465609657692e-07 7.049727273591675e-07 762
2.25 2.954379930705855e-07 1.760335086750414e-06 1142
2.5 2.940446825053712e-07 2.281545366206868e-06 1250
2.75 2.748242907610606e-07 2.875615106127526e-06 1458
3 2.143298118390643e-07 1.808239856444423e-06 1814
3.25 1.868793152151683e-07 1.803042120300009e-06 2178
3.5 1.642508518335471e-07 1.866304967907391e-06 2498
3.75 1.606445377044672e-07 1.988202967054729e-06 2622
4 1.757156056096434e-07 2.452595587133647e-06 3338
4.25 1.767644387808594e-07 2.655655497148763e-06 3722
4.5 1.826132712071589e-07 3.031663256355595e-06 4170
4.75 1.795651047504274e-07 3.117693755788908e-06 4358
5 2.074665623072153e-07 3.86510469848768e-06 5034
5.25 2.142155026944266e-07 4.208439022340853e-06 5714
5.5 2.057881025393856e-07 4.573853277947141e-06 5982
5.75 2.401615708466209e-07 4.891598899408849e-06 6602
6 2.399245641607702e-07 5.181463793298254e-06 6923
6.25 2.283720410001055e-07 5.395624773248757e-06 7032
6.5 1.973330611993435e-07 5.184822642010695e-06 6632
6.75 1.627991330684876e-07 4.546521203038101e-06 5988
7 1.540677798529387e-07 4.609321475431483e-06 5744
7.25 1.32251706220855e-07 4.027527123010843e-06 5048
7.5 1.099628283261507e-07 3.600639021908316e-06 4452
7.75 9.549434617098198e-08 3.181600568289026e-06 3920
8 7.339511138626778e-08 2.657496109067706e-06 3096
8.25 5.812625009903131e-08 2.153132449462022e-06 2552
8.5 3.826382369249178e-08 1.532079994128937e-06 1755
8.75 2.590921996807581e-08 1.08442210899375e-06 1220
9 1.629810052379101e-08 7.125231840017775e-07 782
9.25 9.159071667935182e-09 3.70757253603444e-07 432
9.5 7.118147867865514e-09 2.901523799435641e-07 350
9.75 3.441128318229394e-09 1.641562636972409e-07 168
10 1.234264343021679e-09 4.503186022991413e-08 56
10.25 7.824717411999034e-11 8.395212712437743e-09 6
10.5 1.026842188131525e-11 2.80548811750225e-09 1

0.25 6.288696036614386e-08 3.564613411876842e-07 18
0.5 8.565962858139456e-08 1.97985104704589e-06 62
0.75 4.055117159587382e-08 3.651256339127816e-07 98
1 5.774148483969021e-08 1.884866873126443e-07 210
1.25 6.871184709331357e-08 1.892728045744799e-07 350
1.5 7.488084079776059e-08 2.394673628361439e-07 450
1.75 8.895332187083889e-08 4.052534316745345e-07 602
2 1.382536965139338e-07 6.600388018193916e-07 762
2.25 2.854868103271019e-07 1.543763703136362e-06 1142
2.5 2.830209592499876e-07 1.923528089072596e-06 1250
2.75 3.119901944222111e-07 2.166886783175154e-06 1458
3 1.89518407786969e-07 1.82763813474053e-06 1814
3.25 1.691115453955205e-07 1.753262100390439e-06 2178
3.5 1.554937170589787e-07 1.802348880898702e-06 2498
3.75 1.52995746091802e-07 1.890448257381566e-06 2622
4 1.699522659506854e-07 2.404945152450359e-06 3338
4.25 1.705448049908036e-07 2.615793341571885e-06 3722
4.5 1.8131663987279e-07 2.885941252617694e-06 4170
4.75 1.687707032432332e-07 3.102103773200513e-06 4358
5 1.983538079740887e-07 3.792084198031972e-06 5034
5.25 2.137044825464958e-07 4.043475247168032e-06 5714
5.5 2.100323871373902e-07 4.277428087534476e-06 5982
5.75 2.332621435636739e-07 4.814459121849973e-06 6602
6 2.305996766520299e-07 5.167793602497127e-06 6923
6.25 2.13422526066299e-07 5.378465694877399e-06 7032
6.5 1.927298038868567e-07 4.948198466416231e-06 6632
6.75 1.605745304632491e-07 4.537239087838332e-06 5988
7 1.549011820852693e-07 4.502002149777052e-06 5744
7.25 1.283520017216526e-07 4.054898193079179e-06 5048
7.5 1.101547103936822e-07 3.600035047547114e-06 4452
7.75 9.228250627253737e-08 3.139757259391538e-06 3920
8 7.299894248183626e-08 2.559810074708885e-06 3096
8.25 5.710430328076491e-08 2.086978508387846e-06 2552
8.5 3.835207597358085e-08 1.533533075443772e-06 1755
8.75 2.515579534746297e-08 1.002731376560831e-06 1220
9 1.587408320359067e-08 7.320496786013537e-07 782
9.25 9.084450605604385e-09 3.519046509401709e-07 432
9.5 6.84383690071842e-09 3.099295380874646e-07 350
9.75 3.873787452145361e-09 1.486917148721425e-07 168
10 1.292280192075994e-09 4.861245293337999e-08 56
10.25 2.15178616163894e-10 1.262395132424507e-09 6
10.5 5.660758014864874e-11 4.105730162308004e-10 1

0.25 4.712791992957393e-07 4.446919606340592e-08 18
0.5 2.130276289924515e-06 1.951116170463699e-07 62
0.75 3.668967733091675e-07 7.732513376315475e-08 98
1 1.363070519549273e-07 1.189052919367973e-07 210
1.25 1.010267307835378e-07 1.767877927409268e-07 350
1.5 9.88138766921229e-08 2.461177082530248e-07 450
1.75 1.046440559546694e-07 4.112025299070341e-07 602
2 1.313503064498105e-07 6.661593340421554e-07 762
2.25 2.382551564607446e-07 1.51658549607253e-06 1142
2.5 2.421341857322716e-07 1.849162752556629e-06 1250
2.75 2.535943722850251e-07 2.175765240978854e-06 1458
3 1.820603722525676e-07 1.711370469346983e-06 1814
3.25 1.661586211328797e-07 1.731903391305456e-06 2178
3.5 1.565954125081518e-07 1.780378230067553e-06 2498
3.75 1.445479177373186e-07 1.838284604628771e-06 2622
4 1.707782346780257e-07 2.368900383387977e-06 3338
4.25 1.723786444705921e-07 2.61593501661783e-06 3722
4.5 1.765477037262105e-07 3.051106274943601e-06 4170
4.75 1.710098512550462e-07 2.970444902165469e-06 4358
5 1.953150422854274e-07 3.693193124900613e-06 5034
5.25 2.071807814584569e-07 4.145348357141385e-06 5714
5.5 2.089555426000197e-07 4.298308770648604e-06 5982
5.75 2.260918724942685e-07 4.944520866322382e-06 6602
6 2.313832767141767e-07 5.140636408866585e-06 6923
6.25 2.188146290202835e-07 5.300899943142337e-06 7032
6.5 1.884559761095938e-07 4.930548588787817e-06 6632
6.75 1.647613643510285e-07 4.549379765666452e-06 5988
7 1.532288490127885e-07 4.541896008072401e-06 5744
7.25 1.258612188919998e-07 4.022166265613058e-06 5048
7.5 1.11298259325782e-07 3.564327618240029e-06 4452
7.75 9.078226756930239e-08 3.208766032532917e-06 3920
8 7.299795839598302e-08 2.596492063762471e-06 3096
8.25 5.812706023342306e-08 2.001498404004604e-06 2552
8.5 3.903168830829473e-08 1.514146696315895e-06 1755
8.75 2.646433197472661e-08 9.881480273505689e-07 1220
9 1.628236897570154e-08 6.986436685125534e-07 782
9.25 8.663132252557336e-09 3.901988868195575e-07 432
9.5 7.257430102332126e-09 3.225596484681549e-07 350
9.75 3.597565559536189e-09 1.509981640202807e-07 168
10 8.487830068656978e-10 6.474540129104678e-08 56
10.25 4.772802418546418e-11 7.303195586956516e-09 6
10.5 3.430371571710121e-11 7.935452127135394e-10 1

0.25 3.194837088447132e-08 4.595458134702029e-07 18
0.5 2.057994273392369e-07 1.543057289830838e-06 62
0.75 5.233360297319343e-08 2.429534673201307e-07 98
1 5.112421217864823e-08 1.617738827273693e-07 210
1.25 6.310731811362431e-08 1.669341697571239e-07 350
1.5 7.196867509324943e-08 2.261894723068496e-07 450
1.75 8.224854407169804e-08 4.030474209984743e-07 602
2 1.187906412928907e-07 5.93439234714031e-07 762
2.25 2.136186001687874e-07 1.380519840256885e-06 1142
2.5 2.403455148809875e-07 1.693838840342329e-06 1250
2.75 2.451966429270263e-07 1.96631139685786e-06 1458
3 1.778098773914513e-07 1.635028862922656e-06 1814
3.25 1.57672008878894e-07 1.628760815987333e-06 2178
3.5 1.493696480765823e-07 1.710020338505448e-06 2498
3.75 1.43143352524368e-07 1.717636415644411e-06 2622
4 1.638985929751225e-07 2.301510857364057e-06 3338
4.25 1.647101717358645e-07 2.508677642892458e-06 3722
4.5 1.80881202591658e-07 2.910226291199056e-06 4170
4.75 1.694602129147154e-07 2.850108370789055e-06 4358
5 1.940282281077318e-07 3.549956594077069e-06 5034
5.25 2.050078485834978e-07 4.088782479349092e-06 5714
5.5 2.000648024173395e-07 4.259449629720121e-06 5982
5.75 2.209499176873232e-07 4.845046417867836e-06 6602
6 2.24107976884892e-07 5.030764835758492e-06 6923
6.25 2.163198624098921e-07 5.1952009908146e-06 7032
6.5 1.884634643277363e-07 4.872606485838211e-06 6632
6.75 1.625171913284481e-07 4.471031969664627e-06 5988
7 1.51344206152811e-07 4.459553587849282e-06 5744
7.25 1.25678287311859e-07 3.925552400401762e-06 5048
7.5 1.090955560174131e-07 3.5979076554208e-06 4452
7.75 9.455521898515909e-08 3.117344503122988e-06 3920
8 7.300820196863097e-08 2.536180635947963e-06 3096
8.25 5.728201135700185e-08 2.026014370127175e-06 2552
8.5 3.732886307656235e-08 1.457241004205759e-06 1755
8.75 2.492249117529542e-08 1.002385829255479e-06 1220
9 1.716451435145063e-08 6.055508599467577e-07 782
9.25 9.355153353839352e-09 3.633532878802815e-07 432
9.5 7.856646148802915e-09 3.140050798340066e-07 350
9.75 3.432356472424861e-09 1.470694740512053e-07 168
10 1.447753440880233e-09 4.641158600710742e-08 56
10.25 4.904398705638793e-11 7.957631072388058e-09 6
10.5 1.981156838466362e-15 2.264786735425416e-09 1

0.25 5.895048859061714e-07 3.236213130073919e-08 18
0.5 1.582899395921472e-06 3.330938914658048e-07 62
0.75 2.392552546806005e-07 9.312419295387931e-08 98
1 1.144457222306057e-07 1.033726078862241e-07 210
1.25 8.275243128018221e-08 1.635462225874052e-07 350
1.5 7.707899025302711e-08 2.177427247915911e-07 450
1.75 9.002103298332826e-08 3.18497784471714e-07 602
2 1.092398851641444e-07 5.801256492733116e-07 762
2.25 1.995234089485948e-07 1.271715669374569e-06 1142
2.5 2.265519596123568e-07 1.46570245514824e-06 1250
2.75 2.207584475886991e-07 1.771525840927057e-06 1458
3 1.715489566917495e-07 1.514299806317583e-06 1814
3.25 1.501351004599479e-07 1.578112891413957e-06 2178
3.5 1.470197677466853e-07 1.736115297550341e-06 2498
3.75 1.341853221390442e-07 1.719898827606501e-06 2622
4 1.680707045686959e-07 2.235817044039778e-06 3338
4.25 1.689589251405666e-07 2.400514110596748e-06 3722
4.5 1.767956775631428e-07 2.8459128529219e-06 4170
4.75 1.642647688487748e-07 2.872951538623812e-06 4358
5 1.93244586135056e-07 3.59572073031837e-06 5034
5.25 2.070195057951612e-07 3.925563211788142e-06 5714
5.5 2.062162615895582e-07 4.082413230021083e-06 5982
5.75 2.24622898429292e-07 4.735506458116152e-06 6602
6 2.191478017423345e-07 5.006315276149896e-06 6923
6.25 2.124010418516467e-07 5.06273520730787e-06 7032
6.5 1.894902612077868e-07 4.710379624183735e-06 6632
6.75 1.6189355381606e-07 4.446802915120479e-06 5988
7 1.502806406933187e-07 4.393257838336893e-06 5744
7.25 1.202455675119928e-07 3.961604704566477e-06 5048
7.5 1.057233037416193e-07 3.675420333225728e-06 4452
7.75 9.562914496287894e-08 3.025942988146373e-06 3920
8 6.909694883743463e-08 2.587278547823814e-06 3096
8.25 5.560070941621652e-08 2.070143740133602e-06 2552
8.5 3.792907133900643e-08 1.392833525844807e-06 1755
8.75 2.520350789010687e-08 9.700948697412624e-07 1220
9 1.641746549184664e-08 6.18233580595018e-07 782
9.25 8.320242227801126e-09 3.919623136388536e-07 432
9.5 7.403492950320847e-09 3.175872323520009e-07 350
9.75 3.322955105963818e-09 1.334893523577486e-07 168
10 1.038345861228587e-09 5.134597667649006e-08 56
10.25 2.090899534624659e-10 1.908126924801615e-09 6
10.5 3.171194832104024e-12 2.502163056414202e-09 1

0.25 4.520196986162274e-08 5.726033852349903e-07 18
0.5 3.529104102936074e-07 1.141632424269318e-06 62
0.75 6.89595300916751e-08 2.20431038662118e-07 98
1 7.124920643209965e-08 1.193820415563238e-07 210
1.25 6.460957728440875e-08 1.744719276848405e-07 350
1.5 7.154934643204812e-08 2.083338866907727e-07 450
1.75 7.691104839525302e-08 3.192874973157264e-07 602
2 1.057765233044913e-07 5.048836144070369e-07 762
2.25 1.965841443729175e-07 1.10530944848493e-06 1142
2.5 2.16729871225726e-07 1.336652579809853e-06 1250
2.75 2.003747278164823e-07 1.622288943709978e-06 1458
3 1.534804714915628e-07 1.473017671515223e-06 1814
3.25 1.426351305257977e-07 1.551756913064159e-06 2178
3.5 1.455317498111236e-07 1.643622773314557e-06 2498
3.75 1.295863619906724e-07 1.677424161491096e-06 2622
4 1.574755918236841e-07 2.227714576022132e-06 3338
4.25 1.574337464468364e-07 2.415968212630451e-06 3722
4.5 1.729174453989539e-07 2.810888433996212e-06 4170
4.75 1.571782737335524e-07 2.79498181853254e-06 4358
5 1.847083188194934e-07 3.49206966381198e-06 5034
5.25 1.966684417437638e-07 3.863066856761487e-06 5714
5.5 1.994488331165602e-07 4.101581825015575e-06 5982
5.75 2.217193103113856e-07 4.689536860888622e-06 6602
6 2.200843421764187e-07 4.850590308762351e-06 6923
6.25 2.0226784434041e-07 5.126253005895514e-06 7032
6.5 1.841574813841846e-07 4.75790034352022e-06 6632
6.75 1.587650404712392e-07 4.416974988091666e-06 5988
7 1.445370770160356e-07 4.262933222929793e-06 5744
7.25 1.208503870756228e-07 3.712916971926844e-06 5048
7.5 1.072161687768681e-07 3.488162761882116e-06 4452
7.75 9.129266206523538e-08 3.05640135675309e-06 3920
8 7.195985936241167e-08 2.386879382074783e-06 3096
8.25 5.682095854075475e-08 1.997950907105844e-06 2552
8.5 3.800535899677869e-08 1.323377044779781e-06 1755
8.75 2.461243723260202e-08 1.02322584089643e-06 1220
9 1.505782320891839e-08 6.865479655866803e-07 782
9.25 8.961920166260529e-09 3.556990845566219e-07 432
9.5 6.795158406871946e-09 3.19874590367424e-07 350
9.75 3.014970601695328e-09 1.332262301472001e-07 168
10 1.068375401303758e-09 5.544701347847719e-08 56
10.25 1.268234594906767e-10 4.857448482004968e-09 6
10.5 2.295461348451034e-11 2.929384166673153e-11 1

0.25 5.972556044544305e-07 9.18095095661474e-08 18
0.5 9.83188689353061e-07 5.127664559924269e-07 62
0.75 2.397157946876718e-07 1.176769665930431e-07 98
1 8.331701989507048e-08 1.172955628262406e-07 210
1.25 7.251884667300158e-08 1.607794898638047e-07 350
1.5 6.97365025388665e-08 2.284708129826073e-07 450
1.75 7.507535045773534e-08 3.205214694637591e-07 602
2 1.012453591114056e-07 5.067732675621701e-07 762
2.25 1.766478840477713e-07 1.066069947025725e-06 1142
2.5 1.786307385820415e-07 1.292760705180179e-06 1250
2.75 1.921388702358227e-07 1.386907066864471e-06 1458
3 1.477648644408181e-07 1.380880584758703e-06 1814
3.25 1.409969363786255e-07 1.460959295648496e-06 2178
3.5 1.338434545646237e-07 1.644440219366531e-06 2498
3.75 1.321995985192932e-07 1.582484898276303e-06 2622
4 1.548650256606041e-07 2.118879622191311e-06 3338
4.25 1.576718927380492e-07 2.349413416105616e-06 3722
4.5 1.699896452945933e-07 2.731196266291146e-06 4170
4.75 1.570361792186232e-07 2.640787925984458e-06 4358
5 1.818067886938007e-07 3.404521942388567e-06 5034
5.25 1.965490634492438e-07 3.735697354909506e-06 5714
5.5 1.938191796862491e-07 4.141402885788233e-06 5982
5.75 2.182410864733712e-07 4.62689168285397e-06 6602
6 2.150204599674454e-07 4.905855646243196e-06 6923
6.25 2.068170983056572e-07 4.921831578524172e-06 7032
6.5 1.840182232907305e-07 4.62474173992539e-06 6632
6.75 1.586435374369904e-07 4.341635870922421e-06 5988
7 1.425957652834162e-07 4.21956229131486e-06 5744
7.25 1.199677862111443e-07 3.613583594711783e-06 5048
7.5 1.051388257403555e-07 3.391547953753687e-06 4452
7.75 9.043070692895712e-08 2.9816491082879e-06 3920
8 7.055345514763348e-08 2.451568922737259e-06 3096
8.25 5.491879937587774e-08 2.021824050493884e-06 2552
8.5 3.632258381519294e-08 1.325520872262647e-06 1755
8.75 2.384361226602478e-08 1.037605404115279e-06 1220
9 1.529220211083025e-08 6.541579985050217e-07 782
9.25 8.357564882417478e-09 3.496030104629588e-07 432
9.5 6.985112865174542e-09 2.910964088340973e-07 350
9.75 3.346131473491423e-09 1.376037746137241e-07 168
10 1.171972237249723e-09 4.613936730984258e-08 56
10.25 1.067421979264874e-10 6.53173374186833e-09 6
10.5 3.111592424677031e-11 8.654497849998401e-11 1

0.25 1.412224574190665e-07 5.322908704005892e-07 18
0.5 5.563309467094313e-07 7.119601844150907e-07 62
0.75 1.188729739517199e-07 1.67539133565601e-07 98
1 6.071671126663023e-08 8.883144560398297e-08 210
1.25 6.253336879863593e-08 1.653908523351792e-07 350
1.5 5.720573396028017e-08 2.564733261555035e-07 450
1.75 7.166830921288426e-08 3.024359200567486e-07 602
2 9.471404447509493e-08 4.442301247144622e-07 762
2.25 1.602202712336578e-07 9.953852112297899e-07 1142
2.5 1.712916602198864e-07 1.208569864676263e-06 1250
2.75 1.625220659339339e-07 1.451124705249004e-06 1458
3 1.45875809045915e-07 1.251330086439671e-06 1814
3.25 1.387634535455816e-07 1.377293654008557e-06 2178
3.5 1.421878566605896e-07 1.500107021818648e-06 2498
3.75 1.241634453293576e-07 1.588870395315386e-06 2622
4 1.515951660185712e-07 2.071787187819451e-06 3338
4.25 1.52734851056213e-07 2.284067700807186e-06 3722
4.5 1.631916843300756e-07 2.70260758900629e-06 4170
4.75 1.542832435871012e-07 2.593661415441762e-06 4358
5 1.809871420340388e-07 3.313778692101133e-06 5034
5.25 1.899886525954335e-07 3.687510179799845e-06 5714
5.5 2.033493590904669e-07 3.835941416955423e-06 5982
5.75 2.096149334861453e-07 4.568181600386548e-06 6602
6 2.131119018758358e-07 4.839104450116829e-06 6923
6.25 2.02457642405795e-07 4.868761604127439e-06 7032
6.5 1.795997564444588e-07 4.573292490459362e-06 6632
6.75 1.596689653512685e-07 4.197751781036166e-06 5988
7 1.404025127805661e-07 4.063337016413564e-06 5744
7.25 1.137993733547519e-07 3.677846001596282e-06 5048
7.5 1.029666171975295e-07 3.343526929040684e-06 4452
7.75 8.790684569599407e-08 2.921853294988368e-06 3920
8 6.950732779294715e-08 2.49013999192498e-06 3096
8.25 5.403502711085644e-08 1.93991595531472e-06 2552
8.5 3.526980227747001e-08 1.342672817818461e-06 1755
8.75 2.42640614840786e-08 1.015489374129466e-06 1220
9 1.55558615815713e-08 6.869289174650438e-07 782
9.25 8.203961126279407e-09 3.705407777870654e-07 432
9.5 6.450166889577649e-09 2.992845267275057e-07 350
9.75 2.990242676664491e-09 1.473148882538609e-07 168
10 9.994392670629859e-10 5.255504837342867e-08 56
10.25 1.584975591489947e-10 7.710678846373099e-09 6
10.5 2.518874392542632e-13 1.279478980471193e-10 1

0.25 4.832592920264955e-07 2.52239579556228e-07 18
0.5 4.982093897094997e-07 6.551624888650552e-07 62
0.75 1.219492129973457e-07 1.391487065218723e-07 98
1 5.909677422559196e-08 9.850506392035449e-08 210
1.25 6.455588118071062e-08 1.485210523019028e-07 350
1.5 5.683778445062539e-08 2.245249920595954e-07 450
1.75 7.346881806558322e-08 2.745192003881157e-07 602
2 9.174842990663759e-08 4.1030692029282e-07 762
2.25 1.497568852713087e-07 8.684106927324306e-07 1142
2.5 1.453746849036135e-07 1.142065642336305e-06 1250
2.75 1.638177933803333e-07 1.193522783696274e-06 1458
3 1.251645657502273e-07 1.306017234140391e-06 1814
3.25 1.29919308532909e-07 1.317214176908024e-06 2178
3.5 1.294628196745662e-07 1.489537997323642e-06 2498
3.75 1.233989478226432e-07 1.563922397429858e-06 2622
4 1.477626991818384e-07 1.987981214127134e-06 3338
4.25 1.51558995385501e-07 2.220283410974591e-06 3722
4.5 1.571159106355741e-07 2.578598434511136e-06 4170
4.75 1.477692505265935e-07 2.60977790214567e-06 4358
5 1.719947031147854e-07 3.290859830748327e-06 5034
5.25 1.912933501840367e-07 3.577203764283044e-06 5714
5.5 1.916998397379306e-07 3.941739173403164e-06 5982
5.75 2.057779767802816e-07 4.523567591746968e-06 6602
6 2.132639146251317e-07 4.685512130126444e-06 6923
6.25 2.017545912073452e-07 4.81707410940289e-06 7032
6.5 1.731149928989809e-07 4.578784371005848e-06 6632
6.75 1.525390726431211e-07 4.240815647073141e-06 5988
7 1.362151469323771e-07 3.953428244519081e-06 5744
7.25 1.169157169633071e-07 3.512067944467454e-06 5048
7.5 1.026469485990506e-07 3.220449609890528e-06 4452
7.75 8.749320199088649e-08 2.840981250944279e-06 3920
8 6.805323060562326e-08 2.455966251659598e-06 3096
8.25 5.419351043851017e-08 1.815081253626053e-06 2552
8.5 3.347652816558012e-08 1.322336474169339e-06 1755
8.75 2.484735727757931e-08 9.71639022202864e-07 1220
9 1.559257907837928e-08 6.339059888075046e-07 782
9.25 8.414053417829078e-09 3.345167593093265e-07 432
9.5 7.35200038207634e-09 2.783821764278658e-07 350
9.75 3.538194046314672e-09 1.287543120396437e-07 168
10 1.070545742215757e-09 4.814280581751522e-08 56
10.25 1.553840735671493e-10 4.581581041563327e-09 6
10.5 3.420311844141052e-12 3.530006528382391e-10 1

0.25 3.92507652733334e-07 3.55699219431944e-07 18
0.5 6.806105568420241e-07 3.497413386381872e-07 62
0.75 1.582962246614907e-07 1.109728350723794e-07 98
1 7.273954759321578e-08 8.772359870455124e-08 210
1.25 6.436230210489365e-08 1.373411455928779e-07 350
1.5 5.798733411280759e-08 2.505371234600727e-07 450
1.75 6.857785442695528e-08 2.407882265225803e-07 602
2 8.549489755357177e-08 4.452976281522614e-07 762
2.25 1.530335451425038e-07 8.136936874878692e-07 1142
2.5 1.456864152578615e-07 1.005544356317265e-06 1250
2.75 1.508507747234769e-07 1.103206169719138e-06 1458
3 1.311045939321214e-07 1.153598770831671e-06 1814
3.25 1.267229798619284e-07 1.319983026138038e-06 2178
3.5 1.294616929240435e-07 1.431142323383728e-06 2498
3.75 1.236587894735897e-07 1.466609830620999e-06 2622
4 1.421686728968106e-07 1.94555412485482e-06 3338
4.25 1.460998090860767e-07 2.176407467503731e-06 3722
4.5 1.549422775210665e-07 2.51627344047643e-06 4170
4.75 1.455650308230701e-07 2.637736708229999e-06 4358
5 1.691147316715459e-07 3.106064125517406e-06 5034
5.25 1.896457921318064e-07 3.478787055429018e-06 5714
5.5 1.897008199085048e-07 3.906126361284476e-06 5982
5.75 2.011491561146341e-07 4.38142120202726e-06 6602
6 2.05603683927063e-07 4.724757840087078e-06 6923
6.25 1.982654456470854e-07 4.753937976135535e-06 7032
6.5 1.713360463087387e-07 4.49590636016826e-06 6632
6.75 1.481406136608332e-07 4.28065498275131e-06 5988
7 1.376969295528048e-07 3.799127512223756e-06 5744
7.25 1.121635225255444e-07 3.597037545492342e-06 5048
7.5 9.806337919239085e-08 3.208723407698594e-06 4452
7.75 8.587846287560411e-08 2.878723270412022e-06 3920
8 6.638381817089305e-08 2.391038378453436e-06 3096
8.25 5.333789785842936e-08 1.88217959400018e-06 2552
8.5 3.377192753546836e-08 1.329248166869914e-06 1755
8.75 2.276179263022054e-08 1.038092463783902e-06 1220
9 1.555452619824238e-08 5.812015814742125e-07 782
9.25 7.641056776434409e-09 3.467661244742617e-07 432
9.5 6.539575072234912e-09 3.174903559948167e-07 350
9.75 3.040609971452776e-09 1.509955809441244e-07 168
10 1.009411674043608e-09 4.393249063976981e-08 56
10.25 5.243107824579627e-11 5.744632886924645e-09 6
10.5 1.779813552375e-11 5.154532489633959e-14 1

0.25 2.232177774080697e-07 4.629326228212472e-07 18
0.5 1.902233980870081e-07 7.1897792854087e-07 62
0.75 5.371071577021609e-08 1.723093366544405e-07 98
1 3.481440619945742e-08 9.480771156425122e-08 210
1.25 5.247383796891247e-08 1.245798228259238e-07 350
1.5 5.636837807407305e-08 2.266725932421468e-07 450
1.75 5.817668901481673e-08 2.585573069231169e-07 602
2 8.356932898198577e-08 3.765176003564452e-07 762
2.25 1.300514549237163e-07 7.628715324764976e-07 1142
2.5 1.314221729940003e-07 9.404888647839612e-07 1250
2.75 1.28771890824826e-07 1.100871622680881e-06 1458
3 1.20830194880757e-07 1.078835341443391e-06 1814
3.25 1.18241254018024e-07 1.251381577656628e-06 2178
3.5 1.220962481706297e-07 1.387383839484834e-06 2498
3.75 1.190944611922896e-07 1.41281485219912e-06 2622
4 1.375986866166707e-07 1.892123236114862e-06 3338
4.25 1.431287018094047e-07 2.130039896966337e-06 3722
4.5 1.484430265517738e-07 2.40851920716283e-06 4170
4.75 1.391579102738437e-07 2.498424613744518e-06 4358
5 1.66745879892894e-07 2.948608564002145e-06 5034
5.25 1.82736167644525e-07 3.473836144054772e-06 5714
5.5 1.85102540729861e-07 3.865161486488971e-06 5982
5.75 1.968140332123468e-07 4.328297192368028e-06 6602
6 2.015488491614666e-07 4.501897682061224e-06 6923
6.25 1.965019931299121e-07 4.634741073950691e-06 7032
6.5 1.701588353396835e-07 4.506803752760367e-06 6632
6.75 1.478951212636131e-07 4.107695937960168e-06 5988
7 1.310962796711253e-07 3.905032024283857e-06 5744
7.25 1.089335466278109e-07 3.414743179826994e-06 5048
7.5 9.892923597655077e-08 3.179824513247725e-06 4452
7.75 8.29178046569739e-08 2.836462869135914e-06 3920
8 7.0062452041416e-08 2.191227152498445e-06 3096
8.25 5.069693138078056e-08 1.874832107150173e-06 2552
8.5 3.380442812365332e-08 1.290567351343926e-06 1755
8.75 2.240473576410868e-08 9.853621561907095e-07 1220
9 1.449671081011813e-08 5.876970579849972e-07 782
9.25 8.143446534781602e-09 3.204803868433796e-07 432
9.5 7.308410555102669e-09 2.515036411259045e-07 350
9.75 2.986260227897524e-09 1.441691983728934e-07 168
10 9.963510910254633e-10 4.261220208231595e-08 56
10.25 1.618602399675734e-10 1.752116239998948e-09 6
10.5 3.285758435573146e-12 9.721459320653071e-10 1

0.25 5.299791412893479e-07 1.512497546825556e-07 18
0.5 7.148915025302565e-07 1.003262648023354e-07 62
0.75 1.718658119202534e-07 4.998414556979171e-08 98
1 6.363412747236258e-08 8.065912695680827e-08 210
1.25 5.592865773214586e-08 1.364214458565706e-07 350
1.5 6.295715245412404e-08 1.882563987586772e-07 450
1.75 6.781514785767928e-08 2.429388824873152e-07 602
2 8.236237054235044e-08 3.908684560940989e-07 762
2.25 1.238649528618849e-07 7.558978957396421e-07 1142
2.5 1.295398973708875e-07 8.54106985302804e-07 1250
2.75 1.263892272383934e-07 9.524908124863583e-07 1458
3 1.131974398754004e-07 1.053470500954879e-06 1814
3.25 1.098103984513755e-07 1.21035931757754e-06 2178
3.5 1.170087656314346e-07 1.368955192214271e-06 2498
3.75 1.112710993334645e-07 1.405265349834537e-06 2622
4 1.29815361124214e-07 1.859944244552503e-06 3338
4.25 1.412215691706974e-07 2.023618872768175e-06 3722
4.5 1.456037951207848e-07 2.33637872507598e-06 4170
4.75 1.403122325307001e-07 2.499363868788975e-06 4358
5 1.594083533335706e-07 2.962955618097139e-06 5034
5.25 1.7908587571824e-07 3.511447761014799e-06 5714
5.5 1.84617894336446e-07 3.699437177080321e-06 5982
5.75 1.935568518014291e-07 4.147353714660466e-06 6602
6 1.934486837560986e-07 4.450099041652743e-06 6923
6.25 1.879336894993581e-07 4.650489101878794e-06 7032
6.5 1.683915054814648e-07 4.435226570706026e-06 6632
6.75 1.429141536192783e-07 4.052586980631763e-06 5988
7 1.35777603566195e-07 3.648764187136421e-06 5744
7.25 1.1250499286064e-07 3.346296840107008e-06 5048
7.5 9.608144098885046e-08 3.179661712949977e-06 4452
7.75 8.30294709490791e-08 2.800681303587126e-06 3920
8 6.495695506221044e-08 2.291347147887969e-06 3096
8.25 5.220300090623072e-08 1.88243256991513e-06 2552
8.5 3.227303530337834e-08 1.3138314731069e-06 1755
8.75 2.429000739915547e-08 8.719853170067903e-07 1220
9 1.386464455159384e-08 5.984998342859298e-07 782
9.25 7.882439919805388e-09 3.261719967164757e-07 432
9.5 5.95461363527671e-09 3.075099628539404e-07 350
9.75 3.194863391769631e-09 1.365522483695408e-07 168
10 1.143450085492901e-09 5.036779157413591e-08 56
10.25 9.385254813909717e-11 3.955763927527146e-09 6
10.5 2.259523044287487e-11 1.20000480564941e-09 1

0.25 8.000030023338115e-08 5.837435984369285e-07 18
0.5 4.300892837853005e-08 6.088815685658545e-07 62
0.75 2.060990670846578e-08 1.471116105085253e-07 98
1 3.796582279027421e-08 8.56101794434721e-08 210
1.25 4.632343680612448e-08 1.359883170196952e-07 350
1.5 5.589256344126609e-08 1.712279421291147e-07 450
1.75 5.961628789019101e-08 2.430154647472771e-07 602
2 7.480087253734178e-08 3.73121640753585e-07 762
2.25 1.109308336933413e-07 7.289131525756284e-07 1142
2.5 1.178591957995941e-07 7.737719975341043e-07 1250
2.75 1.151441365079922e-07 9.300430226824815e-07 1458
3 1.053357840543752e-07 9.787793031350874e-07 1814
3.25 1.06826876396867e-07 1.150906915764077e-06 2178
3.5 1.179456391441503e-07 1.269724854551561e-06 2498
3.75 1.064087958832271e-07 1.369056827838499e-06 2622
4 1.28925566937444e-07 1.788464159082202e-06 3338
4.25 1.335201498246362e-07 1.998030615474498e-06 3722
4.5 1.38323306731429e-07 2.329711331010143e-06 4170
4.75 1.374223913797474e-07 2.40803834945953e-06 4358
5 1.532798482579111e-07 2.900895377529755e-06 5034
5.25 1.705278406281524e-07 3.421002742169636e-06 5714
5.5 1.72711098347325e-07 3.597953963118621e-06 5982
5.75 1.85679890094605e-07 4.106755756033863e-06 6602
6 1.90750583379588e-07 4.248679260634761e-06 6923
6.25 1.837154884084606e-07 4.466963435242184e-06 7032
6.5 1.61638716105312e-07 4.292984083665928e-06 6632
6.75 1.384434715528751e-07 3.951979478775625e-06 5988
7 1.265950460688181e-07 3.766097399834678e-06 5744
7.25 1.070085955805194e-07 3.400819584161987e-06 5048
7.5 9.509206785371886e-08 3.140152400724467e-06 4452
7.75 8.276514542983994e-08 2.675246068694736e-06 3920
8 6.488130118865871e-08 2.210845013764755e-06 3096
8.25 5.065148140970937e-08 1.820851523608316e-06 2552
8.5 3.326399434421601e-08 1.239857692917364e-06 1755
8.75 2.356375747149148e-08 8.920818536909242e-07 1220
9 1.404320954661142e-08 5.520598867891597e-07 782
9.25 7.988919685831828e-09 3.326054816240498e-07 432
9.5 6.630192279898364e-09 2.754438994951485e-07 350
9.75 3.254715252093472e-09 1.195651250573154e-07 168
10 1.11357126299933e-09 4.059424638926017e-08 56
10.25 2.637284049916862e-11 5.106741530001031e-09 6
10.5 5.248770571029798e-11 8.876538486875976e-12 1

0.25 6.677451084699028e-07 3.955220509209345e-08 18
0.5 5.681453598782093e-07 6.933520517589581e-08 62
0.75 1.509752592365459e-07 3.571332156717031e-08 98
1 5.406400711822364e-08 6.691153373043804e-08 210
1.25 5.882995699541351e-08 1.250271520977923e-07 350
1.5 5.345712211705758e-08 1.609420027268481e-07 450
1.75 6.627806857723117e-08 2.319944726150475e-07 602
2 7.784518688802871e-08 3.361747363683801e-07 762
2.25 1.092878917880399e-07 6.609641339732347e-07 1142
2.5 1.084958642232899e-07 7.621258726504445e-07 1250
2.75 1.072861843951698e-07 8.773127366286008e-07 1458
3 1.033829696265311e-07 9.559077401477481e-07 1814
3.25 1.094545418665052e-07 1.107438387752456e-06 2178
3.5 1.069971998427716e-07 1.293683058664963e-06 2498
3.75 1.038437611713046e-07 1.332106585623437e-06 2622
4 1.23103716155412e-07 1.752824945032983e-06 3338
4.25 1.324209472406123e-07 1.941173563578643e-06 3722
4.5 1.347466558606909e-07 2.293501532384939e-06 4170
4.75 1.339532126749289e-07 2.416505892017499e-06 4358
5 1.51718326135862e-07 2.833583002028538e-06 5034
5.25 1.710640193743366e-07 3.26702398023069e-06 5714
5.5 1.648008989208872e-07 3.622393953287983e-06 5982
5.75 1.895024206082554e-07 3.895588254032245e-06 6602
6 1.841839964498413e-07 4.264282199009969e-06 6923
6.25 1.848175882677677e-07 4.459489952450436e-06 7032
6.5 1.610981738258458e-07 4.123788022436611e-06 6632
6.75 1.385769460584587e-07 3.801300120421115e-06 5988
7 1.287035600243874e-07 3.720523855634489e-06 5744
7.25 1.096004228507916e-07 3.24271672740379e-06 5048
7.5 9.335411108971241e-08 3.071854165392649e-06 4452
7.75 7.998021948143465e-08 2.726068528415283e-06 3920
8 6.397416624387016e-08 2.191520415782403e-06 3096
8.25 5.014780820242403e-08 1.806623139637685e-06 2552
8.5 3.296211413378959e-08 1.232429528126859e-06 1755
8.75 2.220333592116663e-08 9.205143336697192e-07 1220
9 1.343779875193808e-08 5.398184522003027e-07 782
9.25 7.148279133336158e-09 3.780071382810872e-07 432
9.5 6.372842093770846e-09 2.633931637641875e-07 350
9.75 2.522620873820286e-09 1.476419924016905e-07 168
10 8.278712307977422e-10 4.589340343129378e-08 56
10.25 8.327529795121927e-11 2.661328682693018e-09 6
10.5 3.578947621296539e-12 1.256766057612012e-09 1

0.25 4.129173045478909e-08 6.021838290437506e-07 18
0.5 1.081172538184471e-07 4.479877440562971e-07 62
0.75 4.17280360802002e-08 1.189049110849866e-07 98
1 4.357619596697166e-08 7.937913791826252e-08 210
1.25 4.578597100459937e-08 1.04917239998511e-07 350
1.5 4.584089062144133e-08 1.603456315238448e-07 450
1.75 5.372780992096117e-08 2.642965648587996e-07 602
2 6.052380120578763e-08 3.521903483767217e-07 762
2.25 1.064070582262575e-07 5.688773255387395e-07 1142
2.5 9.895705932558328e-08 6.75712807200638e-07 1250
2.75 1.019459242368056e-07 8.029041214522379e-07 1458
3 9.21389356625595e-08 9.235087594348326e-07 1814
3.25 1.024029552013953e-07 1.072588126055356e-06 2178
3.5 1.044902131488139e-07 1.225087077051417e-06 2498
3.75 1.029837072083107e-07 1.280970524069316e-06 2622
4 1.170583093140802e-07 1.683107727647361e-06 3338
4.25 1.249329309590685e-07 1.926134528228395e-06 3722
4.5 1.307625395873631e-07 2.202028279418309e-06 4170
4.75 1.278613036787064e-07 2.348670106208473e-06 4358
5 1.482752866680253e-07 2.747178431554532e-06 5034
5.25 1.680211298966344e-07 3.206413880038052e-06 5714
5.5 1.632364588974019e-07 3.404763781665079e-06 5982
5.75 1.767685838181492e-07 3.908063324427515e-06 6602
6 1.835190633134929e-07 4.169520551565512e-06 6923
6.25 1.776546503415074e-07 4.30315396447839e-06 7032
6.5 1.609865876952901e-07 4.031057645243541e-06 6632
6.75 1.337683068196881e-07 3.813896747919085e-06 5988
7 1.271544582757999e-07 3.703748466635075e-06 5744
7.25 1.041481997279751e-07 3.205569823758162e-06 5048
7.5 8.981127632704264e-08 2.967681815829006e-06 4452
7.75 7.955591954316002e-08 2.651778897512464e-06 3920
8 6.091052720320882e-08 2.23570237639685e-06 3096
8.25 4.975200080905913e-08 1.760664415250079e-06 2552
8.5 3.211958022611428e-08 1.229669592189378e-06 1755
8.75 2.273193800344407e-08 8.795964964412843e-07 1220
9 1.32551489204229e-08 5.693872485246407e-07 782
9.25 8.53429790530346e-09 3.01312807022299e-07 432
9.5 5.800231567187423e-09 2.628364428120655e-07 350
9.75 3.25561096559178e-09 1.158188717587547e-07 168
10 1.067174090960175e-09 4.952396095542796e-08 56
10.25 1.244942235457464e-10 9.942732751587326e-10 6
10.5 1.035795708451193e-12 5.967635444180272e-10 1

0.25 5.232455565100949e-07 1.163053623213869e-07 18
0.5 3.892083105828814e-07 2.039983462345355e-07 62
0.75 7.562803860518401e-08 9.634672061724311e-08 98
1 5.413420256577086e-08 7.891197459762292e-08 210
1.25 4.256306439289703e-08 1.100555039689007e-07 350
1.5 4.374144209424667e-08 1.635456329423741e-07 450
1.75 5.589236840768588e-08 2.46275757840529e-07 602
2 6.435520545955011e-08 3.181684360967295e-07 762
2.25 9.716829133116195e-08 5.612131815575862e-07 1142
2.5 9.548804408802333e-08 6.248715519836049e-07 1250
2.75 9.675189430597078e-08 7.623844958166599e-07 1458
3 9.101229486608681e-08 8.667030613274042e-07 1814
3.25 9.832465066239979e-08 1.059732710911829e-06 2178
3.5 1.003842342487683e-07 1.192308972473266e-06 2498
3.75 9.955651738362483e-08 1.29697685457904e-06 2622
4 1.174938172121797e-07 1.634413817051523e-06 3338
4.25 1.189196905782829e-07 1.870313609809891e-06 3722
4.5 1.308238571263252e-07 2.1167955962776e-06 4170
4.75 1.292282540185312e-07 2.211507702175732e-06 4358
5 1.420577496364914e-07 2.693831965125488e-06 5034
5.25 1.615899106745996e-07 3.169763380901688e-06 5714
5.5 1.597754853211795e-07 3.296276615240408e-06 5982
5.75 1.756238117267166e-07 3.814289298164889e-06 6602
6 1.790177292650848e-07 4.047446150995812e-06 6923
6.25 1.746673737353793e-07 4.203953761640928e-06 7032
6.5 1.535936855480364e-07 4.039265489852927e-06 6632
6.75 1.330492280120659e-07 3.736722616231846e-06 5988
7 1.226610105629428e-07 3.67983157855964e-06 5744
7.25 1.036635034129426e-07 3.113674079659221e-06 5048
7.5 8.864805711900921e-08 2.908667848032441e-06 4452
7.75 7.87145991937575e-08 2.587031814708845e-06 3920
8 6.06108546945129e-08 2.144640206848885e-06 3096
8.25 5.082799012621518e-08 1.735915376691162e-06 2552
8.5 3.058277475278481e-08 1.275807649886884e-06 1755
8.75 2.357334874643392e-08 8.299264082855167e-07 1220
9 1.338257840235282e-08 5.443250700110707e-07 782
9.25 7.742751382225173e-09 3.033976296048057e-07 432
9.5 6.242853867901595e-09 2.374204361802611e-07 350
9.75 2.905533661296724e-09 1.313973257803717e-07 168
10 1.005127948227508e-09 5.165677598652454e-08 56
10.25 3.302121010622257e-11 4.608979513345357e-09 6
10.5 6.234686863261173e-12 5.391444343889841e-12 1

0.25 2.206633595353749e-07 3.850394974205654e-07 18
0.5 2.624137886104685e-07 2.716141591294228e-07 62
0.75 6.778117840248658e-08 5.881018943005943e-08 98
1 4.127185869794173e-08 7.897939322130953e-08 210
1.25 4.770585718886668e-08 1.045586483604461e-07 350
1.5 4.1720532190561e-08 1.559372897559553e-07 450
1.75 5.320845081068342e-08 2.253987630682286e-07 602
2 6.34548165346155e-08 2.92209620017735e-07 762
2.25 8.472553658521072e-08 5.406071822587701e-07 1142
2.5 8.637070194812252e-08 6.453906018177152e-07 1250
2.75 8.91536144486858e-08 7.398274233877153e-07 1458
3 9.280460390137524e-08 8.150972763509451e-07 1814
3.25 1.014836652542936e-07 9.820352114036722e-07 2178
3.5 1.001448020316546e-07 1.130028631510142e-06 2498
3.75 1.008545425847334e-07 1.229769664313039e-06 2622
4 1.108710910043966e-07 1.66308884470461e-06 3338
4.25 1.191481758912102e-07 1.763620816635867e-06 3722
4.5 1.273936009552167e-07 2.064438255440687e-06 4170
4.75 1.256349383164294e-07 2.185492080840987e-06 4358
5 1.403654396663309e-07 2.614078207442821e-06 5034
5.25 1.603001096281135e-07 3.111025504994138e-06 5714
5.5 1.549418196884689e-07 3.267849321779453e-06 5982
5.75 1.706430396100352e-07 3.735381492219787e-06 6602
6 1.72861132863115e-07 4.028403105474802e-06 6923
6.25 1.740981679493715e-07 4.160206948522926e-06 7032
6.5 1.487320331847268e-07 3.97432329657061e-06 6632
6.75 1.367824601822816e-07 3.53810560075779e-06 5988
7 1.21004356337628e-07 3.615229842853742e-06 5744
7.25 9.892455720860151e-08 3.118969105859381e-06 5048
7.5 8.735161683389586e-08 2.86165605268578e-06 4452
7.75 7.616172687108723e-08 2.564856454775313e-06 3920
8 5.876468639079896e-08 2.057720297985044e-06 3096
8.25 5.044521549339911e-08 1.755317028833593e-06 2552
8.5 3.179959074069328e-08 1.243148683770252e-06 1755
8.75 2.14512739805647e-08 8.515819327274867e-07 1220
9 1.284952786225755e-08 5.232347528128759e-07 782
9.25 6.605010948389385e-09 3.288440713127849e-07 432
9.5 5.3979010646394e-09 2.620194993557097e-07 350
9.75 2.928403362084375e-09 1.491079686122551e-07 168
10 8.554201372193497e-10 5.517499242792383e-08 56
10.25 4.186022508698559e-11 5.491236674184851e-09 6
10.5 2.005184318031553e-12 6.406646591237716e-12 1

0.25 2.188097044437972e-07 3.841233773460541e-07 18
0.5 1.139433740519847e-07 3.45004101405558e-07 62
0.75 3.920456010850277e-08 8.318255056677344e-08 98
1 4.039542417567071e-08 7.686283579182624e-08 210
1.25 3.825327265100962e-08 1.010668216533642e-07 350
1.5 4.297299391419458e-08 1.390161370197027e-07 450
1.75 5.267287129364175e-08 2.00128142326198e-07 602
2 6.27946635581563e-08 2.869037814608857e-07 762
2.25 8.257423341946911e-08 4.77764411431497e-07 1142
2.5 8.083438913247888e-08 5.786337249029764e-07 1250
2.75 8.423628260163181e-08 6.819090637681484e-07 1458
3 8.684945074799254e-08 7.988502513363964e-07 1814
3.25 9.60897391972051e-08 9.225147246212772e-07 2178
3.5 9.920952853189071e-08 1.038895883008206e-06 2498
3.75 9.708421943030835e-08 1.217620147758908e-06 2622
4 1.120266728269549e-07 1.564067528562593e-06 3338
4.25 1.193319548358627e-07 1.714019403366459e-06 3722
4.5 1.190199181098035e-07 2.056901780071035e-06 4170
4.75 1.219931647678291e-07 2.134793094867519e-06 4358
5 1.344519688264054e-07 2.571353490675552e-06 5034
5.25 1.55113506231374e-07 3.012005792956599e-06 5714
5.5 1.497324671061728e-07 3.173618138385153e-06 5982
5.75 1.689173795872695e-07 3.561064026765484e-06 6602
6 1.692780261577971e-07 3.980401545455804e-06 6923
6.25 1.677345768903476e-07 4.172275614054582e-06 7032
6.5 1.502585674219574e-07 3.816291488596423e-06 6632
6.75 1.307068548449693e-07 3.520975253284179e-06 5988
7 1.189541422302903e-07 3.477856197224707e-06 5744
7.25 9.58485809849162e-08 3.068460664942134e-06 5048
7.5 8.728692362692092e-08 2.791885504290339e-06 4452
7.75 7.565703488971871e-08 2.44737354462947e-06 3920
8 5.795361755403931e-08 1.965116195120626e-06 3096
8.25 4.709174382647336e-08 1.750496741760166e-06 2552
8.5 3.189283246118934e-08 1.210937488781342e-06 1755
8.75 2.023862001122523e-08 8.426202351758393e-07 1220
9 1.209927927287004e-08 5.532248803800697e-07 782
9.25 7.451715580230266e-09 2.935739238008424e-07 432
9.5 5.871822127429894e-09 2.412051922193035e-07 350
9.75 3.346226114829522e-09 1.250088451226658e-07 168
10 1.167420771661165e-09 3.436902744915318e-08 56
10.25 8.848624478036117e-11 2.25221132428578e-09 6
10.5 3.166928633250705e-12 1.432099942841757e-10 1

0.25 5.2007043400494e-07 8.379358392681985e-08 18
0.5 3.587069723808309e-07 7.095107570361033e-08 62
0.75 7.274022538125616e-08 4.138090443316859e-08 98
1 4.832724195768322e-08 6.456135945531562e-08 210
1.25 4.399192328132122e-08 1.016621470749011e-07 350
1.5 4.410106408319785e-08 1.312488347574539e-07 450
1.75 5.166946899792618e-08 2.129747266963024e-07 602
2 5.718633260149746e-08 3.073249650670403e-07 762
2.25 8.163310356435242e-08 4.537220143994714e-07 1142
2.5 7.586323342272834e-08 5.476261709122703e-07 1250
2.75 8.399577883967808e-08 6.22125792746155e-07 1458
3 8.224926158150596e-08 7.902871136644081e-07 1814
3.25 9.070354721862127e-08 9.019883920301891e-07 2178
3.5 9.076161211843838e-08 1.050625971106347e-06 2498
3.75 9.405951133249573e-08 1.193368007712046e-06 2622
4 1.130854714451209e-07 1.483111226996251e-06 3338
4.25 1.140740656736133e-07 1.679976232341343e-06 3722
4.5 1.203641814976458e-07 1.946254216221398e-06 4170
4.75 1.156971490711371e-07 2.118302115293699e-06 4358
5 1.345994428818667e-07 2.479293749909208e-06 5034
5.25 1.497350467514434e-07 3.007532466889586e-06 5714
5.5 1.523861644196743e-07 3.074725177695788e-06 5982
5.75 1.629336016814401e-07 3.578895459122008e-06 6602
6 1.709355135157745e-07 3.816388101995804e-06 6923
6.25 1.690310604178084e-07 3.996182543599664e-06 7032
6.5 1.440753689892542e-07 3.832306665997658e-06 6632
6.75 1.238899597417497e-07 3.556336771217715e-06 5988
7 1.176405071752166e-07 3.363349102186717e-06 5744
7.25 9.688757195660261e-08 2.978471006964564e-06 5048
7.5 8.386923463656094e-08 2.865193327885124e-06 4452
7.75 7.281448579681862e-08 2.524997931714317e-06 3920
8 5.760204375344322e-08 1.910303934453677e-06 3096
8.25 4.692957167513902e-08 1.715904897035011e-06 2552
8.5 3.026163326124057e-08 1.210384029877796e-06 1755
8.75 2.049631097773818e-08 8.246606389845746e-07 1220
9 1.295635242665229e-08 5.037860875328117e-07 782
9.25 7.087815518923338e-09 2.842630586637585e-07 432
9.5 5.801141903775963e-09 2.530199731652451e-07 350
9.75 2.638161807606794e-09 1.369854645826623e-07 168
10 9.33638518491622e-10 4.192281964087686e-08 56
10.25 6.520270803919164e-11 2.634991723360823e-09 6
10.5 2.573704326738298e-14 1.198282115131293e-10 1

