1:binCentralValue 2:valuesAverage 3:valuesAverage 4:multiplicity
0.5 3.100765100888354e-17 1.904357556244723e-15 18
1 2.198899086397566e-16 2.524196852767122e-14 62
1.5 5.345409184323462e-16 6.449158078584662e-14 98
2 1.624481441774744e-15 1.710244423026969e-13 210
2.5 3.347891426062071e-15 3.877842816059117e-13 350
3 5.407895152537694e-15 5.569513913304863e-13 450
3.5 8.277719721555677e-15 1.016477929197535e-12 602
4 4.822319442865114e-15 5.593259160257314e-13 762
4.5 4.565099535801641e-47 5.33909388356027e-45 1142
5 5.388780577971881e-47 6.328532324624632e-45 1250
5.5 5.405829956252477e-47 6.891070837936739e-45 1458
6 5.557717968362432e-47 7.047896988496802e-45 1814
6.5 6.402369554371588e-47 7.31154740936036e-45 2178
7 5.568828500734791e-47 6.674426124330388e-45 2498
7.5 6.195606928131311e-47 7.215004850341711e-45 2622
8 5.341145147783646e-47 5.748398158758042e-45 3338
8.5 6.137640402712695e-47 6.346435538164219e-45 3722
9 8.390477289476419e-47 1.044342880593174e-44 4170
9.5 1.081894561146116e-46 1.184228179799379e-44 4358
10 9.388325830084737e-47 1.093522097471653e-44 5034
10.5 9.538237620265555e-47 1.140034590630861e-44 5714
11 9.687933369438601e-47 1.162239096786829e-44 5982
11.5 7.972978143372267e-47 1.041202842982122e-44 6602
12 7.977904908759588e-47 1.021933571576105e-44 7130
12.5 1.264219214292473e-46 1.304116084728729e-44 8034
13 1.499449983056158e-46 1.47545991664983e-44 8606
13.5 1.32602328148044e-46 1.469509645176768e-44 9066
14 1.506171693590113e-46 1.801942184705556e-44 9962
14.5 1.674533338451895e-46 2.125066156213144e-44 10550
15 1.948891999396865e-46 2.115548311481906e-44 11226
15.5 1.887613257279598e-46 2.281968245641683e-44 12146
16 1.835046983078439e-46 2.063410196740684e-44 12606
16.5 1.975830059592806e-46 2.313032329333808e-44 13802
17 2.475304141989899e-46 2.768258942110466e-44 14754
17.5 2.999815434616114e-46 3.381119173475802e-44 15194
18 3.076644937775278e-46 3.198789552913992e-44 16454
18.5 2.701687919467913e-46 3.401491351712674e-44 17154
19 2.381141386303995e-46 2.766801616151789e-44 18266
19.5 2.186548981690798e-46 2.30105981627809e-44 18750
20 2.014046987880062e-46 2.363823018462321e-44 20234
20.5 2.394165329598e-46 2.876267297467854e-44 21450
21 2.508195703822098e-46 2.761583585386767e-44 21962
21.5 2.858655761541705e-46 3.168111641246671e-44 23462
22 2.502209941261326e-46 3.087571178156428e-44 24042
22.5 3.203630625853751e-46 3.484555868953033e-44 25946
23 2.947577230560001e-46 3.235836569059338e-44 26118
23.5 2.976659788065094e-46 3.662986994905547e-44 27506
24 2.916768045092804e-46 3.216166230668054e-44 29066
24.5 3.409219361677559e-46 3.801646640979122e-44 30450
25 3.497310159207941e-46 3.88053724568857e-44 31742
25.5 3.613566766345624e-46 4.749593926646431e-44 32250
26 3.626124025711482e-46 4.091263646976345e-44 34250
26.5 4.141457098304559e-46 4.910165388512353e-44 35454
27 3.972361984476067e-46 4.473933496684216e-44 36434
27.5 3.964442934151414e-46 4.927455927164479e-44 37682
28 3.72910989775703e-46 4.271478676658717e-44 39294
28.5 4.623131046719509e-46 4.956805727824268e-44 41426
29 5.583525205247841e-46 6.09667168036136e-44 42066
29.5 5.670554206451728e-46 6.910182104865156e-44 43490
30 5.537890977259861e-46 7.293448893518158e-44 45702
30.5 7.229278978144351e-46 9.335519456609314e-44 46634
31 7.73380364595675e-46 9.03436932826233e-44 48554
31.5 6.846241299980381e-46 7.923937927896032e-44 48870
32 5.352650149486876e-46 6.103812336859874e-44 50963
32.5 4.113905236488052e-46 4.934488951019588e-44 51576
33 3.741497961121872e-46 4.377762127538985e-44 49316
33.5 3.516773354816151e-46 4.421022559533822e-44 49344
34 3.361353769783443e-46 4.062035690231836e-44 47192
34.5 3.534044816212189e-46 4.253542133065859e-44 47576
35 3.243744898727022e-46 3.898227850595463e-44 45348
35.5 3.140043644827398e-46 3.833008118278431e-44 44060
36 3.116182130944292e-46 3.730727811419873e-44 43872
36.5 2.840291230474137e-46 3.48407111691666e-44 41756
37 2.959480912508794e-46 3.503186559354833e-44 41528
37.5 2.680979047906471e-46 3.227900253473032e-44 39300
38 2.642492602216199e-46 3.238667727633469e-44 38276
38.5 2.68652600216514e-46 3.152215667434112e-44 36900
39 2.33978620776745e-46 2.81717285785376e-44 34724
39.5 2.495360395121156e-46 2.903461269025164e-44 33960
40 2.320467750867519e-46 2.727607937685806e-44 32144
40.5 2.314418103236318e-46 2.603556968635767e-44 30704
41 2.038280981575138e-46 2.372482608252963e-44 28896
41.5 1.87311112912427e-46 2.269162147682438e-44 26924
42 2.052460602206018e-46 2.34846226096513e-44 25656
42.5 1.593678824638686e-46 1.86545280488211e-44 23228
43 1.79154694441907e-46 2.123265174763482e-44 21816
43.5 1.363500400399577e-46 1.613671185113965e-44 19472
44 1.324628937254718e-46 1.585211494044612e-44 17696
44.5 1.048223104729826e-46 1.23625450608989e-44 15588
45 8.592393174163597e-47 9.924227620109228e-45 13760
45.5 6.947381867111069e-47 8.112652139708713e-45 11565
46 6.087575309468091e-47 7.092390491297661e-45 10016
46.5 5.214385185090495e-47 6.332644406138674e-45 8652
47 4.664314303360434e-47 5.571908947247422e-45 7652
47.5 3.993364506520374e-47 4.776018740140333e-45 6542
48 3.474576423579248e-47 4.127751024685433e-45 5478
48.5 3.113465138728989e-47 3.701995957313184e-45 4886
49 2.726355390779571e-47 3.098838195202984e-45 4068
49.5 2.301658812261332e-47 2.80726217953575e-45 3326
50 1.931481048258163e-47 2.25703076706097e-45 2696
50.5 1.671943651679839e-47 2.054638024478699e-45 2304
51 1.490504549265571e-47 1.714020009750837e-45 1934
51.5 1.180769602244652e-47 1.280739076309903e-45 1344
52 6.861856063868176e-48 8.546064537221167e-46 848
52.5 8.405542624158107e-48 9.464389143689943e-46 888
53 5.372196234474483e-48 6.612548228182049e-46 584
53.5 2.684698958464158e-48 3.859242110013728e-46 344
54 9.357083487463077e-49 9.619259912575905e-47 102
54.5 7.83237907865137e-49 8.289995894098158e-47 104
55 2.145423135736355e-49 1.699305736837523e-47 24
55.5 1.467998787151624e-53 1.420245765612212e-49 1

0.5 3.951870313506992e-18 1.623915876800755e-16 18
1 1.202024349254746e-17 1.223032817604049e-15 62
1.5 1.241138863592915e-17 2.635122564306444e-15 98
2 4.567569857878304e-17 6.796099139506815e-15 210
2.5 1.974165874340171e-16 9.485946280655331e-15 350
3 3.743724963531908e-16 8.091149020546625e-15 450
3.5 5.701987326320713e-16 1.364937322019719e-14 602
4 2.783577255990088e-16 8.864069600232008e-15 762
4.5 2.046729963713489e-28 9.694493254737104e-27 1142
5 1.359888202335272e-28 6.766930875759397e-27 1250
5.5 1.131282442547528e-28 5.966454319844467e-27 1458
6 7.034468912238485e-29 4.47824703860369e-27 1814
6.5 5.000519373440564e-29 2.329346722760233e-27 2178
7 1.95638620917908e-29 1.152040277462163e-27 2498
7.5 5.418231285066884e-30 2.742843104209077e-28 2622
8 2.265132461045998e-31 1.452374050682987e-29 3338
8.5 1.211636670215289e-41 1.136157508804066e-39 3722
9 7.757447791052002e-42 7.362391603556102e-40 4170
9.5 4.071333152544615e-42 4.575703567335608e-40 4358
10 2.229239554732867e-42 2.774875249678951e-40 5034
10.5 9.785563740233364e-43 1.306330802760167e-40 5714
11 2.32936154628354e-43 3.518476399387363e-41 5982
11.5 2.458975113344674e-44 3.708444547905087e-42 6602
12 1.681641351643836e-46 2.415795546622994e-44 7130
12.5 7.848315565577675e-47 1.259078586203527e-44 8034
13 8.549977515720684e-47 1.332636536111799e-44 8606
13.5 7.981438923815233e-47 1.485708230518424e-44 9066
14 8.730136435167944e-47 1.644034886710663e-44 9962
14.5 9.400842184950941e-47 1.841128940590724e-44 10550
15 9.497175749698219e-47 1.984841390218584e-44 11226
15.5 1.011542072652145e-46 2.276135280341848e-44 12146
16 1.022620998557643e-46 2.332904193537209e-44 12606
16.5 1.108925773037013e-46 2.732885853434971e-44 13802
17 1.250864540767435e-46 2.963254619988432e-44 14754
17.5 1.251632531166545e-46 3.386412464151103e-44 15194
18 1.358015242069035e-46 3.672220162215178e-44 16454
18.5 1.355941119615582e-46 3.964064824170196e-44 17154
19 1.428973955834744e-46 4.064935928347255e-44 18266
19.5 1.366475629299102e-46 4.514589555258041e-44 18750
20 1.485016586666927e-46 4.843284868216787e-44 20234
20.5 1.584371788344437e-46 5.267711801021147e-44 21450
21 1.587002662354382e-46 5.694290664874045e-44 21962
21.5 1.704758279772753e-46 6.348534329302263e-44 23462
22 1.727040282018632e-46 6.570432441410073e-44 24042
22.5 1.848042390015353e-46 7.428246835896481e-44 25946
23 1.912282159395739e-46 7.434382984198462e-44 26118
23.5 1.947255312704926e-46 8.075150956070732e-44 27506
24 2.031988180581127e-46 8.753896482784004e-44 29066
24.5 2.148928349453296e-46 9.552541006866175e-44 30450
25 2.262489619692108e-46 1.006738938470642e-43 31742
25.5 2.307007497950617e-46 1.070427231621509e-43 32250
26 2.427889246000404e-46 1.151117459917464e-43 34250
26.5 2.537839754961157e-46 1.236537264976679e-43 35454
27 2.630234839518653e-46 1.278309802795987e-43 36434
27.5 2.714639149766287e-46 1.344060745606012e-43 37682
28 2.80174568893684e-46 1.468629664324783e-43 39294
28.5 2.978179575216502e-46 1.566712373330836e-43 41426
29 3.088345050339552e-46 1.683462637304415e-43 42066
29.5 3.273668105158913e-46 1.788362173556263e-43 43490
30 3.380768336525563e-46 1.887879199393095e-43 45702
30.5 3.651735143245325e-46 2.008777879770159e-43 46634
31 3.823731845885372e-46 2.107133670541296e-43 48554
31.5 3.898543086768663e-46 2.177980037927124e-43 48870
32 3.884030040599444e-46 2.288574039648153e-43 50963
32.5 3.856724171023344e-46 2.345365219486554e-43 51576
33 3.610686512082599e-46 2.306448167191395e-43 49316
33.5 3.605907278416614e-46 2.37854364130759e-43 49344
34 3.452540444535215e-46 2.315192511513298e-43 47192
34.5 3.482300953014723e-46 2.413123086441901e-43 47576
35 3.350060225019925e-46 2.359745123548443e-43 45348
35.5 3.251847829438612e-46 2.369455541277591e-43 44060
36 3.296875014164778e-46 2.422174797669935e-43 43872
36.5 3.162245237402996e-46 2.361801840088347e-43 41756
37 3.141950139558796e-46 2.411249396873931e-43 41528
37.5 2.987880693551291e-46 2.376410354068765e-43 39300
38 2.923834012033416e-46 2.339400803556783e-43 38276
38.5 2.836496080797033e-46 2.330459296289891e-43 36900
39 2.684492644186172e-46 2.219650885800495e-43 34724
39.5 2.676257134226118e-46 2.226770426814123e-43 33960
40 2.488871401653531e-46 2.164760877235467e-43 32144
40.5 2.447931737737914e-46 2.069800738087163e-43 30704
41 2.285430103775104e-46 2.040784059562991e-43 28896
41.5 2.166752122142221e-46 1.921714158683172e-43 26924
42 2.109019904638674e-46 1.899802007368621e-43 25656
42.5 1.883958189369343e-46 1.757596566105014e-43 23228
43 1.779574203405792e-46 1.656438260097146e-43 21816
43.5 1.578844081041451e-46 1.516342665100078e-43 19472
44 1.441778442141679e-46 1.400461739660719e-43 17696
44.5 1.318333630570006e-46 1.256701602186029e-43 15588
45 1.132496438613942e-46 1.161948475126006e-43 13760
45.5 9.861901125603635e-47 9.848118511575348e-44 11565
46 8.240857303312662e-47 8.952482770807274e-44 10016
46.5 7.366210007530375e-47 7.76496197041591e-44 8652
47 6.454198182077905e-47 7.059132897621121e-44 7652
47.5 5.482088914845353e-47 6.048752246956488e-44 6542
48 4.842543330309192e-47 5.252107901146023e-44 5478
48.5 4.317232822349061e-47 4.827257542756843e-44 4886
49 3.613505744253886e-47 3.889623266525389e-44 4068
49.5 2.984957741827556e-47 3.274735976548931e-44 3326
50 2.293424206712372e-47 2.97028666453103e-44 2696
50.5 2.112738743285695e-47 2.453835035022971e-44 2304
51 1.739024604540879e-47 2.129480188601966e-44 1934
51.5 1.223264114164268e-47 1.361793665329393e-44 1344
52 7.53301146967037e-48 1.006610947522221e-44 848
52.5 8.926737249818982e-48 9.951571358578824e-45 888
53 6.30382031578014e-48 6.425633597223284e-45 584
53.5 3.481226173398631e-48 3.502581065723372e-45 344
54 9.091703676871485e-49 1.11531907249517e-45 102
54.5 1.359261783061294e-48 1.335400182504117e-45 104
55 2.908556005257005e-49 2.736698223254061e-46 24
55.5 1.871927570043384e-50 7.093083785705424e-48 1

0.5 3.279273280643219e-17 2.229704249819303e-16 18
1 1.44652372558665e-16 3.361432017102362e-15 62
1.5 9.9599372611243e-17 7.717002620829217e-15 98
2 2.520131129692272e-17 8.424924896747926e-15 210
2.5 2.304371191302074e-17 6.602296301458516e-15 350
3 4.949401276242811e-17 6.639193437160124e-15 450
3.5 4.99656704598788e-17 1.952121098207305e-14 602
4 4.415655056798624e-17 7.171138663283281e-15 762
4.5 1.699854109163304e-28 2.278883867432101e-26 1142
5 9.744982891635653e-29 1.307805554851984e-26 1250
5.5 5.904313466906665e-29 8.409162559950314e-27 1458
6 3.522599316727286e-29 5.479346255813211e-27 1814
6.5 1.636835953015349e-29 2.370349724658912e-27 2178
7 8.082397084014865e-30 1.245238955769734e-27 2498
7.5 1.94854765940307e-30 3.787299620763044e-28 2622
8 4.097416954510894e-32 8.324500757187206e-30 3338
8.5 1.06698379547711e-41 2.242887686615308e-39 3722
9 5.642003762710117e-42 1.238203261012921e-39 4170
9.5 2.821145558432898e-42 6.186351969912348e-40 4358
10 1.248865330182746e-42 2.824012199951167e-40 5034
10.5 4.376624650895053e-43 1.103685185517763e-40 5714
11 1.071717311648012e-43 2.696864584564736e-41 5982
11.5 1.232880030579879e-44 2.995390415712339e-42 6602
12 1.337865837969309e-46 3.368121602891073e-44 7130
12.5 1.029901165602498e-46 2.489060567348754e-44 8034
13 1.090956296185002e-46 2.676410395768031e-44 8606
13.5 1.074370598627911e-46 2.70917466665334e-44 9066
14 1.171665777251069e-46 2.998576762532882e-44 9962
14.5 1.194751961326427e-46 3.221891471823198e-44 10550
15 1.297388543242897e-46 3.38567108037353e-44 11226
15.5 1.35811044501654e-46 3.733990970971698e-44 12146
16 1.439019579438597e-46 4.007115332913561e-44 12606
16.5 1.466557346668409e-46 4.524377297961212e-44 13802
17 1.600329230944953e-46 5.010845839228237e-44 14754
17.5 1.569218759747905e-46 5.313563949551854e-44 15194
18 1.70888363514198e-46 5.70731607830437e-44 16454
18.5 1.751312128745531e-46 6.12142245935175e-44 17154
19 1.884783237103442e-46 6.527595519190151e-44 18266
19.5 1.890692007168064e-46 6.915896087559916e-44 18750
20 2.080758205206153e-46 7.747788780101364e-44 20234
20.5 2.120529616298212e-46 8.021343537161314e-44 21450
21 2.104632407259853e-46 8.737076067022817e-44 21962
21.5 2.269632703276135e-46 9.577635903187885e-44 23462
22 2.255680943535292e-46 1.005824806697625e-43 24042
22.5 2.51110022405068e-46 1.089902179259722e-43 25946
23 2.527582300721148e-46 1.14992787501944e-43 26118
23.5 2.681117633826834e-46 1.241358578309136e-43 27506
24 2.786868802723814e-46 1.334613770909438e-43 29066
24.5 3.002166678983595e-46 1.423662293560478e-43 30450
25 3.078311912914138e-46 1.547719892019355e-43 31742
25.5 3.135649378912392e-46 1.634121273835573e-43 32250
26 3.351295859141692e-46 1.743133531691439e-43 34250
26.5 3.443382595073806e-46 1.859450007758854e-43 35454
27 3.586293406217292e-46 1.956684092177348e-43 36434
27.5 3.638386501573237e-46 2.061773013307199e-43 37682
28 3.880592623380001e-46 2.229153293639814e-43 39294
28.5 4.148755665266335e-46 2.405787816458291e-43 41426
29 4.258103744763939e-46 2.489387699297871e-43 42066
29.5 4.431282205571825e-46 2.680522838307235e-43 43490
30 4.713410297278701e-46 2.842806717753522e-43 45702
30.5 4.895110694274619e-46 3.021732866324563e-43 46634
31 5.269368520198461e-46 3.287052350716505e-43 48554
31.5 5.431409171102678e-46 3.374633134995316e-43 48870
32 5.599060825771737e-46 3.590706166347472e-43 50963
32.5 5.382654659881828e-46 3.61159467606858e-43 51576
33 5.172930708377564e-46 3.524597106495982e-43 49316
33.5 5.141425360964465e-46 3.652349795004106e-43 49344
34 4.980148113358976e-46 3.618307406061261e-43 47192
34.5 4.999431098566411e-46 3.718900484405784e-43 47576
35 4.820777284334736e-46 3.679563621202389e-43 45348
35.5 4.71763530497378e-46 3.652172215908204e-43 44060
36 4.722559381212097e-46 3.761467179410408e-43 43872
36.5 4.497791857697515e-46 3.680156673590641e-43 41756
37 4.48816344743815e-46 3.725109299706814e-43 41528
37.5 4.292510974211592e-46 3.633352303954993e-43 39300
38 4.239371273447748e-46 3.658820472932057e-43 38276
38.5 4.133545038665903e-46 3.546930760991243e-43 36900
39 3.823763832871894e-46 3.45869369585075e-43 34724
39.5 3.865359074859848e-46 3.46404585831471e-43 33960
40 3.658211679592369e-46 3.332434978114444e-43 32144
40.5 3.498698194087594e-46 3.297623034769004e-43 30704
41 3.367091534686816e-46 3.092662344032133e-43 28896
41.5 3.125816495943599e-46 3.000393770786719e-43 26924
42 3.011565832010978e-46 2.885577546539272e-43 25656
42.5 2.739860566188782e-46 2.703627629188795e-43 23228
43 2.590546490147383e-46 2.594271142175658e-43 21816
43.5 2.31992686312079e-46 2.355325229370667e-43 19472
44 2.148770009408646e-46 2.214810859118801e-43 17696
44.5 1.948616901124002e-46 1.936215984468774e-43 15588
45 1.696482101645294e-46 1.747738438039291e-43 13760
45.5 1.432579009099303e-46 1.509614994510197e-43 11565
46 1.255852710980776e-46 1.307085024048719e-43 10016
46.5 1.075491421617448e-46 1.193864200532789e-43 8652
47 9.535184215596374e-47 1.031975032197778e-43 7652
47.5 8.161766331557094e-47 9.553123758766143e-44 6542
48 7.046256697337837e-47 8.211682726363659e-44 5478
48.5 6.390802944308684e-47 7.358605441812483e-44 4886
49 5.283745993566508e-47 6.33482010765071e-44 4068
49.5 4.154911507958568e-47 5.157168084786398e-44 3326
50 3.219696474545471e-47 4.320446577824749e-44 2696
50.5 2.898164265446693e-47 3.544254627756645e-44 2304
51 2.42109527048373e-47 3.092229468728054e-44 1934
51.5 1.790645973882089e-47 2.122637606186509e-44 1344
52 1.16359069141407e-47 1.478725086059418e-44 848
52.5 1.084611029791111e-47 1.549946355691533e-44 888
53 7.072735900809213e-48 1.055285990498537e-44 584
53.5 4.092086589374334e-48 6.051679088889948e-45 344
54 9.945276407862154e-49 1.497018531274246e-45 102
54.5 1.621571183321531e-48 2.16838636563025e-45 104
55 1.964813810930154e-49 4.353014434877705e-46 24
55.5 8.027708284520692e-51 5.53287979613686e-48 1

0.5 2.102758770436701e-17 1.495730727722357e-15 18
1 1.296936950650473e-17 1.224089256811215e-14 62
1.5 6.277287995957977e-17 1.205005307672795e-14 98
2 1.077205396234974e-16 2.709385659980611e-15 210
2.5 6.269596993106262e-17 6.248702784926637e-16 350
3 7.725379946241447e-17 1.01930166673951e-15 450
3.5 1.481711482382656e-16 1.926345573795873e-15 602
4 3.117409400141056e-17 2.171689051762638e-15 762
4.5 3.843710424406136e-28 1.033388956345172e-26 1142
5 1.173327718818104e-28 3.683564672053655e-27 1250
5.5 5.054600371939502e-29 2.029726036648447e-27 1458
6 2.485201401568536e-29 1.001103269582115e-27 1814
6.5 8.569610363156475e-30 3.811723284585488e-28 2178
7 3.040471692267922e-30 1.549228706835329e-28 2498
7.5 7.218039101394031e-31 3.949227528978672e-29 2622
8 2.623000979024445e-32 1.826705074742173e-30 3338
8.5 8.509166897238869e-42 7.085507790210788e-40 3722
9 4.102560589056166e-42 3.429587438441452e-40 4170
9.5 1.944996270496087e-42 1.814070300898038e-40 4358
10 7.854043014039222e-43 8.043432488831909e-41 5034
10.5 1.77883611918653e-43 1.95120075828859e-41 5714
11 2.240988634184643e-44 2.703165659655855e-42 5982
11.5 2.290888414154833e-45 2.799363593699959e-43 6602
12 3.466426776808144e-46 5.146828042491637e-44 7130
12.5 3.673428521896813e-46 5.292020621589821e-44 8034
13 3.570493328921793e-46 5.324978515481011e-44 8606
13.5 3.184541406954498e-46 5.706195099895151e-44 9066
14 3.608090421892219e-46 6.203182267391573e-44 9962
14.5 3.989658028647214e-46 6.642100330454316e-44 10550
15 3.486762418206525e-46 7.629504502481349e-44 11226
15.5 3.453064605712745e-46 8.069349352274097e-44 12146
16 3.441448070931179e-46 7.746436585151923e-44 12606
16.5 3.586552284176468e-46 8.721872602231087e-44 13802
17 3.653028698837969e-46 9.173945403872158e-44 14754
17.5 3.504459662098704e-46 9.730441703282932e-44 15194
18 3.739665203513726e-46 1.078333982505666e-43 16454
18.5 3.751264445253553e-46 1.074505267992243e-43 17154
19 3.878705824572415e-46 1.197037797858536e-43 18266
19.5 3.877165283357405e-46 1.244642504462889e-43 18750
20 4.19038599909672e-46 1.384022191983396e-43 20234
20.5 4.381540380135844e-46 1.461870380328866e-43 21450
21 4.3324607787495e-46 1.548352349518287e-43 21962
21.5 4.637198766282031e-46 1.725580124702e-43 23462
22 4.7457128658243e-46 1.798199513513548e-43 24042
22.5 5.113813472105228e-46 2.035492225964797e-43 25946
23 5.268904080049486e-46 2.10430805524213e-43 26118
23.5 5.502900751661272e-46 2.308418401909232e-43 27506
24 6.043112107784209e-46 2.509954034498718e-43 29066
24.5 6.157156125378639e-46 2.7554574754441e-43 30450
25 6.491072213879468e-46 2.972188206763491e-43 31742
25.5 6.552759399691163e-46 3.122998704143184e-43 32250
26 7.0817390991475e-46 3.411702156925683e-43 34250
26.5 7.380299346797528e-46 3.656600205916081e-43 35454
27 7.522087476257884e-46 3.867097710569877e-43 36434
27.5 7.909376601994158e-46 4.098967705920199e-43 37682
28 8.410951111601525e-46 4.420415345502498e-43 39294
28.5 9.040082146439291e-46 4.83638882481137e-43 41426
29 9.253757511976028e-46 5.114883015663886e-43 42066
29.5 9.836144651852546e-46 5.421224855761489e-43 43490
30 1.034965023151618e-45 5.864767098417498e-43 45702
30.5 1.079559250418866e-45 6.234100853872397e-43 46634
31 1.15263389690225e-45 6.774425004435021e-43 48554
31.5 1.16011815715967e-45 6.964262758096094e-43 48870
32 1.236901147348046e-45 7.471803961787116e-43 50963
32.5 1.235386700891098e-45 7.780549180556579e-43 51576
33 1.214419438233358e-45 7.875669746467722e-43 49316
33.5 1.235519031207867e-45 8.268794155835132e-43 49344
34 1.185050963105998e-45 8.093109271767049e-43 47192
34.5 1.211377134410755e-45 8.516617186186839e-43 47576
35 1.180322474040247e-45 8.279945891001366e-43 45348
35.5 1.146152768407159e-45 8.459590904671034e-43 44060
36 1.160945261922732e-45 8.685911726066442e-43 43872
36.5 1.11529384560091e-45 8.519028334107414e-43 41756
37 1.107557242572987e-45 8.837163327886901e-43 41528
37.5 1.086136748599371e-45 8.689990324705379e-43 39300
38 1.060110077575274e-45 8.508685244571515e-43 38276
38.5 1.040653461487227e-45 8.544073580291171e-43 36900
39 9.909016956480964e-46 8.306111865741132e-43 34724
39.5 9.785774753448154e-46 8.369333485488683e-43 33960
40 9.269138642944576e-46 8.097311169078631e-43 32144
40.5 9.039908045511082e-46 7.96673953841074e-43 30704
41 8.520184066219948e-46 7.675346669669065e-43 28896
41.5 7.959178930930996e-46 7.429184696825539e-43 26924
42 7.707731325642835e-46 7.16819664189813e-43 25656
42.5 7.017702998314343e-46 6.535033119274324e-43 23228
43 6.640255433902643e-46 6.358271103343375e-43 21816
43.5 5.917510692852356e-46 5.97898616500317e-43 19472
44 5.606575321929102e-46 5.378726053147386e-43 17696
44.5 4.90048815523308e-46 4.941356637253997e-43 15588
45 4.412628634905236e-46 4.425284200094259e-43 13760
45.5 3.730199298691999e-46 3.798074374117319e-43 11565
46 3.240111566946777e-46 3.353709287424463e-43 10016
46.5 2.909055742524152e-46 2.974018853998361e-43 8652
47 2.504948092342387e-46 2.73249023575707e-43 7652
47.5 2.181495303586668e-46 2.444879826452465e-43 6542
48 1.830496693211221e-46 2.087872908543071e-43 5478
48.5 1.735312853339745e-46 1.8766615089709e-43 4886
49 1.450587424561414e-46 1.636621452963802e-43 4068
49.5 1.177818325096087e-46 1.350977103294098e-43 3326
50 9.399752523533994e-47 1.062532738090278e-43 2696
50.5 8.760642928383749e-47 9.595197028855662e-44 2304
51 6.966197625767e-47 8.341971616841697e-44 1934
51.5 5.111216402382769e-47 6.292064190730332e-44 1344
52 3.038801306542046e-47 3.854385829956207e-44 848
52.5 3.640660027574834e-47 4.013055286799247e-44 888
53 2.053180464798548e-47 2.663123532052692e-44 584
53.5 1.287237022617572e-47 1.453071210754007e-44 344
54 3.648623004784739e-48 4.06403175372077e-45 102
54.5 4.327241084986921e-48 4.623219140139965e-45 104
55 9.414961378273568e-49 9.403192271280662e-46 24
55.5 1.676489432417598e-51 9.257379599904382e-47 1

0.5 1.375007115562019e-16 1.357515033667564e-14 18
1 1.808844634765325e-15 7.370075239509579e-14 62
1.5 1.790042115590833e-15 1.570050810103549e-14 98
2 2.207023232945513e-16 7.554666813944287e-16 210
2.5 1.073904232706667e-17 1.243798325551411e-15 350
3 1.640535261941235e-17 1.747832161724876e-15 450
3.5 3.434053632198503e-17 3.900495147676996e-15 602
4 6.918143244675375e-18 4.217004095085827e-15 762
4.5 8.533284360448824e-28 1.863868056265622e-25 1142
5 1.470126101977597e-28 5.159230897757377e-26 1250
5.5 2.962335393884384e-29 7.650808874581611e-27 1458
6 1.402256773753988e-29 2.429145640631529e-27 1814
6.5 5.82973771245098e-30 1.12635838931498e-27 2178
7 2.662074992258846e-30 4.849454611147537e-28 2498
7.5 7.771191219672191e-31 1.415500716840061e-28 2622
8 3.474030116414919e-32 7.55500651468631e-30 3338
8.5 2.573704302524242e-41 5.997453237336072e-39 3722
9 4.85513575184748e-42 1.086937371763291e-39 4170
9.5 1.584734805972242e-42 3.945272098056888e-40 4358
10 6.100282619771713e-43 1.537472766026499e-40 5034
10.5 1.422650209873887e-43 3.531517123717268e-41 5714
11 2.003797699008587e-44 5.622311652001451e-42 5982
11.5 2.743460064370598e-45 8.059914416611358e-43 6602
12 1.316980550698133e-45 4.355945870865254e-43 7130
12.5 1.360806811169942e-45 4.484166491617401e-43 8034
13 1.318915261750775e-45 4.613839065558783e-43 8606
13.5 1.28514295089595e-45 5.050046671697116e-43 9066
14 1.394646786807705e-45 5.670111869472121e-43 9962
14.5 1.569933631392418e-45 5.784824453075048e-43 10550
15 1.568729169325557e-45 6.48525863689903e-43 11226
15.5 1.577240560689983e-45 6.780159468871232e-43 12146
16 1.585837344547061e-45 7.185173378320777e-43 12606
16.5 1.608702809953871e-45 8.051809525405549e-43 13802
17 1.767287783687047e-45 9.004952614596091e-43 14754
17.5 1.786415445352811e-45 9.17559681958446e-43 15194
18 1.851055652890394e-45 1.0105881779233e-42 16454
18.5 1.839061878278132e-45 1.077894251148527e-42 17154
19 1.920942770407994e-45 1.140851762856008e-42 18266
19.5 1.928266720311323e-45 1.206828659497105e-42 18750
20 2.140198547445788e-45 1.311417064911185e-42 20234
20.5 2.319494193718467e-45 1.424216457123997e-42 21450
21 2.288149283738011e-45 1.471635944300975e-42 21962
21.5 2.457990152928143e-45 1.608669404096799e-42 23462
22 2.5060025716069e-45 1.668772472733406e-42 24042
22.5 2.748252731569655e-45 1.844943996889295e-42 25946
23 2.806367859427149e-45 2.00605380745083e-42 26118
23.5 3.001484515331906e-45 2.117582552991332e-42 27506
24 3.199500084935952e-45 2.308274047036463e-42 29066
24.5 3.380662220262717e-45 2.508964932610686e-42 30450
25 3.467718902433239e-45 2.639646442563466e-42 31742
25.5 3.563579290390055e-45 2.747326807278919e-42 32250
26 3.873334368280008e-45 2.998455449955036e-42 34250
26.5 4.091372344591646e-45 3.179711486866697e-42 35454
27 4.238385071872357e-45 3.32584573165199e-42 36434
27.5 4.346784231630641e-45 3.546907365958317e-42 37682
28 4.6145365805679e-45 3.763665496247648e-42 39294
28.5 4.902171694007176e-45 4.105184442276092e-42 41426
29 5.079457168554377e-45 4.291798073981093e-42 42066
29.5 5.309774458361837e-45 4.514821303768088e-42 43490
30 5.702343128211925e-45 4.873513328306804e-42 45702
30.5 5.917422229013394e-45 5.03755068386203e-42 46634
31 6.312477471934617e-45 5.629622715457501e-42 48554
31.5 6.524021935654003e-45 5.647235050281608e-42 48870
32 6.838493573185256e-45 6.087323266685596e-42 50963
32.5 6.886705868692135e-45 6.271993054915468e-42 51576
33 6.824905975461871e-45 6.201982460804107e-42 49316
33.5 6.917731693507441e-45 6.42732329912232e-42 49344
34 6.664517152980333e-45 6.326244569877299e-42 47192
34.5 6.773136061784774e-45 6.564558057622801e-42 47576
35 6.547037347325131e-45 6.387643083880039e-42 45348
35.5 6.393928834269231e-45 6.316769284438419e-42 44060
36 6.36944550743923e-45 6.607401304511828e-42 43872
36.5 6.232551160839052e-45 6.462995411068643e-42 41756
37 6.233852575937404e-45 6.592378587064817e-42 41528
37.5 5.977374205535705e-45 6.419680805241495e-42 39300
38 5.907010372901583e-45 6.368953790818668e-42 38276
38.5 5.790940637672509e-45 6.381221883104208e-42 36900
39 5.476719613989109e-45 6.089372744099525e-42 34724
39.5 5.492610012822896e-45 6.150009615468091e-42 33960
40 5.209763856108033e-45 5.898330332133729e-42 32144
40.5 4.973522314790565e-45 5.772914717627738e-42 30704
41 4.872252130130368e-45 5.57181956286629e-42 28896
41.5 4.558565297028112e-45 5.268741824368719e-42 26924
42 4.306616505373433e-45 5.273577761805512e-42 25656
42.5 3.963367105306454e-45 4.839960506982458e-42 23228
43 3.803629868530862e-45 4.587100214562771e-42 21816
43.5 3.417486187307764e-45 4.201041940481407e-42 19472
44 3.193423707400731e-45 3.899483628735514e-42 17696
44.5 2.762173568065009e-45 3.506957405916982e-42 15588
45 2.552712275416625e-45 3.180002304420714e-42 13760
45.5 2.118840607532386e-45 2.767793846182369e-42 11565
46 1.797857931401499e-45 2.471950637392358e-42 10016
46.5 1.61896934056966e-45 2.194137517750914e-42 8652
47 1.478916128356737e-45 1.977288289499686e-42 7652
47.5 1.25625213920596e-45 1.696136752512921e-42 6542
48 1.059752732654181e-45 1.471949318202398e-42 5478
48.5 9.508209922218038e-46 1.362780810383772e-42 4886
49 8.605061709258486e-46 1.129795308217208e-42 4068
49.5 7.321431349393756e-46 9.347333889090013e-43 3326
50 5.679874909117829e-46 8.012042743191351e-43 2696
50.5 5.492559527860162e-46 7.167042364494744e-43 2304
51 4.452875621199135e-46 6.221335992235903e-43 1934
51.5 3.072831279081529e-46 4.742751116126154e-43 1344
52 1.971955016818343e-46 2.799302628310813e-43 848
52.5 2.163684750677097e-46 3.632071896407958e-43 888
53 1.206329702411135e-46 1.908418383766749e-43 584
53.5 7.664639613088515e-47 1.320150770503047e-43 344
54 3.1359352504021e-47 4.091453464831115e-44 102
54.5 2.251638556738067e-47 3.804747974939693e-44 104
55 4.367937592585886e-48 1.119912610298208e-44 24
55.5 6.035872417947756e-50 8.802138374883223e-47 1

0.5 5.544155829359593e-17 1.190449869189029e-14 18
1 5.757939705552291e-15 1.940750876610581e-13 62
1.5 1.23929751684551e-14 1.45752108506149e-13 98
2 1.662406544443602e-15 6.659174906021091e-15 210
2.5 3.170905964769238e-17 1.52040370568872e-16 350
3 3.630314098236823e-17 3.163382095143988e-16 450
3.5 5.150694275247171e-17 1.028524787089281e-15 602
4 3.724098070149443e-17 7.109647595464163e-16 762
4.5 5.127678372504114e-27 1.280466639326597e-25 1142
5 7.287409562004668e-28 2.307088150943756e-26 1250
5.5 6.863828739144033e-29 2.494593483970927e-27 1458
6 1.631947326082364e-29 5.489557665551025e-28 1814
6.5 4.225707396495123e-30 1.549056376707139e-28 2178
7 1.211816433056731e-30 5.662066244799845e-29 2498
7.5 2.829663985044247e-31 1.456525183803686e-29 2622
8 1.422248267683994e-32 6.964374901080599e-31 3338
8.5 8.383651077091778e-41 5.775726156878004e-39 3722
9 7.297048842461283e-42 6.26145815467271e-40 4170
9.5 1.661471535264387e-42 1.375257453332793e-40 4358
10 5.981831555361217e-43 5.770712641921999e-41 5034
10.5 1.215939390710045e-43 1.204890006060875e-41 5714
11 1.905573729601756e-44 2.182448362517096e-42 5982
11.5 8.794483490892119e-45 1.076521144590775e-42 6602
12 7.936194109628961e-45 1.094300324037217e-42 7130
12.5 9.121204916700961e-45 1.219648404481304e-42 8034
13 8.041052444396162e-45 1.217159903007264e-42 8606
13.5 8.085513706173703e-45 1.3130555550991e-42 9066
14 8.323386335970088e-45 1.51015885678001e-42 9962
14.5 8.432426259965746e-45 1.676267488983881e-42 10550
15 9.94525649381364e-45 1.694644065980237e-42 11226
15.5 8.446032174696655e-45 1.7226925670648e-42 12146
16 8.208303478574187e-45 1.737654284048475e-42 12606
16.5 8.130964032313293e-45 1.891382163016021e-42 13802
17 8.342053912431649e-45 2.019360201604634e-42 14754
17.5 7.849093700518447e-45 2.053873304147894e-42 15194
18 8.185452046020202e-45 2.147015445935477e-42 16454
18.5 8.038731367583276e-45 2.291686442427689e-42 17154
19 8.223979789597823e-45 2.525301993970576e-42 18266
19.5 8.143641999181342e-45 2.489618219931854e-42 18750
20 8.520929992536018e-45 2.738903401182917e-42 20234
20.5 8.739157208825235e-45 2.992553083066583e-42 21450
21 8.876536033506034e-45 3.117645131969657e-42 21962
21.5 9.423261682649896e-45 3.384749994875631e-42 23462
22 9.703894405042285e-45 3.559278530921155e-42 24042
22.5 1.023980771841224e-44 4.1126839645279e-42 25946
23 1.054717159191669e-44 4.310481123026368e-42 26118
23.5 1.144795732208226e-44 4.688882897813395e-42 27506
24 1.221316335926202e-44 5.126068941018279e-42 29066
24.5 1.296910001529944e-44 5.771930227829243e-42 30450
25 1.360999117911651e-44 6.232955674872598e-42 31742
25.5 1.40758238924059e-44 6.448866188283587e-42 32250
26 1.50551739978762e-44 7.158661996379969e-42 34250
26.5 1.586738487409437e-44 7.707716656769999e-42 35454
27 1.640518787403095e-44 8.334301874354376e-42 36434
27.5 1.725370104730203e-44 8.987190053322897e-42 37682
28 1.803590443179825e-44 9.693726192513335e-42 39294
28.5 1.948751038852507e-44 1.051469929828214e-41 41426
29 2.026597338603387e-44 1.098894966551522e-41 42066
29.5 2.064287008197265e-44 1.184757967163304e-41 43490
30 2.254968238445725e-44 1.28837297319674e-41 45702
30.5 2.37142359218671e-44 1.371950371005429e-41 46634
31 2.565313563465565e-44 1.47737659743813e-41 48554
31.5 2.607321906668748e-44 1.492175831542173e-41 48870
32 2.828959133495112e-44 1.649782489318774e-41 50963
32.5 2.792558083654664e-44 1.767267994304823e-41 51576
33 2.760760376150319e-44 1.774423606147055e-41 49316
33.5 2.800955486888804e-44 1.868934669915863e-41 49344
34 2.726265716481895e-44 1.884197400731686e-41 47192
34.5 2.814467557969962e-44 1.95670790051337e-41 47576
35 2.708155795714319e-44 1.974560549149599e-41 45348
35.5 2.695261125286789e-44 1.946189572368605e-41 44060
36 2.741437622456932e-44 2.003618196386369e-41 43872
36.5 2.624466091148293e-44 1.995431725651585e-41 41756
37 2.606357161664635e-44 2.035508937173059e-41 41528
37.5 2.533015316699767e-44 2.011970823631801e-41 39300
38 2.526481620846524e-44 2.002673019515592e-41 38276
38.5 2.438609476704284e-44 1.993472348304782e-41 36900
39 2.31738624082827e-44 1.941431141199068e-41 34724
39.5 2.30534857604439e-44 1.952691680373338e-41 33960
40 2.230692176415119e-44 1.91325999209668e-41 32144
40.5 2.13708374599208e-44 1.857729947199715e-41 30704
41 2.032056381714959e-44 1.826871545479553e-41 28896
41.5 1.885977591712621e-44 1.719385922217129e-41 26924
42 1.867931562260268e-44 1.712089017968796e-41 25656
42.5 1.694834624154671e-44 1.562262045752834e-41 23228
43 1.637833356442135e-44 1.52126884784121e-41 21816
43.5 1.474075373159177e-44 1.4350234956207e-41 19472
44 1.363536694058197e-44 1.311205393389315e-41 17696
44.5 1.220286612811467e-44 1.162105198172504e-41 15588
45 1.092061050199129e-44 1.064934515545055e-41 13760
45.5 8.935810206285839e-45 9.489936990599964e-42 11565
46 7.851407411866749e-45 8.386763334780445e-42 10016
46.5 7.084891123737919e-45 7.507576943874812e-42 8652
47 6.457292842040141e-45 6.902091106546449e-42 7652
47.5 5.307433460706213e-45 5.984362283111502e-42 6542
48 4.691344541978578e-45 5.017605914981973e-42 5478
48.5 4.431565834797471e-45 4.79490912250199e-42 4886
49 3.727554993135527e-45 4.07089295166322e-42 4068
49.5 3.118838623099091e-45 3.499897604488075e-42 3326
50 2.510483957202146e-45 2.972023618635466e-42 2696
50.5 2.349765075628401e-45 2.634395712089217e-42 2304
51 1.993966826767325e-45 2.381935525604309e-42 1934
51.5 1.416200675590915e-45 1.584262167085051e-42 1344
52 9.016367041670866e-46 9.683779298016308e-43 848
52.5 1.052520503881134e-45 1.233452378484221e-42 888
53 5.885254462554031e-46 7.096675186475045e-43 584
53.5 4.035705468504549e-46 4.75464923806541e-43 344
54 1.390949538580109e-46 1.806880805191535e-43 102
54.5 1.088850150251672e-46 1.298336092353923e-43 104
55 2.259392810430963e-47 2.321055252584716e-44 24
55.5 1.05014676578783e-50 5.601884377260206e-47 1

0.5 1.775897019645273e-16 2.4150753191161e-13 18
1 1.228676543511345e-14 5.286625422813358e-12 62
1.5 2.045616659071018e-14 3.20527767795928e-12 98
2 1.448475145791683e-15 6.10358546644821e-14 210
2.5 6.450449990629762e-18 3.822868540507069e-16 350
3 8.119854183510932e-18 7.05213915571949e-16 450
3.5 1.806080399869149e-17 1.442196090558869e-15 602
4 7.662799276489085e-18 2.253755365575375e-15 762
4.5 2.312909841896942e-26 2.111858700897644e-24 1142
5 4.932061944854451e-27 5.58017226095829e-25 1250
5.5 3.070733059448882e-28 4.506055993740086e-26 1458
6 8.025194199697112e-30 1.726970191927054e-27 1814
6.5 2.641923174630179e-30 6.414236416701723e-28 2178
7 1.250328846894556e-30 2.800644094616614e-28 2498
7.5 3.696155552180253e-31 7.728728481959203e-29 2622
8 2.249893963162659e-32 4.250882207532601e-30 3338
8.5 5.869897021131362e-40 1.389545278072856e-37 3722
9 4.253941402010931e-41 1.051409231273525e-38 4170
9.5 1.425833121052461e-42 4.007010322883276e-40 4358
10 4.985740833603625e-43 1.284922338224746e-40 5034
10.5 1.181541549333531e-43 3.457550895610558e-41 5714
11 4.971012318627289e-44 1.63401881576981e-41 5982
11.5 4.498573463979618e-44 1.39249395959906e-41 6602
12 5.147236847632609e-44 1.512916049951776e-41 7130
12.5 5.551832561719307e-44 1.757397907549972e-41 8034
13 5.98943530340531e-44 1.860529483554033e-41 8606
13.5 6.030338394078652e-44 1.96104421058634e-41 9066
14 6.456622538484356e-44 2.312985563250933e-41 9962
14.5 6.615217493294823e-44 2.636074696582151e-41 10550
15 7.727129537303553e-44 2.505695200129068e-41 11226
15.5 7.651637154767281e-44 2.730460143773302e-41 12146
16 7.860919785268795e-44 2.871563986645473e-41 12606
16.5 8.503192121308552e-44 3.148260957820663e-41 13802
17 8.814853512948848e-44 3.408866889644996e-41 14754
17.5 8.596387740853587e-44 3.569630992769466e-41 15194
18 9.355186262375823e-44 3.854980697442337e-41 16454
18.5 9.510609134592476e-44 3.869778486258552e-41 17154
19 9.701049413087797e-44 4.11982871431768e-41 18266
19.5 9.668349861537916e-44 4.232657546994146e-41 18750
20 1.049333961189156e-43 4.519852871840897e-41 20234
20.5 1.087909990307275e-43 4.805358353107306e-41 21450
21 1.080690547530752e-43 4.94265335901203e-41 21962
21.5 1.120255870791277e-43 5.206597275587161e-41 23462
22 1.135276107453091e-43 5.406064259763566e-41 24042
22.5 1.221347065929233e-43 5.971693538525336e-41 25946
23 1.217918909811473e-43 6.013390495523231e-41 26118
23.5 1.293916792044887e-43 6.585005603697942e-41 27506
24 1.371660773557666e-43 6.961775883121423e-41 29066
24.5 1.416757127363237e-43 7.409103250039013e-41 30450
25 1.479065938318116e-43 8.107028707306467e-41 31742
25.5 1.472591322356305e-43 8.322909343140316e-41 32250
26 1.588532464576e-43 9.003134888786303e-41 34250
26.5 1.626917497331662e-43 9.411820275639002e-41 35454
27 1.690699821303825e-43 9.900757171527477e-41 36434
27.5 1.726177714879685e-43 1.045012876393203e-40 37682
28 1.822534374708151e-43 1.108165110918464e-40 39294
28.5 1.926044833353385e-43 1.204340623405671e-40 41426
29 1.992714516671517e-43 1.239701483479637e-40 42066
29.5 2.056575019230548e-43 1.30043222551008e-40 43490
30 2.178146018951914e-43 1.408176639876214e-40 45702
30.5 2.223429750212667e-43 1.462380930340414e-40 46634
31 2.516378200954544e-43 1.545557922254297e-40 48554
31.5 2.447365026244693e-43 1.597613558049615e-40 48870
32 2.545706771233643e-43 1.712599890705573e-40 50963
32.5 2.535210056908029e-43 1.780250805658245e-40 51576
33 2.474675554998178e-43 1.774625009026539e-40 49316
33.5 2.416796510944267e-43 1.778529475276713e-40 49344
34 2.33524619172363e-43 1.719341189194811e-40 47192
34.5 2.359637959349231e-43 1.801891871277636e-40 47576
35 2.232186010259073e-43 1.741588640837702e-40 45348
35.5 2.163843092927334e-43 1.747945078592185e-40 44060
36 2.157844748079273e-43 1.776973747396034e-40 43872
36.5 2.061425790930772e-43 1.737283634134949e-40 41756
37 2.093203932011284e-43 1.765672892544179e-40 41528
37.5 1.981818285994751e-43 1.712442680182446e-40 39300
38 1.96200439184354e-43 1.70250088726157e-40 38276
38.5 1.887608954832814e-43 1.665086380330717e-40 36900
39 1.756714252513083e-43 1.579954140292215e-40 34724
39.5 1.744207316603921e-43 1.612827238128666e-40 33960
40 1.684261020656983e-43 1.561735221852223e-40 32144
40.5 1.616707791156698e-43 1.537582028246743e-40 30704
41 1.555474427015337e-43 1.478579510322399e-40 28896
41.5 1.458458899777941e-43 1.393057524822419e-40 26924
42 1.411296549570111e-43 1.374861007872682e-40 25656
42.5 1.2577107815143e-43 1.245860762713508e-40 23228
43 1.229824753401469e-43 1.213745559111691e-40 21816
43.5 1.070592352058157e-43 1.08348744889725e-40 19472
44 9.835453763336115e-44 1.028902125934355e-40 17696
44.5 8.589809354568809e-44 9.023467221745692e-41 15588
45 7.551850707759285e-44 8.079792022593654e-41 13760
45.5 6.322929435858414e-44 6.908742127731799e-41 11565
46 5.426594113641033e-44 6.147414864304189e-41 10016
46.5 4.901598665496501e-44 5.309699051328267e-41 8652
47 4.395721226198467e-44 4.962194041972853e-41 7652
47.5 3.676649675721655e-44 4.205074469642253e-41 6542
48 3.180966279621641e-44 3.638704355519839e-41 5478
48.5 2.783971884641318e-44 3.463903115219126e-41 4886
49 2.360102472466197e-44 2.847081418772081e-41 4068
49.5 2.005244185388872e-44 2.437511027672166e-41 3326
50 1.715731996089389e-44 2.080024387027072e-41 2696
50.5 1.562993632898127e-44 1.826226812905501e-41 2304
51 1.325000724496829e-44 1.715632231515479e-41 1934
51.5 8.877476660832386e-45 1.168470057168712e-41 1344
52 5.659359762473763e-45 7.426342891608124e-42 848
52.5 7.264984596920479e-45 8.753999045894275e-42 888
53 4.218885747722161e-45 4.613789421980415e-42 584
53.5 2.408216757898357e-45 3.316758583678198e-42 344
54 7.540977491380528e-46 1.117871585944117e-42 102
54.5 8.085544578762254e-46 9.090314473885463e-43 104
55 1.641585949213892e-46 2.415744044315753e-43 24
55.5 9.270551449895704e-48 1.391359306258412e-44 1

0.5 7.219859131382297e-15 9.065110907779137e-14 18
1 6.122452906591096e-13 3.535786749349847e-12 62
1.5 8.363517336943868e-13 2.276365553050042e-12 98
2 3.050314739713732e-14 2.271344187417843e-14 210
2.5 1.656100184327359e-17 8.455991386985472e-17 350
3 1.957280240578886e-17 1.609212569247354e-16 450
3.5 2.92584577614851e-17 5.325876366835248e-16 602
4 5.079937911488764e-17 1.925473805534554e-16 762
4.5 1.379033701861249e-25 2.471891063674015e-24 1142
5 2.40818774423088e-26 3.39631004671628e-25 1250
5.5 1.309015533368845e-27 1.559887219986124e-26 1458
6 1.31630809975996e-29 4.025969994094788e-28 1814
6.5 2.642923967721202e-30 9.180111333513852e-29 2178
7 6.315153796524659e-31 3.023337892497905e-29 2498
7.5 1.560516262775377e-31 7.927585853271927e-30 2622
8 6.653281992284194e-33 3.703381660534574e-31 3338
8.5 2.835686890962828e-39 1.864410023478706e-37 3722
9 1.463260753757758e-40 9.77487984539309e-39 4170
9.5 2.747456524513693e-42 2.436367698149172e-40 4358
10 7.705527635175787e-43 7.087478625918642e-41 5034
10.5 3.10790092370216e-43 3.345231948938856e-41 5714
11 2.39745322511837e-43 2.624151244325798e-41 5982
11.5 2.369579412469183e-43 2.861088395854875e-41 6602
12 2.690720686786511e-43 3.212678829771004e-41 7130
12.5 2.676154997849137e-43 3.923453185455393e-41 8034
13 2.649609853052743e-43 4.103243828855502e-41 8606
13.5 2.731031562954908e-43 4.219276095010073e-41 9066
14 2.708224309951615e-43 4.843247190451704e-41 9962
14.5 2.680350828699898e-43 5.358371495732413e-41 10550
15 3.118366831484797e-43 5.933580524317337e-41 11226
15.5 3.03926472127406e-43 6.014424081052156e-41 12146
16 2.893138732439825e-43 5.959255457811066e-41 12606
16.5 2.937174494367316e-43 6.530316203091504e-41 13802
17 2.924957691273354e-43 7.139831866338733e-41 14754
17.5 2.805274715735378e-43 7.110386514983881e-41 15194
18 2.950640466849939e-43 7.677392739360001e-41 16454
18.5 2.759038660705952e-43 7.767515719763691e-41 17154
19 2.901085958531456e-43 8.84149925955574e-41 18266
19.5 2.888093470735846e-43 8.460767404260951e-41 18750
20 2.983582331926447e-43 9.380365632735322e-41 20234
20.5 3.080952647113517e-43 9.960210430861504e-41 21450
21 3.08482873952302e-43 1.047394920713501e-40 21962
21.5 3.19444325454169e-43 1.116771867419132e-40 23462
22 3.253208255524242e-43 1.16282379634691e-40 24042
22.5 3.466629264015054e-43 1.317740099296254e-40 25946
23 3.598554680863734e-43 1.391737492730534e-40 26118
23.5 3.876731996607567e-43 1.524304353357218e-40 27506
24 4.366199724634614e-43 1.652544806235831e-40 29066
24.5 4.310803545046838e-43 1.817451457629468e-40 30450
25 4.608998382435844e-43 1.943482927305835e-40 31742
25.5 4.710574102147201e-43 2.067401940606873e-40 32250
26 4.970244719652413e-43 2.27232931633879e-40 34250
26.5 5.181023492098739e-43 2.40864364541088e-40 35454
27 5.395120860064265e-43 2.610188919524405e-40 36434
27.5 5.641308726265019e-43 2.746238110600292e-40 37682
28 5.977187836823168e-43 3.022263362183953e-40 39294
28.5 6.336819588585506e-43 3.283695773359285e-40 41426
29 6.745880854816e-43 3.428472095108502e-40 42066
29.5 6.898786394252542e-43 3.751790638929518e-40 43490
30 7.247098044957321e-43 4.013551702782245e-40 45702
30.5 7.686019451996024e-43 4.268356836730188e-40 46634
31 9.31614058014826e-43 4.569859232195371e-40 48554
31.5 8.516984663337317e-43 4.733116803603235e-40 48870
32 9.057013748250473e-43 5.167220440980139e-40 50963
32.5 9.021510494379164e-43 5.530473614284092e-40 51576
33 9.116532060594701e-43 5.592798140390633e-40 49316
33.5 9.251870823549402e-43 5.798880468964071e-40 49344
34 8.842781854557031e-43 5.848873994076128e-40 47192
34.5 9.051577739294216e-43 6.064801436889797e-40 47576
35 8.824431016673365e-43 6.073927282548068e-40 45348
35.5 8.69854092233159e-43 6.095523969148134e-40 44060
36 8.676899475531567e-43 6.265143520944445e-40 43872
36.5 8.25788427794941e-43 6.086808303508431e-40 41756
37 8.396914565450726e-43 6.296139669698327e-40 41528
37.5 8.16947657570469e-43 6.076715025314186e-40 39300
38 7.906054088846143e-43 6.246772347621063e-40 38276
38.5 7.811225667300237e-43 6.251127686120222e-40 36900
39 7.440329507166238e-43 6.018452718766899e-40 34724
39.5 7.348984122151867e-43 6.14785777042546e-40 33960
40 7.015996089021445e-43 5.922944529621088e-40 32144
40.5 6.981342290796575e-43 5.78220809072388e-40 30704
41 6.605978921574159e-43 5.635933168938254e-40 28896
41.5 6.232212877286616e-43 5.284065563388342e-40 26924
42 6.007699155568625e-43 5.292817702223684e-40 25656
42.5 5.329796238871974e-43 4.842222577861551e-40 23228
43 5.096650318700305e-43 4.743090199237072e-40 21816
43.5 4.601776583507543e-43 4.242977684744444e-40 19472
44 4.350306574312776e-43 4.020404173519077e-40 17696
44.5 3.85779329925429e-43 3.631054717844916e-40 15588
45 3.452895990885342e-43 3.283128922420079e-40 13760
45.5 2.891957538195052e-43 2.907464952073646e-40 11565
46 2.496508428101402e-43 2.625619548434793e-40 10016
46.5 2.196115986500839e-43 2.309104114365325e-40 8652
47 2.025763512390742e-43 2.223550460514981e-40 7652
47.5 1.711155413226894e-43 1.856645873702438e-40 6542
48 1.539384263022542e-43 1.625869269707462e-40 5478
48.5 1.375357888064948e-43 1.462171684367301e-40 4886
49 1.151301718077777e-43 1.281201747231394e-40 4068
49.5 9.786661619707427e-44 1.139802594072553e-40 3326
50 8.215642409844085e-44 9.653534484953068e-41 2696
50.5 7.598852914215333e-44 8.230516798021247e-41 2304
51 6.543636761373222e-44 7.364064614964247e-41 1934
51.5 4.450382917028721e-44 5.018496959134527e-41 1344
52 2.994934487920883e-44 3.537635202969975e-41 848
52.5 3.38731242517751e-44 4.023932696511737e-41 888
53 2.149079141706448e-44 2.473423137276394e-41 584
53.5 1.114097254825229e-44 1.544120625623169e-41 344
54 3.718066487554719e-45 5.214694868079362e-42 102
54.5 4.001545756301776e-45 5.076871596271042e-42 104
55 9.015218965350548e-46 1.737160235971807e-42 24
55.5 9.833258504553323e-48 2.81456798596054e-44 1

0.5 4.998142269252749e-16 2.190730436550018e-12 18
1 4.966494135512704e-15 1.698751609295706e-10 62
1.5 9.674569593716692e-14 1.574977316918953e-10 98
2 7.165086832169254e-15 2.296736290731828e-12 210
2.5 3.272892770451365e-18 2.654824649968801e-16 350
3 4.787768073853365e-18 4.20750346168727e-16 450
3.5 1.113668878143592e-17 8.615494472462091e-16 602
4 1.221383862720148e-17 9.370953552442639e-16 762
4.5 3.873184666344695e-25 4.789740004476694e-23 1142
5 9.353289344288657e-26 8.567298678471041e-24 1250
5.5 7.767211755200485e-27 4.887267297542623e-25 1458
6 9.699245797418873e-30 1.536247363899101e-27 1814
6.5 1.814291490096247e-30 4.101172116479081e-28 2178
7 6.853008812084272e-31 1.858605254709101e-28 2498
7.5 2.115757452808007e-31 5.896076161596127e-29 2622
8 9.764075376873557e-33 1.793342202517579e-30 3338
8.5 2.09808527465715e-38 4.202680119963784e-36 3722
9 1.266512756180553e-39 2.771695485113909e-37 4170
9.5 5.783443510009843e-42 2.521787761719225e-39 4358
10 2.508540239227231e-42 4.713481821194595e-40 5034
10.5 1.813301588139699e-42 4.451331633774133e-40 5714
11 1.685527907691602e-42 4.108555327154093e-40 5982
11.5 1.956501815485007e-42 4.232240649426182e-40 6602
12 1.915428241267659e-42 4.629561002166478e-40 7130
12.5 2.053204897705168e-42 5.480557240849092e-40 8034
13 2.125394809709174e-42 5.607515299071255e-40 8606
13.5 2.092430007208016e-42 5.715395926941308e-40 9066
14 2.079046219228798e-42 6.345835683401669e-40 9962
14.5 2.234671590940499e-42 6.836244205408324e-40 10550
15 2.434934397911638e-42 7.411565993029353e-40 11226
15.5 2.263435414550172e-42 7.268449104968428e-40 12146
16 2.033075940852288e-42 7.291474263611859e-40 12606
16.5 2.140580569701489e-42 7.742969000754552e-40 13802
17 2.132175031258978e-42 8.050371224841599e-40 14754
17.5 2.037681069184865e-42 7.747995344961033e-40 15194
18 2.039521462490655e-42 8.119525898560133e-40 16454
18.5 1.922184837060688e-42 7.990644005868561e-40 17154
19 1.939945250162216e-42 8.364556882971549e-40 18266
19.5 1.874025463365218e-42 8.315999556838551e-40 18750
20 1.988548157781946e-42 8.772997458395596e-40 20234
20.5 1.891289782732091e-42 9.054981575560143e-40 21450
21 1.93278531575444e-42 9.072003844597716e-40 21962
21.5 1.910298628285131e-42 9.912872648287945e-40 23462
22 1.867190857216829e-42 9.87499931319838e-40 24042
22.5 2.020795686905503e-42 1.095958859181487e-39 25946
23 1.94630433527617e-42 1.117949864696378e-39 26118
23.5 2.106976705129133e-42 1.200736053783916e-39 27506
24 2.232312739986179e-42 1.287045328485058e-39 29066
24.5 2.26952802670286e-42 1.379273809449749e-39 30450
25 2.367421711031484e-42 1.477927278867973e-39 31742
25.5 2.421929268247262e-42 1.523144960310338e-39 32250
26 2.59736411517234e-42 1.65223693595119e-39 34250
26.5 2.681948251858785e-42 1.756732499992666e-39 35454
27 2.800866406192329e-42 1.86431235483968e-39 36434
27.5 2.900475839053097e-42 1.996739832846106e-39 37682
28 3.003334386330455e-42 2.121674454130297e-39 39294
28.5 3.239613991363572e-42 2.272004023664371e-39 41426
29 3.372871866815234e-42 2.378265718518242e-39 42066
29.5 3.511643570319721e-42 2.517925189261564e-39 43490
30 3.728915196138395e-42 2.732963874617058e-39 45702
30.5 3.796938989643874e-42 2.873610419459928e-39 46634
31 4.060935991069208e-42 3.12349722755265e-39 48554
31.5 4.079895331840883e-42 3.201041917830602e-39 48870
32 4.254214816173066e-42 3.458363372496766e-39 50963
32.5 4.499535487535668e-42 3.63687279955736e-39 51576
33 4.425315102024802e-42 3.695809257846022e-39 49316
33.5 4.50399175925329e-42 3.811474936801252e-39 49344
34 4.459631048061384e-42 3.797600466386315e-39 47192
34.5 4.560628588602495e-42 3.940250218024522e-39 47576
35 4.438930040239918e-42 3.878061839956196e-39 45348
35.5 4.369749441663782e-42 3.934349416354211e-39 44060
36 4.385014813941768e-42 3.995146427792524e-39 43872
36.5 4.162733705742444e-42 3.868915674967098e-39 41756
37 4.230815142931069e-42 4.012627357094239e-39 41528
37.5 4.00529754822604e-42 3.946524071807909e-39 39300
38 3.943600313473857e-42 3.872913284975334e-39 38276
38.5 3.893823172518777e-42 3.889485868204002e-39 36900
39 3.7374512715715e-42 3.730961925046486e-39 34724
39.5 3.694529685913751e-42 3.77459706375496e-39 33960
40 3.48200669699069e-42 3.627841344173213e-39 32144
40.5 3.416727751959095e-42 3.539417914000109e-39 30704
41 3.228702871049263e-42 3.420025637836122e-39 28896
41.5 3.052143230303196e-42 3.290351105550352e-39 26924
42 2.918082848316092e-42 3.228422685543397e-39 25656
42.5 2.672261710876284e-42 3.002895246082281e-39 23228
43 2.542230717969942e-42 2.812271175707679e-39 21816
43.5 2.290796474736116e-42 2.59533334365342e-39 19472
44 2.189558694097955e-42 2.42255232196882e-39 17696
44.5 1.884044440170837e-42 2.304588363788009e-39 15588
45 1.735219692594554e-42 2.060029036520593e-39 13760
45.5 1.443602987967713e-42 1.849371146402305e-39 11565
46 1.32962175853777e-42 1.622227803345267e-39 10016
46.5 1.183669110839027e-42 1.433185931408066e-39 8652
47 1.070255098059513e-42 1.360137860082289e-39 7652
47.5 8.9471943205871e-43 1.152442468847492e-39 6542
48 7.975005984923983e-43 1.004811211174454e-39 5478
48.5 7.07135664378756e-43 8.992480233602663e-40 4886
49 5.760123194116202e-43 8.130916791278118e-40 4068
49.5 5.111546351954268e-43 6.842190203102334e-40 3326
50 4.310773514760182e-43 5.806198893416854e-40 2696
50.5 3.947823898390851e-43 4.80675418407105e-40 2304
51 3.290015090714804e-43 4.514843099864128e-40 1934
51.5 2.279218924165157e-43 3.095091722572251e-40 1344
52 1.657093985270164e-43 2.114806587368529e-40 848
52.5 1.705216906741014e-43 2.294980224069717e-40 888
53 1.012537455743447e-43 1.601845377978217e-40 584
53.5 5.922006861493077e-44 8.207212660488476e-41 344
54 1.84227749880718e-44 2.99100267485983e-41 102
54.5 2.240871797720527e-44 3.057154104839387e-41 104
55 5.160578639576145e-45 6.754842666124975e-42 24
55.5 6.001091166826452e-49 2.207230001762009e-43 1

0.5 1.802127530700156e-13 2.178036541963893e-13 18
1 3.048383623886343e-11 6.737345729354116e-12 62
1.5 3.571517920856101e-11 1.625753770678499e-12 98
2 4.186350059605866e-13 4.092974080280355e-13 210
2.5 8.476178482821916e-18 8.937669119067257e-17 350
3 8.909139835930007e-18 1.544557800529448e-16 450
3.5 2.464269838911283e-17 2.435857363576259e-16 602
4 3.285410289304577e-17 4.864978247873017e-16 762
4.5 5.806803087714535e-24 6.744755097672649e-23 1142
5 8.268798805428223e-25 5.354206909546877e-24 1250
5.5 3.784469071315483e-26 5.075656898712652e-26 1458
6 1.467826932275294e-29 6.35478336229007e-28 1814
6.5 1.937917384514807e-30 8.572355841175252e-29 2178
7 4.332378376419184e-31 1.9968520676898e-29 2498
7.5 1.031972208430496e-31 5.332286538791669e-30 2622
8 3.444571970297667e-33 2.258865888857895e-31 3338
8.5 9.175508178130127e-38 9.789083441330124e-36 3722
9 4.71523470764736e-39 5.658717977937256e-37 4170
9.5 4.724172238548282e-41 3.347292694420539e-39 4358
10 1.601438200762329e-41 1.524839276876142e-39 5034
10.5 1.276264645377321e-41 1.35229044455149e-39 5714
11 1.114611800037973e-41 1.406824177594009e-39 5982
11.5 1.247375127065259e-41 1.632360782208452e-39 6602
12 1.230929759826041e-41 1.940897002145212e-39 7130
12.5 1.392972108940543e-41 2.111223097449701e-39 8034
13 1.397894381523063e-41 2.275555444916898e-39 8606
13.5 1.356822860004221e-41 2.397223249413733e-39 9066
14 1.559128083702994e-41 2.656677326552067e-39 9962
14.5 1.578932086378601e-41 3.072885345446113e-39 10550
15 1.70666059263932e-41 3.368311582002339e-39 11226
15.5 1.731719601625838e-41 3.617294062806213e-39 12146
16 1.700162852792246e-41 3.827607350672396e-39 12606
16.5 1.86023141136169e-41 4.156514944304255e-39 13802
17 1.83155524334634e-41 4.504384404932753e-39 14754
17.5 1.717730060370363e-41 4.625006411349231e-39 15194
18 1.75476226998337e-41 5.075104293905382e-39 16454
18.5 1.727369778491307e-41 5.091705396370834e-39 17154
19 1.872089798728062e-41 5.532416274610789e-39 18266
19.5 1.720213100915512e-41 5.622900516354034e-39 18750
20 1.846281219929165e-41 6.0544664988731e-39 20234
20.5 1.858788101350689e-41 6.550283176496874e-39 21450
21 1.86280130216952e-41 6.762965926558706e-39 21962
21.5 1.990213861249504e-41 7.142100914710788e-39 23462
22 1.936040578817892e-41 7.315883846960233e-39 24042
22.5 2.120530071148347e-41 8.209720216055156e-39 25946
23 2.198924752204905e-41 8.534402225174237e-39 26118
23.5 2.284378705044961e-41 9.209631206100084e-39 27506
24 2.410389036654712e-41 9.980043667228976e-39 29066
24.5 2.458162426618844e-41 1.088487001765729e-38 30450
25 2.611807972098542e-41 1.139517841544915e-38 31742
25.5 2.639216585844289e-41 1.204166328271959e-38 32250
26 2.77847204695373e-41 1.31006590724961e-38 34250
26.5 2.953530111720146e-41 1.398992106639076e-38 35454
27 3.061867880665462e-41 1.486415409664686e-38 36434
27.5 3.193724514563291e-41 1.582112537356368e-38 37682
28 3.329868975615234e-41 1.675537958792322e-38 39294
28.5 3.548866839379913e-41 1.801086520158412e-38 41426
29 3.660723754296488e-41 1.93778168531804e-38 42066
29.5 3.83619159749899e-41 2.027528537506727e-38 43490
30 4.013786988632828e-41 2.184614404374741e-38 45702
30.5 4.212164743829246e-41 2.321236284039108e-38 46634
31 4.642020397812436e-41 2.532272397194431e-38 48554
31.5 4.640637169831672e-41 2.640908262539956e-38 48870
32 4.873350420861124e-41 2.826349907037686e-38 50963
32.5 4.971411419710147e-41 2.979606952945705e-38 51576
33 4.89526143234492e-41 3.014283211586786e-38 49316
33.5 4.939840517718999e-41 3.122747530736483e-38 49344
34 4.824227462937181e-41 3.096959832518318e-38 47192
34.5 4.84740572185872e-41 3.231943440708292e-38 47576
35 4.670596454162612e-41 3.174490049158058e-38 45348
35.5 4.542941201613705e-41 3.234302495143346e-38 44060
36 4.684308461710178e-41 3.293634869141605e-38 43872
36.5 4.475268475212551e-41 3.255380635249417e-38 41756
37 4.490754662716786e-41 3.311959952817352e-38 41528
37.5 4.231498785712987e-41 3.240226355840605e-38 39300
38 4.14164352688739e-41 3.268093520301117e-38 38276
38.5 4.040095685331398e-41 3.23386345556107e-38 36900
39 3.836974780225127e-41 3.156167396832841e-38 34724
39.5 3.881206060484279e-41 3.145147136495994e-38 33960
40 3.679712211347542e-41 3.053293694202937e-38 32144
40.5 3.558974040019466e-41 2.996170940120333e-38 30704
41 3.374255818456872e-41 2.943459433090771e-38 28896
41.5 3.141043779865257e-41 2.751632674355204e-38 26924
42 3.092030566486288e-41 2.686598674181356e-38 25656
42.5 2.848927262409771e-41 2.513340568502728e-38 23228
43 2.646219664994585e-41 2.423468154992299e-38 21816
43.5 2.414471824547222e-41 2.204210140559419e-38 19472
44 2.23256166504254e-41 2.080508921521601e-38 17696
44.5 1.965351565924542e-41 1.891792662420173e-38 15588
45 1.733896467631458e-41 1.749497092059533e-38 13760
45.5 1.481870365694417e-41 1.515973820828433e-38 11565
46 1.305223167927895e-41 1.363451165530448e-38 10016
46.5 1.115990209151498e-41 1.213320639725885e-38 8652
47 1.034453639860314e-41 1.119705025254849e-38 7652
47.5 8.885841390494642e-42 9.836610085254979e-39 6542
48 7.633505457386024e-42 8.486337047722073e-39 5478
48.5 7.313017529944765e-42 7.687907424228849e-39 4886
49 5.892072410647892e-42 6.855208963526676e-39 4068
49.5 5.249060824704573e-42 5.980223271006572e-39 3326
50 4.418640229403529e-42 5.082397733143596e-39 2696
50.5 4.003336750811891e-42 4.667964646089054e-39 2304
51 3.226034680496416e-42 4.279313347198458e-39 1934
51.5 2.624322894071241e-42 2.758284115446227e-39 1344
52 1.610423312674094e-42 1.969178511790526e-39 848
52.5 1.693432036592969e-42 1.976672426537359e-39 888
53 1.215090072152583e-42 1.35825201710373e-39 584
53.5 6.303498576420312e-43 7.216025213123612e-40 344
54 2.38618571919926e-43 2.758808765101693e-40 102
54.5 2.581678003736615e-43 2.827137766193657e-40 104
55 5.467044159321738e-44 5.944522937497515e-41 24
55.5 1.914099449474647e-48 7.186990597399558e-42 1

0.5 8.789582228854322e-14 9.078024746291802e-12 18
1 1.046824342063491e-11 2.882372692194534e-09 62
1.5 4.559822543697856e-12 4.216008104081229e-09 98
2 6.698251660633436e-16 4.258820193256652e-11 210
2.5 1.705789241277054e-18 2.34858240824311e-16 350
3 2.372750969478162e-18 3.993544338061692e-16 450
3.5 6.45687659960157e-18 8.014297764391256e-16 602
4 1.604442950670426e-17 4.485040906338457e-16 762
4.5 3.627925557761904e-23 2.969478123336478e-21 1142
5 6.446245590875408e-25 2.619475808761073e-22 1250
5.5 4.86826716759703e-26 1.400574185828628e-23 1458
6 1.267714253040511e-28 4.232630349421625e-26 1814
6.5 1.960537179617145e-29 3.914736202006749e-27 2178
7 1.133472611145454e-30 1.371762517448942e-28 2498
7.5 1.564624112991213e-31 3.365732644890619e-29 2622
8 3.467454278184759e-33 7.278944420724633e-31 3338
8.5 8.666267135113761e-37 1.240959005901847e-34 3722
9 6.717236764472503e-38 6.80433538680168e-36 4170
9.5 1.554928968934168e-40 4.83379615072084e-38 4358
10 4.961300462400404e-41 1.605242993193302e-38 5034
10.5 5.3252191226401e-41 1.044273553687521e-38 5714
11 4.977274934397296e-41 1.018096764208906e-38 5982
11.5 4.527215187970733e-41 1.167818040627597e-38 6602
12 4.884946732412204e-41 1.215176152152522e-38 7130
12.5 5.404821539389752e-41 1.383458289918308e-38 8034
13 5.383034919394811e-41 1.586344720734517e-38 8606
13.5 5.341855035807504e-41 1.572482464490701e-38 9066
14 5.63005906411887e-41 1.641834377381696e-38 9962
14.5 6.184641585370392e-41 1.789691063814223e-38 10550
15 6.554060637626052e-41 2.260154153109237e-38 11226
15.5 6.720270516120689e-41 2.110584589148985e-38 12146
16 6.78945581023487e-41 2.173904376466712e-38 12606
16.5 7.464655813703939e-41 2.410906216225608e-38 13802
17 7.91985889625297e-41 2.680065180892755e-38 14754
17.5 7.892201816094985e-41 2.690659591591571e-38 15194
18 8.541731394265142e-41 2.999061269885647e-38 16454
18.5 8.600205679762827e-41 3.188946100259277e-38 17154
19 9.683702518048857e-41 3.443669873147547e-38 18266
19.5 9.440860860241581e-41 3.53141279346273e-38 18750
20 1.013305648231638e-40 3.970571445552092e-38 20234
20.5 1.06413635427537e-40 4.319310497989349e-38 21450
21 1.081687501031512e-40 4.640957848685245e-38 21962
21.5 1.177334488731824e-40 5.132086923452283e-38 23462
22 1.193280777670666e-40 5.309839765389038e-38 24042
22.5 1.313019927737806e-40 6.031546658975456e-38 25946
23 1.309947186372786e-40 6.382040009265326e-38 26118
23.5 1.400428044941309e-40 6.912241501754826e-38 27506
24 1.504886264554337e-40 7.531950846370249e-38 29066
24.5 1.57208012675786e-40 8.221860567453638e-38 30450
25 1.690543021939719e-40 8.690629346029797e-38 31742
25.5 1.700808608627326e-40 9.238028999161176e-38 32250
26 1.803260926061192e-40 1.003874040734174e-37 34250
26.5 1.904330256939471e-40 1.072410966252903e-37 35454
27 1.968710668106877e-40 1.142979669574932e-37 36434
27.5 2.058001562055107e-40 1.208745022812272e-37 37682
28 2.193960318634159e-40 1.306370070769641e-37 39294
28.5 2.295952804638942e-40 1.396912666402493e-37 41426
29 2.368830457262338e-40 1.456759541467122e-37 42066
29.5 2.499493361097551e-40 1.595378786221217e-37 43490
30 2.610902130074899e-40 1.693782208159397e-37 45702
30.5 2.699416599613404e-40 1.780594763455707e-37 46634
31 2.888071620908385e-40 1.937350881513753e-37 48554
31.5 2.915366239996449e-40 2.002504938816238e-37 48870
32 3.122052288196966e-40 2.175586798606391e-37 50963
32.5 3.164737658371048e-40 2.248965032264745e-37 51576
33 3.116568004422434e-40 2.247162936663305e-37 49316
33.5 3.12233905896871e-40 2.311741305949494e-37 49344
34 2.98499220350806e-40 2.283120078910193e-37 47192
34.5 3.026299367192926e-40 2.370524638377926e-37 47576
35 2.897941468559057e-40 2.337040216732894e-37 45348
35.5 2.795690732661126e-40 2.330110315905665e-37 44060
36 2.826346286379635e-40 2.392052761359742e-37 43872
36.5 2.721326184108111e-40 2.34669485040817e-37 41756
37 2.699337053083624e-40 2.381768169475232e-37 41528
37.5 2.63068347443516e-40 2.327336985273855e-37 39300
38 2.5704661401994e-40 2.320825699500598e-37 38276
38.5 2.501658630832876e-40 2.29120119498834e-37 36900
39 2.367110266755981e-40 2.21595285048961e-37 34724
39.5 2.339277637538134e-40 2.245320938120964e-37 33960
40 2.244874428222577e-40 2.162397490965459e-37 32144
40.5 2.153568554148858e-40 2.137748542946959e-37 30704
41 2.050048314682609e-40 2.061831693875279e-37 28896
41.5 1.898009740964126e-40 1.932082211490648e-37 26924
42 1.818284920142624e-40 1.874198015995262e-37 25656
42.5 1.691828618263063e-40 1.7683956942511e-37 23228
43 1.618606676792892e-40 1.670104742110139e-37 21816
43.5 1.418078622031505e-40 1.526961645810821e-37 19472
44 1.329085657640134e-40 1.426052526209496e-37 17696
44.5 1.163920871033963e-40 1.256046356998707e-37 15588
45 1.013445651532899e-40 1.129327791170697e-37 13760
45.5 8.543394447370468e-41 9.882990827203532e-38 11565
46 7.622357614906996e-41 8.527896098521812e-38 10016
46.5 6.550981524708697e-41 7.762547489465824e-38 8652
47 6.261641177250142e-41 7.014366926051118e-38 7652
47.5 5.124065326040579e-41 6.357633774698362e-38 6542
48 4.339442395191514e-41 5.568049937474637e-38 5478
48.5 4.044066816717229e-41 5.023527393607619e-38 4886
49 3.44920484571202e-41 4.342625487670618e-38 4068
49.5 2.953107845145845e-41 3.873157460677894e-38 3326
50 2.588586738993593e-41 3.12507846691208e-38 2696
50.5 2.408050635459437e-41 3.001098287484327e-38 2304
51 2.029942247755129e-41 2.567763953038895e-38 1934
51.5 1.370205094310784e-41 1.970980093107393e-38 1344
52 9.064673507843696e-42 1.309495931937995e-38 848
52.5 9.805738259779661e-42 1.268920406958929e-38 888
53 7.285232054151057e-42 8.427307520734861e-39 584
53.5 3.524488406306979e-42 4.45346484295698e-39 344
54 1.533529694369461e-42 1.849611526154623e-39 102
54.5 1.429178287127198e-42 1.857131638500461e-39 104
55 3.379923679965051e-43 3.552183246041073e-40 24
55.5 7.179376336772862e-45 2.450314884191438e-41 1

0.5 1.342623350865581e-12 1.741592579745304e-11 18
1 4.45607126388413e-10 1.088531590475855e-08 62
1.5 4.072413966526609e-10 1.801988985469205e-08 98
2 1.108006054126408e-12 1.253757722987053e-10 210
2.5 2.462631043169931e-18 1.750784767441182e-16 350
3 2.815844607067585e-18 2.470882004122425e-16 450
3.5 6.651640416515646e-18 5.766929973228596e-16 602
4 5.062451303951274e-18 1.40849177017958e-15 762
4.5 2.914503270559004e-22 6.788166343870584e-21 1142
5 2.586270496272425e-23 5.812910365229063e-22 1250
5.5 1.340728390139316e-24 6.528938053333551e-24 1458
6 3.851799744404917e-27 1.816250325358997e-25 1814
6.5 1.686720464471499e-28 5.594694496600495e-26 2178
7 8.31105667787068e-30 1.59232000996144e-27 2498
7.5 8.112309466085987e-32 5.523325733511164e-30 2622
8 2.695022806447267e-33 2.209291820704691e-31 3338
8.5 1.156306544365782e-35 5.489131411118921e-34 3722
9 6.296825702690035e-37 3.166562138277258e-35 4170
9.5 2.119758863168351e-39 4.586701744382629e-37 4358
10 1.18536788024264e-39 1.363605104301988e-37 5034
10.5 1.03286547294768e-39 1.057802863281464e-37 5714
11 9.526345275153438e-40 1.147223855255554e-37 5982
11.5 1.094253597751139e-39 1.327165685154221e-37 6602
12 1.092260963782013e-39 1.535590039364765e-37 7130
12.5 1.157266314379243e-39 1.741829606745878e-37 8034
13 1.204017450390123e-39 1.928980301622861e-37 8606
13.5 1.163504234110192e-39 2.050557729593283e-37 9066
14 1.281195124716737e-39 2.486416453316661e-37 9962
14.5 1.33360584767039e-39 2.670180617313806e-37 10550
15 1.540231776155224e-39 2.847991346595819e-37 11226
15.5 1.38516228700048e-39 3.141747197318644e-37 12146
16 1.438623201887842e-39 3.412381606020472e-37 12606
16.5 1.495488691659854e-39 3.68369007110703e-37 13802
17 1.592831301426871e-39 4.264453831345257e-37 14754
17.5 1.554061716851258e-39 4.235680138149033e-37 15194
18 1.64410925399996e-39 4.669027957753055e-37 16454
18.5 1.658037054380302e-39 4.849504052635975e-37 17154
19 1.70030400841952e-39 5.275158588731826e-37 18266
19.5 1.61837349596425e-39 5.298078284790936e-37 18750
20 1.736231033733112e-39 5.814453615572598e-37 20234
20.5 1.751908663912035e-39 6.119316933894967e-37 21450
21 1.761772829079861e-39 6.346980655925722e-37 21962
21.5 1.835162092189508e-39 6.771582739316061e-37 23462
22 1.79751033522698e-39 7.0993343363464e-37 24042
22.5 1.9273560583731e-39 7.902022299635499e-37 25946
23 1.916787034493857e-39 8.181567241910186e-37 26118
23.5 1.984770535199632e-39 8.872560394523369e-37 27506
24 2.12353959397872e-39 9.559184942076127e-37 29066
24.5 2.215877944700096e-39 9.858984340760083e-37 30450
25 2.288460899819061e-39 1.070856696450528e-36 31742
25.5 2.352050197560137e-39 1.107241915432195e-36 32250
26 2.450153338828117e-39 1.193904316454342e-36 34250
26.5 2.528744243674729e-39 1.273624648727085e-36 35454
27 2.61154404459357e-39 1.32792986810195e-36 36434
27.5 2.661919023495212e-39 1.381725931314552e-36 37682
28 2.763239630583561e-39 1.508100018397402e-36 39294
28.5 2.937964953344929e-39 1.603311715873915e-36 41426
29 3.021744118261541e-39 1.675843194336246e-36 42066
29.5 3.148459404160984e-39 1.762690038524983e-36 43490
30 3.318626457655127e-39 1.874226607824377e-36 45702
30.5 3.387312311682766e-39 1.962627873948325e-36 46634
31 3.651428060101404e-39 2.129347195517502e-36 48554
31.5 3.69141809836755e-39 2.197490964476706e-36 48870
32 3.899620623399702e-39 2.369695175905046e-36 50963
32.5 3.908097309389607e-39 2.454066711103325e-36 51576
33 3.754979597264025e-39 2.409720531850732e-36 49316
33.5 3.842698873310264e-39 2.50606230550789e-36 49344
34 3.653249196704975e-39 2.478917342120138e-36 47192
34.5 3.696576198787e-39 2.562818503983745e-36 47576
35 3.455785960352514e-39 2.520853838892371e-36 45348
35.5 3.339120124031298e-39 2.517540735695963e-36 44060
36 3.418706973951909e-39 2.585129167302117e-36 43872
36.5 3.215854249054479e-39 2.521981312490227e-36 41756
37 3.2357636662128e-39 2.548516880014947e-36 41528
37.5 3.12065906462596e-39 2.430419121298287e-36 39300
38 3.008665716884377e-39 2.429640481554726e-36 38276
38.5 2.972282711926466e-39 2.449615344156795e-36 36900
39 2.799292782666288e-39 2.363484405998698e-36 34724
39.5 2.771087640494163e-39 2.334559691470882e-36 33960
40 2.592818308953405e-39 2.296404161206403e-36 32144
40.5 2.556978151207548e-39 2.20256348534056e-36 30704
41 2.429901207505099e-39 2.119024168787078e-36 28896
41.5 2.239400065745982e-39 2.015528892020356e-36 26924
42 2.217532952132048e-39 2.020083372544464e-36 25656
42.5 1.969532099847669e-39 1.8450405946167e-36 23228
43 1.877946231284982e-39 1.764297638862614e-36 21816
43.5 1.667127336298115e-39 1.62551764885884e-36 19472
44 1.553956757125468e-39 1.489197736845102e-36 17696
44.5 1.338434897523896e-39 1.345556581339286e-36 15588
45 1.169853751490706e-39 1.199281779406745e-36 13760
45.5 1.009691421004665e-39 1.061404250067745e-36 11565
46 8.772427025746402e-40 9.263525039885933e-37 10016
46.5 7.723903780601081e-40 8.375839834472396e-37 8652
47 6.887500618202972e-40 7.827973424081893e-37 7652
47.5 6.195736073841791e-40 6.769329064480695e-37 6542
48 5.433914533689503e-40 6.009422259853885e-37 5478
48.5 4.824117446833292e-40 5.307383424298793e-37 4886
49 4.135697033885479e-40 4.790763581538826e-37 4068
49.5 3.369527912916818e-40 4.129332728621057e-37 3326
50 3.110743189032443e-40 3.268842022854214e-37 2696
50.5 2.781833013721817e-40 3.247609921453403e-37 2304
51 2.354083419677785e-40 2.668200132906494e-37 1934
51.5 1.568058782321137e-40 1.866282118524239e-37 1344
52 1.022986369326233e-40 1.339818583197699e-37 848
52.5 1.089798685781092e-40 1.343511056092498e-37 888
53 7.675774655626911e-41 1.025461747637993e-37 584
53.5 4.326927664183234e-41 5.434692931374191e-38 344
54 1.469286095051458e-41 2.313835275500435e-38 102
54.5 1.609971747882056e-41 1.894182463626565e-38 104
55 3.806518897013832e-42 3.586426961812587e-39 24
55.5 5.493693726149445e-44 4.504953564846565e-40 1

0.5 2.001663774538342e-12 7.718546264059323e-12 18
1 1.176107589346715e-09 3.892334586826516e-10 62
1.5 1.363314411130915e-09 1.122752086652171e-08 98
2 3.860330364926107e-12 1.919224689453144e-10 210
2.5 5.643216666716278e-16 1.972462038880065e-13 350
3 4.271097237380358e-16 9.178689014441325e-14 450
3.5 2.023832382153805e-16 2.37069804382191e-14 602
4 5.577799176206516e-17 3.014519626180166e-15 762
4.5 3.290674662530582e-18 2.131381046107637e-17 1142
5 7.738557980181968e-21 5.882238410469751e-20 1250
5.5 1.087793880599038e-23 9.577766953347473e-21 1458
6 4.534174774456642e-24 1.463989770262342e-21 1814
6.5 1.004148869962918e-24 9.391433910974929e-23 2178
7 6.252252400051896e-26 1.066907138015593e-24 2498
7.5 6.005564011352281e-28 4.048365843713068e-27 2622
8 4.327922646073424e-30 4.253190563740078e-28 3338
8.5 1.271301128113513e-31 4.474132855570314e-29 3722
9 2.018729078005186e-32 2.02822908646256e-30 4170
9.5 1.003309563483616e-33 2.169006769935343e-32 4358
10 2.219532995186022e-35 1.231906823860504e-34 5034
10.5 1.506233525997395e-37 1.0554281702721e-35 5714
11 5.353763897586517e-39 1.304796389436519e-36 5982
11.5 2.230554308877683e-39 4.435134633115934e-37 6602
12 2.022442206617714e-39 4.086616325297184e-37 7130
12.5 2.049134701556469e-39 4.938978409828686e-37 8034
13 2.11720192113103e-39 5.374580800982626e-37 8606
13.5 2.140620866896702e-39 5.621626957517517e-37 9066
14 2.362838328920138e-39 6.478332545702877e-37 9962
14.5 2.460442939265865e-39 7.240496447209942e-37 10550
15 2.683315838365057e-39 7.656216801592973e-37 11226
15.5 2.685546088726095e-39 8.430641191098713e-37 12146
16 2.662001069289596e-39 9.489116083852937e-37 12606
16.5 2.846082319203524e-39 1.014995460669939e-36 13802
17 3.161807067913365e-39 1.09177888195181e-36 14754
17.5 2.909697315309168e-39 1.116729603473446e-36 15194
18 3.083004137467483e-39 1.285315233295513e-36 16454
18.5 2.98336943620752e-39 1.321179979728493e-36 17154
19 3.165297749916164e-39 1.403108584849672e-36 18266
19.5 3.121441047928942e-39 1.456435953445863e-36 18750
20 3.308780447219954e-39 1.55108386928253e-36 20234
20.5 3.385264912157898e-39 1.710840128037747e-36 21450
21 3.338541401531362e-39 1.718220621731326e-36 21962
21.5 3.465069163711816e-39 1.881201194339221e-36 23462
22 3.42978575500644e-39 1.91723080764293e-36 24042
22.5 3.638616672777995e-39 2.100356130381108e-36 25946
23 3.85936515822387e-39 2.145333483436397e-36 26118
23.5 3.88871516957709e-39 2.306574204230985e-36 27506
24 4.103470919009769e-39 2.533356402485453e-36 29066
24.5 4.306596343068075e-39 2.712520140407804e-36 30450
25 4.355616052866163e-39 2.924584177631514e-36 31742
25.5 4.496485755243692e-39 2.94996954852962e-36 32250
26 4.683820579128048e-39 3.174088527974173e-36 34250
26.5 4.843108023873791e-39 3.282001519204325e-36 35454
27 4.971021820658587e-39 3.445997318646962e-36 36434
27.5 5.175210440336964e-39 3.585906695962324e-36 37682
28 5.463754148105848e-39 3.808790449356906e-36 39294
28.5 5.751057687604686e-39 4.097496042762325e-36 41426
29 5.958530429585243e-39 4.247015853594978e-36 42066
29.5 6.14643321558627e-39 4.492229501596488e-36 43490
30 6.384505239444241e-39 4.801524582695156e-36 45702
30.5 6.707212004219578e-39 5.061569168416728e-36 46634
31 7.163246942012514e-39 5.323269246146365e-36 48554
31.5 7.260634292671761e-39 5.554294145566258e-36 48870
32 7.738789252324183e-39 5.972899110778254e-36 50963
32.5 7.774317210016568e-39 6.168138018616985e-36 51576
33 7.542084331501202e-39 5.972403385045098e-36 49316
33.5 7.743451978757432e-39 6.275372539508901e-36 49344
34 7.357268010895295e-39 6.119844711253939e-36 47192
34.5 7.444666024792465e-39 6.307545636801949e-36 47576
35 7.089625975150636e-39 6.114302675365226e-36 45348
35.5 6.92883050847609e-39 6.03632402171776e-36 44060
36 6.97550769636249e-39 6.177060332430396e-36 43872
36.5 6.627026551261156e-39 6.020026975040125e-36 41756
37 6.750242112322131e-39 6.008441563222736e-36 41528
37.5 6.367388518876892e-39 5.818403517677081e-36 39300
38 6.247392263922308e-39 5.79356230677139e-36 38276
38.5 6.142636382277467e-39 5.823197825131914e-36 36900
39 5.843756890372135e-39 5.544887073660466e-36 34724
39.5 5.676972520082257e-39 5.612155316130861e-36 33960
40 5.394230865092978e-39 5.363349817819373e-36 32144
40.5 5.225831745971104e-39 5.249340018851867e-36 30704
41 4.969231367648552e-39 4.997549868059694e-36 28896
41.5 4.631733599915583e-39 4.735183371485476e-36 26924
42 4.515123079474751e-39 4.673149789133202e-36 25656
42.5 4.114564755559555e-39 4.247333597933286e-36 23228
43 3.928727378371782e-39 4.092424292010816e-36 21816
43.5 3.50400969957392e-39 3.714074840220912e-36 19472
44 3.201602953375846e-39 3.453462624925445e-36 17696
44.5 2.819726093583598e-39 3.115904958182711e-36 15588
45 2.474944315836189e-39 2.718394788729491e-36 13760
45.5 2.129358558043359e-39 2.432366538899369e-36 11565
46 1.854895027185999e-39 2.115422336763674e-36 10016
46.5 1.620225908660194e-39 1.882837392284938e-36 8652
47 1.457692871339696e-39 1.71399588609474e-36 7652
47.5 1.270929675018845e-39 1.504823856219797e-36 6542
48 1.150792865260552e-39 1.329502236178715e-36 5478
48.5 9.884486576232767e-40 1.223402366107413e-36 4886
49 8.585060122964354e-40 1.065007267323726e-36 4068
49.5 7.074323930247934e-40 9.128302064077173e-37 3326
50 6.10965090973269e-40 7.604851545183228e-37 2696
50.5 5.895141616793449e-40 6.769782731329381e-37 2304
51 4.824161502010271e-40 5.912211506193475e-37 1934
51.5 3.273042462122974e-40 3.965985265007844e-37 1344
52 2.220776566062503e-40 2.86967845703515e-37 848
52.5 2.378536222255078e-40 2.84787305977309e-37 888
53 1.540934061196906e-40 2.196075787953326e-37 584
53.5 9.951218765593916e-41 1.065310545658374e-37 344
54 4.086054002120343e-41 3.999751661433717e-38 102
54.5 3.253537578930547e-41 4.511961640072317e-38 104
55 5.981183970816033e-42 8.265264412015226e-39 24
55.5 3.361380410338368e-43 7.25858819271721e-40 1

0.5 1.176508480657229e-12 6.563769531951046e-10 18
1 3.357070162548942e-09 6.340752747434954e-07 62
1.5 8.080685786255481e-09 6.922483775010734e-07 98
2 3.35324411198363e-11 9.432038938267246e-10 210
2.5 1.316137597757033e-14 3.138399316691417e-12 350
3 3.577851539014753e-14 4.542037757398568e-13 450
3.5 1.095668432136677e-14 1.950135220171754e-13 602
4 2.416060996891097e-16 1.858442971577006e-14 762
4.5 5.697001821956534e-17 5.160535167184922e-15 1142
5 3.949591233021138e-19 1.628997861149716e-17 1250
5.5 6.417980991384692e-20 4.18186610119358e-18 1458
6 1.15716933556565e-20 2.253498337708359e-18 1814
6.5 3.579385324645162e-22 2.81015581324644e-19 2178
7 6.334436014672972e-24 2.587707317543917e-21 2498
7.5 1.372042612120446e-25 2.948419928209324e-23 2622
8 3.577299510359475e-26 1.45616088998904e-24 3338
8.5 3.365673231496137e-27 1.311069433751851e-24 3722
9 3.390230339551819e-29 2.317425113344422e-25 4170
9.5 8.458433069552077e-30 6.984621535316126e-27 4358
10 5.637679546201921e-31 1.591776608513903e-28 5034
10.5 7.641699556993562e-32 3.579878639077081e-30 5714
11 6.822745828101792e-33 1.421124788163967e-31 5982
11.5 1.621569921230741e-34 5.952402354244584e-32 6602
12 7.027576728794125e-37 3.408427327922986e-33 7130
12.5 2.203474175059265e-37 1.42428648069516e-34 8034
13 8.583770166214304e-38 1.518235076015044e-35 8606
13.5 4.9326060925454e-38 1.084897250656385e-35 9066
14 5.097623586624623e-38 1.217496293039834e-35 9962
14.5 5.318859467380084e-38 1.301364600690946e-35 10550
15 5.64416620135181e-38 1.516402275939139e-35 11226
15.5 5.845851380274269e-38 1.523216134480723e-35 12146
16 5.935560484773149e-38 1.656295189039928e-35 12606
16.5 6.244395635116807e-38 1.77791978835468e-35 13802
17 6.76505221870876e-38 1.976405514350367e-35 14754
17.5 6.509489704259696e-38 2.045449749913996e-35 15194
18 7.07544067495675e-38 2.293813748471959e-35 16454
18.5 6.994450969061157e-38 2.377288510807965e-35 17154
19 7.180890264807909e-38 2.562573368123569e-35 18266
19.5 7.056353039876347e-38 2.563422786042502e-35 18750
20 7.327473178696563e-38 2.868697260577619e-35 20234
20.5 7.492736472400096e-38 3.027489784643838e-35 21450
21 7.793448442371614e-38 3.049514582650908e-35 21962
21.5 8.056782805784835e-38 3.289693184334195e-35 23462
22 7.788754407871077e-38 3.411101784067473e-35 24042
22.5 8.320178496554118e-38 3.73068403773239e-35 25946
23 8.691002135851668e-38 3.893640708194713e-35 26118
23.5 8.866276198893076e-38 4.077726763878653e-35 27506
24 9.194206654062753e-38 4.336871258224295e-35 29066
24.5 9.612477022556292e-38 4.678841951156949e-35 30450
25 1.009754449218739e-37 4.944137909890435e-35 31742
25.5 1.022460855959492e-37 5.192209201280149e-35 32250
26 1.051357811454962e-37 5.60971127640431e-35 34250
26.5 1.099499014766077e-37 5.872917573783992e-35 35454
27 1.115586476094258e-37 6.148897857802173e-35 36434
27.5 1.13768882462436e-37 6.482340524191529e-35 37682
28 1.204336037790906e-37 7.065177806658783e-35 39294
28.5 1.256056322396841e-37 7.441078517792283e-35 41426
29 1.278239230271962e-37 7.774574552997622e-35 42066
29.5 1.338195836663866e-37 8.256850389699716e-35 43490
30 1.403553728898927e-37 8.927238949393173e-35 45702
30.5 1.45037855428281e-37 9.275662215922054e-35 46634
31 1.533026047360848e-37 9.788463099292063e-35 48554
31.5 1.550092003544296e-37 1.007929608857061e-34 48870
32 1.644838741894657e-37 1.090955964523264e-34 50963
32.5 1.67210829114114e-37 1.133931317399822e-34 51576
33 1.621379977274951e-37 1.124721376847828e-34 49316
33.5 1.615581289814142e-37 1.157835790277481e-34 49344
34 1.548720318834448e-37 1.149433709150792e-34 47192
34.5 1.565058730204578e-37 1.197721731304849e-34 47576
35 1.504701278759371e-37 1.140176422727639e-34 45348
35.5 1.462429804609785e-37 1.146841791321947e-34 44060
36 1.488144065505132e-37 1.15082178679128e-34 43872
36.5 1.413608357570805e-37 1.139356585823098e-34 41756
37 1.401240226774338e-37 1.162231572071672e-34 41528
37.5 1.330596907518668e-37 1.120227221480898e-34 39300
38 1.316268353788666e-37 1.109541591460144e-34 38276
38.5 1.266302326435234e-37 1.087514865261661e-34 36900
39 1.183686818993693e-37 1.058657211823861e-34 34724
39.5 1.172822974304362e-37 1.066098298916684e-34 33960
40 1.119737672734234e-37 1.020536232835962e-34 32144
40.5 1.083081121431077e-37 9.903280933443936e-35 30704
41 1.021183222289191e-37 9.628631143787083e-35 28896
41.5 9.521933144466798e-38 9.157279017233626e-35 26924
42 9.167899934777355e-38 8.856979729650651e-35 25656
42.5 8.150522360343337e-38 8.283383613969302e-35 23228
43 7.854706067815979e-38 7.870522963860384e-35 21816
43.5 6.945638446853353e-38 7.113370916162011e-35 19472
44 6.415946710168425e-38 6.586545658728623e-35 17696
44.5 5.867302848652043e-38 5.888373358455594e-35 15588
45 5.049174460117831e-38 5.323696660969889e-35 13760
45.5 4.277328570297536e-38 4.618046254514443e-35 11565
46 3.728158178019493e-38 4.127412126966435e-35 10016
46.5 3.252062853341153e-38 3.693976574093245e-35 8652
47 2.928316427285638e-38 3.316666580310191e-35 7652
47.5 2.55050037646894e-38 3.017098379539487e-35 6542
48 2.206388251759397e-38 2.577646088496985e-35 5478
48.5 1.98361893922071e-38 2.414619710359313e-35 4886
49 1.701460133314859e-38 2.165847102683061e-35 4068
49.5 1.416549707222326e-38 1.806008581257327e-35 3326
50 1.219034716815778e-38 1.55091202167796e-35 2696
50.5 1.076365692288042e-38 1.350458800311348e-35 2304
51 8.999251650533926e-39 1.17774625304136e-35 1934
51.5 6.888722285393423e-39 8.695070538849343e-36 1344
52 4.644840210201259e-39 5.539673970081583e-36 848
52.5 5.093285092018572e-39 6.060706923038347e-36 888
53 3.294739916248851e-39 4.226095568771936e-36 584
53.5 1.919338395718112e-39 2.789357428202601e-36 344
54 5.805506194787602e-40 1.049555900960493e-36 102
54.5 7.379913851385045e-40 8.959868096135361e-37 104
55 1.183204790033297e-40 1.548961827390898e-37 24
55.5 1.981676876800911e-42 5.758214649527801e-39 1

0.5 1.557983216611889e-11 1.561342561638681e-09 18
1 2.336402204823077e-09 2.553104654612231e-06 62
1.5 1.354619570783208e-08 3.272261142522889e-06 98
2 3.599487766693427e-10 6.987855151101981e-09 210
2.5 1.127978078212478e-10 3.63850797617438e-09 350
3 4.215442605618746e-11 2.983957129557602e-09 450
3.5 8.796527443952528e-12 1.413280417354968e-09 602
4 5.648365266894936e-13 3.338740506536193e-10 762
4.5 1.243186567691034e-13 2.299446220671491e-11 1142
5 3.601096249196032e-14 5.095862057270547e-13 1250
5.5 7.691009444213437e-15 3.811172184137708e-13 1458
6 9.332028649308022e-16 1.333498658133066e-13 1814
6.5 7.488385119367471e-17 2.169830214654728e-14 2178
7 1.750145338642731e-17 1.086296175666471e-15 2498
7.5 3.926259309442952e-18 1.101643896821049e-16 2622
8 5.826501076268581e-19 5.357257768043808e-17 3338
8.5 4.663167871193398e-20 1.144890165115285e-17 3722
9 6.735680881870201e-21 1.102491808963247e-18 4170
9.5 1.403989549679078e-21 6.026763578686066e-20 4358
10 2.210352295557253e-22 1.712174714280774e-20 5034
10.5 2.152532216467877e-23 4.348891410462582e-21 5714
11 2.434122732438707e-24 6.024474705641107e-22 5982
11.5 4.839544989828331e-25 5.050580374427608e-23 6602
12 8.155487559264591e-26 6.093982829071448e-24 7130
12.5 9.80622376309595e-27 1.543246287491452e-24 8034
13 1.009565239676361e-27 2.567424942759583e-25 8606
13.5 1.599604791841248e-28 2.96573618575344e-26 9066
14 2.66480908521161e-29 2.921475988053825e-27 9962
14.5 3.422860461037464e-30 4.86896926979197e-28 10550
15 3.918477110955424e-31 9.187768249815195e-29 11226
15.5 5.590634861858688e-32 1.342209563460712e-29 12146
16 8.523026415120771e-33 1.524605171659596e-30 12606
16.5 1.213991746268786e-33 1.998445281201885e-31 13802
17 1.493828821471784e-34 3.356663578544038e-32 14754
17.5 1.864550072939556e-35 5.260509467288799e-33 15194
18 2.870220610870808e-36 7.422297664938367e-34 16454
18.5 5.470872787005805e-37 1.459222567402789e-34 17154
19 2.301890225256787e-37 7.298268102315409e-35 18266
19.5 1.817013474387954e-37 6.360101058487086e-35 18750
20 1.925542186961996e-37 6.695403368197691e-35 20234
20.5 1.852896270370188e-37 6.776868957800947e-35 21450
21 1.803671058002025e-37 6.957512857592406e-35 21962
21.5 1.849658780145967e-37 7.398945306331396e-35 23462
22 1.829715044873796e-37 7.552604855766838e-35 24042
22.5 1.897004485760868e-37 8.081221833688839e-35 25946
23 1.881896082256854e-37 8.206146811354297e-35 26118
23.5 1.946821249988719e-37 8.861097163755312e-35 27506
24 2.034017246085765e-37 9.604846610278775e-35 29066
24.5 2.030945994541429e-37 1.005231997790124e-34 30450
25 2.120641627870464e-37 1.061862839053002e-34 31742
25.5 2.089880283192167e-37 1.068314204738317e-34 32250
26 2.198863443533618e-37 1.101469032119313e-34 34250
26.5 2.268911802473824e-37 1.165439066803878e-34 35454
27 2.340082081417656e-37 1.216723087354784e-34 36434
27.5 2.354603177895416e-37 1.255517217031977e-34 37682
28 2.509839254540399e-37 1.319099012219214e-34 39294
28.5 2.538335959315924e-37 1.424162759867799e-34 41426
29 2.592671662167744e-37 1.453323398120469e-34 42066
29.5 2.64029980566593e-37 1.529397497573087e-34 43490
30 2.763844600777088e-37 1.629776657492923e-34 45702
30.5 2.820680758709495e-37 1.697717300496477e-34 46634
31 2.939035919510256e-37 1.788117047832444e-34 48554
31.5 2.988844655839747e-37 1.833607947885624e-34 48870
32 3.101515761834856e-37 1.950858264702083e-34 50963
32.5 3.091336224405637e-37 1.989651120191175e-34 51576
33 2.939495910771045e-37 1.966816383914509e-34 49316
33.5 2.898503734050984e-37 1.987333197065169e-34 49344
34 2.708887218334961e-37 1.924474259197613e-34 47192
34.5 2.770214187382123e-37 2.001976581330864e-34 47576
35 2.576661026578102e-37 1.931682028372712e-34 45348
35.5 2.490614280045046e-37 1.878925097093653e-34 44060
36 2.456780241196762e-37 1.925319305919808e-34 43872
36.5 2.367417066828928e-37 1.862611575233291e-34 41756
37 2.291772926542416e-37 1.881395576132787e-34 41528
37.5 2.18022258739241e-37 1.797064703674386e-34 39300
38 2.136870720412153e-37 1.784361816220776e-34 38276
38.5 2.022552655966512e-37 1.746729316614759e-34 36900
39 1.920148328950594e-37 1.689018624486725e-34 34724
39.5 1.883215735900452e-37 1.66958613558178e-34 33960
40 1.784817294367575e-37 1.616150713489503e-34 32144
40.5 1.680441752516181e-37 1.559075715615157e-34 30704
41 1.597910607609266e-37 1.490548269692346e-34 28896
41.5 1.503337465093487e-37 1.401732567329228e-34 26924
42 1.429799963720013e-37 1.355179613885657e-34 25656
42.5 1.281616926014995e-37 1.240360304469732e-34 23228
43 1.205820584531888e-37 1.194689740622835e-34 21816
43.5 1.089900174731743e-37 1.082891414864279e-34 19472
44 9.935030164298225e-38 9.948090090119882e-35 17696
44.5 8.785870633261004e-38 9.095031310315175e-35 15588
45 7.57871957078715e-38 8.271701083550492e-35 13760
45.5 6.29417295724087e-38 7.121984421209542e-35 11565
46 5.695047568916636e-38 6.250987426922797e-35 10016
46.5 4.804199418939861e-38 5.652468311067638e-35 8652
47 4.402386542163899e-38 4.878323279214344e-35 7652
47.5 3.817985981192218e-38 4.43113849973346e-35 6542
48 3.226582919545877e-38 3.787970860430111e-35 5478
48.5 2.86464081646546e-38 3.464986293373624e-35 4886
49 2.535925076681822e-38 2.935069512960941e-35 4068
49.5 2.069022146101943e-38 2.424546407651914e-35 3326
50 1.687602862806189e-38 2.143498718111892e-35 2696
50.5 1.435171786205287e-38 1.817393039928551e-35 2304
51 1.179759181829793e-38 1.605723304299395e-35 1934
51.5 9.128843493124963e-39 1.145169273440778e-35 1344
52 6.212698762661952e-39 7.280204618325614e-36 848
52.5 6.339281922441651e-39 7.84520707243192e-36 888
53 4.164320370336582e-39 5.656243219602125e-36 584
53.5 2.6149640079115e-39 3.497256731954508e-36 344
54 8.85492090374926e-40 1.081597550529956e-36 102
54.5 8.487932393752411e-40 1.181464674988371e-36 104
55 1.115603192112832e-40 1.61442856847695e-37 24
55.5 4.738971443062456e-42 3.517262204587682e-39 1

0.5 8.573842652169216e-10 3.675145336912842e-08 18
1 1.035017089247747e-07 3.160587787477894e-06 62
1.5 2.043841676770814e-07 1.32910236485757e-05 98
2 1.070180050390762e-09 6.099617401508906e-07 210
2.5 1.2572429854172e-09 7.145322116779117e-08 350
3 8.659907699939571e-10 1.49098426734651e-08 450
3.5 5.151314215654331e-10 1.021631304903247e-08 602
4 3.507959143696609e-10 7.736254466501021e-09 762
4.5 5.649651337529761e-11 3.671258524036415e-09 1142
5 2.484188680481005e-12 5.171666861811895e-10 1250
5.5 1.189130366713933e-12 1.653420134753593e-10 1458
6 7.226373156652326e-13 7.856067182323489e-11 1814
6.5 2.55117569716582e-13 4.016634998454728e-11 2178
7 4.324594274736869e-14 2.087146777828167e-11 2498
7.5 2.572450777367707e-14 4.403161254084245e-12 2622
8 1.131162559957397e-14 8.581066935246202e-13 3338
8.5 3.56005684272957e-15 1.869496813936885e-13 3722
9 7.887259630317129e-16 1.414462231572946e-13 4170
9.5 8.564709652750907e-17 6.570704858041912e-14 4358
10 3.966518707201831e-17 1.551695798763371e-14 5034
10.5 2.165177796341489e-17 2.896250743719494e-15 5714
11 8.918076769391574e-18 5.085316797910508e-16 5982
11.5 1.706307780859348e-18 3.970421001947593e-16 6602
12 1.817549060104958e-19 1.814766025324014e-16 7130
12.5 6.440155669136706e-20 5.273273237709833e-17 8034
13 4.696829996820779e-20 8.603324124380132e-18 8606
13.5 1.769711849831388e-20 9.861646056409402e-19 9066
14 3.247577659476541e-21 7.503959245466356e-19 9962
14.5 3.609774539317619e-22 4.149601915163428e-19 10550
15 8.705220873941449e-23 1.371445632629435e-19 11226
15.5 7.338401363913827e-23 2.097520880611189e-20 12146
16 2.787086079041347e-23 1.859863605549794e-21 12606
16.5 6.797466104944191e-24 1.175059000703157e-21 13802
17 8.024098590338599e-25 8.292596693289901e-22 14754
17.5 9.794052202964198e-26 2.680964202467345e-22 15194
18 8.517623956374822e-26 4.591336232508108e-23 16454
18.5 4.224224473453672e-26 4.579752397783253e-24 17154
19 1.135481150929457e-26 1.422916538526542e-24 18266
19.5 1.417959275830344e-27 1.102265849111152e-24 18750
20 1.328950393045969e-28 4.307198564575174e-25 20234
20.5 8.348936263703196e-29 9.695952244094322e-26 21450
21 4.85951264687424e-29 1.106591236504383e-26 21962
21.5 1.428461905989234e-29 1.632260068638759e-27 23462
22 2.263004624671696e-30 1.190515317995571e-27 24042
22.5 2.439557481555693e-31 5.86930515868797e-28 25946
23 6.917152112922623e-32 1.490511620302096e-28 26118
23.5 4.261190251945247e-32 2.096551288574413e-29 27506
24 1.501631253997794e-32 2.473443803667465e-30 29066
24.5 3.24195625076835e-33 1.190400163568671e-30 30450
25 3.858880067432846e-34 6.358006541784728e-31 31742
25.5 6.442272791203271e-35 1.772550952766578e-31 32250
26 3.522475902536962e-35 3.271603528977928e-32 34250
26.5 1.512419914205621e-35 4.977726378807576e-33 35454
27 4.662962991223518e-36 2.183372378489519e-33 36434
27.5 2.015723398397821e-36 1.695079457523229e-33 37682
28 1.722564783860228e-36 1.353872972344698e-33 39294
28.5 1.807862835847736e-36 1.26631204004586e-33 41426
29 1.83949014171292e-36 1.282337344728088e-33 42066
29.5 1.918537526043374e-36 1.36809177079167e-33 43490
30 1.994608759726833e-36 1.457578531915648e-33 45702
30.5 2.079074246703275e-36 1.54380765106335e-33 46634
31 2.224423598476567e-36 1.643486009714556e-33 48554
31.5 2.256187804266088e-36 1.727407701892308e-33 48870
32 2.432138169358444e-36 1.85260021888849e-33 50963
32.5 2.463560820542367e-36 1.929312034576296e-33 51576
33 2.422106228437752e-36 1.92852036568108e-33 49316
33.5 2.453753025417521e-36 1.96576997108131e-33 49344
34 2.334151774540198e-36 1.923187433426246e-33 47192
34.5 2.397364173976881e-36 2.043530087396074e-33 47576
35 2.28481428329643e-36 1.978109563996617e-33 45348
35.5 2.232598398335089e-36 1.969480375009365e-33 44060
36 2.210477476137538e-36 2.055003609339851e-33 43872
36.5 2.172879022453971e-36 1.92971560865276e-33 41756
37 2.178784438041997e-36 2.012394538440582e-33 41528
37.5 2.066589801223048e-36 1.935225661481297e-33 39300
38 2.072337598284144e-36 1.939446669012548e-33 38276
38.5 2.000963596957358e-36 1.905155104057376e-33 36900
39 1.888167207997069e-36 1.836608152043206e-33 34724
39.5 1.90867700625059e-36 1.881914191539625e-33 33960
40 1.76493682977432e-36 1.822633289436117e-33 32144
40.5 1.730352085904094e-36 1.769413934765144e-33 30704
41 1.638510242092829e-36 1.712135800558475e-33 28896
41.5 1.531502082853183e-36 1.62898126832681e-33 26924
42 1.497040806817638e-36 1.635144841362994e-33 25656
42.5 1.349671872765606e-36 1.4259513791441e-33 23228
43 1.28624243406678e-36 1.409324898600955e-33 21816
43.5 1.166918380490842e-36 1.24315983098582e-33 19472
44 1.045470169381934e-36 1.180457996627533e-33 17696
44.5 9.460349278506373e-37 1.054633858974675e-33 15588
45 8.152029512879879e-37 9.687712537657519e-34 13760
45.5 6.775644182175117e-37 8.231834949988957e-34 11565
46 6.06996295436087e-37 7.327802493745922e-34 10016
46.5 5.154022617012905e-37 6.586682698523676e-34 8652
47 4.773151386649947e-37 5.822892769134398e-34 7652
47.5 4.444004000963196e-37 5.466989679532156e-34 6542
48 3.738442444723636e-37 4.632970966463808e-34 5478
48.5 3.312465657549438e-37 4.394179989372227e-34 4886
49 2.805544866382536e-37 3.813046583549565e-34 4068
49.5 2.424676317398113e-37 3.017334694250727e-34 3326
50 2.150174359537113e-37 2.732427291678798e-34 2696
50.5 1.769832962510658e-37 2.375891104893015e-34 2304
51 1.557580257769984e-37 2.131269440574718e-34 1934
51.5 1.207842630603211e-37 1.64300339032061e-34 1344
52 8.043854969264259e-38 9.965255084502088e-35 848
52.5 8.509540448546402e-38 1.09816886814962e-34 888
53 5.739611249845706e-38 7.281689247848773e-35 584
53.5 3.609701190047718e-38 4.728282921648201e-35 344
54 1.106341185597851e-38 1.778543403705998e-35 102
54.5 1.262182767746509e-38 1.709530596879258e-35 104
55 2.834042699814166e-39 2.539665009879587e-36 24
55.5 3.387851395176326e-42 6.148241322968337e-38 1

0.5 3.110181344903756e-09 5.564440974729026e-08 18
1 3.139345272246354e-08 1.730712749677809e-06 62
1.5 2.976122666365516e-07 5.434395882178506e-06 98
2 5.505291127184156e-08 8.067753732236252e-07 210
2.5 5.810601488929548e-09 1.393739830556112e-06 350
3 3.80821550137172e-09 5.649337891708358e-07 450
3.5 3.041285027479307e-09 1.448307473625721e-07 602
4 1.707899324162199e-09 4.570758504932156e-08 762
4.5 3.582576287123802e-10 2.220286500194475e-08 1142
5 1.752650219232657e-10 1.090145357279448e-08 1250
5.5 4.228751703650275e-11 1.088101359365471e-08 1458
6 3.929810847669706e-11 2.728733602932255e-09 1814
6.5 1.2011565116151e-11 6.151534319565153e-10 2178
7 1.434891100320767e-12 1.707736071859231e-10 2498
7.5 7.35377390268556e-13 5.748345690269391e-11 2622
8 3.638824200491356e-13 4.383192602908813e-11 3338
8.5 1.184959392824941e-13 1.910797291837716e-11 3722
9 3.587177255366411e-14 4.303267932893379e-12 4170
9.5 6.814284764302906e-15 7.111245060773651e-13 4358
10 3.085161788159229e-15 2.589980962518648e-13 5034
10.5 1.341586775930148e-15 2.042339874671749e-13 5714
11 3.379810987061488e-16 9.740776700626193e-14 5982
11.5 1.461948721972784e-16 1.522888284226165e-14 6602
12 2.765768516187249e-17 2.766582413633562e-15 7130
12.5 1.087581228238306e-17 1.016538344956793e-15 8034
13 3.391097634897745e-18 1.02804098319924e-15 8606
13.5 1.38194399888207e-18 3.781725276055649e-16 9066
14 5.739523960690357e-19 5.764435937344118e-17 9962
14.5 9.560563019170466e-20 1.444934355020284e-17 10550
15 2.943293125384465e-20 4.332747722650784e-18 11226
15.5 8.829552470718672e-21 3.790258337184597e-18 12146
16 5.143102483901805e-21 1.162594735089451e-18 12606
16.5 1.923661001608775e-21 3.209899923048337e-19 13802
17 4.183520749717319e-22 9.926452750402223e-20 14754
17.5 1.162071881006463e-22 2.327897350359801e-20 15194
18 3.046658639192277e-23 1.248841677647904e-20 16454
18.5 1.685067720950526e-23 3.731112203923046e-21 17154
19 6.565792522943791e-24 1.56846505452972e-21 18266
19.5 1.786649934853949e-24 6.737280727793239e-22 18750
20 6.455267781388759e-25 1.937724234697897e-22 20234
20.5 1.931582627035028e-25 6.116887571364106e-23 21450
21 6.644578341803761e-26 2.047854893679914e-23 21962
21.5 2.551656887597782e-26 8.641936547725188e-24 23462
22 8.068489186191405e-27 3.767370875659706e-24 24042
22.5 2.938774398805728e-27 1.316377613084617e-24 25946
23 1.090770861473005e-27 4.140894243988119e-25 26118
23.5 4.334241629791305e-28 1.42511880369777e-25 27506
24 1.47977396938913e-28 5.825047719971849e-26 29066
24.5 4.67513738915635e-29 2.210970066307698e-26 30450
25 1.600652875815741e-29 7.457722672764359e-27 31742
25.5 5.490934300391236e-30 2.885876394126553e-27 32250
26 2.348210020124653e-30 1.044252646118973e-27 34250
26.5 8.318509051775139e-31 3.940942035402813e-28 35454
27 2.646830212255749e-31 1.522012995575945e-28 36434
27.5 1.014509886900155e-31 4.917443980499313e-29 37682
28 3.284030692751952e-32 1.986654927139948e-29 39294
28.5 1.179056992944163e-32 8.078581760840199e-30 41426
29 4.892263539122836e-33 2.641991828201779e-30 42066
29.5 1.715057263776392e-33 1.113874156648719e-30 43490
30 6.332195059903177e-34 4.030399535017368e-31 45702
30.5 2.439957105241911e-34 1.209503267768396e-31 46634
31 9.004039580776211e-35 4.575494842231443e-32 48554
31.5 3.711032567973539e-35 1.865222222774998e-32 48870
32 1.888753412954972e-35 8.986292784834115e-33 50963
32.5 1.039545025360817e-35 5.394375670667945e-33 51576
33 6.677672774112237e-36 3.826513313230687e-33 49316
33.5 5.452194021706565e-36 3.432275278077246e-33 49344
34 4.749314139212093e-36 3.273466609111476e-33 47192
34.5 4.730990392987911e-36 3.348972788867307e-33 47576
35 4.43027283946997e-36 3.244017297250687e-33 45348
35.5 4.271994059024333e-36 3.231861584143721e-33 44060
36 4.360904877487843e-36 3.285236391504415e-33 43872
36.5 4.104295921348719e-36 3.199270437833306e-33 41756
37 4.14835941310059e-36 3.324286475406886e-33 41528
37.5 3.939454799148947e-36 3.212945701308174e-33 39300
38 3.863190325436345e-36 3.23565441305236e-33 38276
38.5 3.811902518097704e-36 3.209701377219486e-33 36900
39 3.557892092018082e-36 3.043657239666857e-33 34724
39.5 3.62850733821655e-36 3.165436023722872e-33 33960
40 3.411934691556975e-36 3.004963891857148e-33 32144
40.5 3.295995212575756e-36 2.938978145423731e-33 30704
41 3.174832748918419e-36 2.796768840453747e-33 28896
41.5 2.953034501194135e-36 2.702326213989937e-33 26924
42 2.899797161205237e-36 2.65020053359315e-33 25656
42.5 2.52387912887614e-36 2.447286428485993e-33 23228
43 2.436044961560049e-36 2.348803547981457e-33 21816
43.5 2.163645927817192e-36 2.114598072841759e-33 19472
44 1.982489948931944e-36 1.987135254082601e-33 17696
44.5 1.744634047339659e-36 1.817898384933549e-33 15588
45 1.573113658675513e-36 1.620469604454769e-33 13760
45.5 1.293096853748647e-36 1.402778505195439e-33 11565
46 1.152811476317914e-36 1.260655504227505e-33 10016
46.5 1.013541933133569e-36 1.114664780228069e-33 8652
47 8.936726766373469e-37 1.030027398702699e-33 7652
47.5 8.223724335177224e-37 9.578646085613843e-34 6542
48 6.848965108173787e-37 8.189672341677291e-34 5478
48.5 6.334043428279827e-37 7.447459223734895e-34 4886
49 5.536253637633602e-37 6.401162358865891e-34 4068
49.5 4.757590598968444e-37 5.056236148097544e-34 3326
50 4.070207016168186e-37 4.718818624239866e-34 2696
50.5 3.428255521669936e-37 4.169623971489999e-34 2304
51 2.995850283077549e-37 3.752638288054403e-34 1934
51.5 2.347979347347299e-37 2.86635670791563e-34 1344
52 1.421144762777256e-37 1.890314441836734e-34 848
52.5 1.603451510561114e-37 1.898166683983593e-34 888
53 1.066016113810545e-37 1.27506398400308e-34 584
53.5 6.388469715897001e-38 8.281522103395431e-35 344
54 1.728965315643582e-38 3.254682393258126e-35 102
54.5 2.134459919598641e-38 2.881958733717847e-35 104
55 3.379710161941291e-39 5.274407118411262e-36 24
55.5 3.949500438065987e-42 1.193460152942714e-39 1

0.5 6.638718513471311e-10 7.920511989443359e-08 18
1 2.571415528604707e-08 1.313297426448835e-06 62
1.5 1.071528533735389e-07 6.034393671950021e-06 98
2 2.210989888669634e-07 2.514046141053747e-06 210
2.5 2.184366084896589e-08 1.676713481682471e-06 350
3 5.132045314304516e-09 1.370130288423737e-06 450
3.5 2.110704058551665e-09 6.56679711944546e-07 602
4 9.166278482707375e-10 4.463856128049125e-07 762
4.5 4.991822655187182e-10 2.459887361916549e-07 1142
5 3.024840683993594e-10 6.576639246097608e-08 1250
5.5 1.774611827387967e-10 3.144132679432432e-08 1458
6 7.469293174604649e-11 1.009181652014771e-08 1814
6.5 4.275187704510233e-11 2.535713641280076e-09 2178
7 1.435089576051773e-11 7.800566717242943e-10 2498
7.5 4.765535833127269e-12 3.739858224590164e-10 2622
8 2.226704397370373e-12 2.188828868706201e-10 3338
8.5 9.049305028992392e-13 7.252969673547558e-11 3722
9 1.848595116823754e-13 3.589748785295113e-11 4170
9.5 5.095071790316841e-14 1.258432442898834e-11 4358
10 1.334582246951669e-14 3.993050119780585e-12 5034
10.5 5.264457213199184e-15 1.748011590705832e-12 5714
11 1.614247835952051e-15 9.54870099376885e-13 5982
11.5 8.542544538671425e-16 3.033028978544764e-13 6602
12 3.370684993761877e-16 9.638312880342496e-14 7130
12.5 1.140060543798678e-16 2.797222134223258e-14 8034
13 3.486526325997542e-17 8.81693547315025e-15 8606
13.5 1.499818705880271e-17 3.033318912401384e-15 9066
14 6.658346923926127e-18 1.413458557996101e-15 9962
14.5 2.743582567282739e-18 5.712293802032726e-16 10550
15 9.757077159502271e-19 2.151490893594739e-16 11226
15.5 2.667954381950076e-19 7.955012986769765e-17 12146
16 6.131919157114309e-20 2.658843916279969e-17 12606
16.5 2.175704311446324e-20 1.104014863563723e-17 13802
17 8.054965877272705e-21 5.365504214443723e-18 14754
17.5 2.684047497935472e-21 2.965535819829588e-18 15194
18 1.218158802630426e-21 1.271649257298902e-18 16454
18.5 5.124627039178287e-22 3.458381004504875e-19 17154
19 1.711706397902614e-22 9.034973368805937e-20 18266
19.5 4.853655020258197e-23 2.895814393955835e-20 18750
20 2.021790463695552e-23 1.151932013543073e-20 20234
20.5 1.198892512894673e-23 4.35563571001555e-21 21450
21 5.387336735580847e-24 1.613824573474207e-21 21962
21.5 1.885855734668863e-24 7.423099954914141e-22 23462
22 5.529536916836125e-25 2.910672682111554e-22 24042
22.5 1.768839605017295e-25 9.550499303912678e-23 25946
23 5.055655850985861e-26 3.617672620338774e-23 26118
23.5 1.509663859824219e-26 1.89455942211282e-23 27506
24 5.500849259160961e-27 9.70508844630134e-24 29066
24.5 2.662292779104785e-27 3.820030704160629e-24 30450
25 1.137864940904507e-27 1.285553969707413e-24 31742
25.5 3.888966769004619e-28 3.782611379971879e-25 32250
26 1.214477675450495e-28 1.192021782607014e-25 34250
26.5 4.504743424869636e-29 3.580222247948275e-26 35454
27 2.18222286105001e-29 1.414226525427635e-26 36434
27.5 1.007010364450525e-29 6.660464076597042e-27 37682
28 3.840963896282515e-30 3.014383672219026e-27 39294
28.5 1.308233254009671e-30 1.146795781344567e-27 41426
29 4.207040975475345e-31 3.513811211542427e-28 42066
29.5 1.304365550961716e-31 1.193680561358163e-28 43490
30 4.414688449557787e-32 5.877823120074667e-29 45702
30.5 1.678706546380648e-32 2.807892128442992e-29 46634
31 7.500520217334849e-33 1.148049425981498e-29 48554
31.5 2.986777305522985e-33 4.124743432471638e-30 48870
32 1.040221127409893e-33 1.416995325634322e-30 50963
32.5 3.24993890252429e-34 4.659392779744931e-31 51576
33 1.10096367746678e-34 1.547264315861353e-31 49316
33.5 4.692693154199326e-35 6.16543972115445e-32 49344
34 2.169637741683375e-35 2.789289127858081e-32 47192
34.5 1.269566890966263e-35 1.464978506927018e-32 47576
35 8.379296853014565e-36 8.223790196750696e-33 45348
35.5 6.941976847209853e-36 6.016806144318178e-33 44060
36 6.429173656830741e-36 5.557312704282406e-33 43872
36.5 5.909213397324254e-36 5.156577994257907e-33 41756
37 6.039893206844703e-36 5.199179914892053e-33 41528
37.5 5.752520719424777e-36 5.105151051386051e-33 39300
38 5.707921904570939e-36 4.9915808917884e-33 38276
38.5 5.61913302615821e-36 5.064114884314493e-33 36900
39 5.206254858993382e-36 4.836543506399481e-33 34724
39.5 5.388822445667073e-36 5.097660666332323e-33 33960
40 5.061375688176445e-36 4.804373698681733e-33 32144
40.5 4.920002717773046e-36 4.772731931864371e-33 30704
41 4.723556492521773e-36 4.554456327321739e-33 28896
41.5 4.390425574717565e-36 4.353421530410387e-33 26924
42 4.275028495780512e-36 4.317414177371971e-33 25656
42.5 3.837454244958527e-36 3.880123102699491e-33 23228
43 3.713029066542607e-36 3.801170637734108e-33 21816
43.5 3.218926506268435e-36 3.389137407497311e-33 19472
44 3.077363694791437e-36 3.183542138299599e-33 17696
44.5 2.681559540235208e-36 2.860076301398389e-33 15588
45 2.35311425100383e-36 2.575391913898413e-33 13760
45.5 1.942675265481479e-36 2.169999283596431e-33 11565
46 1.749664689163944e-36 2.023567616741973e-33 10016
46.5 1.547199155525381e-36 1.734727241526082e-33 8652
47 1.403238320698952e-36 1.641305979209399e-33 7652
47.5 1.224416214510022e-36 1.51383804442719e-33 6542
48 1.074449951462712e-36 1.293192849582305e-33 5478
48.5 1.007909446482491e-36 1.222848175800301e-33 4886
49 8.674133851712454e-37 1.088558141276069e-33 4068
49.5 7.061699790550351e-37 9.113215250785607e-34 3326
50 6.473170388938528e-37 7.908760126748406e-34 2696
50.5 5.419106495803226e-37 7.448297947379455e-34 2304
51 4.82529988876916e-37 6.877159578961136e-34 1934
51.5 3.891129137514876e-37 4.841469356503827e-34 1344
52 2.327493131578035e-37 3.083776658689348e-34 848
52.5 2.796939698220282e-37 3.364192614103013e-34 888
53 1.760160998951952e-37 2.435443275620364e-34 584
53.5 1.108395652212883e-37 1.350251521431634e-34 344
54 4.155461321646636e-38 3.610262299360284e-35 102
54.5 3.518842548661664e-38 4.690327921830815e-35 104
55 6.151732306030288e-39 6.233915880399e-36 24
55.5 1.996680340114462e-41 2.453907941986369e-38 1

0.5 4.711243112041185e-09 9.712235815504229e-08 18
1 7.55896720758093e-08 5.609154108164318e-07 62
1.5 2.075376733673633e-07 7.586300568436155e-07 98
2 3.77773759830287e-07 4.026938113957054e-06 210
2.5 5.728309437754059e-08 2.760794468212369e-06 350
3 5.872374157158236e-08 1.060782838362358e-06 450
3.5 3.331393259261931e-08 6.756262613541584e-07 602
4 1.750957804143472e-08 4.894503860092972e-07 762
4.5 1.209751885668095e-08 5.135365324080409e-07 1142
5 5.770183874243447e-09 4.823200453234859e-07 1250
5.5 2.816002617784597e-09 4.57698371801253e-07 1458
6 1.934220031243515e-09 4.092078695289456e-07 1814
6.5 1.341549811029731e-09 3.553388306814195e-07 2178
7 1.145740767895803e-09 2.840880384857339e-07 2498
7.5 1.107548917093046e-09 2.066502679916348e-07 2622
8 1.201962612677057e-09 1.674922699649211e-07 3338
8.5 1.126507205928358e-09 1.038316813647179e-07 3722
9 9.7122424437769e-10 6.042863773629166e-08 4170
9.5 7.492310941528564e-10 3.07334954622679e-08 4358
10 5.955775387890494e-10 1.558120527112931e-08 5034
10.5 4.120550812804978e-10 7.393903169515214e-09 5714
11 2.474056728383544e-10 3.68920758530767e-09 5982
11.5 1.513927922640679e-10 2.752740608884266e-09 6602
12 8.904425704602074e-11 2.762725902171882e-09 7130
12.5 5.133470414621e-11 3.05239295325786e-09 8034
13 2.506074494766067e-11 2.926757610477671e-09 8606
13.5 1.10815498741071e-11 2.34582662558548e-09 9066
14 4.741978829292767e-12 1.697338460992818e-09 9962
14.5 1.909875428781011e-12 1.090393578496417e-09 10550
15 9.65154263454856e-13 6.499635066172664e-10 11226
15.5 6.213591824900751e-13 3.893673370424011e-10 12146
16 4.242027134791011e-13 2.241254923346508e-10 12606
16.5 2.899254404345998e-13 1.310572200229057e-10 13802
17 1.737226290743368e-13 7.170067772309477e-11 14754
17.5 1.104345642056471e-13 3.474635462368259e-11 15194
18 9.088143833947349e-14 1.840515064650838e-11 16454
18.5 8.609246631314038e-14 1.221211375984866e-11 17154
19 8.17803108613779e-14 1.184509283889766e-11 18266
19.5 7.192923767595328e-14 1.287453485353415e-11 18750
20 6.610273660249696e-14 1.464719551766286e-11 20234
20.5 5.862170671566614e-14 1.704452029826337e-11 21450
21 4.780068047069164e-14 1.970348245273994e-11 21962
21.5 3.727026207112489e-14 2.326556474380343e-11 23462
22 2.52238745571524e-14 2.457710400457842e-11 24042
22.5 1.634169875711412e-14 2.538280774142216e-11 25946
23 9.915995882345273e-15 2.236308771246489e-11 26118
23.5 6.620792836362606e-15 1.962299380747357e-11 27506
24 5.198606477336443e-15 1.636569963127637e-11 29066
24.5 4.840199888343954e-15 1.283622378618821e-11 30450
25 4.877283567134087e-15 9.536271726676386e-12 31742
25.5 4.800363652444136e-15 6.588691703555961e-12 32250
26 4.714420649756621e-15 4.520381498536325e-12 34250
26.5 4.239564882437635e-15 2.862011747976681e-12 35454
27 3.577569154683279e-15 1.731646243087548e-12 36434
27.5 2.86862079586726e-15 1.031949530668445e-12 37682
28 2.207060352342858e-15 6.146328378984411e-13 39294
28.5 1.637507774669028e-15 3.753482881776717e-13 41426
29 1.113992342892841e-15 2.361021208056338e-13 42066
29.5 7.430172387507701e-16 1.63195818116027e-13 43490
30 4.819586498599802e-16 1.237780781408845e-13 45702
30.5 2.910954636853963e-16 9.388977040845347e-14 46634
31 1.730722852715596e-16 7.244842484179764e-14 48554
31.5 9.669892203851555e-17 5.397654917184712e-14 48870
32 5.471097856609588e-17 4.052212306840339e-14 50963
32.5 2.961202619692197e-17 2.886517244921701e-14 51576
33 1.509360304700481e-17 1.866636510224543e-14 49316
33.5 7.999944062093971e-18 1.238232471094721e-14 49344
34 4.117006607479013e-18 7.388949284265793e-15 47192
34.5 2.254609542248479e-18 4.430170063965911e-15 47576
35 1.218272506479801e-18 2.45034744400627e-15 45348
35.5 7.007917330126136e-19 1.322789764467526e-15 44060
36 4.22711093376604e-19 7.140713836924313e-16 43872
36.5 2.462620854339367e-19 3.712383090523741e-16 41756
37 1.472202400189681e-19 2.070391618263358e-16 41528
37.5 8.581848362947642e-20 1.189033325981748e-16 39300
38 5.212864530788638e-20 7.640977120884215e-17 38276
38.5 3.391210347411273e-20 5.257407719603242e-17 36900
39 2.290749780369946e-20 3.687463446702737e-17 34724
39.5 1.762105185345754e-20 2.769379276853289e-17 33960
40 1.337198033200685e-20 1.953600798003258e-17 32144
40.5 1.062205560953034e-20 1.421251911312352e-17 30704
41 8.193702498451251e-21 9.880491229465834e-18 28896
41.5 5.994439391202636e-21 6.584391095648627e-18 26924
42 4.667807195749531e-21 4.771351559913632e-18 25656
42.5 3.219308248051281e-21 2.975502705854509e-18 23228
43 2.363240741045377e-21 2.103820244282967e-18 21816
43.5 1.569304236490912e-21 1.272566162428416e-18 19472
44 1.101343532232211e-21 8.441578649137112e-19 17696
44.5 7.398401039514835e-22 5.149037307413337e-19 15588
45 4.743994137462615e-22 2.92051731163754e-19 13760
45.5 2.928270668357388e-22 1.581472843540154e-19 11565
46 1.816780853979036e-22 8.974282136478828e-20 10016
46.5 1.129186534322714e-22 5.553696812174049e-20 8652
47 6.880010497790715e-23 3.699134206472806e-20 7652
47.5 4.326276587283643e-23 2.471728609971568e-20 6542
48 2.717390938520649e-23 1.644199513804596e-20 5478
48.5 1.735085057631354e-23 1.149193958007875e-20 4886
49 1.077224791742272e-23 7.448319283672227e-21 4068
49.5 6.896034989784589e-24 4.783325759023103e-21 3326
50 4.372335529078768e-24 3.045466237372788e-21 2696
50.5 2.80433577125287e-24 1.995573736049014e-21 2304
51 1.766962021005274e-24 1.274449490170144e-21 1934
51.5 9.242976782140225e-25 6.831152937280823e-22 1344
52 4.884345865313846e-25 3.653307672982096e-22 848
52.5 3.526959381122037e-25 2.997360655483686e-22 888
53 1.607473962237023e-25 1.589369311802089e-22 584
53.5 6.352157676813012e-26 7.818462802892649e-23 344
54 1.341475588615616e-26 2.067725519247786e-23 102
54.5 1.034363564515626e-26 1.964187903133582e-23 104
55 1.705336545578691e-27 4.246779712855611e-24 24
55.5 5.91576331937438e-29 1.727802663399861e-25 1

0.5 4.742499396083438e-09 3.669649919457397e-07 18
1 2.672994357874175e-08 4.921727926365666e-06 62
1.5 2.840070050202113e-08 6.851761409592359e-06 98
2 6.986147580435891e-08 2.231136909764225e-05 210
2.5 7.592992726172743e-08 1.083206569935979e-05 350
3 6.085635889499383e-08 4.152640576961237e-06 450
3.5 3.618620766317912e-08 2.822970688535135e-06 602
4 2.957659916601519e-08 2.228684547315061e-06 762
4.5 2.8051305972165e-08 1.696673997566393e-06 1142
5 1.562584530952769e-08 1.359946833953314e-06 1250
5.5 7.453201949437423e-09 1.588286052337625e-06 1458
6 6.72861569261595e-09 1.224312927961924e-06 1814
6.5 7.541699518475659e-09 4.172109524034904e-07 2178
7 4.094330470239892e-09 4.944592782854174e-07 2498
7.5 1.09914320153751e-09 7.065781161645075e-07 2622
8 2.325992666512982e-09 4.063183564386613e-07 3338
8.5 2.62004507441333e-09 1.229801377028069e-07 3722
9 1.042371179070928e-09 2.263422585434854e-07 4170
9.5 3.875703230902793e-10 1.933359615298972e-07 4358
10 4.689382478982375e-10 6.267876633695413e-08 5034
10.5 2.959184725468493e-10 3.883018522447778e-08 5714
11 1.029887266276834e-10 3.356779589606623e-08 5982
11.5 7.124831398274797e-11 1.44063337674381e-08 6602
12 4.220677566881387e-11 1.120245116474809e-08 7130
12.5 4.566956398357998e-11 7.721623284667088e-09 8034
13 3.578998510825003e-11 8.767003758393998e-09 8606
13.5 1.565121487307227e-11 1.694674134352232e-08 9066
14 5.446988911705423e-11 9.755324037568308e-09 9962
14.5 7.130978659300655e-11 4.614909002587182e-09 10550
15 2.62266957610263e-11 1.850076215577214e-08 11226
15.5 2.166148524174643e-11 2.069905946437656e-08 12146
16 5.666612267460502e-11 7.113967947960966e-09 12606
16.5 4.878527393510034e-11 8.330079703646721e-09 13802
17 1.880881723025912e-11 1.673898282992439e-08 14754
17.5 2.24959772477489e-11 1.183051442455247e-08 15194
18 3.077907477664862e-11 5.893387134533041e-09 16454
18.5 1.915216105010159e-11 7.477147102888305e-09 17154
19 1.20899542555832e-11 7.673186905843917e-09 18266
19.5 1.217256239368384e-11 4.553494169098593e-09 18750
20 9.394719903780647e-12 3.742431932296528e-09 20234
20.5 6.020868548809792e-12 3.488111129926843e-09 21450
21 5.045038322070738e-12 2.16441067964867e-09 21962
21.5 3.717619428479556e-12 1.597981885978118e-09 23462
22 2.116762502421397e-12 1.364843707439974e-09 24042
22.5 1.760894295732937e-12 8.780575670663661e-10 25946
23 1.239355112908688e-12 5.447138459827093e-10 26118
23.5 6.700862708554509e-13 5.083107038611051e-10 27506
24 5.412423269471495e-13 3.228063992234931e-10 29066
24.5 4.742794880409638e-13 1.820973272755913e-10 30450
25 2.520619847492685e-13 1.983081018345519e-10 31742
25.5 1.820417712281406e-13 1.569310426502356e-10 32250
26 2.121913847252319e-13 8.770884602457293e-11 34250
26.5 1.545151142887588e-13 9.085585177375374e-11 35454
27 1.070136155234193e-13 9.446754987537956e-11 36434
27.5 1.10406151194883e-13 6.459514877987559e-11 37682
28 9.92473554159386e-14 5.186946245315875e-11 39294
28.5 7.062330209193557e-14 5.616715612102698e-11 41426
29 5.970499027429462e-14 4.342207803435735e-11 42066
29.5 5.435069649160886e-14 2.971567263157634e-11 43490
30 4.239639799039747e-14 2.709933566802117e-11 45702
30.5 2.988121770709399e-14 2.461988990966106e-11 46634
31 2.466511335778657e-14 1.9012775534078e-11 48554
31.5 2.096074171726601e-14 1.381465269808666e-11 48870
32 1.767052204738067e-14 1.133862723339237e-11 50963
32.5 1.408603772470782e-14 9.114814563005286e-12 51576
33 1.02270696768233e-14 7.277777516082562e-12 49316
33.5 7.612035248877074e-15 6.167683007793097e-12 49344
34 5.549069792551494e-15 4.61568499271387e-12 47192
34.5 4.224651966641178e-15 3.561362659805268e-12 47576
35 3.153753417044984e-15 2.426169387233121e-12 45348
35.5 2.242132233889586e-15 1.740371336710967e-12 44060
36 1.550566282051781e-15 1.314772103642132e-12 43872
36.5 1.03616918480579e-15 9.197735637477414e-13 41756
37 7.394056935893822e-16 6.295151159030438e-13 41528
37.5 4.861300509072045e-16 4.189439269545548e-13 39300
38 3.149889713423698e-16 2.97240142535277e-13 38276
38.5 2.003945805672078e-16 1.98307474272885e-13 36900
39 1.284356865960192e-16 1.226118825820487e-13 34724
39.5 8.235154617063131e-17 8.108552671466714e-14 33960
40 5.125728142129216e-17 5.203285069889567e-14 32144
40.5 3.262184728567881e-17 3.435497047636823e-14 30704
41 2.179817868148299e-17 2.309980189081817e-14 28896
41.5 1.507665650983499e-17 1.585754733606379e-14 26924
42 1.055699420716393e-17 1.200066351402583e-14 25656
42.5 7.224548184787848e-18 8.961031103798619e-15 23228
43 5.46767556332843e-18 6.137584023966666e-15 21816
43.5 4.014776837880632e-18 4.137199454220201e-15 19472
44 2.690057115732483e-18 3.341627823471893e-15 17696
44.5 1.824061609945547e-18 2.450239414299152e-15 15588
45 1.420720833554015e-18 1.495292746840202e-15 13760
45.5 9.667618022752475e-19 9.972412876404379e-16 11565
46 5.804883289020172e-19 8.457894037457032e-16 10016
46.5 3.66036642775675e-19 6.744015961578114e-16 8652
47 2.771041648213312e-19 5.120312610583709e-16 7652
47.5 2.390537406558501e-19 3.522025887512604e-16 6542
48 2.113669365498237e-19 2.155017612453587e-16 5478
48.5 1.898846877807946e-19 1.256555865082269e-16 4886
49 1.3325025709554e-19 8.274725685429145e-17 4068
49.5 8.622458015870124e-20 5.330921526571618e-17 3326
50 5.604042975189714e-20 2.91651815209742e-17 2696
50.5 3.413309708691444e-20 2.039075537956323e-17 2304
51 1.839994919421534e-20 1.694227385657946e-17 1934
51.5 8.415547543736112e-21 1.163305453702459e-17 1344
52 4.09429201322662e-21 7.027267908446826e-18 848
52.5 2.704096735032862e-21 7.393810203304339e-18 888
53 1.176109691598083e-21 4.288165752505837e-18 584
53.5 4.644159624703972e-22 2.060597985430171e-18 344
54 9.154508316431621e-23 5.156087946896982e-19 102
54.5 6.063162513869995e-23 4.649354800521148e-19 104
55 7.45329521344164e-24 9.564929384386879e-20 24
55.5 2.024730728875435e-25 3.850848645453459e-21 1

0.5 2.211749639373535e-08 1.628016166896413e-07 18
1 9.098099053424417e-08 6.414938838993025e-07 62
1.5 1.736170101734084e-07 8.646808884894198e-07 98
2 3.427658418673466e-07 2.759865519235563e-06 210
2.5 2.602464152054149e-07 4.370223932802378e-06 350
3 2.268325179635662e-07 2.832487886227033e-06 450
3.5 1.755058890772143e-07 2.513414597345182e-06 602
4 1.354580373055559e-07 2.18030321278569e-06 762
4.5 1.463996993909268e-07 2.792521384082487e-06 1142
5 8.194323353471792e-08 2.110562165247451e-06 1250
5.5 6.576688217922789e-08 1.469217922971007e-06 1458
6 5.044162462563889e-08 1.730964279472476e-06 1814
6.5 2.879551458125568e-08 1.363402142820931e-06 2178
7 2.140450633787438e-08 9.210642464202063e-07 2498
7.5 1.142406167178656e-08 9.009960891812912e-07 2622
8 8.990570550581093e-09 5.645589757893361e-07 3338
8.5 5.088343378156121e-09 4.277619474403894e-07 3722
9 3.15304031555855e-09 2.794916105714727e-07 4170
9.5 1.753939418722032e-09 1.681215714257123e-07 4358
10 1.065772759583922e-09 1.124244342418715e-07 5034
10.5 7.007714599541386e-10 7.796532945130962e-08 5714
11 4.026165283853293e-10 5.30161871831047e-08 5982
11.5 2.349895009024404e-10 3.772458149317956e-08 6602
12 1.72358280743034e-10 2.576184807299669e-08 7130
12.5 1.206372486508977e-10 2.085488359307894e-08 8034
13 9.429487865341106e-11 1.495678606262518e-08 8606
13.5 7.178780431924028e-11 1.290184971931745e-08 9066
14 6.631092512590128e-11 1.126180345248885e-08 9962
14.5 5.057149315990773e-11 9.700097844307391e-09 10550
15 4.294145135553586e-11 9.253892457569395e-09 11226
15.5 3.705589547131213e-11 8.734287253519424e-09 12146
16 3.203597930596567e-11 7.249155674694874e-09 12606
16.5 2.772531541487184e-11 6.695560548009434e-09 13802
17 2.370977898629185e-11 6.041601677659072e-09 14754
17.5 1.897006056612057e-11 4.961204309080527e-09 15194
18 1.567989778678953e-11 4.324909219927203e-09 16454
18.5 1.223126803639005e-11 3.799463900497653e-09 17154
19 9.469661226603738e-12 3.041862801094359e-09 18266
19.5 7.031053663830863e-12 2.467146591079855e-09 18750
20 5.677656343825725e-12 1.940025282028028e-09 20234
20.5 4.272028676007045e-12 1.479270419917354e-09 21450
21 3.13541787238992e-12 1.082040922803338e-09 21962
21.5 2.344242577789238e-12 8.029801615493029e-10 23462
22 1.633823050306114e-12 5.705996430100514e-10 24042
22.5 1.210138374851896e-12 4.376376871782645e-10 25946
23 7.89583036285551e-13 2.986160126956806e-10 26118
23.5 5.465665433234089e-13 2.244711097449512e-10 27506
24 3.897568611153899e-13 1.674533087266219e-10 29066
24.5 2.66845474743526e-13 1.26625424772984e-10 30450
25 1.896156488245537e-13 9.428447562771712e-11 31742
25.5 1.431391166142371e-13 7.05585600848123e-11 32250
26 1.122899329506593e-13 5.789265127663189e-11 34250
26.5 9.513226943388363e-14 4.602645970604775e-11 35454
27 7.691704561570402e-14 4.056645337710826e-11 36434
27.5 6.652641842565288e-14 3.575026767403602e-11 37682
28 6.177924527946739e-14 3.119560415191438e-11 39294
28.5 5.422278826444986e-14 2.892014419881085e-11 41426
29 4.634173428139132e-14 2.587210924311647e-11 42066
29.5 4.115950713410852e-14 2.307507487641002e-11 43490
30 3.616664608646001e-14 2.064567970798834e-11 45702
30.5 2.958001490592205e-14 1.819354735482501e-11 46634
31 2.570887450570474e-14 1.537009085811628e-11 48554
31.5 2.063714253322868e-14 1.274691005114428e-11 48870
32 1.72505003885337e-14 1.06083472815187e-11 50963
32.5 1.323697078757153e-14 8.796620525402042e-12 51576
33 9.899211972720861e-15 6.65047430946964e-12 49316
33.5 7.668437239574106e-15 5.174514562404699e-12 49344
34 5.429224085600916e-15 3.8949117844758e-12 47192
34.5 4.060029992642166e-15 2.915366537074458e-12 47576
35 2.767953864067276e-15 2.082733125847417e-12 45348
35.5 1.949714809335117e-15 1.458971829898089e-12 44060
36 1.357109080206587e-15 1.024900935538641e-12 43872
36.5 8.879613849963521e-16 6.913869107613499e-13 41756
37 5.976219468958547e-16 4.654085543811746e-13 41528
37.5 3.718030591647168e-16 3.068537973316178e-13 39300
38 2.398974761089519e-16 1.988019879426933e-13 38276
38.5 1.510174037835697e-16 1.271219077829918e-13 36900
39 9.52116365135132e-17 7.983918583856083e-14 34724
39.5 5.96810360114885e-17 5.268671016938657e-14 33960
40 3.800299754639768e-17 3.375964786474319e-14 32144
40.5 2.432852318244255e-17 2.218448307757292e-14 30704
41 1.609373678039482e-17 1.497139228099657e-14 28896
41.5 1.074553799413736e-17 1.001423098939252e-14 26924
42 7.395388269080575e-18 6.91809327635033e-15 25656
42.5 5.009664786517547e-18 4.717532074362402e-15 23228
43 3.378798711003271e-18 3.454004291163274e-15 21816
43.5 2.415365555069323e-18 2.292958557005733e-15 19472
44 1.683589874591975e-18 1.697395514278706e-15 17696
44.5 1.151473823051069e-18 1.199660703331332e-15 15588
45 8.379806691567975e-19 8.454299674990308e-16 13760
45.5 5.675858253645848e-19 6.071444368141789e-16 11565
46 4.244589854716708e-19 4.201846877643697e-16 10016
46.5 2.769000847563624e-19 3.318597527455228e-16 8652
47 2.19149336835923e-19 2.207107446907509e-16 7652
47.5 1.487642294720641e-19 1.632056131028802e-16 6542
48 1.029697898637884e-19 1.124734390356139e-16 5478
48.5 7.011696043696192e-20 7.472425885712913e-17 4886
49 3.830981254944875e-20 4.693350894266323e-17 4068
49.5 2.281289952005323e-20 2.562402835711107e-17 3326
50 1.132332909410984e-20 1.621622836815102e-17 2696
50.5 6.953851646412787e-21 7.236974564955192e-18 2304
51 3.421562559998632e-21 3.967080300904459e-18 1934
51.5 1.569924499216216e-21 1.615659987652108e-18 1344
52 7.952714307999842e-22 6.241354637849949e-19 848
52.5 4.602190221621997e-22 4.234912445116306e-19 888
53 1.468797289700853e-22 2.607807290232364e-19 584
53.5 4.206119651172839e-23 1.408322746580562e-19 344
54 9.407111351655658e-24 4.036946874301636e-20 102
54.5 5.718285664101857e-24 4.99531441289127e-20 104
55 9.570923585208764e-25 1.081279216332582e-20 24
55.5 3.727433990958881e-26 1.693535402623572e-22 1

0.5 7.177691186563323e-09 2.299390925214273e-06 18
1 4.299225139686723e-08 3.200191787118943e-06 62
1.5 7.16551082511492e-08 5.024586957423067e-06 98
2 1.31908059691828e-07 8.487788987260698e-06 210
2.5 1.472176762941662e-07 1.195668456297683e-05 350
3 1.214234157063119e-07 1.126597716026279e-05 450
3.5 1.274894846823815e-07 1.115165641882403e-05 602
4 9.634771187807473e-08 9.198719447097362e-06 762
4.5 8.567668783779659e-08 9.765849759801096e-06 1142
5 6.654448030662158e-08 6.7903179063887e-06 1250
5.5 5.33060780238272e-08 4.442175534024918e-06 1458
6 3.762877397960744e-08 3.889718527950013e-06 1814
6.5 2.479456635348191e-08 2.878815831806106e-06 2178
7 1.783878321266965e-08 1.804701687170263e-06 2498
7.5 1.077075672411784e-08 1.282254419859732e-06 2622
8 7.31740654527813e-09 1.005186725325835e-06 3338
8.5 4.55633546152143e-09 6.22663339617154e-07 3722
9 2.826194348241091e-09 4.182111032047273e-07 4170
9.5 1.578393738818073e-09 2.556235843358335e-07 4358
10 1.110259387887063e-09 1.823822933100673e-07 5034
10.5 7.373396277712681e-10 1.329357195894803e-07 5714
11 4.684013647740457e-10 8.780909924345137e-08 5982
11.5 3.600476430804855e-10 6.798518931595764e-08 6602
12 2.590587980266398e-10 5.420978665155957e-08 7130
12.5 1.872660413163659e-10 4.860002266645808e-08 8034
13 1.617784098552069e-10 3.707573942453594e-08 8606
13.5 1.301595973341275e-10 3.116306583194876e-08 9066
14 9.989622646762303e-11 3.00518127746379e-08 9962
14.5 8.390861831073619e-11 2.408846562486788e-08 10550
15 7.617745281559802e-11 2.056488457430203e-08 11226
15.5 5.861443782827207e-11 1.91864708630914e-08 12146
16 4.956779304431262e-11 1.610794450758622e-08 12606
16.5 4.232148255119785e-11 1.34806163420403e-08 13802
17 3.299932839297153e-11 1.210955641896749e-08 14754
17.5 2.661250911151868e-11 9.61500051691418e-09 15194
18 2.178231700030014e-11 7.941807257683896e-09 16454
18.5 1.685225371918535e-11 6.696402679591216e-09 17154
19 1.273625150230082e-11 5.320338051476398e-09 18266
19.5 1.01133451413012e-11 4.058808242915118e-09 18750
20 7.715882834578455e-12 3.387300957099856e-09 20234
20.5 5.629829316458099e-12 2.619765322048704e-09 21450
21 4.164506853006225e-12 1.935303335011024e-09 21962
21.5 3.090891606556911e-12 1.450599482506132e-09 23462
22 2.183605429805694e-12 1.054974036219288e-09 24042
22.5 1.616075917950631e-12 7.940039465068086e-10 25946
23 1.07328084835608e-12 5.5015744800208e-10 26118
23.5 7.677320404795708e-13 3.949059647555447e-10 27506
24 5.443099730838699e-13 2.883213671901426e-10 29066
24.5 3.821597728226444e-13 2.097495921174607e-10 30450
25 2.73634767573642e-13 1.50963407477831e-10 31742
25.5 1.933572487921569e-13 1.083791702437084e-10 32250
26 1.460760822178878e-13 8.475693420490608e-11 34250
26.5 1.109901887107877e-13 6.860708038479911e-11 35454
27 9.150178891367847e-14 5.4212233094488e-11 36434
27.5 7.40337503762348e-14 4.575302904680406e-11 37682
28 6.255689746427689e-14 4.012765594413044e-11 39294
28.5 5.566673621421821e-14 3.536363605535826e-11 41426
29 4.659272087004274e-14 3.134726291481226e-11 42066
29.5 4.088928256857555e-14 2.690469859409688e-11 43490
30 3.496058553150181e-14 2.440216899154765e-11 45702
30.5 3.013658690491536e-14 2.012380783147767e-11 46634
31 2.424451652139851e-14 1.784759345892572e-11 48554
31.5 2.034888550439308e-14 1.395166283268807e-11 48870
32 1.644695745682506e-14 1.19919414415121e-11 50963
32.5 1.285599648367173e-14 9.985650764271306e-12 51576
33 1.007249689207022e-14 7.466600828207324e-12 49316
33.5 7.769632059789058e-15 6.084309094774229e-12 49344
34 5.672089533561681e-15 4.572539144937693e-12 47192
34.5 4.318900650165292e-15 3.469613907848063e-12 47576
35 2.996701274817003e-15 2.479330805094091e-12 45348
35.5 2.041894510809649e-15 1.832015945108546e-12 44060
36 1.457089651181513e-15 1.243926895574679e-12 43872
36.5 9.74103808185972e-16 8.184955678836279e-13 41756
37 6.237137917613825e-16 5.664012225493852e-13 41528
37.5 3.886540988574642e-16 3.659891024530133e-13 39300
38 2.472731010800282e-16 2.334521734965139e-13 38276
38.5 1.519716376177959e-16 1.438209762826119e-13 36900
39 9.361844456095744e-17 8.878099722786244e-14 34724
39.5 5.757769347689162e-17 5.698660956369205e-14 33960
40 3.638438803882294e-17 3.598392505598814e-14 32144
40.5 2.329294072512602e-17 2.354450308416854e-14 30704
41 1.521028620939421e-17 1.553501978471662e-14 28896
41.5 1.009937106936276e-17 1.047274918201673e-14 26924
42 6.811117532474762e-18 7.195098708092119e-15 25656
42.5 4.594703675921933e-18 4.867997193058272e-15 23228
43 3.21828303513794e-18 3.340844672987288e-15 21816
43.5 2.168659663442066e-18 2.338128409666128e-15 19472
44 1.535049898276701e-18 1.687969839810197e-15 17696
44.5 1.042508343241564e-18 1.180933069247099e-15 15588
45 7.274555434578044e-19 8.153015448733166e-16 13760
45.5 4.779190187049765e-19 5.60149215746686e-16 11565
46 3.356655708872811e-19 3.808870150615528e-16 10016
46.5 2.330369411098217e-19 2.627592881512452e-16 8652
47 1.556251822436802e-19 1.944866068554818e-16 7652
47.5 1.085305898688926e-19 1.254316263004599e-16 6542
48 6.837504312036057e-20 8.530925384047333e-17 5478
48.5 4.424536695929797e-20 5.110142492173952e-17 4886
49 2.306470354354129e-20 3.026775804092186e-17 4068
49.5 1.384894807350912e-20 1.66068049652121e-17 3326
50 7.808866560885497e-21 9.486379353988457e-18 2696
50.5 4.317516691771778e-21 5.04014829030268e-18 2304
51 2.307745381774231e-21 3.104742985089805e-18 1934
51.5 1.262375420124236e-21 1.294351229538766e-18 1344
52 5.355471146265686e-22 6.030624393271802e-19 848
52.5 3.364250101089142e-22 4.067516419826135e-19 888
53 9.49958073282858e-23 2.486571858240555e-19 584
53.5 3.711438817571287e-23 1.397388165817357e-19 344
54 1.390446581809463e-23 2.997669792761365e-20 102
54.5 2.794909793385645e-23 2.966555525247746e-20 104
55 9.25247781372602e-24 6.907018375848453e-21 24
55.5 7.811209898208349e-25 1.654140967754707e-24 1

0.5 1.406893761844825e-08 1.102620456208416e-07 18
1 1.12763588214958e-07 4.742300250497408e-07 62
1.5 2.252257182593731e-07 8.867060331513987e-07 98
2 3.349126873624546e-07 2.337682187186844e-06 210
2.5 4.34113181681117e-07 4.23023273151526e-06 350
3 3.736845458715392e-07 4.666685384839639e-06 450
3.5 3.928472492231137e-07 5.609018748691631e-06 602
4 3.279690125429279e-07 6.288641793171755e-06 762
4.5 3.394610905777981e-07 7.039691717680219e-06 1142
5 2.532806652253335e-07 6.336758046651918e-06 1250
5.5 1.835235891940118e-07 5.357346844278119e-06 1458
6 1.482897484212971e-07 4.934391446522178e-06 1814
6.5 1.021412293055503e-07 4.070863467718004e-06 2178
7 6.320776058876939e-08 3.171915635816019e-06 2498
7.5 3.777017400273407e-08 2.192661010927129e-06 2622
8 2.61508947430334e-08 1.76184497476809e-06 3338
8.5 1.574444127220992e-08 1.164491099076714e-06 3722
9 9.720736052576093e-09 8.157359698989629e-07 4170
9.5 5.35170174263884e-09 5.131763471122281e-07 4358
10 3.437889386366919e-09 3.560852812632158e-07 5034
10.5 2.153860059494962e-09 2.519337894135829e-07 5714
11 1.377112325902075e-09 1.670768346142643e-07 5982
11.5 9.268718032719849e-10 1.237013774018943e-07 6602
12 6.450265315575743e-10 8.63323925348156e-08 7130
12.5 4.80849014713621e-10 6.739387234928845e-08 8034
13 3.446121768670616e-10 5.422879074627306e-08 8606
13.5 2.505801580432936e-10 4.069568077969591e-08 9066
14 2.00213390349424e-10 3.462310646911921e-08 9962
14.5 1.573660045899537e-10 2.951499514352294e-08 10550
15 1.176709687813383e-10 2.414921292815452e-08 11226
15.5 9.73104411712747e-11 2.025625243382273e-08 12146
16 7.521936525040154e-11 1.689337809686664e-08 12606
16.5 6.241072040018786e-11 1.455164797762945e-08 13802
17 4.904058709135594e-11 1.244490316089622e-08 14754
17.5 3.757334698313716e-11 1.00147103087513e-08 15194
18 2.949887219061557e-11 8.425207214384162e-09 16454
18.5 2.35039052726362e-11 6.647051436902318e-09 17154
19 1.818389674744995e-11 5.515013104286366e-09 18266
19.5 1.34553931686047e-11 4.33852450176231e-09 18750
20 1.07997173327165e-11 3.599864203371742e-09 20234
20.5 8.10114446880313e-12 2.856367640286866e-09 21450
21 5.840003786940258e-12 2.074296427088635e-09 21962
21.5 4.299494622567098e-12 1.604970083606852e-09 23462
22 3.050533045036428e-12 1.189357303107705e-09 24042
22.5 2.205712048831037e-12 8.763445877114364e-10 25946
23 1.515170019936263e-12 6.182302916149805e-10 26118
23.5 1.094712179251071e-12 4.503677127243701e-10 27506
24 7.598507727362028e-13 3.190637723291046e-10 29066
24.5 5.306333412354867e-13 2.41580852175954e-10 30450
25 3.868207355165049e-13 1.808109424740306e-10 31742
25.5 2.804402840372432e-13 1.267196777590941e-10 32250
26 2.122796908691456e-13 1.009891857970045e-10 34250
26.5 1.616593157855343e-13 8.278711481078034e-11 35454
27 1.242326520160965e-13 6.522264582124503e-11 36434
27.5 1.020878429331079e-13 5.233969841347056e-11 37682
28 8.479217242425155e-14 4.394647417195265e-11 39294
28.5 7.055629228785545e-14 3.815606711311454e-11 41426
29 5.904817197167728e-14 3.272175973990097e-11 42066
29.5 5.085359483665995e-14 2.755729449062827e-11 43490
30 4.262205764107052e-14 2.39702265385555e-11 45702
30.5 3.578828034557961e-14 2.056427702145622e-11 46634
31 3.044282819760095e-14 1.748996869076006e-11 48554
31.5 2.472042641782569e-14 1.424868489342389e-11 48870
32 2.02563966826541e-14 1.222649106826519e-11 50963
32.5 1.606543353598807e-14 9.958491692994041e-12 51576
33 1.185169515954081e-14 7.829223566839171e-12 49316
33.5 9.022969454677593e-15 6.20347324132322e-12 49344
34 6.576672055975449e-15 4.673951682534229e-12 47192
34.5 5.032038002301046e-15 3.547266483087053e-12 47576
35 3.511517320134686e-15 2.548293054173972e-12 45348
35.5 2.509311049478855e-15 1.842792852153605e-12 44060
36 1.745434314006539e-15 1.330394070453338e-12 43872
36.5 1.18208595040397e-15 9.163366155226795e-13 41756
37 8.081973708311781e-16 6.358269186299029e-13 41528
37.5 5.253712138158572e-16 4.24028963508892e-13 39300
38 3.524602384985561e-16 2.902447884851793e-13 38276
38.5 2.266488670936888e-16 1.92421795245132e-13 36900
39 1.481823459843183e-16 1.243170875052348e-13 34724
39.5 9.445867836175936e-17 8.193176713518014e-14 33960
40 6.110922742118619e-17 5.337456988437281e-14 32144
40.5 3.860795162105514e-17 3.554357990305609e-14 30704
41 2.508905109204064e-17 2.318767969842877e-14 28896
41.5 1.655733743961029e-17 1.493757480732774e-14 26924
42 1.088326086603936e-17 1.009810998951397e-14 25656
42.5 7.152598809563484e-18 6.721678038011807e-15 23228
43 4.918071717073964e-18 4.623518418507465e-15 21816
43.5 3.222153740961103e-18 3.172084663180863e-15 19472
44 2.282226028610353e-18 2.258169510186089e-15 17696
44.5 1.545497707176442e-18 1.560503017168248e-15 15588
45 1.031553573903258e-18 1.0905773752533e-15 13760
45.5 6.881824477714146e-19 7.190815882992078e-16 11565
46 4.539917392769908e-19 4.639557695496849e-16 10016
46.5 2.835515711296814e-19 2.960705445803766e-16 8652
47 1.794434752268812e-19 1.941786703295599e-16 7652
47.5 1.125659993052197e-19 1.217741279383659e-16 6542
48 6.526575046278197e-20 7.30567148341398e-17 5478
48.5 3.871283055037548e-20 4.350081868106837e-17 4886
49 2.066392602258321e-20 2.37170625628351e-17 4068
49.5 1.113145188706072e-20 1.323226035171166e-17 3326
50 6.180686169035058e-21 8.192973264848193e-18 2696
50.5 3.53996074135458e-21 4.22441290174043e-18 2304
51 2.105690700096198e-21 2.205760467204983e-18 1934
51.5 1.017368436028484e-21 9.452005253804332e-19 1344
52 5.363998551548124e-22 3.903689802492184e-19 848
52.5 3.332732286717922e-22 4.236611334735493e-19 888
53 1.121870135483503e-22 3.104977844042862e-19 584
53.5 3.738519782503058e-23 1.796862555556027e-19 344
54 6.862209756487899e-24 4.567636923762496e-20 102
54.5 1.103601080625841e-23 5.29473268122899e-20 104
55 1.955743123663998e-24 6.247536309261334e-21 24
55.5 3.091265611097384e-25 6.916667391738774e-22 1

0.5 5.772535061434002e-09 7.946310598071993e-07 18
1 3.720054259958556e-08 2.75506971609769e-06 62
1.5 6.591727219994995e-08 3.615361793363267e-06 98
2 1.380337538167617e-07 8.489881723053046e-06 210
2.5 1.936347572039999e-07 9.810669261521982e-06 350
3 1.826740127698268e-07 1.018342858265601e-05 450
3.5 1.936867918992847e-07 1.460371647784676e-05 602
4 1.803323621825199e-07 1.319457657058769e-05 762
4.5 2.02976408476459e-07 1.515833947831431e-05 1142
5 1.738125485291469e-07 1.202373655280444e-05 1250
5.5 1.3826333680222e-07 9.598752934033081e-06 1458
6 1.169822535429409e-07 9.017289416191928e-06 1814
6.5 8.028670540655065e-08 7.056973482202766e-06 2178
7 6.1251000134425e-08 5.793402193545685e-06 2498
7.5 3.766803311482486e-08 4.014604944101816e-06 2622
8 2.803967965758998e-08 3.205579875696273e-06 3338
8.5 1.807872567402318e-08 2.317347918410456e-06 3722
9 1.258860004507669e-08 1.684995603089718e-06 4170
9.5 7.687961477962679e-09 1.119437664779367e-06 4358
10 5.882541688929839e-09 9.15564095347816e-07 5034
10.5 4.168513975814648e-09 6.640802359574676e-07 5714
11 2.711554236104989e-09 4.662870707738279e-07 5982
11.5 1.942299413150585e-09 3.61836500776258e-07 6602
12 1.338166473499765e-09 2.630770499446046e-07 7130
12.5 9.704135834715759e-10 2.09236580666018e-07 8034
13 7.034889104665438e-10 1.551141994840336e-07 8606
13.5 4.90225285725061e-10 1.191456281116307e-07 9066
14 3.83175280561857e-10 9.247618796273155e-08 9962
14.5 2.801904799789945e-10 7.414853415310687e-08 10550
15 2.084218950942129e-10 5.901685322228814e-08 11226
15.5 1.634973228947646e-10 4.532696374334199e-08 12146
16 1.195555075638871e-10 3.712390034394259e-08 12606
16.5 9.43986032211786e-11 2.945259794321629e-08 13802
17 7.409411956334701e-11 2.379981582230099e-08 14754
17.5 5.403677009908458e-11 1.852555726281677e-08 15194
18 4.235880478107233e-11 1.475495772326099e-08 16454
18.5 3.18871700776511e-11 1.18535625054417e-08 17154
19 2.462054734782997e-11 9.318723419325179e-09 18266
19.5 1.790380229483688e-11 7.045436862582606e-09 18750
20 1.372312425694773e-11 5.370655344855384e-09 20234
20.5 1.049172112734859e-11 4.292637691811144e-09 21450
21 7.13461138980432e-12 3.151673368164673e-09 21962
21.5 5.377078902781853e-12 2.424015693319437e-09 23462
22 3.855591999675399e-12 1.749346055251633e-09 24042
22.5 2.793712755324227e-12 1.304033931902841e-09 25946
23 1.924757926586169e-12 9.171620206674754e-10 26118
23.5 1.374579829527638e-12 6.833092922127713e-10 27506
24 9.862169502270101e-13 4.832103237500242e-10 29066
24.5 6.701783031025298e-13 3.589022705336982e-10 30450
25 4.990399936958599e-13 2.611504508032313e-10 31742
25.5 3.423413347329599e-13 1.8712338421081e-10 32250
26 2.620276088282675e-13 1.442367110293401e-10 34250
26.5 1.972660316647457e-13 1.125859171832658e-10 35454
27 1.449170436432843e-13 8.565152682491998e-11 36434
27.5 1.136853966827745e-13 6.704955278110168e-11 37682
28 9.205242816213455e-14 5.541796046527278e-11 39294
28.5 7.35936111547544e-14 4.700038293467144e-11 41426
29 5.899297747524226e-14 3.753186593895448e-11 42066
29.5 4.790850440201394e-14 3.098863291427209e-11 43490
30 4.11239483092934e-14 2.628790515265011e-11 45702
30.5 3.369129757203405e-14 2.248499012947109e-11 46634
31 2.84612057391654e-14 1.951240973457746e-11 48554
31.5 2.375522149049125e-14 1.586362594436382e-11 48870
32 2.000728460663164e-14 1.364091238316709e-11 50963
32.5 1.595516761606719e-14 1.138118083007414e-11 51576
33 1.191946248659911e-14 8.707014386435477e-12 49316
33.5 9.029993319286439e-15 6.857173429905655e-12 49344
34 6.821939415230859e-15 5.152595744143688e-12 47192
34.5 5.200531490458901e-15 4.04461606942735e-12 47576
35 3.692329623848627e-15 2.980393442395902e-12 45348
35.5 2.636844304236257e-15 2.163557874735172e-12 44060
36 1.860150187306217e-15 1.564241170227124e-12 43872
36.5 1.245212415042281e-15 1.043009120399104e-12 41756
37 8.307268157071292e-16 7.322758807737966e-13 41528
37.5 5.330396359598858e-16 4.722307413891302e-13 39300
38 3.552147943990318e-16 3.123660911470899e-13 38276
38.5 2.249372080005078e-16 2.059849434203411e-13 36900
39 1.428505947595824e-16 1.319606895555059e-13 34724
39.5 9.274504322179435e-17 8.661824065868158e-14 33960
40 6.007611428766625e-17 5.750442759840336e-14 32144
40.5 3.943859680554713e-17 3.788011395145318e-14 30704
41 2.631791858967664e-17 2.542230642856503e-14 28896
41.5 1.71839493675451e-17 1.684600928821324e-14 26924
42 1.131688148791335e-17 1.178416011991766e-14 25656
42.5 7.567922121403399e-18 7.72810824574988e-15 23228
43 5.027370599085468e-18 5.209111794171904e-15 21816
43.5 3.255469448025671e-18 3.495477705229532e-15 19472
44 2.312645608914819e-18 2.375805381598325e-15 17696
44.5 1.551056284269185e-18 1.674802885601166e-15 15588
45 1.054573714732283e-18 1.129301183188424e-15 13760
45.5 6.622412065701359e-19 7.656453492222956e-16 11565
46 4.137345150111166e-19 4.801151435841791e-16 10016
46.5 2.595373704703949e-19 2.972439593173538e-16 8652
47 1.671103917229895e-19 1.925805493056774e-16 7652
47.5 9.807329707728552e-20 1.139328207284925e-16 6542
48 5.226378155661253e-20 6.152398539408663e-17 5478
48.5 2.856474671066278e-20 3.4018354555684e-17 4886
49 1.470895157213297e-20 1.942491900772437e-17 4068
49.5 8.726186537855677e-21 9.783335293031605e-18 3326
50 4.633861821586857e-21 5.836279008527238e-18 2696
50.5 2.475247143397399e-21 3.016647586492136e-18 2304
51 1.208752467910991e-21 1.694230313163941e-18 1934
51.5 7.221551036455184e-22 7.527912794647118e-19 1344
52 3.323944425199964e-22 4.430757951176063e-19 848
52.5 2.850295492251527e-22 3.496654638986961e-19 888
53 1.095975647050063e-22 2.064673182720717e-19 584
53.5 5.666413791603014e-23 1.155119098013726e-19 344
54 1.328232114499003e-23 3.133300268491412e-20 102
54.5 1.61953998519674e-23 2.758082867948866e-20 104
55 5.290943831953562e-24 4.500049754618776e-21 24
55.5 1.064170429778374e-25 3.01934221421189e-22 1

0.5 2.169055378456513e-08 3.189164280986724e-08 18
1 5.066874491613898e-08 3.582016971782602e-07 62
1.5 1.021158593774695e-07 7.589016886025689e-07 98
2 3.045843023405862e-07 1.86281771307e-06 210
2.5 4.080118438230819e-07 3.536578073238153e-06 350
3 4.047036108943363e-07 4.599829067503883e-06 450
3.5 4.583109835651673e-07 5.230362357895145e-06 602
4 3.614084994521312e-07 6.858116523997544e-06 762
4.5 4.219023291887913e-07 8.88984928914551e-06 1142
5 2.848590606191187e-07 7.854200524178845e-06 1250
5.5 2.58094220137633e-07 8.054832200869449e-06 1458
6 2.128055339887317e-07 7.636884928485815e-06 1814
6.5 1.584347016073778e-07 6.786416163976061e-06 2178
7 1.221788011600761e-07 5.711829959503631e-06 2498
7.5 7.469054676587373e-08 4.235002619065716e-06 2622
8 5.827609909452871e-08 3.635867091182777e-06 3338
8.5 3.890193108964219e-08 2.867630438290415e-06 3722
9 2.646702365799057e-08 2.108550579223366e-06 4170
9.5 1.718944895795146e-08 1.466807911661198e-06 4358
10 1.205332215112732e-08 1.18005016179429e-06 5034
10.5 8.292308739401051e-09 9.12270381427201e-07 5714
11 5.264168798316152e-09 6.270266121213394e-07 5982
11.5 3.737057460145555e-09 4.677487296473543e-07 6602
12 2.62045048549135e-09 3.479056042284581e-07 7130
12.5 1.924593624182073e-09 2.84267992841912e-07 8034
13 1.310033241380816e-09 2.089304107857873e-07 8606
13.5 9.027402290816561e-10 1.481545548786911e-07 9066
14 6.485857210126636e-10 1.199502198963579e-07 9962
14.5 4.572846559732276e-10 8.889991346976398e-08 10550
15 3.387621715287863e-10 6.608946458323966e-08 11226
15.5 2.426593584718695e-10 5.44387953361278e-08 12146
16 1.762289787580897e-10 4.021202121488659e-08 12606
16.5 1.330624982065502e-10 3.243763275212657e-08 13802
17 1.002325061771037e-10 2.487272095993203e-08 14754
17.5 7.049368223786565e-11 1.85590762589739e-08 15194
18 5.389881353190569e-11 1.523380007079526e-08 16454
18.5 3.958480084967015e-11 1.163304212971299e-08 17154
19 3.018022586400895e-11 9.074445573175852e-09 18266
19.5 2.139902385517595e-11 6.851035064574995e-09 18750
20 1.604591646317485e-11 5.338739042252281e-09 20234
20.5 1.17371861177953e-11 4.035725736327616e-09 21450
21 8.20669813245116e-12 2.946850404584904e-09 21962
21.5 6.045736610803663e-12 2.244239270435081e-09 23462
22 4.289035617934682e-12 1.654061357007605e-09 24042
22.5 3.126175265100221e-12 1.229202475335612e-09 25946
23 2.21359877505775e-12 8.742891374454329e-10 26118
23.5 1.592559059352626e-12 6.428631216593424e-10 27506
24 1.119241994784632e-12 4.658502557436237e-10 29066
24.5 7.803448290347284e-13 3.351662542579057e-10 30450
25 5.530756021755073e-13 2.539609907686824e-10 31742
25.5 3.758928406563654e-13 1.759456348791455e-10 32250
26 2.763137311040878e-13 1.329829760574525e-10 34250
26.5 2.085975219224073e-13 1.011235419164486e-10 35454
27 1.517097394796875e-13 7.754714606955567e-11 36434
27.5 1.149165850277957e-13 5.93976639732722e-11 37682
28 8.994144113869132e-14 4.846032448191083e-11 39294
28.5 7.526190960296614e-14 4.06903937607135e-11 41426
29 6.096804985457023e-14 3.274747990569195e-11 42066
29.5 5.038707552202833e-14 2.826707368190581e-11 43490
30 4.174188140957703e-14 2.355949511238862e-11 45702
30.5 3.384213934590214e-14 1.956322660881258e-11 46634
31 2.880092237070219e-14 1.687163952059034e-11 48554
31.5 2.341353269020972e-14 1.402626293185503e-11 48870
32 1.965458788543404e-14 1.206999299926029e-11 50963
32.5 1.62082960074911e-14 1.008333716521226e-11 51576
33 1.228370326445757e-14 7.835922633125146e-12 49316
33.5 9.283830963739152e-15 6.083216945998225e-12 49344
34 6.822005393809593e-15 4.658606955467852e-12 47192
34.5 5.113616540472162e-15 3.600168280696179e-12 47576
35 3.58570129025546e-15 2.619781904585144e-12 45348
35.5 2.613158951358278e-15 1.938514874138424e-12 44060
36 1.898217591456744e-15 1.436035415471302e-12 43872
36.5 1.297672481822451e-15 1.003465128938978e-12 41756
37 9.012430343241739e-16 7.083158549992606e-13 41528
37.5 5.909002799785529e-16 4.754146851510707e-13 39300
38 3.95785184784675e-16 3.207305527914624e-13 38276
38.5 2.509514388472321e-16 2.108087944358264e-13 36900
39 1.562964496582931e-16 1.337683308434894e-13 34724
39.5 1.008267162203063e-16 8.654346714422983e-14 33960
40 6.567379362328893e-17 5.691790310971796e-14 32144
40.5 4.374817136978341e-17 3.893986726978254e-14 30704
41 2.936606261680071e-17 2.61234175542906e-14 28896
41.5 1.909130453630652e-17 1.720878461353347e-14 26924
42 1.298266589627148e-17 1.190360570309696e-14 25656
42.5 8.309768739684588e-18 7.867326383350653e-15 23228
43 5.492040418179963e-18 5.281219734655801e-15 21816
43.5 3.537637777695306e-18 3.401168577390953e-15 19472
44 2.425111279482088e-18 2.338427651256744e-15 17696
44.5 1.642860116393004e-18 1.648579707846396e-15 15588
45 1.130028913906597e-18 1.108516177601769e-15 13760
45.5 7.136400183007657e-19 7.437426584811291e-16 11565
46 4.610201828919913e-19 4.834455410869907e-16 10016
46.5 2.885860130282472e-19 3.139619560555608e-16 8652
47 1.827943746214308e-19 2.085060763096327e-16 7652
47.5 1.123505806014322e-19 1.21996749953285e-16 6542
48 5.987344155738652e-20 6.74987208177576e-17 5478
48.5 3.400936736346537e-20 3.575525241425098e-17 4886
49 1.664603400247462e-20 1.857206691346684e-17 4068
49.5 8.661354348915448e-21 1.055046608952024e-17 3326
50 5.073230337302235e-21 5.735304212284453e-18 2696
50.5 2.342953521304342e-21 2.878104613070032e-18 2304
51 1.181984692374441e-21 1.468773098795472e-18 1934
51.5 6.092437949364882e-22 7.368408936643888e-19 1344
52 2.637096621450446e-22 3.467780815036967e-19 848
52.5 1.967620964874715e-22 2.563827539525256e-19 888
53 8.068378512472792e-23 1.036189408615487e-19 584
53.5 3.044213617219146e-23 4.333643030093094e-20 344
54 7.545766902365321e-24 9.900894907849428e-21 102
54.5 7.261555466826189e-24 9.15874846851587e-21 104
55 2.171909245546463e-24 2.351921311120569e-21 24
55.5 3.346677021501137e-27 7.317800819873975e-23 1

0.5 6.742692134746315e-09 2.506549500966839e-07 18
1 2.696661804101108e-08 1.322508950717046e-06 62
1.5 6.272158888776787e-08 2.246096651152435e-06 98
2 1.210780003554825e-07 6.781376670887181e-06 210
2.5 1.658665999727295e-07 8.507576632549793e-06 350
3 1.662495285086031e-07 8.857695360152456e-06 450
3.5 1.765386026931591e-07 1.078768334813476e-05 602
4 1.828321593188268e-07 1.231639179550187e-05 762
4.5 2.228652643183524e-07 1.43321163991227e-05 1142
5 1.779998094041324e-07 1.161615660907124e-05 1250
5.5 1.622609177323149e-07 1.073369084037128e-05 1458
6 1.515194484671523e-07 1.058987227541922e-05 1814
6.5 1.147360050048673e-07 9.610682342796468e-06 2178
7 9.052552391169177e-08 8.339163457264987e-06 2498
7.5 6.448569158584057e-08 6.283859329704254e-06 2622
8 5.689211827988955e-08 5.777617486380519e-06 3338
8.5 4.016992195134492e-08 4.446609159071854e-06 3722
9 2.941895757781703e-08 3.550161730444597e-06 4170
9.5 2.075328116551904e-08 2.757175725096175e-06 4358
10 1.535738665766484e-08 2.22135116139326e-06 5034
10.5 1.114616653406774e-08 1.786244471333088e-06 5714
11 7.911715269862199e-09 1.313380756882251e-06 5982
11.5 5.93123704581646e-09 1.027703602226126e-06 6602
12 4.284229000897174e-09 8.093866343735365e-07 7130
12.5 3.231027315794798e-09 6.409328582652362e-07 8034
13 2.276344838402338e-09 4.990021382277989e-07 8606
13.5 1.587401284600485e-09 3.658465322430806e-07 9066
14 1.23517073855673e-09 2.80077022172056e-07 9962
14.5 8.673767668662226e-10 2.103333263345011e-07 10550
15 6.30445610315974e-10 1.603455505436739e-07 11226
15.5 4.476162000602376e-10 1.225286654339921e-07 12146
16 3.079442794954199e-10 8.987139996876303e-08 12606
16.5 2.364607500077842e-10 6.862958003977062e-08 13802
17 1.688924141958777e-10 5.182880128038406e-08 14754
17.5 1.192438897592928e-10 3.768819935066529e-08 15194
18 8.403012473372223e-11 2.914820618231919e-08 16454
18.5 5.939912516446508e-11 2.115920592750249e-08 17154
19 4.505486109777861e-11 1.624489271468853e-08 18266
19.5 3.141155591884345e-11 1.185083399126504e-08 18750
20 2.266589949005062e-11 8.689443299885285e-09 20234
20.5 1.578522873160402e-11 6.589984133898429e-09 21450
21 1.111241351641926e-11 4.733089562093679e-09 21962
21.5 7.740122801077151e-12 3.425019078140829e-09 23462
22 5.388871895313254e-12 2.497039801100947e-09 24042
22.5 3.915224788914864e-12 1.820179356393736e-09 25946
23 2.640531500028411e-12 1.226054176510061e-09 26118
23.5 1.859139118273951e-12 9.07496901032137e-10 27506
24 1.293559788753006e-12 6.419856504376298e-10 29066
24.5 9.019826790988041e-13 4.574819611415047e-10 30450
25 6.372404487726201e-13 3.325593211258992e-10 31742
25.5 4.378619295265141e-13 2.332795999784766e-10 32250
26 3.269893523258797e-13 1.703694040681834e-10 34250
26.5 2.263579341826601e-13 1.279552316555823e-10 35454
27 1.612045440824728e-13 9.484182214158894e-11 36434
27.5 1.222317521718343e-13 7.199266764928569e-11 37682
28 9.608871148055191e-14 5.492439667797376e-11 39294
28.5 7.521280009659318e-14 4.569567050271441e-11 41426
29 6.0443886152531e-14 3.668574142165591e-11 42066
29.5 4.932789406068876e-14 3.03241875082884e-11 43490
30 4.161473308526238e-14 2.588359797731989e-11 45702
30.5 3.401093662013778e-14 2.188452944212892e-11 46634
31 2.921018517593483e-14 1.851361526604359e-11 48554
31.5 2.363406572207424e-14 1.528378119769746e-11 48870
32 1.956845543173195e-14 1.338804247500331e-11 50963
32.5 1.577502094748663e-14 1.069691463591755e-11 51576
33 1.1475836176702e-14 8.063646513161735e-12 49316
33.5 8.645489283892506e-15 6.239082719373449e-12 49344
34 6.240443668751041e-15 4.634019005173996e-12 47192
34.5 4.667944738928665e-15 3.550404540303603e-12 47576
35 3.176403545905851e-15 2.494667892516065e-12 45348
35.5 2.304229503119855e-15 1.793020625118022e-12 44060
36 1.657360043379322e-15 1.344882518731457e-12 43872
36.5 1.125885003046882e-15 9.396834105789744e-13 41756
37 8.061811117522537e-16 6.785925857761525e-13 41528
37.5 5.470202896397823e-16 4.592110179664242e-13 39300
38 3.72939299297086e-16 3.267168941363928e-13 38276
38.5 2.390303379296488e-16 2.122127245223372e-13 36900
39 1.503195011401639e-16 1.337889065576969e-13 34724
39.5 9.555012986897004e-17 8.643474711464479e-14 33960
40 6.160208423952077e-17 5.668391614073222e-14 32144
40.5 4.224684185656629e-17 3.859045919576108e-14 30704
41 2.773102431885846e-17 2.625790612731148e-14 28896
41.5 1.822287235122909e-17 1.776672911950112e-14 26924
42 1.274600118001116e-17 1.220466886234539e-14 25656
42.5 8.281528844024238e-18 8.365219177667298e-15 23228
43 5.813177318424195e-18 5.757738959457768e-15 21816
43.5 3.67465871376862e-18 3.779972284649644e-15 19472
44 2.443122484845573e-18 2.498374283640164e-15 17696
44.5 1.596094626807186e-18 1.721932038224204e-15 15588
45 1.048146288807148e-18 1.139720587035615e-15 13760
45.5 6.928939608358005e-19 7.437310212995091e-16 11565
46 4.477717280592479e-19 5.075618801139844e-16 10016
46.5 2.861762982147796e-19 3.260672972832932e-16 8652
47 1.920282906354984e-19 2.188689968337953e-16 7652
47.5 1.199746423738305e-19 1.360685923610095e-16 6542
48 6.815745210195227e-20 7.703987777202621e-17 5478
48.5 3.931551493482659e-20 4.305439328455463e-17 4886
49 2.028650284265549e-20 2.436535040465361e-17 4068
49.5 1.003647257327684e-20 1.264431770950902e-17 3326
50 5.362458077347785e-21 6.338722805456218e-18 2696
50.5 2.810840470582027e-21 3.336207832518711e-18 2304
51 1.390053993767956e-21 1.708925854132828e-18 1934
51.5 6.756660535760327e-22 8.15540111061767e-19 1344
52 3.262171942776859e-22 3.718132568410441e-19 848
52.5 2.219843426577383e-22 2.923695089675902e-19 888
53 8.569262558038348e-23 1.288758027108692e-19 584
53.5 4.467982333203049e-23 4.28348587061921e-20 344
54 8.999276202087167e-24 8.684217370564745e-21 102
54.5 8.910720503631708e-24 5.961051754981442e-21 104
55 2.291997961455066e-24 1.2535661231496e-21 24
55.5 5.766934426524378e-26 1.30850170251615e-23 1

0.5 7.203456551056344e-09 2.610000743417036e-08 18
1 6.22730198857511e-08 3.956880044283593e-07 62
1.5 1.105574981407434e-07 7.700091397713681e-07 98
2 2.119993680322894e-07 1.786054385185858e-06 210
2.5 3.126868006618707e-07 3.047139963729792e-06 350
3 3.351264536425885e-07 3.630542989252392e-06 450
3.5 3.245370337657781e-07 5.356395598356052e-06 602
4 3.366279810016575e-07 6.648097344283828e-06 762
4.5 3.691229723046099e-07 8.837920322282867e-06 1142
5 3.127894762330758e-07 8.351114069959821e-06 1250
5.5 2.525192641815903e-07 8.568647237178483e-06 1458
6 2.243314322730802e-07 8.742602446164404e-06 1814
6.5 1.905460701104809e-07 8.316819951636371e-06 2178
7 1.392048535012268e-07 7.144330023500512e-06 2498
7.5 9.96793224928672e-08 6.070192420201575e-06 2622
8 8.467925229944247e-08 5.710581594548077e-06 3338
8.5 6.444434516100732e-08 4.757114552241625e-06 3722
9 4.835830579698035e-08 3.822874858940804e-06 4170
9.5 3.404757100125595e-08 2.844505122797413e-06 4358
10 2.617228707390902e-08 2.597660398070362e-06 5034
10.5 2.061814153779042e-08 2.227945413593901e-06 5714
11 1.38293371299856e-08 1.731884559202728e-06 5982
11.5 1.024353863248332e-08 1.40602596197824e-06 6602
12 7.746437193024842e-09 1.047633252564961e-06 7130
12.5 5.824730477186809e-09 8.726056109675658e-07 8034
13 4.139038069418142e-09 6.668404243456397e-07 8606
13.5 2.92336300800675e-09 5.088710895590893e-07 9066
14 2.090923007885645e-09 3.966149768168919e-07 9962
14.5 1.449020886138339e-09 2.801619210512586e-07 10550
15 1.037346182094954e-09 2.115478185623328e-07 11226
15.5 7.448111314246486e-10 1.647495614926565e-07 12146
16 5.074463531571671e-10 1.231071177289762e-07 12606
16.5 3.762141496895095e-10 8.970672461588953e-08 13802
17 2.553967900265647e-10 6.653090362924403e-08 14754
17.5 1.709216978352665e-10 4.826047852963212e-08 15194
18 1.244173406295447e-10 3.653186735311888e-08 16454
18.5 8.629392950526254e-11 2.582855765586142e-08 17154
19 6.089778227264702e-11 1.877686720868382e-08 18266
19.5 4.212922155355428e-11 1.372010018406224e-08 18750
20 2.988587654711642e-11 1.03392487717657e-08 20234
20.5 2.086914108348374e-11 7.345736434728613e-09 21450
21 1.441226589674136e-11 5.219483821749606e-09 21962
21.5 1.004091084093576e-11 3.692940945327876e-09 23462
22 6.638701731014172e-12 2.514865589821753e-09 24042
22.5 4.704390337464592e-12 1.881327632504456e-09 25946
23 3.095271086944666e-12 1.281331763058153e-09 26118
23.5 2.130624758425243e-12 9.317677799483145e-10 27506
24 1.483569259289973e-12 6.464068423165949e-10 29066
24.5 1.004105950642778e-12 4.535402871476569e-10 30450
25 6.959244132703851e-13 3.267692049397299e-10 31742
25.5 4.731673708669478e-13 2.248114988288845e-10 32250
26 3.385915000403385e-13 1.655621173402137e-10 34250
26.5 2.480511760784522e-13 1.219087709455823e-10 35454
27 1.785883213905737e-13 9.198723338336852e-11 36434
27.5 1.325016048493588e-13 6.826690717068476e-11 37682
28 1.026376668864019e-13 5.24826472136291e-11 39294
28.5 8.018339480558044e-14 4.330112839412101e-11 41426
29 6.226437733223943e-14 3.408512281599673e-11 42066
29.5 5.043781985303182e-14 2.825003092826642e-11 43490
30 4.383922255962287e-14 2.43347416766908e-11 45702
30.5 3.5854024944288e-14 2.040655576737108e-11 46634
31 3.021983460193003e-14 1.778135107487058e-11 48554
31.5 2.561166988707515e-14 1.503634361690116e-11 48870
32 2.214355500736593e-14 1.323503376543257e-11 50963
32.5 1.750943503282277e-14 1.090195924318997e-11 51576
33 1.298383250895692e-14 8.317579695411578e-12 49316
33.5 1.009271725687449e-14 6.729392505136668e-12 49344
34 7.172143959386818e-15 4.969204924918582e-12 47192
34.5 5.36629731912809e-15 3.817090990542827e-12 47576
35 3.702924892388851e-15 2.709169614316516e-12 45348
35.5 2.587301069714645e-15 1.911995597527321e-12 44060
36 1.789191156209478e-15 1.401684570390475e-12 43872
36.5 1.205467473554517e-15 9.541983455355137e-13 41756
37 8.156242010230388e-16 6.431420493010086e-13 41528
37.5 5.370382669380791e-16 4.405513547631701e-13 39300
38 3.644852793286381e-16 2.989178969690675e-13 38276
38.5 2.405655452182808e-16 2.026776489083475e-13 36900
39 1.530427932120518e-16 1.289926924152254e-13 34724
39.5 9.652790918493217e-17 8.28569108832322e-14 33960
40 6.189242956023017e-17 5.493283565106644e-14 32144
40.5 4.311838958288472e-17 3.750736328454242e-14 30704
41 2.908373185201378e-17 2.580557800095364e-14 28896
41.5 1.963510315670608e-17 1.763853984415983e-14 26924
42 1.339890256650914e-17 1.252920289582132e-14 25656
42.5 9.199706929189713e-18 8.437577819001257e-15 23228
43 6.459264959572126e-18 5.945908654644633e-15 21816
43.5 4.017590974758448e-18 3.84658673040952e-15 19472
44 2.772627489704406e-18 2.702012099786506e-15 17696
44.5 1.73101066662504e-18 1.688000350154557e-15 15588
45 1.084880599273202e-18 1.116220941572762e-15 13760
45.5 6.868810857995968e-19 7.099552682260299e-16 11565
46 4.428888553012681e-19 4.574697038487446e-16 10016
46.5 2.982144789893367e-19 3.136208100746581e-16 8652
47 1.895521766269214e-19 2.059443407855187e-16 7652
47.5 1.171495310585053e-19 1.308670956587993e-16 6542
48 7.224543320478138e-20 7.578313955861951e-17 5478
48.5 4.040693940516534e-20 4.56173807085538e-17 4886
49 2.141332779630714e-20 2.419192648216275e-17 4068
49.5 1.246916836607041e-20 1.331433055096651e-17 3326
50 6.269660490774273e-21 7.091498715610052e-18 2696
50.5 3.217803895349482e-21 3.765421834005014e-18 2304
51 1.633841204171907e-21 1.9660827949872e-18 1934
51.5 7.657681596872463e-22 9.241552748248017e-19 1344
52 4.029269469816265e-22 4.565969365387454e-19 848
52.5 2.710213730046906e-22 3.121243572868554e-19 888
53 1.334750659838357e-22 1.605903947106519e-19 584
53.5 6.100603714900425e-23 6.928604570335424e-20 344
54 1.386902272133424e-23 1.525472638704054e-20 102
54.5 9.116027858802671e-24 1.231064679824627e-20 104
55 1.163565816767901e-24 1.023565549523553e-21 24
55.5 5.2223208177902e-26 1.261882633500038e-23 1

0.5 3.272993616248577e-09 2.699937866045283e-07 18
1 3.225100383696211e-08 1.004454228133524e-06 62
1.5 5.983747291778888e-08 1.503379121208559e-06 98
2 1.179206829537625e-07 3.57953833599682e-06 210
2.5 1.708089401202044e-07 4.779947561600805e-06 350
3 1.615754290199882e-07 6.415211340984491e-06 450
3.5 2.114695545191349e-07 7.682700634364924e-06 602
4 2.03936487826797e-07 8.485961519757665e-06 762
4.5 2.602522934718638e-07 1.121429255585559e-05 1142
5 2.274759657779418e-07 9.754971222467601e-06 1250
5.5 1.871559461157232e-07 1.067129369612264e-05 1458
6 1.760076716140054e-07 1.044008717948267e-05 1814
6.5 1.423484317457125e-07 9.813498244617401e-06 2178
7 1.297557630807927e-07 8.779541012714395e-06 2498
7.5 9.184288699143321e-08 7.849151456599817e-06 2622
8 8.051261596236665e-08 7.664612649107694e-06 3338
8.5 6.1058747770055e-08 6.531190552636039e-06 3722
9 4.94332079890448e-08 5.634637585352353e-06 4170
9.5 3.448964442708255e-08 4.270094521421213e-06 4358
10 2.844639973908008e-08 3.831831800383751e-06 5034
10.5 2.271371135281946e-08 3.185685838904365e-06 5714
11 1.684434059040908e-08 2.574540930936013e-06 5982
11.5 1.271354832833746e-08 2.104032724910168e-06 6602
12 9.737684687844427e-09 1.608780106965558e-06 7130
12.5 7.471591935924353e-09 1.374326041758638e-06 8034
13 5.621265324882124e-09 1.085538468946649e-06 8606
13.5 3.909952565866224e-09 8.297262798356112e-07 9066
14 2.986280283314235e-09 6.511440194163486e-07 9962
14.5 2.06547679410376e-09 4.837569509746149e-07 10550
15 1.512948838734704e-09 3.661043150651569e-07 11226
15.5 1.099754329499404e-09 2.808268543273487e-07 12146
16 7.672173843104164e-10 2.070970890338502e-07 12606
16.5 5.538139972332961e-10 1.559918215323936e-07 13802
17 3.911078360374907e-10 1.152735288667452e-07 14754
17.5 2.658886823865931e-10 8.010733540097247e-08 15194
18 1.891158938854863e-10 6.050238667382532e-08 16454
18.5 1.309649879189172e-10 4.322968278736543e-08 17154
19 9.120783297104902e-11 3.175288907933456e-08 18266
19.5 6.058585138531467e-11 2.216617943671529e-08 18750
20 4.284535500305634e-11 1.634724408512037e-08 20234
20.5 3.05132993151347e-11 1.196057663343068e-08 21450
21 2.027414226601867e-11 8.259458260687582e-09 21962
21.5 1.400870884115753e-11 5.937174128139266e-09 23462
22 9.132172293197131e-12 4.059887762870767e-09 24042
22.5 6.53913454344342e-12 2.993151767579352e-09 25946
23 4.264349944830895e-12 1.990135038289411e-09 26118
23.5 2.910752324697924e-12 1.415801735352285e-09 27506
24 2.00576907883808e-12 9.883146441769691e-10 29066
24.5 1.403113397812058e-12 6.943293206803574e-10 30450
25 9.232836107377248e-13 4.694341965264165e-10 31742
25.5 6.107428964897653e-13 3.277530357080439e-10 32250
26 4.206005708299771e-13 2.285333363188665e-10 34250
26.5 3.010278861357259e-13 1.662945393557852e-10 35454
27 2.14746287433413e-13 1.181209058742352e-10 36434
27.5 1.54082822444949e-13 8.686007206493416e-11 37682
28 1.166707495462462e-13 6.537870572521463e-11 39294
28.5 8.69277800459465e-14 5.115188516584613e-11 41426
29 6.623304935723155e-14 3.972397034713317e-11 42066
29.5 5.384422089480453e-14 3.181571320392648e-11 43490
30 4.349991786586109e-14 2.630116952468599e-11 45702
30.5 3.498785209368837e-14 2.156635886481582e-11 46634
31 2.980147656239744e-14 1.83070510066356e-11 48554
31.5 2.473678840129444e-14 1.552757613933702e-11 48870
32 2.112836026853966e-14 1.337620739761324e-11 50963
32.5 1.647949413288067e-14 1.079721805021955e-11 51576
33 1.240052407536509e-14 8.334038725080222e-12 49316
33.5 9.629512495264643e-15 6.740169484665519e-12 49344
34 6.89891491554275e-15 4.967489279863583e-12 47192
34.5 5.295682022115275e-15 3.884370488913968e-12 47576
35 3.711152351020001e-15 2.831006982565882e-12 45348
35.5 2.657504954523826e-15 2.0252943035208e-12 44060
36 1.841877735164035e-15 1.461188701670376e-12 43872
36.5 1.28425678273751e-15 1.034722257152219e-12 41756
37 8.89946774989675e-16 7.410655480905746e-13 41528
37.5 5.843177273658429e-16 4.987897983201666e-13 39300
38 3.873371115670422e-16 3.291349952026594e-13 38276
38.5 2.52611158167715e-16 2.216499655165992e-13 36900
39 1.619982214327749e-16 1.431416791851609e-13 34724
39.5 1.029938318627596e-16 9.269187175519624e-14 33960
40 6.385480905287391e-17 5.76895222552115e-14 32144
40.5 4.156014672623039e-17 3.777328110398069e-14 30704
41 2.904879543054642e-17 2.67405966364325e-14 28896
41.5 1.954539945608337e-17 1.797590318696192e-14 26924
42 1.409930950310671e-17 1.307874575411992e-14 25656
42.5 9.285657088153172e-18 9.039245916977323e-15 23228
43 6.467448385270949e-18 6.415646312415759e-15 21816
43.5 4.270304513029986e-18 4.210318612164854e-15 19472
44 3.038109919403653e-18 3.046791469174572e-15 17696
44.5 1.861214982433118e-18 1.937105837455536e-15 15588
45 1.139511397669524e-18 1.197902613779559e-15 13760
45.5 6.934446617044951e-19 7.31556486066785e-16 11565
46 4.258537299847146e-19 4.823139647354307e-16 10016
46.5 2.713988360054808e-19 3.126639010219664e-16 8652
47 1.808657714871966e-19 2.049324300162802e-16 7652
47.5 1.149758668491105e-19 1.289741903714116e-16 6542
48 7.070942023147697e-20 8.10210392349272e-17 5478
48.5 4.207971721149801e-20 5.037064864159777e-17 4886
49 2.181792369602416e-20 2.638935369668593e-17 4068
49.5 1.218133359811593e-20 1.460134401751922e-17 3326
50 6.646603181472809e-21 7.285961835250361e-18 2696
50.5 3.515647179793311e-21 4.146912543306906e-18 2304
51 1.956782710071257e-21 2.248159674172177e-18 1934
51.5 9.168065472157024e-22 9.672888056723536e-19 1344
52 4.141518672357825e-22 5.450652032378486e-19 848
52.5 2.719059372885211e-22 3.422525331111979e-19 888
53 1.263975005209648e-22 1.760699425325604e-19 584
53.5 5.551463180512085e-23 8.077665029370762e-20 344
54 1.777296113842643e-23 1.636401992254764e-20 102
54.5 9.75800084720295e-24 1.429031736383174e-20 104
55 1.455148003995746e-24 2.138582508526674e-21 24
55.5 9.772052777468065e-27 7.088887112865873e-23 1

0.5 4.985571128841036e-09 7.432855835766223e-08 18
1 3.015090105919317e-08 4.833993902827666e-07 62
1.5 5.32687519980486e-08 7.402394683896099e-07 98
2 1.49080466334854e-07 2.025293317803061e-06 210
2.5 1.967928770427755e-07 2.857323741426622e-06 350
3 1.923742843386363e-07 3.49581867586526e-06 450
3.5 2.359812051805742e-07 5.562546293269965e-06 602
4 2.61430608542424e-07 5.997068595787837e-06 762
4.5 3.060145545290047e-07 8.271646559511174e-06 1142
5 2.449664120253171e-07 7.98129159137315e-06 1250
5.5 2.421585264484971e-07 9.305540184933137e-06 1458
6 2.225541844282348e-07 9.026282224770892e-06 1814
6.5 1.7652180518185e-07 9.026336297029705e-06 2178
7 1.476109021896175e-07 8.402483089963647e-06 2498
7.5 1.094090932683203e-07 7.502202710249175e-06 2622
8 9.930419018800016e-08 7.282237223882694e-06 3338
8.5 7.801037669673718e-08 6.226891621678116e-06 3722
9 5.996009558441928e-08 5.338613123704186e-06 4170
9.5 4.710116697883961e-08 4.564450215623633e-06 4358
10 3.951178006300291e-08 4.056618506923707e-06 5034
10.5 3.198717561674575e-08 3.711418194078222e-06 5714
11 2.41589497787837e-08 2.987884744971069e-06 5982
11.5 1.830619361431302e-08 2.540222714705805e-06 6602
12 1.449613075418019e-08 2.193037364543648e-06 7130
12.5 1.122637497334453e-08 1.843968891635993e-06 8034
13 8.567066358080753e-09 1.46310397489779e-06 8606
13.5 6.220429635304094e-09 1.130241229216998e-06 9066
14 4.614480602967079e-09 9.087007416571829e-07 9962
14.5 3.366244286889523e-09 6.947558720915578e-07 10550
15 2.406756666197767e-09 5.233752482452562e-07 11226
15.5 1.737289194129781e-09 3.927045344205875e-07 12146
16 1.178871281018815e-09 2.925345219834242e-07 12606
16.5 8.871766239517774e-10 2.196585844630299e-07 13802
17 6.114548996412447e-10 1.664034283156766e-07 14754
17.5 3.99513484743221e-10 1.134386696612665e-07 15194
18 2.841659977124705e-10 8.433502023428503e-08 16454
18.5 1.948742537428946e-10 5.880914414394606e-08 17154
19 1.32230577078276e-10 4.228984708340474e-08 18266
19.5 8.732025064738407e-11 2.899244920574314e-08 18750
20 6.082487755009831e-11 2.076135484108985e-08 20234
20.5 4.12080886565579e-11 1.471628214779522e-08 21450
21 2.642415119616521e-11 1.016911571953676e-08 21962
21.5 1.816532053716374e-11 7.125396225252199e-09 23462
22 1.192317805936819e-11 4.961896982919112e-09 24042
22.5 8.51197764262181e-12 3.546653861102057e-09 25946
23 5.414858294244197e-12 2.278772601444465e-09 26118
23.5 3.578934691038317e-12 1.593126367809934e-09 27506
24 2.437524940795424e-12 1.116973768854904e-09 29066
24.5 1.688584815219883e-12 7.976989823317894e-10 30450
25 1.126981369723556e-12 5.45521465157952e-10 31742
25.5 7.483898894581952e-13 3.586495428194051e-10 32250
26 5.121768557899961e-13 2.572737110566719e-10 34250
26.5 3.573093064473214e-13 1.814835325842715e-10 35454
27 2.467625058651528e-13 1.30259418214891e-10 36434
27.5 1.757754824918935e-13 9.255229313587259e-11 37682
28 1.29266516417558e-13 7.039573904996936e-11 39294
28.5 9.81297071481355e-14 5.458257844213573e-11 41426
29 7.333075286028078e-14 4.157208375479678e-11 42066
29.5 5.795658703766483e-14 3.285209450171562e-11 43490
30 4.590805447191472e-14 2.673590954852993e-11 45702
30.5 3.767930130780185e-14 2.150643883092262e-11 46634
31 3.079747262575223e-14 1.80044459276622e-11 48554
31.5 2.597060492324471e-14 1.498994679848935e-11 48870
32 2.188401734234878e-14 1.282657370225955e-11 50963
32.5 1.691889011246959e-14 1.046107570949479e-11 51576
33 1.254934312824206e-14 7.889656487643463e-12 49316
33.5 9.392686543213342e-15 6.152851171086404e-12 49344
34 6.755881157375866e-15 4.481587035481748e-12 47192
34.5 5.077940637844051e-15 3.560269055302148e-12 47576
35 3.59367565235272e-15 2.581023502444205e-12 45348
35.5 2.592093490506561e-15 1.908594045378158e-12 44060
36 1.844318466539761e-15 1.403033665062127e-12 43872
36.5 1.248863620724307e-15 9.820410498472439e-13 41756
37 9.001977717807132e-16 7.071349219202957e-13 41528
37.5 5.995530343820715e-16 4.888537049176122e-13 39300
38 4.186686238293571e-16 3.460377212988614e-13 38276
38.5 2.826589702848112e-16 2.359059837896515e-13 36900
39 1.829171017584533e-16 1.533337503904259e-13 34724
39.5 1.230852914332274e-16 1.06092033841009e-13 33960
40 7.817384091353783e-17 6.824694276500095e-14 32144
40.5 4.939108912588873e-17 4.262431193857494e-14 30704
41 3.130760888564364e-17 2.852174790407496e-14 28896
41.5 2.118804862552065e-17 1.925865400388973e-14 26924
42 1.511933470778757e-17 1.373862026969603e-14 25656
42.5 1.008542383476969e-17 9.401146539340842e-15 23228
43 6.979866717667211e-18 6.440500393904934e-15 21816
43.5 4.544607008965628e-18 4.286391775521582e-15 19472
44 3.173485768467016e-18 3.112840745465082e-15 17696
44.5 2.11099572005176e-18 2.130861176038484e-15 15588
45 1.308327341495762e-18 1.392514997346194e-15 13760
45.5 8.17529173245927e-19 8.348898925974259e-16 11565
46 5.110654810251919e-19 5.387559996920333e-16 10016
46.5 3.215276476409317e-19 3.384902988081626e-16 8652
47 1.971218818620386e-19 2.153882304742549e-16 7652
47.5 1.174760357974397e-19 1.338765657731833e-16 6542
48 7.300407078955551e-20 8.039675283072594e-17 5478
48.5 4.467823726805784e-20 4.806068237473008e-17 4886
49 2.342627175858418e-20 2.696288203512112e-17 4068
49.5 1.369330624322457e-20 1.458996182805747e-17 3326
50 7.699405117874132e-21 7.93247253814657e-18 2696
50.5 4.21242460538412e-21 4.575298456854939e-18 2304
51 2.349513023819649e-21 2.726837181534842e-18 1934
51.5 1.028117251553241e-21 1.258808326836753e-18 1344
52 4.793533825228484e-22 6.037869820161651e-19 848
52.5 3.220894149468433e-22 3.879053481633039e-19 888
53 1.656910508175007e-22 1.697367966948275e-19 584
53.5 6.96389864460195e-23 8.867264111023684e-20 344
54 1.611332474726278e-23 2.13913748926584e-20 102
54.5 1.521132486111011e-23 1.399156253756152e-20 104
55 2.628923888411647e-24 2.555486661621916e-21 24
55.5 3.064904112205084e-26 7.834108485305461e-24 1

0.5 3.143623254082991e-09 5.402248605519496e-08 18
1 3.652303055690623e-08 6.641510609696086e-07 62
1.5 4.727280454512894e-08 1.039355702038409e-06 98
2 1.233382858991856e-07 1.999943748041019e-06 210
2.5 1.585727757012456e-07 3.088389707483344e-06 350
3 1.754356484004144e-07 4.538602064696873e-06 450
3.5 2.034665632555992e-07 5.831199235180095e-06 602
4 2.034106340842955e-07 6.489706760814647e-06 762
4.5 2.465292970795333e-07 9.174066557447249e-06 1142
5 2.141241668739628e-07 8.104842126127376e-06 1250
5.5 1.962047679799531e-07 8.965435511830121e-06 1458
6 1.864010036406794e-07 9.542921224668426e-06 1814
6.5 1.562925025557826e-07 9.420279030823528e-06 2178
7 1.322270974683268e-07 8.562970983842418e-06 2498
7.5 1.037683105754652e-07 7.207625281698105e-06 2622
8 8.976799571464771e-08 7.17120404274295e-06 3338
8.5 7.890973400020888e-08 6.474860255930389e-06 3722
9 6.056551114460176e-08 5.866377041949424e-06 4170
9.5 4.509145176768954e-08 4.859757556917834e-06 4358
10 4.040303941848972e-08 4.710404881585254e-06 5034
10.5 3.302903892704617e-08 4.221323700517554e-06 5714
11 2.461694004955084e-08 3.537131262792129e-06 5982
11.5 2.102017905519734e-08 3.021801888405206e-06 6602
12 1.714342795941832e-08 2.491360865949954e-06 7130
12.5 1.32727318362134e-08 2.249747735914588e-06 8034
13 9.785058184106391e-09 1.75376761858883e-06 8606
13.5 7.594287061475556e-09 1.401604629372754e-06 9066
14 5.794806870487827e-09 1.167125710621634e-06 9962
14.5 4.330660827003661e-09 8.789765158519008e-07 10550
15 3.173518265059434e-09 7.030257653489308e-07 11226
15.5 2.28403393127337e-09 5.298744500070801e-07 12146
16 1.618009827842223e-09 3.859978764257544e-07 12606
16.5 1.162658457890022e-09 3.025044334828699e-07 13802
17 8.160379280863119e-10 2.298588931804738e-07 14754
17.5 5.555636876454484e-10 1.611962648635153e-07 15194
18 3.864180914424115e-10 1.170420475183757e-07 16454
18.5 2.640141279555456e-10 8.224422049805336e-08 17154
19 1.840612638535794e-10 5.949328033265866e-08 18266
19.5 1.172573822388342e-10 4.034976256350397e-08 18750
20 8.178072996083333e-11 2.906746317887856e-08 20234
20.5 5.627967955378431e-11 2.051326025211881e-08 21450
21 3.66141706235739e-11 1.384145391745143e-08 21962
21.5 2.503312727226913e-11 9.825493763136299e-09 23462
22 1.600519345474984e-11 6.71925891704582e-09 24042
22.5 1.114575662386001e-11 4.881281396733363e-09 25946
23 7.284634066023092e-12 3.168148495720911e-09 26118
23.5 4.972503117011998e-12 2.206097436966134e-09 27506
24 3.308309612669569e-12 1.550070796757883e-09 29066
24.5 2.262131525472803e-12 1.079550015407809e-09 30450
25 1.529557499156655e-12 7.525557275838834e-10 31742
25.5 9.830294695139116e-13 5.055000271532457e-10 32250
26 6.712099226469286e-13 3.462888643061763e-10 34250
26.5 4.667420396466622e-13 2.473483967962609e-10 35454
27 3.180741713363518e-13 1.726311070586312e-10 36434
27.5 2.222306634941144e-13 1.220263996295083e-10 37682
28 1.585974601506659e-13 8.909451725511143e-11 39294
28.5 1.169580179331307e-13 6.766045117944953e-11 41426
29 8.533756919500289e-14 4.948204541060158e-11 42066
29.5 6.529012822005165e-14 3.806925055353476e-11 43490
30 5.214692941644201e-14 3.072913880354401e-11 45702
30.5 4.072874639923172e-14 2.420244963638067e-11 46634
31 3.332953043853703e-14 1.965891776352664e-11 48554
31.5 2.695325888935439e-14 1.605602059122902e-11 48870
32 2.24060674706402e-14 1.357064496838777e-11 50963
32.5 1.735927314096188e-14 1.0956891474027e-11 51576
33 1.280803864037481e-14 8.17916836999738e-12 49316
33.5 9.601577128551793e-15 6.361919294601801e-12 49344
34 6.827577695582571e-15 4.654779568403617e-12 47192
34.5 5.05533567520081e-15 3.643203248053394e-12 47576
35 3.480736619798017e-15 2.551159224466708e-12 45348
35.5 2.464412528792009e-15 1.845643825425859e-12 44060
36 1.741299377421919e-15 1.338143536061269e-12 43872
36.5 1.214430515106674e-15 9.480132844355965e-13 41756
37 8.682415558138761e-16 6.974402325562672e-13 41528
37.5 5.879490356221046e-16 4.854091045302644e-13 39300
38 4.108124813264497e-16 3.332744862976551e-13 38276
38.5 2.767824442204668e-16 2.327370772555716e-13 36900
39 1.877584166268139e-16 1.599081921523292e-13 34724
39.5 1.28345981150942e-16 1.123031227915971e-13 33960
40 8.440964274787729e-17 7.495698322650849e-14 32144
40.5 5.310649503138303e-17 4.816281721300605e-14 30704
41 3.481641783327115e-17 3.127851090513959e-14 28896
41.5 2.235377903684305e-17 2.038345777974359e-14 26924
42 1.561570141022369e-17 1.439265512328645e-14 25656
42.5 1.037361457826157e-17 9.818219634993636e-15 23228
43 7.123176852769373e-18 6.829587603705476e-15 21816
43.5 4.619255395153433e-18 4.542626004325018e-15 19472
44 3.24499743772332e-18 3.22281410535884e-15 17696
44.5 2.24707556615389e-18 2.233797435042424e-15 15588
45 1.454443260867597e-18 1.45197396519938e-15 13760
45.5 8.816157838757765e-19 8.959012104021021e-16 11565
46 5.220393630149548e-19 5.748119381554823e-16 10016
46.5 3.463340089638795e-19 3.68627098170095e-16 8652
47 2.148836502180395e-19 2.349981956498112e-16 7652
47.5 1.281258598424187e-19 1.467597712599719e-16 6542
48 7.310977384924327e-20 8.602483206272908e-17 5478
48.5 4.403392824050456e-20 5.057311886035816e-17 4886
49 2.490434405908926e-20 2.80819310892876e-17 4068
49.5 1.394013858777279e-20 1.666344812573019e-17 3326
50 7.970573779226686e-21 9.419498212337017e-18 2696
50.5 4.43997059710173e-21 5.246090562646648e-18 2304
51 2.673033350937972e-21 3.295922470947777e-18 1934
51.5 1.251802591419541e-21 1.550921745341122e-18 1344
52 6.318391625547465e-22 7.433890533765156e-19 848
52.5 3.896769926774001e-22 5.141486838843001e-19 888
53 1.700990798907872e-22 2.370079133374671e-19 584
53.5 7.902624854811561e-23 1.11667644092185e-19 344
54 1.743257828640133e-23 2.770845189710976e-20 102
54.5 1.199162898869865e-23 2.295907077842561e-20 104
55 2.233500506263805e-24 6.16085991016967e-21 24
55.5 1.510912559293318e-26 9.582036308428052e-27 1

0.5 2.788675539750354e-09 4.287228226554744e-08 18
1 2.305451459757752e-08 4.101973992569447e-07 62
1.5 5.682880807225951e-08 6.575364215367783e-07 98
2 9.867182798489866e-08 1.827727704427936e-06 210
2.5 1.384513230514315e-07 3.873081521400997e-06 350
3 1.343129737338573e-07 4.139449954455283e-06 450
3.5 1.584316355935921e-07 5.365856693654207e-06 602
4 1.73272394686085e-07 6.48000731444197e-06 762
4.5 2.247592142447013e-07 9.217935871470133e-06 1142
5 1.896403566157581e-07 9.12672397266559e-06 1250
5.5 1.801578537985378e-07 8.849239341609116e-06 1458
6 1.823739083447009e-07 9.457448953022097e-06 1814
6.5 1.467881663080869e-07 8.847260150794758e-06 2178
7 1.247929311610847e-07 8.45860496221575e-06 2498
7.5 9.840487020296896e-08 7.31012205390986e-06 2622
8 9.508937885265234e-08 8.445831739768469e-06 3338
8.5 7.490321716575442e-08 7.231797546101613e-06 3722
9 6.37991113597417e-08 6.737642190081089e-06 4170
9.5 5.041754348777045e-08 5.785969250655155e-06 4358
10 4.261558422567473e-08 5.408093230036968e-06 5034
10.5 3.723928484007384e-08 4.933108186931491e-06 5714
11 2.911889531723855e-08 4.187914048571749e-06 5982
11.5 2.330943357812444e-08 3.656307855362461e-06 6602
12 1.930548089782288e-08 3.117584449006531e-06 7130
12.5 1.612555744237978e-08 2.705055030809925e-06 8034
13 1.205587939037576e-08 2.290880041197497e-06 8606
13.5 9.233459230087239e-09 1.806720166193249e-06 9066
14 7.272524828380811e-09 1.515193956506963e-06 9962
14.5 5.427988167562999e-09 1.210494605743199e-06 10550
15 4.017813598465612e-09 9.415148510853279e-07 11226
15.5 2.957741679359399e-09 7.379178030432161e-07 12146
16 2.131251770119775e-09 5.605822812054784e-07 12606
16.5 1.614776715599751e-09 4.36031335225782e-07 13802
17 1.143733531119288e-09 3.214832406448811e-07 14754
17.5 7.497584361303111e-10 2.314665134641981e-07 15194
18 5.441160730543989e-10 1.706355964075564e-07 16454
18.5 3.676657245720664e-10 1.200509110365661e-07 17154
19 2.568931323548897e-10 8.826684714762968e-08 18266
19.5 1.638859414216529e-10 5.981278727594397e-08 18750
20 1.159259939354474e-10 4.106356095773427e-08 20234
20.5 7.766518902333104e-11 2.956827228111679e-08 21450
21 5.084480839113596e-11 2.011267118977399e-08 21962
21.5 3.362587433043217e-11 1.376327211792685e-08 23462
22 2.167070354499656e-11 9.322327344061909e-09 24042
22.5 1.493670186877489e-11 6.45829905162249e-09 25946
23 9.249196902014667e-12 4.297274158771935e-09 26118
23.5 6.317390951543173e-12 2.889870997377868e-09 27506
24 4.30036542391996e-12 1.985323594286076e-09 29066
24.5 2.778775967418152e-12 1.364865334709004e-09 30450
25 1.865251403540835e-12 9.582845846844961e-10 31742
25.5 1.21897104504005e-12 6.293433286760617e-10 32250
26 8.442028187405574e-13 4.381104623986738e-10 34250
26.5 5.637958870288558e-13 3.058947890008057e-10 35454
27 3.868293091480618e-13 2.135208992182862e-10 36434
27.5 2.642331675016528e-13 1.486070518421665e-10 37682
28 1.882267779011497e-13 1.060785746024449e-10 39294
28.5 1.397042831817306e-13 7.953009919599978e-11 41426
29 9.877369505443948e-14 5.920310351239415e-11 42066
29.5 7.367819003317855e-14 4.323635379687437e-11 43490
30 5.760513683931046e-14 3.440467618555097e-11 45702
30.5 4.501845059579874e-14 2.688981627444138e-11 46634
31 3.659684726033689e-14 2.188350555930607e-11 48554
31.5 2.937410455008404e-14 1.753162358168716e-11 48870
32 2.393336411342629e-14 1.474795442510946e-11 50963
32.5 1.852745257658046e-14 1.156082428684792e-11 51576
33 1.33180945203351e-14 8.602277657621018e-12 49316
33.5 9.828737804715272e-15 6.721714321980446e-12 49344
34 7.191151534372104e-15 5.047280563284048e-12 47192
34.5 5.346890747898368e-15 3.829506546129286e-12 47576
35 3.684532662359911e-15 2.721583637556438e-12 45348
35.5 2.605424156085683e-15 1.943887202590905e-12 44060
36 1.83548480624695e-15 1.396378463397886e-12 43872
36.5 1.223623591409121e-15 9.571354288486491e-13 41756
37 8.718116270932654e-16 6.89685157881791e-13 41528
37.5 5.905896755314807e-16 4.771885337941666e-13 39300
38 4.037376607721961e-16 3.30697819799365e-13 38276
38.5 2.661784561739461e-16 2.272754222105189e-13 36900
39 1.80417245726392e-16 1.555399516899959e-13 34724
39.5 1.25243154859182e-16 1.086615117750473e-13 33960
40 8.832841069894933e-17 7.62941058212902e-14 32144
40.5 5.735426418347237e-17 5.124507698490503e-14 30704
41 3.845919341113309e-17 3.354921226568356e-14 28896
41.5 2.411878064199969e-17 2.215276790469615e-14 26924
42 1.635354846537563e-17 1.537708772293441e-14 25656
42.5 1.057384080276333e-17 1.011867954112279e-14 23228
43 7.485047634152976e-18 6.933107091856594e-15 21816
43.5 4.835412974521321e-18 4.681818521887346e-15 19472
44 3.388591062959596e-18 3.417110197018186e-15 17696
44.5 2.366103825068768e-18 2.293163763034606e-15 15588
45 1.548369450661075e-18 1.544627094794817e-15 13760
45.5 9.32696370690541e-19 9.588639445788734e-16 11565
46 5.661842784873066e-19 6.078609235978521e-16 10016
46.5 3.597569047708963e-19 3.843880787568481e-16 8652
47 2.204022421870454e-19 2.454535132586236e-16 7652
47.5 1.323935003813674e-19 1.485533062171104e-16 6542
48 7.483499663236526e-20 8.359329706872496e-17 5478
48.5 4.338946837893655e-20 5.496462590316261e-17 4886
49 2.375982993368438e-20 3.011319422610552e-17 4068
49.5 1.519018113135622e-20 1.793434235263052e-17 3326
50 9.477579653273667e-21 1.065878470185956e-17 2696
50.5 5.268201437394796e-21 5.663242204106991e-18 2304
51 3.134728083627242e-21 3.726904050338218e-18 1934
51.5 1.484866601765019e-21 1.779526220718724e-18 1344
52 7.785270057040542e-22 9.759591845085156e-19 848
52.5 5.280018049196873e-22 5.084841069614047e-19 888
53 1.77366125705938e-22 2.618280942167229e-19 584
53.5 8.781591890844593e-23 1.093632115355591e-19 344
54 2.207054222304312e-23 2.138860314489553e-20 102
54.5 2.08754981081791e-23 2.400244302736737e-20 104
55 2.954338606669538e-24 4.938145330847084e-21 24
55.5 4.136795709572781e-27 3.927373986845074e-23 1

0.5 1.726806198706891e-08 1.435516217614868e-08 18
1 7.812870962082162e-08 9.734549385842476e-08 62
1.5 9.127979401659361e-08 2.856302827412328e-07 98
2 1.841301055342953e-07 1.055738505725226e-06 210
2.5 2.34418483506528e-07 2.266048514258821e-06 350
3 1.949592442731645e-07 2.687947247418322e-06 450
3.5 1.903550372624546e-07 3.32204546057518e-06 602
4 2.22489445480335e-07 4.201341102065488e-06 762
4.5 2.609270174819907e-07 6.348323046511576e-06 1142
5 2.101432326587e-07 6.405947089610411e-06 1250
5.5 1.89109043376362e-07 6.461374061453861e-06 1458
6 1.824110230052148e-07 7.430859578543889e-06 1814
6.5 1.654207667610173e-07 7.206030843872994e-06 2178
7 1.307500105822875e-07 7.103430072231798e-06 2498
7.5 1.056731619272356e-07 5.866424704128798e-06 2622
8 1.031586876515899e-07 6.873821923683395e-06 3338
8.5 8.359587867531664e-08 6.292824601609072e-06 3722
9 6.832499891304177e-08 5.752261322465019e-06 4170
9.5 5.696923045022768e-08 5.131630780990313e-06 4358
10 5.035453294464073e-08 4.883025040562327e-06 5034
10.5 4.198652643469111e-08 4.674067277906594e-06 5714
11 3.363986075883786e-08 3.921282584412187e-06 5982
11.5 2.695717330411606e-08 3.542928829733942e-06 6602
12 2.234035895199774e-08 2.99067962548446e-06 7130
12.5 1.848700729653382e-08 2.728419241320412e-06 8034
13 1.457767410149805e-08 2.214616343295506e-06 8606
13.5 1.123188215492551e-08 1.888040083371429e-06 9066
14 8.707921506894324e-09 1.572351312286568e-06 9962
14.5 6.470518289802561e-09 1.232537368342995e-06 10550
15 4.71971605192515e-09 9.954049647906358e-07 11226
15.5 3.564715021984841e-09 7.930467716279365e-07 12146
16 2.526620136136782e-09 6.066254406056196e-07 12606
16.5 1.912900923399193e-09 4.700390586529057e-07 13802
17 1.359438362108867e-09 3.41892115997396e-07 14754
17.5 9.502814033378222e-10 2.451762400621313e-07 15194
18 6.589772454865686e-10 1.847125250821029e-07 16454
18.5 4.3771531616123e-10 1.322599601505539e-07 17154
19 3.100810136513455e-10 9.46698420755595e-08 18266
19.5 2.005440607130156e-10 6.376290840788552e-08 18750
20 1.371674348643514e-10 4.607803984486507e-08 20234
20.5 9.272271809886854e-11 3.236642633433814e-08 21450
21 6.013574042551747e-11 2.197926869069212e-08 21962
21.5 4.003052910362049e-11 1.530829287858839e-08 23462
22 2.582728146329611e-11 1.003430907148513e-08 24042
22.5 1.758063596524502e-11 7.301046172340468e-09 25946
23 1.094546304309055e-11 4.599596467437677e-09 26118
23.5 7.30516404188042e-12 3.132533111507338e-09 27506
24 4.87882083496253e-12 2.201856423147216e-09 29066
24.5 3.220610224711724e-12 1.486252097874087e-09 30450
25 2.148093600160508e-12 1.010376750424053e-09 31742
25.5 1.400755267668556e-12 6.792903259411681e-10 32250
26 9.728047184732925e-13 4.84255894742177e-10 34250
26.5 6.552891066630298e-13 3.377784082590691e-10 35454
27 4.443746427488773e-13 2.302111046242669e-10 36434
27.5 3.053210780686922e-13 1.645568759284537e-10 37682
28 2.158215055285061e-13 1.16303768772927e-10 39294
28.5 1.58090582052062e-13 8.676563180768305e-11 41426
29 1.123168283356784e-13 6.227178684659742e-11 42066
29.5 8.283738361924291e-14 4.672332630166427e-11 43490
30 6.453394042139906e-14 3.645397571812514e-11 45702
30.5 4.884513184974238e-14 2.804609135092582e-11 46634
31 3.944775152638628e-14 2.274263106753833e-11 48554
31.5 3.144163041583184e-14 1.816949235520269e-11 48870
32 2.58846937009272e-14 1.504620521774116e-11 50963
32.5 1.961351429900771e-14 1.186018894554537e-11 51576
33 1.372815626388178e-14 8.63625829434704e-12 49316
33.5 1.030106447437553e-14 6.706638413538898e-12 49344
34 7.510059745705401e-15 5.002804279600926e-12 47192
34.5 5.627144451221087e-15 3.812411032301586e-12 47576
35 3.907478039108449e-15 2.744198478788316e-12 45348
35.5 2.751524108793837e-15 1.992404423310295e-12 44060
36 1.96413444295501e-15 1.444049803460178e-12 43872
36.5 1.323456835257754e-15 9.909049050949773e-13 41756
37 9.130713331457746e-16 7.053781673323104e-13 41528
37.5 6.059189137608857e-16 4.836992359665392e-13 39300
38 4.086360666783214e-16 3.2943314946166e-13 38276
38.5 2.761315229831029e-16 2.186579013429832e-13 36900
39 1.747477610986281e-16 1.471572518911386e-13 34724
39.5 1.215774973711779e-16 1.037765830210882e-13 33960
40 8.431395714547096e-17 7.388892410866161e-14 32144
40.5 5.806850669070376e-17 4.98021785398776e-14 30704
41 3.906230429506777e-17 3.415009177156426e-14 28896
41.5 2.531109909379241e-17 2.193396525799885e-14 26924
42 1.733610192762422e-17 1.559329220260028e-14 25656
42.5 1.123514966921962e-17 1.015483324749723e-14 23228
43 7.83161835333055e-18 7.161579887877836e-15 21816
43.5 5.041181682429449e-18 4.661602757360639e-15 19472
44 3.462457381672475e-18 3.363979562929804e-15 17696
44.5 2.395943422838262e-18 2.33472376993385e-15 15588
45 1.621857460499254e-18 1.560779651677927e-15 13760
45.5 9.468956976306681e-19 9.681033600393702e-16 11565
46 5.886008916136593e-19 6.091835857652391e-16 10016
46.5 3.622978729148109e-19 3.901806960286646e-16 8652
47 2.255642739273011e-19 2.387622979515666e-16 7652
47.5 1.370152153970412e-19 1.470177057098604e-16 6542
48 7.649860152073807e-20 8.637261425620319e-17 5478
48.5 4.685609030293442e-20 5.246342523170774e-17 4886
49 2.620033351613004e-20 3.047062642891493e-17 4068
49.5 1.504099916483927e-20 1.856053488986565e-17 3326
50 9.673855325527974e-21 1.173707351400012e-17 2696
50.5 5.370053246985659e-21 6.820923468431372e-18 2304
51 3.294292029889512e-21 4.0195205635061e-18 1934
51.5 1.720929829341528e-21 1.979757751904902e-18 1344
52 9.336382381977546e-22 1.018254579484478e-18 848
52.5 5.402818034606761e-22 5.997430964064212e-19 888
53 2.282861734516438e-22 2.34022406238114e-19 584
53.5 8.802221829002478e-23 1.221282952860286e-19 344
54 2.047624191970538e-23 3.289918381124584e-20 102
54.5 2.009100618516786e-23 2.49811231983928e-20 104
55 4.865229560688233e-24 8.011036754504783e-21 24
55.5 6.467252125153485e-27 1.195712933999124e-24 1

0.5 4.344725550382514e-09 6.10954764035966e-08 18
1 2.306440575624303e-08 5.564876286773177e-07 62
1.5 4.073908553006298e-08 8.135973971195606e-07 98
2 7.241673272444021e-08 2.484775678148414e-06 210
2.5 1.007994608560519e-07 3.424290862293979e-06 350
3 1.033761893108439e-07 4.251822232889905e-06 450
3.5 1.514277019992801e-07 4.965484937719112e-06 602
4 1.61822618085433e-07 6.146320098106661e-06 762
4.5 1.735339537855808e-07 8.45532034911079e-06 1142
5 1.539982722732731e-07 7.829612625940688e-06 1250
5.5 1.424033062567168e-07 7.824993686460501e-06 1458
6 1.27380794552812e-07 8.501273665168406e-06 1814
6.5 1.244261581576578e-07 8.293835917665096e-06 2178
7 9.911122462441617e-08 8.243431255786497e-06 2498
7.5 7.97435971080476e-08 7.361489168264172e-06 2622
8 8.171731592218745e-08 7.684462384296275e-06 3338
8.5 7.23837224186025e-08 7.715890975632445e-06 3722
9 6.257846099246691e-08 7.291341531378077e-06 4170
9.5 5.121057465447383e-08 6.250859967004476e-06 4358
10 4.765704493931129e-08 6.191592957080153e-06 5034
10.5 3.962247874746186e-08 5.781929208925213e-06 5714
11 3.168846639248406e-08 4.884626267352832e-06 5982
11.5 2.727503325589992e-08 4.621929688131346e-06 6602
12 2.262534766989804e-08 4.060631067977399e-06 7130
12.5 1.910054292999732e-08 3.391248100215919e-06 8034
13 1.508817065659071e-08 3.017611076639615e-06 8606
13.5 1.161357110970896e-08 2.454912879100424e-06 9066
14 9.592457164627781e-09 2.094192246299612e-06 9962
14.5 7.207673558869079e-09 1.68473040000851e-06 10550
15 5.515565099584338e-09 1.320114509387693e-06 11226
15.5 4.190576284532614e-09 1.06272706417717e-06 12146
16 3.087120494745346e-09 8.235187601620388e-07 12606
16.5 2.305050843935781e-09 6.463362533256595e-07 13802
17 1.637466422632582e-09 4.84221517223146e-07 14754
17.5 1.127496461494893e-09 3.482697504081538e-07 15194
18 8.335839411893041e-10 2.66829246428521e-07 16454
18.5 5.589236158229589e-10 1.876646295838206e-07 17154
19 3.960443268995223e-10 1.351705074839609e-07 18266
19.5 2.621695050613179e-10 9.559045356900375e-08 18750
20 1.790442680543904e-10 6.940708450302818e-08 20234
20.5 1.215545960051309e-10 4.825913185781343e-08 21450
21 7.968967186744098e-11 3.20591653238226e-08 21962
21.5 5.502165843845414e-11 2.248634930823163e-08 23462
22 3.452632059550767e-11 1.492191383385279e-08 24042
22.5 2.368280816102511e-11 1.065419559703942e-08 25946
23 1.445413746389973e-11 6.902183162740016e-09 26118
23.5 9.907594972434847e-12 4.748519057565356e-09 27506
24 6.531244748372652e-12 3.233193740625675e-09 29066
24.5 4.291927589282716e-12 2.150606180766181e-09 30450
25 2.788379846726476e-12 1.457477229981532e-09 31742
25.5 1.826020019841385e-12 9.783731594357073e-10 32250
26 1.252738628185134e-12 6.720411096346549e-10 34250
26.5 8.26937973966358e-13 4.573130054955371e-10 35454
27 5.556837388341117e-13 3.126896362988857e-10 36434
27.5 3.774636032447156e-13 2.16426757300313e-10 37682
28 2.704259231865646e-13 1.556414581861621e-10 39294
28.5 1.945451637831851e-13 1.129315781623526e-10 41426
29 1.37378420449295e-13 8.15426352320587e-11 42066
29.5 1.002332277481583e-13 6.018060099259721e-11 43490
30 7.422465597812421e-14 4.579731496485801e-11 45702
30.5 5.656113303448671e-14 3.478634954707336e-11 46634
31 4.527103384051115e-14 2.738659586373637e-11 48554
31.5 3.483304994430401e-14 2.137204260131588e-11 48870
32 2.762963463130893e-14 1.743872152444711e-11 50963
32.5 2.062255951705802e-14 1.35683826800688e-11 51576
33 1.456290056014961e-14 9.839549147235906e-12 49316
33.5 1.103282772363708e-14 7.352711713602063e-12 49344
34 7.701069630035041e-15 5.417677437493264e-12 47192
34.5 5.738377340231785e-15 4.196766216078964e-12 47576
35 4.018909862791217e-15 3.033476909167314e-12 45348
35.5 2.850287753522758e-15 2.196906024320934e-12 44060
36 2.103340536357049e-15 1.623031780852503e-12 43872
36.5 1.439149655318608e-15 1.135287794141708e-12 41756
37 9.981302344886683e-16 8.031103496981786e-13 41528
37.5 6.823642516712809e-16 5.50890590715734e-13 39300
38 4.459038964713772e-16 3.785344671496536e-13 38276
38.5 2.886620262610911e-16 2.478458848034151e-13 36900
39 1.831297367686935e-16 1.610755622741258e-13 34724
39.5 1.240381018182283e-16 1.090160639233911e-13 33960
40 8.449930606792192e-17 7.536493547650174e-14 32144
40.5 5.685810446462543e-17 5.255076796961983e-14 30704
41 3.924356457738337e-17 3.667192184341079e-14 28896
41.5 2.587776177641324e-17 2.386530343335529e-14 26924
42 1.764992835732929e-17 1.633047695762966e-14 25656
42.5 1.130628330247444e-17 1.096567083435352e-14 23228
43 8.233842765869397e-18 7.815087372049529e-15 21816
43.5 5.232694852741861e-18 5.167302411766159e-15 19472
44 3.739110361067855e-18 3.668470239020522e-15 17696
44.5 2.479816502686147e-18 2.497878559524288e-15 15588
45 1.562547537813669e-18 1.709444329980818e-15 13760
45.5 9.575853173192939e-19 1.038613297310141e-15 11565
46 5.968046676855515e-19 6.503892297796326e-16 10016
46.5 3.596789475199042e-19 4.008217935688369e-16 8652
47 2.242460172065957e-19 2.54825218124401e-16 7652
47.5 1.322457811453863e-19 1.531874889343188e-16 6542
48 8.50232441574356e-20 9.600663403698489e-17 5478
48.5 5.106771732142819e-20 5.869051022503147e-17 4886
49 2.807546973370514e-20 3.480280582557991e-17 4068
49.5 1.617715426066167e-20 1.921732433571613e-17 3326
50 9.880390383794734e-21 1.19303310107483e-17 2696
50.5 6.260631574897909e-21 7.714196366495699e-18 2304
51 3.730193364967176e-21 4.658560247278686e-18 1934
51.5 1.917902752799438e-21 2.506290813850131e-18 1344
52 1.032884739976392e-21 1.26987726955552e-18 848
52.5 5.662611296671529e-22 7.420842738964059e-19 888
53 2.431210368912583e-22 2.847054900400528e-19 584
53.5 1.233104832285228e-22 1.227929203931118e-19 344
54 2.903356692764955e-23 2.673876623178077e-20 102
54.5 2.587597737868672e-23 1.909725296543488e-20 104
55 5.488602472283882e-24 5.164304708776056e-21 24
55.5 4.576819634390026e-26 1.470191122659272e-22 1

0.5 6.081565964372441e-09 2.713905464897153e-08 18
1 3.227880905221653e-08 1.819430548983905e-07 62
1.5 4.73399116846525e-08 3.697504744528079e-07 98
2 1.099468459013364e-07 6.394963844450659e-07 210
2.5 1.866940029970667e-07 1.444747229814261e-06 350
3 2.234568950099391e-07 2.028747572733699e-06 450
3.5 2.220538650399142e-07 2.58541892861747e-06 602
4 1.937805701969659e-07 3.607193532855456e-06 762
4.5 2.43215310469403e-07 4.80043178693088e-06 1142
5 2.095608546586302e-07 5.204677676088128e-06 1250
5.5 1.726118657895487e-07 5.227512368777807e-06 1458
6 1.589177120287225e-07 5.65456770365406e-06 1814
6.5 1.428792584582399e-07 5.990357924020053e-06 2178
7 1.279719952329715e-07 6.056246671383787e-06 2498
7.5 1.015414647472587e-07 6.021697181544147e-06 2622
8 9.697989687610466e-08 6.334635270358609e-06 3338
8.5 8.866773480772549e-08 6.154270033389583e-06 3722
9 7.286165088311465e-08 5.863244990558482e-06 4170
9.5 6.174500997319342e-08 5.452871133396371e-06 4358
10 5.469143728047015e-08 5.260158342089506e-06 5034
10.5 4.791938661000219e-08 5.117986256952552e-06 5714
11 3.795005891515351e-08 4.333772212376837e-06 5982
11.5 3.256993943920989e-08 4.024269814014056e-06 6602
12 2.653529784861361e-08 3.70640580409907e-06 7130
12.5 2.27207717457484e-08 3.269372771026878e-06 8034
13 1.8172858421988e-08 2.792666080483148e-06 8606
13.5 1.380710365670923e-08 2.352502956962646e-06 9066
14 1.129630192920287e-08 2.035430738503927e-06 9962
14.5 8.820842640846393e-09 1.671834256436413e-06 10550
15 6.356701351842577e-09 1.348941361714434e-06 11226
15.5 5.021488370907938e-09 1.088001739128779e-06 12146
16 3.723484807666772e-09 8.248343193407804e-07 12606
16.5 2.701473283045259e-09 6.600124128938121e-07 13802
17 1.964396159950824e-09 4.882112772614476e-07 14754
17.5 1.367155909939227e-09 3.547974030380226e-07 15194
18 9.826401655086262e-10 2.753729034595954e-07 16454
18.5 6.666581233668526e-10 1.945562513755244e-07 17154
19 4.633735277689028e-10 1.410755599449043e-07 18266
19.5 3.110965350561633e-10 9.86821539965722e-08 18750
20 2.115678098864742e-10 7.337799180606488e-08 20234
20.5 1.447102836948702e-10 4.920439324385458e-08 21450
21 9.370902907480806e-11 3.351298619994066e-08 21962
21.5 6.268462229437093e-11 2.350326703971174e-08 23462
22 4.093646090717947e-11 1.586272357013583e-08 24042
22.5 2.704195510781644e-11 1.107847773095111e-08 25946
23 1.671980313387794e-11 7.009173119186998e-09 26118
23.5 1.117640232336047e-11 4.881303856682298e-09 27506
24 7.517462247289953e-12 3.310463913131553e-09 29066
24.5 4.87963157363203e-12 2.22026460405092e-09 30450
25 3.144022499675527e-12 1.511549448177292e-09 31742
25.5 2.058311591212354e-12 9.937914210934499e-10 32250
26 1.394146161057648e-12 6.888564345204013e-10 34250
26.5 9.469471266675594e-13 4.748453224078132e-10 35454
27 6.355219694888957e-13 3.239848393841724e-10 36434
27.5 4.197943852140861e-13 2.245584281717438e-10 37682
28 3.002391792339805e-13 1.596420638506119e-10 39294
28.5 2.126149756454693e-13 1.172736145218164e-10 41426
29 1.527267404848376e-13 8.451368221640677e-11 42066
29.5 1.121997361958075e-13 6.180361645084798e-11 43490
30 8.39997493237379e-14 4.724597487481486e-11 45702
30.5 6.223032803914459e-14 3.594334240058382e-11 46634
31 4.86075131069049e-14 2.813983771599971e-11 48554
31.5 3.781904735717486e-14 2.169545363047328e-11 48870
32 3.020795208954641e-14 1.772348585369465e-11 50963
32.5 2.25120697376587e-14 1.355681022284482e-11 51576
33 1.550241928107383e-14 9.642223636843655e-12 49316
33.5 1.154226488934678e-14 7.355150747620455e-12 49344
34 8.157477948240345e-15 5.451712291134151e-12 47192
34.5 6.132700194913904e-15 4.075443195966319e-12 47576
35 4.223932431113992e-15 2.965139943050901e-12 45348
35.5 2.995071620148512e-15 2.14435799500825e-12 44060
36 2.181699855773751e-15 1.628276261328662e-12 43872
36.5 1.510590347054184e-15 1.126033925055618e-12 41756
37 1.088512075334521e-15 8.264455284960765e-13 41528
37.5 7.294203862556489e-16 5.739458964366047e-13 39300
38 5.03939900131659e-16 4.012015658760269e-13 38276
38.5 3.233373641459902e-16 2.672782646907223e-13 36900
39 2.069071905521115e-16 1.690855732151502e-13 34724
39.5 1.328428754631278e-16 1.136423896829607e-13 33960
40 8.942954401552516e-17 7.789457419210625e-14 32144
40.5 6.012048750576189e-17 5.136765531677404e-14 30704
41 4.079311674083609e-17 3.557439260838923e-14 28896
41.5 2.693187347026762e-17 2.436205992137886e-14 26924
42 1.875266248551644e-17 1.658176205218738e-14 25656
42.5 1.228265113410722e-17 1.115545078436212e-14 23228
43 8.715211421617715e-18 8.086023464903561e-15 21816
43.5 5.682626114962035e-18 5.190734159081893e-15 19472
44 4.009971567246098e-18 3.788665623931338e-15 17696
44.5 2.652615364637517e-18 2.58985833398369e-15 15588
45 1.706719771290702e-18 1.677265371867827e-15 13760
45.5 1.033861989492062e-18 1.042718947230891e-15 11565
46 6.591474238091151e-19 6.536163086487916e-16 10016
46.5 3.753165657038004e-19 4.124640480682941e-16 8652
47 2.420537521157387e-19 2.562651375640571e-16 7652
47.5 1.426852218176617e-19 1.585604231944124e-16 6542
48 8.901485780957893e-20 9.848416296962657e-17 5478
48.5 5.601612879236108e-20 6.307077872170465e-17 4886
49 3.166427756162565e-20 3.497833328837584e-17 4068
49.5 1.812980872041357e-20 2.107087743451585e-17 3326
50 1.028880106597946e-20 1.244300557907466e-17 2696
50.5 6.637621444699173e-21 8.016230347328039e-18 2304
51 4.432434699393733e-21 4.99066854163131e-18 1934
51.5 2.350052628214124e-21 2.557094490304816e-18 1344
52 1.328239807406672e-21 1.619559920549872e-18 848
52.5 6.210812575307238e-22 8.774708162195609e-19 888
53 2.560583644254867e-22 3.420427649450266e-19 584
53.5 1.124908872721646e-22 1.616885483190121e-19 344
54 2.359320841871007e-23 3.356645374593698e-20 102
54.5 1.950436192378768e-23 3.133008847928308e-20 104
55 5.552758933734317e-24 9.489890510313665e-21 24
55.5 3.132820284879473e-25 2.780522773265042e-22 1

0.5 7.145946607265878e-09 8.475683575046657e-08 18
1 2.96506376222153e-08 5.541246166597813e-07 62
1.5 3.876878158299919e-08 6.171450311809754e-07 98
2 7.479255738955262e-08 1.698301616813287e-06 210
2.5 9.911919412347797e-08 2.410782462276711e-06 350
3 1.010670226763643e-07 2.820099694737644e-06 450
3.5 1.326979571378991e-07 3.863894504363548e-06 602
4 1.487479626205302e-07 4.489971798370991e-06 762
4.5 1.722437969744207e-07 6.442356314053268e-06 1142
5 1.412243927619533e-07 5.884781143600583e-06 1250
5.5 1.359618853629489e-07 6.865289559990748e-06 1458
6 1.314708009116754e-07 7.454635118209751e-06 1814
6.5 1.094614819464203e-07 7.474702075126242e-06 2178
7 9.702358288087046e-08 6.989273521139443e-06 2498
7.5 8.572739451508616e-08 6.647243905545595e-06 2622
8 8.427534797893719e-08 7.362945316600947e-06 3338
8.5 7.131297969283796e-08 7.27561713930045e-06 3722
9 6.492483502557619e-08 6.925447796423914e-06 4170
9.5 5.274904141482908e-08 6.501755383609284e-06 4358
10 4.855962815755862e-08 6.135596376213883e-06 5034
10.5 4.311910896172102e-08 5.824100503332397e-06 5714
11 3.42783018312463e-08 5.223556921164162e-06 5982
11.5 2.980299364141332e-08 4.714291174370689e-06 6602
12 2.449172861185454e-08 4.201540195433566e-06 7130
12.5 2.188954370536643e-08 3.832540992593164e-06 8034
13 1.745062327586016e-08 3.385851773483458e-06 8606
13.5 1.393318403671389e-08 2.803559691196848e-06 9066
14 1.1544273727834e-08 2.373647305879797e-06 9962
14.5 8.939666665036903e-09 1.966073656294454e-06 10550
15 6.951258490269965e-09 1.619254707927446e-06 11226
15.5 5.327300329895594e-09 1.287901852443411e-06 12146
16 3.845575684276286e-09 9.975719700550234e-07 12606
16.5 2.975220347636413e-09 7.824514058472804e-07 13802
17 2.150441547386449e-09 6.148700300293728e-07 14754
17.5 1.502449030118093e-09 4.460708430566685e-07 15194
18 1.100338500452024e-09 3.392396832620379e-07 16454
18.5 7.469443826566722e-10 2.443397733673554e-07 17154
19 5.451384941177188e-10 1.814485814974525e-07 18266
19.5 3.707911483849391e-10 1.264586609297539e-07 18750
20 2.499143375568611e-10 9.274535425382183e-08 20234
20.5 1.739902521370998e-10 6.614471404323012e-08 21450
21 1.132302730024556e-10 4.340994831674734e-08 21962
21.5 7.655207722742791e-11 3.146982543279548e-08 23462
22 5.05483887354175e-11 2.126129687191951e-08 24042
22.5 3.430134312772653e-11 1.476415075081503e-08 25946
23 2.131693351658105e-11 9.716924895757435e-09 26118
23.5 1.440103295921406e-11 6.752936779814131e-09 27506
24 9.576045354364088e-12 4.527974755116882e-09 29066
24.5 6.32352966889747e-12 3.153103253669326e-09 30450
25 4.077937451502694e-12 2.125815299682733e-09 31742
25.5 2.639517368383029e-12 1.388315492318746e-09 32250
26 1.823288859627296e-12 9.553799242731626e-10 34250
26.5 1.221259502231337e-12 6.570810622078094e-10 35454
27 8.190857173968383e-13 4.508818494636892e-10 36434
27.5 5.500065761257136e-13 3.098223655110297e-10 37682
28 3.820267368672052e-13 2.210960610562714e-10 39294
28.5 2.731808545652027e-13 1.594743450620607e-10 41426
29 1.879840869999284e-13 1.12678395165498e-10 42066
29.5 1.372084245665018e-13 8.211447991681082e-11 43490
30 1.018976003340531e-13 6.212423718749636e-11 45702
30.5 7.484870200307962e-14 4.611348634056258e-11 46634
31 5.636770713687286e-14 3.496091524851759e-11 48554
31.5 4.374189897878011e-14 2.651475842505582e-11 48870
32 3.414315535042704e-14 2.13271332668417e-11 50963
32.5 2.521906229065556e-14 1.614136385334879e-11 51576
33 1.733656821475476e-14 1.124066521871416e-11 49316
33.5 1.244577460107798e-14 8.407388008255697e-12 49344
34 8.846520543694966e-15 6.185240812258987e-12 47192
34.5 6.523072566570856e-15 4.658966184242007e-12 47576
35 4.490685726989423e-15 3.257649249101214e-12 45348
35.5 3.147498396458578e-15 2.405886786155192e-12 44060
36 2.328412128546681e-15 1.778763919657671e-12 43872
36.5 1.563550779330073e-15 1.233024263885534e-12 41756
37 1.123797787523751e-15 8.82738600723095e-13 41528
37.5 7.537203402108648e-16 6.210578224140598e-13 39300
38 5.27654556186786e-16 4.287936755995463e-13 38276
38.5 3.526464683882831e-16 2.987869773049001e-13 36900
39 2.255887807121206e-16 1.953161806631969e-13 34724
39.5 1.457844929566658e-16 1.284396813298563e-13 33960
40 1.000339208179048e-16 8.77990391796302e-14 32144
40.5 6.524956189405885e-17 5.855726630776022e-14 30704
41 4.315653865326055e-17 3.937601427118828e-14 28896
41.5 2.878319344272073e-17 2.650745615570417e-14 26924
42 1.994354829613101e-17 1.835045969697079e-14 25656
42.5 1.330814820507305e-17 1.232386323229961e-14 23228
43 9.589186863602509e-18 9.019319287924608e-15 21816
43.5 6.079063300093767e-18 5.834377609630428e-15 19472
44 4.288414586552657e-18 4.222546989248741e-15 17696
44.5 2.875257294996809e-18 2.822504153979574e-15 15588
45 1.847625630385598e-18 1.854617932107003e-15 13760
45.5 1.110700661962181e-18 1.123203918716433e-15 11565
46 6.870697160933198e-19 7.11099086390811e-16 10016
46.5 4.12365510137386e-19 4.364835781123896e-16 8652
47 2.555616922817173e-19 2.82762624110764e-16 7652
47.5 1.557155287962952e-19 1.78207732020743e-16 6542
48 9.579233458073303e-20 1.066953736813736e-16 5478
48.5 6.231412044801449e-20 6.772342491618851e-17 4886
49 3.450976417101807e-20 4.211549848121201e-17 4068
49.5 2.082522129578929e-20 2.310001354999549e-17 3326
50 1.191414061414494e-20 1.438658405251748e-17 2696
50.5 7.167813926632161e-21 8.785112337783001e-18 2304
51 4.638606989490074e-21 5.883324078809604e-18 1934
51.5 2.428100275917522e-21 3.151641757096992e-18 1344
52 1.592874155085833e-21 1.90095312106974e-18 848
52.5 8.574806167611703e-22 1.125346707131822e-18 888
53 3.213219155788567e-22 4.143877527356021e-19 584
53.5 1.513660920045736e-22 1.91749628191391e-19 344
54 4.130120318470919e-23 4.135953241166043e-20 102
54.5 3.011311590327346e-23 4.126797725143698e-20 104
55 6.71764522558037e-24 1.635523221496296e-20 24
55.5 8.418800543026086e-27 2.676804968509697e-23 1

0.5 7.885947434228558e-09 3.397991103539089e-08 18
1 2.743349104484932e-08 2.273485849468605e-07 62
1.5 3.425796253526549e-08 3.832538167054112e-07 98
2 6.164612260814685e-08 1.128872896792061e-06 210
2.5 1.164746804723679e-07 2.017671709377975e-06 350
3 1.196880903343154e-07 2.256708920668659e-06 450
3.5 1.428778030840577e-07 2.901711165599866e-06 602
4 1.478105383034195e-07 3.759152985457211e-06 762
4.5 1.819292680336708e-07 5.260625875349895e-06 1142
5 1.549971309848361e-07 4.987685342960224e-06 1250
5.5 1.30308379738422e-07 5.352176335244597e-06 1458
6 1.252990335579505e-07 6.361058337021445e-06 1814
6.5 1.142005054238743e-07 6.473105649029814e-06 2178
7 1.026046494895014e-07 6.378668207584667e-06 2498
7.5 8.462675059172998e-08 5.863635032627574e-06 2622
8 8.565769082887931e-08 6.75264467104682e-06 3338
8.5 7.726286500376761e-08 6.879910581496447e-06 3722
9 6.85698129309369e-08 6.583568310711691e-06 4170
9.5 5.6828449518515e-08 5.928596607645572e-06 4358
10 5.415756888002476e-08 6.009065027273793e-06 5034
10.5 4.520051449107311e-08 5.657869025350389e-06 5714
11 3.801698069622268e-08 5.004813466172151e-06 5982
11.5 3.355371005583699e-08 4.733785561648535e-06 6602
12 2.790695939872521e-08 4.204987905004318e-06 7130
12.5 2.411048921606489e-08 3.907299987924522e-06 8034
13 1.96858863698229e-08 3.342528324348436e-06 8606
13.5 1.555654828928145e-08 2.855672550839076e-06 9066
14 1.278804688024348e-08 2.509299609342996e-06 9962
14.5 1.0007000453658e-08 2.079530688513444e-06 10550
15 7.601479670461842e-09 1.679267163872701e-06 11226
15.5 6.037555454757322e-09 1.3758861530699e-06 12146
16 4.31454811901557e-09 1.093678425465145e-06 12606
16.5 3.367966398349499e-09 8.680724672800473e-07 13802
17 2.469299625460955e-09 6.704859704126515e-07 14754
17.5 1.654623652906984e-09 4.876645572280066e-07 15194
18 1.248169147543965e-09 3.769787249461291e-07 16454
18.5 8.365883550303758e-10 2.655980021935371e-07 17154
19 6.134615297013812e-10 1.990995644063403e-07 18266
19.5 4.088089282699963e-10 1.379633841837905e-07 18750
20 2.877238401571826e-10 9.953274904006561e-08 20234
20.5 1.944961028719687e-10 7.098283556951824e-08 21450
21 1.252257772679477e-10 4.758460624311338e-08 21962
21.5 8.398495826176983e-11 3.339376427565704e-08 23462
22 5.493307737934375e-11 2.286631332127592e-08 24042
22.5 3.809779768153699e-11 1.619269447565585e-08 25946
23 2.335793786633586e-11 1.020554206465339e-08 26118
23.5 1.539522993624094e-11 7.044089765284107e-09 27506
24 1.037807179207783e-11 4.814886469685963e-09 29066
24.5 6.854585503272315e-12 3.331244681338171e-09 30450
25 4.507217838849701e-12 2.222870900210878e-09 31742
25.5 2.951988228230342e-12 1.499009270435886e-09 32250
26 2.016813504153724e-12 1.021353235937389e-09 34250
26.5 1.353106664666733e-12 7.139979446994056e-10 35454
27 9.020551182662304e-13 4.915491738367512e-10 36434
27.5 6.119327329870942e-13 3.336605235953523e-10 37682
28 4.350237166050224e-13 2.404823121068026e-10 39294
28.5 3.112653428649979e-13 1.734665317385396e-10 41426
29 2.155184577077861e-13 1.235585972774393e-10 42066
29.5 1.542072973423482e-13 9.003354821394488e-11 43490
30 1.159743183140772e-13 6.857044976204931e-11 45702
30.5 8.62293137578218e-14 5.048266144292786e-11 46634
31 6.503643384072005e-14 3.860334161223338e-11 48554
31.5 4.937840401627768e-14 2.931603237943904e-11 48870
32 3.918310969429639e-14 2.35205417120906e-11 50963
32.5 2.858303614022569e-14 1.758128570196395e-11 51576
33 1.929110627735719e-14 1.235828582979525e-11 49316
33.5 1.365283247635459e-14 9.187580210909525e-12 49344
34 9.609390394287556e-15 6.541173284717387e-12 47192
34.5 7.075054395969308e-15 4.939890990619636e-12 47576
35 4.827542858852196e-15 3.522552939756256e-12 45348
35.5 3.440767456469785e-15 2.555904849317954e-12 44060
36 2.439261737577951e-15 1.878933927176314e-12 43872
36.5 1.682697562561354e-15 1.29072637599313e-12 41756
37 1.1645012208755e-15 9.276875253142542e-13 41528
37.5 7.772039886444706e-16 6.339896762991309e-13 39300
38 5.494393857936957e-16 4.420467561012552e-13 38276
38.5 3.722002346256544e-16 3.137271664650576e-13 36900
39 2.517472825865426e-16 2.10244633111456e-13 34724
39.5 1.636896784768175e-16 1.402002030030425e-13 33960
40 1.099508092556639e-16 9.584375385395892e-14 32144
40.5 7.426166843621107e-17 6.47062321304843e-14 30704
41 4.830275769065264e-17 4.357314849276521e-14 28896
41.5 3.149461478741102e-17 2.89261265079682e-14 26924
42 2.197765507589328e-17 1.99606890397716e-14 25656
42.5 1.43117320513538e-17 1.339300668468692e-14 23228
43 1.021021241766521e-17 9.681124386383651e-15 21816
43.5 6.768642669050119e-18 6.588844651017454e-15 19472
44 4.688313186068267e-18 4.503792830548704e-15 17696
44.5 3.173139370726928e-18 3.108214841263974e-15 15588
45 2.09185706906416e-18 1.968313941821856e-15 13760
45.5 1.255927969696854e-18 1.260213724006288e-15 11565
46 7.239396031736383e-19 8.190323189096435e-16 10016
46.5 4.64348813299907e-19 4.81503388984843e-16 8652
47 2.791459231364001e-19 2.963102588983045e-16 7652
47.5 1.713508397201339e-19 1.887219793094869e-16 6542
48 1.093370585954713e-19 1.183000156763264e-16 5478
48.5 7.050711083584661e-20 7.810217499405139e-17 4886
49 3.961157245159006e-20 4.883881796073702e-17 4068
49.5 2.281707913255482e-20 2.610066365759166e-17 3326
50 1.348163751320539e-20 1.569290556620575e-17 2696
50.5 7.883971130445527e-21 9.673003469816641e-18 2304
51 5.177874357565599e-21 6.182104242631316e-18 1934
51.5 2.780828291180581e-21 3.367444813279252e-18 1344
52 1.840979293686754e-21 1.969105871065298e-18 848
52.5 1.213183689652952e-21 1.323768645098773e-18 888
53 4.805811682673378e-22 4.453603716946905e-19 584
53.5 1.714063670534647e-22 2.223417430420007e-19 344
54 4.505766654660937e-23 4.191466624435203e-20 102
54.5 4.655123577327719e-23 5.036414960586326e-20 104
55 1.696237134854458e-23 1.124332992617114e-20 24
55.5 1.828782612723584e-24 2.526326145619749e-22 1

0.5 1.470196296008301e-08 1.603583637820879e-08 18
1 7.992336648314267e-08 1.194343982273551e-07 62
1.5 6.008698108688788e-08 2.343341322548074e-07 98
2 9.384567164599403e-08 6.570485741936549e-07 210
2.5 1.349878987845482e-07 1.556004167474859e-06 350
3 1.20167866535666e-07 1.80415878098725e-06 450
3.5 1.415508189430159e-07 2.665534608452589e-06 602
4 1.686992005698416e-07 3.235540398951073e-06 762
4.5 1.826564057052874e-07 4.162462961189262e-06 1142
5 1.476668081540255e-07 4.496606036899314e-06 1250
5.5 1.346535313966977e-07 4.590625761737306e-06 1458
6 1.200003581714168e-07 5.027657632759939e-06 1814
6.5 1.105316916529844e-07 5.336890614668105e-06 2178
7 1.057411101941128e-07 5.555793557046582e-06 2498
7.5 8.513688079317947e-08 5.663246977531003e-06 2622
8 8.969442711192055e-08 5.930148712816984e-06 3338
8.5 7.971999715758608e-08 6.046412189204574e-06 3722
9 7.163052507542017e-08 5.856311158551391e-06 4170
9.5 5.713884470268001e-08 5.567313328474035e-06 4358
10 5.424104153342929e-08 5.346957932712079e-06 5034
10.5 4.820373142992201e-08 5.303174637492335e-06 5714
11 4.028599162182643e-08 4.878545650225025e-06 5982
11.5 3.441555396696728e-08 4.521789298895947e-06 6602
12 2.934202088038245e-08 4.054162513514669e-06 7130
12.5 2.555405966430118e-08 3.808736795336197e-06 8034
13 2.084744687584505e-08 3.282485128400636e-06 8606
13.5 1.643309887857073e-08 2.848520184809273e-06 9066
14 1.394069409053794e-08 2.424104426208824e-06 9962
14.5 1.047130433567878e-08 2.046891940915302e-06 10550
15 8.199832153473294e-09 1.739043384538583e-06 11226
15.5 6.26945387023439e-09 1.438706877579156e-06 12146
16 4.704988734303383e-09 1.12420358812851e-06 12606
16.5 3.673680414629703e-09 8.981198385386074e-07 13802
17 2.619773247514814e-09 6.794382759669678e-07 14754
17.5 1.851072482148018e-09 5.071771039764157e-07 15194
18 1.335438273976642e-09 3.845447761373466e-07 16454
18.5 9.287887805666259e-10 2.772408876224073e-07 17154
19 6.552151344313002e-10 2.027940648586068e-07 18266
19.5 4.446395830746519e-10 1.453403739623934e-07 18750
20 3.120237920216629e-10 1.066968663580174e-07 20234
20.5 2.126404787409262e-10 7.524705203790584e-08 21450
21 1.380647382031748e-10 5.106746458282119e-08 21962
21.5 9.287322386602283e-11 3.540576095182057e-08 23462
22 6.065833804073087e-11 2.362243457444986e-08 24042
22.5 4.121413256065258e-11 1.714421485753087e-08 25946
23 2.594274593764986e-11 1.088095010742631e-08 26118
23.5 1.715386959155449e-11 7.501297583549672e-09 27506
24 1.139348000612779e-11 5.168085195884971e-09 29066
24.5 7.765186805782697e-12 3.597152128635094e-09 30450
25 4.942783711222321e-12 2.376141684896956e-09 31742
25.5 3.280725531720549e-12 1.57471037731668e-09 32250
26 2.248877793338901e-12 1.114827584423834e-09 34250
26.5 1.502819462370579e-12 7.628445160764963e-10 35454
27 1.022214498343951e-12 5.433185014021886e-10 36434
27.5 6.829827887037967e-13 3.695836505147065e-10 37682
28 4.869520747050517e-13 2.629705553091265e-10 39294
28.5 3.449251542260368e-13 1.907143036422237e-10 41426
29 2.407363123359035e-13 1.341003627738591e-10 42066
29.5 1.719912186607254e-13 9.843115089374339e-11 43490
30 1.307843626856341e-13 7.499260340263303e-11 45702
30.5 9.665110676606577e-14 5.631376489018629e-11 46634
31 7.283947649008009e-14 4.238759409990045e-11 48554
31.5 5.60370070187961e-14 3.196700260814244e-11 48870
32 4.326471601688294e-14 2.566858227253833e-11 50963
32.5 3.1748285803279e-14 1.934137745497607e-11 51576
33 2.14707029347199e-14 1.353723785122187e-11 49316
33.5 1.52767978456149e-14 9.903358056697684e-12 49344
34 1.034665085136659e-14 7.029144026813056e-12 47192
34.5 7.811291959018352e-15 5.26434854521739e-12 47576
35 5.314984571243752e-15 3.736979698581704e-12 45348
35.5 3.790687171600102e-15 2.685251677797303e-12 44060
36 2.681036976101936e-15 1.96704848625737e-12 43872
36.5 1.822490774774097e-15 1.369894712002494e-12 41756
37 1.253266645719991e-15 9.694288456850937e-13 41528
37.5 8.486852824902625e-16 6.63563024508345e-13 39300
38 5.814744888292343e-16 4.646592385571781e-13 38276
38.5 3.894958606716868e-16 3.277765870558404e-13 36900
39 2.695128553657802e-16 2.245859518959805e-13 34724
39.5 1.792507040928863e-16 1.5255794308148e-13 33960
40 1.216207487174092e-16 1.049292968750268e-13 32144
40.5 8.39049769827243e-17 7.153049264570828e-14 30704
41 5.415379644346587e-17 4.773736153450948e-14 28896
41.5 3.484606941410162e-17 3.148195204546288e-14 26924
42 2.425103625975082e-17 2.181952807969042e-14 25656
42.5 1.566284099261684e-17 1.467415499712406e-14 23228
43 1.138712424076568e-17 1.050686191334274e-14 21816
43.5 7.5211081592805e-18 7.20917083444702e-15 19472
44 5.203873096026121e-18 4.925941254246179e-15 17696
44.5 3.495159935771199e-18 3.353301360124936e-15 15588
45 2.240786040259263e-18 2.186260135737858e-15 13760
45.5 1.35126008055642e-18 1.386367177695205e-15 11565
46 8.58265101122016e-19 8.578242809872401e-16 10016
46.5 4.973348854853588e-19 5.337648673077158e-16 8652
47 3.011012891774748e-19 3.348562090671771e-16 7652
47.5 1.852708286858579e-19 2.051771251123187e-16 6542
48 1.210396737968666e-19 1.27725267393469e-16 5478
48.5 8.124276611314428e-20 8.825479516429927e-17 4886
49 4.425822153419145e-20 5.354561791563265e-17 4068
49.5 2.544621095639232e-20 3.032010939893714e-17 3326
50 1.549829088150335e-20 1.803342614612107e-17 2696
50.5 9.682758721615349e-21 1.058606905067142e-17 2304
51 5.91481840446308e-21 6.851110146527391e-18 1934
51.5 3.109797682110406e-21 3.705447955473582e-18 1344
52 2.019478321279083e-21 2.136076456904798e-18 848
52.5 1.460300341585218e-21 1.62985073308279e-18 888
53 5.330419135785534e-22 6.3020989113695e-19 584
53.5 2.500520527940742e-22 2.810481138911858e-19 344
54 5.912916997694054e-23 5.463332163999215e-20 102
54.5 6.11138222843958e-23 8.678445249525793e-20 104
55 1.545720497851878e-23 1.227908419061542e-20 24
55.5 7.212149602907412e-25 4.809355903151935e-23 1

0.5 9.959633006507939e-09 5.757591010069753e-08 18
1 1.742641834269441e-08 2.119605737647609e-07 62
1.5 2.788795421565581e-08 6.636704990109386e-07 98
2 7.350228877291454e-08 1.416925977586024e-06 210
2.5 8.498246657223102e-08 2.12648236885168e-06 350
3 9.02747834455417e-08 2.456237287378289e-06 450
3.5 1.058306511528702e-07 2.988700848524095e-06 602
4 9.922671654373277e-08 3.893502773054929e-06 762
4.5 1.208748815108077e-07 5.119560491610484e-06 1142
5 1.120427361020261e-07 5.184329385637219e-06 1250
5.5 9.597981117666747e-08 5.543400909900664e-06 1458
6 9.517797169187784e-08 5.658305943511797e-06 1814
6.5 8.68692259540162e-08 6.120614314369307e-06 2178
7 8.015124087801361e-08 5.905750264640258e-06 2498
7.5 6.95922830696009e-08 5.848405293648722e-06 2622
8 7.40995003385638e-08 6.836603756633879e-06 3338
8.5 6.630000253284131e-08 6.705458609532406e-06 3722
9 6.3573140444571e-08 6.428272777492427e-06 4170
9.5 5.338291817013765e-08 6.047420676336438e-06 4358
10 4.907424339346664e-08 6.100593034455218e-06 5034
10.5 4.310124084635491e-08 6.137382338895009e-06 5714
11 3.667381638508684e-08 5.343020815751627e-06 5982
11.5 3.265230940469411e-08 5.138117088927014e-06 6602
12 2.727192165584294e-08 4.611237842922172e-06 7130
12.5 2.525220412225968e-08 4.199858736866436e-06 8034
13 2.033321694416136e-08 3.844619435999927e-06 8606
13.5 1.582492442653852e-08 3.253444622424884e-06 9066
14 1.371247390727643e-08 2.865017415714024e-06 9962
14.5 1.064406389986638e-08 2.358294562778227e-06 10550
15 8.422214813938293e-09 2.021801731656384e-06 11226
15.5 6.592556264204092e-09 1.66090134457033e-06 12146
16 5.007486817629984e-09 1.31329439485191e-06 12606
16.5 3.843440649939612e-09 1.071484714446738e-06 13802
17 2.881452925020529e-09 8.263131414830938e-07 14754
17.5 1.998844671309806e-09 6.111030426863785e-07 15194
18 1.499761151314424e-09 4.722192015524459e-07 16454
18.5 1.0374385845052e-09 3.421409391679844e-07 17154
19 7.582181324630624e-10 2.500626855115933e-07 18266
19.5 5.059767416060771e-10 1.81005835046187e-07 18750
20 3.503949870535018e-10 1.303729668036408e-07 20234
20.5 2.431628094936854e-10 9.437253640314698e-08 21450
21 1.625647570651068e-10 6.411139309230205e-08 21962
21.5 1.078451651177122e-10 4.46438370962623e-08 23462
22 7.033345938735483e-11 3.03688611776373e-08 24042
22.5 4.901048465282653e-11 2.160297021168515e-08 25946
23 2.995988855594526e-11 1.392261806433399e-08 26118
23.5 2.047844315223102e-11 9.507509927400718e-09 27506
24 1.334416939025842e-11 6.469460857968054e-09 29066
24.5 9.004581008525424e-12 4.502580276658049e-09 30450
25 5.965261277333838e-12 2.981459352337364e-09 31742
25.5 3.811504266138799e-12 1.993874138680169e-09 32250
26 2.617423797906179e-12 1.384101504371319e-09 34250
26.5 1.738702898643167e-12 9.642749068959309e-10 35454
27 1.201631535493064e-12 6.54564950520744e-10 36434
27.5 8.059437781743909e-13 4.636718837273084e-10 37682
28 5.787876137392791e-13 3.249929477237545e-10 39294
28.5 4.084115990021275e-13 2.382349032686378e-10 41426
29 2.81838448335809e-13 1.69017455877893e-10 42066
29.5 2.032399170497488e-13 1.215777759043158e-10 43490
30 1.516291819071417e-13 9.247524755951192e-11 45702
30.5 1.128898836053944e-13 6.86472505521571e-11 46634
31 8.51125861101577e-14 5.22533375722152e-11 48554
31.5 6.519277178987891e-14 3.922806992127621e-11 48870
32 5.059025715839923e-14 3.139010372391521e-11 50963
32.5 3.610480613756159e-14 2.334088988431402e-11 51576
33 2.49414926404517e-14 1.626881437041931e-11 49316
33.5 1.739619343345512e-14 1.192761505877862e-11 49344
34 1.182676063525306e-14 8.36650868410619e-12 47192
34.5 8.686817470678464e-15 6.205109719074124e-12 47576
35 5.91910988514947e-15 4.403858481431865e-12 45348
35.5 4.229293075348774e-15 3.164339560649807e-12 44060
36 3.003127905818856e-15 2.339438978235384e-12 43872
36.5 2.017359288673821e-15 1.599593106636503e-12 41756
37 1.399847146493066e-15 1.115993073426115e-12 41528
37.5 9.29866968312424e-16 7.686814896583725e-13 39300
38 6.380463643269103e-16 5.419122229538071e-13 38276
38.5 4.338066568993025e-16 3.715132092440822e-13 36900
39 2.996463618521419e-16 2.526103234455709e-13 34724
39.5 2.02788458944843e-16 1.759442055431857e-13 33960
40 1.3578573668709e-16 1.229492347270329e-13 32144
40.5 9.433783651336558e-17 8.406780733314501e-14 30704
41 6.257284012237647e-17 5.678314572357789e-14 28896
41.5 3.957761164796863e-17 3.775935506324221e-14 26924
42 2.783688093196122e-17 2.6337374301388e-14 25656
42.5 1.838871294620684e-17 1.731722793702515e-14 23228
43 1.289775110317814e-17 1.244278181778766e-14 21816
43.5 8.448867530965529e-18 8.326744033445036e-15 19472
44 5.864527503278646e-18 5.763682876857091e-15 17696
44.5 3.918222829040657e-18 4.002453030368832e-15 15588
45 2.473381919486023e-18 2.545947777779183e-15 13760
45.5 1.524101913710478e-18 1.557832759539519e-15 11565
46 9.59977843016505e-19 9.964953636182371e-16 10016
46.5 5.772160828167967e-19 6.226669733702262e-16 8652
47 3.606803986398476e-19 3.927299585510542e-16 7652
47.5 2.241870538731684e-19 2.358153761096947e-16 6542
48 1.351876541717691e-19 1.577836797179379e-16 5478
48.5 8.853739199275177e-20 1.057674989187864e-16 4886
49 5.453831807354665e-20 6.137194228989442e-17 4068
49.5 3.080719132101662e-20 3.480331724795084e-17 3326
50 1.931000017683291e-20 2.154015376455091e-17 2696
50.5 1.090484981971251e-20 1.308285867988366e-17 2304
51 6.711680752127141e-21 8.583604167411299e-18 1934
51.5 3.774960511906869e-21 4.537233901229521e-18 1344
52 2.147471907664131e-21 2.737950768874761e-18 848
52.5 1.578249915015456e-21 1.914895532339721e-18 888
53 7.069989633520154e-22 8.677877633578687e-19 584
53.5 3.23821969721721e-22 4.599838734365652e-19 344
54 5.97896296554304e-23 1.086568350489776e-19 102
54.5 7.462910910812651e-23 1.051361503046345e-19 104
55 1.893221796825827e-23 1.246340639761476e-20 24
55.5 9.457709299665776e-27 3.45510271738365e-23 1

0.5 1.314394499791321e-08 1.466762369792039e-08 18
1 3.21990524544366e-08 9.225296829587492e-08 62
1.5 3.665311703184058e-08 2.759698456600812e-07 98
2 9.646228110327197e-08 5.323683616270038e-07 210
2.5 1.186332364270727e-07 1.166315363340856e-06 350
3 1.485410824209323e-07 1.241795268352938e-06 450
3.5 1.364934507421501e-07 2.039379746370022e-06 602
4 1.291211996667901e-07 2.324329471332688e-06 762
4.5 1.672776680173097e-07 3.70793186142252e-06 1142
5 1.295348261593244e-07 3.290715224816845e-06 1250
5.5 1.218472844636517e-07 3.707498372966253e-06 1458
6 1.17890026534595e-07 4.112796765028056e-06 1814
6.5 1.012723122411708e-07 4.740100098939785e-06 2178
7 9.686124385061415e-08 4.655482497952211e-06 2498
7.5 7.679610505292321e-08 4.627046790349625e-06 2622
8 8.345271585470696e-08 5.422884812254384e-06 3338
8.5 7.639816073467002e-08 5.309428050140588e-06 3722
9 6.932913727305873e-08 5.578114004856571e-06 4170
9.5 5.623288167342905e-08 5.221981903680709e-06 4358
10 5.394433577000324e-08 5.417236323763161e-06 5034
10.5 4.92208238064864e-08 5.267841423584047e-06 5714
11 4.081929234354136e-08 4.745975684338925e-06 5982
11.5 3.550207263267339e-08 4.585075731774815e-06 6602
12 3.045295354906553e-08 4.223263859163173e-06 7130
12.5 2.610354878852408e-08 3.88916907737627e-06 8034
13 2.239020015107994e-08 3.421624259121946e-06 8606
13.5 1.809443190289277e-08 3.022314461041079e-06 9066
14 1.486561048107074e-08 2.653723835147045e-06 9962
14.5 1.175869150151305e-08 2.287209853142429e-06 10550
15 9.240803968696839e-09 1.863738985295092e-06 11226
15.5 7.448919080165604e-09 1.58007911471342e-06 12146
16 5.420843790964387e-09 1.219452980103987e-06 12606
16.5 4.229107180096668e-09 1.041630813321002e-06 13802
17 3.13241953664058e-09 7.946013222319769e-07 14754
17.5 2.223372152228817e-09 5.891659950186319e-07 15194
18 1.640991691942029e-09 4.540974027470828e-07 16454
18.5 1.147687920697732e-09 3.268232250859644e-07 17154
19 8.213462870759087e-10 2.481795818190578e-07 18266
19.5 5.400843876368732e-10 1.798921586459021e-07 18750
20 3.853947930019654e-10 1.293019290329253e-07 20234
20.5 2.636365048590187e-10 9.284771275365844e-08 21450
21 1.702952290006262e-10 6.354483901783591e-08 21962
21.5 1.18210322109826e-10 4.46408974256301e-08 23462
22 7.622568500221451e-11 3.028059503375157e-08 24042
22.5 5.181458894672459e-11 2.143924884955253e-08 25946
23 3.224451322158093e-11 1.369664334904034e-08 26118
23.5 2.153900554298432e-11 9.539205891035317e-09 27506
24 1.440907974097552e-11 6.483413141489163e-09 29066
24.5 9.710411704136811e-12 4.413880217403085e-09 30450
25 6.286211611650502e-12 2.944945679418167e-09 31742
25.5 4.141279336903862e-12 2.006203153261556e-09 32250
26 2.7869843930835e-12 1.407499926975485e-09 34250
26.5 1.886259778829932e-12 9.507652936482959e-10 35454
27 1.265086884910954e-12 6.617992230990069e-10 36434
27.5 8.781400503073033e-13 4.649149293614898e-10 37682
28 6.190955966170069e-13 3.341741554864334e-10 39294
28.5 4.424793523904051e-13 2.436792982996197e-10 41426
29 3.069554698616679e-13 1.718207847197207e-10 42066
29.5 2.243597932157656e-13 1.242034785612472e-10 43490
30 1.671821126435044e-13 9.450493292903452e-11 45702
30.5 1.249469835263481e-13 7.124560972358232e-11 46634
31 9.417573209251727e-14 5.497393767547398e-11 48554
31.5 7.20509421197669e-14 4.133602985628523e-11 48870
32 5.636157189925003e-14 3.260399695288066e-11 50963
32.5 4.137852469816092e-14 2.450626739839921e-11 51576
33 2.7558186976296e-14 1.714797059214057e-11 49316
33.5 1.931792352463817e-14 1.251603070723395e-11 49344
34 1.325965947009877e-14 8.833243795646772e-12 47192
34.5 9.598077891608481e-15 6.522482295184596e-12 47576
35 6.574557486912878e-15 4.565150426708114e-12 45348
35.5 4.654957721611722e-15 3.307643705035024e-12 44060
36 3.317111296594359e-15 2.430269359548014e-12 43872
36.5 2.248932727946741e-15 1.709025929911694e-12 41756
37 1.552109732958862e-15 1.200656384935529e-12 41528
37.5 1.029850390720377e-15 8.192858675580617e-13 39300
38 7.265368261364152e-16 5.690273912955234e-13 38276
38.5 4.913454086256438e-16 3.972887765900719e-13 36900
39 3.27069176940884e-16 2.750007863467613e-13 34724
39.5 2.264722869353875e-16 1.923601677600948e-13 33960
40 1.551778709353399e-16 1.325764374776755e-13 32144
40.5 1.053655388504037e-16 9.001533767282218e-14 30704
41 6.981463195021376e-17 6.210672810620786e-14 28896
41.5 4.618106856005025e-17 4.155550183545105e-14 26924
42 3.197478131725955e-17 2.86540873870435e-14 25656
42.5 2.090276306577067e-17 1.960028178217097e-14 23228
43 1.45230457190345e-17 1.394137189101015e-14 21816
43.5 9.682939858561303e-18 9.124548804180841e-15 19472
44 6.899960231961443e-18 6.430181144927764e-15 17696
44.5 4.438176815807744e-18 4.33442850202135e-15 15588
45 2.790040051559727e-18 2.784696828812902e-15 13760
45.5 1.685798287131197e-18 1.686818303037511e-15 11565
46 1.064649086521e-18 1.107883871514681e-15 10016
46.5 6.673739441042005e-19 7.016391112500756e-16 8652
47 4.232336418558004e-19 4.326240816366021e-16 7652
47.5 2.612187126311049e-19 2.734056185894934e-16 6542
48 1.60114588479942e-19 1.773857990839127e-16 5478
48.5 1.045303808388835e-19 1.130443342203864e-16 4886
49 5.843559897398548e-20 7.121729964459756e-17 4068
49.5 3.750583024199154e-20 4.319272909942441e-17 3326
50 2.178424733860043e-20 2.514076012405824e-17 2696
50.5 1.304816759966871e-20 1.558021534498557e-17 2304
51 8.145242345689036e-21 1.022438168637558e-17 1934
51.5 4.474253789632884e-21 5.506005990359389e-18 1344
52 2.548006935155512e-21 3.05836316683284e-18 848
52.5 1.949636784355596e-21 2.373509197671041e-18 888
53 9.96601062697604e-22 9.892148130685169e-19 584
53.5 4.958261871976399e-22 4.648720798750295e-19 344
54 1.105672388200266e-22 1.027203097077011e-19 102
54.5 9.900413404594281e-23 1.33951011101198e-19 104
55 1.951460667422695e-23 4.507356625881017e-20 24
55.5 3.620387509575027e-26 2.884945324830026e-22 1

0.5 5.75585196089698e-09 3.039550782850569e-08 18
1 4.238545276885305e-08 1.43542196937479e-07 62
1.5 3.217308163018058e-08 3.304601295371858e-07 98
2 5.675577360185882e-08 8.616945773728472e-07 210
2.5 8.04821374078725e-08 1.737926294405365e-06 350
3 8.323343269732797e-08 1.916602948398181e-06 450
3.5 9.744769910102806e-08 2.535347363615486e-06 602
4 1.115905943070785e-07 2.861135127762501e-06 762
4.5 1.228718848431454e-07 4.188494449273981e-06 1142
5 1.051717168448112e-07 3.972281226752892e-06 1250
5.5 8.939032141091233e-08 4.288641404907629e-06 1458
6 8.914521715044883e-08 4.876366819846682e-06 1814
6.5 8.797568942505183e-08 4.987308420281888e-06 2178
7 7.918790215823921e-08 4.903959721466103e-06 2498
7.5 6.593646342087217e-08 5.248657665431713e-06 2622
8 7.248108121513486e-08 5.609088569264849e-06 3338
8.5 6.40528410415689e-08 5.858272322967052e-06 3722
9 5.814166220428507e-08 6.129910178394086e-06 4170
9.5 5.032356263338696e-08 5.383936311409238e-06 4358
10 4.827842442353478e-08 5.670669209310938e-06 5034
10.5 4.455250420997363e-08 5.632759256877259e-06 5714
11 3.710392911588573e-08 5.051019933344617e-06 5982
11.5 3.33647724789439e-08 4.937774461463066e-06 6602
12 2.840511568706824e-08 4.40976068578146e-06 7130
12.5 2.481546790101695e-08 4.220774593019999e-06 8034
13 2.087922503496492e-08 3.739211315598218e-06 8606
13.5 1.713972102683965e-08 3.149734834461641e-06 9066
14 1.452495443170663e-08 2.871993749873079e-06 9962
14.5 1.147207631215419e-08 2.411409326133868e-06 10550
15 9.164101878693738e-09 2.042754294715782e-06 11226
15.5 7.110498018195345e-09 1.714563233986094e-06 12146
16 5.41286152888471e-09 1.376522323019739e-06 12606
16.5 4.271657857930495e-09 1.11656809130903e-06 13802
17 3.161984386108911e-09 8.79804120184383e-07 14754
17.5 2.291703576381914e-09 6.570412691641274e-07 15194
18 1.686788156383175e-09 5.084976385320619e-07 16454
18.5 1.189412185890397e-09 3.621556572130978e-07 17154
19 8.516933073992438e-10 2.778905322268499e-07 18266
19.5 5.759778748977234e-10 1.982988454537611e-07 18750
20 4.120404530489174e-10 1.474007563748064e-07 20234
20.5 2.765377605633618e-10 1.05833038700646e-07 21450
21 1.864431287653978e-10 7.215515493908354e-08 21962
21.5 1.279089812342237e-10 5.141962647495935e-08 23462
22 8.380108464183099e-11 3.514462197484752e-08 24042
22.5 5.823543355162262e-11 2.492074930662998e-08 25946
23 3.709743760683085e-11 1.616873930860305e-08 26118
23.5 2.479784350014621e-11 1.129573937427361e-08 27506
24 1.657665799220133e-11 7.953384475948922e-09 29066
24.5 1.130292029695347e-11 5.435687631116231e-09 30450
25 7.328439797512965e-12 3.651817326438914e-09 31742
25.5 4.861895788014456e-12 2.454053416389401e-09 32250
26 3.315802640812756e-12 1.72171763826375e-09 34250
26.5 2.225208825503199e-12 1.216439072861002e-09 35454
27 1.507585010642295e-12 8.233854545173212e-10 36434
27.5 1.039295975478701e-12 5.725409779596914e-10 37682
28 7.454132666979564e-13 4.112832063911137e-10 39294
28.5 5.183104426915137e-13 3.013386001473588e-10 41426
29 3.633927199575364e-13 2.093696123600212e-10 42066
29.5 2.642622913451024e-13 1.548236349587776e-10 43490
30 1.926269347401168e-13 1.155971309311144e-10 45702
30.5 1.440535777875581e-13 8.7452603596731e-11 46634
31 1.102868130567327e-13 6.626984224595141e-11 48554
31.5 8.285994229774665e-14 4.935407651797512e-11 48870
32 6.471345753016446e-14 3.961392146640971e-11 50963
32.5 4.750785738409134e-14 2.957136984231394e-11 51576
33 3.151795333983659e-14 2.025234197528009e-11 49316
33.5 2.212915327810545e-14 1.482599422447442e-11 49344
34 1.502409405655053e-14 1.040455574458061e-11 47192
34.5 1.09653133657111e-14 7.702332358642044e-12 47576
35 7.513195605451939e-15 5.396543230368184e-12 45348
35.5 5.243288147677928e-15 3.846879377511561e-12 44060
36 3.733757144768755e-15 2.838793546964643e-12 43872
36.5 2.561512982070074e-15 1.965258754729493e-12 41756
37 1.777315203884218e-15 1.398248802517799e-12 41528
37.5 1.185376749486884e-15 9.714590084038897e-13 39300
38 8.200455051891493e-16 6.789901930955635e-13 38276
38.5 5.637853212633684e-16 4.749908615285582e-13 36900
39 3.808395962962577e-16 3.250054095883932e-13 34724
39.5 2.656383741976014e-16 2.256651460080365e-13 33960
40 1.782760716430203e-16 1.557277250545644e-13 32144
40.5 1.208028101260526e-16 1.08051854939357e-13 30704
41 8.117893909969282e-17 7.314663526582674e-14 28896
41.5 5.40010995771163e-17 4.922024383257496e-14 26924
42 3.802922024405525e-17 3.457202496027949e-14 25656
42.5 2.461040831939072e-17 2.297447317157907e-14 23228
43 1.721695449453681e-17 1.645225114535387e-14 21816
43.5 1.125014691563068e-17 1.099131493622639e-14 19472
44 7.93849966939795e-18 7.56342375312057e-15 17696
44.5 5.265164066424378e-18 5.204898839179745e-15 15588
45 3.232778432092016e-18 3.315277283578943e-15 13760
45.5 1.950831168531264e-18 2.013120526983507e-15 11565
46 1.19322983257969e-18 1.291027798132847e-15 10016
46.5 7.670626681943306e-19 8.33595077254282e-16 8652
47 4.727646007923633e-19 5.273540281618069e-16 7652
47.5 2.971190071208505e-19 3.444511944532636e-16 6542
48 1.91519088156164e-19 2.099493695112292e-16 5478
48.5 1.232433965902342e-19 1.325837305847347e-16 4886
49 7.167820494376671e-20 8.489610012116039e-17 4068
49.5 4.373785018886684e-20 5.158011435456931e-17 3326
50 2.6991442431012e-20 3.122326558973299e-17 2696
50.5 1.585120017377666e-20 1.929827199296636e-17 2304
51 1.045228473065031e-20 1.23271197732128e-17 1934
51.5 5.448039909481086e-21 6.189606390062017e-18 1344
52 3.06862554345952e-21 3.700927057583375e-18 848
52.5 2.415749312881565e-21 2.855840741030192e-18 888
53 1.225637265863714e-21 1.519853358920156e-18 584
53.5 4.85138073962647e-22 6.544000471629096e-19 344
54 1.061740493405236e-22 2.014386483254527e-19 102
54.5 1.083902956094392e-22 1.646307952858729e-19 104
55 3.535337735034295e-23 4.081326861121521e-20 24
55.5 2.559241949138302e-24 2.064879872125875e-21 1

0.5 6.088010649031296e-09 7.236886446937308e-08 18
1 2.29194001684317e-08 2.285468965587047e-07 62
1.5 2.862779945964317e-08 3.738972880105443e-07 98
2 5.431918887626975e-08 7.835278640088134e-07 210
2.5 6.497681201503332e-08 1.494514746309515e-06 350
3 8.079232463681371e-08 1.724039706577495e-06 450
3.5 8.286611893927642e-08 2.226661225001871e-06 602
4 9.997455114835862e-08 3.168514200408875e-06 762
4.5 1.081832349085067e-07 3.789160372246039e-06 1142
5 8.940943112957622e-08 4.089492846647182e-06 1250
5.5 8.929725691424747e-08 4.083217842835786e-06 1458
6 8.998003777340018e-08 4.618404099399152e-06 1814
6.5 8.172406125346323e-08 4.965387677631724e-06 2178
7 7.161626325214066e-08 4.967347360449771e-06 2498
7.5 6.637011899099014e-08 4.858551315218951e-06 2622
8 6.657209046014802e-08 5.585976147825481e-06 3338
8.5 6.154670157974453e-08 5.799500327191033e-06 3722
9 5.711696127266927e-08 5.970661887577747e-06 4170
9.5 4.993844322180445e-08 5.39994333679535e-06 4358
10 4.848930814354658e-08 5.61490804464942e-06 5034
10.5 4.295486864992235e-08 5.713538249199919e-06 5714
11 3.712259534313578e-08 5.067101587223592e-06 5982
11.5 3.274404954879048e-08 4.853739765675093e-06 6602
12 2.955306626582561e-08 4.493156268574408e-06 7130
12.5 2.619932507557003e-08 4.245334830622569e-06 8034
13 2.161456891223412e-08 3.838925846603051e-06 8606
13.5 1.776718889234737e-08 3.291498494258608e-06 9066
14 1.490408440724006e-08 2.996027662067645e-06 9962
14.5 1.20401240231359e-08 2.47705482657237e-06 10550
15 9.588535729001351e-09 2.188581299766645e-06 11226
15.5 7.648607889782462e-09 1.788165676809279e-06 12146
16 5.809229610133004e-09 1.458724902315961e-06 12606
16.5 4.603488313717755e-09 1.189811066006103e-06 13802
17 3.4708762862707e-09 9.516229434975345e-07 14754
17.5 2.41405163621287e-09 6.935507406789388e-07 15194
18 1.809203947999229e-09 5.509354515950048e-07 16454
18.5 1.270611278387263e-09 4.016974994344276e-07 17154
19 9.05965149422689e-10 3.001429636619038e-07 18266
19.5 6.229706505214385e-10 2.165584910064162e-07 18750
20 4.430113967410382e-10 1.551159816926587e-07 20234
20.5 3.0241967842524e-10 1.146200673864541e-07 21450
21 1.961830623414462e-10 7.813244072285531e-08 21962
21.5 1.342557124142574e-10 5.610399890393146e-08 23462
22 8.92596546833326e-11 3.686283974778763e-08 24042
22.5 6.164805198634602e-11 2.636893487447373e-08 25946
23 3.877760542102188e-11 1.730895459282692e-08 26118
23.5 2.622921153113265e-11 1.196356124143159e-08 27506
24 1.758660495161213e-11 8.195685237803661e-09 29066
24.5 1.1871605261022e-11 5.707962725493357e-09 30450
25 7.785303860116058e-12 3.899051644708228e-09 31742
25.5 4.964970904535969e-12 2.605054857313348e-09 32250
26 3.545336864380278e-12 1.823422502982671e-09 34250
26.5 2.347014212254438e-12 1.299178085965206e-09 35454
27 1.613486271425095e-12 8.76287151363952e-10 36434
27.5 1.117215087073591e-12 6.203621069132546e-10 37682
28 7.838420815606264e-13 4.474574975856694e-10 39294
28.5 5.73350344933919e-13 3.274116175602212e-10 41426
29 4.014191414634154e-13 2.288980356616263e-10 42066
29.5 2.917409482722666e-13 1.698682324714591e-10 43490
30 2.181171183255189e-13 1.287493526049274e-10 45702
30.5 1.610162897190814e-13 9.559741495545335e-11 46634
31 1.223382238591713e-13 7.328234053232518e-11 48554
31.5 9.309540071895974e-14 5.577593044497171e-11 48870
32 7.236373527650618e-14 4.359461699384809e-11 50963
32.5 5.309026249482467e-14 3.309257303612676e-11 51576
33 3.549062445271527e-14 2.287696300054702e-11 49316
33.5 2.434619132675774e-14 1.658242117235199e-11 49344
34 1.685944635163149e-14 1.16347695037884e-11 47192
34.5 1.226227206462627e-14 8.560010650166739e-12 47576
35 8.378731512741483e-15 6.041913696642384e-12 45348
35.5 5.929670170705302e-15 4.282227122063596e-12 44060
36 4.168057920053822e-15 3.136866375381703e-12 43872
36.5 2.825554337608477e-15 2.170389452245598e-12 41756
37 1.977316812991793e-15 1.576954528387327e-12 41528
37.5 1.350149610242736e-15 1.089830990130896e-12 39300
38 9.404901978125362e-16 7.665459960517895e-13 38276
38.5 6.509104733714876e-16 5.413674566028177e-13 36900
39 4.390400879299065e-16 3.718555632692532e-13 34724
39.5 3.03164809792447e-16 2.615620189901388e-13 33960
40 2.03236309237039e-16 1.788850357818606e-13 32144
40.5 1.389876496446463e-16 1.255144897551126e-13 30704
41 9.521630523304784e-17 8.510095334293334e-14 28896
41.5 6.299887097768539e-17 5.807900583475756e-14 26924
42 4.327253308273233e-17 4.054104710262168e-14 25656
42.5 2.907684830675434e-17 2.710267810136196e-14 23228
43 2.036154035631526e-17 1.899355946231792e-14 21816
43.5 1.325084578345563e-17 1.278096090654442e-14 19472
44 9.081388644967262e-18 8.798582697985531e-15 17696
44.5 6.025296009200121e-18 5.992530440009954e-15 15588
45 3.798135541220391e-18 3.891960634246475e-15 13760
45.5 2.33441780952842e-18 2.297000849107175e-15 11565
46 1.399378297455585e-18 1.467259143865169e-15 10016
46.5 8.838264515473518e-19 9.629722430298362e-16 8652
47 5.755647432843777e-19 6.132326902938248e-16 7652
47.5 3.592052399625873e-19 3.964752418689668e-16 6542
48 2.271567245013807e-19 2.581291696529971e-16 5478
48.5 1.355620528462327e-19 1.608583260036844e-16 4886
49 8.856971972818246e-20 1.02261326878394e-16 4068
49.5 5.44101218022785e-20 6.053603683584276e-17 3326
50 3.218323689189771e-20 3.881543353628069e-17 2696
50.5 1.862358938941258e-20 2.303014978789077e-17 2304
51 1.294269496103242e-20 1.524876953776439e-17 1934
51.5 6.719528160641495e-21 8.516948597123735e-18 1344
52 3.517855807196433e-21 4.275640642285041e-18 848
52.5 3.126465712069615e-21 3.484407901683542e-18 888
53 1.518224381796378e-21 1.7591380091588e-18 584
53.5 7.021642076946386e-22 7.808853065719225e-19 344
54 2.254889930594575e-22 1.535106385558955e-19 102
54.5 1.419082155909726e-22 2.157780249992811e-19 104
55 2.8056248054365e-23 4.66111885308805e-20 24
55.5 7.412138548711572e-24 5.750346055847172e-23 1

0.5 9.429955832461902e-09 1.393573270308995e-08 18
1 5.329978332444896e-08 9.658367224374322e-08 62
1.5 4.908004465507363e-08 1.434943485968394e-07 98
2 1.018102598123784e-07 3.952630162427289e-07 210
2.5 1.297879396723295e-07 6.907066528513235e-07 350
3 1.094334673773256e-07 9.895420869656157e-07 450
3.5 1.186255168043693e-07 1.475044923273435e-06 602
4 1.270847885602197e-07 1.885664874119046e-06 762
4.5 1.391548082535063e-07 2.563259247890064e-06 1142
5 1.051045527114888e-07 2.85370529875372e-06 1250
5.5 9.792754689724347e-08 3.222539894017158e-06 1458
6 9.465052862506776e-08 3.563614622409145e-06 1814
6.5 9.550929415994356e-08 3.902946927099651e-06 2178
7 8.068316403611862e-08 3.838696019739385e-06 2498
7.5 7.046764460363828e-08 3.687222671200049e-06 2622
8 7.296877241816741e-08 4.879899728141385e-06 3338
8.5 6.857265017999794e-08 4.868458169652525e-06 3722
9 6.168671513909594e-08 4.872400361563752e-06 4170
9.5 5.454592940128996e-08 4.755082105044475e-06 4358
10 4.991698401288257e-08 4.984058334956823e-06 5034
10.5 4.539409166722592e-08 4.989302548495362e-06 5714
11 4.011777772621051e-08 4.499666130500247e-06 5982
11.5 3.593594134127342e-08 4.517696587420539e-06 6602
12 3.018122078480603e-08 4.170291333571411e-06 7130
12.5 2.69019751547593e-08 3.990686614746971e-06 8034
13 2.217664555485714e-08 3.555669101854903e-06 8606
13.5 1.82680035029078e-08 3.179158479427245e-06 9066
14 1.561540870051705e-08 2.870700180840984e-06 9962
14.5 1.248128820532546e-08 2.403065146161896e-06 10550
15 1.026055962279169e-08 2.023265889487159e-06 11226
15.5 7.850913661800266e-09 1.755039029188453e-06 12146
16 6.205807521876399e-09 1.408820522421989e-06 12606
16.5 4.733697461684614e-09 1.15966273765766e-06 13802
17 3.593503871692733e-09 9.212944090880554e-07 14754
17.5 2.581954599797895e-09 6.728160533875352e-07 15194
18 1.924926445537294e-09 5.391432954938544e-07 16454
18.5 1.340840197903369e-09 3.896253014867639e-07 17154
19 9.539079337286568e-10 3.003677977584154e-07 18266
19.5 6.472507008825522e-10 2.115679451474965e-07 18750
20 4.591601928103316e-10 1.573809982530977e-07 20234
20.5 3.13344712170785e-10 1.11712567267186e-07 21450
21 2.077752384983284e-10 7.746118002299295e-08 21962
21.5 1.419637092669987e-10 5.484905249349685e-08 23462
22 9.288595930102368e-11 3.633973841170971e-08 24042
22.5 6.23717537180945e-11 2.569248077391877e-08 25946
23 4.090206821874479e-11 1.69631852776827e-08 26118
23.5 2.668463116195297e-11 1.168333074285265e-08 27506
24 1.812210184476213e-11 8.121168239136025e-09 29066
24.5 1.226340042452889e-11 5.68531096903735e-09 30450
25 8.089996117653878e-12 3.829101246700257e-09 31742
25.5 5.375846831218712e-12 2.54804963854055e-09 32250
26 3.65102996727074e-12 1.821893213935865e-09 34250
26.5 2.489929598975527e-12 1.244684881650514e-09 35454
27 1.703611568014011e-12 8.823345680818036e-10 36434
27.5 1.178358571389401e-12 6.147309669474828e-10 37682
28 8.465293871030041e-13 4.434824752319973e-10 39294
28.5 6.036175665968303e-13 3.244979232581537e-10 41426
29 4.238527568739063e-13 2.327340668260922e-10 42066
29.5 3.070140911245931e-13 1.718067332186993e-10 43490
30 2.325657102707943e-13 1.305588717365552e-10 45702
30.5 1.730781770316758e-13 9.876129645204506e-11 46634
31 1.331004276139532e-13 7.514014847187943e-11 48554
31.5 1.008785078930361e-13 5.767183864941998e-11 48870
32 7.905598860095045e-14 4.50780084469958e-11 50963
32.5 5.809905011182069e-14 3.424678759637105e-11 51576
33 3.900781435879889e-14 2.417938468969531e-11 49316
33.5 2.717548625925981e-14 1.713812913962096e-11 49344
34 1.837986066593057e-14 1.238342359821749e-11 47192
34.5 1.343909449520821e-14 9.108697871760289e-12 47576
35 9.142452139126794e-15 6.37680223309025e-12 45348
35.5 6.495883334600423e-15 4.588032900920153e-12 44060
36 4.547116765708638e-15 3.334612292057704e-12 43872
36.5 3.137578932189347e-15 2.291021635513084e-12 41756
37 2.184274929081637e-15 1.678983253678338e-12 41528
37.5 1.513508997962761e-15 1.166388222953282e-12 39300
38 1.039614899407738e-15 8.298494575390438e-13 38276
38.5 7.214157362259001e-16 5.904210475855573e-13 36900
39 4.886433873687811e-16 4.096416878613913e-13 34724
39.5 3.357187948581766e-16 2.841536728586324e-13 33960
40 2.302154993816077e-16 1.944047980140538e-13 32144
40.5 1.589661107623155e-16 1.385429770885821e-13 30704
41 1.077549395479232e-16 9.547676162052339e-14 28896
41.5 7.20317018910526e-17 6.536512291949169e-14 26924
42 5.088698515784487e-17 4.541840227714323e-14 25656
42.5 3.30862423926858e-17 3.081356607554799e-14 23228
43 2.356016869017657e-17 2.182149089019715e-14 21816
43.5 1.536726118775216e-17 1.458583898321572e-14 19472
44 1.102410264195148e-17 9.997553767535501e-15 17696
44.5 7.017181868231241e-18 6.711652029184933e-15 15588
45 4.503092186801499e-18 4.3955611727461e-15 13760
45.5 2.704770043599613e-18 2.6504069672408e-15 11565
46 1.677907435152968e-18 1.675104959684521e-15 10016
46.5 1.035537727941782e-18 1.088096350809251e-15 8652
47 6.645167587221401e-19 7.155543644780084e-16 7652
47.5 4.205222563239365e-19 4.579807937447116e-16 6542
48 2.687649269575665e-19 3.004988473611558e-16 5478
48.5 1.649314754594945e-19 1.861615592477501e-16 4886
49 1.048131137463467e-19 1.170109821728414e-16 4068
49.5 6.203891441640835e-20 7.343071033917508e-17 3326
50 4.024628411047575e-20 4.567892651993923e-17 2696
50.5 2.281498960542491e-20 2.593601409999202e-17 2304
51 1.548612686488174e-20 1.802456885516101e-17 1934
51.5 8.214479064372287e-21 1.030330943688859e-17 1344
52 4.486831773927679e-21 5.330489941144082e-18 848
52.5 3.656302290113826e-21 4.085239400219528e-18 888
53 1.896342741323829e-21 2.373712261493158e-18 584
53.5 8.194240553848216e-22 9.802359806920727e-19 344
54 1.840880420687973e-22 3.325801515127344e-19 102
54.5 2.327252315650739e-22 2.508265075924201e-19 104
55 5.253948706257015e-23 3.01655743079075e-20 24
55.5 6.941031873798673e-24 4.921804573911759e-22 1

0.5 1.826703468909042e-08 4.984833636665119e-08 18
1 2.285262827424796e-08 2.992053615280894e-07 62
1.5 2.287436654195616e-08 3.793008773772627e-07 98
2 4.902817538152654e-08 9.170398707033277e-07 210
2.5 6.496393973482045e-08 1.272238190713456e-06 350
3 7.373045546588463e-08 1.78019273432836e-06 450
3.5 7.316928378490552e-08 2.023013493153249e-06 602
4 6.403617027880964e-08 2.540572925523539e-06 762
4.5 9.202492384928515e-08 3.293796624801194e-06 1142
5 7.722138189788128e-08 3.648068841808544e-06 1250
5.5 6.859665205240087e-08 3.683783602201926e-06 1458
6 7.219245365958029e-08 4.048636455648664e-06 1814
6.5 6.805359279543869e-08 4.4393950036421e-06 2178
7 6.256996869228101e-08 4.519335412933289e-06 2498
7.5 5.432445921952585e-08 4.264419013740344e-06 2622
8 6.071152966832045e-08 5.400396421955771e-06 3338
8.5 5.733018776757712e-08 5.328983448553804e-06 3722
9 5.281063943657864e-08 5.54622311104732e-06 4170
9.5 4.434855853554146e-08 5.093119463832232e-06 4358
10 4.534040252018575e-08 5.207811246891383e-06 5034
10.5 4.150354209627503e-08 5.445241110739286e-06 5714
11 3.727749169775492e-08 4.837131788934687e-06 5982
11.5 3.284455260370871e-08 4.963227579424143e-06 6602
12 2.730346841755313e-08 4.530979152492123e-06 7130
12.5 2.468957519627235e-08 4.283746067390395e-06 8034
13 2.122499818336323e-08 3.968125313319572e-06 8606
13.5 1.760682582104408e-08 3.349574637454086e-06 9066
14 1.535406655047056e-08 3.057899040772041e-06 9962
14.5 1.207170546722018e-08 2.599055258177778e-06 10550
15 9.859999647269551e-09 2.26419934645527e-06 11226
15.5 7.902858591065337e-09 1.895440581658313e-06 12146
16 5.946296448131728e-09 1.547673901251337e-06 12606
16.5 4.757719277653673e-09 1.285485931042118e-06 13802
17 3.538083633409912e-09 1.016779998979467e-06 14754
17.5 2.624668530940672e-09 7.636609593713837e-07 15194
18 1.895758173323584e-09 6.047107568364778e-07 16454
18.5 1.386368227912236e-09 4.377296225925335e-07 17154
19 1.007693278670832e-09 3.348655319992372e-07 18266
19.5 6.881197438030585e-10 2.378220826666356e-07 18750
20 4.875617141093741e-10 1.792218726532904e-07 20234
20.5 3.391519590684401e-10 1.286348099099197e-07 21450
21 2.252722375535721e-10 8.985290116233193e-08 21962
21.5 1.529120619524665e-10 6.281047123717868e-08 23462
22 1.021833899745795e-10 4.30848569743524e-08 24042
22.5 7.050126502965524e-11 3.101766098313106e-08 25946
23 4.488636823749031e-11 2.017886240006287e-08 26118
23.5 3.040802862319676e-11 1.430772521677054e-08 27506
24 2.058931000813429e-11 9.777434195442387e-09 29066
24.5 1.417971619348275e-11 7.005648224339653e-09 30450
25 9.213214017356196e-12 4.670587217861804e-09 31742
25.5 6.16898895959318e-12 3.233221928855566e-09 32250
26 4.237461179593958e-12 2.223626067490726e-09 34250
26.5 2.873519122031438e-12 1.573848894450406e-09 35454
27 1.963644317230296e-12 1.081265437129247e-09 36434
27.5 1.335612764730628e-12 7.716357920779682e-10 37682
28 9.585803249649534e-13 5.502876582302835e-10 39294
28.5 6.940438767929718e-13 4.02240333699364e-10 41426
29 4.80197037585616e-13 2.883805964016954e-10 42066
29.5 3.542742322008311e-13 2.094227919969038e-10 43490
30 2.672836339208492e-13 1.598563409953461e-10 45702
30.5 1.979687664231728e-13 1.201053191034048e-10 46634
31 1.512124210091017e-13 9.154544800433787e-11 48554
31.5 1.149759836620061e-13 7.044842025543408e-11 48870
32 8.988989216776017e-14 5.540585021686428e-11 50963
32.5 6.576367246329553e-14 4.128058908338793e-11 51576
33 4.446880577263931e-14 2.905865213455064e-11 49316
33.5 3.124998584558382e-14 2.078832791616333e-11 49344
34 2.11927891876874e-14 1.462919414317548e-11 47192
34.5 1.532624780282647e-14 1.084467166496664e-11 47576
35 1.048394798330394e-14 7.544756003579362e-12 45348
35.5 7.248224928085894e-15 5.465533608994189e-12 44060
36 5.084622801147646e-15 3.977094083920346e-12 43872
36.5 3.519947411686845e-15 2.764855111595484e-12 41756
37 2.483510957463611e-15 1.999740672549041e-12 41528
37.5 1.697658299149482e-15 1.371761909017665e-12 39300
38 1.180419730767996e-15 1.000600544237949e-12 38276
38.5 8.233016844741857e-16 6.896978402357837e-13 36900
39 5.659828062929436e-16 4.851175774546989e-13 34724
39.5 3.873887581742999e-16 3.366778765566073e-13 33960
40 2.638058640221927e-16 2.371620325632229e-13 32144
40.5 1.859543770297082e-16 1.645581375085986e-13 30704
41 1.269908859262067e-16 1.146602661676589e-13 28896
41.5 8.578668980548688e-17 7.781259893843206e-14 26924
42 5.921115207184666e-17 5.540252257106328e-14 25656
42.5 3.914044644892164e-17 3.692994473884443e-14 23228
43 2.834421770490133e-17 2.657777386815456e-14 21816
43.5 1.821188830676135e-17 1.747478464665244e-14 19472
44 1.283903954572875e-17 1.248835813158638e-14 17696
44.5 8.351725943254377e-18 8.307196130853487e-15 15588
45 5.429631655551149e-18 5.411559217238134e-15 13760
45.5 3.108017105895417e-18 3.31281791896956e-15 11565
46 1.961288486498869e-18 2.042184505361856e-15 10016
46.5 1.214710632833765e-18 1.331277634956741e-15 8652
47 7.934373597985643e-19 8.497041464781349e-16 7652
47.5 5.079527652878016e-19 5.506673184313584e-16 6542
48 3.172602479146208e-19 3.63197091347427e-16 5478
48.5 2.008301972502332e-19 2.268082623237386e-16 4886
49 1.229180541481919e-19 1.398988629243945e-16 4068
49.5 7.816812833412527e-20 8.603941998343876e-17 3326
50 4.79702511752882e-20 5.255192899522503e-17 2696
50.5 2.966012645885982e-20 3.422349182780957e-17 2304
51 1.789452922001257e-20 2.294145519487977e-17 1934
51.5 9.93123608062998e-21 1.221751278406872e-17 1344
52 5.234487390543601e-21 6.580429785925474e-18 848
52.5 4.228649652956729e-21 5.405280181491026e-18 888
53 2.467203208471306e-21 2.908968570747703e-18 584
53.5 1.038247710482766e-21 1.290453412589572e-18 344
54 2.808768910279398e-22 4.05278780387211e-19 102
54.5 2.856184559511796e-22 3.28334509472319e-19 104
55 4.302162419089918e-23 3.971123306695603e-20 24
55.5 2.037569466635873e-25 7.503458991644974e-22 1

0.5 1.662598073226812e-08 1.218217424261353e-08 18
1 4.148534957028034e-08 1.320274409835249e-07 62
1.5 4.061383747320517e-08 2.62384849440424e-07 98
2 5.458117612080418e-08 5.697440880973421e-07 210
2.5 8.140498146592936e-08 1.034395968251049e-06 350
3 7.868205311315187e-08 1.321183290737463e-06 450
3.5 8.858748976407549e-08 1.894087157100271e-06 602
4 8.182518284421718e-08 2.095063079524482e-06 762
4.5 9.629784653306948e-08 2.831153302247937e-06 1142
5 8.286828908474313e-08 2.898711062033473e-06 1250
5.5 7.401146117244826e-08 2.971820283782168e-06 1458
6 7.55811919891551e-08 3.394832679996354e-06 1814
6.5 7.133136392857464e-08 3.749860580414685e-06 2178
7 6.817705790322708e-08 4.167502110565563e-06 2498
7.5 5.963229701101323e-08 3.829350201721656e-06 2622
8 6.521489380290481e-08 4.543928942412019e-06 3338
8.5 6.019464020080917e-08 4.732760408942307e-06 3722
9 5.546784692668813e-08 4.759251835239156e-06 4170
9.5 4.718484923150744e-08 4.633788685250101e-06 4358
10 4.601216051335115e-08 4.941772259477367e-06 5034
10.5 4.364579278455675e-08 4.97442785212893e-06 5714
11 3.583670606237931e-08 4.729141377164101e-06 5982
11.5 3.340925345483236e-08 4.500534185645748e-06 6602
12 2.944920428110517e-08 4.365909316494461e-06 7130
12.5 2.621083622282893e-08 4.149640220283653e-06 8034
13 2.261858244023156e-08 3.656843459058745e-06 8606
13.5 1.844998366161292e-08 3.31201860359116e-06 9066
14 1.543940716885483e-08 2.99850464898056e-06 9962
14.5 1.308146885193616e-08 2.582281326650382e-06 10550
15 1.029375547177957e-08 2.193081618491506e-06 11226
15.5 8.275711063014091e-09 1.87861323904793e-06 12146
16 6.533323678319447e-09 1.506096518262734e-06 12606
16.5 5.107700061226293e-09 1.257157416416241e-06 13802
17 3.803971268824334e-09 1.027030339473481e-06 14754
17.5 2.786148559901314e-09 7.593882771896757e-07 15194
18 2.053421577742845e-09 6.065998247370126e-07 16454
18.5 1.416583911215489e-09 4.375891973054608e-07 17154
19 1.055411276550907e-09 3.407820750291928e-07 18266
19.5 7.17574751706692e-10 2.362065670158756e-07 18750
20 5.108492582881022e-10 1.733310505010862e-07 20234
20.5 3.518480912463403e-10 1.301827528040582e-07 21450
21 2.313314077211604e-10 8.932085683932238e-08 21962
21.5 1.589761952740345e-10 6.157213427533445e-08 23462
22 1.046343389353266e-10 4.362798250444276e-08 24042
22.5 7.260629501144428e-11 3.052251071973316e-08 25946
23 4.658806949814568e-11 1.955643498415843e-08 26118
23.5 3.087232404819705e-11 1.402107014521398e-08 27506
24 2.123358018240402e-11 9.72125624235521e-09 29066
24.5 1.411734199064054e-11 6.861561804416259e-09 30450
25 9.857017206537159e-12 4.645463474775741e-09 31742
25.5 6.311715360240498e-12 3.195297338555844e-09 32250
26 4.439160358655618e-12 2.226879011823377e-09 34250
26.5 2.979402836299968e-12 1.555689856977476e-09 35454
27 2.049439639319481e-12 1.097141165544236e-09 36434
27.5 1.407840651718262e-12 7.801979460490347e-10 37682
28 1.019809564870247e-12 5.590230353872337e-10 39294
28.5 7.44794451902179e-13 4.120600170210498e-10 41426
29 5.205031031359673e-13 2.930447125939247e-10 42066
29.5 3.80023259048303e-13 2.190888239984219e-10 43490
30 2.860928505048582e-13 1.688705864739277e-10 45702
30.5 2.157973498274459e-13 1.26218144303527e-10 46634
31 1.655498420461803e-13 9.706233181776376e-11 48554
31.5 1.262425212297354e-13 7.397426780648187e-11 48870
32 1.002860784547775e-13 5.934830670767912e-11 50963
32.5 7.325905503499824e-14 4.421680136116532e-11 51576
33 4.92615802685418e-14 3.106156386730933e-11 49316
33.5 3.506615192259728e-14 2.214093967997308e-11 49344
34 2.378373695887713e-14 1.597081029141485e-11 47192
34.5 1.699557826318737e-14 1.1831145965551e-11 47576
35 1.162872101834165e-14 8.198140211439811e-12 45348
35.5 8.039236647940619e-15 5.814589867556016e-12 44060
36 5.71237840838276e-15 4.297510272931068e-12 43872
36.5 3.93673888252419e-15 2.933320386812876e-12 41756
37 2.796837931401229e-15 2.195518626310384e-12 41528
37.5 1.897073571892356e-15 1.512619891870378e-12 39300
38 1.326736600504395e-15 1.091378254446232e-12 38276
38.5 9.120128692475985e-16 7.598546402777771e-13 36900
39 6.382963794263902e-16 5.333501223224477e-13 34724
39.5 4.403860720112226e-16 3.773348530735387e-13 33960
40 3.005758201999074e-16 2.582129321076972e-13 32144
40.5 2.111529284313744e-16 1.869472077688846e-13 30704
41 1.416905829961887e-16 1.293825380590116e-13 28896
41.5 9.803472818748427e-17 8.949108961583318e-14 26924
42 6.92978780367254e-17 6.229730935246691e-14 25656
42.5 4.568117362786066e-17 4.263087175662582e-14 23228
43 3.245066531947208e-17 2.997568005714964e-14 21816
43.5 2.150431476814689e-17 2.019625843620618e-14 19472
44 1.466898272080955e-17 1.435338168210816e-14 17696
44.5 9.689473491521156e-18 9.977063598825491e-15 15588
45 6.279643338319481e-18 6.394298923330004e-15 13760
45.5 3.833745619973533e-18 3.775677165987597e-15 11565
46 2.366290909966284e-18 2.392173703910997e-15 10016
46.5 1.466788313162891e-18 1.524163860645225e-15 8652
47 9.166021144132322e-19 9.763884467959599e-16 7652
47.5 5.966954747678511e-19 6.346019112336415e-16 6542
48 3.720427677901424e-19 4.156129282502853e-16 5478
48.5 2.368531168061537e-19 2.789072818005642e-16 4886
49 1.387288645589765e-19 1.61016877438943e-16 4068
49.5 9.292570332508943e-20 1.100140810783481e-16 3326
50 5.540766156997788e-20 6.81602808475191e-17 2696
50.5 3.776959489132789e-20 4.176653717587911e-17 2304
51 2.1106920071553e-20 2.656346112941494e-17 1934
51.5 1.172426141264044e-20 1.510366654822144e-17 1344
52 5.95490594804717e-21 9.10963102949134e-18 848
52.5 5.49336720990045e-21 6.846299069105637e-18 888
53 3.073580911663828e-21 3.406887388025078e-18 584
53.5 1.179030606413673e-21 1.675426553001296e-18 344
54 3.945556242560419e-22 5.114313549179642e-19 102
54.5 3.709506988601735e-22 4.073708777104091e-19 104
55 4.030854228950007e-23 5.765918977278537e-20 24
55.5 8.138882240536331e-25 1.550846687073226e-21 1

0.5 1.0441280319085e-08 2.250256305751429e-08 18
1 3.296327032862883e-08 7.097950476982544e-08 62
1.5 4.122182882247203e-08 1.549547997596292e-07 98
2 7.344579344149742e-08 3.821201804548981e-07 210
2.5 8.380088686851593e-08 8.808307221586124e-07 350
3 9.143432233650362e-08 1.118592785842672e-06 450
3.5 8.565413137789059e-08 1.387725342580176e-06 602
4 8.267530750880723e-08 1.596357711214729e-06 762
4.5 1.114809773031562e-07 2.442014881493778e-06 1142
5 8.615201230740126e-08 2.344871029409937e-06 1250
5.5 7.568975213925159e-08 2.596410901877347e-06 1458
6 7.368398898144294e-08 2.955205879890804e-06 1814
6.5 7.835329660312305e-08 3.202955924093096e-06 2178
7 6.921703053125249e-08 3.653823106944398e-06 2498
7.5 6.230530480799068e-08 3.434220162064471e-06 2622
8 6.298959290171123e-08 4.244740395348251e-06 3338
8.5 5.81403640981829e-08 4.293181774735239e-06 3722
9 5.532322183017106e-08 4.615297098751633e-06 4170
9.5 4.730166183534081e-08 4.299674542428141e-06 4358
10 4.627752743324012e-08 4.486379252234421e-06 5034
10.5 4.429370074403105e-08 4.679731280527454e-06 5714
11 3.776821576607726e-08 4.333723663055154e-06 5982
11.5 3.292484430941572e-08 4.300832452599286e-06 6602
12 2.97328798629387e-08 4.116713828576768e-06 7130
12.5 2.65867034879881e-08 3.833951626918899e-06 8034
13 2.274665479819427e-08 3.525337828339763e-06 8606
13.5 1.89233459704793e-08 3.16219582534037e-06 9066
14 1.605282517639941e-08 2.973698032035761e-06 9962
14.5 1.289209118728458e-08 2.461750384059103e-06 10550
15 1.071432272751379e-08 2.175061523714515e-06 11226
15.5 8.475489272763135e-09 1.867097597280328e-06 12146
16 6.580994587419127e-09 1.479046282919387e-06 12606
16.5 5.168880126717028e-09 1.27527587341933e-06 13802
17 3.960153056982387e-09 1.025000529378848e-06 14754
17.5 2.864954104468484e-09 7.647745915834289e-07 15194
18 2.117978097444385e-09 6.112841358539551e-07 16454
18.5 1.500353325712121e-09 4.467771943012038e-07 17154
19 1.069932725368359e-09 3.334477563666948e-07 18266
19.5 7.427882136571051e-10 2.413284941552827e-07 18750
20 5.329525658279995e-10 1.778940962712095e-07 20234
20.5 3.65154075206227e-10 1.284122876832708e-07 21450
21 2.423261895493624e-10 8.927463785816577e-08 21962
21.5 1.685658649277494e-10 6.435809362935073e-08 23462
22 1.112998068548112e-10 4.382712645179647e-08 24042
22.5 7.644273196281085e-11 3.131263323842039e-08 25946
23 4.879983148819359e-11 2.05550187418329e-08 26118
23.5 3.310029611739957e-11 1.450560249419157e-08 27506
24 2.224237632750477e-11 1.001821162320091e-08 29066
24.5 1.527555588240556e-11 7.063848838261783e-09 30450
25 1.027867349306883e-11 4.856441571987611e-09 31742
25.5 6.60118862697252e-12 3.364748739333704e-09 32250
26 4.695264746402686e-12 2.375345291494063e-09 34250
26.5 3.126254808610784e-12 1.645568696005011e-09 35454
27 2.179260410516662e-12 1.159378806786817e-09 36434
27.5 1.526180444498153e-12 8.043356728226339e-10 37682
28 1.094569660872517e-12 5.949485824184289e-10 39294
28.5 8.036650444665595e-13 4.293261710059711e-10 41426
29 5.653796778451859e-13 3.114743959969242e-10 42066
29.5 4.1646725856901e-13 2.320557249689753e-10 43490
30 3.060343141936099e-13 1.801404286031805e-10 45702
30.5 2.323164810080606e-13 1.351555268006282e-10 46634
31 1.793121671879232e-13 1.040575284564296e-10 48554
31.5 1.374603318228091e-13 7.970062970851552e-11 48870
32 1.101778091148396e-13 6.408899189886331e-11 50963
32.5 7.988992811715147e-14 4.835649869182046e-11 51576
33 5.404231471445447e-14 3.352556457516407e-11 49316
33.5 3.799139651205959e-14 2.43870713554967e-11 49344
34 2.626734119126741e-14 1.734490110827939e-11 47192
34.5 1.879126459497025e-14 1.293887459266709e-11 47576
35 1.276272038233377e-14 9.044687645823984e-12 45348
35.5 8.875715783268138e-15 6.418874201893507e-12 44060
36 6.424047123808418e-15 4.732469003906531e-12 43872
36.5 4.348531033054176e-15 3.309488730766469e-12 41756
37 3.111653748241021e-15 2.405202544004589e-12 41528
37.5 2.140505297064231e-15 1.655947523880494e-12 39300
38 1.513860755653926e-15 1.21973765347834e-12 38276
38.5 1.054347120160381e-15 8.432707128032109e-13 36900
39 7.032292129515789e-16 5.964809141196151e-13 34724
39.5 4.976213765190607e-16 4.287201202306106e-13 33960
40 3.395170485428641e-16 2.956909030286392e-13 32144
40.5 2.404516231264702e-16 2.088790661289091e-13 30704
41 1.67298555635187e-16 1.44879208187007e-13 28896
41.5 1.104157443880701e-16 1.014758538265611e-13 26924
42 7.85567973896927e-17 7.173342724078927e-14 25656
42.5 5.284964469291454e-17 4.930468305685615e-14 23228
43 3.774704620749593e-17 3.482259134733206e-14 21816
43.5 2.470873160428987e-17 2.348087240385024e-14 19472
44 1.722635904692965e-17 1.673605042777497e-14 17696
44.5 1.15938347263677e-17 1.128052773804196e-14 15588
45 7.308462137222489e-18 7.301732792846846e-15 13760
45.5 4.469914474807593e-18 4.372377651980079e-15 11565
46 2.688800221893677e-18 2.891000471192385e-15 10016
46.5 1.730139295701289e-18 1.781969649133654e-15 8652
47 1.0871622990327e-18 1.164020461527147e-15 7652
47.5 6.895256212188957e-19 7.590208344982582e-16 6542
48 4.427491895574695e-19 4.974500128892383e-16 5478
48.5 2.905578340739547e-19 3.234613832872204e-16 4886
49 1.655919795973965e-19 1.953531286470751e-16 4068
49.5 1.090296617071492e-19 1.243491509396033e-16 3326
50 6.520684383628174e-20 7.950146780451154e-17 2696
50.5 4.557516278258262e-20 5.134025628287823e-17 2304
51 2.57998989170573e-20 3.196608088627754e-17 1934
51.5 1.399975112109695e-20 1.890061001265698e-17 1344
52 7.552242709973957e-21 1.043200010651208e-17 848
52.5 6.579691882000182e-21 8.18512316699698e-18 888
53 3.239976276401149e-21 4.674844786890772e-18 584
53.5 1.5698382981737e-21 2.010511459082192e-18 344
54 4.945832689125355e-22 4.80613379456895e-19 102
54.5 4.100432312521887e-22 6.763664826834394e-19 104
55 6.255590014964527e-23 5.565419164747351e-20 24
55.5 8.403935644793955e-25 1.276512376254822e-21 1

0.5 4.337961248465655e-09 5.08152991888316e-08 18
1 1.750804820041471e-08 2.361226697985311e-07 62
1.5 2.996809743611148e-08 3.438749703277606e-07 98
2 5.121133182273922e-08 5.742759646117875e-07 210
2.5 5.054297361796457e-08 1.120346764791273e-06 350
3 5.753897548884661e-08 1.360405897599461e-06 450
3.5 6.83015107345577e-08 1.540212092802803e-06 602
4 5.941815710523e-08 2.108156609077858e-06 762
4.5 7.765838147179363e-08 2.920854418832218e-06 1142
5 6.241316744094001e-08 2.902389934989007e-06 1250
5.5 5.885220157378665e-08 2.861748283999247e-06 1458
6 5.837269986262375e-08 3.472937707833663e-06 1814
6.5 5.933276656260853e-08 3.838649414919679e-06 2178
7 5.649762457137559e-08 3.952065573037975e-06 2498
7.5 5.004107439097093e-08 3.820917943135508e-06 2622
8 5.247585403960281e-08 4.867152648222411e-06 3338
8.5 4.961209710377893e-08 4.76178235960359e-06 3722
9 4.670559533880718e-08 5.042163322535764e-06 4170
9.5 4.195807291245427e-08 4.862421327463126e-06 4358
10 4.099822489737718e-08 4.942498572791922e-06 5034
10.5 3.928284457272957e-08 5.006324126246719e-06 5714
11 3.408916914630555e-08 4.759705478771552e-06 5982
11.5 3.030642934207778e-08 4.66366300920839e-06 6602
12 2.73221647069132e-08 4.375547964578622e-06 7130
12.5 2.436801859976178e-08 4.213309472369985e-06 8034
13 2.108698514758425e-08 3.818227766146213e-06 8606
13.5 1.813674086727114e-08 3.387659035639556e-06 9066
14 1.558885704498462e-08 3.10341457600282e-06 9962
14.5 1.217119783796316e-08 2.721930097430233e-06 10550
15 1.020894665936341e-08 2.358734390582693e-06 11226
15.5 8.201515551451318e-09 1.994943298815709e-06 12146
16 6.430178543034578e-09 1.665694221740626e-06 12606
16.5 5.108456910670414e-09 1.401148721548724e-06 13802
17 3.885119866242574e-09 1.100181176400267e-06 14754
17.5 2.876068130036518e-09 8.520305129867423e-07 15194
18 2.219362502491379e-09 6.765507100829412e-07 16454
18.5 1.54905739401297e-09 5.000621454925022e-07 17154
19 1.151891878985025e-09 3.746120590957349e-07 18266
19.5 7.729889200895116e-10 2.699278539164761e-07 18750
20 5.61178703247983e-10 2.034661914308514e-07 20234
20.5 3.895305804709929e-10 1.490187883844464e-07 21450
21 2.563338469821052e-10 1.024190280593724e-07 21962
21.5 1.79877659889467e-10 7.420830457178329e-08 23462
22 1.189357500675119e-10 4.94457115378229e-08 24042
22.5 8.189134743568979e-11 3.692346657871239e-08 25946
23 5.264691093848359e-11 2.3713617200947e-08 26118
23.5 3.64860526606964e-11 1.694631214275416e-08 27506
24 2.475073812554457e-11 1.182198344503636e-08 29066
24.5 1.672455569157042e-11 8.333244169866486e-09 30450
25 1.131468982100293e-11 5.623783938186744e-09 31742
25.5 7.428067449878104e-12 3.833465393617689e-09 32250
26 5.207160735465662e-12 2.728700193623621e-09 34250
26.5 3.50246193872232e-12 1.917725940396736e-09 35454
27 2.43822759235908e-12 1.341985760919786e-09 36434
27.5 1.695608256814929e-12 9.55298176847083e-10 37682
28 1.216280262520217e-12 6.836353748525203e-10 39294
28.5 8.839345990313098e-13 5.115450692103367e-10 41426
29 6.203583447129928e-13 3.678045962595164e-10 42066
29.5 4.583207736337385e-13 2.734346424350867e-10 43490
30 3.486289856793656e-13 2.100498612794323e-10 45702
30.5 2.583545007148983e-13 1.571505559341535e-10 46634
31 2.015954368759545e-13 1.218460144311547e-10 48554
31.5 1.537678926230147e-13 9.432329085609863e-11 48870
32 1.221677884830093e-13 7.523014056378908e-11 50963
32.5 8.929969061649234e-14 5.568018742005079e-11 51576
33 6.181334389488471e-14 3.939606109568818e-11 49316
33.5 4.270584647762977e-14 2.868099837914095e-11 49344
34 2.974840909918804e-14 2.040319757815381e-11 47192
34.5 2.150406216627755e-14 1.512237265618948e-11 47576
35 1.449300566703448e-14 1.056971876738704e-11 45348
35.5 1.018089655865775e-14 7.63793914968483e-12 44060
36 7.238648071524481e-15 5.565528343957923e-12 43872
36.5 5.002153544781708e-15 3.877521469895944e-12 41756
37 3.579870735383162e-15 2.83389470280203e-12 41528
37.5 2.409013295319446e-15 1.986969515681143e-12 39300
38 1.713857860473545e-15 1.426661537341418e-12 38276
38.5 1.193105746866786e-15 1.015722697184792e-12 36900
39 8.136938407223518e-16 6.981839734152652e-13 34724
39.5 5.720091175238172e-16 5.033810930729411e-13 33960
40 3.959382978572377e-16 3.507209987929768e-13 32144
40.5 2.784294788665807e-16 2.494311797264609e-13 30704
41 1.93378172197524e-16 1.726117823924646e-13 28896
41.5 1.289692201316434e-16 1.221115249646121e-13 26924
42 9.1609550097127e-17 8.551606135369448e-14 25656
42.5 6.288849060791284e-17 5.808062889746427e-14 23228
43 4.459770691468593e-17 4.317443351710174e-14 21816
43.5 2.930854008117454e-17 2.798800148387979e-14 19472
44 2.072458194182567e-17 1.999772540523127e-14 17696
44.5 1.36888503291584e-17 1.354533819618803e-14 15588
45 8.610154421151612e-18 8.739890606166242e-15 13760
45.5 5.258456591337355e-18 5.369860193621854e-15 11565
46 3.251359766555193e-18 3.371757203288546e-15 10016
46.5 2.003103565552852e-18 2.218403734085158e-15 8652
47 1.269708364974684e-18 1.471252527020412e-15 7652
47.5 8.032032169314293e-19 9.528073937386774e-16 6542
48 5.252052455366526e-19 6.081415273653479e-16 5478
48.5 3.348107099074872e-19 3.853854383471599e-16 4886
49 2.137570829293924e-19 2.398527207035805e-16 4068
49.5 1.276571629893656e-19 1.495538455419196e-16 3326
50 8.241545343290601e-20 9.748966121044916e-17 2696
50.5 5.39510853059786e-20 6.436211033950007e-17 2304
51 3.074122353010719e-20 3.737292482215764e-17 1934
51.5 1.882290845443049e-20 2.168218852763657e-17 1344
52 1.020144803638681e-20 1.275604329176139e-17 848
52.5 8.297348573492727e-21 1.015799289044562e-17 888
53 3.876745769518492e-21 5.66928058135331e-18 584
53.5 2.087081381713751e-21 2.186076384239913e-18 344
54 6.133974923564889e-22 7.241356604472237e-19 102
54.5 4.948640892819259e-22 8.060048538037662e-19 104
55 1.571423790232382e-22 7.02564663068358e-20 24
55.5 2.669053795634923e-24 1.184608871409913e-20 1

0.5 2.073496122777324e-08 1.434944012532666e-08 18
1 2.864821849740522e-08 1.060793427807889e-07 62
1.5 2.936543459634432e-08 2.126392792581132e-07 98
2 5.167475360749226e-08 4.417621280827975e-07 210
2.5 6.159892554564299e-08 7.874426308557128e-07 350
3 7.479561231733713e-08 1.006017994328791e-06 450
3.5 6.828286064952213e-08 1.476423407807035e-06 602
4 7.151985723356919e-08 1.571633425697576e-06 762
4.5 8.218571333710397e-08 2.182167696239167e-06 1142
5 7.253932730249221e-08 2.227441912069911e-06 1250
5.5 6.838079710846826e-08 2.511002692640398e-06 1458
6 6.456557288964673e-08 2.774517562458088e-06 1814
6.5 6.100578903887472e-08 3.17314440066952e-06 2178
7 5.978843460511898e-08 3.260974116971769e-06 2498
7.5 5.300930687699475e-08 3.193593911468373e-06 2622
8 5.883990680342186e-08 3.890385851254016e-06 3338
8.5 5.327677134260626e-08 4.224143551341683e-06 3722
9 4.874202107596337e-08 4.493365341460311e-06 4170
9.5 4.45247519319871e-08 4.084474256445581e-06 4358
10 4.274606351189186e-08 4.494404537967869e-06 5034
10.5 4.151526566831681e-08 4.557440099348444e-06 5714
11 3.451456333901929e-08 4.349591405181894e-06 5982
11.5 3.137273754699184e-08 4.296652179106647e-06 6602
12 2.894036703029234e-08 3.970307587271429e-06 7130
12.5 2.527914943477071e-08 3.936560349488495e-06 8034
13 2.217939748594774e-08 3.659896535863111e-06 8606
13.5 1.887218199552233e-08 3.209622211068459e-06 9066
14 1.583295624657866e-08 2.926048017231671e-06 9962
14.5 1.294160132219366e-08 2.637446710597074e-06 10550
15 1.052137878401061e-08 2.258825989154797e-06 11226
15.5 8.560372367344023e-09 1.945485562029267e-06 12146
16 6.667081193099983e-09 1.561463511556526e-06 12606
16.5 5.361076566631329e-09 1.340104994905508e-06 13802
17 4.070838548347068e-09 1.082414312508437e-06 14754
17.5 2.925194047978043e-09 8.179761336418946e-07 15194
18 2.274842508500157e-09 6.514761432451306e-07 16454
18.5 1.582188792654573e-09 4.950105042259871e-07 17154
19 1.180756031598144e-09 3.751966113852692e-07 18266
19.5 8.034321262919703e-10 2.655810545883564e-07 18750
20 5.749191529837581e-10 2.001658138634683e-07 20234
20.5 3.994896232593861e-10 1.438568768420608e-07 21450
21 2.704128178469686e-10 9.912915084904441e-08 21962
21.5 1.852627164162718e-10 7.004445550004125e-08 23462
22 1.232050971218069e-10 4.993068976125122e-08 24042
22.5 8.432690289885998e-11 3.549912640504906e-08 25946
23 5.372030698337046e-11 2.341503173447506e-08 26118
23.5 3.637926435445388e-11 1.65425999121443e-08 27506
24 2.504675529425281e-11 1.15434663300035e-08 29066
24.5 1.701452395200644e-11 7.963531870253506e-09 30450
25 1.144918297875792e-11 5.557870691191219e-09 31742
25.5 7.611283702101206e-12 3.792210751245044e-09 32250
26 5.335943965283444e-12 2.706925040122224e-09 34250
26.5 3.63559101006901e-12 1.890434274114491e-09 35454
27 2.50056920978554e-12 1.346964016436621e-09 36434
27.5 1.755542071385321e-12 9.579449077060107e-10 37682
28 1.269417318929405e-12 6.918729056103139e-10 39294
28.5 9.23636052959496e-13 5.173071940705323e-10 41426
29 6.562868743644093e-13 3.689840109769448e-10 42066
29.5 4.85650898668957e-13 2.794324230207318e-10 43490
30 3.721250723910449e-13 2.12610394499398e-10 45702
30.5 2.769446478475802e-13 1.620998604032581e-10 46634
31 2.152365709197697e-13 1.262661852535594e-10 48554
31.5 1.656327827535263e-13 9.776980092627986e-11 48870
32 1.334280884990054e-13 7.685843178764846e-11 50963
32.5 9.74437151255313e-14 5.839847040338452e-11 51576
33 6.737064757345701e-14 4.160561113119651e-11 49316
33.5 4.672020745166943e-14 3.012946322419708e-11 49344
34 3.202015905889011e-14 2.158378495931961e-11 47192
34.5 2.33639299385927e-14 1.611563042305523e-11 47576
35 1.597091081950822e-14 1.12526069439456e-11 45348
35.5 1.104848846041488e-14 8.087067918478611e-12 44060
36 8.080238913072236e-15 5.912065565346455e-12 43872
36.5 5.522445746897091e-15 4.161124495329885e-12 41756
37 3.973470762802392e-15 3.089596052643996e-12 41528
37.5 2.74616358252439e-15 2.134964984645437e-12 39300
38 1.921058993610388e-15 1.541306287387206e-12 38276
38.5 1.340651270465236e-15 1.090471427238657e-12 36900
39 9.118541713411342e-16 7.679486322635428e-13 34724
39.5 6.479447291918016e-16 5.497551418672621e-13 33960
40 4.521790912035402e-16 3.924580752051333e-13 32144
40.5 3.144647391667437e-16 2.758987176646179e-13 30704
41 2.190074309209922e-16 1.94783964720031e-13 28896
41.5 1.480679947221919e-16 1.328504313087483e-13 26924
42 1.036623636966348e-16 9.69167452867662e-14 25656
42.5 7.083136877582417e-17 6.651166417138468e-14 23228
43 5.182924740966616e-17 4.735106944382241e-14 21816
43.5 3.400856478619841e-17 3.169949942717327e-14 19472
44 2.398616864517209e-17 2.290552076812233e-14 17696
44.5 1.567081647494797e-17 1.548304470486554e-14 15588
45 9.857487206937837e-18 9.983895758622352e-15 13760
45.5 6.155293199115448e-18 6.252065495310399e-15 11565
46 3.729397887766022e-18 3.921745914064733e-15 10016
46.5 2.366034105845174e-18 2.54158112405365e-15 8652
47 1.510036693676631e-18 1.698536943926782e-15 7652
47.5 9.984765475289986e-19 1.06899058588595e-15 6542
48 6.087631022540086e-19 6.877122234176355e-16 5478
48.5 3.939587191529429e-19 4.475450062064657e-16 4886
49 2.391165175003266e-19 2.9369541562864e-16 4068
49.5 1.586598952361394e-19 1.774515419283553e-16 3326
50 9.494193324341993e-20 1.171342659145732e-16 2696
50.5 6.104553573238563e-20 7.479524542326758e-17 2304
51 3.866385408065932e-20 4.509579788109356e-17 1934
51.5 2.270450499676117e-20 2.701234305955598e-17 1344
52 1.255322497203578e-20 1.528407099093887e-17 848
52.5 9.66091519244919e-21 1.201434189715166e-17 888
53 5.667280672764831e-21 5.65689318351767e-18 584
53.5 2.347847199420546e-21 2.854459340743229e-18 344
54 7.378638759682475e-22 7.041194575952446e-19 102
54.5 7.269154814450748e-22 7.397209337313282e-19 104
55 1.213311644139079e-22 1.861336969692396e-19 24
55.5 1.760828348301616e-24 7.364550216940162e-23 1

0.5 1.905590975909136e-08 1.119165225318869e-08 18
1 3.234527538602662e-08 4.829039366818287e-08 62
1.5 4.332740151350624e-08 1.316028109816874e-07 98
2 6.076043490131001e-08 3.611641101388042e-07 210
2.5 6.814649946003024e-08 7.10721091634208e-07 350
3 8.359784341047613e-08 9.688843646246631e-07 450
3.5 7.85145167170488e-08 1.245740148431736e-06 602
4 7.078313955909477e-08 1.465516436277707e-06 762
4.5 8.539050000850704e-08 1.912058586166463e-06 1142
5 6.816073761309397e-08 2.062491409349274e-06 1250
5.5 6.171408864540351e-08 2.072772178229727e-06 1458
6 6.186306391817761e-08 2.653001077843862e-06 1814
6.5 5.996599306580407e-08 2.890169287895315e-06 2178
7 5.69461442042672e-08 3.14326087527415e-06 2498
7.5 5.208605691577465e-08 3.248209384829389e-06 2622
8 5.431458028057964e-08 3.621708552096955e-06 3338
8.5 5.038653806705389e-08 3.891164391629264e-06 3722
9 4.932107187560144e-08 4.072077194507698e-06 4170
9.5 4.268551394979764e-08 4.070211971162162e-06 4358
10 4.043174193738108e-08 4.188460399015578e-06 5034
10.5 3.990867946641864e-08 4.427893086307212e-06 5714
11 3.493612017173874e-08 4.237063595573687e-06 5982
11.5 3.017943211029729e-08 4.104547135931392e-06 6602
12 2.833223137125711e-08 3.951371519043185e-06 7130
12.5 2.482417446962413e-08 3.805837285557306e-06 8034
13 2.18478582743276e-08 3.553051821884316e-06 8606
13.5 1.829271524287102e-08 3.159200343531901e-06 9066
14 1.565586766203505e-08 2.897659863223547e-06 9962
14.5 1.319446601602671e-08 2.574263848278667e-06 10550
15 1.069397108798211e-08 2.174965693962095e-06 11226
15.5 8.670029538321392e-09 1.923367294148457e-06 12146
16 6.674470466314161e-09 1.56383855451789e-06 12606
16.5 5.506828891087598e-09 1.327778409214733e-06 13802
17 4.074483363813049e-09 1.080183739990051e-06 14754
17.5 2.978183418517446e-09 8.169385355315068e-07 15194
18 2.247684292616307e-09 6.520111299220126e-07 16454
18.5 1.619806017498654e-09 4.867015073299527e-07 17154
19 1.201160976677758e-09 3.744085356537657e-07 18266
19.5 8.257945605545717e-10 2.74431704093686e-07 18750
20 5.807941951399658e-10 2.016735958672663e-07 20234
20.5 4.072973336062727e-10 1.484843435026625e-07 21450
21 2.745250771709366e-10 1.007955116631965e-07 21962
21.5 1.920303838589057e-10 7.044184511034945e-08 23462
22 1.265832182881216e-10 5.036104722719015e-08 24042
22.5 8.712325088406462e-11 3.599205130942347e-08 25946
23 5.592282958243376e-11 2.342390302232067e-08 26118
23.5 3.808547388683067e-11 1.646420161982103e-08 27506
24 2.579414968573618e-11 1.157908062355518e-08 29066
24.5 1.776788326658725e-11 8.306769620225554e-09 30450
25 1.187573062427868e-11 5.774287283039214e-09 31742
25.5 7.931998238436742e-12 3.902978616684108e-09 32250
26 5.580359290684818e-12 2.810654366033137e-09 34250
26.5 3.857384984858901e-12 1.98536522417541e-09 35454
27 2.680717441143304e-12 1.396668016525316e-09 36434
27.5 1.860300662500253e-12 1.011587939007814e-09 37682
28 1.337592003688983e-12 7.246188737346935e-10 39294
28.5 9.818026577732992e-13 5.490588907508845e-10 41426
29 7.056918618877103e-13 3.937497444745394e-10 42066
29.5 5.222316224954053e-13 2.963385632537072e-10 43490
30 4.02996798305022e-13 2.274956008572236e-10 45702
30.5 2.997622120172251e-13 1.722909676969005e-10 46634
31 2.335591799340212e-13 1.357233050050053e-10 48554
31.5 1.792955089893426e-13 1.042566226771718e-10 48870
32 1.425858520974171e-13 8.39210296809248e-11 50963
32.5 1.063707062604849e-13 6.375155978631759e-11 51576
33 7.314664803819249e-14 4.483689479557469e-11 49316
33.5 5.15908896171185e-14 3.297543045515375e-11 49344
34 3.559684477947729e-14 2.333226638435149e-11 47192
34.5 2.539641336625e-14 1.752679643567298e-11 47576
35 1.768068923729787e-14 1.223210140941874e-11 45348
35.5 1.213526895125123e-14 8.818448612167558e-12 44060
36 8.819168061483504e-15 6.532043689218127e-12 43872
36.5 6.079599557715016e-15 4.609314635825266e-12 41756
37 4.422730728078425e-15 3.389037014630448e-12 41528
37.5 3.027469258355809e-15 2.364794448950162e-12 39300
38 2.11875775269612e-15 1.723452517951924e-12 38276
38.5 1.496539872570287e-15 1.216435555547325e-12 36900
39 1.02611500730124e-15 8.662315796898209e-13 34724
39.5 7.357683734559273e-16 6.129297095258828e-13 33960
40 5.097995306595609e-16 4.442246799360378e-13 32144
40.5 3.576164649507504e-16 3.104937189040305e-13 30704
41 2.480728222255407e-16 2.188864543988465e-13 28896
41.5 1.702196222595549e-16 1.509358836755812e-13 26924
42 1.214715999587661e-16 1.10599167780764e-13 25656
42.5 8.245682973976201e-17 7.561673625480406e-14 23228
43 5.973513778049695e-17 5.36525976837527e-14 21816
43.5 3.886703347704756e-17 3.650307478990055e-14 19472
44 2.832552803353122e-17 2.625878285823237e-14 17696
44.5 1.854286903756151e-17 1.758825953770041e-14 15588
45 1.159325926856588e-17 1.160787267791956e-14 13760
45.5 7.029001625122281e-18 7.268225508548782e-15 11565
46 4.422284982532442e-18 4.59633579401756e-15 10016
46.5 2.76270883420609e-18 2.896453203208315e-15 8652
47 1.817998224788438e-18 1.925890725811082e-15 7652
47.5 1.171134416946542e-18 1.24413936499363e-15 6542
48 6.987044251871122e-19 8.041675961313362e-16 5478
48.5 4.578578012570741e-19 5.310462906820823e-16 4886
49 2.904134458921055e-19 3.216717342389828e-16 4068
49.5 1.807461277328834e-19 2.134860272054497e-16 3326
50 1.181531941567925e-19 1.34272333774463e-16 2696
50.5 7.316387121520949e-20 9.022540638822364e-17 2304
51 4.724152431730363e-20 5.349862602463273e-17 1934
51.5 2.729923507468717e-20 3.237832236173111e-17 1344
52 1.521466582437012e-20 1.860021203355569e-17 848
52.5 1.242232385427478e-20 1.351830291958108e-17 888
53 6.07369273139451e-21 7.510287706431727e-18 584
53.5 2.732156084043423e-21 3.7596676404967e-18 344
54 7.213849317075046e-22 8.340054357283606e-19 102
54.5 9.002295614334897e-22 9.692282382830598e-19 104
55 1.499725220283797e-22 1.703507080208372e-19 24
55.5 4.008713382892946e-24 2.062392871204924e-22 1

0.5 2.444498462968531e-09 4.401732447850065e-08 18
1 1.167623205135733e-08 1.351050500323356e-07 62
1.5 1.724539100221097e-08 3.537582252483351e-07 98
2 3.286676409992443e-08 6.365465662795125e-07 210
2.5 4.026158594397723e-08 8.921948668248986e-07 350
3 4.922731157007781e-08 1.293869973322502e-06 450
3.5 5.23357673955615e-08 1.369078736377538e-06 602
4 4.988444496095871e-08 1.794279103716992e-06 762
4.5 5.620587043135546e-08 2.346295587313911e-06 1142
5 5.511804799824126e-08 2.292227521771598e-06 1250
5.5 4.953202443229715e-08 2.571648936664868e-06 1458
6 4.67034898337668e-08 2.922585890588572e-06 1814
6.5 4.867641813079603e-08 3.336407029426546e-06 2178
7 4.854133779825612e-08 3.343841967192993e-06 2498
7.5 4.217766810447362e-08 3.487809750234744e-06 2622
8 4.656055908919044e-08 4.154095446353924e-06 3338
8.5 4.270537003027694e-08 4.24042131805775e-06 3722
9 4.206985733150012e-08 4.512107070910109e-06 4170
9.5 3.729987734285423e-08 4.266418506506585e-06 4358
10 3.639680437628458e-08 4.575216061753648e-06 5034
10.5 3.625196090770107e-08 4.572080069459311e-06 5714
11 3.14185802076312e-08 4.416665761185062e-06 5982
11.5 2.929320234747255e-08 4.447515616125764e-06 6602
12 2.58286124544869e-08 4.119861191597255e-06 7130
12.5 2.337081984139819e-08 4.033467333368157e-06 8034
13 2.014500055775957e-08 3.731923411004721e-06 8606
13.5 1.745813520578554e-08 3.398475876096949e-06 9066
14 1.528788384235921e-08 3.145989431170377e-06 9962
14.5 1.264693638056693e-08 2.669116698861274e-06 10550
15 1.009923569365684e-08 2.356020260266556e-06 11226
15.5 8.552579191694167e-09 2.059037779270272e-06 12146
16 6.607318449606015e-09 1.722752404660435e-06 12606
16.5 5.327538725905787e-09 1.431613030711963e-06 13802
17 4.154706279585766e-09 1.149864669134366e-06 14754
17.5 3.010228682159229e-09 8.780644163481707e-07 15194
18 2.293680367752951e-09 7.208980652753842e-07 16454
18.5 1.663609544140122e-09 5.280517631922718e-07 17154
19 1.221808429633044e-09 4.062310618163747e-07 18266
19.5 8.557069114875784e-10 2.956131833085049e-07 18750
20 6.163000611248193e-10 2.203882094362335e-07 20234
20.5 4.359183357443672e-10 1.597446469456129e-07 21450
21 2.828125972837453e-10 1.133289178113708e-07 21962
21.5 2.031199562500359e-10 7.909941557723037e-08 23462
22 1.340415559484684e-10 5.570413809779521e-08 24042
22.5 9.25123486482361e-11 4.016111730529791e-08 25946
23 5.89842794354513e-11 2.668168576892769e-08 26118
23.5 4.000161588711309e-11 1.89223439174606e-08 27506
24 2.739125045792102e-11 1.301729382064319e-08 29066
24.5 1.894756225801969e-11 9.276914139382547e-09 30450
25 1.280609629060795e-11 6.418085500852243e-09 31742
25.5 8.554783061185075e-12 4.42031492916848e-09 32250
26 6.01046677977906e-12 3.178292018864309e-09 34250
26.5 4.172296494621751e-12 2.274996321591848e-09 35454
27 2.893121530638297e-12 1.578379915776546e-09 36434
27.5 2.015025847278901e-12 1.132121914130506e-09 37682
28 1.462884426922591e-12 8.263525536886806e-10 39294
28.5 1.06752457471133e-12 6.245938864480412e-10 41426
29 7.652455451425737e-13 4.462276120998084e-10 42066
29.5 5.699611731412064e-13 3.365564271237068e-10 43490
30 4.357559113581123e-13 2.594406862920241e-10 45702
30.5 3.300583450133279e-13 1.963907088028341e-10 46634
31 2.541276289482931e-13 1.540922959666043e-10 48554
31.5 1.948190305067909e-13 1.185125120419512e-10 48870
32 1.563014848785173e-13 9.468668288132912e-11 50963
32.5 1.163946069975906e-13 7.253545900039182e-11 51576
33 7.900542670792829e-14 5.150726240107414e-11 49316
33.5 5.639475113449325e-14 3.765419228593963e-11 49344
34 3.911026165609264e-14 2.691267667229191e-11 47192
34.5 2.828551293976569e-14 1.997900847370883e-11 47576
35 1.924777837897e-14 1.417182597984709e-11 45348
35.5 1.363209695622277e-14 9.892795765397168e-12 44060
36 9.732671994952138e-15 7.457323252428541e-12 43872
36.5 6.815743316394359e-15 5.271658467344318e-12 41756
37 4.901994949629861e-15 3.891668223264653e-12 41528
37.5 3.350256043711373e-15 2.75287262916776e-12 39300
38 2.384238278812898e-15 1.973112887896963e-12 38276
38.5 1.672087367205505e-15 1.406428014307556e-12 36900
39 1.164925134580076e-15 9.936679286178339e-13 34724
39.5 8.384345258769563e-16 7.217766852406543e-13 33960
40 5.728058864677612e-16 5.094603629121247e-13 32144
40.5 4.090359648870464e-16 3.636369123846221e-13 30704
41 2.774678527223508e-16 2.563456558238359e-13 28896
41.5 1.944120870997667e-16 1.779589861402142e-13 26924
42 1.389251598155734e-16 1.291361481354294e-13 25656
42.5 9.485167289016556e-17 8.963127293998501e-14 23228
43 6.823149089622686e-17 6.4096372795405e-14 21816
43.5 4.409337222557559e-17 4.357395068937013e-14 19472
44 3.127907546730298e-17 3.114591292367679e-14 17696
44.5 2.133927535239863e-17 2.112600607821269e-14 15588
45 1.361083781571206e-17 1.382319097360593e-14 13760
45.5 8.089447588121071e-18 8.347858584799276e-15 11565
46 5.252700796992342e-18 5.536247421167335e-15 10016
46.5 3.169912529629119e-18 3.434358531753161e-15 8652
47 2.133538966181117e-18 2.328493237413651e-15 7652
47.5 1.341804080722203e-18 1.458417610311555e-15 6542
48 8.459347043372802e-19 9.259211623041951e-16 5478
48.5 5.483342483046619e-19 6.154949932034978e-16 4886
49 3.390433153055196e-19 3.893269061967562e-16 4068
49.5 2.159176162045774e-19 2.603337168904261e-16 3326
50 1.395411193614721e-19 1.558526696673391e-16 2696
50.5 8.57691307336513e-20 1.034685898302091e-16 2304
51 5.874830679574981e-20 6.370952468291422e-17 1934
51.5 3.164615287558499e-20 3.871098402811297e-17 1344
52 1.732082523609854e-20 2.25138098890296e-17 848
52.5 1.282654554451623e-20 1.866689249843316e-17 888
53 7.345959195369423e-21 8.984542895008754e-18 584
53.5 3.54302374411377e-21 4.197818643799248e-18 344
54 1.115153163452857e-21 1.024511607044376e-18 102
54.5 1.170912110416328e-21 1.513240525511251e-18 104
55 1.559730325683112e-22 1.749098898080506e-19 24
55.5 1.407267527442322e-23 1.676991018737032e-22 1

0.5 3.694635123395252e-09 2.253143485465589e-08 18
1 1.64262479303218e-08 8.813918482361402e-08 62
1.5 2.236692538326252e-08 1.389135583005113e-07 98
2 4.345307975452148e-08 4.271543421661456e-07 210
2.5 5.74002752064391e-08 6.856425264714556e-07 350
3 5.636184593149963e-08 7.757759622033616e-07 450
3.5 5.414340807347885e-08 1.044141859000869e-06 602
4 5.481953008699007e-08 1.292746845896206e-06 762
4.5 7.238911333213918e-08 1.808699067276801e-06 1142
5 5.882535029138443e-08 1.88900791687357e-06 1250
5.5 5.490736898794487e-08 2.010339153082524e-06 1458
6 5.589835338558614e-08 2.401644495253852e-06 1814
6.5 5.74044020644415e-08 2.771168647071384e-06 2178
7 5.152259535314865e-08 2.783372117189938e-06 2498
7.5 4.613803753133332e-08 2.863978203943189e-06 2622
8 4.987900247315186e-08 3.46762163345464e-06 3338
8.5 4.596951590421328e-08 3.597184394860978e-06 3722
9 4.551042535909622e-08 3.891390491988101e-06 4170
9.5 3.844926241925073e-08 3.797416940810834e-06 4358
10 3.906333569934047e-08 4.058419960375214e-06 5034
10.5 3.81175016220762e-08 4.186521742155855e-06 5714
11 3.24267353105002e-08 4.013955104976893e-06 5982
11.5 3.006560584013479e-08 4.049688842415816e-06 6602
12 2.657401806357722e-08 3.765186857724669e-06 7130
12.5 2.531681710224766e-08 3.681761745929422e-06 8034
13 2.104425628975767e-08 3.46359811719271e-06 8606
13.5 1.833905247613553e-08 3.213829755534315e-06 9066
14 1.58136898702634e-08 2.957176107381363e-06 9962
14.5 1.282653120405839e-08 2.560415069849486e-06 10550
15 1.069722749899353e-08 2.262032171550964e-06 11226
15.5 8.951344874227189e-09 1.928872695293035e-06 12146
16 6.850938307605753e-09 1.623036270961904e-06 12606
16.5 5.540708455928138e-09 1.400905574018893e-06 13802
17 4.191424522372305e-09 1.129626203147227e-06 14754
17.5 3.152742711826308e-09 8.56851973199973e-07 15194
18 2.400102479067425e-09 6.942559505445596e-07 16454
18.5 1.743760554220395e-09 5.141988495465941e-07 17154
19 1.2951078022313e-09 3.998832242799425e-07 18266
19.5 8.791304344663973e-10 2.897512419329984e-07 18750
20 6.244837217858558e-10 2.155179252423142e-07 20234
20.5 4.50881220517041e-10 1.594450011484382e-07 21450
21 2.975103013065124e-10 1.067145771298526e-07 21962
21.5 2.089810509802613e-10 8.001610924652283e-08 23462
22 1.37261496044789e-10 5.442917309591367e-08 24042
22.5 9.415212284885625e-11 4.004031881894356e-08 25946
23 6.124030342142974e-11 2.607110019689071e-08 26118
23.5 4.147422968502291e-11 1.843783586414632e-08 27506
24 2.868011146092412e-11 1.292038725758172e-08 29066
24.5 1.910735254051961e-11 8.975116213367983e-09 30450
25 1.299338599564354e-11 6.340508133935013e-09 31742
25.5 8.80526306559221e-12 4.336820459092454e-09 32250
26 6.257459655405873e-12 3.155365374613114e-09 34250
26.5 4.236584367701806e-12 2.260713080082921e-09 35454
27 2.997706010027456e-12 1.571017276550706e-09 36434
27.5 2.109369428896762e-12 1.139680107641519e-09 37682
28 1.537333544697312e-12 8.260084981358803e-10 39294
28.5 1.111337214429454e-12 6.241777365269278e-10 41426
29 8.05197811131828e-13 4.520851077458476e-10 42066
29.5 5.926868089494828e-13 3.406229953553378e-10 43490
30 4.522546653545287e-13 2.617569656599372e-10 45702
30.5 3.461828699376874e-13 2.013185575480478e-10 46634
31 2.711871139655186e-13 1.57542319929353e-10 48554
31.5 2.088432864271821e-13 1.200655373590448e-10 48870
32 1.665874989430229e-13 9.885717399322582e-11 50963
32.5 1.24701601748566e-13 7.51761473791897e-11 51576
33 8.523589645109278e-14 5.244090785044109e-11 49316
33.5 5.99687724307204e-14 3.915670444339172e-11 49344
34 4.17006857638785e-14 2.809888802995708e-11 47192
34.5 3.045678580873264e-14 2.09544551013651e-11 47576
35 2.060617375760546e-14 1.468112941642475e-11 45348
35.5 1.467018367623793e-14 1.064541161002595e-11 44060
36 1.06553430592964e-14 7.834261986099991e-12 43872
36.5 7.379217660112589e-15 5.653974378120516e-12 41756
37 5.320600304172583e-15 4.09333141253994e-12 41528
37.5 3.651429024609747e-15 2.956537387873544e-12 39300
38 2.640310970638855e-15 2.092792321057167e-12 38276
38.5 1.814630314881841e-15 1.504967189152081e-12 36900
39 1.282803516955186e-15 1.066600956764768e-12 34724
39.5 9.019721361572607e-16 7.790987058212608e-13 33960
40 6.410693295675099e-16 5.557278140164638e-13 32144
40.5 4.542233459365448e-16 4.018763918730163e-13 30704
41 3.117193147247962e-16 2.806506618006434e-13 28896
41.5 2.158210654318363e-16 1.934823755026556e-13 26924
42 1.574146246720434e-16 1.437365159357399e-13 25656
42.5 1.067130476497434e-16 9.724340617393414e-14 23228
43 7.604852837094107e-17 7.214492229007902e-14 21816
43.5 5.152966321519705e-17 4.764705194950769e-14 19472
44 3.575444100633577e-17 3.4444786164606e-14 17696
44.5 2.430454806872029e-17 2.318171346879301e-14 15588
45 1.519275657486131e-17 1.525478856391519e-14 13760
45.5 9.47785441733449e-18 9.556825334222049e-15 11565
46 5.830549074042883e-18 6.259546098416034e-15 10016
46.5 3.72291910498184e-18 3.970778495366411e-15 8652
47 2.476121176101664e-18 2.570323776497387e-15 7652
47.5 1.535331848096022e-18 1.687620205816804e-15 6542
48 9.730667417089104e-19 1.060197190519656e-15 5478
48.5 6.230375247658702e-19 6.995988070767099e-16 4886
49 3.979124170229214e-19 4.376886227622075e-16 4068
49.5 2.518791499267231e-19 2.792209020113454e-16 3326
50 1.572036203772526e-19 1.869303804615353e-16 2696
50.5 1.0263824407178e-19 1.227590472150124e-16 2304
51 6.476399302746487e-20 7.949113096086781e-17 1934
51.5 3.773978020523266e-20 4.157247795337286e-17 1344
52 2.028973377538481e-20 2.64660840778227e-17 848
52.5 1.714455623915165e-20 2.069785836267598e-17 888
53 8.024700324266283e-21 1.07953107309322e-17 584
53.5 3.952276408949012e-21 5.283444829366557e-18 344
54 1.238580764731761e-21 1.401376974532587e-18 102
54.5 1.369025649273366e-21 1.544051033643345e-18 104
55 1.978575294232321e-22 2.395417675173541e-19 24
55.5 4.868146732220222e-24 1.281910258980996e-20 1

0.5 2.131341548083785e-08 3.920020361954458e-09 18
1 3.300120198493757e-08 5.599815166847014e-08 62
1.5 2.296549441664573e-08 9.700409025561845e-08 98
2 6.119239294044511e-08 3.004235870608332e-07 210
2.5 6.724669453013781e-08 5.405132809136214e-07 350
3 5.385105091101097e-08 7.344142479495521e-07 450
3.5 6.173770726775088e-08 9.003832327006134e-07 602
4 6.001141978244414e-08 1.166952406657534e-06 762
4.5 7.126244540019163e-08 1.604554676035629e-06 1142
5 5.911654457185031e-08 1.738504371149397e-06 1250
5.5 5.80142045009318e-08 1.869126592855939e-06 1458
6 5.285092577278836e-08 2.086886220152486e-06 1814
6.5 5.40092825279174e-08 2.521193908976766e-06 2178
7 4.872916295807039e-08 2.571581237355515e-06 2498
7.5 4.640770293090191e-08 2.537916686309881e-06 2622
8 4.959111108871106e-08 3.261876819794184e-06 3338
8.5 4.439859042193636e-08 3.452464033712068e-06 3722
9 4.355120864093615e-08 3.777361712068003e-06 4170
9.5 3.833409563434439e-08 3.534007580933864e-06 4358
10 3.87922481648282e-08 3.834674900491519e-06 5034
10.5 3.532011382545082e-08 4.036381976832665e-06 5714
11 3.181013623609403e-08 3.897077177611125e-06 5982
11.5 3.05788309461588e-08 3.861964950714097e-06 6602
12 2.668977083288604e-08 3.713373335667009e-06 7130
12.5 2.473612831424693e-08 3.516053910279077e-06 8034
13 2.10896251178326e-08 3.353026541808864e-06 8606
13.5 1.831507730678483e-08 3.056551577479751e-06 9066
14 1.578659268269214e-08 2.870045330253011e-06 9962
14.5 1.317628220093249e-08 2.461734600506121e-06 10550
15 1.063732529391246e-08 2.196015654469871e-06 11226
15.5 8.717815617256969e-09 1.948985282429893e-06 12146
16 6.878456578978527e-09 1.580079752319283e-06 12606
16.5 5.55054349007249e-09 1.371490213393076e-06 13802
17 4.274015206641864e-09 1.106226348655841e-06 14754
17.5 3.151922369259754e-09 8.299154718733749e-07 15194
18 2.447870933020922e-09 6.779469783042771e-07 16454
18.5 1.740882949890803e-09 5.228273923670216e-07 17154
19 1.278722524510046e-09 4.053694231924332e-07 18266
19.5 8.902820731813113e-10 2.867125689398553e-07 18750
20 6.369349200745686e-10 2.146344745878468e-07 20234
20.5 4.505796872889092e-10 1.596278167363316e-07 21450
21 2.987599703824654e-10 1.109965589728051e-07 21962
21.5 2.104401648232579e-10 7.946167274100539e-08 23462
22 1.391381891647195e-10 5.540570129160566e-08 24042
22.5 9.876655789679527e-11 3.983834527883578e-08 25946
23 6.217301710262096e-11 2.658278484660587e-08 26118
23.5 4.283641294279114e-11 1.877035055204016e-08 27506
24 2.885971118093988e-11 1.315219391162205e-08 29066
24.5 1.993496082900194e-11 9.238014412725551e-09 30450
25 1.354375182527025e-11 6.467232301334491e-09 31742
25.5 9.086791428024535e-12 4.431425913766955e-09 32250
26 6.472472674075474e-12 3.235371208823057e-09 34250
26.5 4.541947469589432e-12 2.26734147666909e-09 35454
27 3.142774665947827e-12 1.622345531369016e-09 36434
27.5 2.217990076284101e-12 1.188617037917466e-09 37682
28 1.60715351500503e-12 8.645463199308603e-10 39294
28.5 1.175107620978313e-12 6.453662799035258e-10 41426
29 8.455733420786898e-13 4.792274711976952e-10 42066
29.5 6.330891725872606e-13 3.517815768089987e-10 43490
30 4.839610484212603e-13 2.733110004698408e-10 45702
30.5 3.661050794023917e-13 2.130218189017803e-10 46634
31 2.875885550276108e-13 1.664599066702974e-10 48554
31.5 2.223519900338891e-13 1.281401485006705e-10 48870
32 1.788976141203576e-13 1.049146527955793e-10 50963
32.5 1.346353534875964e-13 7.931809772530629e-11 51576
33 9.220081474604515e-14 5.587676744182729e-11 49316
33.5 6.433811010280486e-14 4.136872809730652e-11 49344
34 4.529546143732611e-14 2.996377808371323e-11 47192
34.5 3.293266536260453e-14 2.258738417503641e-11 47576
35 2.239880204541914e-14 1.558875125018857e-11 45348
35.5 1.588106020189509e-14 1.137212324614309e-11 44060
36 1.157793346283221e-14 8.566408532303122e-12 43872
36.5 8.054415723940623e-15 6.077873646901379e-12 41756
37 5.779167781909278e-15 4.474943435954495e-12 41528
37.5 4.018153162588457e-15 3.174543817118547e-12 39300
38 2.884086925443579e-15 2.3075543188246e-12 38276
38.5 2.013387110907702e-15 1.660326730413997e-12 36900
39 1.414069361369308e-15 1.177446328683572e-12 34724
39.5 1.008985094426861e-15 8.5667202723705e-13 33960
40 7.151182375326306e-16 6.092329844583593e-13 32144
40.5 5.066908005256095e-16 4.428541659432868e-13 30704
41 3.562889895003497e-16 3.105347106212062e-13 28896
41.5 2.412380971648091e-16 2.160205864075585e-13 26924
42 1.782609267295786e-16 1.608435585313436e-13 25656
42.5 1.1749385684432e-16 1.090562064794273e-13 23228
43 8.723212635916406e-17 8.001961502470735e-14 21816
43.5 5.80054760530124e-17 5.506135539939627e-14 19472
44 4.036259025892903e-17 3.898104864347611e-14 17696
44.5 2.763807795039886e-17 2.600664974024881e-14 15588
45 1.744679647156349e-17 1.723206711160316e-14 13760
45.5 1.074872836782655e-17 1.098188859165697e-14 11565
46 6.809967423317476e-18 6.81016720130133e-15 10016
46.5 4.315742300244358e-18 4.547918681150725e-15 8652
47 2.794823675701038e-18 2.941903772029414e-15 7652
47.5 1.748425951953121e-18 1.968251965732097e-15 6542
48 1.082495769914785e-18 1.271784006522466e-15 5478
48.5 7.405093747511619e-19 8.050900492981033e-16 4886
49 4.405796120425605e-19 5.349793588936296e-16 4068
49.5 2.877102682085334e-19 3.260612806535519e-16 3326
50 1.840605724289711e-19 2.138872851593694e-16 2696
50.5 1.223002951468076e-19 1.402390931732547e-16 2304
51 7.614592779013846e-20 9.290585350373363e-17 1934
51.5 4.217245134970483e-20 5.231181593663773e-17 1344
52 2.352864991652287e-20 2.89740910510077e-17 848
52.5 2.011223196687583e-20 2.274426363186832e-17 888
53 1.028269584945087e-20 1.132371855544408e-17 584
53.5 5.923211824987041e-21 6.34094673058656e-18 344
54 1.277289170586191e-21 1.768505694502788e-18 102
54.5 2.01504398641261e-21 1.717005269791247e-18 104
55 3.228989058609955e-22 2.539230556127388e-19 24
55.5 2.135244002756628e-23 1.001393347401095e-20 1

0.5 1.356247866115082e-08 2.540571865579632e-08 18
1 1.512861468599356e-08 1.421308332334763e-07 62
1.5 1.767946233851181e-08 1.836547818133799e-07 98
2 3.047253702879147e-08 6.01142942982717e-07 210
2.5 4.40945228733359e-08 7.962285563688665e-07 350
3 4.120733927741823e-08 9.767508579095908e-07 450
3.5 4.401515490419941e-08 1.322565751346809e-06 602
4 4.735043020940901e-08 1.335633291404519e-06 762
4.5 5.326659058215539e-08 1.992784158343955e-06 1142
5 4.60079085246886e-08 1.936472284542244e-06 1250
5.5 4.164692659343026e-08 2.137290466235503e-06 1458
6 4.213134347357868e-08 2.475771770018181e-06 1814
6.5 4.465248622426416e-08 2.753833004282445e-06 2178
7 4.281952318918771e-08 2.83786084377419e-06 2498
7.5 3.907589340269291e-08 2.820377151502779e-06 2622
8 4.163984122491567e-08 3.527581778839421e-06 3338
8.5 3.889802263487644e-08 3.697556293604617e-06 3722
9 3.743032231590607e-08 3.840072825384782e-06 4170
9.5 3.620748037640438e-08 3.738709204545812e-06 4358
10 3.351968363180256e-08 4.102777519175236e-06 5034
10.5 3.319641254055609e-08 4.130674096965553e-06 5714
11 2.990037682139847e-08 4.016156503519707e-06 5982
11.5 2.776721606974824e-08 4.133931875076925e-06 6602
12 2.484860464609825e-08 3.899089446002105e-06 7130
12.5 2.228162270298262e-08 3.793419130190711e-06 8034
13 1.985477073879384e-08 3.551092687167805e-06 8606
13.5 1.739973017758779e-08 3.193664117551548e-06 9066
14 1.48180338716977e-08 2.986801354166007e-06 9962
14.5 1.241772118502625e-08 2.663814772500699e-06 10550
15 1.00911589676091e-08 2.308215485558318e-06 11226
15.5 8.489903834977813e-09 2.090751990050556e-06 12146
16 6.802871033250375e-09 1.678383624406053e-06 12606
16.5 5.361275466778062e-09 1.455802791207796e-06 13802
17 4.29693154348158e-09 1.179499388266272e-06 14754
17.5 3.088776769810171e-09 9.061983615718469e-07 15194
18 2.367843820896533e-09 7.439399882868508e-07 16454
18.5 1.711501521052918e-09 5.496904127144828e-07 17154
19 1.282062994776671e-09 4.250490378243867e-07 18266
19.5 9.061417272303739e-10 3.162334081927666e-07 18750
20 6.414596470194093e-10 2.350399681716037e-07 20234
20.5 4.62380155967808e-10 1.718626116739965e-07 21450
21 3.116149981033071e-10 1.207682321051733e-07 21962
21.5 2.176675015043272e-10 8.659130149030898e-08 23462
22 1.447577959722758e-10 5.980846003447337e-08 24042
22.5 1.009636818670739e-10 4.49524348271377e-08 25946
23 6.376156555818232e-11 2.974327278902277e-08 26118
23.5 4.467742924214506e-11 2.039247295094728e-08 27506
24 3.081901658113333e-11 1.460978878694256e-08 29066
24.5 2.155688564635105e-11 1.020371206706825e-08 30450
25 1.447512786930442e-11 7.234801980375234e-09 31742
25.5 9.754951353317483e-12 4.939469292404016e-09 32250
26 6.913215267168412e-12 3.617304478030675e-09 34250
26.5 4.853882555120763e-12 2.624857053118025e-09 35454
27 3.348078582740262e-12 1.814322572079561e-09 36434
27.5 2.388446171874227e-12 1.348055886263312e-09 37682
28 1.719997247903767e-12 9.906065283367286e-10 39294
28.5 1.290175644979038e-12 7.329873672413098e-10 41426
29 9.255313975871626e-13 5.406483802496659e-10 42066
29.5 6.822322075832927e-13 3.978708944223207e-10 43490
30 5.285382411172791e-13 3.103923859915018e-10 45702
30.5 3.999974893110896e-13 2.388069616749382e-10 46634
31 3.123489973966362e-13 1.87546439191536e-10 48554
31.5 2.407541454384335e-13 1.456065256012661e-10 48870
32 1.954483511401798e-13 1.175904981686628e-10 50963
32.5 1.447239038812255e-13 8.960340813326078e-11 51576
33 9.913207857237475e-14 6.382234039769404e-11 49316
33.5 7.101437207888439e-14 4.660552569960861e-11 49344
34 4.974144925100632e-14 3.385201556810402e-11 47192
34.5 3.567724214669622e-14 2.526673055398437e-11 47576
35 2.454352698702467e-14 1.795717192702487e-11 45348
35.5 1.736856409536596e-14 1.283714965623948e-11 44060
36 1.286576942920109e-14 9.783950921078671e-12 43872
36.5 8.788965308967393e-15 6.833341847226522e-12 41756
37 6.427804994692102e-15 5.137936620776166e-12 41528
37.5 4.477927134093006e-15 3.592231997160105e-12 39300
38 3.181721184031238e-15 2.6529253714133e-12 38276
38.5 2.251373791182561e-15 1.909365994966367e-12 36900
39 1.585445179372807e-15 1.339536717238542e-12 34724
39.5 1.13633045127203e-15 9.750003522744413e-13 33960
40 8.073514639634176e-16 6.918031196323899e-13 32144
40.5 5.711319775501196e-16 5.047748453860229e-13 30704
41 4.029203698428316e-16 3.589987587831862e-13 28896
41.5 2.792277510950937e-16 2.439269886748601e-13 26924
42 1.974889763134028e-16 1.852244945859206e-13 25656
42.5 1.327144017050516e-16 1.261338884000706e-13 23228
43 9.904477039611194e-17 9.164752306106869e-14 21816
43.5 6.503361776380222e-17 6.307511415541088e-14 19472
44 4.654382578295771e-17 4.498460230833038e-14 17696
44.5 3.165459585604564e-17 3.00463330671474e-14 15588
45 1.98166579198185e-17 2.028556445874235e-14 13760
45.5 1.203659172728543e-17 1.262312134310604e-14 11565
46 7.605775817113223e-18 8.157906153043859e-15 10016
46.5 4.968740929723449e-18 5.369776882644437e-15 8652
47 3.095160501022878e-18 3.530666830844254e-15 7652
47.5 2.039630928038038e-18 2.175278502342322e-15 6542
48 1.305078043298331e-18 1.462712823606372e-15 5478
48.5 8.635836418051391e-19 9.708523793425447e-16 4886
49 5.176541583093476e-19 6.049346928104976e-16 4068
49.5 3.340883688961682e-19 3.848138255975672e-16 3326
50 2.164067929074222e-19 2.483184585136233e-16 2696
50.5 1.459046071933877e-19 1.595898944676397e-16 2304
51 9.237227917184071e-20 1.047239634345566e-16 1934
51.5 4.911280175742952e-20 5.971652819640492e-17 1344
52 2.725011449152038e-20 3.335351721098583e-17 848
52.5 2.145421040394185e-20 2.534790748049721e-17 888
53 1.28735408557202e-20 1.274459099082845e-17 584
53.5 6.385489807307923e-21 8.372327604482975e-18 344
54 1.667574729111042e-21 1.548657851735761e-18 102
54.5 1.564498858467543e-21 2.431225133048162e-18 104
55 2.791398095410699e-22 2.58676975583369e-19 24
55.5 3.260701460522278e-23 2.250746524848377e-22 1

0.5 3.628931305289173e-09 3.955522355984228e-08 18
1 8.490848392334651e-09 1.045756688069821e-07 62
1.5 1.500976502053273e-08 1.568571677277867e-07 98
2 3.536922364854909e-08 3.378130449307555e-07 210
2.5 5.296676694031548e-08 6.38886909820259e-07 350
3 4.502384382207949e-08 8.931434904170205e-07 450
3.5 5.106817845804475e-08 1.035557893452252e-06 602
4 5.428388848786571e-08 1.152301907520279e-06 762
4.5 6.190877247539395e-08 1.677106993742693e-06 1142
5 4.68632275301089e-08 1.56760831108811e-06 1250
5.5 4.266674508650781e-08 1.681875176446805e-06 1458
6 4.686409459292986e-08 2.026817514656456e-06 1814
6.5 4.463385944651155e-08 2.198931525961538e-06 2178
7 4.372285161471822e-08 2.558506237831401e-06 2498
7.5 4.10428215261376e-08 2.630481594381603e-06 2622
8 4.373893691894425e-08 3.067578553542282e-06 3338
8.5 4.039963840537174e-08 3.243364999335997e-06 3722
9 3.91834834921958e-08 3.4570866458339e-06 4170
9.5 3.438718291298396e-08 3.404162406315419e-06 4358
10 3.516639009169814e-08 3.862978430593444e-06 5034
10.5 3.400695954427005e-08 3.876532783216204e-06 5714
11 3.0950154176989e-08 3.756028731538137e-06 5982
11.5 2.839753078670548e-08 3.723587127174212e-06 6602
12 2.572985613339702e-08 3.67333564931591e-06 7130
12.5 2.284060041197378e-08 3.591550116068442e-06 8034
13 2.013187833597406e-08 3.411015511374489e-06 8606
13.5 1.724615242461206e-08 3.119688449185582e-06 9066
14 1.553717868111476e-08 2.837639329844956e-06 9962
14.5 1.250853531485996e-08 2.49851723505727e-06 10550
15 1.080650984322174e-08 2.26846876450355e-06 11226
15.5 8.938634156730457e-09 1.970176496178774e-06 12146
16 6.856793296186774e-09 1.678859232355961e-06 12606
16.5 5.609411457190761e-09 1.385232584633937e-06 13802
17 4.400103700819015e-09 1.168373156653842e-06 14754
17.5 3.210621129921082e-09 8.799016877668669e-07 15194
18 2.469295453338155e-09 7.064175982499675e-07 16454
18.5 1.749799794411051e-09 5.37559478035209e-07 17154
19 1.348330396625594e-09 4.111769438699296e-07 18266
19.5 9.179991203267436e-10 3.084439300224159e-07 18750
20 6.487317731263753e-10 2.33383576712683e-07 20234
20.5 4.697868849066981e-10 1.704659165971822e-07 21450
21 3.174840468016249e-10 1.175262366870546e-07 21962
21.5 2.15125221251488e-10 8.554527625413028e-08 23462
22 1.43773120505827e-10 5.822933752966013e-08 24042
22.5 1.025461342851968e-10 4.297258617508967e-08 25946
23 6.45168766650647e-11 2.763581064696507e-08 26118
23.5 4.431902032953171e-11 1.984178557308295e-08 27506
24 3.064954378850841e-11 1.390688644091974e-08 29066
24.5 2.108059593650652e-11 9.889791055689443e-09 30450
25 1.447443642568886e-11 6.962832614380464e-09 31742
25.5 9.798250189886315e-12 4.893837912084246e-09 32250
26 7.007958603500636e-12 3.509757255433383e-09 34250
26.5 4.895324186022868e-12 2.578988034395503e-09 35454
27 3.434135771057099e-12 1.807209535459746e-09 36434
27.5 2.442185926090773e-12 1.325612049742868e-09 37682
28 1.788666373666092e-12 9.805305828754482e-10 39294
28.5 1.332205803209048e-12 7.367818754003573e-10 41426
29 9.695663064835753e-13 5.385337945082484e-10 42066
29.5 7.115733392620477e-13 4.104572345507574e-10 43490
30 5.541900025840908e-13 3.184063394103183e-10 45702
30.5 4.222049085207288e-13 2.46079453792873e-10 46634
31 3.295763947222113e-13 1.917821895852288e-10 48554
31.5 2.589450543158101e-13 1.508677154994027e-10 48870
32 2.052773819929036e-13 1.212475131456507e-10 50963
32.5 1.538324504071862e-13 9.349796327601239e-11 51576
33 1.051640084754791e-13 6.673363614768944e-11 49316
33.5 7.546398917332035e-14 4.871624760386214e-11 49344
34 5.303581830444163e-14 3.51248727026515e-11 47192
34.5 3.836709366256375e-14 2.645788512967958e-11 47576
35 2.654836903427859e-14 1.877715908093753e-11 45348
35.5 1.885384793604636e-14 1.356188514153514e-11 44060
36 1.38888986242282e-14 1.023786277228759e-11 43872
36.5 9.520770379267355e-15 7.279484359714042e-12 41756
37 6.873751268165539e-15 5.397568715075852e-12 41528
37.5 4.834628436253627e-15 3.871207246704512e-12 39300
38 3.471971584036194e-15 2.829268504238795e-12 38276
38.5 2.507100239016713e-15 2.047446925500343e-12 36900
39 1.715664074504796e-15 1.461803057973363e-12 34724
39.5 1.252662601221282e-15 1.049712182777021e-12 33960
40 8.8922435284842e-16 7.57055762877254e-13 32144
40.5 6.277341782812483e-16 5.471129658086003e-13 30704
41 4.394623876958584e-16 3.953766462247572e-13 28896
41.5 2.974942016335425e-16 2.730986300725148e-13 26924
42 2.192138520326923e-16 2.003541428862513e-13 25656
42.5 1.501440457573049e-16 1.371396072969056e-13 23228
43 1.107386551423821e-16 1.00942565482707e-13 21816
43.5 7.24312465143208e-17 6.980961079507862e-14 19472
44 5.222937846919518e-17 4.993723581586662e-14 17696
44.5 3.38252993766364e-17 3.442433470207306e-14 15588
45 2.281318515228208e-17 2.190392622420029e-14 13760
45.5 1.37719380848989e-17 1.397825249387489e-14 11565
46 8.558081392366268e-18 9.328512558098644e-15 10016
46.5 5.452484544952115e-18 6.020392669515192e-15 8652
47 3.558554410700935e-18 3.872263670099353e-15 7652
47.5 2.223405516948326e-18 2.500752419019257e-15 6542
48 1.492503696696015e-18 1.579206797712153e-15 5478
48.5 9.684212425982576e-19 1.091829695569343e-15 4886
49 6.169813036356401e-19 6.934444945691982e-16 4068
49.5 3.907724767900216e-19 4.527374549786203e-16 3326
50 2.542805948679407e-19 2.800996451939929e-16 2696
50.5 1.621708865247376e-19 1.822414407343693e-16 2304
51 1.076045668091507e-19 1.176699855479709e-16 1934
51.5 5.535729469717012e-20 6.729572903301246e-17 1344
52 3.23691743377805e-20 3.77714910003488e-17 848
52.5 2.472685017404298e-20 2.980206210620792e-17 888
53 1.315030983509346e-20 1.834937847713671e-17 584
53.5 7.493448548107319e-21 9.48787717443377e-18 344
54 2.012588600736752e-21 2.197769254850492e-18 102
54.5 1.9285654072199e-21 2.547876473374566e-18 104
55 2.896403116799263e-22 5.382313772946174e-19 24
55.5 6.301619821550821e-24 2.497437829418091e-20 1

0.5 1.195297514026089e-08 7.883604597923614e-09 18
1 3.148080457471873e-08 5.549909993586855e-08 62
1.5 3.13535245484783e-08 8.438054494691897e-08 98
2 5.017945696844027e-08 2.173634406018209e-07 210
2.5 6.425909221974974e-08 3.913134730636287e-07 350
3 5.407675229372494e-08 5.960514140443427e-07 450
3.5 6.439315548509948e-08 7.773372959629936e-07 602
4 5.850764300327631e-08 1.072964880389809e-06 762
4.5 6.303729046363298e-08 1.346559091408981e-06 1142
5 4.619243669065169e-08 1.379548111741758e-06 1250
5.5 4.609948470104871e-08 1.556859317076849e-06 1458
6 4.624140619959176e-08 1.823534023592223e-06 1814
6.5 4.762305613156862e-08 2.084493809831386e-06 2178
7 4.482434480448187e-08 2.309658260645761e-06 2498
7.5 4.016045629095673e-08 2.269186700702977e-06 2622
8 4.520033046857053e-08 2.82494441067268e-06 3338
8.5 4.116361165504791e-08 3.101479324482506e-06 3722
9 3.889554950146963e-08 3.177017507228612e-06 4170
9.5 3.537482307951655e-08 3.149061905498731e-06 4358
10 3.691996627713228e-08 3.584500548056435e-06 5034
10.5 3.373798285821744e-08 3.506951472982806e-06 5714
11 3.083007256842771e-08 3.607639970615352e-06 5982
11.5 2.813673849306037e-08 3.608718002757882e-06 6602
12 2.567464582696589e-08 3.427720510754367e-06 7130
12.5 2.332280978354123e-08 3.349977733696178e-06 8034
13 2.046168023942051e-08 3.176783674080735e-06 8606
13.5 1.740286522295155e-08 2.931812578642456e-06 9066
14 1.553658558675326e-08 2.761334966342178e-06 9962
14.5 1.287669152971612e-08 2.438041419611998e-06 10550
15 1.054686368275411e-08 2.159374891874066e-06 11226
15.5 9.01348473382148e-09 1.93138452631879e-06 12146
16 7.014571220447026e-09 1.564843112576608e-06 12606
16.5 5.699422515679513e-09 1.368794374033027e-06 13802
17 4.430518359986702e-09 1.111000397805463e-06 14754
17.5 3.275288706305794e-09 8.632823915320851e-07 15194
18 2.460517706553971e-09 7.00839447062622e-07 16454
18.5 1.814378078275183e-09 5.283638812125349e-07 17154
19 1.322917653500743e-09 4.106559257185644e-07 18266
19.5 9.400532911885502e-10 3.024675520009263e-07 18750
20 6.717868210933524e-10 2.223023225606371e-07 20234
20.5 4.76143676960174e-10 1.692773352213398e-07 21450
21 3.253113042912123e-10 1.173338938920999e-07 21962
21.5 2.18367279173861e-10 8.311067303218642e-08 23462
22 1.47763612918321e-10 5.775575090678983e-08 24042
22.5 1.038018342476484e-10 4.205337524275861e-08 25946
23 6.432931468893211e-11 2.764945191377511e-08 26118
23.5 4.472023212127388e-11 1.969578971507863e-08 27506
24 3.107425455251997e-11 1.363104408852315e-08 29066
24.5 2.119145372358815e-11 9.795251164702106e-09 30450
25 1.446102765579959e-11 6.933417949761968e-09 31742
25.5 9.937854255880964e-12 4.832711958214198e-09 32250
26 7.085966283989058e-12 3.526492626144282e-09 34250
26.5 5.040455303229636e-12 2.534105844031077e-09 35454
27 3.528533592226261e-12 1.802415049929594e-09 36434
27.5 2.487213103025087e-12 1.309173471270293e-09 37682
28 1.833599812349112e-12 9.860476491672194e-10 39294
28.5 1.369170203390836e-12 7.447256410728804e-10 41426
29 9.86277065913066e-13 5.467606478931123e-10 42066
29.5 7.398643362562171e-13 4.152483613235067e-10 43490
30 5.724394005761577e-13 3.264023840536564e-10 45702
30.5 4.33989184201812e-13 2.506911247978147e-10 46634
31 3.464188648737293e-13 1.981154243390087e-10 48554
31.5 2.688625442217877e-13 1.542351287299018e-10 48870
32 2.166478870457546e-13 1.247342271861048e-10 50963
32.5 1.613966044312696e-13 9.729258383506152e-11 51576
33 1.109892357693782e-13 6.937311769175337e-11 49316
33.5 8.000255870766144e-14 5.079591092752777e-11 49344
34 5.596004746881108e-14 3.643517931313126e-11 47192
34.5 4.126847762348278e-14 2.757278309580521e-11 47576
35 2.823653611408817e-14 1.981760611776928e-11 45348
35.5 1.982612336147079e-14 1.434448787898074e-11 44060
36 1.467627248550145e-14 1.099717129213164e-11 43872
36.5 1.02026058934635e-14 7.801702076182725e-12 41756
37 7.445888419444157e-15 5.745618098382855e-12 41528
37.5 5.272898321827036e-15 4.101461179565864e-12 39300
38 3.789045152256627e-15 2.981444665252368e-12 38276
38.5 2.69635621301509e-15 2.197074146854069e-12 36900
39 1.866663708984871e-15 1.548531649817626e-12 34724
39.5 1.348883055205423e-15 1.137736397239946e-12 33960
40 9.596381990667932e-16 8.317156841110055e-13 32144
40.5 6.815157399685429e-16 5.950269210059732e-13 30704
41 4.790099403542006e-16 4.259722152634343e-13 28896
41.5 3.331692522347231e-16 2.963719432628497e-13 26924
42 2.411913681678809e-16 2.188935387084856e-13 25656
42.5 1.660302568632448e-16 1.493869378112989e-13 23228
43 1.208056444179325e-16 1.112096531775381e-13 21816
43.5 8.229418585390074e-17 7.706122329725989e-14 19472
44 5.824959713191179e-17 5.415996603883598e-14 17696
44.5 3.881232367604607e-17 3.695802439336693e-14 15588
45 2.485985539087066e-17 2.449313069208082e-14 13760
45.5 1.547794511257723e-17 1.607562019067757e-14 11565
46 9.867114535551374e-18 1.006459602323024e-14 10016
46.5 6.290550958641514e-18 6.543564385763464e-15 8652
47 3.910782474069779e-18 4.355548397201028e-15 7652
47.5 2.500388270984279e-18 2.782328901109911e-15 6542
48 1.621042277774934e-18 1.794710654275936e-15 5478
48.5 1.095484550617625e-18 1.230448902114422e-15 4886
49 7.141931167389188e-19 7.888594815429807e-16 4068
49.5 4.314934899397309e-19 5.169236603560372e-16 3326
50 2.832424077713959e-19 3.0428872887215e-16 2696
50.5 1.769334598732713e-19 2.203464409608021e-16 2304
51 1.171471564006936e-19 1.381820480796024e-16 1934
51.5 6.25558928418332e-20 7.614291522232999e-17 1344
52 3.69310750879469e-20 4.321108296948615e-17 848
52.5 2.797745253933382e-20 3.336686897840251e-17 888
53 1.783964009048619e-20 1.878606710767482e-17 584
53.5 8.75213831915313e-21 1.010321446987662e-17 344
54 2.356694423001095e-21 3.367258476437777e-18 102
54.5 2.491346204526919e-21 2.601682754533275e-18 104
55 4.601832158013816e-22 7.667971026413409e-19 24
55.5 1.503474122722943e-24 9.172334929478422e-20 1

0.5 1.57368780055105e-08 1.360215958721516e-08 18
1 2.850702966629824e-08 1.303859149177299e-07 62
1.5 1.766437864986853e-08 2.100712891121149e-07 98
2 3.431499177496075e-08 4.740223819640419e-07 210
2.5 3.994844141549997e-08 5.934359002411916e-07 350
3 3.960047089936679e-08 7.374783800671779e-07 450
3.5 3.90824237206834e-08 1.056073389741183e-06 602
4 3.936450845331999e-08 1.152465596571096e-06 762
4.5 4.775638255026262e-08 1.487448456464765e-06 1142
5 3.858901844484029e-08 1.610253329409029e-06 1250
5.5 3.871197818629222e-08 1.725576017125463e-06 1458
6 3.812408491630857e-08 2.087288379366698e-06 1814
6.5 3.996326013386923e-08 2.267298539042222e-06 2178
7 3.869868532685807e-08 2.408301676934423e-06 2498
7.5 3.472750279864842e-08 2.443351003000039e-06 2622
8 3.755438872567608e-08 3.012576595286865e-06 3338
8.5 3.64809111149317e-08 3.360339244853541e-06 3722
9 3.506675651550502e-08 3.289002029775496e-06 4170
9.5 3.151048645555092e-08 3.371225848634081e-06 4358
10 3.260084510253627e-08 3.752146606710549e-06 5034
10.5 3.120602523564671e-08 3.840207126160055e-06 5714
11 2.703119170191314e-08 3.679400982595483e-06 5982
11.5 2.547365632423359e-08 3.751881022729686e-06 6602
12 2.328991686165098e-08 3.54977254668942e-06 7130
12.5 2.178999848371304e-08 3.592199060237463e-06 8034
13 1.899865548867859e-08 3.335059127403741e-06 8606
13.5 1.627959871369676e-08 3.098218760139963e-06 9066
14 1.485744288684556e-08 2.875145170596119e-06 9962
14.5 1.208335992881668e-08 2.516325701776267e-06 10550
15 1.019181934996294e-08 2.260247921712801e-06 11226
15.5 8.485553994495828e-09 2.018507730426253e-06 12146
16 6.640212237111974e-09 1.663247602982285e-06 12606
16.5 5.498670905149651e-09 1.447931566411485e-06 13802
17 4.371622027206943e-09 1.168910696964944e-06 14754
17.5 3.195373031428396e-09 9.052883717589094e-07 15194
18 2.454949918260403e-09 7.419070694653461e-07 16454
18.5 1.786799755047505e-09 5.683504150166487e-07 17154
19 1.338399781562005e-09 4.371028129296834e-07 18266
19.5 9.421249877124437e-10 3.187835028739283e-07 18750
20 6.889336997231873e-10 2.395840936669434e-07 20234
20.5 4.882777584325254e-10 1.782129776063256e-07 21450
21 3.295209416221053e-10 1.260609476912396e-07 21962
21.5 2.277654646933932e-10 9.069864915013034e-08 23462
22 1.535555525285986e-10 6.406414384135367e-08 24042
22.5 1.079943418083134e-10 4.63913889150943e-08 25946
23 7.005001201127246e-11 3.086167933243655e-08 26118
23.5 4.819299896279377e-11 2.176572452460621e-08 27506
24 3.306064805922729e-11 1.525853872090087e-08 29066
24.5 2.246754509467669e-11 1.102297973114954e-08 30450
25 1.566964028739416e-11 7.746505813734786e-09 31742
25.5 1.049637976404822e-11 5.423725366716084e-09 32250
26 7.571409010530176e-12 3.940759858744091e-09 34250
26.5 5.472994016882629e-12 2.843793230547409e-09 35454
27 3.744719850832324e-12 2.047520139850428e-09 36434
27.5 2.700651907023741e-12 1.48486235101979e-09 37682
28 1.968585031586045e-12 1.106888131712224e-09 39294
28.5 1.465275295237493e-12 8.352292959518241e-10 41426
29 1.057028554229002e-12 6.149622956440397e-10 42066
29.5 8.026478622472856e-13 4.652366159886937e-10 43490
30 6.213785253216804e-13 3.690758990723415e-10 45702
30.5 4.692342413604916e-13 2.788486973865898e-10 46634
31 3.70867072249501e-13 2.223875778236001e-10 48554
31.5 2.87871684882948e-13 1.720431244627038e-10 48870
32 2.304036852502003e-13 1.40944220672926e-10 50963
32.5 1.739118549089169e-13 1.070349976626034e-10 51576
33 1.189082140944459e-13 7.675036537630571e-11 49316
33.5 8.595069685689213e-14 5.643955867761939e-11 49344
34 6.036846708580993e-14 4.052389685497623e-11 47192
34.5 4.451691816260922e-14 3.114730756914333e-11 47576
35 3.059478440148384e-14 2.224368744418124e-11 45348
35.5 2.165471208672163e-14 1.588411737760501e-11 44060
36 1.594023431971956e-14 1.215871088951443e-11 43872
36.5 1.116616766947561e-14 8.663422927810642e-12 41756
37 8.150451593853145e-15 6.467334653124325e-12 41528
37.5 5.734082907418263e-15 4.635879316182963e-12 39300
38 4.095389724326839e-15 3.405432205425783e-12 38276
38.5 2.970576421495624e-15 2.412419968008759e-12 36900
39 2.051392665526615e-15 1.729384443457326e-12 34724
39.5 1.47950930424176e-15 1.300127707568098e-12 33960
40 1.060899944003481e-15 9.229323038583778e-13 32144
40.5 7.502883404153956e-16 6.720454908626926e-13 30704
41 5.314091285888166e-16 4.763382404671404e-13 28896
41.5 3.721912435607129e-16 3.35078582025655e-13 26924
42 2.665760557802165e-16 2.48223068491541e-13 25656
42.5 1.868364636479021e-16 1.673726151951649e-13 23228
43 1.34209009082019e-16 1.258507122233305e-13 21816
43.5 9.075750337347151e-17 8.830888944364226e-14 19472
44 6.404161288835022e-17 6.172196215844258e-14 17696
44.5 4.375662265974914e-17 4.140863986005171e-14 15588
45 2.7922766776168e-17 2.775903014606394e-14 13760
45.5 1.77387465384112e-17 1.780682036059041e-14 11565
46 1.088553891373457e-17 1.167633031753771e-14 10016
46.5 6.870455136791902e-18 7.720681160025888e-15 8652
47 4.504800328073758e-18 4.988052913296804e-15 7652
47.5 2.827058412178047e-18 3.184693197019451e-15 6542
48 1.881174672528747e-18 1.978934360169073e-15 5478
48.5 1.245113364559124e-18 1.407990410441766e-15 4886
49 8.117959560746101e-19 8.791095959512951e-16 4068
49.5 5.020662096433892e-19 5.681510892422259e-16 3326
50 3.090579414954495e-19 3.640752423203248e-16 2696
50.5 1.911985688031446e-19 2.55696113378856e-16 2304
51 1.351640017704885e-19 1.552240234719019e-16 1934
51.5 7.281690942930134e-20 9.173593833603153e-17 1344
52 4.268746512077389e-20 5.144485051246058e-17 848
52.5 3.220550179276817e-20 4.200906804653453e-17 888
53 1.82682196900664e-20 2.380270983137217e-17 584
53.5 1.025608508650914e-20 1.233679486276292e-17 344
54 3.288488104616252e-21 3.203249194133261e-18 102
54.5 2.391730161459359e-21 3.418921740365774e-18 104
55 6.1520289645767e-22 7.473915394433055e-19 24
55.5 1.223241937196944e-23 8.008498923649159e-20 1

0.5 9.074931073154402e-09 2.188439337107312e-08 18
1 2.434697209308542e-08 1.054426121922016e-07 62
1.5 1.636889818569378e-08 1.330321137066814e-07 98
2 3.799608203003716e-08 2.949816012739372e-07 210
2.5 4.236731691113434e-08 5.666723544178412e-07 350
3 3.384047876054452e-08 7.268075964747522e-07 450
3.5 4.633874417661759e-08 9.432114732786685e-07 602
4 4.537789893472733e-08 1.043475181388682e-06 762
4.5 4.650215332353838e-08 1.445543991322156e-06 1142
5 4.182767133106714e-08 1.505506674145313e-06 1250
5.5 3.724250693265384e-08 1.595517218884087e-06 1458
6 3.972816540980382e-08 1.857721275226457e-06 1814
6.5 4.031610442522465e-08 1.986549020517362e-06 2178
7 3.796623522582911e-08 2.405860327839922e-06 2498
7.5 3.404241784248755e-08 2.351139645466563e-06 2622
8 3.760887758592484e-08 2.973555987259491e-06 3338
8.5 3.464934364530013e-08 3.116766239445616e-06 3722
9 3.459014196984507e-08 3.294857762103854e-06 4170
9.5 3.076577008605778e-08 3.204136113890801e-06 4358
10 3.213650564991073e-08 3.452349341334328e-06 5034
10.5 3.058083451859111e-08 3.72146314786394e-06 5714
11 2.77762800826962e-08 3.462136855264564e-06 5982
11.5 2.530588849630118e-08 3.605880687400342e-06 6602
12 2.319381037048852e-08 3.463713251089712e-06 7130
12.5 2.149065469048542e-08 3.530295007872376e-06 8034
13 1.918244122542315e-08 3.192951296001452e-06 8606
13.5 1.676458326835657e-08 2.97687614574733e-06 9066
14 1.478187364632864e-08 2.854342403695512e-06 9962
14.5 1.200853135609699e-08 2.491314055755669e-06 10550
15 1.017312438297757e-08 2.264602323076445e-06 11226
15.5 8.648546818934258e-09 1.984926108647879e-06 12146
16 6.840613787559891e-09 1.654268819955865e-06 12606
16.5 5.602920341270797e-09 1.41275281810486e-06 13802
17 4.373105405647386e-09 1.170617165401591e-06 14754
17.5 3.200362741301275e-09 9.194776078854734e-07 15194
18 2.491813711680828e-09 7.352406721787448e-07 16454
18.5 1.816388632701795e-09 5.605066959879007e-07 17154
19 1.359220225305855e-09 4.319618587313175e-07 18266
19.5 9.535126454398159e-10 3.267023956658249e-07 18750
20 6.889002515941233e-10 2.417974711479863e-07 20234
20.5 4.924991288617196e-10 1.800440603601436e-07 21450
21 3.2980520052747e-10 1.274331938152205e-07 21962
21.5 2.319916075097876e-10 9.237992832348485e-08 23462
22 1.535699879050151e-10 6.36909145522522e-08 24042
22.5 1.115580037300436e-10 4.607248838630109e-08 25946
23 7.077778199219459e-11 3.064922482157918e-08 26118
23.5 4.886976308026022e-11 2.221292532333577e-08 27506
24 3.341015867120031e-11 1.555101146917045e-08 29066
24.5 2.275141304629485e-11 1.101551367857305e-08 30450
25 1.607312934754967e-11 7.849902160769743e-09 31742
25.5 1.096570941128933e-11 5.313309178999335e-09 32250
26 7.696987869295141e-12 3.960510398713222e-09 34250
26.5 5.46811164349291e-12 2.892522597835384e-09 35454
27 3.899583148691467e-12 2.072387759650775e-09 36434
27.5 2.791728259407901e-12 1.495819714509095e-09 37682
28 2.028992782128365e-12 1.141699744276587e-09 39294
28.5 1.521932535245912e-12 8.49574895353176e-10 41426
29 1.105314583558358e-12 6.308554481173494e-10 42066
29.5 8.336493190139415e-13 4.808809178031273e-10 43490
30 6.436364320236899e-13 3.79399201601611e-10 45702
30.5 4.894854436009173e-13 2.881672180839742e-10 46634
31 3.861097109603646e-13 2.325557460711812e-10 48554
31.5 3.064460502762273e-13 1.777632422044058e-10 48870
32 2.457720140035561e-13 1.454037765206721e-10 50963
32.5 1.834174776199346e-13 1.118569045956302e-10 51576
33 1.258757067033872e-13 7.960766547100238e-11 49316
33.5 9.101801324256523e-14 5.93605040709779e-11 49344
34 6.408499950086853e-14 4.265527764452678e-11 47192
34.5 4.731113014558e-14 3.255776144186028e-11 47576
35 3.265343698102045e-14 2.34729506021403e-11 45348
35.5 2.343814167757877e-14 1.688691909772703e-11 44060
36 1.72260449577543e-14 1.283383477547078e-11 43872
36.5 1.186372187616739e-14 9.207771772617226e-12 41756
37 8.764437209498488e-15 6.91603993157183e-12 41528
37.5 6.075779579000648e-15 4.912429763817614e-12 39300
38 4.456570500548699e-15 3.646127108177769e-12 38276
38.5 3.153066486172701e-15 2.603722698623281e-12 36900
39 2.211042033210521e-15 1.894564051912948e-12 34724
39.5 1.610089082555054e-15 1.372209441423467e-12 33960
40 1.154673961534064e-15 9.987957908302753e-13 32144
40.5 8.153979808548531e-16 7.205186364424465e-13 30704
41 5.775777741557269e-16 5.22508983665251e-13 28896
41.5 4.043291493812567e-16 3.653989603173125e-13 26924
42 2.958496511490851e-16 2.700092927123801e-13 25656
42.5 2.01038185872519e-16 1.882272579560795e-13 23228
43 1.458536451331066e-16 1.405780376519028e-13 21816
43.5 1.019044826297323e-16 9.364633827283837e-14 19472
44 7.074470222394107e-17 6.651864349003714e-14 17696
44.5 4.74799376978162e-17 4.620938070697308e-14 15588
45 3.14344700049683e-17 3.071667460667222e-14 13760
45.5 1.879564543092389e-17 1.989393023586514e-14 11565
46 1.184714717427071e-17 1.281404983192493e-14 10016
46.5 7.800814150418446e-18 8.316406330202131e-15 8652
47 5.053672574976317e-18 5.492380983905309e-15 7652
47.5 3.224429923767595e-18 3.412514428457405e-15 6542
48 2.136826552824068e-18 2.249168298012942e-15 5478
48.5 1.418312604674108e-18 1.580802986386796e-15 4886
49 8.814161751447194e-19 1.001828981490359e-15 4068
49.5 5.583190938740842e-19 6.534869113932665e-16 3326
50 3.431888954713789e-19 4.067865707212222e-16 2696
50.5 2.323592895234372e-19 2.642507406821316e-16 2304
51 1.552729030850484e-19 1.83949834987293e-16 1934
51.5 8.154995180033984e-20 1.054110059541818e-16 1344
52 4.777009260361936e-20 5.704754094127746e-17 848
52.5 3.760747873871445e-20 4.907311154875752e-17 888
53 2.188488840217544e-20 2.659846147658521e-17 584
53.5 1.192807297780404e-20 1.497977676236591e-17 344
54 2.514179551855635e-21 3.713036024302237e-18 102
54.5 3.486232015151965e-21 3.779851617591474e-18 104
55 5.547863141652221e-22 6.601037321046686e-19 24
55.5 4.083009346232941e-25 2.666442346685989e-20 1

0.5 5.677180631147421e-09 1.454375857015561e-08 18
1 2.2337492172154e-08 3.776445277809905e-08 62
1.5 2.308208242194489e-08 6.8249623411457e-08 98
2 4.5395107950144e-08 1.923144455373876e-07 210
2.5 5.981509535662177e-08 3.862831603562497e-07 350
3 5.745030505506394e-08 4.558691192258408e-07 450
3.5 5.018802400100549e-08 7.036615689483047e-07 602
4 4.734975504754444e-08 8.257253202081367e-07 762
4.5 5.284830214979813e-08 1.223974637443838e-06 1142
5 4.605396284295575e-08 1.143454887766574e-06 1250
5.5 4.20861836159395e-08 1.228103705454077e-06 1458
6 4.37224897779406e-08 1.60171179789599e-06 1814
6.5 4.226394227072429e-08 1.782717750779764e-06 2178
7 3.976554185689806e-08 1.98131597891109e-06 2498
7.5 3.594842032986199e-08 2.056134058409214e-06 2622
8 4.021624999936326e-08 2.568809379295761e-06 3338
8.5 3.867852581335705e-08 2.613094782516076e-06 3722
9 3.730582253506431e-08 2.76177585793103e-06 4170
9.5 3.369499755262303e-08 2.831001082092046e-06 4358
10 3.285642238191241e-08 3.153510088257572e-06 5034
10.5 3.140080557155298e-08 3.496704219729024e-06 5714
11 2.814550905144772e-08 3.177645414035981e-06 5982
11.5 2.618760130986378e-08 3.304285565841527e-06 6602
12 2.375067769693667e-08 3.247335378489822e-06 7130
12.5 2.188177667710009e-08 3.268376982001206e-06 8034
13 1.961914126581725e-08 3.068334139781305e-06 8606
13.5 1.671295825530999e-08 2.789726914883941e-06 9066
14 1.506814228418277e-08 2.692535778565311e-06 9962
14.5 1.257004468906041e-08 2.345948200548042e-06 10550
15 1.044409968636085e-08 2.120548875669306e-06 11226
15.5 8.461049232749763e-09 1.940228406042397e-06 12146
16 6.965919019784621e-09 1.632355561190602e-06 12606
16.5 5.758572867898091e-09 1.357516097809478e-06 13802
17 4.424858089139599e-09 1.12574892842676e-06 14754
17.5 3.250262316646181e-09 8.838437164826206e-07 15194
18 2.552868118761293e-09 7.135218572179706e-07 16454
18.5 1.832437925429031e-09 5.488058544855838e-07 17154
19 1.359841803711471e-09 4.218885069293535e-07 18266
19.5 9.797922075390511e-10 3.082575863301547e-07 18750
20 6.932660219813085e-10 2.350897470009514e-07 20234
20.5 5.032760227206392e-10 1.753951705146172e-07 21450
21 3.31071742796306e-10 1.262053446831418e-07 21962
21.5 2.32554542324515e-10 9.121740338103963e-08 23462
22 1.556416103122733e-10 6.294341461603908e-08 24042
22.5 1.125153083150667e-10 4.548173924107246e-08 25946
23 7.134216685991975e-11 3.008082821442861e-08 26118
23.5 4.949896421103597e-11 2.145819894277599e-08 27506
24 3.410647701652196e-11 1.526855260300994e-08 29066
24.5 2.375548915657704e-11 1.072750346100783e-08 30450
25 1.588892397945386e-11 7.876950044718165e-09 31742
25.5 1.097491977445627e-11 5.292114542383818e-09 32250
26 7.851046996032364e-12 3.881747221535085e-09 34250
26.5 5.589477810449026e-12 2.784374209615812e-09 35454
27 3.970087718850722e-12 2.076390703891648e-09 36434
27.5 2.822870782017275e-12 1.497633703138373e-09 37682
28 2.084499568676801e-12 1.119561270694835e-09 39294
28.5 1.545813869300372e-12 8.449255920959936e-10 41426
29 1.140269222939634e-12 6.265920138903096e-10 42066
29.5 8.577126917784233e-13 4.773866906298105e-10 43490
30 6.620962110873377e-13 3.768767633259047e-10 45702
30.5 5.043738621485482e-13 2.921118879593547e-10 46634
31 4.023008819431974e-13 2.331368336831605e-10 48554
31.5 3.140437700292084e-13 1.810026935754558e-10 48870
32 2.533489012336057e-13 1.47062407337452e-10 50963
32.5 1.908193145243106e-13 1.125681161400319e-10 51576
33 1.340137114755838e-13 8.086668547424687e-11 49316
33.5 9.519910898631368e-14 6.09195595637687e-11 49344
34 6.757932279649143e-14 4.374242379198408e-11 47192
34.5 4.954267777679436e-14 3.359552492322857e-11 47576
35 3.441275020057569e-14 2.42486100537007e-11 45348
35.5 2.463084816607323e-14 1.761775694845398e-11 44060
36 1.841997635726627e-14 1.337695313933008e-11 43872
36.5 1.282126301126622e-14 9.468070951303021e-12 41756
37 9.358827639604634e-15 7.241564741497242e-12 41528
37.5 6.607353099557577e-15 5.061006084544021e-12 39300
38 4.761634161249946e-15 3.796985153000365e-12 38276
38.5 3.405367459761922e-15 2.75331096569664e-12 36900
39 2.410908617728792e-15 1.963837394561846e-12 34724
39.5 1.730346748191266e-15 1.458019672391678e-12 33960
40 1.239191105812166e-15 1.054158437937773e-12 32144
40.5 8.875782731492567e-16 7.694257461782695e-13 30704
41 6.214112006050245e-16 5.545270053056133e-13 28896
41.5 4.423624352313458e-16 3.880073256603782e-13 26924
42 3.217772846959156e-16 2.904339052655498e-13 25656
42.5 2.210450353695461e-16 2.039656323747039e-13 23228
43 1.62692066853584e-16 1.504270678599848e-13 21816
43.5 1.110973845108728e-16 1.009393249708569e-13 19472
44 7.856676606490728e-17 7.291216540807422e-14 17696
44.5 5.260265982756338e-17 5.033653640435188e-14 15588
45 3.430208936640937e-17 3.433070596657078e-14 13760
45.5 2.118129230686176e-17 2.114211884054889e-14 11565
46 1.326194255293004e-17 1.380087603120803e-14 10016
46.5 8.729596751801518e-18 9.089376993284434e-15 8652
47 5.623264965867613e-18 5.912202267190596e-15 7652
47.5 3.535822706036443e-18 3.901941040304757e-15 6542
48 2.306198901989989e-18 2.616527367756962e-15 5478
48.5 1.533778969506618e-18 1.776572853739117e-15 4886
49 9.81164593432745e-19 1.115450695350583e-15 4068
49.5 6.435015708430362e-19 7.304319118412605e-16 3326
50 3.765075783702837e-19 4.4242137746473e-16 2696
50.5 2.499331008634467e-19 3.176423656237722e-16 2304
51 1.723287745760269e-19 2.114210096095716e-16 1934
51.5 9.366734971613442e-20 1.192803516888602e-16 1344
52 5.512149469221274e-20 6.210764601920626e-17 848
52.5 4.556075422247855e-20 5.585550342517488e-17 888
53 2.456732062569884e-20 2.831025103215515e-17 584
53.5 1.323374465452409e-20 1.762951580841247e-17 344
54 3.274090021101676e-21 3.275761659980326e-18 102
54.5 3.703309894037951e-21 4.456096338560919e-18 104
55 5.349125515985896e-22 9.068236218556458e-19 24
55.5 3.730968951106629e-27 2.705474765354423e-20 1

0.5 1.167983873505829e-08 2.891871171973728e-08 18
1 2.159514008752101e-08 1.057145980577731e-07 62
1.5 1.63365394472471e-08 1.51386322752036e-07 98
2 2.874014824300579e-08 2.941747717895187e-07 210
2.5 3.360523872654945e-08 4.537034281258211e-07 350
3 3.647216002053097e-08 6.34769168273792e-07 450
3.5 3.983047878044353e-08 7.864925804285649e-07 602
4 3.909264450998015e-08 9.346547281661899e-07 762
4.5 4.610155089345554e-08 1.303370290917206e-06 1142
5 3.757532630149357e-08 1.276212542596958e-06 1250
5.5 3.547441893694992e-08 1.383388524380846e-06 1458
6 3.848054273839783e-08 1.60346021707679e-06 1814
6.5 3.38881173797753e-08 1.955547080383367e-06 2178
7 3.555221233445809e-08 1.990539628927263e-06 2498
7.5 3.169220402575559e-08 2.097123085687619e-06 2622
8 3.659313408013534e-08 2.751913977179818e-06 3338
8.5 3.387684809272835e-08 2.762006599908203e-06 3722
9 3.263285318125385e-08 2.982663404617661e-06 4170
9.5 3.029666498327954e-08 2.97330307276202e-06 4358
10 2.973087676249047e-08 3.323661413847164e-06 5034
10.5 2.854830624987943e-08 3.430873275037405e-06 5714
11 2.577521391672793e-08 3.42438935715981e-06 5982
11.5 2.483063919566665e-08 3.436769212349408e-06 6602
12 2.228825700047141e-08 3.252126158819293e-06 7130
12.5 2.085033844937749e-08 3.275129772596675e-06 8034
13 1.818803967893728e-08 3.153672062241058e-06 8606
13.5 1.634665227066557e-08 2.836416006208951e-06 9066
14 1.408124094219067e-08 2.753215867057338e-06 9962
14.5 1.164355237888492e-08 2.416032859088247e-06 10550
15 9.862933892982141e-09 2.205551630882448e-06 11226
15.5 8.475668283029762e-09 1.944409971998521e-06 12146
16 6.752601276821794e-09 1.613324178238231e-06 12606
16.5 5.575497372717011e-09 1.412299794332236e-06 13802
17 4.287133084318501e-09 1.16069651847558e-06 14754
17.5 3.250504405611521e-09 8.951066303367299e-07 15194
18 2.542114487665804e-09 7.354081687522048e-07 16454
18.5 1.838509538475638e-09 5.632467897751668e-07 17154
19 1.370730812755198e-09 4.386933862936496e-07 18266
19.5 9.763761895448419e-10 3.22395033488066e-07 18750
20 6.967070011109742e-10 2.416558821825277e-07 20234
20.5 4.923253889728499e-10 1.857491354244057e-07 21450
21 3.45804720372258e-10 1.304432144281256e-07 21962
21.5 2.385393796532925e-10 9.30147571332652e-08 23462
22 1.59424169464179e-10 6.603228801847472e-08 24042
22.5 1.144681204899557e-10 4.834191148156407e-08 25946
23 7.410423359679081e-11 3.185380271129762e-08 26118
23.5 5.007156876379081e-11 2.271959458669027e-08 27506
24 3.604095314742015e-11 1.626031236406102e-08 29066
24.5 2.449354894192184e-11 1.18733124896546e-08 30450
25 1.719881368599088e-11 8.282916956182081e-09 31742
25.5 1.159472984639791e-11 5.853247555201939e-09 32250
26 8.387063472770661e-12 4.326226902034736e-09 34250
26.5 5.909110977291854e-12 3.08911391613072e-09 35454
27 4.276282448974592e-12 2.244977616507486e-09 36434
27.5 3.045387570058082e-12 1.652976943284502e-09 37682
28 2.220071370210664e-12 1.216446131777316e-09 39294
28.5 1.673371480590447e-12 9.366882597100435e-10 41426
29 1.226054032974121e-12 6.977959703398411e-10 42066
29.5 9.151504766434454e-13 5.242957522741641e-10 43490
30 7.117968323800474e-13 4.159721083790656e-10 45702
30.5 5.399049008048567e-13 3.206341993220343e-10 46634
31 4.313929885027792e-13 2.553839176330968e-10 48554
31.5 3.333004762683833e-13 1.981955633305127e-10 48870
32 2.696835570143008e-13 1.614955530830891e-10 50963
32.5 2.032039542879977e-13 1.240309570042425e-10 51576
33 1.415788443897154e-13 9.075090314079669e-11 49316
33.5 1.015365480567275e-13 6.705530649444168e-11 49344
34 7.154673285646048e-14 4.872525426825197e-11 47192
34.5 5.322625390495431e-14 3.689032055983454e-11 47576
35 3.699143784356032e-14 2.650958259856968e-11 45348
35.5 2.650573695497471e-14 1.955099700216862e-11 44060
36 1.963661986519811e-14 1.487611134546964e-11 43872
36.5 1.380691963735468e-14 1.064853893922586e-11 41756
37 1.0008105320136e-14 8.021583168776529e-12 41528
37.5 7.126918037441315e-15 5.752282712904621e-12 39300
38 5.167171468718393e-15 4.175592030445912e-12 38276
38.5 3.70798129346286e-15 3.054181452563621e-12 36900
39 2.580801915721878e-15 2.174464018309155e-12 34724
39.5 1.889033981311262e-15 1.636975275900865e-12 33960
40 1.348208756717594e-15 1.16904817430198e-12 32144
40.5 9.631790589685645e-16 8.520079987072903e-13 30704
41 6.831030444200943e-16 6.185378237371674e-13 28896
41.5 4.767628971429197e-16 4.400716688363102e-13 26924
42 3.543500339535971e-16 3.213295394446094e-13 25656
42.5 2.498441035791859e-16 2.243187995670859e-13 23228
43 1.796378847222361e-16 1.673317348620728e-13 21816
43.5 1.205846315909272e-16 1.144800680172696e-13 19472
44 8.608963198208851e-17 8.376417572618491e-14 17696
44.5 5.707827238261969e-17 5.63706956381058e-14 15588
45 3.830158363769596e-17 3.821402900012763e-14 13760
45.5 2.384132265559009e-17 2.381400783674442e-14 11565
46 1.468688378081509e-17 1.53232328853323e-14 10016
46.5 9.792546940662127e-18 1.033151744711879e-14 8652
47 6.152864068963812e-18 6.859221425998326e-15 7652
47.5 3.854749148694296e-18 4.529115343760596e-15 6542
48 2.692178558551699e-18 2.874757219469331e-15 5478
48.5 1.72362981845923e-18 2.001181741159581e-15 4886
49 1.071439225670924e-18 1.278996628349278e-15 4068
49.5 7.166355247961084e-19 8.204798957723113e-16 3326
50 4.497608947959029e-19 4.916505335605248e-16 2696
50.5 2.899841343339394e-19 3.488619291783165e-16 2304
51 1.939977164185849e-19 2.345945289858232e-16 1934
51.5 1.055479864468708e-19 1.416498258897652e-16 1344
52 5.674795983379397e-20 7.951690512646522e-17 848
52.5 5.504884358956588e-20 6.075805656665375e-17 888
53 2.588153573668987e-20 3.458512816110362e-17 584
53.5 1.708396249783199e-20 1.730503674639101e-17 344
54 3.850845520006926e-21 5.175829146598781e-18 102
54.5 3.969685766479869e-21 4.170048124229461e-18 104
55 1.326046416414407e-21 8.616128655703176e-19 24
55.5 2.673994226618511e-26 4.382267403509321e-20 1

0.5 6.439363922212934e-09 1.6123356471624e-08 18
1 8.857223732044355e-09 9.720705297784273e-08 62
1.5 1.369244986657679e-08 1.214029619129389e-07 98
2 2.936016243546197e-08 3.544628200137311e-07 210
2.5 3.285209403130297e-08 5.447239290104823e-07 350
3 3.147046112738315e-08 7.032969451070261e-07 450
3.5 3.379409168302896e-08 8.400361076673214e-07 602
4 3.346034974741643e-08 9.553824217743864e-07 762
4.5 3.735951357214001e-08 1.288743283585118e-06 1142
5 3.359180821805594e-08 1.330019981566987e-06 1250
5.5 3.052805214964821e-08 1.418049954395363e-06 1458
6 3.192886333288217e-08 1.704407427101078e-06 1814
6.5 3.294102368328527e-08 1.880690648007519e-06 2178
7 3.260461512987965e-08 2.104345104026457e-06 2498
7.5 2.992759451566485e-08 2.178137147885698e-06 2622
8 3.370256996522162e-08 2.771494115602206e-06 3338
8.5 3.169175735194166e-08 2.875275709229881e-06 3722
9 3.043552257431342e-08 3.036722251932507e-06 4170
9.5 2.833775141775571e-08 2.947962317912664e-06 4358
10 2.889222796060673e-08 3.269060683626221e-06 5034
10.5 2.810884027484061e-08 3.459440160967281e-06 5714
11 2.511162528828477e-08 3.227880025752669e-06 5982
11.5 2.327329088736164e-08 3.37101101973832e-06 6602
12 2.136120338805653e-08 3.39203567516106e-06 7130
12.5 1.974482807515832e-08 3.315207699360285e-06 8034
13 1.78615718032229e-08 3.076474093737383e-06 8606
13.5 1.566033768585947e-08 2.941071250966537e-06 9066
14 1.395868920010604e-08 2.807781928251005e-06 9962
14.5 1.164746768161414e-08 2.4706411540511e-06 10550
15 9.675993749356047e-09 2.167559971352953e-06 11226
15.5 8.559746019309216e-09 1.979294484894287e-06 12146
16 6.542134896778189e-09 1.631573245620032e-06 12606
16.5 5.456273821098259e-09 1.419411382735341e-06 13802
17 4.382937729421599e-09 1.163458783487237e-06 14754
17.5 3.190940016276824e-09 9.243512961429812e-07 15194
18 2.51996381347307e-09 7.539392090618709e-07 16454
18.5 1.848307232581377e-09 5.808771894097837e-07 17154
19 1.406267059444754e-09 4.417883517616584e-07 18266
19.5 9.745653897217985e-10 3.363802540243915e-07 18750
20 7.007724656277243e-10 2.513279457782983e-07 20234
20.5 5.020155432114846e-10 1.886829819013154e-07 21450
21 3.487767217044379e-10 1.327717824164716e-07 21962
21.5 2.376387135397699e-10 9.633517924838044e-08 23462
22 1.644702624906534e-10 6.745531391685394e-08 24042
22.5 1.162543408697657e-10 4.898743561957084e-08 25946
23 7.444120987893521e-11 3.229883122208637e-08 26118
23.5 5.13355592690388e-11 2.301580745009679e-08 27506
24 3.57316217817912e-11 1.674128049645615e-08 29066
24.5 2.501653823268942e-11 1.189251414618717e-08 30450
25 1.736417305750671e-11 8.425735725201266e-09 31742
25.5 1.183991005053365e-11 5.919176811797962e-09 32250
26 8.479501892893848e-12 4.470661343157654e-09 34250
26.5 6.034384303730711e-12 3.21362636166778e-09 35454
27 4.349672359552773e-12 2.307164295639847e-09 36434
27.5 3.110946182026576e-12 1.708670885894862e-09 37682
28 2.280546293113262e-12 1.269910365843256e-09 39294
28.5 1.744758057281127e-12 9.903929841806291e-10 41426
29 1.265326554458916e-12 7.27627788061289e-10 42066
29.5 9.508557248486193e-13 5.57320588741897e-10 43490
30 7.445221331088584e-13 4.423835367347273e-10 45702
30.5 5.749564047449685e-13 3.398923759550422e-10 46634
31 4.495350518311781e-13 2.701056024396666e-10 48554
31.5 3.534271976642265e-13 2.109135416241537e-10 48870
32 2.866677760095977e-13 1.704331351745062e-10 50963
32.5 2.159629469973095e-13 1.338673526096732e-10 51576
33 1.498465795927757e-13 9.617733719543671e-11 49316
33.5 1.091657438315865e-13 7.181918972277899e-11 49344
34 7.537647204218639e-14 5.193853404316552e-11 47192
34.5 5.64776139562309e-14 3.989003553400876e-11 47576
35 3.992447378430695e-14 2.822917070294304e-11 45348
35.5 2.847634185015386e-14 2.088314531024314e-11 44060
36 2.132472787132033e-14 1.594464960971124e-11 43872
36.5 1.493456632529211e-14 1.14485819194647e-11 41756
37 1.085097556173327e-14 8.557321025840535e-12 41528
37.5 7.705740031595073e-15 6.20135728465272e-12 39300
38 5.531711143408297e-15 4.524887559946188e-12 38276
38.5 4.025655503549852e-15 3.2923278705269e-12 36900
39 2.810445062624286e-15 2.366870172266142e-12 34724
39.5 2.045500848191996e-15 1.781143233482628e-12 33960
40 1.461953869855084e-15 1.265596702616942e-12 32144
40.5 1.048851769839124e-15 9.252962957644847e-13 30704
41 7.482273582839429e-16 6.73560261420403e-13 28896
41.5 5.3600675593997e-16 4.754536290844031e-13 26924
42 3.870450203305912e-16 3.561832359030894e-13 25656
42.5 2.66637533860534e-16 2.465044786366273e-13 23228
43 1.960892990436242e-16 1.859377532613656e-13 21816
43.5 1.317916479166587e-16 1.258530388065265e-13 19472
44 9.453216715158179e-17 8.969714802947999e-14 17696
44.5 6.410807259325768e-17 6.157839457963355e-14 15588
45 4.266011690969212e-17 4.191910131948307e-14 13760
45.5 2.5921723071973e-17 2.613989175189815e-14 11565
46 1.63828702183817e-17 1.678015107230385e-14 10016
46.5 1.071354383775997e-17 1.149489388026484e-14 8652
47 7.084848394093654e-18 7.544365850756705e-15 7652
47.5 4.431079646103751e-18 4.921907307035872e-15 6542
48 2.880130933248343e-18 3.339138800932492e-15 5478
48.5 1.905277852266523e-18 2.200100930442376e-15 4886
49 1.214114599949795e-18 1.462147915534205e-15 4068
49.5 7.682412475903997e-19 9.027899356867319e-16 3326
50 4.894428102674367e-19 6.136921743893425e-16 2696
50.5 3.319606911233096e-19 3.700899754378811e-16 2304
51 2.194496394056933e-19 2.516351416103238e-16 1934
51.5 1.248451228034811e-19 1.497913867468167e-16 1344
52 7.254798873703338e-20 7.86383578426648e-17 848
52.5 5.812597974177838e-20 7.279382996916795e-17 888
53 2.872581966007739e-20 3.938962347385069e-17 584
53.5 1.538567284955775e-20 2.100895460340834e-17 344
54 4.344770411644517e-21 5.601316159556304e-18 102
54.5 4.204461585026166e-21 5.611700964069365e-18 104
55 1.255569273825544e-21 1.130657991634272e-18 24
55.5 2.393485017587192e-26 1.105027826314539e-21 1

0.5 1.120630672901066e-09 1.627927439835295e-08 18
1 8.080455760146817e-09 6.361265635772458e-08 62
1.5 1.868583927763146e-08 9.047379696474592e-08 98
2 2.734364270955104e-08 1.827512522873145e-07 210
2.5 4.301279366821356e-08 3.34265403506901e-07 350
3 3.816507342800379e-08 4.492431254913282e-07 450
3.5 4.053927951426348e-08 6.631932653488272e-07 602
4 4.196882241024623e-08 7.626768035411103e-07 762
4.5 4.481663598065912e-08 9.694561995156955e-07 1142
5 3.858769573079716e-08 1.053598036689681e-06 1250
5.5 3.751648850621911e-08 1.181152460425799e-06 1458
6 3.654547227849946e-08 1.325641614301585e-06 1814
6.5 3.751031750581364e-08 1.620553605255556e-06 2178
7 3.480886070540805e-08 1.799457431675108e-06 2498
7.5 3.250994030002027e-08 1.87626583266544e-06 2622
8 3.590645600058186e-08 2.288106026946869e-06 3338
8.5 3.24839966107485e-08 2.499069252636424e-06 3722
9 3.259359722853349e-08 2.70611947835634e-06 4170
9.5 2.89411097838227e-08 2.685541547085286e-06 4358
10 2.931442938838079e-08 2.928308847218541e-06 5034
10.5 2.868318830138694e-08 3.187431594852135e-06 5714
11 2.600165455370077e-08 3.021424778800777e-06 5982
11.5 2.423237409446703e-08 3.043941716604203e-06 6602
12 2.202693579487457e-08 3.05548860303136e-06 7130
12.5 2.07082976330798e-08 3.089149883231673e-06 8034
13 1.805454461421939e-08 2.892723518188436e-06 8606
13.5 1.595609597465606e-08 2.713577452338932e-06 9066
14 1.444955757726937e-08 2.567874311380384e-06 9962
14.5 1.216510241986774e-08 2.322755669303143e-06 10550
15 1.01003724228054e-08 2.078790528369349e-06 11226
15.5 8.667922052382157e-09 1.872485438173466e-06 12146
16 6.895986473261126e-09 1.551206551174929e-06 12606
16.5 5.566147205615863e-09 1.36241902142347e-06 13802
17 4.355038318709351e-09 1.133888521662338e-06 14754
17.5 3.304163903139147e-09 8.866597917159898e-07 15194
18 2.599460268085946e-09 7.22669733948652e-07 16454
18.5 1.843313674047938e-09 5.54429487751072e-07 17154
19 1.40407907747563e-09 4.320641180479926e-07 18266
19.5 9.988645075206941e-10 3.248405489154638e-07 18750
20 7.187314986862805e-10 2.389877914904581e-07 20234
20.5 5.171312298166263e-10 1.828854364005078e-07 21450
21 3.442254294110821e-10 1.273287795757441e-07 21962
21.5 2.412594463454624e-10 9.127792903206681e-08 23462
22 1.66259474767006e-10 6.569093726380366e-08 24042
22.5 1.173984579402119e-10 4.707973368101545e-08 25946
23 7.455367413179985e-11 3.152002581229759e-08 26118
23.5 5.183567831536873e-11 2.264793047988414e-08 27506
24 3.546062537364554e-11 1.596841458075996e-08 29066
24.5 2.5121701005869e-11 1.15672923496422e-08 30450
25 1.706665359812026e-11 8.31834490589928e-09 31742
25.5 1.18451052941167e-11 5.756217967115484e-09 32250
26 8.490661871903748e-12 4.270116930043218e-09 34250
26.5 6.238941166298552e-12 3.095123491174242e-09 35454
27 4.376956349884288e-12 2.220374491607394e-09 36434
27.5 3.175377809697857e-12 1.680702321831342e-09 37682
28 2.329977752730592e-12 1.249978604444816e-09 39294
28.5 1.785721573577259e-12 9.597168865557176e-10 41426
29 1.302551513806148e-12 7.128072123403255e-10 42066
29.5 9.7906214884787e-13 5.560387580311936e-10 43490
30 7.739726134530338e-13 4.354980703629721e-10 45702
30.5 5.932237587530689e-13 3.402295044782831e-10 46634
31 4.626510529987103e-13 2.724421146756087e-10 48554
31.5 3.645966457022911e-13 2.13966860450747e-10 48870
32 3.013237579779624e-13 1.728004822489331e-10 50963
32.5 2.232540187116461e-13 1.359208036304514e-10 51576
33 1.573604191732843e-13 9.79432149301484e-11 49316
33.5 1.142830065825729e-13 7.288207484558139e-11 49344
34 7.926392652167595e-14 5.332145157876485e-11 47192
34.5 5.948969448330892e-14 4.083111374000442e-11 47576
35 4.166093269608088e-14 2.864708028844321e-11 45348
35.5 3.006897179731751e-14 2.176481617740531e-11 44060
36 2.235470005175793e-14 1.640289399981147e-11 43872
36.5 1.566993497818375e-14 1.192660626060229e-11 41756
37 1.156223825905203e-14 8.78066403651146e-12 41528
37.5 8.115485034248876e-15 6.453732129623454e-12 39300
38 5.937178099353186e-15 4.705822682122805e-12 38276
38.5 4.224465831706474e-15 3.476953406036434e-12 36900
39 3.009647986637987e-15 2.509432700583818e-12 34724
39.5 2.219417907261371e-15 1.841446133351447e-12 33960
40 1.569721284172235e-15 1.327281976276056e-12 32144
40.5 1.126188470828755e-15 9.866723626243023e-13 30704
41 8.065680499178127e-16 7.168558206138261e-13 28896
41.5 5.740111420221501e-16 5.064238187379604e-13 26924
42 4.211631243168306e-16 3.786953380539377e-13 25656
42.5 2.865109484988785e-16 2.634385494840451e-13 23228
43 2.112551456593333e-16 1.983682165947092e-13 21816
43.5 1.434374676765944e-16 1.365138314192195e-13 19472
44 1.007384007645725e-16 9.909093675936559e-14 17696
44.5 6.969768121312708e-17 6.70970241252477e-14 15588
45 4.717701784378574e-17 4.530617439311156e-14 13760
45.5 2.853896934542932e-17 2.774181883863825e-14 11565
46 1.754858447780363e-17 1.845725941920696e-14 10016
46.5 1.155604067363222e-17 1.238813590472388e-14 8652
47 7.646386781728994e-18 8.437643160274088e-15 7652
47.5 5.019071255777482e-18 5.312046439174245e-15 6542
48 3.313941823892718e-18 3.576891379242376e-15 5478
48.5 2.140459059378862e-18 2.38027206962837e-15 4886
49 1.410278586128743e-18 1.524438780425778e-15 4068
49.5 8.64430369900328e-19 9.852476795848827e-16 3326
50 5.509834250261388e-19 6.568005795773424e-16 2696
50.5 3.722900860438956e-19 4.083805161078289e-16 2304
51 2.255835753380393e-19 2.893738026781257e-16 1934
51.5 1.484788880925284e-19 1.549607969663798e-16 1344
52 8.468291628576538e-20 8.433376840521883e-17 848
52.5 6.337875733448838e-20 8.098246447447813e-17 888
53 3.710428926547994e-20 3.597219687944815e-17 584
53.5 1.91893056248366e-20 2.294927757378409e-17 344
54 4.197434163577312e-21 5.477535600135125e-18 102
54.5 4.383557521301184e-21 6.431803436100421e-18 104
55 1.393515156290259e-21 1.766542307640662e-18 24
55.5 1.739422244448454e-23 3.657211069809824e-20 1

