1:binCentralValue 2:valuesAverage 3:valuesAverage 4:multiplicity
0.5 3.323402487033415e-16 5.344041167790859e-16 18
1 1.431984031017582e-15 5.949155190278209e-15 62
1.5 2.538862374919489e-15 1.06196794244599e-14 98
2 6.621898487239529e-15 5.191427909980061e-14 210
2.5 1.537358865941274e-14 1.269629314015553e-13 350
3 1.662544698032784e-14 1.950260611272521e-13 450
3.5 2.396748860700915e-14 3.608273263401011e-13 602
4 1.467254560478969e-14 2.551626841363241e-13 762
4.5 4.019670220031363e-33 5.911116341594415e-34 1142
5 2.007379335911673e-33 2.46043017367302e-34 1250
5.5 9.764094120879555e-34 1.274747128454224e-33 1458
6 3.028624823097885e-32 1.268430748327037e-33 1814
6.5 1.761244176190693e-33 8.422786424303868e-34 2178
7 4.468485126344347e-33 2.679423118685342e-33 2498
7.5 1.544618202521325e-33 6.709211482395019e-34 2622
8 9.499281150450817e-33 3.163211052268596e-32 3338
8.5 4.368318625987333e-33 3.05152939826093e-33 3722
9 7.925331231819528e-33 2.455239653401694e-33 4170
9.5 3.691178987396296e-33 9.323287795267568e-34 4358
10 1.298303898052712e-32 2.870857716691172e-33 5034
10.5 1.046514226114534e-32 4.231361128859978e-33 5714
11 5.144646264353188e-33 2.006783035980777e-33 5982
11.5 5.652702842380025e-33 1.962495941512463e-33 6602
12 1.084715556503325e-32 1.912992625518601e-32 7130
12.5 4.514798675068254e-33 4.910858992630916e-33 8034
13 8.0954119199502e-33 1.105064885976687e-32 8606
13.5 1.346667395383652e-32 2.444838267422676e-33 9066
14 2.627937350952997e-32 6.239539557273641e-33 9962
14.5 2.672163426935636e-32 2.755990475154968e-33 10550
15 1.206935184511074e-32 3.663121014420041e-33 11226
15.5 1.944837631791911e-32 6.104573798518112e-33 12146
16 1.381363587350427e-32 1.054302041002012e-31 12606
16.5 2.293992336980428e-32 6.777384903036532e-33 13802
17 1.866756176420226e-32 9.632649126926764e-33 14754
17.5 2.106327861472164e-32 6.098929201382033e-33 15194
18 3.360114137403908e-32 1.236041936402034e-32 16454
18.5 1.54103329826275e-32 6.133103804888321e-33 17154
19 2.019595983889484e-32 1.259872603612619e-32 18266
19.5 1.518685878354842e-32 7.060425861184945e-33 18750
20 4.627477244420244e-32 9.169360263800378e-33 20234
20.5 3.276112400832369e-32 1.284530307048184e-32 21450
21 2.083694105849749e-32 8.015573542341753e-33 21962
21.5 3.879119426310587e-32 7.97090317100719e-33 23462
22 3.727776348516574e-32 1.188278438422273e-32 24042
22.5 3.710562064690818e-32 9.252058917696388e-33 25946
23 3.049703772865063e-32 7.979601810984332e-33 26118
23.5 3.029275476377306e-32 1.459318099893657e-32 27506
24 5.204524596260591e-32 1.055555797024643e-31 29066
24.5 4.750057413819586e-32 1.695615096280671e-32 30450
25 3.812370195759789e-32 1.453034466526199e-32 31742
25.5 3.476145799448981e-32 1.124826062077042e-32 32250
26 4.301239182761228e-32 1.644851687346546e-32 34250
26.5 3.596735250732232e-32 2.0998883934548e-32 35454
27 4.069517688387652e-32 1.63614506373569e-32 36434
27.5 3.771059312985009e-32 1.780882894920847e-32 37682
28 5.365423970430911e-32 5.387358970213136e-32 39294
28.5 4.946151326833318e-32 1.964107395074614e-32 41426
29 4.387684455310978e-32 1.470314109258594e-32 42066
29.5 7.016198169652336e-32 2.031731269497336e-32 43490
30 5.818475941372817e-32 2.300694529347231e-32 45702
30.5 6.05432459331758e-32 1.97400304620616e-32 46634
31 5.123983058746975e-32 2.341551721154619e-32 48554
31.5 5.170840965054675e-32 1.792529911337671e-32 48870
32 7.128703906834768e-32 2.817809699988466e-32 50963
32.5 7.095340791936404e-32 1.947044966913327e-32 51576
33 5.469864506289339e-32 2.118596778807698e-32 49316
33.5 5.708124042096532e-32 2.081531071405475e-32 49344
34 4.528099574450201e-32 1.5402492157277e-32 47192
34.5 5.097402916524716e-32 1.868667067379428e-32 47576
35 4.972480886953119e-32 1.526164413659506e-32 45348
35.5 4.518295300672422e-32 1.695852224423298e-32 44060
36 4.501474323914546e-32 1.805096604516374e-32 43872
36.5 3.461425219600124e-32 1.349619440995686e-32 41756
37 4.199903192467827e-32 1.65829752626048e-32 41528
37.5 3.594235340034457e-32 1.851770950740982e-32 39300
38 3.581073678049232e-32 1.320885040598878e-32 38276
38.5 3.37235754923055e-32 1.33980034172063e-32 36900
39 3.884561197301715e-32 1.408229437287348e-32 34724
39.5 3.006521464589537e-32 1.191281843320663e-32 33960
40 3.887736882668442e-32 1.122408789765839e-32 32144
40.5 3.140257241159881e-32 1.154906007937069e-32 30704
41 2.951419921990185e-32 1.046214662563004e-32 28896
41.5 3.146257446989651e-32 9.358599032673212e-33 26924
42 3.087794567861472e-32 8.793346969724583e-33 25656
42.5 2.039529636372917e-32 8.618438415459525e-33 23228
43 2.115236523014489e-32 7.739674583519784e-33 21816
43.5 1.788987449149111e-32 8.709242505421515e-33 19472
44 2.323046131226167e-32 8.217633861715225e-33 17696
44.5 1.671281218524083e-32 5.369718799339586e-33 15588
45 1.408846306573036e-32 4.89587437860549e-33 13760
45.5 1.214523551970564e-32 4.377788022895465e-33 11565
46 8.633303970419449e-33 3.358801385445684e-33 10016
46.5 7.884490938479364e-33 3.055874883544334e-33 8652
47 7.137084272765475e-33 2.589948119106473e-33 7652
47.5 5.918064096328567e-33 2.228936241007691e-33 6542
48 5.480192251878733e-33 2.038910409777754e-33 5478
48.5 4.456727381712731e-33 1.707150893753383e-33 4886
49 3.856736465123666e-33 1.513543138440374e-33 4068
49.5 3.621109446676948e-33 1.29527388156867e-33 3326
50 2.875069665848588e-33 1.1806669304402e-33 2696
50.5 2.705263693900372e-33 8.706505149004304e-34 2304
51 2.307778799713832e-33 8.476842451583359e-34 1934
51.5 1.733706511944481e-33 6.654243083693024e-34 1344
52 1.426038478525883e-33 5.172636210011272e-34 848
52.5 1.254016085340233e-33 4.592769330965142e-34 888
53 1.11879744323446e-33 3.153564357629353e-34 584
53.5 6.924641792966644e-34 2.808482334114667e-34 344
54 3.466290195071141e-34 1.114983235437775e-34 102
54.5 3.22153435806722e-34 1.611737367618018e-34 104
55 1.9227963694178e-34 3.748251283084537e-35 24
55.5 1.22375849582812e-35 8.15499205882962e-38 1

0.5 3.415229348183015e-17 1.296031983885099e-17 18
1 2.978229562699905e-17 1.767637549335746e-16 62
1.5 1.023287574967191e-16 2.603667659558862e-16 98
2 2.385077128788049e-16 1.195816387193104e-15 210
2.5 5.012734450413556e-16 3.363750836298513e-15 350
3 5.361153464799352e-16 5.095743320717929e-15 450
3.5 7.88606526012842e-16 9.690254033329524e-15 602
4 4.461437103428426e-16 7.287592739084179e-15 762
4.5 3.864323697728667e-29 9.526018875305245e-28 1142
5 3.75693580151742e-29 3.795310904661448e-28 1250
5.5 2.180859518713171e-29 4.976246828011108e-28 1458
6 1.242181159053618e-29 4.377093902112741e-28 1814
6.5 4.942899591665864e-30 2.879030076022499e-28 2178
7 2.2358628562002e-30 1.266586758343504e-28 2498
7.5 1.054792918514689e-30 2.039729225830628e-29 2622
8 2.639844982584157e-32 8.695130136013457e-31 3338
8.5 6.564462921160936e-34 5.003800286358999e-32 3722
9 8.900157511637862e-34 5.422338646374021e-32 4170
9.5 8.986953044509584e-34 6.796492078489782e-32 4358
10 9.923345359630135e-34 1.543349542201688e-31 5034
10.5 1.324548938145377e-33 1.038992053319434e-31 5714
11 1.260376054173603e-33 1.218570431108806e-31 5982
11.5 1.234462463150591e-33 1.553649522404192e-31 6602
12 2.02692320028014e-33 2.004252752508228e-31 7130
12.5 1.570286814644675e-33 2.01212830406591e-31 8034
13 1.661429551407381e-33 2.564480055763339e-31 8606
13.5 1.908831739905619e-33 2.825440254828582e-31 9066
14 2.440143689467259e-33 4.518480702626714e-31 9962
14.5 2.359231997003585e-33 4.969262457183239e-31 10550
15 2.583851024397263e-33 4.4743844561868e-31 11226
15.5 2.390891084568046e-33 5.96915447074712e-31 12146
16 4.418060701313912e-33 5.784046880937234e-31 12606
16.5 3.075584181113223e-33 7.548144162680919e-31 13802
17 3.564831538124265e-33 8.114325959674075e-31 14754
17.5 3.577741916287384e-33 9.834576280699451e-31 15194
18 4.08441695350263e-33 1.050204831742497e-30 16454
18.5 3.897179723166956e-33 1.098065669371777e-30 17154
19 4.332974616088393e-33 1.284410132939719e-30 18266
19.5 4.429559502178977e-33 1.371601108110596e-30 18750
20 8.873535884380723e-33 1.664859044439805e-30 20234
20.5 5.262971923701486e-33 1.781217064378634e-30 21450
21 6.130506567488154e-33 1.863211550768373e-30 21962
21.5 6.086315238320825e-33 2.204877479774217e-30 23462
22 6.507728391267542e-33 2.447695633672004e-30 24042
22.5 7.130847354289606e-33 2.605446699189584e-30 25946
23 7.021144204602354e-33 2.797830024096615e-30 26118
23.5 7.467480197608918e-33 3.024385822480446e-30 27506
24 1.30535495171758e-32 3.349886164602634e-30 29066
24.5 8.607196239777187e-33 4.138003160959261e-30 30450
25 9.450632228021799e-33 4.027524399243124e-30 31742
25.5 9.369589633446928e-33 4.29810664281028e-30 32250
26 1.240493307812319e-32 4.746793713819391e-30 34250
26.5 1.026906840024045e-32 5.077994804790182e-30 35454
27 1.126208376302875e-32 5.54570763056902e-30 36434
27.5 1.176890051223148e-32 5.77726235013631e-30 37682
28 1.316858534566073e-32 6.262251457398494e-30 39294
28.5 1.341826496106354e-32 7.084858468126959e-30 41426
29 1.379195317329886e-32 7.305586926343594e-30 42066
29.5 1.415125497927714e-32 7.9496441927334e-30 43490
30 1.52975303835947e-32 9.045611273470544e-30 45702
30.5 1.563041272596875e-32 8.960796734524793e-30 46634
31 1.645060231735622e-32 1.012252270246281e-29 48554
31.5 1.686554390026986e-32 9.996071751234192e-30 48870
32 3.107337165911567e-32 1.125864921771546e-29 50963
32.5 1.863083765742792e-32 1.138661017104146e-29 51576
33 1.792495991722559e-32 1.132984339776647e-29 49316
33.5 1.799822547593281e-32 1.169234501818059e-29 49344
34 1.714913767648935e-32 1.145710671106378e-29 47192
34.5 1.764136139332573e-32 1.208215812524782e-29 47576
35 1.678187445764013e-32 1.186570989261897e-29 45348
35.5 1.63341424643433e-32 1.193491817797754e-29 44060
36 1.65765864102776e-32 1.226134273477665e-29 43872
36.5 1.581817717659382e-32 1.201311328379503e-29 41756
37 1.648147255530655e-32 1.24582198527368e-29 41528
37.5 1.551554220424919e-32 1.20679366518866e-29 39300
38 1.51652260928314e-32 1.230791046229881e-29 38276
38.5 1.489938307980545e-32 1.211335071352997e-29 36900
39 1.421468208894762e-32 1.19023821939515e-29 34724
39.5 1.402781454311969e-32 1.15343597512809e-29 33960
40 1.354525901198676e-32 1.179188958659049e-29 32144
40.5 1.257066094692206e-32 1.113602232066697e-29 30704
41 1.218690074907378e-32 1.072038897321722e-29 28896
41.5 1.187872045201361e-32 1.050225090829112e-29 26924
42 1.119051185006641e-32 1.040420340998679e-29 25656
42.5 1.003926209166433e-32 9.281072190927054e-30 23228
43 9.816263580772506e-33 9.004477084697317e-30 21816
43.5 8.6966263680124e-33 8.03947589581592e-30 19472
44 8.461882524923982e-33 7.721195804509114e-30 17696
44.5 7.169881415256732e-33 6.896310236161207e-30 15588
45 6.362693238321625e-33 6.250034583957826e-30 13760
45.5 5.526246662631412e-33 5.473652156697957e-30 11565
46 4.61242105277101e-33 5.004039114272368e-30 10016
46.5 4.066063201886996e-33 4.290682262549496e-30 8652
47 3.629447696351474e-33 3.931525881523835e-30 7652
47.5 3.182495248881045e-33 3.429234785691828e-30 6542
48 2.726262822914843e-33 2.85412684206686e-30 5478
48.5 2.406428249344244e-33 2.592300949127533e-30 4886
49 1.915643453194548e-33 2.210300174207391e-30 4068
49.5 1.692835955116242e-33 1.892903381934962e-30 3326
50 1.355585311228627e-33 1.607222053569284e-30 2696
50.5 1.122198714097961e-33 1.374361602126564e-30 2304
51 9.717044963837342e-34 1.114046394139087e-30 1934
51.5 7.140589636509595e-34 8.788840157767576e-31 1344
52 4.454770070726299e-34 4.682982197144591e-31 848
52.5 4.921499369041382e-34 5.542912914745945e-31 888
53 3.509841472423288e-34 4.211711746786659e-31 584
53.5 1.868633895636606e-34 2.230909396648211e-31 344
54 4.983892340902488e-35 6.948740351676414e-32 102
54.5 7.127402851146003e-35 7.915572440289338e-32 104
55 5.832827949734894e-36 2.105212785989112e-32 24
55.5 7.9638594324508e-41 1.727460545515456e-33 1

0.5 5.050940754422486e-18 1.978698959805748e-17 18
1 2.227638149397376e-17 6.762879821049784e-17 62
1.5 1.387022263255066e-17 1.925729652621105e-16 98
2 6.205189862461916e-17 4.892893956129237e-16 210
2.5 1.413620672228038e-16 1.265141590509025e-15 350
3 1.518010760506965e-16 1.914472299270942e-15 450
3.5 2.428903896892583e-16 3.353468386524058e-15 602
4 1.371993649829414e-16 2.513827691881612e-15 762
4.5 6.265078312114182e-29 8.318080542382711e-28 1142
5 1.994761655247136e-29 4.144986622882572e-28 1250
5.5 6.544355100200116e-30 2.530498717471502e-28 1458
6 8.449293296611176e-30 3.387384012084205e-28 1814
6.5 9.330542245146226e-30 4.25448250545254e-28 2178
7 4.079577829396993e-30 1.243598077909574e-28 2498
7.5 2.484916593186872e-31 6.279566343380745e-30 2622
8 4.299148965639919e-33 6.202564578139582e-31 3338
8.5 4.243138614802758e-34 3.089949139022654e-32 3722
9 6.419922383121984e-34 3.545782673273951e-32 4170
9.5 5.014624680212863e-34 4.319985191859664e-32 4358
10 7.726757337083975e-34 6.291301913920502e-32 5034
10.5 7.573616196256398e-34 6.988835932734639e-32 5714
11 6.833677952379984e-34 8.169389002030466e-32 5982
11.5 8.843673489072243e-34 9.323917042542136e-32 6602
12 9.316470622182919e-34 1.272431948829174e-31 7130
12.5 9.643501821378796e-34 1.378076070491045e-31 8034
13 1.109114171396513e-33 1.685551926539851e-31 8606
13.5 1.21803011788433e-33 1.813780082721306e-31 9066
14 1.641833533832604e-33 2.329667451580676e-31 9962
14.5 1.41070803442334e-33 2.868536116253464e-31 10550
15 1.521978829954466e-33 2.904745662179592e-31 11226
15.5 1.70652997488456e-33 3.350377765957132e-31 12146
16 1.772814522332408e-33 3.771797841654201e-31 12606
16.5 1.964800389920595e-33 4.491849239593964e-31 13802
17 2.292377446144338e-33 5.374740267698898e-31 14754
17.5 2.3382893166138e-33 6.027228340804421e-31 15194
18 2.404094880176181e-33 6.717251168319884e-31 16454
18.5 2.557843463887338e-33 7.056462953761121e-31 17154
19 2.897443065480082e-33 8.114634615473628e-31 18266
19.5 2.860710397271562e-33 8.756878500727831e-31 18750
20 3.48842469907174e-33 1.096929427153579e-30 20234
20.5 3.432347782804803e-33 1.116527808196964e-30 21450
21 3.905123563203733e-33 1.198950636707096e-30 21962
21.5 3.852046670553513e-33 1.442416289373327e-30 23462
22 4.043237992191678e-33 1.563569516247299e-30 24042
22.5 4.607406682995602e-33 1.67579623166992e-30 25946
23 4.572606291251356e-33 1.742529789310954e-30 26118
23.5 4.724302992807139e-33 1.971573655865061e-30 27506
24 7.676781192218985e-33 2.24029187459466e-30 29066
24.5 5.772468403408515e-33 2.431664321046876e-30 30450
25 5.887033708150528e-33 2.689287713684227e-30 31742
25.5 6.222840404905409e-33 2.757786301555908e-30 32250
26 6.61082408743794e-33 3.190034115679442e-30 34250
26.5 6.890891940204588e-33 3.226666143910927e-30 35454
27 7.432684503382833e-33 3.510265615210409e-30 36434
27.5 7.442419978146944e-33 3.812120604104837e-30 37682
28 8.938626701815455e-33 4.091224402572152e-30 39294
28.5 8.844671650408203e-33 4.460393970448862e-30 41426
29 9.096506263897892e-33 4.723459809647094e-30 42066
29.5 9.167254818504633e-33 5.005585668439876e-30 43490
30 1.071315819209586e-32 5.573922095475552e-30 45702
30.5 1.01225920362911e-32 5.722785790066642e-30 46634
31 1.070893825900501e-32 6.218728262391367e-30 48554
31.5 1.122037896595248e-32 6.31867918429559e-30 48870
32 1.491753653485925e-32 8.741019129069312e-30 50963
32.5 1.179301982460461e-32 7.29280164622831e-30 51576
33 1.17112029714262e-32 7.271202526876032e-30 49316
33.5 1.16876607502427e-32 7.547943340633375e-30 49344
34 1.110981789343781e-32 7.481477864819672e-30 47192
34.5 1.141305625159276e-32 7.761737445581932e-30 47576
35 1.098161593955678e-32 7.694299698780404e-30 45348
35.5 1.054828846641373e-32 7.740631734528342e-30 44060
36 1.089963396866266e-32 7.906428945796789e-30 43872
36.5 1.035458982874937e-32 7.838298334404014e-30 41756
37 1.057396457392444e-32 8.172830466385237e-30 41528
37.5 1.011254090896324e-32 7.84682689034593e-30 39300
38 9.854957102937738e-33 7.939278046668808e-30 38276
38.5 9.675150854435888e-33 7.913961600107874e-30 36900
39 9.351611646067369e-33 7.566212873982435e-30 34724
39.5 9.190825928932316e-33 7.626387295873453e-30 33960
40 8.713617241190045e-33 7.558150058013972e-30 32144
40.5 8.435341380537123e-33 7.146369716445909e-30 30704
41 8.131770752330668e-33 6.906610222241521e-30 28896
41.5 7.69202534283921e-33 6.931847420969729e-30 26924
42 7.28451605947199e-33 6.687582558109181e-30 25656
42.5 6.401085830478864e-33 6.107306339892986e-30 23228
43 6.414312731576424e-33 5.781391590254559e-30 21816
43.5 5.716350202912198e-33 5.252854522091292e-30 19472
44 5.343728195797401e-33 4.990005366923071e-30 17696
44.5 4.7967331352759e-33 4.563334102105529e-30 15588
45 4.179313892918214e-33 4.118341791081327e-30 13760
45.5 3.62972177320108e-33 3.612160255007766e-30 11565
46 3.084098001117934e-33 3.210658355361626e-30 10016
46.5 2.724764404104893e-33 2.797332537492726e-30 8652
47 2.346608933447282e-33 2.498410001271335e-30 7652
47.5 2.119832576725857e-33 2.267220661861998e-30 6542
48 1.79429810310608e-33 1.937123847278356e-30 5478
48.5 1.588737288603601e-33 1.66909382782181e-30 4886
49 1.293068752790642e-33 1.461358573367437e-30 4068
49.5 1.103848996377745e-33 1.227357454612368e-30 3326
50 8.822775436677416e-34 1.012859414181033e-30 2696
50.5 8.105561790774628e-34 8.591411238879492e-31 2304
51 6.529633202035287e-34 7.272524146024141e-31 1934
51.5 4.698867528393066e-34 5.522109870910411e-31 1344
52 2.844840902749297e-34 3.496640270125713e-31 848
52.5 3.144320915929318e-34 3.738357074389819e-31 888
53 2.150136804293651e-34 2.223075557804906e-31 584
53.5 1.246034561776909e-34 1.504952574299315e-31 344
54 4.857764728123244e-35 3.88050534368011e-32 102
54.5 4.688260727212365e-35 5.178947517280288e-32 104
55 1.013770474634819e-35 1.528475371994328e-32 24
55.5 5.592620286438575e-38 1.883796966788965e-34 1

0.5 2.710436344752282e-18 3.135189454936371e-18 18
1 1.28393519292404e-17 1.574117520225904e-17 62
1.5 2.053252348002217e-17 4.466787845636367e-17 98
2 3.774626307586331e-17 1.863443212652015e-16 210
2.5 7.150907685406699e-17 5.811622736709537e-16 350
3 8.827921654999384e-17 7.683531001205423e-16 450
3.5 1.181491614188401e-16 1.617281240776379e-15 602
4 7.549571990614706e-17 1.071439595618793e-15 762
4.5 6.682442945302832e-29 1.167373925113038e-27 1142
5 1.512888638195004e-29 2.465172245966062e-28 1250
5.5 6.827579588865006e-30 1.594396371005852e-28 1458
6 5.996559928342456e-30 2.491773100731139e-28 1814
6.5 6.857341216183164e-30 2.820481293365582e-28 2178
7 2.023398336009506e-30 6.010573803715585e-29 2498
7.5 1.649675593783607e-31 4.871099309416325e-30 2622
8 4.905938750354816e-33 1.744086005610551e-31 3338
8.5 3.214232259004681e-34 2.270441070764641e-32 3722
9 4.891944187123818e-34 2.708967611020542e-32 4170
9.5 3.890630310153178e-34 3.235543437730236e-32 4358
10 4.703561366521782e-34 5.726771205482293e-32 5034
10.5 5.024030916262161e-34 5.499446920258953e-32 5714
11 5.773031124426251e-34 5.689812210585113e-32 5982
11.5 5.815252299883359e-34 7.769739168440877e-32 6602
12 7.079776001699243e-34 1.011959523345e-31 7130
12.5 7.212665920891584e-34 1.037296297470901e-31 8034
13 7.937327355945942e-34 1.248307171294756e-31 8606
13.5 8.533679963483724e-34 1.406222389162814e-31 9066
14 1.243134083084174e-33 1.952112344158499e-31 9962
14.5 1.130806253883583e-33 1.902115383781682e-31 10550
15 1.112548779006015e-33 2.235694960863513e-31 11226
15.5 1.175143160036315e-33 2.606207243995081e-31 12146
16 1.36985223968311e-33 2.913667727298782e-31 12606
16.5 1.467325658673267e-33 3.381331781393996e-31 13802
17 1.627260682456814e-33 4.264107437760203e-31 14754
17.5 1.706968135223996e-33 4.380949272670507e-31 15194
18 1.884252652889403e-33 4.873548489177955e-31 16454
18.5 1.973207860325328e-33 5.519344749535649e-31 17154
19 2.172834476097577e-33 6.262964064684072e-31 18266
19.5 2.10090670600589e-33 6.831881745153255e-31 18750
20 2.432614712849164e-33 8.476446250924502e-31 20234
20.5 2.521457591505966e-33 8.477074956097888e-31 21450
21 2.770408581341531e-33 9.519151274337609e-31 21962
21.5 2.918100726641974e-33 1.077915723853201e-30 23462
22 3.016084176878731e-33 1.168052570185882e-30 24042
22.5 3.320849830734266e-33 1.287508629531053e-30 25946
23 3.375666151777933e-33 1.356530212343659e-30 26118
23.5 3.587948995691346e-33 1.499512328950221e-30 27506
24 4.708985193338026e-33 1.745499591888633e-30 29066
24.5 4.234911240080395e-33 1.847679866649796e-30 30450
25 4.436627204164034e-33 2.035519086457797e-30 31742
25.5 4.590554521118351e-33 2.12202442142985e-30 32250
26 4.913838716153103e-33 2.470604451063932e-30 34250
26.5 5.133787444551118e-33 2.568409403096356e-30 35454
27 5.487629987796207e-33 2.658798313640771e-30 36434
27.5 5.620462002394564e-33 2.923029924064836e-30 37682
28 6.161949584506379e-33 3.154707725555642e-30 39294
28.5 6.382132169177468e-33 3.461540312728696e-30 41426
29 6.589298696156962e-33 3.657066011368714e-30 42066
29.5 6.840514393717079e-33 3.837345030696549e-30 43490
30 7.636988576526251e-33 4.358439890813307e-30 45702
30.5 7.587189828728317e-33 4.422641833522763e-30 46634
31 8.041822137128222e-33 4.770259025167744e-30 48554
31.5 8.146805377760727e-33 5.015008772714047e-30 48870
32 1.047212215696417e-32 5.362491664277502e-30 50963
32.5 8.92254643865052e-33 5.586210403665561e-30 51576
33 8.640319253807876e-33 5.603540826173799e-30 49316
33.5 8.786853979858091e-33 5.787587649420257e-30 49344
34 8.471266478567837e-33 5.700682450384108e-30 47192
34.5 8.540852163206959e-33 5.976403245171216e-30 47576
35 8.237130385962326e-33 5.952565764570782e-30 45348
35.5 8.114279770090884e-33 5.867902709881552e-30 44060
36 8.117116881746207e-33 6.110094766997782e-30 43872
36.5 7.897638476770042e-33 5.983221434726691e-30 41756
37 7.953032463394696e-33 6.260816013278521e-30 41528
37.5 7.668964392088516e-33 6.023070993476445e-30 39300
38 7.482403617572449e-33 6.06634943028387e-30 38276
38.5 7.417762321578895e-33 5.942700129139865e-30 36900
39 6.955804130281431e-33 5.915969451404599e-30 34724
39.5 6.832581769897353e-33 5.826727630023738e-30 33960
40 6.679865543962286e-33 5.654717365061788e-30 32144
40.5 6.349350601677217e-33 5.608559711628243e-30 30704
41 6.012073223274321e-33 5.37335775719672e-30 28896
41.5 5.765695772644881e-33 5.387330646024429e-30 26924
42 5.512031781113509e-33 5.074348480806531e-30 25656
42.5 4.921426869447518e-33 4.632796988214262e-30 23228
43 4.928382418567855e-33 4.499054764614651e-30 21816
43.5 4.252059792801177e-33 4.099248227260855e-30 19472
44 4.020181132119295e-33 3.870161334955139e-30 17696
44.5 3.608372049838895e-33 3.515683627074462e-30 15588
45 3.190355888373334e-33 3.128505923148648e-30 13760
45.5 2.728661583845415e-33 2.790659115333803e-30 11565
46 2.327748147234193e-33 2.473398775887373e-30 10016
46.5 2.012446767367789e-33 2.181948526278381e-30 8652
47 1.807314993444487e-33 1.918217324537412e-30 7652
47.5 1.599496463261207e-33 1.772229485330902e-30 6542
48 1.332547360211263e-33 1.480135326887269e-30 5478
48.5 1.148786643472247e-33 1.345358930854638e-30 4886
49 9.876514683910871e-34 1.124260960995454e-30 4068
49.5 8.232443209565846e-34 9.253885244559159e-31 3326
50 6.771913658860677e-34 7.694195339215051e-31 2696
50.5 5.724034550511919e-34 7.069653908311323e-31 2304
51 4.93699642092531e-34 5.877125025107746e-31 1934
51.5 3.59052583028127e-34 4.216338715613505e-31 1344
52 2.307316629771975e-34 2.757912701134836e-31 848
52.5 2.486462086651445e-34 2.936525810748125e-31 888
53 1.535540639597545e-34 1.872690101477475e-31 584
53.5 1.014779094555772e-34 9.672037824208759e-32 344
54 2.749617585989406e-35 4.950449833542995e-32 102
54.5 3.045532400717433e-35 3.013485611005394e-32 104
55 5.955391433586907e-36 9.801641290661645e-33 24
55.5 3.110882590801094e-41 1.817887630469737e-34 1

0.5 3.006826612232462e-19 4.927965501015006e-18 18
1 2.922419418365237e-18 2.162770727958357e-17 62
1.5 7.008525374259216e-18 5.307917124424406e-17 98
2 1.892634308740805e-17 1.324535143744997e-16 210
2.5 3.866483286961989e-17 3.809341150892506e-16 350
3 4.271784568246812e-17 5.589880133746624e-16 450
3.5 6.176496690940848e-17 1.086833306427129e-15 602
4 3.573513297515607e-17 7.873048859978304e-16 762
4.5 2.62525590523864e-28 8.555433276405313e-27 1142
5 3.593209993927275e-29 3.676896529294893e-27 1250
5.5 6.748786016647941e-30 8.691741240772241e-28 1458
6 7.546000445586087e-30 2.253987848921126e-28 1814
6.5 7.234654568005616e-30 2.490354697373789e-28 2178
7 1.203704141346857e-30 5.676476653915284e-29 2498
7.5 6.125449844678202e-32 2.559647759510959e-30 2622
8 1.780758541614892e-33 9.224550503599447e-32 3338
8.5 2.364167735465452e-34 1.761784886971266e-32 3722
9 3.56611300113595e-34 2.186553321635025e-32 4170
9.5 2.779866359920073e-34 2.649930982741637e-32 4358
10 4.096189017123539e-34 3.482674659114144e-32 5034
10.5 3.809535796365673e-34 4.24115819389082e-32 5714
11 4.337693982430177e-34 4.566898886469597e-32 5982
11.5 4.713414702629554e-34 5.675133060491207e-32 6602
12 5.703771418116328e-34 8.139755848041654e-32 7130
12.5 5.504657264669432e-34 8.200169000101124e-32 8034
13 6.104490355227386e-34 9.650807425147365e-32 8606
13.5 6.762034923319156e-34 1.06672198476091e-31 9066
14 7.608686125203053e-34 1.87084529189912e-31 9962
14.5 8.134097027805637e-34 1.55583976101373e-31 10550
15 8.375117386467716e-34 1.742996783621466e-31 11226
15.5 9.316869694796237e-34 1.93496391650068e-31 12146
16 1.005765991130313e-33 2.300804202545552e-31 12606
16.5 1.100032888695355e-33 2.712595815257262e-31 13802
17 1.222242246250733e-33 3.290201801970196e-31 14754
17.5 1.303552787600192e-33 3.447067728844194e-31 15194
18 1.506487497780409e-33 3.86863266377928e-31 16454
18.5 1.492173857133715e-33 4.441014381791278e-31 17154
19 1.644368666681477e-33 5.019509964863003e-31 18266
19.5 1.672433697069287e-33 5.366328914820975e-31 18750
20 1.835853893374148e-33 6.551048265869625e-31 20234
20.5 1.989425507606406e-33 6.63705520620566e-31 21450
21 2.118905056831124e-33 7.348600347062224e-31 21962
21.5 2.287496953781511e-33 8.15241708473309e-31 23462
22 2.391927891794119e-33 8.889742690501113e-31 24042
22.5 2.588301799095806e-33 1.001258393726142e-30 25946
23 2.658566283173516e-33 1.048860223435776e-30 26118
23.5 2.825685957869754e-33 1.166645628423466e-30 27506
24 3.261835548497841e-33 1.39085893859242e-30 29066
24.5 3.314418122390904e-33 1.44272835524499e-30 30450
25 3.577316544460693e-33 1.557858004392103e-30 31742
25.5 3.573652963457227e-33 1.671188299149166e-30 32250
26 3.80862224340834e-33 1.910133772413236e-30 34250
26.5 4.029788094514913e-33 1.966733629957415e-30 35454
27 4.189309528450682e-33 2.124009122920623e-30 36434
27.5 4.402339533613928e-33 2.289141013036001e-30 37682
28 4.691735409740415e-33 2.492662302695772e-30 39294
28.5 5.106025149575639e-33 2.658028775374706e-30 41426
29 5.135644551426826e-33 2.844158488538324e-30 42066
29.5 5.377901835421581e-33 2.993695662398131e-30 43490
30 5.931958136035482e-33 3.355140407032006e-30 45702
30.5 6.034350704954297e-33 3.420797394831284e-30 46634
31 6.329687248578207e-33 3.652588407842695e-30 48554
31.5 6.448186932591008e-33 3.836425421541819e-30 48870
32 6.789048433726615e-33 4.876492292194223e-30 50963
32.5 6.997515742212834e-33 4.292661616364853e-30 51576
33 6.813265051095956e-33 4.325536694335783e-30 49316
33.5 6.882944576520654e-33 4.497470004622436e-30 49344
34 6.591744401447774e-33 4.48003077168985e-30 47192
34.5 6.742366797008482e-33 4.666492842434216e-30 47576
35 6.439915896545781e-33 4.619134590422029e-30 45348
35.5 6.399799711731054e-33 4.583811129893954e-30 44060
36 6.381319082996075e-33 4.736288137016991e-30 43872
36.5 6.195186882891753e-33 4.729060525367829e-30 41756
37 6.216445047129696e-33 4.862196590536419e-30 41528
37.5 6.033467541796478e-33 4.730414591435863e-30 39300
38 5.784597973686711e-33 4.767789180745144e-30 38276
38.5 5.719620399146178e-33 4.719051980767527e-30 36900
39 5.493676451166989e-33 4.560720650472248e-30 34724
39.5 5.388391632638773e-33 4.531435407692753e-30 33960
40 5.079893238595765e-33 4.539425108814932e-30 32144
40.5 4.916849830024876e-33 4.395319594209687e-30 30704
41 4.804540592076349e-33 4.181432013920592e-30 28896
41.5 4.526116393122728e-33 4.085258234179477e-30 26924
42 4.372706948264862e-33 3.908743670058133e-30 25656
42.5 3.853844782618503e-33 3.650483369250862e-30 23228
43 3.701973225106617e-33 3.628648749618816e-30 21816
43.5 3.416603536811157e-33 3.195813911514954e-30 19472
44 3.166620957718755e-33 2.997227812779338e-30 17696
44.5 2.786813301089407e-33 2.743986135197594e-30 15588
45 2.491727904494127e-33 2.483889570092283e-30 13760
45.5 2.129430744639754e-33 2.12528655555865e-30 11565
46 1.83128400690735e-33 1.915239829101731e-30 10016
46.5 1.581681625468313e-33 1.742548600850549e-30 8652
47 1.432043056729135e-33 1.490546511639913e-30 7652
47.5 1.250677815319246e-33 1.379532620035959e-30 6542
48 1.062097801861041e-33 1.169049639087502e-30 5478
48.5 9.004453227043953e-34 1.05073349913875e-30 4886
49 7.89001727132626e-34 8.51347876854775e-31 4068
49.5 6.727815413885552e-34 7.219774708645624e-31 3326
50 5.255988734643555e-34 6.115117281368951e-31 2696
50.5 4.789620757874653e-34 5.122156928925552e-31 2304
51 3.818970831122888e-34 4.719233927910192e-31 1934
51.5 2.730499051500314e-34 3.333686951008632e-31 1344
52 1.70046867665909e-34 2.105816530936209e-31 848
52.5 1.886129661804074e-34 2.326301376655942e-31 888
53 1.108129289011094e-34 1.619566024865198e-31 584
53.5 6.824677346136415e-35 9.353184697788422e-32 344
54 2.747262775172181e-35 2.35947743044271e-32 102
54.5 2.094170971597836e-35 2.866306276154079e-32 104
55 6.427548118752684e-36 6.165325436330709e-33 24
55.5 1.630649992915754e-37 4.192427012372552e-38 1

0.5 2.612807769686422e-18 2.281470403455391e-19 18
1 3.772824640827176e-18 7.946631543899575e-18 62
1.5 1.061174476224725e-17 2.106345042782712e-17 98
2 1.744504875616057e-17 6.161534810304639e-17 210
2.5 3.359444141875658e-17 1.867293841002762e-16 350
3 3.482130338174463e-17 2.949480128845799e-16 450
3.5 4.768455873394538e-17 6.074171788238334e-16 602
4 3.142665792519556e-17 3.873630235196521e-16 762
4.5 1.710378053988515e-28 2.645485834078828e-26 1142
5 4.719826728964628e-29 1.10515797880239e-27 1250
5.5 2.90675860608626e-29 3.525050672866981e-28 1458
6 5.399996654844922e-30 2.052585480050477e-28 1814
6.5 6.22479317514366e-30 2.348379086923343e-28 2178
7 1.130274174770536e-30 5.364034476876986e-29 2498
7.5 4.881015294129462e-32 3.84731708790154e-30 2622
8 1.339020090558239e-33 5.666590550231852e-32 3338
8.5 1.918654731980059e-34 1.392039818229639e-32 3722
9 3.103422961489443e-34 1.797450837272501e-32 4170
9.5 2.381178224593198e-34 1.982984154383095e-32 4358
10 2.972657844589148e-34 3.148788201744547e-32 5034
10.5 2.875583919930314e-34 3.413343070148124e-32 5714
11 3.423009728089494e-34 3.787809123795879e-32 5982
11.5 3.650294768130033e-34 4.447761806773762e-32 6602
12 4.282755531633305e-34 6.493602310036896e-32 7130
12.5 4.522461328145065e-34 6.496424939238926e-32 8034
13 4.741076702631977e-34 7.719933403508887e-32 8606
13.5 5.256440300030845e-34 8.680767752608695e-32 9066
14 7.837682162853541e-34 1.153826774924945e-31 9962
14.5 6.470475843929853e-34 1.20446304904042e-31 10550
15 6.63108806805175e-34 1.403559534281491e-31 11226
15.5 7.317278210452521e-34 1.596716868012798e-31 12146
16 8.008924847922159e-34 1.807732066391343e-31 12606
16.5 8.993829100061794e-34 2.12787664336582e-31 13802
17 1.012417868660645e-33 2.556328452324105e-31 14754
17.5 1.025345661800008e-33 2.757319580573413e-31 15194
18 1.160978624955214e-33 3.276472131033639e-31 16454
18.5 1.216629724742755e-33 3.485755657291831e-31 17154
19 1.321976221483483e-33 3.99705337010089e-31 18266
19.5 1.362911760121346e-33 4.199303922076435e-31 18750
20 1.480213832857637e-33 5.066826661367084e-31 20234
20.5 1.592254568627477e-33 5.422170856197052e-31 21450
21 1.632206326238012e-33 5.938020095390661e-31 21962
21.5 1.797653224134684e-33 6.679398899525552e-31 23462
22 1.891983884629115e-33 7.108487893950142e-31 24042
22.5 2.059360012375379e-33 8.075263513712149e-31 25946
23 2.115857356065313e-33 8.302058898325039e-31 26118
23.5 2.249135669562684e-33 9.3924784119733e-31 27506
24 2.429474913877397e-33 1.132976014530905e-30 29066
24.5 2.643784698255932e-33 1.168937767034299e-30 30450
25 2.754087025411319e-33 1.268037828736304e-30 31742
25.5 2.822876576043436e-33 1.342254287957409e-30 32250
26 3.215867967256143e-33 1.472809668828802e-30 34250
26.5 3.203341483599332e-33 1.568473195966545e-30 35454
27 3.365756023889768e-33 1.68601411093441e-30 36434
27.5 3.517714071310305e-33 1.81321174358499e-30 37682
28 3.750013470169789e-33 1.983115403109059e-30 39294
28.5 4.004707842209067e-33 2.183960330626341e-30 41426
29 4.119222483734476e-33 2.292207801617571e-30 42066
29.5 4.279709867597494e-33 2.394477311006908e-30 43490
30 4.8658901519522e-33 2.601695681834618e-30 45702
30.5 4.751638941980044e-33 2.760006261797754e-30 46634
31 5.028272702846301e-33 2.945005339996418e-30 48554
31.5 5.20559103997702e-33 3.081939020292794e-30 48870
32 6.440863347967226e-33 3.340522377277082e-30 50963
32.5 5.562753365809718e-33 3.445093045280799e-30 51576
33 5.433542852632403e-33 3.485085079054249e-30 49316
33.5 5.406339308985707e-33 3.644292569388768e-30 49344
34 5.235418864589802e-33 3.615237209853987e-30 47192
34.5 5.346892664637212e-33 3.760674404089206e-30 47576
35 5.157122975859549e-33 3.70793709962307e-30 45348
35.5 5.087796369159609e-33 3.706263295075305e-30 44060
36 5.0441326571751e-33 3.885872119829686e-30 43872
36.5 4.909231634334252e-33 3.827878486915922e-30 41756
37 4.969300395582264e-33 3.852470297877309e-30 41528
37.5 4.793061767030367e-33 3.812094285000685e-30 39300
38 4.634264857552843e-33 3.847475474101823e-30 38276
38.5 4.496743161130464e-33 3.801018293446149e-30 36900
39 4.374428655248526e-33 3.654834784445255e-30 34724
39.5 4.270377393980124e-33 3.68299875681496e-30 33960
40 4.119193010167659e-33 3.600812374329683e-30 32144
40.5 3.980034717283439e-33 3.481427369359274e-30 30704
41 3.770157226931597e-33 3.351919502541836e-30 28896
41.5 3.654481212292525e-33 3.240789891348684e-30 26924
42 3.434601506967085e-33 3.254298164622042e-30 25656
42.5 3.08001369919388e-33 2.942912573608711e-30 23228
43 2.984822207719414e-33 2.863340550132281e-30 21816
43.5 2.732381956789999e-33 2.604388483515926e-30 19472
44 2.53368552649578e-33 2.430846801538072e-30 17696
44.5 2.237897690365432e-33 2.181816425219118e-30 15588
45 1.964254471506292e-33 1.997874667213801e-30 13760
45.5 1.679680755220734e-33 1.71435295796863e-30 11565
46 1.457387064744349e-33 1.518476688283072e-30 10016
46.5 1.273082584327349e-33 1.368004213342309e-30 8652
47 1.166112896703579e-33 1.216981260545879e-30 7652
47.5 9.91877231474227e-34 1.106975840179797e-30 6542
48 8.596321131237877e-34 9.371621285506879e-31 5478
48.5 7.263131984047539e-34 8.07349970304439e-31 4886
49 6.364400262848902e-34 6.93591400936875e-31 4068
49.5 5.248416039759651e-34 5.890902969967619e-31 3326
50 4.27912500437858e-34 4.906066936598488e-31 2696
50.5 3.609156724000806e-34 4.323953509824971e-31 2304
51 3.189546896870621e-34 3.754037040940666e-31 1934
51.5 2.266371564552407e-34 2.521186763801433e-31 1344
52 1.357888599339032e-34 1.72059927843168e-31 848
52.5 1.531611942911493e-34 1.831475272052157e-31 888
53 9.905701872784245e-35 1.182796509244018e-31 584
53.5 6.171206368299633e-35 6.977950352186423e-32 344
54 1.575935246995539e-35 2.328959479258866e-32 102
54.5 1.733591677522721e-35 2.392396096750725e-32 104
55 4.376419461877814e-36 6.443103502566273e-33 24
55.5 8.738469197560273e-40 3.48393230898727e-34 1

0.5 2.599304253770474e-19 2.276981889705364e-18 18
1 7.375189364042091e-19 1.870468857051527e-17 62
1.5 6.238236587802871e-18 2.39908984403824e-17 98
2 8.632042993516367e-18 6.237045310757519e-17 210
2.5 1.730776413452988e-17 1.837675360635953e-16 350
3 1.886685717625745e-17 2.743745516485624e-16 450
3.5 2.924959151731365e-17 4.969608406695054e-16 602
4 1.650694194615305e-17 3.710049907280313e-16 762
4.5 1.16717579374836e-27 1.918349649839726e-25 1142
5 1.040954152716655e-27 4.950287945206583e-26 1250
5.5 3.171291875702935e-28 3.551126666566063e-27 1458
6 5.845159572710432e-30 2.158393572641651e-28 1814
6.5 5.145417439052327e-30 2.390217311621644e-28 2178
7 8.376799491808881e-31 3.898110455193976e-29 2498
7.5 4.560740200189979e-32 2.739874004004672e-30 2622
8 2.616949928161295e-33 7.545540050221468e-32 3338
8.5 1.650623651653333e-34 1.183342670892219e-32 3722
9 2.509085624808754e-34 1.613431912682405e-32 4170
9.5 1.948231720842851e-34 1.783846621181078e-32 4358
10 2.408065591084348e-34 2.522814403727735e-32 5034
10.5 2.646383857412044e-34 2.802237972423417e-32 5714
11 2.681763151604589e-34 3.604806623002429e-32 5982
11.5 3.271020064140984e-34 3.692226077630043e-32 6602
12 3.572076083591652e-34 5.42006760613644e-32 7130
12.5 3.885955800734823e-34 5.757200084179976e-32 8034
13 4.538254321432788e-34 6.61643718515537e-32 8606
13.5 4.552068600554901e-34 7.609772800840178e-32 9066
14 6.33335470255836e-34 1.012516733874436e-31 9962
14.5 5.79994832220384e-34 1.014708833913468e-31 10550
15 5.818222543948301e-34 1.206888847439081e-31 11226
15.5 6.592996875896681e-34 1.375019191724479e-31 12146
16 6.991943687815368e-34 1.556207535642337e-31 12606
16.5 7.645051812744507e-34 1.856287235799059e-31 13802
17 8.48593454433135e-34 2.09998719874694e-31 14754
17.5 9.019812829944081e-34 2.29821969821512e-31 15194
18 1.021732445595903e-33 2.825916882761843e-31 16454
18.5 1.070849535598919e-33 2.944008976047246e-31 17154
19 1.17259993195012e-33 3.418249802379024e-31 18266
19.5 1.170076988835238e-33 3.630015498440517e-31 18750
20 1.483254553819635e-33 4.248629885508998e-31 20234
20.5 1.405480947402638e-33 4.623597737271736e-31 21450
21 1.413418791811317e-33 5.079560345028388e-31 21962
21.5 1.65766015210791e-33 5.647839307122791e-31 23462
22 1.618873310488527e-33 6.229477999669162e-31 24042
22.5 1.805960019235597e-33 6.958208665037002e-31 25946
23 1.831206498393038e-33 7.197920569140437e-31 26118
23.5 1.960921615361433e-33 8.092067005294254e-31 27506
24 2.093987119829183e-33 9.611005366993759e-31 29066
24.5 2.31108283922625e-33 9.91152361715277e-31 30450
25 2.368757417634314e-33 1.084221160584133e-30 31742
25.5 2.50173639165004e-33 1.143320494838402e-30 32250
26 2.723855138499488e-33 1.260132874865927e-30 34250
26.5 2.77769521270842e-33 1.368326536246543e-30 35454
27 2.938783235046404e-33 1.464508870417422e-30 36434
27.5 3.031788735613372e-33 1.565352205557916e-30 37682
28 3.329893418902757e-33 1.709612072558589e-30 39294
28.5 3.463712662899304e-33 1.866156476176972e-30 41426
29 3.599884002353318e-33 1.975470176368433e-30 42066
29.5 3.704015789770007e-33 2.079212204276411e-30 43490
30 4.01353205710127e-33 2.33161629467159e-30 45702
30.5 4.16426816224711e-33 2.362971056107269e-30 46634
31 4.35394166858767e-33 2.532985952173977e-30 48554
31.5 4.447852060619996e-33 2.675434587332912e-30 48870
32 4.760932052628569e-33 3.090265817520291e-30 50963
32.5 4.815669778466341e-33 2.993503744259044e-30 51576
33 4.69640182685265e-33 2.99934720004288e-30 49316
33.5 4.755744057058064e-33 3.102444002788299e-30 49344
34 4.576083320693927e-33 3.070847692604146e-30 47192
34.5 4.670925405591224e-33 3.247996346341798e-30 47576
35 4.48157647559757e-33 3.161206874963715e-30 45348
35.5 4.417251900636577e-33 3.166076653368278e-30 44060
36 4.4588643634595e-33 3.30766021261985e-30 43872
36.5 4.303725777060294e-33 3.284943976797438e-30 41756
37 4.302819678378964e-33 3.310619299055519e-30 41528
37.5 4.174211839529127e-33 3.276556362715966e-30 39300
38 4.093274834190155e-33 3.258418080867597e-30 38276
38.5 3.952487416433704e-33 3.247707549846553e-30 36900
39 3.838814126943939e-33 3.154380983554808e-30 34724
39.5 3.756188316893203e-33 3.178735698609462e-30 33960
40 3.605919573934493e-33 3.061193715656906e-30 32144
40.5 3.49154717249491e-33 3.009198753342391e-30 30704
41 3.31289912785867e-33 2.87638186053855e-30 28896
41.5 3.135446620940653e-33 2.800842854401385e-30 26924
42 3.13245198590581e-33 2.742094769003191e-30 25656
42.5 2.705434214446629e-33 2.489738387943429e-30 23228
43 2.616126640661418e-33 2.429440788567184e-30 21816
43.5 2.350998599304532e-33 2.274309167897137e-30 19472
44 2.190837344074087e-33 2.046026912160014e-30 17696
44.5 1.916558901718925e-33 1.895961891543162e-30 15588
45 1.715869750410304e-33 1.718233840052599e-30 13760
45.5 1.451313110913111e-33 1.486909488815952e-30 11565
46 1.291305950311952e-33 1.296042677260067e-30 10016
46.5 1.075932538321029e-33 1.169327391041759e-30 8652
47 9.83725952256173e-34 1.062144946812431e-30 7652
47.5 8.709313543073291e-34 9.262929130250693e-31 6542
48 7.72702156794585e-34 7.971076351471313e-31 5478
48.5 6.327986010189505e-34 7.143652694972872e-31 4886
49 5.457252546823236e-34 6.089934325850432e-31 4068
49.5 4.450521061603743e-34 5.139337380370506e-31 3326
50 3.70265389120254e-34 4.251393899608132e-31 2696
50.5 3.086548403050905e-34 3.696958695181508e-31 2304
51 2.712884995804149e-34 3.34002825525025e-31 1934
51.5 1.90564035182452e-34 2.277758010506001e-31 1344
52 1.246346988461087e-34 1.420316178854922e-31 848
52.5 1.361698845422925e-34 1.616917943460199e-31 888
53 8.440196276715052e-35 1.068103788549133e-31 584
53.5 4.909180080105264e-35 6.280132459279146e-32 344
54 1.504742174025692e-35 1.558179909621012e-32 102
54.5 1.758934466252727e-35 1.709970566390395e-32 104
55 4.085758889775457e-36 4.475465462116575e-33 24
55.5 4.304963764454186e-38 2.147661270150237e-35 1

0.5 5.44646059158917e-19 6.777778640579284e-19 18
1 1.522091790851238e-18 5.143146000182772e-18 62
1.5 1.105659256610452e-17 9.723234698217997e-18 98
2 1.011233331677165e-17 2.944375211128991e-17 210
2.5 1.616672434750923e-17 1.101498202046327e-16 350
3 1.792779941763375e-17 1.600334438034134e-16 450
3.5 2.714975286736726e-17 2.96390584956669e-16 602
4 1.607816626544463e-17 2.119779957264557e-16 762
4.5 2.695309061963774e-26 4.131202368731115e-25 1142
5 1.786179783869459e-27 2.170390207758851e-26 1250
5.5 4.053976328722917e-28 1.706418595217459e-26 1458
6 6.139175367948022e-30 2.307830368604008e-28 1814
6.5 5.174010706432577e-30 2.150857828050751e-28 2178
7 9.231319993143113e-31 3.922030439093627e-29 2498
7.5 5.589701665749097e-32 1.510723138157668e-30 2622
8 5.39897614079448e-34 2.496599666185973e-32 3338
8.5 1.538483230060933e-34 1.034710176835185e-32 3722
9 2.054108818440861e-34 1.418047390452377e-32 4170
9.5 1.785675103924225e-34 1.544111565671452e-32 4358
10 2.549711699155019e-34 2.36113130239164e-32 5034
10.5 2.45780892219308e-34 2.453588818510073e-32 5714
11 2.445914103601578e-34 3.134444847915287e-32 5982
11.5 2.765496162572723e-34 3.830557120681351e-32 6602
12 3.463632337838462e-34 4.458256994494446e-32 7130
12.5 3.483461619658521e-34 5.072875617050631e-32 8034
13 3.637660853026342e-34 6.479486571648919e-32 8606
13.5 3.955255543117271e-34 6.915774720782772e-32 9066
14 4.70451828510989e-34 9.890996571491112e-32 9962
14.5 4.872156266584462e-34 9.366124178646637e-32 10550
15 5.507663187956267e-34 1.024072862719188e-31 11226
15.5 5.806946486521363e-34 1.25643736140458e-31 12146
16 6.343466299837246e-34 1.396016282895296e-31 12606
16.5 6.886157027904316e-34 1.643760433863055e-31 13802
17 7.83995147940407e-34 1.859002344456012e-31 14754
17.5 7.871791877272819e-34 2.042958165265271e-31 15194
18 8.72384426901913e-34 2.582759471732455e-31 16454
18.5 9.457567872936719e-34 2.6772560734072e-31 17154
19 1.12141882502222e-33 2.998038594772459e-31 18266
19.5 1.03133928458262e-33 3.33146578266857e-31 18750
20 1.639135666510816e-33 3.681713508145404e-31 20234
20.5 1.218585260194849e-33 4.216055318871714e-31 21450
21 1.261417010575053e-33 4.488293398810652e-31 21962
21.5 1.417899420102948e-33 5.171894197262784e-31 23462
22 1.444255274703477e-33 5.521522446524407e-31 24042
22.5 1.574885036512437e-33 6.261469554984142e-31 25946
23 1.583672365620727e-33 6.631391149231009e-31 26118
23.5 1.733972062879867e-33 7.293372233044965e-31 27506
24 1.912565414062197e-33 8.446649154627816e-31 29066
24.5 1.987878638585352e-33 9.109407443644459e-31 30450
25 2.14904235734162e-33 9.488388542405468e-31 31742
25.5 2.308647675047816e-33 1.035744650028791e-30 32250
26 2.368001506551611e-33 1.15116650450786e-30 34250
26.5 2.467500547837309e-33 1.22052225276431e-30 35454
27 2.586113974491321e-33 1.308073042378434e-30 36434
27.5 2.728587591559685e-33 1.389458513741024e-30 37682
28 2.882357420030379e-33 1.519135361580962e-30 39294
28.5 3.040260829632848e-33 1.665970735240718e-30 41426
29 3.153378822069598e-33 1.778303393846177e-30 42066
29.5 3.344974115733523e-33 1.833718818451219e-30 43490
30 3.565939574067652e-33 2.063638758937926e-30 45702
30.5 3.676578053415555e-33 2.131944457217507e-30 46634
31 3.851520206244862e-33 2.310526113052653e-30 48554
31.5 3.970158249931525e-33 2.36475756855775e-30 48870
32 4.650530815951427e-33 2.586818687171277e-30 50963
32.5 4.266954742481676e-33 2.698816255827453e-30 51576
33 4.168334961176043e-33 2.670919294703964e-30 49316
33.5 4.223731722156322e-33 2.783239726360571e-30 49344
34 4.077663153311728e-33 2.780660105791425e-30 47192
34.5 4.146385095758438e-33 2.898207597767073e-30 47576
35 3.954275204884995e-33 2.865926010913936e-30 45348
35.5 3.88060995337454e-33 2.869433909346189e-30 44060
36 3.906516467889591e-33 3.011992686534025e-30 43872
36.5 3.809907559266782e-33 2.914868067974777e-30 41756
37 3.758155802471921e-33 2.994542772197257e-30 41528
37.5 3.711679898094524e-33 2.917432200429167e-30 39300
38 3.578181562284493e-33 2.959968623917158e-30 38276
38.5 3.519985341818801e-33 2.916901814780684e-30 36900
39 3.40492861413737e-33 2.830611121275807e-30 34724
39.5 3.365486121905982e-33 2.852529060561582e-30 33960
40 3.177047786322275e-33 2.772797292808277e-30 32144
40.5 3.087809537659851e-33 2.714802570918934e-30 30704
41 2.908787714739931e-33 2.599900604796606e-30 28896
41.5 2.746516137737466e-33 2.561196959641522e-30 26924
42 2.674652588951411e-33 2.497194680495308e-30 25656
42.5 2.383625082100479e-33 2.259834181346292e-30 23228
43 2.31604130820631e-33 2.193680480248548e-30 21816
43.5 2.100697484573866e-33 2.030023970668086e-30 19472
44 1.945311632542762e-33 1.868107478507096e-30 17696
44.5 1.714244490558494e-33 1.67603436651117e-30 15588
45 1.530968521967633e-33 1.525671618569885e-30 13760
45.5 1.285727433519935e-33 1.345721489523155e-30 11565
46 1.130873459926849e-33 1.188868624104639e-30 10016
46.5 9.872472656496705e-34 1.026016713334349e-30 8652
47 8.799649199912089e-34 9.527993164181135e-31 7652
47.5 7.596715583664366e-34 8.519363944690403e-31 6542
48 6.727670255312899e-34 7.204053250102635e-31 5478
48.5 5.57667461507108e-34 6.44166964871167e-31 4886
49 4.838903203170713e-34 5.530518391883041e-31 4068
49.5 4.057415858504852e-34 4.438031107138525e-31 3326
50 3.269366011118196e-34 3.795591668416631e-31 2696
50.5 2.850184182408263e-34 3.249246310591109e-31 2304
51 2.357584906897882e-34 2.925468978431853e-31 1934
51.5 1.833487062637793e-34 2.003428348688131e-31 1344
52 1.160903526137966e-34 1.339211087759084e-31 848
52.5 1.226280242055987e-34 1.383345575730931e-31 888
53 7.56823190990737e-35 9.303086843410436e-32 584
53.5 4.3792177679852e-35 5.725781277900022e-32 344
54 1.157487736470483e-35 1.671544828786109e-32 102
54.5 1.525823928973582e-35 2.126163908465445e-32 104
55 3.075648885125766e-36 4.312062095611429e-33 24
55.5 9.691099218928338e-39 7.71415221450889e-35 1

0.5 6.227185644787685e-19 2.2533939659279e-18 18
1 1.703371838904596e-18 5.319353487817546e-18 62
1.5 6.4531581923385e-18 1.771011440410451e-17 98
2 5.611216238549237e-18 4.241770236940026e-17 210
2.5 1.06672287414725e-17 1.038891824602871e-16 350
3 1.166965724331529e-17 1.475966330053087e-16 450
3.5 1.879992111480984e-17 2.545703669707821e-16 602
4 1.028293290580928e-17 1.995156413646969e-16 762
4.5 3.995683003473744e-25 2.085752875408755e-24 1142
5 1.397739122872573e-25 1.293491442403809e-24 1250
5.5 9.608247828565934e-27 3.759689269764237e-25 1458
6 2.202284286320044e-29 2.753788200867521e-28 1814
6.5 4.492605209686242e-30 2.13140165671024e-28 2178
7 7.154823141162475e-31 3.973061264478463e-29 2498
7.5 8.728559599917852e-32 1.480101188102917e-30 2622
8 1.132722442948123e-33 2.24474088140325e-32 3338
8.5 1.347172502280864e-34 9.742661596015252e-33 3722
9 1.720987616842718e-34 1.298760012247984e-32 4170
9.5 1.502695103538617e-34 1.466513257377919e-32 4358
10 2.306102117143946e-34 2.177847201809548e-32 5034
10.5 2.225911938509677e-34 2.14362346692304e-32 5714
11 2.18480149955981e-34 2.66970619478269e-32 5982
11.5 2.711325475265663e-34 3.102239161974854e-32 6602
12 2.863706912049353e-34 3.885030010670136e-32 7130
12.5 3.097181888571663e-34 4.629270402573886e-32 8034
13 3.579418385810099e-34 5.23695628498221e-32 8606
13.5 3.585153618744269e-34 6.186406757527604e-32 9066
14 4.990019268392524e-34 7.837841307193722e-32 9962
14.5 4.296190338470354e-34 8.400525411822535e-32 10550
15 4.953803530010294e-34 9.233843659003282e-32 11226
15.5 5.37770357766147e-34 1.09968626305743e-31 12146
16 6.075376139198528e-34 1.249568981240598e-31 12606
16.5 6.131603259100196e-34 1.47064625461294e-31 13802
17 6.990038013778929e-34 1.700278994159956e-31 14754
17.5 7.006824384431441e-34 1.843106441081955e-31 15194
18 7.927014982019534e-34 2.252219463064985e-31 16454
18.5 8.357168196086012e-34 2.374951683565877e-31 17154
19 9.683224590657912e-34 2.815581496116476e-31 18266
19.5 9.263000881921247e-34 2.932257547376631e-31 18750
20 1.308162549088449e-33 3.327504286326336e-31 20234
20.5 1.118819555468325e-33 3.724041197751157e-31 21450
21 1.127734763845319e-33 3.985067454834695e-31 21962
21.5 1.244841558833228e-33 4.662553399368255e-31 23462
22 1.329386045018785e-33 4.900508947020969e-31 24042
22.5 1.404417215081148e-33 5.606603710229959e-31 25946
23 1.473048497365722e-33 5.782275744290769e-31 26118
23.5 1.54853652950003e-33 6.56258494543457e-31 27506
24 1.752465207746093e-33 7.403560873673355e-31 29066
24.5 1.826514882583102e-33 7.907430051109203e-31 30450
25 1.888725957205573e-33 8.668799758694611e-31 31742
25.5 2.085707375638412e-33 9.361367662798203e-31 32250
26 2.156421048471608e-33 1.023817888616868e-30 34250
26.5 2.238063315153478e-33 1.078766598187502e-30 35454
27 2.349974727611973e-33 1.161701465049149e-30 36434
27.5 2.410545931033795e-33 1.266327878971313e-30 37682
28 2.698589890983181e-33 1.371463455693255e-30 39294
28.5 2.74068612160936e-33 1.482505600852898e-30 41426
29 2.864347088396996e-33 1.56853992897074e-30 42066
29.5 2.921502963480431e-33 1.684249024206607e-30 43490
30 3.239424187265562e-33 1.830640567506922e-30 45702
30.5 3.317727165186856e-33 1.915832605098488e-30 46634
31 3.463193377004994e-33 2.064409076929875e-30 48554
31.5 3.534348228428365e-33 2.148946040340139e-30 48870
32 3.817914758038815e-33 2.443018769831273e-30 50963
32.5 3.855178389663004e-33 2.41138991035196e-30 51576
33 3.742986037183553e-33 2.424987461134076e-30 49316
33.5 3.747241613270979e-33 2.511469319385416e-30 49344
34 3.648185354731546e-33 2.50852388880803e-30 47192
34.5 3.710492519892559e-33 2.610134081648435e-30 47576
35 3.573421364214751e-33 2.576112502640218e-30 45348
35.5 3.486439620636116e-33 2.60064544953823e-30 44060
36 3.568877423220182e-33 2.655534201855444e-30 43872
36.5 3.44562760917971e-33 2.623413917045967e-30 41756
37 3.462225746461074e-33 2.670611206923021e-30 41528
37.5 3.302667694857763e-33 2.629515959531202e-30 39300
38 3.235917721583442e-33 2.639362047692669e-30 38276
38.5 3.203458161981493e-33 2.595139429102471e-30 36900
39 3.025350323788772e-33 2.581068914885322e-30 34724
39.5 3.005840468826218e-33 2.571674751770753e-30 33960
40 2.849990952294095e-33 2.495453627048219e-30 32144
40.5 2.760351149277605e-33 2.45565199049251e-30 30704
41 2.61027839382431e-33 2.313184314085248e-30 28896
41.5 2.473247982531773e-33 2.281655062382707e-30 26924
42 2.425656088467595e-33 2.197042775170171e-30 25656
42.5 2.137576268610401e-33 2.054395552663408e-30 23228
43 2.062191420431232e-33 1.998997357888454e-30 21816
43.5 1.883873335475334e-33 1.822627216301213e-30 19472
44 1.732825209123632e-33 1.682243584681965e-30 17696
44.5 1.497091893529819e-33 1.548968795118257e-30 15588
45 1.359108877616181e-33 1.372910896243873e-30 13760
45.5 1.160662501409768e-33 1.217238430112382e-30 11565
46 1.010398316216995e-33 1.0858565160654e-30 10016
46.5 8.736513718970555e-34 9.380386893498086e-31 8652
47 7.840637935790509e-34 8.741213145911089e-31 7652
47.5 6.964403711198284e-34 7.487083941767248e-31 6542
48 6.019090109576072e-34 6.523586611941388e-31 5478
48.5 5.112134042184105e-34 5.791688430108709e-31 4886
49 4.32105373432266e-34 5.143947106317525e-31 4068
49.5 3.481043413672751e-34 4.188848941580629e-31 3326
50 2.915624417773065e-34 3.489590838938624e-31 2696
50.5 2.530615292634689e-34 2.913180135581263e-31 2304
51 2.226150721712024e-34 2.501669267676176e-31 1934
51.5 1.6385941995958e-34 1.850582089938757e-31 1344
52 1.058774287347586e-34 1.169181015067416e-31 848
52.5 1.062392489320471e-34 1.291871533184159e-31 888
53 7.499401256676129e-35 8.236781009874575e-32 584
53.5 4.443495777827736e-35 4.345593464687977e-32 344
54 1.293130301119115e-35 1.357986319849272e-32 102
54.5 1.369659549494712e-35 1.588117433012326e-32 104
55 3.12393838431845e-36 3.354559083010542e-33 24
55.5 1.506961301105503e-37 1.212821992561223e-35 1

0.5 1.612314279074513e-18 7.449335671148772e-18 18
1 2.890567023399703e-18 1.854455372473123e-17 62
1.5 1.078171033937188e-17 1.751587139274417e-17 98
2 1.185301096227377e-17 6.390242234175476e-17 210
2.5 1.580802933152011e-17 3.220767891694749e-16 350
3 1.121147491464782e-17 1.265426966863053e-16 450
3.5 1.616324187035077e-17 1.888870595735561e-16 602
4 9.205864065776099e-18 1.414394589544022e-16 762
4.5 3.653377479393723e-24 5.038141016394455e-23 1142
5 5.109607218498507e-25 3.14331282423756e-23 1250
5.5 3.567580452290358e-26 4.37608492475588e-24 1458
6 6.795940540964073e-29 4.500506326734798e-28 1814
6.5 5.548607420815867e-30 1.981687089554231e-28 2178
7 9.318832722911906e-31 2.768799689582271e-29 2498
7.5 5.323131993625198e-32 7.625808138191188e-31 2622
8 4.677290208516982e-34 2.569568516093538e-32 3338
8.5 1.124179745710959e-34 8.25945773410326e-33 3722
9 1.629928130291526e-34 1.08884893098218e-32 4170
9.5 1.325568283313193e-34 1.246129484370896e-32 4358
10 2.317911937386435e-34 1.844274905649388e-32 5034
10.5 1.896818530273938e-34 1.862714006633541e-32 5714
11 1.89417394718953e-34 2.201245146419981e-32 5982
11.5 2.180709217686551e-34 2.951895748313574e-32 6602
12 3.031488934269101e-34 3.231239605965125e-32 7130
12.5 2.768298648744099e-34 3.848362116577268e-32 8034
13 2.875347504541787e-34 4.567701063558174e-32 8606
13.5 3.215565288327816e-34 5.213787421382368e-32 9066
14 4.297414095024753e-34 7.142224944884003e-32 9962
14.5 3.885750127556868e-34 7.087301409956602e-32 10550
15 4.141668939247938e-34 8.201120432143489e-32 11226
15.5 4.385694581635221e-34 1.002516147081334e-31 12146
16 5.158772091687741e-34 1.076497019265463e-31 12606
16.5 5.321953587736981e-34 1.268327659663718e-31 13802
17 6.183520042927306e-34 1.46615027145848e-31 14754
17.5 6.002386995552812e-34 1.600051179850155e-31 15194
18 7.272997237789646e-34 1.895685438687634e-31 16454
18.5 7.242005924174692e-34 2.043367764384054e-31 17154
19 7.722006155208696e-34 2.511526208570791e-31 18266
19.5 8.036034961021178e-34 2.50632078710233e-31 18750
20 1.134484337192847e-33 2.985273741828632e-31 20234
20.5 9.433121346608068e-34 3.226081479984914e-31 21450
21 9.648675251718341e-34 3.446944935034797e-31 21962
21.5 1.105981723359204e-33 3.919881907560905e-31 23462
22 1.120671603298173e-33 4.273787927915967e-31 24042
22.5 1.215795512910313e-33 4.843753631191709e-31 25946
23 1.240186479725623e-33 5.038111782630434e-31 26118
23.5 1.354357563855175e-33 5.576682861210017e-31 27506
24 1.532229789452034e-33 6.326060043986492e-31 29066
24.5 1.571737943363508e-33 6.839648871636762e-31 30450
25 1.610768942034955e-33 7.56503055715709e-31 31742
25.5 1.77084187458385e-33 8.210793183210786e-31 32250
26 1.825166719628119e-33 8.852977481947668e-31 34250
26.5 1.911694885221563e-33 9.41563758028855e-31 35454
27 2.011867155361344e-33 1.013989279730074e-30 36434
27.5 2.097469198854219e-33 1.090692796395843e-30 37682
28 2.371553151582302e-33 1.159295768930405e-30 39294
28.5 2.361130355935717e-33 1.292733694661702e-30 41426
29 2.47162466012442e-33 1.348929580196398e-30 42066
29.5 2.557597388719212e-33 1.438088147703118e-30 43490
30 2.742833047993625e-33 1.587225431251047e-30 45702
30.5 2.845896915495231e-33 1.665845602977036e-30 46634
31 2.983068541104166e-33 1.780590024427188e-30 48554
31.5 3.0654758112646e-33 1.857378920684824e-30 48870
32 3.47635142987932e-33 1.999224320069276e-30 50963
32.5 3.300317139452162e-33 2.098751868729897e-30 51576
33 3.271023338271681e-33 2.076163605882266e-30 49316
33.5 3.254983118853813e-33 2.155095033062041e-30 49344
34 3.135759319013137e-33 2.177560400281836e-30 47192
34.5 3.226819778963132e-33 2.239863200110116e-30 47576
35 3.088606758714931e-33 2.226311606546556e-30 45348
35.5 2.998446846742736e-33 2.244484763823868e-30 44060
36 3.044653704208385e-33 2.310174107855236e-30 43872
36.5 2.965304313839364e-33 2.277187566519138e-30 41756
37 2.976156763607053e-33 2.330366985487509e-30 41528
37.5 2.866699289634677e-33 2.261095219301463e-30 39300
38 2.770938884714805e-33 2.284987253402172e-30 38276
38.5 2.772241420073191e-33 2.246429872402103e-30 36900
39 2.625484268728171e-33 2.217550311818617e-30 34724
39.5 2.607917014508816e-33 2.211503297437698e-30 33960
40 2.491541795315383e-33 2.129025687838443e-30 32144
40.5 2.383421866790912e-33 2.110642358151255e-30 30704
41 2.249983188321693e-33 2.015000658169431e-30 28896
41.5 2.149373730027911e-33 1.953670688856029e-30 26924
42 2.054582813846618e-33 1.924955218507083e-30 25656
42.5 1.862166262169813e-33 1.755054575112875e-30 23228
43 1.805265607855834e-33 1.696696290681548e-30 21816
43.5 1.621784306239701e-33 1.577702337078368e-30 19472
44 1.503809115518885e-33 1.431460067558688e-30 17696
44.5 1.317419785721486e-33 1.315326824919378e-30 15588
45 1.153955528372596e-33 1.212863799429716e-30 13760
45.5 9.957671914675437e-34 1.044196659895641e-30 11565
46 8.74819161334393e-34 9.291427659572181e-31 10016
46.5 7.466469463182153e-34 8.148541791333574e-31 8652
47 6.862513469521793e-34 7.452612217205215e-31 7652
47.5 5.900025757994933e-34 6.609391051880677e-31 6542
48 5.172894329871085e-34 5.591650583575023e-31 5478
48.5 4.335970858741469e-34 5.08963609786086e-31 4886
49 3.789340971093827e-34 4.351007704383522e-31 4068
49.5 3.170452865958808e-34 3.442099968306273e-31 3326
50 2.610933953993195e-34 2.960621460183733e-31 2696
50.5 2.218743374624005e-34 2.505678135221285e-31 2304
51 1.859417970428582e-34 2.220125778307089e-31 1934
51.5 1.415591306430726e-34 1.61470714877253e-31 1344
52 9.106922160206648e-35 9.827854393142151e-32 848
52.5 8.816334480489903e-35 1.109175906768105e-31 888
53 5.995773614340439e-35 7.476990663647513e-32 584
53.5 3.363295085227212e-35 4.429951015185391e-32 344
54 1.087902409473087e-35 1.129915083550802e-32 102
54.5 1.215099218823337e-35 1.370579881455288e-32 104
55 2.475627153931425e-36 3.340966104679972e-33 24
55.5 1.784410031289984e-38 3.204307369388242e-34 1

0.5 2.260499619197119e-16 5.988725573896668e-16 18
1 4.849128218852541e-16 2.272276175019081e-15 62
1.5 2.232871784475025e-16 2.904614622716408e-15 98
2 8.108676197301357e-17 6.399831746076295e-15 210
2.5 2.775454858846406e-16 2.07441380255186e-15 350
3 1.098328344534231e-17 3.797524974922878e-16 450
3.5 1.125428649079771e-17 1.869197645740808e-16 602
4 7.278590452898602e-18 1.185891194002063e-16 762
4.5 1.668115800333592e-23 3.300136936555536e-22 1142
5 4.46405413996869e-24 2.304735465898729e-22 1250
5.5 5.613456975801449e-25 1.770791819473403e-23 1458
6 9.298797918370719e-29 2.774325458460395e-27 1814
6.5 5.31433609503168e-30 2.010905332628967e-28 2178
7 1.153211677841596e-30 2.560697492738845e-29 2498
7.5 9.145506417918611e-32 2.098542245917892e-30 2622
8 5.942646085636649e-34 2.592694775162061e-32 3338
8.5 1.036126845340806e-34 7.302304850377088e-33 3722
9 1.3748593185649e-34 1.049179195568236e-32 4170
9.5 1.243911290129987e-34 1.116092455961887e-32 4358
10 1.577862491689248e-34 2.029388530671261e-32 5034
10.5 1.62442010666524e-34 1.765297211533535e-32 5714
11 1.75394326923908e-34 1.91971532483028e-32 5982
11.5 2.339026776077024e-34 2.337632777411129e-32 6602
12 2.359692190506362e-34 3.303099904776338e-32 7130
12.5 2.534289479755222e-34 3.534241259828579e-32 8034
13 2.626613294034321e-34 4.119709038324872e-32 8606
13.5 2.821650029466033e-34 4.818409548801238e-32 9066
14 3.289505401211696e-34 7.275365002742255e-32 9962
14.5 3.354393992215424e-34 6.685078954340896e-32 10550
15 3.783726692415355e-34 7.292426762992127e-32 11226
15.5 4.139426494936498e-34 8.578914484374011e-32 12146
16 4.826654836424738e-34 9.968776729321339e-32 12606
16.5 4.748005386937894e-34 1.143696387417758e-31 13802
17 5.22551354750976e-34 1.37932374043594e-31 14754
17.5 5.490225634490428e-34 1.438210855200897e-31 15194
18 6.517602574005316e-34 1.674724313200171e-31 16454
18.5 6.48446464028039e-34 1.852856396857727e-31 17154
19 7.043128164941491e-34 2.241939409690195e-31 18266
19.5 7.352275611570005e-34 2.252437509285941e-31 18750
20 8.334744000732138e-34 2.882975902291907e-31 20234
20.5 8.597017520976179e-34 2.897003665777863e-31 21450
21 8.843093764661248e-34 3.084543222573877e-31 21962
21.5 9.786917064133135e-34 3.599040118355171e-31 23462
22 1.009899332164902e-33 3.872550703586853e-31 24042
22.5 1.117019165374441e-33 4.391231012817683e-31 25946
23 1.130806465528971e-33 4.532348469501472e-31 26118
23.5 1.238225460887287e-33 5.078717715145333e-31 27506
24 1.413507671867313e-33 5.542481011384347e-31 29066
24.5 1.407814174785164e-33 6.244481179157494e-31 30450
25 1.484826474785371e-33 6.658059222462526e-31 31742
25.5 1.58490172492973e-33 7.376312531731167e-31 32250
26 1.66992524320935e-33 7.993265596001672e-31 34250
26.5 1.763077371923422e-33 8.492174904690461e-31 35454
27 1.873380294963566e-33 9.041708074218583e-31 36434
27.5 1.909905132430689e-33 9.83178299790578e-31 37682
28 2.121400585732761e-33 1.063149711103407e-30 39294
28.5 2.174917965100849e-33 1.149276134553306e-30 41426
29 2.240804487868418e-33 1.201150450857151e-30 42066
29.5 2.325935096858042e-33 1.288993521786122e-30 43490
30 2.576829753259625e-33 1.42365567955681e-30 45702
30.5 2.581413797327598e-33 1.497682519520059e-30 46634
31 2.728124960970498e-33 1.604044686763253e-30 48554
31.5 2.770335665187091e-33 1.679789757624303e-30 48870
32 2.973433928482625e-33 1.859363673905904e-30 50963
32.5 3.024084145237862e-33 1.876467074936261e-30 51576
33 2.916178708843778e-33 1.892021049421278e-30 49316
33.5 2.958111056461788e-33 1.941108919406174e-30 49344
34 2.842343438789899e-33 1.954687079534495e-30 47192
34.5 2.899097822891938e-33 2.036205548511907e-30 47576
35 2.776137669390188e-33 2.026079869287614e-30 45348
35.5 2.742776798226321e-33 2.022789839510535e-30 44060
36 2.789815490523989e-33 2.071306517551646e-30 43872
36.5 2.666985226347555e-33 2.064513115647374e-30 41756
37 2.714555769020862e-33 2.08704854399797e-30 41528
37.5 2.584985023907639e-33 2.042538470276435e-30 39300
38 2.504942048333196e-33 2.062361993628352e-30 38276
38.5 2.519051995694401e-33 2.028847239466927e-30 36900
39 2.346782442296485e-33 2.008409338703765e-30 34724
39.5 2.34326716062328e-33 1.995437385472418e-30 33960
40 2.22827074931601e-33 1.955675481853328e-30 32144
40.5 2.144638807616709e-33 1.906392880639223e-30 30704
41 2.05148937707959e-33 1.812435969206914e-30 28896
41.5 1.972574891389149e-33 1.743304217837666e-30 26924
42 1.890675321035647e-33 1.71630281559323e-30 25656
42.5 1.670881445084502e-33 1.590929789250891e-30 23228
43 1.653029053231001e-33 1.53414463257202e-30 21816
43.5 1.495249172229441e-33 1.414275729132584e-30 19472
44 1.339530098598672e-33 1.316982044801141e-30 17696
44.5 1.197407418658227e-33 1.184528429934489e-30 15588
45 1.062433094918448e-33 1.087045890999317e-30 13760
45.5 8.940572296811898e-34 9.47207745727063e-31 11565
46 8.020343353677983e-34 8.324838903525617e-31 10016
46.5 6.963262192086299e-34 7.136229433456108e-31 8652
47 6.140222022179925e-34 6.715446991304217e-31 7652
47.5 5.352075791702375e-34 6.072026238411293e-31 6542
48 4.697315472611573e-34 5.044347529759395e-31 5478
48.5 4.000258170436886e-34 4.518217234946186e-31 4886
49 3.396981733174405e-34 3.895171096919321e-31 4068
49.5 2.824656145264312e-34 3.102291791509435e-31 3326
50 2.292488363183157e-34 2.701942447827294e-31 2696
50.5 1.974084393075687e-34 2.251660882262501e-31 2304
51 1.752235204179286e-34 1.893995164982293e-31 1934
51.5 1.300802708228246e-34 1.412976682493143e-31 1344
52 8.021347958418299e-35 9.069651718347878e-32 848
52.5 8.230934375307191e-35 1.00054207347482e-31 888
53 5.419611177486654e-35 7.118963071895953e-32 584
53.5 3.189462324570237e-35 3.880691228431219e-32 344
54 7.272387308116001e-36 1.446960236082936e-32 102
54.5 9.945923707095917e-36 1.377067527216295e-32 104
55 2.56680600745483e-36 2.85025828534182e-33 24
55.5 3.561649478208172e-37 3.476823175923666e-35 1

0.5 4.429742011861718e-15 4.796132457441838e-14 18
1 9.69648116396318e-15 1.610773089958591e-13 62
1.5 3.480831139824499e-15 2.042735667183895e-13 98
2 1.023377659934949e-15 6.272326679778346e-13 210
2.5 1.503942898776777e-14 1.070615879434475e-12 350
3 6.08949026612892e-15 6.276011966659418e-14 450
3.5 2.778298752344385e-17 2.683011186286648e-16 602
4 5.745771321252752e-18 1.036771007698958e-16 762
4.5 5.941892535740826e-22 1.993083627137737e-21 1142
5 2.041559697304017e-22 1.345602976377109e-21 1250
5.5 1.196980441108977e-23 8.763583718297417e-23 1458
6 1.292449965462778e-27 1.617565562566511e-25 1814
6.5 1.502234218969013e-29 1.419587528472618e-27 2178
7 7.134896684347195e-31 6.186061382736769e-29 2498
7.5 6.744257388870684e-32 3.36133512951392e-30 2622
8 2.522315034721116e-33 9.536266118928148e-32 3338
8.5 1.156838648279053e-34 7.052195170875634e-33 3722
9 1.386690213495575e-34 9.037645141081808e-33 4170
9.5 1.122120361304764e-34 1.037560025636252e-32 4358
10 2.057402366537683e-34 1.310193552967282e-32 5034
10.5 1.399645197511432e-34 1.632764897546849e-32 5714
11 1.543642618841236e-34 1.747174813025677e-32 5982
11.5 1.78965234640741e-34 2.59670087782918e-32 6602
12 2.026715324453435e-34 3.090180276634364e-32 7130
12.5 2.168075172854944e-34 3.315410856663227e-32 8034
13 2.382526949243044e-34 3.716869600022432e-32 8606
13.5 2.588597194298587e-34 4.270824804222816e-32 9066
14 3.457392441581133e-34 5.762383404265739e-32 9962
14.5 3.159612970701385e-34 5.979621576737385e-32 10550
15 3.244378745779159e-34 6.695082245302922e-32 11226
15.5 3.648922390706604e-34 7.719241109921318e-32 12146
16 4.415584445281608e-34 8.93694064626903e-32 12606
16.5 4.308078136793159e-34 1.026088763877763e-31 13802
17 4.738188964439056e-34 1.241989895890888e-31 14754
17.5 4.956046405691863e-34 1.28926083826281e-31 15194
18 5.782054908409497e-34 1.558008827179319e-31 16454
18.5 5.739691744430147e-34 1.679340249220428e-31 17154
19 6.432193694594892e-34 1.987939702327818e-31 18266
19.5 6.488363356032133e-34 2.089467123431624e-31 18750
20 7.135653941448816e-34 2.578600560316193e-31 20234
20.5 7.774012171078929e-34 2.639146530661447e-31 21450
21 7.917005993948614e-34 2.817642604578571e-31 21962
21.5 8.670087424507902e-34 3.295543824936407e-31 23462
22 9.496902674701333e-34 3.443936559351513e-31 24042
22.5 1.006999571100325e-33 3.950198630476005e-31 25946
23 1.013318523596475e-33 4.104662829620709e-31 26118
23.5 1.111448426747933e-33 4.563827868938829e-31 27506
24 1.43071246621426e-33 5.066248423215043e-31 29066
24.5 1.27024136900935e-33 5.626190522176576e-31 30450
25 1.334757113301239e-33 6.097184888670011e-31 31742
25.5 1.393707178112801e-33 6.969964112011885e-31 32250
26 1.519995504077285e-33 7.131549281524006e-31 34250
26.5 1.557012425103705e-33 7.833237386264564e-31 35454
27 1.63362134170738e-33 8.444245876604102e-31 36434
27.5 1.722889046599847e-33 8.887254822338812e-31 37682
28 1.867968243842901e-33 9.588030218393189e-31 39294
28.5 1.939456510920251e-33 1.048715718762212e-30 41426
29 1.99856696729316e-33 1.089647999310085e-30 42066
29.5 2.115547355626586e-33 1.168796452318282e-30 43490
30 2.242760567661212e-33 1.296273377199027e-30 45702
30.5 2.310270166845786e-33 1.352969020789158e-30 46634
31 2.418753644141019e-33 1.473697590271635e-30 48554
31.5 2.510721245090292e-33 1.504240657462522e-30 48870
32 2.707535432263408e-33 1.634710088382886e-30 50963
32.5 2.675088312663218e-33 1.727564511161124e-30 51576
33 2.663731190709982e-33 1.683672089803146e-30 49316
33.5 2.671177141015628e-33 1.759885575148285e-30 49344
34 2.557292183483846e-33 1.76594086458352e-30 47192
34.5 2.648504108857565e-33 1.830070040914345e-30 47576
35 2.551759694751011e-33 1.816773509326708e-30 45348
35.5 2.471577611607943e-33 1.824186984782576e-30 44060
36 2.502168641298876e-33 1.879768442751174e-30 43872
36.5 2.427209222606913e-33 1.847811242077595e-30 41756
37 2.412127306095845e-33 1.911289740199937e-30 41528
37.5 2.325964159376469e-33 1.861686404941967e-30 39300
38 2.260502449324803e-33 1.864063665871349e-30 38276
38.5 2.229914799908599e-33 1.849362180427394e-30 36900
39 2.131543702470331e-33 1.795248880108267e-30 34724
39.5 2.117687859255561e-33 1.813473484236166e-30 33960
40 2.029529836213935e-33 1.745307724995558e-30 32144
40.5 1.953382425499468e-33 1.719039219212844e-30 30704
41 1.84767548760044e-33 1.631118527886657e-30 28896
41.5 1.749825877871168e-33 1.614889630902235e-30 26924
42 1.663811912045817e-33 1.584290652169084e-30 25656
42.5 1.523810360884885e-33 1.430777080805494e-30 23228
43 1.498000617319336e-33 1.391609903062328e-30 21816
43.5 1.335714219419679e-33 1.288702404956772e-30 19472
44 1.215056996915632e-33 1.182407778976473e-30 17696
44.5 1.076912075078174e-33 1.062834127728207e-30 15588
45 9.470168546812419e-34 9.868062888153743e-31 13760
45.5 8.116977492742284e-34 8.497735799319346e-31 11565
46 7.231722213191296e-34 7.49981277666274e-31 10016
46.5 6.222828830787613e-34 6.563170421065388e-31 8652
47 5.527766249372039e-34 6.113787186464745e-31 7652
47.5 4.982163306514033e-34 5.265751636002318e-31 6542
48 4.184537099828986e-34 4.674606904752507e-31 5478
48.5 3.589682987377972e-34 4.132082417953446e-31 4886
49 3.156521868044282e-34 3.439283324455287e-31 4068
49.5 2.510835883784373e-34 2.79185763131851e-31 3326
50 2.067652487343341e-34 2.396347073904751e-31 2696
50.5 1.730207821290744e-34 2.157630930431609e-31 2304
51 1.514195735586714e-34 1.792040017128158e-31 1934
51.5 1.088191978556341e-34 1.304632034662874e-31 1344
52 6.828805647259942e-35 8.464662449802665e-32 848
52.5 7.703802324441466e-35 8.65828073121646e-32 888
53 5.542498758813282e-35 5.560048530721637e-32 584
53.5 3.014455637188301e-35 3.473564297583636e-32 344
54 1.074562221432697e-35 7.169789253436187e-33 102
54.5 1.011250030712164e-35 1.186726456868198e-32 104
55 1.619594295092746e-36 2.518174109122383e-33 24
55.5 9.376231237500405e-38 4.042077688174238e-34 1

0.5 1.233886479129984e-13 9.364634586421756e-13 18
1 1.62819905623444e-13 2.949303568562558e-12 62
1.5 1.795882496754645e-14 2.885301683692624e-12 98
2 1.917724175827489e-13 3.488390163470997e-12 210
2.5 4.646745105768017e-13 3.10028760577077e-12 350
3 1.574840457197159e-14 9.022497078481852e-13 450
3.5 1.691136187253538e-16 1.052806226572604e-15 602
4 5.553388951021237e-18 7.728700670127454e-17 762
4.5 5.676437812912542e-21 1.448845421058524e-19 1142
5 5.930988787940053e-22 1.082313873494925e-20 1250
5.5 1.85909620264211e-22 3.056415730088058e-21 1458
6 7.408557388221856e-24 4.917816849268268e-23 1814
6.5 3.025136253883813e-26 6.518298755529817e-26 2178
7 3.856723507459755e-28 8.166356988632191e-27 2498
7.5 3.938314618883513e-29 2.857952698476213e-28 2622
8 4.377774051465866e-30 7.081269837832634e-30 3338
8.5 1.485149958286245e-31 2.555952570523575e-31 3722
9 1.331747517859549e-33 1.297608469582231e-32 4170
9.5 1.183524883565279e-34 1.024947561440099e-32 4358
10 1.366563610230638e-34 1.874552039087296e-32 5034
10.5 1.427738896980971e-34 1.471651505795799e-32 5714
11 1.457403888741731e-34 1.649125734059528e-32 5982
11.5 2.014005095631994e-34 2.068585784611195e-32 6602
12 1.882470075305e-34 2.850788926300482e-32 7130
12.5 2.102847807887007e-34 3.092966711074118e-32 8034
13 2.310075909722655e-34 3.513315228614114e-32 8606
13.5 2.409519191285487e-34 4.042343794251187e-32 9066
14 3.296184696454092e-34 5.167892169568914e-32 9962
14.5 2.870258595802859e-34 5.697719903908006e-32 10550
15 3.077374366257205e-34 6.318211246175804e-32 11226
15.5 3.40915485411391e-34 7.392773870800101e-32 12146
16 4.244541183360043e-34 8.498731273510829e-32 12606
16.5 4.105273005742219e-34 9.647426661001538e-32 13802
17 4.452202740656235e-34 1.186599869935324e-31 14754
17.5 4.73923626297163e-34 1.191901265337744e-31 15194
18 5.254226967398006e-34 1.491948921910919e-31 16454
18.5 5.548983534550929e-34 1.573161176877394e-31 17154
19 6.521733880644993e-34 1.824392412842879e-31 18266
19.5 6.195899628206866e-34 1.943167372905367e-31 18750
20 6.858765519311673e-34 2.376348235570183e-31 20234
20.5 7.480068428396189e-34 2.46737191577057e-31 21450
21 7.625667498357625e-34 2.640351697173886e-31 21962
21.5 8.482220322557671e-34 2.999202468108712e-31 23462
22 8.61510248049507e-34 3.331495026184356e-31 24042
22.5 9.710360039590172e-34 3.716569550657998e-31 25946
23 9.653309454049407e-34 3.916922568721183e-31 26118
23.5 1.046540240087712e-33 4.357940038763847e-31 27506
24 1.283035915487381e-33 4.987097264711309e-31 29066
24.5 1.211494190231451e-33 5.305074691198401e-31 30450
25 1.283138049419007e-33 5.766296600518152e-31 31742
25.5 1.382739711934833e-33 6.466362869635552e-31 32250
26 1.410406006806336e-33 6.872430529824881e-31 34250
26.5 1.500540705504869e-33 7.356696303463069e-31 35454
27 1.549499011642795e-33 7.8970700861763e-31 36434
27.5 1.638647020559762e-33 8.356316880065573e-31 37682
28 1.843165504439269e-33 9.133847085857835e-31 39294
28.5 1.854923326361038e-33 9.849284401311185e-31 41426
29 1.876247296141287e-33 1.049538839214008e-30 42066
29.5 1.991766062429825e-33 1.120404062823627e-30 43490
30 2.157788169197799e-33 1.223528757153992e-30 45702
30.5 2.203547724031409e-33 1.270508635989775e-30 46634
31 2.357911914283804e-33 1.374545187766897e-30 48554
31.5 2.371677958640813e-33 1.42400981705599e-30 48870
32 2.503980694083419e-33 1.548469926485435e-30 50963
32.5 2.608671469276167e-33 1.605180851321448e-30 51576
33 2.514511266323597e-33 1.615800280504106e-30 49316
33.5 2.524759563442443e-33 1.679449956533567e-30 49344
34 2.448577372673948e-33 1.648731262844301e-30 47192
34.5 2.482155366721632e-33 1.756597739919314e-30 47576
35 2.413105839081618e-33 1.727690685726245e-30 45348
35.5 2.353775228082052e-33 1.734512632827711e-30 44060
36 2.3625581539727e-33 1.785800098869296e-30 43872
36.5 2.317837003223901e-33 1.753152981671863e-30 41756
37 2.307729863209569e-33 1.789710615191843e-30 41528
37.5 2.226366051999936e-33 1.758029240039859e-30 39300
38 2.159757194313625e-33 1.761752206313431e-30 38276
38.5 2.13928474076746e-33 1.743373405237572e-30 36900
39 2.0134136029862e-33 1.712051620763082e-30 34724
39.5 1.993173733920704e-33 1.720602888178167e-30 33960
40 1.917099984930913e-33 1.670515645482213e-30 32144
40.5 1.874970159322373e-33 1.615475864767693e-30 30704
41 1.753367662871867e-33 1.555681764650209e-30 28896
41.5 1.65927643061902e-33 1.528543991849706e-30 26924
42 1.617022247594874e-33 1.471926479837937e-30 25656
42.5 1.45698798488706e-33 1.350323961097186e-30 23228
43 1.386725570425218e-33 1.347366942602091e-30 21816
43.5 1.272103754416133e-33 1.218343255001984e-30 19472
44 1.167638672555509e-33 1.108566004619561e-30 17696
44.5 1.027898794232938e-33 1.007411358220502e-30 15588
45 8.912676081512536e-34 9.537301109063181e-31 13760
45.5 7.808429485725583e-34 7.969861117531753e-31 11565
46 6.560792663605082e-34 7.316632587289879e-31 10016
46.5 5.802963597606345e-34 6.379812041295913e-31 8652
47 5.349956355732638e-34 5.685344461354414e-31 7652
47.5 4.590833615498006e-34 5.035445115231179e-31 6542
48 4.005108641945837e-34 4.453049907988463e-31 5478
48.5 3.556368296521321e-34 3.732610303062709e-31 4886
49 2.893210928766418e-34 3.357279548270056e-31 4068
49.5 2.473169795413904e-34 2.649480701182e-31 3326
50 1.945450337540373e-34 2.236684009709302e-31 2696
50.5 1.677947518078629e-34 2.073656842493186e-31 2304
51 1.437509251176236e-34 1.722891577201453e-31 1934
51.5 1.088884831534749e-34 1.165168746868872e-31 1344
52 6.746290620193554e-35 8.160209473941411e-32 848
52.5 7.203871585719869e-35 8.167995763303762e-32 888
53 4.871393506516365e-35 5.559673424036082e-32 584
53.5 2.378579870602615e-35 3.331613975294999e-32 344
54 5.684961586308258e-36 1.265020401978791e-32 102
54.5 1.002977621649196e-35 1.170043872305932e-32 104
55 1.685723780129756e-36 1.649374564119323e-33 24
55.5 4.954528492943817e-37 7.941399993450743e-36 1

0.5 1.866676974333711e-11 6.629052137514945e-11 18
1 4.720385110222119e-11 2.064302617293276e-10 62
1.5 3.512801261708805e-11 2.703945318896995e-10 98
2 5.761471061427788e-11 8.338787451958904e-10 210
2.5 1.49800631924252e-10 9.859676357964502e-10 350
3 2.091015835917381e-11 1.01580513290386e-11 450
3.5 2.611699805117632e-14 4.252534830437645e-16 602
4 6.305978341432102e-16 2.050448029653376e-15 762
4.5 1.114683962615542e-16 3.146710072263422e-15 1142
5 1.0355809479596e-18 7.251404354095318e-16 1250
5.5 1.298033618549167e-19 3.476973293941415e-17 1458
6 7.037575840514288e-21 3.040260575404353e-19 1814
6.5 3.176002993971758e-22 1.190647505899376e-21 2178
7 4.300024014117954e-23 4.804453104803532e-22 2498
7.5 1.424896847512174e-24 1.87461318234666e-22 2622
8 7.055972318967652e-27 2.207022858772389e-23 3338
8.5 2.312232989226141e-27 6.254903469033214e-25 3722
9 1.672248184708298e-28 4.917622904103705e-27 4170
9.5 1.807935145538738e-29 5.151061478686215e-29 4358
10 1.201945196026002e-30 2.98243567611161e-29 5034
10.5 1.988212974674504e-32 2.961284057381317e-30 5714
11 1.808542865015252e-34 9.167423944506677e-32 5982
11.5 1.721039419297749e-34 2.414718392793239e-32 6602
12 1.833697975817688e-34 2.493634545420711e-32 7130
12.5 1.979718341899145e-34 2.800377263207426e-32 8034
13 2.093584588029134e-34 3.247777969273625e-32 8606
13.5 2.237311353010005e-34 3.6651759922341e-32 9066
14 2.725801336242713e-34 4.889487688371527e-32 9962
14.5 2.761221309974005e-34 5.029690014491511e-32 10550
15 2.793297358144418e-34 5.839696967265495e-32 11226
15.5 3.17840196370116e-34 6.847773762501699e-32 12146
16 3.8881583130251e-34 7.937746857611222e-32 12606
16.5 3.714223767884856e-34 9.127766853952913e-32 13802
17 4.162994950782222e-34 1.064992903584826e-31 14754
17.5 4.264512457908583e-34 1.117529330280268e-31 15194
18 4.793398764927622e-34 1.398688993970717e-31 16454
18.5 4.982185649906522e-34 1.50270815397521e-31 17154
19 6.354296550718742e-34 1.642906970244034e-31 18266
19.5 5.744493694357227e-34 1.807908024428437e-31 18750
20 6.375578272550873e-34 2.176305630835064e-31 20234
20.5 6.858316011721383e-34 2.276938615960333e-31 21450
21 7.064539387937263e-34 2.442506842052077e-31 21962
21.5 7.830241530869601e-34 2.773563592717298e-31 23462
22 7.975495437606718e-34 3.018394446581047e-31 24042
22.5 8.898988037813735e-34 3.414306375949651e-31 25946
23 8.830198312663162e-34 3.593874306062733e-31 26118
23.5 9.508777954342569e-34 4.024134866197995e-31 27506
24 1.180447213893637e-33 4.648392842129806e-31 29066
24.5 1.105044998663293e-33 4.948910123239995e-31 30450
25 1.175414435274058e-33 5.294465481045941e-31 31742
25.5 1.220614236065461e-33 6.032565884575338e-31 32250
26 1.325603144627213e-33 6.258852547720934e-31 34250
26.5 1.407553774322152e-33 6.688865671993951e-31 35454
27 1.438929306214618e-33 7.247296011058798e-31 36434
27.5 1.495448901177803e-33 7.814952394720686e-31 37682
28 1.628051493186991e-33 8.549587141286736e-31 39294
28.5 1.719385627675579e-33 9.005639289664448e-31 41426
29 1.764420304545651e-33 9.550512461680417e-31 42066
29.5 1.82121921081846e-33 1.037043810809217e-30 43490
30 1.956226456148913e-33 1.134282510188561e-30 45702
30.5 2.023698698655031e-33 1.173285646717727e-30 46634
31 2.137797769262056e-33 1.292277864456229e-30 48554
31.5 2.192045117750753e-33 1.31088704919257e-30 48870
32 2.370876863147224e-33 1.41727174337755e-30 50963
32.5 2.394027012326761e-33 1.470551492761747e-30 51576
33 2.314902601311078e-33 1.487585082942328e-30 49316
33.5 2.347147154475481e-33 1.544275290548005e-30 49344
34 2.240996851630176e-33 1.524336583361926e-30 47192
34.5 2.303983418034316e-33 1.607317510990611e-30 47576
35 2.229178875703311e-33 1.594777965387576e-30 45348
35.5 2.163360508725273e-33 1.589342547485709e-30 44060
36 2.186865639997505e-33 1.649464337657533e-30 43872
36.5 2.091517419456327e-33 1.640186290924152e-30 41756
37 2.131627814340228e-33 1.644558217509144e-30 41528
37.5 2.056987694028453e-33 1.626353822154226e-30 39300
38 1.994044994144825e-33 1.628957977751573e-30 38276
38.5 1.921333232587159e-33 1.643919257511198e-30 36900
39 1.845411078673688e-33 1.574126039814609e-30 34724
39.5 1.81665130575353e-33 1.596480302145165e-30 33960
40 1.756818559544567e-33 1.534921864448657e-30 32144
40.5 1.716786838755709e-33 1.496334370459159e-30 30704
41 1.596173881320682e-33 1.44597933590515e-30 28896
41.5 1.50791208474672e-33 1.424883423613772e-30 26924
42 1.472107188745489e-33 1.359021352749609e-30 25656
42.5 1.330851248609924e-33 1.238068946531323e-30 23228
43 1.299203445602854e-33 1.219888888611749e-30 21816
43.5 1.166801169795302e-33 1.115166019582211e-30 19472
44 1.066005857248543e-33 1.028106988717594e-30 17696
44.5 9.321073991998766e-34 9.391200304621429e-31 15588
45 8.229218828277074e-34 8.743548952819321e-31 13760
45.5 7.019540680838904e-34 7.478488085661407e-31 11565
46 6.281615195093923e-34 6.476929530881984e-31 10016
46.5 5.434306769993896e-34 5.800097569190147e-31 8652
47 4.880869828028772e-34 5.315105526666888e-31 7652
47.5 4.229514388292115e-34 4.662509723927928e-31 6542
48 3.667713923346742e-34 4.098279779213076e-31 5478
48.5 3.210988846638557e-34 3.51798665897982e-31 4886
49 2.716320406131347e-34 2.998984801778023e-31 4068
49.5 2.264691506249651e-34 2.465726763015895e-31 3326
50 1.865108463744915e-34 1.990396487719075e-31 2696
50.5 1.615750756332782e-34 1.843799372002117e-31 2304
51 1.341847353200927e-34 1.58419838303872e-31 1934
51.5 9.80992884503893e-35 1.092289659985683e-31 1344
52 6.169984548830511e-35 7.408069255097679e-32 848
52.5 6.671170846687793e-35 7.683112682802824e-32 888
53 3.955667871359908e-35 6.126831460113502e-32 584
53.5 2.652976017969499e-35 2.548801372347287e-32 344
54 8.493594558097371e-36 8.306488305420756e-33 102
54.5 8.350523962347439e-36 1.154910773689847e-32 104
55 1.455590623629267e-36 1.346306542277377e-33 24
55.5 1.657789332637903e-39 4.996050473582778e-34 1

0.5 4.021433882293394e-11 9.84614912879201e-10 18
1 1.808562751531134e-11 2.670342581530278e-09 62
1.5 3.321517609362276e-11 1.926950717261696e-09 98
2 4.664904507385904e-10 9.234789368204432e-10 210
2.5 3.655116938808077e-10 1.055320296249903e-08 350
3 1.523562146811748e-10 7.718530309931303e-10 450
3.5 7.563228990472125e-13 1.137654006543791e-12 602
4 1.922645811017639e-13 7.575095738055971e-14 762
4.5 3.347998723170062e-14 2.824900421692032e-13 1142
5 1.508579689458529e-14 1.595274292035524e-13 1250
5.5 2.73032664239532e-15 9.75543335781124e-15 1458
6 1.762501870663135e-16 2.106283874776107e-15 1814
6.5 3.669897316799569e-17 4.311148209235983e-16 2178
7 7.49345123018774e-18 9.141151637525324e-17 2498
7.5 1.259474722407477e-18 1.342082782296411e-17 2622
8 1.740083303102155e-19 3.135536601529486e-18 3338
8.5 2.082373973808171e-20 7.277297111518974e-19 3722
9 3.949952196418711e-21 1.172846252147329e-19 4170
9.5 7.031319592503225e-22 1.477789235554161e-20 4358
10 1.099780697053441e-22 2.610489259688966e-21 5034
10.5 1.185156522690906e-23 5.996638502562559e-22 5714
11 1.742301424573937e-24 1.104228555197982e-22 5982
11.5 3.370550398553562e-25 1.574034364966213e-23 6602
12 5.666099787094446e-26 2.220967980088676e-24 7130
12.5 7.767875678085564e-27 4.337059291844852e-25 8034
13 8.263235501178513e-28 8.367103571952022e-26 8606
13.5 1.360897565237584e-28 1.231159319329428e-26 9066
14 2.458098409477225e-29 1.662062608420463e-27 9962
14.5 3.687169069521743e-30 2.643810874138671e-28 10550
15 4.42311422111296e-31 4.838650382041143e-29 11226
15.5 5.846655945295093e-32 8.261803916721234e-30 12146
16 1.029444935450407e-32 1.199144954534022e-30 12606
16.5 2.044930352149275e-33 2.552362664459722e-31 13802
17 6.44598697228295e-34 1.273152023586319e-31 14754
17.5 4.318761446924677e-34 1.140418955633549e-31 15194
18 4.763531588572881e-34 1.332985614674179e-31 16454
18.5 4.767506689978257e-34 1.452607315311852e-31 17154
19 5.579151971524573e-34 1.670667213514918e-31 18266
19.5 5.472435211696147e-34 1.743830208972e-31 18750
20 6.522670920874538e-34 2.021810539718148e-31 20234
20.5 6.46746839630781e-34 2.217014363507327e-31 21450
21 6.76131183416152e-34 2.365667430548763e-31 21962
21.5 7.382999555306792e-34 2.70961269048727e-31 23462
22 7.586872162699619e-34 2.918990481571365e-31 24042
22.5 8.334191000316224e-34 3.366918060912276e-31 25946
23 8.475623679023427e-34 3.479716703347407e-31 26118
23.5 9.364413267805553e-34 3.808758014198457e-31 27506
24 1.201420503992782e-33 4.707736089486849e-31 29066
24.5 1.078448904635131e-33 4.665643667231734e-31 30450
25 1.131944515762585e-33 5.115857593881548e-31 31742
25.5 1.174868645277523e-33 5.745456435012149e-31 32250
26 1.257463755598068e-33 6.025656945230025e-31 34250
26.5 1.308526221546845e-33 6.601952101481399e-31 35454
27 1.364601654621834e-33 7.041397619263862e-31 36434
27.5 1.443729055461086e-33 7.444207277391917e-31 37682
28 1.530311237981982e-33 8.189646820782078e-31 39294
28.5 1.626146595224841e-33 8.849935716397391e-31 41426
29 1.674882787402034e-33 9.290119305336483e-31 42066
29.5 1.790483407028579e-33 9.76034429007633e-31 43490
30 1.890656880745899e-33 1.081806777426853e-30 45702
30.5 1.957311514233654e-33 1.115266943124351e-30 46634
31 2.102327510857526e-33 1.220544515923868e-30 48554
31.5 2.092854135159586e-33 1.259583350919411e-30 48870
32 2.251545049906453e-33 1.370294367642054e-30 50963
32.5 2.288942164357392e-33 1.434912488267493e-30 51576
33 2.238300176858364e-33 1.429551218685806e-30 49316
33.5 2.273087305462264e-33 1.472010889556803e-30 49344
34 2.153671202673005e-33 1.465416700462174e-30 47192
34.5 2.22257015066347e-33 1.544678007858975e-30 47576
35 2.128394551546856e-33 1.542151850094329e-30 45348
35.5 2.081812405885928e-33 1.523496646805857e-30 44060
36 2.1041409439027e-33 1.583496988459135e-30 43872
36.5 2.031616405528358e-33 1.558857897672012e-30 41756
37 2.024587713550012e-33 1.592775215587285e-30 41528
37.5 1.960764301633498e-33 1.564363220834659e-30 39300
38 1.919081266697515e-33 1.553056848586226e-30 38276
38.5 1.893356916070618e-33 1.555159212016153e-30 36900
39 1.794573641497059e-33 1.505419188085818e-30 34724
39.5 1.767095699517882e-33 1.508557400594492e-30 33960
40 1.697152611407092e-33 1.471944381663149e-30 32144
40.5 1.649038572806563e-33 1.446057079980904e-30 30704
41 1.561521524814713e-33 1.37074139222015e-30 28896
41.5 1.486092690156323e-33 1.334444190632198e-30 26924
42 1.428436895600567e-33 1.304400648376294e-30 25656
42.5 1.272182030505476e-33 1.201546890487895e-30 23228
43 1.263798499375047e-33 1.164102426789446e-30 21816
43.5 1.115806290286085e-33 1.077140126458205e-30 19472
44 1.012773293211709e-33 9.972233174995317e-31 17696
44.5 9.03400009612615e-34 9.08096651476669e-31 15588
45 8.007881727388762e-34 8.394316182135364e-31 13760
45.5 6.824794026710802e-34 7.158736276129577e-31 11565
46 5.902084873823599e-34 6.329214427795081e-31 10016
46.5 5.29002408647911e-34 5.529537268150469e-31 8652
47 4.690798859926781e-34 5.115825691910893e-31 7652
47.5 4.124257609229801e-34 4.534355332025115e-31 6542
48 3.433903546601748e-34 3.959904019595667e-31 5478
48.5 3.011415645304799e-34 3.46660179334162e-31 4886
49 2.522022642157419e-34 2.962359426473063e-31 4068
49.5 2.131457845681097e-34 2.388930299165666e-31 3326
50 1.717461072573032e-34 2.006701959899369e-31 2696
50.5 1.535217413230421e-34 1.774868505539942e-31 2304
51 1.320316459979945e-34 1.532864044242763e-31 1934
51.5 9.677577646918801e-35 1.045983358001145e-31 1344
52 5.716259008124472e-35 7.336602265612792e-32 848
52.5 6.420249925506005e-35 7.3500326985231e-32 888
53 4.37990166712672e-35 5.231794647573184e-32 584
53.5 2.111426401176657e-35 3.043435476489617e-32 344
54 7.168590459059056e-36 8.241316073502959e-33 102
54.5 8.88688426107248e-36 8.499935540548239e-33 104
55 1.031237179001882e-36 1.466842851468125e-33 24
55.5 4.50209728335066e-37 5.191196153962993e-37 1

0.5 1.459422708192823e-09 3.353039576342901e-09 18
1 1.013069385918887e-08 4.107849558232175e-08 62
1.5 1.165481047482562e-08 1.06354149378772e-07 98
2 3.241098768958913e-08 5.062811857390584e-07 210
2.5 1.500503810632419e-07 4.852571006558754e-07 350
3 1.841931644640354e-08 4.459806103527552e-09 450
3.5 2.710709277470103e-10 2.319845705016469e-10 602
4 2.248607656397154e-10 1.016416102706075e-09 762
4.5 3.730359510847086e-11 1.783399101405897e-09 1142
5 4.23019221622799e-12 2.678114282822346e-10 1250
5.5 7.729356639651979e-13 3.705363119019885e-11 1458
6 4.90941771287349e-13 7.310306485983711e-12 1814
6.5 2.502928577834181e-13 1.834106505961273e-12 2178
7 2.945496164188105e-14 1.77473117953761e-12 2498
7.5 2.001786587540992e-15 4.81404191657281e-13 2622
8 5.058118170348906e-16 1.321300248964401e-13 3338
8.5 4.131970206806524e-16 1.412155421411565e-14 3722
9 9.407082059756977e-17 2.037674352563567e-15 4170
9.5 1.041837143086957e-17 8.664301691290933e-16 4358
10 1.212602353147611e-18 3.378745134308153e-16 5034
10.5 7.749740562029432e-19 4.773818003152855e-17 5714
11 2.49663172991719e-19 1.067545906416001e-17 5982
11.5 4.166468445264347e-20 7.343660684284431e-18 6602
12 5.458866136699904e-21 3.268731007703961e-18 7130
12.5 2.225658296955007e-21 7.892420235942568e-19 8034
13 1.231415378670042e-21 8.694521783667469e-20 8606
13.5 3.095512903910342e-22 5.009785952151393e-20 9066
14 5.805042056229107e-23 3.437466269495258e-20 9962
14.5 1.088862544926147e-23 1.504404483296955e-20 10550
15 7.490184919150438e-24 3.413069658013558e-21 11226
15.5 3.697313788397992e-24 7.011025418896318e-22 12146
16 1.177236776500359e-24 2.117442653437158e-22 12606
16.5 2.321698510056969e-25 1.3006747461533e-22 13802
17 3.760508048222543e-26 5.832372631320175e-23 14754
17.5 1.749007829089085e-26 1.776347004669982e-23 15194
18 9.947028798565819e-27 4.215340362760098e-24 16454
18.5 3.734905859938883e-27 8.552714862501565e-25 17154
19 8.065489391988622e-28 3.91513667872083e-25 18266
19.5 1.445644910632034e-28 1.941260484050394e-25 18750
20 3.936676001218453e-29 7.790543397929828e-26 20234
20.5 2.255050383066128e-29 1.760408142214346e-26 21450
21 9.413742093459387e-30 2.841849090397708e-27 21962
21.5 2.782074996129668e-30 9.212663964135417e-28 23462
22 5.142055457920365e-31 5.39812332509224e-28 24042
22.5 8.104686116312964e-32 2.282386179543327e-28 25946
23 3.714473148760016e-32 5.653230432349746e-29 26118
23.5 2.149095204756085e-32 1.030503296811892e-29 27506
24 8.788723270932072e-33 2.405075725297623e-30 29066
24.5 2.540827968117248e-33 1.551899145010972e-30 30450
25 1.234082496334073e-33 1.005341154612935e-30 31742
25.5 1.167132717204378e-33 6.841657996927318e-31 32250
26 1.208833771252829e-33 5.899110518616986e-31 34250
26.5 1.262016583865606e-33 6.063608274469252e-31 35454
27 1.309705135040545e-33 6.38631445345087e-31 36434
27.5 1.33954248003579e-33 6.895667834865408e-31 37682
28 1.433904403479438e-33 7.581213351896236e-31 39294
28.5 1.500947282499285e-33 8.179289289231406e-31 41426
29 1.582048485786769e-33 8.515651153215436e-31 42066
29.5 1.639503014696639e-33 9.199655936306727e-31 43490
30 1.790854635695662e-33 9.865941857490174e-31 45702
30.5 1.780201791715062e-33 1.048164253850526e-30 46634
31 1.912808810837081e-33 1.140438959229524e-30 48554
31.5 1.947801642432075e-33 1.163816944128885e-30 48870
32 2.087795097985068e-33 1.270623241744576e-30 50963
32.5 2.115093401153083e-33 1.336087180561704e-30 51576
33 2.049690656839657e-33 1.333894478252156e-30 49316
33.5 2.074870485180587e-33 1.383188141175514e-30 49344
34 1.981675787315742e-33 1.365770857852129e-30 47192
34.5 2.036812768162067e-33 1.436586247041501e-30 47576
35 1.954564078993433e-33 1.433344633638023e-30 45348
35.5 1.935092728562303e-33 1.416760448440394e-30 44060
36 1.953873673526439e-33 1.461394164426135e-30 43872
36.5 1.887586118326059e-33 1.435153079580649e-30 41756
37 1.876959605634339e-33 1.481320309274166e-30 41528
37.5 1.82513220493444e-33 1.437579174245485e-30 39300
38 1.767405289741311e-33 1.444886483966129e-30 38276
38.5 1.748549008401718e-33 1.44028754744077e-30 36900
39 1.676269660929585e-33 1.386521689542331e-30 34724
39.5 1.646556205758699e-33 1.38728945672567e-30 33960
40 1.585684608332134e-33 1.376132831264868e-30 32144
40.5 1.513608540448534e-33 1.352850830023132e-30 30704
41 1.424184685118412e-33 1.295895527213859e-30 28896
41.5 1.371901396375981e-33 1.220455945835374e-30 26924
42 1.304961382921519e-33 1.230542107806254e-30 25656
42.5 1.18303247942156e-33 1.110044015668921e-30 23228
43 1.130573246681114e-33 1.10688989745145e-30 21816
43.5 1.024387363168962e-33 1.012218105327566e-30 19472
44 9.425559465949081e-34 9.158877902224418e-31 17696
44.5 8.336647311172385e-34 8.340853571373715e-31 15588
45 7.452982798838559e-34 7.728594936972197e-31 13760
45.5 6.344910536393006e-34 6.608883154890256e-31 11565
46 5.595056601364249e-34 5.742894874830753e-31 10016
46.5 4.896458056700698e-34 5.055742942614106e-31 8652
47 4.282126986498914e-34 4.831919697154737e-31 7652
47.5 3.889434648786988e-34 4.171672780113855e-31 6542
48 3.182335138593271e-34 3.674364622008216e-31 5478
48.5 2.79426949225479e-34 3.188725657066491e-31 4886
49 2.462768095580064e-34 2.627553122126429e-31 4068
49.5 1.985139811181174e-34 2.15698269089265e-31 3326
50 1.621950690973657e-34 1.769813526925558e-31 2696
50.5 1.420487940405892e-34 1.668616750924155e-31 2304
51 1.208258052486347e-34 1.433319666582785e-31 1934
51.5 9.006090688632373e-35 9.712237693602096e-32 1344
52 5.531210590786298e-35 6.676559678847342e-32 848
52.5 6.09336769232605e-35 6.752622069366361e-32 888
53 4.360809465782033e-35 4.414493146220267e-32 584
53.5 2.1778799164632e-35 2.679492667148591e-32 344
54 5.596571841896334e-36 8.936987103649466e-33 102
54.5 7.174091390357172e-36 9.179153128774812e-33 104
55 1.321603156379867e-36 1.334916621903139e-33 24
55.5 2.690602352783866e-39 5.257254498189503e-34 1

0.5 3.374380338603814e-10 4.118953800453104e-09 18
1 5.413115309491276e-09 8.110127224659846e-09 62
1.5 3.996139481594139e-09 4.673546402796104e-08 98
2 6.42829744007102e-08 2.069993532753176e-07 210
2.5 1.564629896971144e-07 1.670330878842904e-06 350
3 4.878030313142679e-08 2.098170912246421e-08 450
3.5 1.64602471494282e-09 4.208049442928839e-09 602
4 3.839027333561379e-10 1.158065074992827e-08 762
4.5 2.35846226941918e-10 3.853886290393058e-09 1142
5 9.615969159719496e-11 1.381583826960007e-09 1250
5.5 4.000803375868724e-11 1.61598269624883e-10 1458
6 8.463853398777755e-12 1.636718629803769e-10 1814
6.5 1.526247806900351e-12 7.491330813599704e-11 2178
7 1.306859285213674e-12 2.381006239773845e-11 2498
7.5 6.212156249189526e-13 5.839622858090864e-12 2622
8 1.311518167165223e-13 4.134662065326074e-12 3338
8.5 2.802803114568572e-14 1.519362535594191e-12 3722
9 2.263946998872388e-14 7.442128820003915e-13 4170
9.5 1.037563887137368e-14 2.396538666455074e-13 4358
10 1.650708068530952e-15 1.424618912595199e-13 5034
10.5 3.919083208373075e-16 3.609626277925345e-14 5714
11 2.980007637556931e-16 1.867594799709992e-14 5982
11.5 1.881891572354756e-16 6.512378649137729e-15 6602
12 2.958007368683914e-17 4.356330981067752e-15 7130
12.5 5.588530634819728e-18 9.78887508197363e-16 8034
13 3.532500995492373e-18 4.860412414560726e-16 8606
13.5 2.790624960612032e-18 1.562436676564928e-16 9066
14 6.708154147790122e-19 1.116568943702775e-16 9962
14.5 9.557579535085382e-20 3.110296721565067e-17 10550
15 3.203110689711667e-20 7.689019014115991e-18 11226
15.5 2.849889918079708e-20 3.224486335035667e-18 12146
16 1.225754703229825e-20 1.816177536828721e-18 12606
16.5 2.59463085967477e-21 8.858047016054289e-19 13802
17 5.461168810694551e-22 2.082115851557645e-19 14754
17.5 2.240707809486029e-22 5.156184340121954e-20 15194
18 1.422816556124709e-22 2.455348445123968e-20 16454
18.5 4.456033155718274e-23 1.645025123422592e-20 17154
19 1.397600644046212e-23 5.770617807097518e-21 18266
19.5 3.949176478816189e-24 1.507920839915641e-21 18750
20 1.338811647103042e-24 4.992925700677263e-22 20234
20.5 5.868726574092658e-25 2.192783534923903e-22 21450
21 1.901571731352287e-25 1.098070871352115e-22 21962
21.5 8.044430079391213e-26 3.885687655733815e-23 23462
22 2.853552157357128e-26 1.082728154614643e-23 24042
22.5 9.110639594159359e-27 4.069747076233333e-24 25946
23 3.23074192348466e-27 1.64193629462041e-24 26118
23.5 1.310801405995475e-27 7.204408799524596e-25 27506
24 6.024507930410619e-28 2.510662194145076e-25 29066
24.5 2.328472901701058e-28 7.272802370348312e-26 30450
25 7.208461465437224e-29 2.492620538413042e-26 31742
25.5 2.412088295126517e-29 8.821829254559508e-27 32250
26 9.814876488820786e-30 3.393034667771504e-27 34250
26.5 3.856832868203629e-30 1.389469344078473e-27 35454
27 1.516062697439772e-30 4.791693494631471e-28 36434
27.5 5.381054227025805e-31 1.698032855703741e-28 37682
28 1.704693208321185e-31 6.559413772096578e-29 39294
28.5 6.103372279789406e-32 2.404214839772295e-29 41426
29 2.247434842787085e-32 9.486417833416648e-30 42066
29.5 8.944454749454468e-33 4.479660333769149e-30 43490
30 4.197148509958091e-33 2.332727295034818e-30 45702
30.5 2.544026174257713e-33 1.47391378146819e-30 46634
31 2.119764461118744e-33 1.245945132947354e-30 48554
31.5 1.902805504595063e-33 1.183946819692438e-30 48870
32 2.009199949835462e-33 1.219607621860027e-30 50963
32.5 2.035414822858521e-33 1.255366813934666e-30 51576
33 1.968661753048158e-33 1.243413782029021e-30 49316
33.5 1.953466758909776e-33 1.307342629321185e-30 49344
34 1.854142722101818e-33 1.295448207304536e-30 47192
34.5 1.908734597066975e-33 1.360617859645225e-30 47576
35 1.85147019512531e-33 1.340772192018723e-30 45348
35.5 1.813676729495904e-33 1.344657963132787e-30 44060
36 1.853140749626536e-33 1.371096948526441e-30 43872
36.5 1.778118161734447e-33 1.356494296438084e-30 41756
37 1.762048839755083e-33 1.397927560609609e-30 41528
37.5 1.716225970838184e-33 1.35500772578884e-30 39300
38 1.678027693433392e-33 1.355006890869649e-30 38276
38.5 1.655988802707327e-33 1.350531662584561e-30 36900
39 1.54338576922159e-33 1.333355042386887e-30 34724
39.5 1.539186646259833e-33 1.310173567618599e-30 33960
40 1.510836808690235e-33 1.287887141904153e-30 32144
40.5 1.43355336874161e-33 1.264159452920228e-30 30704
41 1.357002914888863e-33 1.221135551402276e-30 28896
41.5 1.271102815695246e-33 1.169321773133508e-30 26924
42 1.23208325824709e-33 1.159359672146656e-30 25656
42.5 1.122901895230778e-33 1.041094056361657e-30 23228
43 1.084948642321339e-33 1.032156288697636e-30 21816
43.5 9.712840535139909e-34 9.474003960434634e-31 19472
44 8.952223550226443e-34 8.616655397398598e-31 17696
44.5 7.870430186793249e-34 7.826846769405047e-31 15588
45 7.011324173626122e-34 7.305994523612589e-31 13760
45.5 6.041268288714247e-34 6.193325909712472e-31 11565
46 5.211955286790088e-34 5.440703259622319e-31 10016
46.5 4.511740427707729e-34 4.905420769462064e-31 8652
47 4.0790549007828e-34 4.476780153618719e-31 7652
47.5 3.605823823769181e-34 4.006549216119215e-31 6542
48 3.029513890112449e-34 3.438783807452469e-31 5478
48.5 2.57513848019033e-34 3.038903832902905e-31 4886
49 2.27822796095781e-34 2.553935715180903e-31 4068
49.5 1.823883716722409e-34 2.094524165678868e-31 3326
50 1.50542168256175e-34 1.740388161704517e-31 2696
50.5 1.28986503395966e-34 1.625137109862214e-31 2304
51 1.172541230185742e-34 1.333186898595705e-31 1934
51.5 8.287005584314372e-35 9.53294544366329e-32 1344
52 5.414819056175206e-35 6.105692527559541e-32 848
52.5 5.494165956852089e-35 6.821259560609432e-32 888
53 3.315684482503769e-35 4.763495503373591e-32 584
53.5 2.366430897227399e-35 2.380887969825812e-32 344
54 7.163515728018952e-36 5.835253874134087e-33 102
54.5 6.311145866156478e-36 7.609535189024411e-33 104
55 1.37925667489822e-36 1.667085265825791e-33 24
55.5 3.662208757955818e-37 2.088570416409438e-36 1

0.5 1.088081505225831e-08 9.348335553962758e-09 18
1 4.117143162222711e-08 2.760405736011872e-08 62
1.5 2.803421269117397e-08 6.218513598577705e-08 98
2 1.245833963204601e-07 3.994801389563715e-07 210
2.5 4.779021739337803e-07 2.077079930508434e-06 350
3 3.010310115117179e-08 5.46542010550553e-07 450
3.5 3.546129515983267e-09 7.150320741994035e-08 602
4 7.64404386310479e-10 2.269260520059666e-08 762
4.5 6.649969486398437e-10 1.507291634992141e-08 1142
5 1.779807466096856e-10 7.945567500617815e-09 1250
5.5 2.147782298331223e-11 1.881194984213289e-09 1458
6 2.270720997610219e-11 1.493737419933701e-09 1814
6.5 2.648485950253886e-11 6.299569092504593e-10 2178
7 6.21384240528282e-12 1.819108545781898e-10 2498
7.5 1.974456553414081e-12 5.8224396474303e-11 2622
8 4.326021856154043e-13 1.682653943921095e-11 3338
8.5 1.379445431281433e-13 8.332525114838645e-12 3722
9 3.363662959873889e-14 8.786948041977807e-12 4170
9.5 1.434799476992482e-14 3.575195603616767e-12 4358
10 4.149592303180079e-15 2.715092246507025e-12 5034
10.5 1.929924918360396e-15 1.019736957977626e-12 5714
11 7.341969167750318e-16 2.87269647523069e-13 5982
11.5 3.112461934036479e-16 1.126485984042418e-13 6602
12 7.994921955304405e-17 2.098739889823005e-14 7130
12.5 5.706287303085789e-17 6.81396464334752e-15 8034
13 2.187403112512693e-17 3.293118070627303e-15 8606
13.5 1.321864674499553e-17 1.523232638667784e-15 9066
14 6.141439033276868e-18 7.099758473762606e-16 9962
14.5 1.448171377143645e-18 2.333776916801019e-16 10550
15 4.474743931291566e-19 1.001841192367269e-16 11226
15.5 1.811850130451437e-19 4.455115179560821e-17 12146
16 4.876175487578296e-20 2.02719871565175e-17 12606
16.5 1.686634421723631e-20 1.051064636271687e-17 13802
17 5.857584257644278e-21 3.715519297241474e-18 14754
17.5 1.566894825141157e-21 1.289393850687485e-18 15194
18 7.549465121073734e-22 5.708691254833075e-19 16454
18.5 2.907521834784408e-22 1.953944639804442e-19 17154
19 1.309422350197652e-22 7.453102520210635e-20 18266
19.5 4.828725694446644e-23 2.501319780753954e-20 18750
20 1.948554239638437e-23 7.625928447467638e-21 20234
20.5 7.684632131801448e-24 2.864606068096679e-21 21450
21 2.834929656656241e-24 1.086902834294537e-21 21962
21.5 1.121501837888322e-24 4.613618670945986e-22 23462
22 4.350586986208426e-25 2.044945140789481e-22 24042
22.5 1.657013157462885e-25 9.462746508410748e-23 25946
23 5.467924999869957e-26 3.648597591185299e-23 26118
23.5 1.986298332887004e-26 1.551354296842079e-23 27506
24 6.791805503467223e-27 6.385468064016321e-24 29066
24.5 2.298009884693433e-27 2.631864065730008e-24 30450
25 8.557497118078635e-28 1.070684106552433e-24 31742
25.5 3.283640583243678e-28 3.958083970466353e-25 32250
26 1.200082104392802e-28 1.427374044073227e-25 34250
26.5 4.345780338442647e-29 4.950089265564304e-26 35454
27 1.699977550736791e-29 1.641065439522908e-26 36434
27.5 6.932534004227508e-30 5.632515052758824e-27 37682
28 2.883964772636519e-30 2.166084523551561e-27 39294
28.5 1.211952622753355e-30 8.950617439544466e-28 41426
29 4.752707392966701e-31 3.551365754430765e-28 42066
29.5 1.834586304748964e-31 1.443273302117563e-28 43490
30 6.811686349097219e-32 5.914866107921448e-29 45702
30.5 2.442460254062259e-32 2.392399668541465e-29 46634
31 1.001494438397787e-32 1.046493209178933e-29 48554
31.5 4.683577149341424e-33 4.901020720953544e-30 48870
32 2.949404257149145e-33 2.740869329176241e-30 50963
32.5 2.25071110644502e-33 1.767301876920207e-30 51576
33 1.91411726616505e-33 1.365922324689449e-30 49316
33.5 1.861089416130439e-33 1.264996684403092e-30 49344
34 1.736424832107848e-33 1.207325394085475e-30 47192
34.5 1.782392018777082e-33 1.244369970423439e-30 47576
35 1.691495355773575e-33 1.245525769294252e-30 45348
35.5 1.658108953765602e-33 1.246564983700087e-30 44060
36 1.697526211352736e-33 1.267378797748684e-30 43872
36.5 1.617117223652971e-33 1.253867541958535e-30 41756
37 1.638342865827495e-33 1.268474654567989e-30 41528
37.5 1.567083612393821e-33 1.257083649765533e-30 39300
38 1.54938848265471e-33 1.240082013882908e-30 38276
38.5 1.516066367869419e-33 1.245881487120228e-30 36900
39 1.442025269170757e-33 1.208604528564235e-30 34724
39.5 1.410445990603528e-33 1.206558112728613e-30 33960
40 1.378088202071187e-33 1.185728993040029e-30 32144
40.5 1.318440264188531e-33 1.162425407047736e-30 30704
41 1.239351359647173e-33 1.132822854734844e-30 28896
41.5 1.171384560171461e-33 1.068492241373201e-30 26924
42 1.152570729952999e-33 1.045263855316259e-30 25656
42.5 1.034377220180058e-33 9.55243616605296e-31 23228
43 1.011925507100534e-33 9.433566606694518e-31 21816
43.5 8.995404478283991e-34 8.635042169266711e-31 19472
44 8.123034513664424e-34 8.039829275389598e-31 17696
44.5 7.253660896577532e-34 7.207943279171823e-31 15588
45 6.408737678451698e-34 6.748777341795258e-31 13760
45.5 5.544900053933758e-34 5.714295264429924e-31 11565
46 4.708528416877406e-34 5.032759700588365e-31 10016
46.5 4.144794466720312e-34 4.502872619547875e-31 8652
47 3.808209737240476e-34 4.087431989268005e-31 7652
47.5 3.282187928621865e-34 3.73358702993573e-31 6542
48 2.884870885491775e-34 3.026701546124801e-31 5478
48.5 2.439116034468292e-34 2.724127720825771e-31 4886
49 2.035524004656626e-34 2.436281522769332e-31 4068
49.5 1.652366109576548e-34 1.943944885825364e-31 3326
50 1.341704063056488e-34 1.672493157906675e-31 2696
50.5 1.209538180580659e-34 1.466595216260286e-31 2304
51 1.029972379651121e-34 1.274063097513235e-31 1934
51.5 7.6849191497028e-35 8.870363096096745e-32 1344
52 5.021914032977679e-35 5.626669494409232e-32 848
52.5 5.20145048368346e-35 6.250305660616587e-32 888
53 3.394330145300567e-35 3.931238519135429e-32 584
53.5 1.87360710988064e-35 2.486456497414737e-32 344
54 4.594175948431078e-36 8.026824745522314e-33 102
54.5 5.875894593647921e-36 6.954613146954074e-33 104
55 1.358711135664134e-36 1.508648533588169e-33 24
55.5 7.093123395285574e-39 3.941683187119845e-34 1

0.5 1.484965802781346e-09 5.422675397539818e-09 18
1 5.416549570047099e-09 1.801929767999294e-08 62
1.5 6.977209650660893e-09 4.658464650312663e-08 98
2 1.0251307609842e-07 5.065291217890732e-07 210
2.5 5.210041096248599e-07 3.393724696041499e-06 350
3 1.12788809116235e-07 5.080525892417516e-07 450
3.5 8.867720820504774e-09 1.138973090617945e-07 602
4 2.675267909132033e-09 4.51991196990556e-08 762
4.5 8.918448781282413e-09 5.541514475557754e-08 1142
5 4.600617665879585e-09 1.089164758722196e-07 1250
5.5 1.754921011430793e-09 5.891379225548491e-08 1458
6 6.270688614439224e-10 4.074235421926984e-08 1814
6.5 1.682216609491848e-09 2.088704335104605e-08 2178
7 1.293260889629387e-09 4.354886246727579e-08 2498
7.5 7.142972479178168e-10 3.476522092139243e-08 2622
8 4.295069572290923e-10 2.807978212632506e-08 3338
8.5 3.293215728068983e-10 1.990635912470017e-08 3722
9 3.17333596564368e-10 1.502177634982693e-08 4170
9.5 1.890830964669717e-10 1.614537382375463e-08 4358
10 1.374263779113193e-10 1.589391917407333e-08 5034
10.5 6.455886873632664e-11 1.611142883019385e-08 5714
11 4.216929181273792e-11 1.036427286228693e-08 5982
11.5 2.082524951387633e-11 8.649538231696327e-09 6602
12 1.326353469103588e-11 7.587096191440424e-09 7130
12.5 8.900543131909253e-12 7.232852513645172e-09 8034
13 9.197113653229842e-12 5.231242076948385e-09 8606
13.5 9.089561143498688e-12 3.087139013060075e-09 9066
14 8.311731719172301e-12 1.798673563309175e-09 9962
14.5 8.052410985653513e-12 9.392158435586855e-10 10550
15 8.114751404449787e-12 4.577653200929528e-10 11226
15.5 7.90028579405198e-12 1.808714940845694e-10 12146
16 6.462022119285771e-12 1.020319764087467e-10 12606
16.5 4.868013398737459e-12 1.602276177468325e-10 13802
17 3.156795036724002e-12 2.649299974284955e-10 14754
17.5 1.803753996839177e-12 3.413612248646532e-10 15194
18 1.003448094532931e-12 3.963736130434474e-10 16454
18.5 4.96401901007516e-13 3.940539893938211e-10 17154
19 2.306777590616656e-13 3.64980934409432e-10 18266
19.5 1.06296220578602e-13 2.955658976449105e-10 18750
20 7.05538036837889e-14 2.302498856781712e-10 20234
20.5 6.931879697932341e-14 1.620017511791016e-10 21450
21 7.342328841215559e-14 1.035834592680031e-10 21962
21.5 7.627863334360848e-14 6.627561377902239e-11 23462
22 6.935591762787408e-14 3.933165813442387e-11 24042
22.5 6.137613243177722e-14 2.374330365003065e-11 25946
23 4.749291978133292e-14 1.313043032927675e-11 26118
23.5 3.65091759611947e-14 7.587955968864399e-12 27506
24 2.685639444141306e-14 4.47665221523273e-12 29066
24.5 1.884924523396368e-14 2.736625948378961e-12 30450
25 1.282587989581974e-14 1.785666036382962e-12 31742
25.5 8.379697761243059e-15 1.218341101115207e-12 32250
26 5.655134830758349e-15 9.141688154493452e-13 34250
26.5 3.68509474581111e-15 6.867312685302565e-13 35454
27 2.350761633337822e-15 5.190870242880886e-13 36434
27.5 1.506228032415954e-15 3.967888848926281e-13 37682
28 9.665177544345741e-16 3.051250365116201e-13 39294
28.5 6.240773656494585e-16 2.327382516723191e-13 41426
29 3.871861884371999e-16 1.704642592880604e-13 42066
29.5 2.428366785693736e-16 1.263683581014691e-13 43490
30 1.536046756709317e-16 9.384068166024359e-14 45702
30.5 9.293202679868381e-17 6.648527447879405e-14 46634
31 5.558189557768511e-17 4.741058722572719e-14 48554
31.5 3.176002630014595e-17 3.219660868893033e-14 48870
32 1.907339711310386e-17 2.285656911455194e-14 50963
32.5 1.141438867510858e-17 1.578323954541487e-14 51576
33 6.539649599366764e-18 1.054738165096663e-14 49316
33.5 3.72860417697642e-18 7.626592538014852e-15 49344
34 1.985700210751669e-18 5.444727999727623e-15 47192
34.5 1.073278760688932e-18 4.0269305402514e-15 47576
35 5.522433419695343e-19 2.864448604896429e-15 45348
35.5 3.261702597522704e-19 2.046124269008755e-15 44060
36 2.322454861748135e-19 1.482846656498406e-15 43872
36.5 1.817514457807049e-19 1.016217971045443e-15 41756
37 1.589656228394872e-19 7.143904308553911e-16 41528
37.5 1.39407231125399e-19 4.715471119793891e-16 39300
38 1.235963519339326e-19 3.15319928087047e-16 38276
38.5 1.051237961641471e-19 2.03290195565324e-16 36900
39 8.588852118762326e-20 1.252041280328943e-16 34724
39.5 7.140310273124607e-20 7.89907411377263e-17 33960
40 5.566248517229248e-20 4.671081349416991e-17 32144
40.5 4.191051079376424e-20 2.728208222007001e-17 30704
41 3.067023074168243e-20 1.553666164187925e-17 28896
41.5 2.240257355542692e-20 8.879447851158182e-18 26924
42 1.532340316584786e-20 5.290857877728084e-18 25656
42.5 1.023243439789314e-20 3.146975266105108e-18 23228
43 6.7767815175991e-21 2.138258683099846e-18 21816
43.5 4.352852621349957e-21 1.477557082184535e-18 19472
44 2.68819832142525e-21 1.08869664548124e-18 17696
44.5 1.622551884900732e-21 7.872521608434442e-19 15588
45 9.90900719223771e-22 5.938093183881699e-19 13760
45.5 5.449418693511895e-22 4.035250265388576e-19 11565
46 3.023174498554825e-22 2.793004805925423e-19 10016
46.5 1.618322115936721e-22 1.916510770227896e-19 8652
47 8.535857088961344e-23 1.361704894767287e-19 7652
47.5 4.186567579342402e-23 8.671550935731646e-20 6542
48 1.978963286663122e-23 5.310097602270096e-20 5478
48.5 9.921330838986798e-24 3.449250772529704e-20 4886
49 4.834996623843631e-24 2.011312866110796e-20 4068
49.5 2.324511192451394e-24 1.118874680333331e-20 3326
50 1.208760652387634e-24 6.174427541202225e-21 2696
50.5 7.236787856976037e-25 3.475318878739514e-21 2304
51 4.333189443631226e-25 1.850492441520549e-21 1934
51.5 2.17887734726361e-25 8.109118337822807e-22 1344
52 1.098940310459876e-25 3.669272373051439e-22 848
52.5 8.325151542324236e-26 2.409252406013052e-22 888
53 3.673414863244525e-26 9.911017453663077e-23 584
53.5 1.359163912057617e-26 3.792798154739051e-23 344
54 2.596894967240746e-27 8.301940623457538e-24 102
54.5 1.746237850025575e-27 6.904930393025341e-24 104
55 2.161134351443635e-28 1.303607823162548e-24 24
55.5 5.651219165226721e-30 4.977195018547654e-26 1

0.5 9.664119684534872e-08 3.206325684367423e-08 18
1 2.534824093551868e-07 1.120876065813142e-07 62
1.5 1.490035238857515e-07 1.305110099739138e-07 98
2 4.023151946138699e-07 9.300827186533256e-07 210
2.5 6.459099573976985e-07 5.36967344262658e-06 350
3 9.444301544997832e-08 1.231278147587466e-06 450
3.5 1.416235437150766e-08 3.106132358566587e-07 602
4 6.538980376756907e-09 1.709449384405759e-07 762
4.5 1.183419363193825e-08 4.081298772224844e-07 1142
5 6.680420360712384e-09 2.126411114908569e-07 1250
5.5 7.747845925850271e-09 1.504549398479815e-07 1458
6 2.31708174841447e-09 1.204670232509307e-07 1814
6.5 1.901854015662717e-09 1.906823474537074e-07 2178
7 2.521195655034283e-09 8.224830117127389e-08 2498
7.5 3.925644722593685e-09 8.662594959693834e-08 2622
8 9.489795536063958e-10 1.782476222848866e-07 3338
8.5 9.75658063930135e-10 1.670666772498323e-07 3722
9 1.606695133468832e-09 4.578608181812654e-08 4170
9.5 1.227290906222313e-09 7.243833418002211e-08 4358
10 3.775544778134391e-10 1.231381197811453e-07 5034
10.5 9.207650936095511e-10 6.036763810831935e-08 5714
11 9.139452526202759e-10 4.92949543620531e-08 5982
11.5 2.437364830080335e-10 1.189398467001894e-07 6602
12 5.522695997133789e-10 8.44907183341566e-08 7130
12.5 8.34389229949381e-10 3.293119717167154e-08 8034
13 3.764715654421388e-10 9.158073692361316e-08 8606
13.5 2.293546116700609e-10 8.404275423277872e-08 9066
14 4.259321124427808e-10 3.384064035487731e-08 9962
14.5 2.672980790061446e-10 3.887588342191191e-08 10550
15 1.156811825287426e-10 4.493796910241826e-08 11226
15.5 1.332280720696752e-10 2.47361695166121e-08 12146
16 1.027335394522563e-10 1.620837163469704e-08 12606
16.5 5.74033800206962e-11 1.555747540040091e-08 13802
17 4.071639715113775e-11 1.031182436117133e-08 14754
17.5 2.778403194075483e-11 7.182369613417285e-09 15194
18 1.970220227845142e-11 5.481616226049166e-09 16454
18.5 1.597707797749399e-11 3.519658426061638e-09 17154
19 9.639681257852156e-12 3.609973400028877e-09 18266
19.5 7.330196092210589e-12 2.910154207359312e-09 18750
20 8.353198868847986e-12 1.797824870761375e-09 20234
20.5 6.185656741533671e-12 1.880826050681909e-09 21450
21 3.738469866104485e-12 2.020111173360042e-09 21962
21.5 3.956510040507815e-12 1.444959793261446e-09 23462
22 3.67103264131111e-12 1.044781581084762e-09 24042
22.5 2.626769134480728e-12 1.106880890003018e-09 25946
23 1.891587536945618e-12 9.212127490506693e-10 26118
23.5 1.760011130882165e-12 6.533696194805522e-10 27506
24 1.391976642115606e-12 5.387413347762152e-10 29066
24.5 9.505498045304663e-13 4.861242760074669e-10 30450
25 7.298061529655596e-13 3.726852933818488e-10 31742
25.5 5.888198186507504e-13 2.599032566905642e-10 32250
26 4.487205554917375e-13 2.070118037345946e-10 34250
26.5 3.162682592077001e-13 1.647306799483491e-10 35454
27 2.325838845746017e-13 1.23670250742299e-10 36434
27.5 1.706971494382094e-13 9.400086856894862e-11 37682
28 1.281382798026862e-13 7.197753826053907e-11 39294
28.5 9.782085836170083e-14 5.552788863096482e-11 41426
29 7.309338057092626e-14 4.034250626431476e-11 42066
29.5 5.396580509018484e-14 3.113212150997698e-11 43490
30 4.062944310000027e-14 2.53614534011173e-11 45702
30.5 3.112242163094772e-14 1.957407695524586e-11 46634
31 2.573056364099468e-14 1.4561273091397e-11 48554
31.5 2.118732197442122e-14 1.07310775388924e-11 48870
32 1.710265492298613e-14 8.755005281856696e-12 50963
32.5 1.168535883675281e-14 7.414157606095224e-12 51576
33 7.620560638888325e-15 5.545462917274304e-12 49316
33.5 5.69378154209282e-15 4.045891707655685e-12 49344
34 4.272891495167984e-15 2.788465284516709e-12 47192
34.5 3.471239690421694e-15 2.043542388804946e-12 47576
35 2.438906788599739e-15 1.589407319739219e-12 45348
35.5 1.784871161665386e-15 1.257972138056864e-12 44060
36 1.377753000194749e-15 1.001460071899472e-12 43872
36.5 9.912193853467486e-16 7.685713937298164e-13 41756
37 7.578243026615135e-16 6.142381027515684e-13 41528
37.5 5.602564843521782e-16 4.594839142577135e-13 39300
38 4.138428765307127e-16 3.634784917579024e-13 38276
38.5 3.095856340081828e-16 2.814204203424222e-13 36900
39 2.319208412768258e-16 2.029624328196703e-13 34724
39.5 1.871533976428532e-16 1.490078169584678e-13 33960
40 1.402011289656852e-16 1.035978305243632e-13 32144
40.5 1.045662056792187e-16 7.418328485968493e-14 30704
41 7.11066200548308e-17 5.431088633869413e-14 28896
41.5 4.673225646732173e-17 3.845419986698962e-14 26924
42 3.290456439508274e-17 2.742237225087547e-14 25656
42.5 2.093591194770203e-17 1.813538233918566e-14 23228
43 1.484921676406551e-17 1.253323404518406e-14 21816
43.5 9.319922897219843e-18 8.342676676388871e-15 19472
44 6.238654185563189e-18 5.8268497558065e-15 17696
44.5 3.808126193744759e-18 4.10401955327618e-15 15588
45 2.288377619376558e-18 2.788188067845069e-15 13760
45.5 1.452466495399212e-18 1.600837962134493e-15 11565
46 1.002380143545092e-18 8.475900353483136e-16 10016
46.5 6.499056285413372e-19 5.026284615527873e-16 8652
47 3.757319541408398e-19 3.818251755981047e-16 7652
47.5 2.169345340922407e-19 2.807540052161799e-16 6542
48 1.482507368820242e-19 1.82403931052056e-16 5478
48.5 1.133498475768924e-19 1.244482522791479e-16 4886
49 7.860057795255984e-20 8.947473858438954e-17 4068
49.5 5.105058682576082e-20 6.970932274181782e-17 3326
50 3.838310039921535e-20 4.620672278319922e-17 2696
50.5 3.093351418918996e-20 2.876610542509028e-17 2304
51 2.113261026072725e-20 2.011998426828629e-17 1934
51.5 1.023677143955242e-20 1.425468205333459e-17 1344
52 4.547947860639669e-21 9.273839663165453e-18 848
52.5 2.583488987245446e-21 9.733954277356624e-18 888
53 9.317883337548898e-22 5.811233816782966e-18 584
53.5 2.825106663237867e-22 3.230024051733345e-18 344
54 4.297918286548161e-23 9.671147611475808e-19 102
54.5 2.207385216030593e-23 1.029415175328153e-18 104
55 1.638903450128831e-24 2.52630370386079e-19 24
55.5 3.04154377848921e-26 1.093367526249244e-20 1

0.5 8.242239460503867e-09 5.355947308539705e-08 18
1 1.647185892387065e-08 1.242027008595501e-07 62
1.5 3.310765107756873e-08 1.313507620744966e-07 98
2 2.513682979791092e-07 1.211794329585539e-06 210
2.5 9.994898977397384e-07 5.076420400469884e-06 350
3 1.632478428831041e-07 1.776131122842368e-06 450
3.5 4.721529971503201e-08 5.187259051408893e-07 602
4 1.926712868798219e-08 2.722042353527182e-07 762
4.5 3.498780341925621e-08 5.560804684420447e-07 1142
5 1.485459250001142e-08 5.011729068313762e-07 1250
5.5 1.037751783311206e-08 2.976834996853739e-07 1458
6 6.953675889466411e-09 2.759720149142463e-07 1814
6.5 7.587447979149449e-09 3.306076313102364e-07 2178
7 5.066210514467591e-09 3.353234396633618e-07 2498
7.5 4.963168770601681e-09 2.798385067576933e-07 2622
8 3.794506231682602e-09 2.72395117235578e-07 3338
8.5 3.162377971590931e-09 2.720357658905766e-07 3722
9 2.246044719081505e-09 2.37513896857414e-07 4170
9.5 2.024270542281394e-09 2.047386054988457e-07 4358
10 1.760643955033406e-09 1.999939763798796e-07 5034
10.5 1.675125374485511e-09 1.884545386528895e-07 5714
11 1.370190332467338e-09 1.758792515252752e-07 5982
11.5 1.264511829295174e-09 1.489577731435203e-07 6602
12 1.07754515238001e-09 1.385642264525746e-07 7130
12.5 9.303500176698929e-10 1.326563980833684e-07 8034
13 7.615226447288982e-10 1.211709227200484e-07 8606
13.5 5.68769187585741e-10 9.387225638718072e-08 9066
14 4.453815570074313e-10 8.55207578060001e-08 9962
14.5 3.147248297354996e-10 6.095516078142049e-08 10550
15 2.349611308372035e-10 4.843469270003458e-08 11226
15.5 1.677522573884442e-10 3.492365177569838e-08 12146
16 1.204972615840994e-10 2.42577459947307e-08 12606
16.5 7.766359594546177e-11 1.869898797432139e-08 13802
17 5.476223415737892e-11 1.279885870896773e-08 14754
17.5 3.337131302672327e-11 9.270782675978345e-09 15194
18 2.413540836193093e-11 6.527496718491546e-09 16454
18.5 1.686981366610041e-11 5.145284857360609e-09 17154
19 1.237158095724002e-11 3.74363352986557e-09 18266
19.5 9.090482363667252e-12 3.041452282166697e-09 18750
20 7.738628037472713e-12 2.430158756981446e-09 20234
20.5 6.248460932792553e-12 2.085954204790927e-09 21450
21 5.05162459780852e-12 1.715251970069117e-09 21962
21.5 4.276186453367423e-12 1.480248362531748e-09 23462
22 3.314522879038498e-12 1.251834694820917e-09 24042
22.5 2.764891766193267e-12 1.086634326405622e-09 25946
23 2.082510295995388e-12 8.827586690102813e-10 26118
23.5 1.72616145618908e-12 7.089760233036066e-10 27506
24 1.326881247653245e-12 5.990813999314311e-10 29066
24.5 1.037574400191337e-12 4.779089921128704e-10 30450
25 7.788149045777107e-13 3.806158187735994e-10 31742
25.5 5.807902134193231e-13 2.890772764520977e-10 32250
26 4.424315632651821e-13 2.256613804401974e-10 34250
26.5 3.352165960541263e-13 1.722126392331039e-10 35454
27 2.421489334334768e-13 1.311215879655711e-10 36434
27.5 1.77377236919861e-13 9.764828753553031e-11 37682
28 1.372519873017455e-13 7.391535703161951e-11 39294
28.5 1.00617129838259e-13 5.681089357267503e-11 41426
29 7.395541164604887e-14 4.159058331678747e-11 42066
29.5 5.724510909622352e-14 3.06252132628959e-11 43490
30 4.238777368365987e-14 2.447973743252532e-11 45702
30.5 3.221178615482066e-14 1.857034963793033e-11 46634
31 2.569111680360902e-14 1.420095837245025e-11 48554
31.5 1.999225676919252e-14 1.112992531087249e-11 48870
32 1.559967880960847e-14 9.360627913719725e-12 50963
32.5 1.188981245968956e-14 7.139580789928019e-12 51576
33 8.185632661374049e-15 5.110005589935655e-12 49316
33.5 5.79632245126226e-15 3.89310415687377e-12 49344
34 4.183104331843762e-15 2.870811738334882e-12 47192
34.5 3.138177051312926e-15 2.286966415541714e-12 47576
35 2.293008543200955e-15 1.708177990709992e-12 45348
35.5 1.70522808431143e-15 1.33422546652189e-12 44060
36 1.356657463282021e-15 1.040647509658386e-12 43872
36.5 1.016223996084045e-15 7.915399490851687e-13 41756
37 7.814691845757042e-16 6.355869500183688e-13 41528
37.5 5.986232452013475e-16 4.664474898889507e-13 39300
38 4.559054714591095e-16 3.565422629678626e-13 38276
38.5 3.366029366909694e-16 2.776420693443936e-13 36900
39 2.476900187496538e-16 1.997275090255361e-13 34724
39.5 1.937228266111351e-16 1.513394480094474e-13 33960
40 1.337951980360259e-16 1.124295105393744e-13 32144
40.5 9.567925637507623e-17 8.44461299657196e-14 30704
41 6.921746076747466e-17 5.794197531783978e-14 28896
41.5 4.5932422379795e-17 4.182120513326414e-14 26924
42 3.386387838732285e-17 2.950909733084507e-14 25656
42.5 2.193434872314867e-17 1.955726900277071e-14 23228
43 1.575928712703961e-17 1.354132371466916e-14 21816
43.5 9.608949071881063e-18 9.174536706152191e-15 19472
44 6.510665273327047e-18 6.302880076681771e-15 17696
44.5 4.067691469863434e-18 4.16490175090406e-15 15588
45 2.53185209833814e-18 2.572149323713214e-15 13760
45.5 1.398697680346511e-18 1.592079456200429e-15 11565
46 8.985830366634405e-19 8.981932450249563e-16 10016
46.5 5.08624156708681e-19 6.194078000069484e-16 8652
47 3.604281441448574e-19 3.728728789474931e-16 7652
47.5 2.265584645591819e-19 2.589700252469567e-16 6542
48 1.55386333520586e-19 1.779009186900107e-16 5478
48.5 1.188644425320556e-19 1.334465154454284e-16 4886
49 8.156269247798128e-20 9.690320302041037e-17 4068
49.5 6.19447730313965e-20 6.08240275738952e-17 3326
50 4.025269563984286e-20 4.35817264713671e-17 2696
50.5 2.867755572266983e-20 2.655687504463143e-17 2304
51 1.609140647619585e-20 2.129381237124182e-17 1934
51.5 6.77373560162551e-21 1.475779493604286e-17 1344
52 4.403511180415483e-21 7.85859665589081e-18 848
52.5 4.265823191652125e-21 8.299487443040647e-18 888
53 4.378348349258393e-21 3.780657168971205e-18 584
53.5 3.646246632124247e-21 8.715583212335373e-19 344
54 1.179070863934875e-21 1.048666917421616e-19 102
54.5 1.216146234860483e-21 7.441357318184699e-20 104
55 2.580946969706046e-22 1.309910751124841e-20 24
55.5 8.97901676582493e-24 3.226777974983328e-22 1

0.5 3.876331155869075e-07 1.330854355376054e-07 18
1 8.928861426113731e-07 2.193286443337335e-07 62
1.5 9.052386044119568e-07 2.467103723436099e-07 98
2 9.380756574113015e-07 1.700064733795604e-06 210
2.5 8.250422201507091e-07 9.483872735312906e-06 350
3 2.522101473911221e-07 2.014323575992681e-06 450
3.5 9.442207136727628e-08 1.004190051674748e-06 602
4 4.64152568434755e-08 7.988201724049986e-07 762
4.5 5.392403566739157e-08 1.226590822775507e-06 1142
5 3.503155910542252e-08 8.631661139505169e-07 1250
5.5 2.33508154020254e-08 6.87310948047562e-07 1458
6 1.831187969843835e-08 5.186935499727241e-07 1814
6.5 1.720249422706172e-08 6.245605815536004e-07 2178
7 1.337887986863696e-08 5.566051712355285e-07 2498
7.5 9.597701337028818e-09 5.636697093455714e-07 2622
8 9.019383835705027e-09 5.453267799404632e-07 3338
8.5 7.504899128647924e-09 4.894577375540185e-07 3722
9 6.405938625114116e-09 4.683901320859959e-07 4170
9.5 4.61893152525905e-09 4.572152706204124e-07 4358
10 4.391636600196758e-09 4.032671094425882e-07 5034
10.5 3.890193322748751e-09 3.700541475085625e-07 5714
11 2.911498126148422e-09 3.503475856348264e-07 5982
11.5 2.360494733002832e-09 3.035161486229486e-07 6602
12 1.996114833818799e-09 2.554995960259768e-07 7130
12.5 1.570414638547464e-09 2.305859959490973e-07 8034
13 1.22408093835293e-09 1.970103129093133e-07 8606
13.5 9.180820669573585e-10 1.464224401118963e-07 9066
14 6.795327107488236e-10 1.314358962196471e-07 9962
14.5 4.781805140096011e-10 8.952193709189666e-08 10550
15 3.592249820789071e-10 6.992386493954756e-08 11226
15.5 2.450286990100652e-10 5.257976062456305e-08 12146
16 1.61415056094906e-10 3.884524972318304e-08 12606
16.5 1.207177288177145e-10 2.727436030975355e-08 13802
17 8.156113699932036e-11 1.977841117546394e-08 14754
17.5 5.278118097122666e-11 1.428602409934995e-08 15194
18 3.759721081933499e-11 1.026504398762444e-08 16454
18.5 2.801088542706297e-11 7.73537071881638e-09 17154
19 1.873149056804228e-11 5.932129492868163e-09 18266
19.5 1.410416008197054e-11 4.493963056159768e-09 18750
20 1.132944326494027e-11 3.532033856570283e-09 20234
20.5 8.718790861008271e-12 3.047733435742876e-09 21450
21 6.437298257212135e-12 2.504929899247643e-09 21962
21.5 5.332251939178942e-12 2.080309547454076e-09 23462
22 4.249246231155533e-12 1.616261998253652e-09 24042
22.5 3.462839205304717e-12 1.402930124701832e-09 25946
23 2.575730153207039e-12 1.110763156374523e-09 26118
23.5 2.025494519250663e-12 8.948987399790298e-10 27506
24 1.600741590638807e-12 7.340027862286019e-10 29066
24.5 1.275862545739219e-12 5.570716319722772e-10 30450
25 9.832478754513899e-13 4.313706732843369e-10 31742
25.5 6.996458431323934e-13 3.352962280310808e-10 32250
26 5.098598217356787e-13 2.681960860840947e-10 34250
26.5 3.892754941556359e-13 1.994550455687798e-10 35454
27 2.876267679775545e-13 1.4746120555848e-10 36434
27.5 2.01607731424114e-13 1.118060246658493e-10 37682
28 1.52619950354182e-13 8.440308088916903e-11 39294
28.5 1.120959828118226e-13 6.376527155580913e-11 41426
29 8.045996780663555e-14 4.66209007404973e-11 42066
29.5 6.03288822756533e-14 3.426414729744331e-11 43490
30 4.456559907746941e-14 2.736219207094721e-11 45702
30.5 3.401046902781141e-14 1.948414962363128e-11 46634
31 2.549921552303002e-14 1.565347341951342e-11 48554
31.5 2.061467778981894e-14 1.142515060834264e-11 48870
32 1.553721886324169e-14 9.735129482082915e-12 50963
32.5 1.171363046834195e-14 7.239317768280361e-12 51576
33 8.150856986686763e-15 5.091056966353533e-12 49316
33.5 5.758783013700524e-15 3.845274479340364e-12 49344
34 4.218165972755197e-15 2.732798323044789e-12 47192
34.5 3.149227496146061e-15 2.204884335061164e-12 47576
35 2.272300379378369e-15 1.646386065617718e-12 45348
35.5 1.756078409088251e-15 1.236698604217741e-12 44060
36 1.346826615687539e-15 9.987492356532449e-13 43872
36.5 1.000297277504349e-15 7.626906932645585e-13 41756
37 7.798613215283696e-16 6.038821799878534e-13 41528
37.5 5.732272910044062e-16 4.546067980253067e-13 39300
38 4.368257911031808e-16 3.439176335143421e-13 38276
38.5 3.231298734166365e-16 2.670208396259588e-13 36900
39 2.332178153589525e-16 1.966893913917663e-13 34724
39.5 1.807184374683885e-16 1.499950611507041e-13 33960
40 1.259415235008923e-16 1.104960702200006e-13 32144
40.5 9.302809531722037e-17 8.019771552151826e-14 30704
41 6.563785563535569e-17 5.711241431565376e-14 28896
41.5 4.439353999923383e-17 4.047602852821706e-14 26924
42 3.24827921599711e-17 2.875013435811077e-14 25656
42.5 2.096379238988721e-17 1.919759179091634e-14 23228
43 1.498578938676975e-17 1.335179576885696e-14 21816
43.5 9.452185023288703e-18 8.767476911345183e-15 19472
44 6.366443947387995e-18 6.12522479230724e-15 17696
44.5 4.092310198426813e-18 3.949590259430209e-15 15588
45 2.496333316900134e-18 2.475282978350509e-15 13760
45.5 1.420858530163989e-18 1.459401262011114e-15 11565
46 8.435823069435382e-19 8.710935424442291e-16 10016
46.5 5.286554525067056e-19 5.482924235775593e-16 8652
47 3.345284911695161e-19 3.66641383395258e-16 7652
47.5 2.22358632947568e-19 2.41791124684276e-16 6542
48 1.521082705720617e-19 1.666994655453854e-16 5478
48.5 1.114764811839341e-19 1.287820065090956e-16 4886
49 8.107429773686599e-20 8.903640570140418e-17 4068
49.5 5.281225347349971e-20 6.487443891859428e-17 3326
50 3.729019109323292e-20 4.278521620723175e-17 2696
50.5 2.559944813318911e-20 2.776304493326428e-17 2304
51 1.615963452987399e-20 1.926121146005932e-17 1934
51.5 7.407276946962966e-21 1.254226769005969e-17 1344
52 5.070973796023245e-21 6.06523953708646e-18 848
52.5 6.676926372649836e-21 4.690534976248083e-18 888
53 5.095165703530488e-21 2.731519227457327e-18 584
53.5 1.812875245350805e-21 3.209108763807719e-18 344
54 2.33286241573613e-22 1.399122405328705e-18 102
54.5 8.983863507983697e-23 1.605932224997126e-18 104
55 1.293057271442042e-23 3.549147125955707e-19 24
55.5 7.195391128396337e-25 1.020081116819306e-20 1

0.5 5.858784705066786e-08 3.257042408672881e-07 18
1 5.634120790904102e-08 4.387247920241534e-07 62
1.5 1.048042530885821e-07 2.487091884083874e-07 98
2 5.139467711579785e-07 2.163219726764269e-06 210
2.5 1.47924748079792e-06 5.642509703508095e-06 350
3 2.662088458236578e-07 3.083332103770181e-06 450
3.5 1.234319172674177e-07 1.527376609737639e-06 602
4 6.020007009022963e-08 1.148581228941712e-06 762
4.5 7.648250109557934e-08 1.39210626179091e-06 1142
5 4.845137685797321e-08 1.16931366572738e-06 1250
5.5 2.831097535372324e-08 9.871903105448788e-07 1458
6 2.458183141706999e-08 8.968100578640474e-07 1814
6.5 2.199041834581147e-08 1.049429422733783e-06 2178
7 1.9085782091855e-08 1.02094937094365e-06 2498
7.5 1.619398860684999e-08 9.693338807856805e-07 2622
8 1.553859574252815e-08 9.882624792564082e-07 3338
8.5 1.340479352481934e-08 9.513395709436112e-07 3722
9 1.141269325425175e-08 8.572652530217535e-07 4170
9.5 9.215957828894889e-09 7.92543354134744e-07 4358
10 8.369427405133666e-09 7.874991905607713e-07 5034
10.5 6.676488704636189e-09 6.994305022535411e-07 5714
11 5.187525085166223e-09 5.88840248976712e-07 5982
11.5 4.162907771486322e-09 5.012584923478167e-07 6602
12 3.320810428320405e-09 4.697418065651462e-07 7130
12.5 2.612864780255852e-09 3.752761907492138e-07 8034
13 1.882377658971529e-09 3.076767846977945e-07 8606
13.5 1.401105411958207e-09 2.222174875177542e-07 9066
14 1.054160528568284e-09 1.896941737124909e-07 9962
14.5 7.219011309567281e-10 1.304294308601522e-07 10550
15 5.090507291358824e-10 1.035651401396218e-07 11226
15.5 3.627715195778435e-10 7.417104430882911e-08 12146
16 2.35734176752089e-10 5.401241082053784e-08 12606
16.5 1.673504931220948e-10 3.992014337767757e-08 13802
17 1.146132880347443e-10 2.84957670863836e-08 14754
17.5 7.486129142499476e-11 2.027040181282666e-08 15194
18 5.383790924910457e-11 1.498682351841854e-08 16454
18.5 3.866958157282537e-11 1.130472174971382e-08 17154
19 2.792285152955817e-11 8.08352660479969e-09 18266
19.5 1.973794628065562e-11 6.225368671033618e-09 18750
20 1.505694230490887e-11 5.007880869912385e-09 20234
20.5 1.192158400865248e-11 4.17016197544983e-09 21450
21 9.047207010508377e-12 3.091869483898549e-09 21962
21.5 7.004810263472306e-12 2.694589909301585e-09 23462
22 5.583349501364227e-12 2.10353101552938e-09 24042
22.5 4.402655317577423e-12 1.820452034511927e-09 25946
23 3.426421772157698e-12 1.370427488046793e-09 26118
23.5 2.621204968325003e-12 1.165189987966876e-09 27506
24 2.161344032405129e-12 8.919528397658382e-10 29066
24.5 1.613994116366511e-12 7.370252816733329e-10 30450
25 1.196999099292348e-12 6.044532942240829e-10 31742
25.5 9.371432696632359e-13 4.178921793521023e-10 32250
26 7.068706603782685e-13 3.367102190204089e-10 34250
26.5 5.18269661506326e-13 2.659440807243038e-10 35454
27 3.820723113185265e-13 1.977111057141989e-10 36434
27.5 2.836826960440662e-13 1.487175976227896e-10 37682
28 2.159055985375906e-13 1.12336065462698e-10 39294
28.5 1.571127585987449e-13 8.714062299231349e-11 41426
29 1.117365827389624e-13 6.340433752632419e-11 42066
29.5 8.33578349294107e-14 5.0123184953204e-11 43490
30 6.23706681492453e-14 3.962170648195164e-11 45702
30.5 4.658588449560871e-14 2.904683666227566e-11 46634
31 3.751909914132644e-14 2.159000436703228e-11 48554
31.5 2.793906953898639e-14 1.720580379789857e-11 48870
32 2.169425337110641e-14 1.387279614861034e-11 50963
32.5 1.702350608775004e-14 9.961757846868051e-12 51576
33 1.160925157912107e-14 7.170640679638609e-12 49316
33.5 8.157266492662773e-15 5.438202163146248e-12 49344
34 5.837237585045442e-15 3.921280289892632e-12 47192
34.5 4.423399271548943e-15 2.995357812185786e-12 47576
35 3.160624294606378e-15 2.268912582490743e-12 45348
35.5 2.355205699584304e-15 1.705655902761674e-12 44060
36 1.818059011330797e-15 1.335311160901547e-12 43872
36.5 1.332702320032312e-15 1.016094889281866e-12 41756
37 1.020448353833749e-15 7.922428794574428e-13 41528
37.5 7.558292149164373e-16 5.972909499368747e-13 39300
38 5.577232545797463e-16 4.530591782160606e-13 38276
38.5 4.17289213997902e-16 3.432113678672017e-13 36900
39 3.019449298287775e-16 2.507282032433706e-13 34724
39.5 2.258725393021851e-16 1.891767555056395e-13 33960
40 1.604628493215057e-16 1.373245519296175e-13 32144
40.5 1.159381307520024e-16 9.950072485328243e-14 30704
41 8.189932248172273e-17 7.015958907511086e-14 28896
41.5 5.557338073120447e-17 4.918537178662207e-14 26924
42 3.916774020075499e-17 3.568253334293457e-14 25656
42.5 2.592059104385947e-17 2.409362120351762e-14 23228
43 1.829865443291325e-17 1.698240161544751e-14 21816
43.5 1.170043814826512e-17 1.101298379826302e-14 19472
44 8.042434924442025e-18 7.746040620816105e-15 17696
44.5 5.251319383960377e-18 5.017353997882881e-15 15588
45 3.227578196729483e-18 3.15239425533081e-15 13760
45.5 1.854249365373657e-18 1.933453265958355e-15 11565
46 1.119047173903677e-18 1.159961817184571e-15 10016
46.5 7.098085386814057e-19 7.318327903409183e-16 8652
47 4.60579419906215e-19 5.049201514829316e-16 7652
47.5 3.060769341625043e-19 3.317503030921485e-16 6542
48 2.052121468019433e-19 2.231136172469715e-16 5478
48.5 1.457826869882027e-19 1.638759821510427e-16 4886
49 1.005458065314501e-19 1.16033575868505e-16 4068
49.5 7.084756110794679e-20 7.566682161145965e-17 3326
50 4.680544945093295e-20 5.125378414538939e-17 2696
50.5 3.005920636905616e-20 3.361424359570979e-17 2304
51 1.960122601318167e-20 2.37281813807444e-17 1934
51.5 1.026358733326722e-20 1.346080121727657e-17 1344
52 5.843180480073974e-21 6.923007487194376e-18 848
52.5 6.100971792392884e-21 6.753383267237121e-18 888
53 3.093422637752564e-21 6.336645830069293e-18 584
53.5 2.15879858608623e-21 3.17050082675638e-18 344
54 1.094033866089632e-21 5.039643082324654e-19 102
54.5 1.557607135930833e-21 2.20771531980448e-19 104
55 2.72673361139215e-22 4.372468060297003e-20 24
55.5 1.346240731194232e-23 1.227021236030884e-21 1

0.5 1.06643701071985e-06 1.774007231362318e-07 18
1 1.671856942178981e-06 3.464984284122054e-07 62
1.5 6.172226312084797e-07 3.518671771212773e-07 98
2 7.184008027935441e-07 2.707502997862606e-06 210
2.5 7.413849540378479e-07 1.059967807899504e-05 350
3 3.173621929747344e-07 3.2834141582881e-06 450
3.5 1.957849532156937e-07 2.046542374501252e-06 602
4 9.751149825307653e-08 1.698291080774359e-06 762
4.5 1.041445790694508e-07 2.263014540125862e-06 1142
5 7.719825844981614e-08 1.933710392042424e-06 1250
5.5 5.270115898454725e-08 1.630582984255166e-06 1458
6 4.767401591519207e-08 1.661347893304095e-06 1814
6.5 4.476718722337537e-08 1.746760089958744e-06 2178
7 3.319788946345067e-08 1.676250725704091e-06 2498
7.5 2.851288298999581e-08 1.546560307016232e-06 2622
8 2.792108035555351e-08 1.706497416802273e-06 3338
8.5 2.225415458020674e-08 1.563940276422751e-06 3722
9 1.804657415893245e-08 1.52983470872756e-06 4170
9.5 1.443084586022246e-08 1.271233336841738e-06 4358
10 1.29825075098345e-08 1.202583210377955e-06 5034
10.5 1.022033796880143e-08 1.10148525831811e-06 5714
11 7.745619211064452e-09 9.08920169121441e-07 5982
11.5 6.171467140267553e-09 7.410235617643584e-07 6602
12 4.788543835688033e-09 6.569639438456962e-07 7130
12.5 3.622153309646229e-09 5.500903784418234e-07 8034
13 2.58639619394218e-09 4.2701547104133e-07 8606
13.5 1.845479215407803e-09 3.143300613887151e-07 9066
14 1.395647518507959e-09 2.507812223767281e-07 9962
14.5 9.46373736348648e-10 1.787875761384525e-07 10550
15 6.603180655168676e-10 1.400968381589539e-07 11226
15.5 4.691753609468774e-10 1.002730808337564e-07 12146
16 3.104148679635809e-10 7.092765602483632e-08 12606
16.5 2.164889030449742e-10 5.249994022647614e-08 13802
17 1.479583373456275e-10 3.674194105018993e-08 14754
17.5 9.808532073155567e-11 2.546300249837572e-08 15194
18 6.94045610641491e-11 1.87141827956993e-08 16454
18.5 4.871081687217251e-11 1.391320264927836e-08 17154
19 3.42569815613521e-11 1.037438006935466e-08 18266
19.5 2.373390563077436e-11 7.754849594095198e-09 18750
20 1.788670738068853e-11 6.087776959367914e-09 20234
20.5 1.39441158648801e-11 4.755971993306731e-09 21450
21 1.004828889360401e-11 3.630675517413051e-09 21962
21.5 8.116353816563145e-12 2.899722577927976e-09 23462
22 5.961656476171493e-12 2.364596227935968e-09 24042
22.5 4.824250325579417e-12 1.939064511076856e-09 25946
23 3.556816749308397e-12 1.496515836340597e-09 26118
23.5 2.796191458635003e-12 1.203033484005449e-09 27506
24 2.233990010728565e-12 9.6166368607801e-10 29066
24.5 1.677096193673293e-12 7.703548896810111e-10 30450
25 1.299694643084781e-12 5.943624692033231e-10 31742
25.5 9.174118049220543e-13 4.516487535176891e-10 32250
26 6.966609198439677e-13 3.532743588928301e-10 34250
26.5 5.202660264652107e-13 2.681272053551666e-10 35454
27 3.750955931734673e-13 2.001944528425236e-10 36434
27.5 2.802945601674017e-13 1.50972092378982e-10 37682
28 2.083906520955646e-13 1.146071667639564e-10 39294
28.5 1.536356092446589e-13 8.709190083466676e-11 41426
29 1.110040650275307e-13 6.290053007148563e-11 42066
29.5 8.269814285132281e-14 4.847889939156781e-11 43490
30 6.466779284924892e-14 3.711683552305702e-11 45702
30.5 4.679904785323117e-14 2.781454436752358e-11 46634
31 3.664399328042957e-14 2.109770061596245e-11 48554
31.5 2.73643117275078e-14 1.659202124583313e-11 48870
32 2.204600007274339e-14 1.298179483201291e-11 50963
32.5 1.632205614627492e-14 9.942775354648199e-12 51576
33 1.118441991065584e-14 7.045012573406719e-12 49316
33.5 8.11126143675746e-15 5.17331574044594e-12 49344
34 5.627447378147087e-15 3.844241326643807e-12 47192
34.5 4.254318790451226e-15 2.937256485149256e-12 47576
35 3.089593817423794e-15 2.171680686094365e-12 45348
35.5 2.260540869961657e-15 1.660994529469518e-12 44060
36 1.746043654822727e-15 1.294259489189778e-12 43872
36.5 1.29320455267058e-15 9.663640599832273e-13 41756
37 9.919706024977079e-16 7.508080953119638e-13 41528
37.5 7.12576851237962e-16 5.784923442812484e-13 39300
38 5.354639716295751e-16 4.302969678399532e-13 38276
38.5 4.06574329831928e-16 3.21065761295873e-13 36900
39 2.882980378533663e-16 2.368881457839084e-13 34724
39.5 2.125885785810282e-16 1.802043585222622e-13 33960
40 1.510796880197446e-16 1.28943760141302e-13 32144
40.5 1.080774360981476e-16 9.365773382753639e-14 30704
41 7.500341629098315e-17 6.700881998186131e-14 28896
41.5 5.105409362410605e-17 4.676175358030796e-14 26924
42 3.738335121491214e-17 3.332346659022914e-14 25656
42.5 2.479339008971617e-17 2.258300363826847e-14 23228
43 1.762817752217238e-17 1.58615001585908e-14 21816
43.5 1.106758365889455e-17 1.050451758381505e-14 19472
44 7.646959783902204e-18 7.337462697212285e-15 17696
44.5 4.882031734226458e-18 4.862495938606066e-15 15588
45 3.12709824266614e-18 2.902195044616751e-15 13760
45.5 1.773338287942718e-18 1.802292289590101e-15 11565
46 9.969882992833739e-19 1.153343029046433e-15 10016
46.5 6.758894157860784e-19 6.807435262998971e-16 8652
47 4.459583153046949e-19 4.589329571426428e-16 7652
47.5 2.696894958352745e-19 3.23091013221441e-16 6542
48 1.847499516128707e-19 2.173340875198519e-16 5478
48.5 1.334030357342525e-19 1.535641867539791e-16 4886
49 9.855323527880023e-20 9.882137919752853e-17 4068
49.5 6.144254704031064e-20 7.282243942402023e-17 3326
50 4.060480767438852e-20 4.919764099951812e-17 2696
50.5 2.794192964045606e-20 2.946324511300865e-17 2304
51 1.7484961475686e-20 2.153671392166972e-17 1934
51.5 9.964451339770714e-21 1.18956948202023e-17 1344
52 5.302012593512981e-21 6.540539772517924e-18 848
52.5 5.237981138506336e-21 7.022315224630926e-18 888
53 4.571575920123986e-21 4.152987246457103e-18 584
53.5 2.970227571768021e-21 1.95101706408065e-18 344
54 5.069745943279144e-22 1.029152388365363e-18 102
54.5 2.09599914205575e-22 1.671196801053846e-18 104
55 2.610602709262478e-23 2.820364853874227e-19 24
55.5 7.987031244299847e-25 1.328944564546583e-20 1

0.5 1.654506701838436e-07 6.178547341377979e-07 18
1 8.617917898999663e-08 9.476115138430143e-07 62
1.5 1.249295369968416e-07 3.625735821163577e-07 98
2 6.518948214002918e-07 2.806008773922963e-06 210
2.5 1.245235206217e-06 6.759977382781532e-06 350
3 3.32872563261235e-07 3.35709436646818e-06 450
3.5 2.046810333249524e-07 2.24445754032242e-06 602
4 1.144812035276269e-07 1.77725294201364e-06 762
4.5 1.231784811488205e-07 2.549096173148043e-06 1142
5 8.938749168525562e-08 2.155707667028536e-06 1250
5.5 6.378554762806909e-08 1.98201672936107e-06 1458
6 5.750035873829308e-08 2.168712583392628e-06 1814
6.5 5.384138761148153e-08 2.267249248698486e-06 2178
7 4.24436526041612e-08 1.94957523273036e-06 2498
7.5 3.404484710005058e-08 1.881951072305047e-06 2622
8 3.334068095955878e-08 2.105168453951218e-06 3338
8.5 2.70380110603206e-08 1.959803135759541e-06 3722
9 2.333356204726056e-08 1.867762516964672e-06 4170
9.5 1.871233192269759e-08 1.601181069918428e-06 4358
10 1.583712875646982e-08 1.468381865531491e-06 5034
10.5 1.283818509096283e-08 1.388324970582146e-06 5714
11 9.572635623785002e-09 1.147298751301113e-06 5982
11.5 7.339346784183365e-09 9.268829388471146e-07 6602
12 5.929331955685276e-09 7.853058482116004e-07 7130
12.5 4.559627030266224e-09 6.533388951565864e-07 8034
13 3.133233214271014e-09 4.98492513249139e-07 8606
13.5 2.184831055908778e-09 3.786700079535176e-07 9066
14 1.703180557485531e-09 2.912608336386956e-07 9962
14.5 1.102149697941829e-09 2.146012069987992e-07 10550
15 7.807584778229049e-10 1.559874782454008e-07 11226
15.5 5.401012050760345e-10 1.161860329444696e-07 12146
16 3.555330953146205e-10 8.13565544832274e-08 12606
16.5 2.47015214933269e-10 5.929009493243152e-08 13802
17 1.649430471986595e-10 4.314739081388104e-08 14754
17.5 1.109633669303194e-10 2.884014592501759e-08 15194
18 7.934904578271265e-11 2.14903411414633e-08 16454
18.5 5.407665047147341e-11 1.582235126294933e-08 17154
19 3.852045210996325e-11 1.178228252136524e-08 18266
19.5 2.738441805084572e-11 8.380406937138504e-09 18750
20 2.010140176135018e-11 6.554754019833003e-09 20234
20.5 1.51393868593183e-11 5.180023833752969e-09 21450
21 1.082671997746773e-11 3.829753410615408e-09 21962
21.5 8.177734981675748e-12 3.185684358714046e-09 23462
22 6.409675116961346e-12 2.355740905376321e-09 24042
22.5 5.144421596248073e-12 1.876477199683291e-09 25946
23 3.694257195180749e-12 1.486702181024161e-09 26118
23.5 2.788742725373073e-12 1.211409055460622e-09 27506
24 2.176032210366669e-12 9.757532662523451e-10 29066
24.5 1.65709924094471e-12 7.621098428872617e-10 30450
25 1.251810504085646e-12 5.976932862148408e-10 31742
25.5 9.019152633049668e-13 4.385426441156274e-10 32250
26 7.002831684171694e-13 3.364933149905668e-10 34250
26.5 5.150403060497053e-13 2.585301978396695e-10 35454
27 3.691152161342492e-13 1.937160234114049e-10 36434
27.5 2.721856613624273e-13 1.459664897140342e-10 37682
28 2.036035032203604e-13 1.093506721365053e-10 39294
28.5 1.505079275819778e-13 8.206413661222205e-11 41426
29 1.064270724892714e-13 6.156643103935069e-11 42066
29.5 8.052438111736143e-14 4.576883414792528e-11 43490
30 6.088072574514557e-14 3.627520411823545e-11 45702
30.5 4.535841554528026e-14 2.626025315687364e-11 46634
31 3.447389718615165e-14 2.029721468970649e-11 48554
31.5 2.630083140895211e-14 1.567155656077628e-11 48870
32 2.076876062534821e-14 1.234741752778864e-11 50963
32.5 1.542246468719753e-14 9.437258729117991e-12 51576
33 1.065625512484024e-14 6.660637372117155e-12 49316
33.5 7.617077525961874e-15 4.918345322850632e-12 49344
34 5.325597527627306e-15 3.606794242887112e-12 47192
34.5 3.980226900952095e-15 2.76637850281551e-12 47576
35 2.935300828406513e-15 2.012871926947198e-12 45348
35.5 2.147837127883918e-15 1.536292488555199e-12 44060
36 1.638309857105829e-15 1.212923664400105e-12 43872
36.5 1.211672415016487e-15 9.066407336547704e-13 41756
37 9.201619318351652e-16 7.099316576227904e-13 41528
37.5 6.803002050282782e-16 5.329723650374881e-13 39300
38 5.031212033752528e-16 4.039537084417288e-13 38276
38.5 3.724122978177109e-16 3.091184040171125e-13 36900
39 2.704877037075804e-16 2.232304770822827e-13 34724
39.5 1.998074304994953e-16 1.690516301331088e-13 33960
40 1.422040014011613e-16 1.211695884892521e-13 32144
40.5 1.004903330474552e-16 8.832492124634699e-14 30704
41 7.055565700198364e-17 6.213028312204322e-14 28896
41.5 4.857063916394186e-17 4.262404592086317e-14 26924
42 3.472844467028437e-17 3.09799039479563e-14 25656
42.5 2.315070593009466e-17 2.114411775304767e-14 23228
43 1.635085293684714e-17 1.498445331639529e-14 21816
43.5 1.050088636368583e-17 9.80866344247834e-15 19472
44 7.228744957128837e-18 6.893561359742145e-15 17696
44.5 4.82370555790883e-18 4.375006300679966e-15 15588
45 2.878593667434664e-18 2.780354387166497e-15 13760
45.5 1.636409912512543e-18 1.715919609295108e-15 11565
46 9.985468431015075e-19 1.015128954099113e-15 10016
46.5 6.21642051590058e-19 6.546150485660142e-16 8652
47 4.098959535143741e-19 4.404779154432709e-16 7652
47.5 2.595231623034151e-19 2.987773336808333e-16 6542
48 1.819023309972512e-19 1.980534092119931e-16 5478
48.5 1.275393294075676e-19 1.431383832439028e-16 4886
49 8.52724309703679e-20 9.960613681598665e-17 4068
49.5 5.975058842961837e-20 6.377982547915416e-17 3326
50 3.879714996869928e-20 4.444082054754913e-17 2696
50.5 2.539320021313363e-20 2.795624835619125e-17 2304
51 1.692591971234723e-20 1.8662970606229e-17 1934
51.5 8.713187768134798e-21 1.117732145164416e-17 1344
52 4.798710018566605e-21 5.948710904343646e-18 848
52.5 5.261920859668062e-21 5.856405261343321e-18 888
53 3.672556606817944e-21 4.540663085675092e-18 584
53.5 1.463318827671407e-21 3.655708430869635e-18 344
54 7.291363472758469e-22 7.861609077319793e-19 102
54.5 1.341548173006759e-21 3.573939392211458e-19 104
55 2.431052315360581e-22 3.782521360972053e-20 24
55.5 9.757439624420232e-24 1.257059896315395e-21 1

0.5 1.701125677675488e-06 6.872355645747907e-07 18
1 1.220463458966362e-06 3.676959695975413e-07 62
1.5 4.951050173295769e-07 3.386818225706277e-07 98
2 6.93315693812797e-07 2.877290561536648e-06 210
2.5 8.072345300659842e-07 7.729226377166433e-06 350
3 3.317968761531983e-07 3.489570924122549e-06 450
3.5 1.933674283398973e-07 2.419442488914623e-06 602
4 1.28274229220069e-07 2.345905691409156e-06 762
4.5 1.346247152015721e-07 3.191820154203653e-06 1142
5 1.011938048101871e-07 2.662351406309915e-06 1250
5.5 7.853219169066656e-08 2.535578845165897e-06 1458
6 7.855748003582658e-08 2.732297691839803e-06 1814
6.5 6.733713644810079e-08 2.884341066021788e-06 2178
7 5.459847223920838e-08 2.557643820211867e-06 2498
7.5 4.509090600472745e-08 2.396421971607616e-06 2622
8 4.361967364648057e-08 2.733119964669682e-06 3338
8.5 3.441446594194285e-08 2.462632903077301e-06 3722
9 2.883455443367068e-08 2.399171414222957e-06 4170
9.5 2.296342334493963e-08 1.979804962744006e-06 4358
10 1.903115209464194e-08 1.878102819465163e-06 5034
10.5 1.60124092534539e-08 1.696359196907428e-06 5714
11 1.190987671787245e-08 1.355690178068334e-06 5982
11.5 8.937317812714245e-09 1.122620354046607e-06 6602
12 6.852301297894669e-09 9.492115843807531e-07 7130
12.5 5.478524296966939e-09 7.712757670912917e-07 8034
13 3.722269378804934e-09 5.913805362034736e-07 8606
13.5 2.676253784064295e-09 4.470179197419204e-07 9066
14 1.96968689460582e-09 3.579629541644422e-07 9962
14.5 1.341345698369736e-09 2.523882322328153e-07 10550
15 9.219685957672197e-10 1.884294441921052e-07 11226
15.5 6.416262684859122e-10 1.383534302324339e-07 12146
16 4.19174792880859e-10 1.008089755240368e-07 12606
16.5 2.954968439821659e-10 7.026296388994825e-08 13802
17 1.982393052077682e-10 5.172699030906819e-08 14754
17.5 1.339634797795284e-10 3.472435969602043e-08 15194
18 9.289686204450651e-11 2.658043149499058e-08 16454
18.5 6.396732565921982e-11 1.86394601467202e-08 17154
19 4.548277297798192e-11 1.37920486570577e-08 18266
19.5 3.056863833932904e-11 9.931608838360936e-09 18750
20 2.269189971833743e-11 7.495049992028859e-09 20234
20.5 1.660790053933926e-11 5.736910704760571e-09 21450
21 1.167265891775234e-11 4.17725016307455e-09 21962
21.5 8.968737747212816e-12 3.297630982708022e-09 23462
22 6.546307250354688e-12 2.52207839054333e-09 24042
22.5 5.042176508692136e-12 2.035476221773287e-09 25946
23 3.791067951974419e-12 1.507078605729085e-09 26118
23.5 2.839955313272533e-12 1.200599816274429e-09 27506
24 2.178555043772797e-12 9.631538949640373e-10 29066
24.5 1.656590838663508e-12 7.490485217883767e-10 30450
25 1.251384590693177e-12 5.73705145767656e-10 31742
25.5 8.791911898633441e-13 4.345293138395237e-10 32250
26 6.905837176869963e-13 3.239836930446907e-10 34250
26.5 5.088389080985813e-13 2.4823940817703e-10 35454
27 3.517516111945353e-13 1.930122117483633e-10 36434
27.5 2.605108650836213e-13 1.433476986491349e-10 37682
28 1.942796038549612e-13 1.06728385125584e-10 39294
28.5 1.429533990113993e-13 7.93050994916298e-11 41426
29 1.042023401877589e-13 5.846123214810207e-11 42066
29.5 7.836299461754549e-14 4.365752530527454e-11 43490
30 5.997857656601938e-14 3.407229642823762e-11 45702
30.5 4.270174400905344e-14 2.557711157430649e-11 46634
31 3.268091516210294e-14 1.983162241008154e-11 48554
31.5 2.55635010346232e-14 1.500611695021638e-11 48870
32 2.030395477413958e-14 1.169771771398349e-11 50963
32.5 1.488770718213649e-14 9.032419968543754e-12 51576
33 1.015328255170781e-14 6.429243899941491e-12 49316
33.5 7.438704083600149e-15 4.642185592006772e-12 49344
34 5.150467069962841e-15 3.402845889004022e-12 47192
34.5 3.709604390863249e-15 2.684719143925762e-12 47576
35 2.748801733059341e-15 1.948852328904823e-12 45348
35.5 2.046587915415876e-15 1.456813221355966e-12 44060
36 1.539864471781791e-15 1.166110616037632e-12 43872
36.5 1.159212962877205e-15 8.545972806849549e-13 41756
37 8.743964028968814e-16 6.653214718169073e-13 41528
37.5 6.370792085052829e-16 5.050957631204365e-13 39300
38 4.666884070959903e-16 3.858371447703426e-13 38276
38.5 3.527678704010482e-16 2.880381950057167e-13 36900
39 2.518008232033487e-16 2.103918009197919e-13 34724
39.5 1.84985199900499e-16 1.598486857897051e-13 33960
40 1.341111546056856e-16 1.130104931561265e-13 32144
40.5 9.500316077072573e-17 8.241452691300736e-14 30704
41 6.615785629788119e-17 5.854425637482351e-14 28896
41.5 4.516134791590177e-17 4.045057957280675e-14 26924
42 3.242583874734176e-17 2.926289625424086e-14 25656
42.5 2.165989843518622e-17 1.987038940752518e-14 23228
43 1.521552749857641e-17 1.407499815743027e-14 21816
43.5 9.870951172378548e-18 9.223756231655197e-15 19472
44 6.966322043031826e-18 6.357994169522243e-15 17696
44.5 4.405316784482754e-18 4.282357465473671e-15 15588
45 2.677492868315964e-18 2.662927190945355e-15 13760
45.5 1.572753046257726e-18 1.580654610096032e-15 11565
46 9.235186275045512e-19 9.726993024325872e-16 10016
46.5 5.765210116883467e-19 6.209733628961177e-16 8652
47 3.803376838442965e-19 4.151820861808356e-16 7652
47.5 2.500790940991579e-19 2.710426073780068e-16 6542
48 1.690592115412429e-19 1.858601124851337e-16 5478
48.5 1.218133078769186e-19 1.318079956802168e-16 4886
49 8.274600499038846e-20 8.97562318705328e-17 4068
49.5 5.132936388526861e-20 6.466178738595499e-17 3326
50 3.791687331770691e-20 3.965352160125366e-17 2696
50.5 2.44543427206401e-20 2.551996423074989e-17 2304
51 1.506692436393097e-20 1.808806609284339e-17 1934
51.5 8.084237262178946e-21 9.919462438876486e-18 1344
52 4.762592784292183e-21 5.020647709557197e-18 848
52.5 4.708839745993614e-21 5.55513590667391e-18 888
53 3.253971184921025e-21 4.632099278537375e-18 584
53.5 2.819929713343294e-21 1.926963506850668e-18 344
54 7.843623130440352e-22 6.815551547918603e-19 102
54.5 4.018609642931334e-22 1.419626189021199e-18 104
55 4.4046336985512e-23 2.545594019947861e-19 24
55.5 1.298472339263225e-24 9.112384623693786e-21 1

0.5 6.432170206562298e-07 1.603945945844784e-06 18
1 1.083066757681542e-07 8.991720462835077e-07 62
1.5 1.006958883789745e-07 4.900278065814931e-07 98
2 5.204077219714501e-07 2.547801668402336e-06 210
2.5 1.043382173192054e-06 4.960303544976602e-06 350
3 3.287135788584699e-07 3.439723605325874e-06 450
3.5 2.187839766651516e-07 2.444043216939265e-06 602
4 1.388880291448099e-07 2.302736071100557e-06 762
4.5 1.437873101483141e-07 2.999691899259331e-06 1142
5 1.08375427555511e-07 2.819922339325041e-06 1250
5.5 8.449450129980335e-08 2.543965595634693e-06 1458
6 7.76349079716633e-08 2.905043681405686e-06 1814
6.5 6.724099480563813e-08 3.087072424074214e-06 2178
7 5.902595206728003e-08 2.833711439463364e-06 2498
7.5 4.746690622310762e-08 2.565661471942042e-06 2622
8 4.579099001118071e-08 2.924974254440574e-06 3338
8.5 3.856147064011743e-08 2.704922730765768e-06 3722
9 3.122812359795804e-08 2.626056352916249e-06 4170
9.5 2.490049494930431e-08 2.217447605475688e-06 4358
10 2.096808182663235e-08 2.047722760066015e-06 5034
10.5 1.752372601404748e-08 1.879520697987418e-06 5714
11 1.283139977966165e-08 1.542258707553969e-06 5982
11.5 9.757400277353068e-09 1.230214974161379e-06 6602
12 7.640351483904861e-09 1.046586250762128e-06 7130
12.5 6.008600387623875e-09 8.849499970894854e-07 8034
13 4.188954690846873e-09 6.527426253429028e-07 8606
13.5 2.994741778067603e-09 4.944302611322815e-07 9066
14 2.206813990027825e-09 3.961730099684912e-07 9962
14.5 1.515182612342332e-09 2.829734484185428e-07 10550
15 1.023162628012231e-09 2.122850234876346e-07 11226
15.5 7.230129184282304e-10 1.559974974862086e-07 12146
16 4.942512707927681e-10 1.094253255851609e-07 12606
16.5 3.337780823145963e-10 7.938265425436055e-08 13802
17 2.279610804088277e-10 5.763134290275931e-08 14754
17.5 1.508805588680112e-10 3.98488442731447e-08 15194
18 1.065423482398617e-10 2.984369499784959e-08 16454
18.5 7.233068350770463e-11 2.096536446828507e-08 17154
19 5.038248618753607e-11 1.552241391124521e-08 18266
19.5 3.466738192167744e-11 1.112445938946502e-08 18750
20 2.520543375387708e-11 8.400328413045333e-09 20234
20.5 1.844093804494469e-11 6.253211399323263e-09 21450
21 1.278076621163553e-11 4.528846452599439e-09 21962
21.5 9.571703599050773e-12 3.557555340719004e-09 23462
22 7.043960903843719e-12 2.6467790977043e-09 24042
22.5 5.382545815773656e-12 2.10216353193553e-09 25946
23 3.966780645691448e-12 1.58322185911919e-09 26118
23.5 2.873256547886497e-12 1.247615345841527e-09 27506
24 2.242456406935174e-12 9.722745129305471e-10 29066
24.5 1.673318123440802e-12 7.455651353475968e-10 30450
25 1.232510896970488e-12 5.909872337122181e-10 31742
25.5 9.022850280680965e-13 4.211821650567488e-10 32250
26 6.535338179038255e-13 3.351381415860048e-10 34250
26.5 4.927768783548696e-13 2.503637516518261e-10 35454
27 3.565079408434795e-13 1.854736851798654e-10 36434
27.5 2.632916105166464e-13 1.37369270699118e-10 37682
28 1.923318837422291e-13 1.045226000212079e-10 39294
28.5 1.405894222919764e-13 7.824556121071725e-11 41426
29 1.020149254691424e-13 5.718447257533936e-11 42066
29.5 7.542360829206679e-14 4.318168962036786e-11 43490
30 5.760322440215167e-14 3.325215301641575e-11 45702
30.5 4.224680442622093e-14 2.428564955436969e-11 46634
31 3.236967061318517e-14 1.886927868896547e-11 48554
31.5 2.454140526064125e-14 1.45636797549756e-11 48870
32 1.935230823052615e-14 1.144553556018202e-11 50963
32.5 1.441124009729872e-14 8.684839541722823e-12 51576
33 9.908130480479553e-15 6.107668177435334e-12 49316
33.5 6.962704342727531e-15 4.603426425469008e-12 49344
34 4.966015059396805e-15 3.246337457131744e-12 47192
34.5 3.687314703120863e-15 2.472203171118037e-12 47576
35 2.599939647010449e-15 1.875239402221006e-12 45348
35.5 1.941554068726918e-15 1.402257326237543e-12 44060
36 1.459855909446004e-15 1.113175558576669e-12 43872
36.5 1.085189173235711e-15 8.229892154776112e-13 41756
37 8.304583487980696e-16 6.336100765646229e-13 41528
37.5 6.066342481890039e-16 4.807474095060507e-13 39300
38 4.461618842090887e-16 3.630597505214296e-13 38276
38.5 3.307150327348636e-16 2.744807784360208e-13 36900
39 2.352729054118546e-16 2.004077607810113e-13 34724
39.5 1.7429151358512e-16 1.505754206471254e-13 33960
40 1.234808487346087e-16 1.082242703792685e-13 32144
40.5 9.053952752131401e-17 7.649521937340433e-14 30704
41 6.293452614646755e-17 5.457055047148983e-14 28896
41.5 4.274984803738734e-17 3.8008100433738e-14 26924
42 3.045268956831342e-17 2.764211529623949e-14 25656
42.5 2.042003397446211e-17 1.856726188930459e-14 23228
43 1.44222275371116e-17 1.299430910011547e-14 21816
43.5 9.347245466381713e-18 8.624617017575785e-15 19472
44 6.459183205237957e-18 6.044312642942835e-15 17696
44.5 4.184621855732111e-18 4.002275044749822e-15 15588
45 2.500527952600366e-18 2.531964563776615e-15 13760
45.5 1.492493420896788e-18 1.474080934461612e-15 11565
46 8.782568130697486e-19 9.1763008880533e-16 10016
46.5 5.401002170985352e-19 5.977401524758855e-16 8652
47 3.638453288581309e-19 3.826427081782305e-16 7652
47.5 2.303976334539948e-19 2.612637231072621e-16 6542
48 1.606807479644117e-19 1.762776829735186e-16 5478
48.5 1.15629059259128e-19 1.230908338684968e-16 4886
49 7.632287353996436e-20 8.625672656868581e-17 4068
49.5 5.001488943692517e-20 5.911701466652289e-17 3326
50 3.435906421014516e-20 3.813475240777115e-17 2696
50.5 2.086956081574283e-20 2.613084364101529e-17 2304
51 1.366110382200831e-20 1.783331575937005e-17 1934
51.5 7.506819942483325e-21 9.167216456304955e-18 1344
52 4.38463784278123e-21 4.750393878456488e-18 848
52.5 4.13276387715745e-21 5.229060366221481e-18 888
53 3.475291687937965e-21 3.626353466836969e-18 584
53.5 1.735914986700849e-21 2.876348664586047e-18 344
54 4.791821907044148e-22 1.011021448420224e-18 102
54.5 1.110769380703627e-21 6.013584628256161e-19 104
55 2.249097534871459e-22 7.690458069607239e-20 24
55.5 7.226119831324075e-24 2.745980506407882e-21 1

0.5 2.258515582508418e-06 1.330447967384982e-06 18
1 4.821085314203804e-07 2.37252223287973e-07 62
1.5 2.44903928662557e-07 4.375497750863747e-07 98
2 6.066743264660784e-07 2.553077981874751e-06 210
2.5 6.575234404103453e-07 6.242800193887605e-06 350
3 2.873236684051733e-07 3.126750623916154e-06 450
3.5 1.991328200333922e-07 2.722151497551099e-06 602
4 1.554102583197781e-07 2.360611060380252e-06 762
4.5 1.546710789408453e-07 3.18111708793214e-06 1142
5 1.145052488405801e-07 3.058223928344887e-06 1250
5.5 9.591500975247455e-08 2.938865192537374e-06 1458
6 8.827542214636466e-08 3.387603950262675e-06 1814
6.5 7.981639276824387e-08 3.433694772647133e-06 2178
7 6.524919106807525e-08 3.270520016649657e-06 2498
7.5 5.563673469876641e-08 2.946914250746069e-06 2622
8 5.386339987854564e-08 3.293443222635172e-06 3338
8.5 4.279466063222252e-08 3.189729413419998e-06 3722
9 3.7192306210656e-08 2.966812047369475e-06 4170
9.5 2.932144696266824e-08 2.58589379131518e-06 4358
10 2.393462727899085e-08 2.36615261605144e-06 5034
10.5 1.991275459753484e-08 2.259874181696448e-06 5714
11 1.544690542017953e-08 1.746984839532425e-06 5982
11.5 1.145444738291807e-08 1.426078380314732e-06 6602
12 9.179596597875263e-09 1.198737509057054e-06 7130
12.5 6.924532762669752e-09 1.059230467272251e-06 8034
13 5.049001790841601e-09 7.737260244795537e-07 8606
13.5 3.574773502482477e-09 6.046898309108604e-07 9066
14 2.638591468314947e-09 4.772711661426273e-07 9962
14.5 1.837302756057482e-09 3.534818801960797e-07 10550
15 1.244326735651525e-09 2.602868853087368e-07 11226
15.5 9.009266481039146e-10 1.89305007819635e-07 12146
16 6.066181360643032e-10 1.363980921543607e-07 12606
16.5 4.228709120300713e-10 1.004755271265121e-07 13802
17 2.901876270392396e-10 7.199782066747454e-08 14754
17.5 1.910525876192462e-10 5.162293811438161e-08 15194
18 1.356969486756513e-10 3.864759242373395e-08 16454
18.5 9.148516801132359e-11 2.721880127408463e-08 17154
19 6.435981604883651e-11 2.0233088130548e-08 18266
19.5 4.520611708889497e-11 1.451501746498988e-08 18750
20 3.195178187418887e-11 1.06086212096424e-08 20234
20.5 2.248055709130018e-11 7.943474279727952e-09 21450
21 1.545831805267638e-11 5.67894491723146e-09 21962
21.5 1.175438682195331e-11 4.271693619595588e-09 23462
22 8.301457719760034e-12 3.150075347853908e-09 24042
22.5 6.227113326321687e-12 2.494754962264569e-09 25946
23 4.420183952492054e-12 1.855995659575535e-09 26118
23.5 3.333368958351234e-12 1.383342883719283e-09 27506
24 2.503025291316427e-12 1.06527437396121e-09 29066
24.5 1.843067016169112e-12 8.158688415008364e-10 30450
25 1.353846762204462e-12 6.281220848008293e-10 31742
25.5 9.515139772014446e-13 4.588775208637908e-10 32250
26 7.093108105645184e-13 3.490902792774501e-10 34250
26.5 5.237598548260021e-13 2.613888989871757e-10 35454
27 3.758496092466155e-13 1.920234477643005e-10 36434
27.5 2.702709917385451e-13 1.45459722461991e-10 37682
28 1.984671136250983e-13 1.090636488743786e-10 39294
28.5 1.459388926211698e-13 7.992078917327947e-11 41426
29 1.0383793486304e-13 5.864078969166518e-11 42066
29.5 7.59983278207523e-14 4.443359723860261e-11 43490
30 5.898180686135791e-14 3.343091945116028e-11 45702
30.5 4.249854781964343e-14 2.493015675174215e-11 46634
31 3.283383127606352e-14 1.904907314742059e-11 48554
31.5 2.475001197515472e-14 1.46233478512391e-11 48870
32 1.963425460915913e-14 1.148376231478108e-11 50963
32.5 1.44644224362585e-14 8.714037529825767e-12 51576
33 9.712268830689094e-15 6.190030680739803e-12 49316
33.5 6.970094296528407e-15 4.556618631938785e-12 49344
34 4.870257275211368e-15 3.258634065547754e-12 47192
34.5 3.631987800888267e-15 2.455454131215808e-12 47576
35 2.597849391093045e-15 1.829396479991462e-12 45348
35.5 1.898938067545679e-15 1.392719487548307e-12 44060
36 1.448150667564147e-15 1.074556356919261e-12 43872
36.5 1.05796225473788e-15 7.992645501768743e-13 41756
37 8.034605220794161e-16 6.212886886485392e-13 41528
37.5 5.98064921214247e-16 4.585455466498933e-13 39300
38 4.309888466678271e-16 3.507017074212656e-13 38276
38.5 3.236987580975399e-16 2.593692574693622e-13 36900
39 2.292917903674982e-16 1.908358380612496e-13 34724
39.5 1.681505376807178e-16 1.439397616365181e-13 33960
40 1.193275765490335e-16 1.024893053046037e-13 32144
40.5 8.531907417553357e-17 7.4569513848579e-14 30704
41 5.93049799150451e-17 5.295869341853811e-14 28896
41.5 4.114240607256541e-17 3.647115997354708e-14 26924
42 2.907343156360592e-17 2.648432043515868e-14 25656
42.5 1.925377311485137e-17 1.790982211476429e-14 23228
43 1.373650834152408e-17 1.243185811209453e-14 21816
43.5 9.07187494437608e-18 8.183240397103235e-15 19472
44 6.150787889474377e-18 5.8343701897469e-15 17696
44.5 4.08335956739792e-18 3.788794580071177e-15 15588
45 2.404971150719133e-18 2.411596883480671e-15 13760
45.5 1.392715974158559e-18 1.43444836608665e-15 11565
46 8.122848767072378e-19 9.063242023324295e-16 10016
46.5 5.077529815552106e-19 5.772394345150036e-16 8652
47 3.426724496221685e-19 3.757202412214523e-16 7652
47.5 2.253275697008351e-19 2.4461158625338e-16 6542
48 1.487186524029429e-19 1.688960262057773e-16 5478
48.5 1.106756434879189e-19 1.155827787635118e-16 4886
49 7.234257375586097e-20 8.192362475670885e-17 4068
49.5 4.732879884058027e-20 5.580219088654844e-17 3326
50 3.197468531059068e-20 3.720157431022803e-17 2696
50.5 2.050149494008686e-20 2.39912478341244e-17 2304
51 1.404587689258398e-20 1.54410034468612e-17 1934
51.5 6.582696800159349e-21 9.118888969386498e-18 1344
52 3.606736854127165e-21 4.925699699850444e-18 848
52.5 3.893844032530046e-21 4.689912578095502e-18 888
53 2.908555081145031e-21 3.740304296460672e-18 584
53.5 1.92987265517377e-21 2.21883680957958e-18 344
54 8.068545087710162e-22 4.96519842004718e-19 102
54.5 5.600393702250884e-22 1.221319096756295e-18 104
55 7.517577934732739e-23 2.919871589687866e-19 24
55.5 3.184852718687003e-24 7.707085630353578e-21 1

0.5 9.971974025562826e-07 1.905173001531806e-06 18
1 1.831589961801443e-07 4.246371373203756e-07 62
1.5 9.238927537053492e-08 4.696708745845212e-07 98
2 3.868522355014936e-07 2.030429132028226e-06 210
2.5 7.142805240431182e-07 4.290745839866944e-06 350
3 2.966659264064579e-07 2.45908948179051e-06 450
3.5 1.855180940311988e-07 2.545806636100037e-06 602
4 1.414182104720457e-07 2.20691328635919e-06 762
4.5 1.635866120429494e-07 3.175044918257124e-06 1142
5 1.17013896696794e-07 2.978580785681575e-06 1250
5.5 9.634422945236532e-08 2.995629366289723e-06 1458
6 9.199020471467703e-08 3.285409452804563e-06 1814
6.5 8.394998612562732e-08 3.463974222915565e-06 2178
7 6.658664742348821e-08 3.401296266880807e-06 2498
7.5 5.558747764607278e-08 3.111110742886846e-06 2622
8 5.411845517722867e-08 3.470547922111245e-06 3338
8.5 4.444605558682771e-08 3.249315725938737e-06 3722
9 3.91091331943237e-08 3.149227495418086e-06 4170
9.5 3.122039591844029e-08 2.709299486649161e-06 4358
10 2.572147230939348e-08 2.442301498379075e-06 5034
10.5 2.27283812796605e-08 2.296066233473453e-06 5714
11 1.607510964405422e-08 1.871979002628347e-06 5982
11.5 1.206530573270833e-08 1.545899311806417e-06 6602
12 9.678982399016775e-09 1.317161560587248e-06 7130
12.5 7.680531901792594e-09 1.090133046509949e-06 8034
13 5.483268785880339e-09 8.410419277607076e-07 8606
13.5 3.899396274315419e-09 6.553592403574741e-07 9066
14 2.904318963568042e-09 5.219123523458473e-07 9962
14.5 2.032700780777875e-09 3.753034148051665e-07 10550
15 1.353118941917663e-09 2.895980925725111e-07 11226
15.5 9.793123995605187e-10 2.15830673878733e-07 12146
16 6.736179995856782e-10 1.534236004499885e-07 12606
16.5 4.630809749878435e-10 1.141551524147569e-07 13802
17 3.217588809381545e-10 8.026166199992645e-08 14754
17.5 2.124798430648844e-10 5.84887204074235e-08 15194
18 1.544265731033296e-10 4.349678828075744e-08 16454
18.5 1.049055353592806e-10 3.105146330099288e-08 17154
19 7.381619005177556e-11 2.254009787981738e-08 18266
19.5 5.122012880135025e-11 1.595680703583873e-08 18750
20 3.575083727053022e-11 1.194160900981719e-08 20234
20.5 2.539139069820524e-11 8.742609825151838e-09 21450
21 1.733691782566236e-11 6.17197881720677e-09 21962
21.5 1.277752202288985e-11 4.71159889640658e-09 23462
22 9.159118338769453e-12 3.451691639026958e-09 24042
22.5 6.921356801027768e-12 2.714851788250916e-09 25946
23 4.78421440214191e-12 2.011522761724188e-09 26118
23.5 3.575106892626879e-12 1.51331253671889e-09 27506
24 2.673385417848306e-12 1.151838437362389e-09 29066
24.5 1.956635822031601e-12 8.737972689856035e-10 30450
25 1.442382081201146e-12 6.609993195442735e-10 31742
25.5 1.016915962065593e-12 4.79072462438837e-10 32250
26 7.458157425565724e-13 3.67878396738539e-10 34250
26.5 5.361309450639129e-13 2.775865597132541e-10 35454
27 3.962255755335133e-13 2.013700250510044e-10 36434
27.5 2.864737291810845e-13 1.495545539100603e-10 37682
28 2.088482045209958e-13 1.129736215288264e-10 39294
28.5 1.535994540817151e-13 8.437851138013111e-11 41426
29 1.090489353479961e-13 6.157985419613922e-11 42066
29.5 8.045148260270551e-14 4.561349067664619e-11 43490
30 6.050085481071617e-14 3.493530341229959e-11 45702
30.5 4.418271814417126e-14 2.60355535102391e-11 46634
31 3.371848567903969e-14 1.975580374663881e-11 48554
31.5 2.564691226118126e-14 1.483583048310671e-11 48870
32 1.994193996495332e-14 1.179257584712218e-11 50963
32.5 1.452326640993922e-14 8.99688144339196e-12 51576
33 9.819698462453435e-15 6.28799380907822e-12 49316
33.5 7.00151329190222e-15 4.61511267641083e-12 49344
34 4.852284867763864e-15 3.299234681410749e-12 47192
34.5 3.593873954501244e-15 2.493960344054787e-12 47576
35 2.586071682231364e-15 1.825243523654359e-12 45348
35.5 1.90730389246028e-15 1.365310152351222e-12 44060
36 1.456135335867333e-15 1.049575466624731e-12 43872
36.5 1.036338734026768e-15 7.855831487660297e-13 41756
37 7.843113951255746e-16 6.089834853274659e-13 41528
37.5 5.716341102115343e-16 4.501309079578897e-13 39300
38 4.165379350075099e-16 3.390728747995361e-13 38276
38.5 3.131760816169443e-16 2.512827117790622e-13 36900
39 2.239227288384235e-16 1.820068149547923e-13 34724
39.5 1.63369668400175e-16 1.374231626957784e-13 33960
40 1.135372294005605e-16 9.940585132625372e-14 32144
40.5 8.154657219392775e-17 7.207416418108742e-14 30704
41 5.706950644390196e-17 5.049443231602555e-14 28896
41.5 3.979386624122476e-17 3.48617339116365e-14 26924
42 2.789761037517324e-17 2.563649285588226e-14 25656
42.5 1.850352267351668e-17 1.726562466214884e-14 23228
43 1.323396242993439e-17 1.192201603368443e-14 21816
43.5 8.664944754946495e-18 7.872001631004927e-15 19472
44 5.935309765250569e-18 5.53826156814001e-15 17696
44.5 3.886273287185003e-18 3.618555202648788e-15 15588
45 2.288212393097971e-18 2.316031074706994e-15 13760
45.5 1.370739230001623e-18 1.348238890395723e-15 11565
46 8.067523293671538e-19 8.550929672475769e-16 10016
46.5 5.043152818850018e-19 5.445136013664935e-16 8652
47 3.301886306969869e-19 3.593870394627086e-16 7652
47.5 2.128188283711332e-19 2.372204140470146e-16 6542
48 1.383436800251053e-19 1.660477939299304e-16 5478
48.5 1.036252978751656e-19 1.139882306489738e-16 4886
49 6.737621921498241e-20 7.917403717950551e-17 4068
49.5 4.50215764093234e-20 5.280494785175426e-17 3326
50 3.026044773920413e-20 3.548986546685716e-17 2696
50.5 1.98865762717533e-20 2.247583365947817e-17 2304
51 1.334171298220602e-20 1.473954165653242e-17 1934
51.5 6.892698679304164e-21 7.959069943885166e-18 1344
52 3.432546002597435e-21 4.709994258894328e-18 848
52.5 3.658965388734968e-21 4.520497486549622e-18 888
53 2.772350420108136e-21 3.330804929649792e-18 584
53.5 1.831308325743522e-21 2.030024052528206e-18 344
54 3.59840548721902e-22 9.217885429981311e-19 102
54.5 8.742528197692818e-22 7.606446531477345e-19 104
55 2.419933866960096e-22 8.555130125906746e-20 24
55.5 6.565613274563047e-24 3.834046717559928e-21 1

0.5 1.457520588531809e-06 1.300053782104104e-06 18
1 2.282882521486951e-07 3.840644631054999e-07 62
1.5 1.204918514451458e-07 4.091944714755195e-07 98
2 4.069939753860319e-07 1.80550853931499e-06 210
2.5 6.519777378118614e-07 3.713140133595202e-06 350
3 2.398550749288259e-07 2.279689769103614e-06 450
3.5 1.846451837357025e-07 2.395462696724244e-06 602
4 1.401740347431914e-07 2.325185187334826e-06 762
4.5 1.448425337295238e-07 3.650600548878186e-06 1142
5 1.283601892074195e-07 2.971261453866051e-06 1250
5.5 1.03823913603709e-07 2.884082014616065e-06 1458
6 9.281305942745547e-08 3.60215219799436e-06 1814
6.5 8.450701147852558e-08 3.596936626361592e-06 2178
7 7.368638493303429e-08 3.299904464974447e-06 2498
7.5 6.006054619036858e-08 3.288971293248451e-06 2622
8 5.71767002894924e-08 3.660436949790468e-06 3338
8.5 4.721668512683478e-08 3.342837093787884e-06 3722
9 4.140408636313895e-08 3.311183738972542e-06 4170
9.5 3.362228750052435e-08 2.834109294281178e-06 4358
10 2.7137882955717e-08 2.641298396699859e-06 5034
10.5 2.339889031034493e-08 2.571805462567328e-06 5714
11 1.768900334039687e-08 1.960754203234503e-06 5982
11.5 1.329744916023979e-08 1.679759555156358e-06 6602
12 1.043584821415135e-08 1.421918791713717e-06 7130
12.5 8.248242812157308e-09 1.22475698963104e-06 8034
13 5.956602192066843e-09 9.26988526462907e-07 8606
13.5 4.302750259705873e-09 7.308220581006118e-07 9066
14 3.324210655743189e-09 5.761510207283488e-07 9962
14.5 2.246968658296362e-09 4.312945960201261e-07 10550
15 1.581260753090924e-09 3.248806601269544e-07 11226
15.5 1.151501532019818e-09 2.438421364436328e-07 12146
16 8.003780342279343e-10 1.844424602183074e-07 12606
16.5 5.52562290691292e-10 1.362276901879236e-07 13802
17 3.846968451324467e-10 1.009132088459005e-07 14754
17.5 2.672081373589627e-10 7.038678223783986e-08 15194
18 1.947716464580168e-10 5.340190433286678e-08 16454
18.5 1.308734982890355e-10 3.820377467207366e-08 17154
19 9.260321477435292e-11 2.922856448196689e-08 18266
19.5 6.460835894799761e-11 2.075627102193981e-08 18750
20 4.564690609405894e-11 1.545079264806434e-08 20234
20.5 3.312564580800319e-11 1.134088183827601e-08 21450
21 2.232047334412259e-11 8.122735430992106e-09 21962
21.5 1.658527667824927e-11 6.157649052949643e-09 23462
22 1.179776939851043e-11 4.364807809708327e-09 24042
22.5 8.767781217728731e-12 3.478459585029085e-09 25946
23 6.061970231234636e-12 2.534929083270584e-09 26118
23.5 4.455262206202094e-12 1.865558331040549e-09 27506
24 3.244536430427811e-12 1.446288667112804e-09 29066
24.5 2.349478730331517e-12 1.066903506305238e-09 30450
25 1.707323081145475e-12 7.900189766123454e-10 31742
25.5 1.200208454835153e-12 5.759003255550387e-10 32250
26 8.735124097176535e-13 4.342741600343313e-10 34250
26.5 6.361040122993152e-13 3.208237036896972e-10 35454
27 4.578665336242306e-13 2.375183324671462e-10 36434
27.5 3.302107717574149e-13 1.738169473818615e-10 37682
28 2.402865662208598e-13 1.300655258173494e-10 39294
28.5 1.774781697496264e-13 9.620136998872273e-11 41426
29 1.246371274928796e-13 7.011206972633039e-11 42066
29.5 9.048804745356776e-14 5.165491578193826e-11 43490
30 6.832104059184375e-14 3.913702287017386e-11 45702
30.5 4.987613332369077e-14 2.845141022328524e-11 46634
31 3.701824718571249e-14 2.182260394688156e-11 48554
31.5 2.79321707317739e-14 1.637802643998108e-11 48870
32 2.172866767275437e-14 1.290658819072533e-11 50963
32.5 1.575323844413223e-14 9.661733188694394e-12 51576
33 1.073376282711636e-14 6.673034959961103e-12 49316
33.5 7.463981290489086e-15 4.931420265361726e-12 49344
34 5.169517156022049e-15 3.491191094328145e-12 47192
34.5 3.743443390587246e-15 2.627699095403897e-12 47576
35 2.677367515749363e-15 1.9085601354198e-12 45348
35.5 1.983990315195754e-15 1.390018299374581e-12 44060
36 1.488539867772706e-15 1.075982948942796e-12 43872
36.5 1.043726940520186e-15 8.03417571793049e-13 41756
37 8.076576377953023e-16 6.051584127324809e-13 41528
37.5 5.859126382837496e-16 4.4459360158103e-13 39300
38 4.198570421325353e-16 3.372388231439292e-13 38276
38.5 3.125057550233806e-16 2.500886903805826e-13 36900
39 2.199837287029303e-16 1.821973697401258e-13 34724
39.5 1.62546200217156e-16 1.350528425756105e-13 33960
40 1.128205122399299e-16 9.761578639991218e-14 32144
40.5 8.085882586866307e-17 7.001332564501708e-14 30704
41 5.615763622837331e-17 5.002423935514419e-14 28896
41.5 3.89799064848013e-17 3.468682690045647e-14 26924
42 2.783814148792886e-17 2.496701218221955e-14 25656
42.5 1.825184492393417e-17 1.694452334273411e-14 23228
43 1.277145015888243e-17 1.19893497011745e-14 21816
43.5 8.365324121721542e-18 7.868109434234976e-15 19472
44 5.817963047082994e-18 5.515911405714224e-15 17696
44.5 3.791974796946484e-18 3.637734027436492e-15 15588
45 2.246024541494473e-18 2.279482597656129e-15 13760
45.5 1.344642155059158e-18 1.35285730187825e-15 11565
46 8.032858177511834e-19 8.425373637578085e-16 10016
46.5 5.085930573461466e-19 5.292366974883795e-16 8652
47 3.238385949245142e-19 3.552804387429629e-16 7652
47.5 2.114877252783976e-19 2.371465434126824e-16 6542
48 1.409544389174116e-19 1.571466175493388e-16 5478
48.5 1.016287741998897e-19 1.130268038016503e-16 4886
49 6.792768497636822e-20 7.37107278241339e-17 4068
49.5 4.294535466137158e-20 5.230864828244068e-17 3326
50 2.85465178755147e-20 3.54860475933436e-17 2696
50.5 1.874280673224149e-20 2.281775663306059e-17 2304
51 1.209333871139532e-20 1.532808334398849e-17 1934
51.5 6.393428940212573e-21 7.871722882648199e-18 1344
52 3.641776335060472e-21 4.11937499413387e-18 848
52.5 3.397785865681767e-21 4.486795070110998e-18 888
53 2.644068154037016e-21 3.060040459610439e-18 584
53.5 1.555292899772585e-21 2.12724163308101e-18 344
54 6.834357873556536e-22 4.485355160657925e-19 102
54.5 6.912345141172753e-22 8.984565331121614e-19 104
55 6.578245965452108e-23 2.817135283405971e-19 24
55.5 3.222863670440345e-24 9.49329718109693e-21 1

0.5 1.680119892725842e-06 7.954796164770066e-07 18
1 2.36477380532758e-07 2.673626060685617e-07 62
1.5 7.622069180558149e-08 3.831795526495835e-07 98
2 2.518784579562778e-07 1.378236222190244e-06 210
2.5 4.112572682399937e-07 3.584860263017954e-06 350
3 2.000843083026503e-07 1.954139995172672e-06 450
3.5 1.697418174199346e-07 2.14956909674576e-06 602
4 1.23129994078533e-07 2.159370548506648e-06 762
4.5 1.505450164486596e-07 3.141788471692085e-06 1142
5 1.20421396031809e-07 2.927096830850768e-06 1250
5.5 1.009473327951594e-07 2.980703815104484e-06 1458
6 9.209314029414617e-08 3.526957281315448e-06 1814
6.5 8.662991810380529e-08 3.531870127788215e-06 2178
7 7.274761418230035e-08 3.537030139078007e-06 2498
7.5 6.026556606767564e-08 3.457967431161492e-06 2622
8 5.997416607828592e-08 3.7764744949831e-06 3338
8.5 4.749310917606306e-08 3.509183849706135e-06 3722
9 4.243231287790464e-08 3.402914435180019e-06 4170
9.5 3.377325477493231e-08 2.98595278453345e-06 4358
10 2.819196112594117e-08 2.801837382963549e-06 5034
10.5 2.457848843528524e-08 2.64981247381389e-06 5714
11 1.803242637183711e-08 2.102586745495449e-06 5982
11.5 1.419533809148042e-08 1.757163707767285e-06 6602
12 1.077813496947101e-08 1.534499052575737e-06 7130
12.5 8.656306598665382e-09 1.316922356389212e-06 8034
13 6.290598640580321e-09 1.027477331619904e-06 8606
13.5 4.703634547368584e-09 7.838201902537761e-07 9066
14 3.52015625607553e-09 6.357091876399271e-07 9962
14.5 2.49668161404017e-09 4.613609767022795e-07 10550
15 1.758736016916383e-09 3.528527262756788e-07 11226
15.5 1.268727706226809e-09 2.722725974440317e-07 12146
16 9.093234793141251e-10 2.030209401892036e-07 12606
16.5 6.278960996361541e-10 1.539443233303499e-07 13802
17 4.440637798119836e-10 1.111011904428803e-07 14754
17.5 3.011780710732754e-10 7.973410012878724e-08 15194
18 2.20079511607631e-10 6.181564689825798e-08 16454
18.5 1.499744210109812e-10 4.338384286905162e-08 17154
19 1.069751451326876e-10 3.281563471251802e-08 18266
19.5 7.291249328506643e-11 2.335711461277772e-08 18750
20 5.291121397606314e-11 1.713494448340281e-08 20234
20.5 3.706075651029716e-11 1.301165245815047e-08 21450
21 2.547161557555322e-11 9.180361978904704e-09 21962
21.5 1.879182953382322e-11 6.859958089525344e-09 23462
22 1.297137032334204e-11 5.055955800684459e-09 24042
22.5 9.641601060899905e-12 3.942151395747703e-09 25946
23 6.804346023056621e-12 2.794416646438661e-09 26118
23.5 4.912252332436252e-12 2.065085813143209e-09 27506
24 3.604344750059441e-12 1.593991663938751e-09 29066
24.5 2.572942326152267e-12 1.180999693908296e-09 30450
25 1.870939080665555e-12 8.681126841873347e-10 31742
25.5 1.306400334609035e-12 6.372273384705914e-10 32250
26 9.581116273205162e-13 4.826140655031962e-10 34250
26.5 7.049882427752731e-13 3.500066584670841e-10 35454
27 5.058707901145757e-13 2.582252908603435e-10 36434
27.5 3.630694846084425e-13 1.929919478221235e-10 37682
28 2.648902195121953e-13 1.415687908402971e-10 39294
28.5 1.942947068681593e-13 1.06742324718755e-10 41426
29 1.354212375014063e-13 7.708615931118481e-11 42066
29.5 9.888085296884285e-14 5.693545245544703e-11 43490
30 7.54782013116161e-14 4.299025638015966e-11 45702
30.5 5.409088272880008e-14 3.154207791897955e-11 46634
31 4.054749704163674e-14 2.390656584423363e-11 48554
31.5 3.050808428233007e-14 1.782651814571254e-11 48870
32 2.361090300503825e-14 1.394632381053311e-11 50963
32.5 1.701971135146749e-14 1.045418455560375e-11 51576
33 1.147062153018748e-14 7.21156561041316e-12 49316
33.5 8.122860704320838e-15 5.196566908785062e-12 49344
34 5.48627151443684e-15 3.708075938856355e-12 47192
34.5 3.978858411255899e-15 2.778745240646696e-12 47576
35 2.784604741111312e-15 1.999768882907867e-12 45348
35.5 2.03374976180756e-15 1.47212734930967e-12 44060
36 1.492605956429957e-15 1.14515899819495e-12 43872
36.5 1.07174878917029e-15 8.261039041470878e-13 41756
37 8.157750663698273e-16 6.163121502209613e-13 41528
37.5 5.791437816028109e-16 4.575409640777472e-13 39300
38 4.180623756016851e-16 3.404082836979536e-13 38276
38.5 3.053907615688229e-16 2.553598129175554e-13 36900
39 2.211937312600207e-16 1.798485860428548e-13 34724
39.5 1.618657082986948e-16 1.341614440534085e-13 33960
40 1.120458529805056e-16 9.645853935578209e-14 32144
40.5 8.006230088732801e-17 6.907869804397647e-14 30704
41 5.593975662539011e-17 4.886760800123301e-14 28896
41.5 3.838023974766075e-17 3.421086348903787e-14 26924
42 2.690090504707845e-17 2.488372175724432e-14 25656
42.5 1.799082804589163e-17 1.648187654210802e-14 23228
43 1.270985145583199e-17 1.156755428375872e-14 21816
43.5 8.208442273722018e-18 7.76336748668708e-15 19472
44 5.720530080251065e-18 5.399719504427061e-15 17696
44.5 3.796481198571223e-18 3.530183935027105e-15 15588
45 2.231109190015811e-18 2.234758881999165e-15 13760
45.5 1.285001573352431e-18 1.366644951900748e-15 11565
46 7.849109505968142e-19 8.372155162040406e-16 10016
46.5 4.783891178686989e-19 5.402812200843369e-16 8652
47 3.124347383048677e-19 3.524202942463324e-16 7652
47.5 2.075731362303939e-19 2.296656798069624e-16 6542
48 1.384294975412071e-19 1.523780787826199e-16 5478
48.5 9.843232218715562e-20 1.09723380388793e-16 4886
49 6.430377751809701e-20 7.33328921620746e-17 4068
49.5 4.432682432999429e-20 4.683526092904887e-17 3326
50 2.807440025256257e-20 3.354461097877696e-17 2696
50.5 1.769548460765971e-20 2.273713014328781e-17 2304
51 1.256602177846536e-20 1.386302184225437e-17 1934
51.5 6.153190893368889e-21 7.437555308993213e-18 1344
52 3.579019971007403e-21 3.875267840314421e-18 848
52.5 3.190990113824255e-21 4.47120883951502e-18 888
53 2.260603790641932e-21 3.193723292919858e-18 584
53.5 1.685639696143994e-21 1.76061633418299e-18 344
54 3.915266375631959e-22 7.323116032294394e-19 102
54.5 6.198963059232796e-22 8.857503632978697e-19 104
55 2.27028055934551e-22 6.806620428717067e-20 24
55.5 7.102074481901392e-24 5.300532155209009e-21 1

0.5 2.788251100978372e-07 1.289664886018046e-06 18
1 6.907039047612905e-08 2.554531848498902e-07 62
1.5 8.646846946738928e-08 2.637562741545945e-07 98
2 2.37699334501573e-07 1.373032637096588e-06 210
2.5 3.963148099945071e-07 2.773061364139455e-06 350
3 2.002009615925257e-07 1.750302818083309e-06 450
3.5 1.527702877348151e-07 2.061922770772489e-06 602
4 1.221177120784554e-07 2.194837384507015e-06 762
4.5 1.40436522932172e-07 3.208996628593537e-06 1142
5 1.19766624084306e-07 2.906999789132341e-06 1250
5.5 9.410529968990249e-08 2.96253072393869e-06 1458
6 9.26953326770421e-08 3.433851470027392e-06 1814
6.5 8.340612520850244e-08 3.609861048467289e-06 2178
7 7.27584399653403e-08 3.428555216895597e-06 2498
7.5 6.217706144241237e-08 3.323226262375472e-06 2622
8 5.90207797465081e-08 3.745531468586744e-06 3338
8.5 4.827025908066171e-08 3.529417219488785e-06 3722
9 4.450612932223678e-08 3.327213891050687e-06 4170
9.5 3.41709062003345e-08 2.96959702861941e-06 4358
10 2.899910404081202e-08 2.720451796828321e-06 5034
10.5 2.565612344902389e-08 2.667025213051297e-06 5714
11 1.859405529476286e-08 2.155677603491758e-06 5982
11.5 1.451977047609496e-08 1.806206434433484e-06 6602
12 1.14189330607926e-08 1.516987094484575e-06 7130
12.5 9.013393234071942e-09 1.321758059935334e-06 8034
13 6.685100864227645e-09 1.058678121814574e-06 8606
13.5 4.818265215378355e-09 8.20269495469268e-07 9066
14 3.66373673802696e-09 6.571587846132496e-07 9962
14.5 2.634158007430958e-09 4.932892092620503e-07 10550
15 1.863597058007162e-09 3.778187094583498e-07 11226
15.5 1.342227715770568e-09 2.844925595142279e-07 12146
16 9.648500499885852e-10 2.177220773264e-07 12606
16.5 6.907940344329075e-10 1.650628603067825e-07 13802
17 4.832790308426748e-10 1.232989650759852e-07 14754
17.5 3.354843989697641e-10 8.944458287888024e-08 15194
18 2.502663867598659e-10 6.798889091839034e-08 16454
18.5 1.71158417989828e-10 4.833467866617226e-08 17154
19 1.188165118476869e-10 3.660974837104151e-08 18266
19.5 8.353546811765896e-11 2.629676285059426e-08 18750
20 6.008508110542511e-11 1.983611043041058e-08 20234
20.5 4.269984424381629e-11 1.487488139146387e-08 21450
21 2.947612417095179e-11 1.058075870834755e-08 21962
21.5 2.154001842748371e-11 8.039622874119676e-09 23462
22 1.551314938252712e-11 5.840907920559519e-09 24042
22.5 1.12256478286698e-11 4.513745151151156e-09 25946
23 7.819580701939779e-12 3.275134762644005e-09 26118
23.5 5.66340674952569e-12 2.417811862064694e-09 27506
24 4.241586085629802e-12 1.829913759634698e-09 29066
24.5 2.998243729186379e-12 1.359475362787675e-09 30450
25 2.146522871558955e-12 1.010050068575127e-09 31742
25.5 1.517473284158505e-12 7.206334653774036e-10 32250
26 1.1323029358114e-12 5.412647188247467e-10 34250
26.5 8.007536484345452e-13 4.037973896761139e-10 35454
27 5.69900028535324e-13 2.950397268201428e-10 36434
27.5 4.206501577657831e-13 2.160830882374314e-10 37682
28 3.009990181495301e-13 1.602366648611548e-10 39294
28.5 2.175659844138293e-13 1.201793161432069e-10 41426
29 1.567193272400988e-13 8.554625563164019e-11 42066
29.5 1.112293652196609e-13 6.431154219441233e-11 43490
30 8.496943412233352e-14 4.831436756380861e-11 45702
30.5 6.088788985283229e-14 3.5566982351887e-11 46634
31 4.551736500150126e-14 2.672633943778213e-11 48554
31.5 3.400727481486359e-14 1.991024338235702e-11 48870
32 2.650626832539562e-14 1.532637088692734e-11 50963
32.5 1.916337802675704e-14 1.153081242999122e-11 51576
33 1.259969491363564e-14 7.878041020590184e-12 49316
33.5 8.807395803554593e-15 5.760775970771348e-12 49344
34 6.027513485474986e-15 4.001154554262144e-12 47192
34.5 4.395647176851447e-15 2.945722538222733e-12 47576
35 3.047010191769784e-15 2.126768615061051e-12 45348
35.5 2.176528283485908e-15 1.58967503072009e-12 44060
36 1.606631145901265e-15 1.203080270752229e-12 43872
36.5 1.137336180954058e-15 8.599910565215734e-13 41756
37 8.469469379850006e-16 6.479336378742429e-13 41528
37.5 5.967726791657694e-16 4.776581783228461e-13 39300
38 4.43438749853692e-16 3.46537363740888e-13 38276
38.5 3.197296708844421e-16 2.587967857109562e-13 36900
39 2.20728123740366e-16 1.861988351036659e-13 34724
39.5 1.628587590891642e-16 1.372847018130901e-13 33960
40 1.137787376585014e-16 9.642494899845982e-14 32144
40.5 7.935182392369174e-17 7.056513613068633e-14 30704
41 5.598657519318814e-17 4.94330923588325e-14 28896
41.5 3.8357259760262e-17 3.485930035233273e-14 26924
42 2.757680533812279e-17 2.460929354441849e-14 25656
42.5 1.820988934208877e-17 1.661475412632832e-14 23228
43 1.277288044736501e-17 1.167407240028741e-14 21816
43.5 8.348055235572734e-18 7.779963595818997e-15 19472
44 5.815091828914985e-18 5.358970585528844e-15 17696
44.5 3.764048913923255e-18 3.574345766083314e-15 15588
45 2.265213189008813e-18 2.210073358617885e-15 13760
45.5 1.317821686889772e-18 1.354402322504371e-15 11565
46 7.907576724167417e-19 8.346819401893266e-16 10016
46.5 4.871576664004303e-19 5.357129015615477e-16 8652
47 3.278148145682447e-19 3.387666996091595e-16 7652
47.5 2.076672973714057e-19 2.2526238998639e-16 6542
48 1.389075533130492e-19 1.510913918998619e-16 5478
48.5 9.707427805664808e-20 1.077045436604829e-16 4886
49 6.268321199936997e-20 7.184610905170251e-17 4068
49.5 4.114387766692897e-20 4.819377135370754e-17 3326
50 2.885631589357372e-20 3.191309937170511e-17 2696
50.5 1.731487474256145e-20 2.213553422169516e-17 2304
51 1.157480026217266e-20 1.390787040826626e-17 1934
51.5 5.794572889860843e-21 7.472868099215554e-18 1344
52 3.545151570741397e-21 3.713912592187415e-18 848
52.5 3.101874755582671e-21 4.347989767517445e-18 888
53 2.359966934140017e-21 2.807450218549996e-18 584
53.5 1.349979996555852e-21 1.961271866314365e-18 344
54 5.175440741377392e-22 5.331698654006081e-19 102
54.5 7.559127213153584e-22 6.265422087184659e-19 104
55 5.364215639968826e-23 2.765682203747498e-19 24
55.5 3.51759009613636e-24 1.081687032609224e-20 1

0.5 2.119693081517653e-06 1.727816903073417e-07 18
1 2.716597484900459e-07 1.760627657066909e-07 62
1.5 1.038780962251814e-07 2.443680631015173e-07 98
2 1.742720905002723e-07 1.246530505234175e-06 210
2.5 2.63340575398634e-07 2.393628910336267e-06 350
3 1.46040889725436e-07 1.558184215580051e-06 450
3.5 1.334402522864697e-07 1.885651769976338e-06 602
4 1.226982357597257e-07 1.933242625625179e-06 762
4.5 1.37887489479041e-07 2.896518747928951e-06 1142
5 1.121912546525884e-07 2.88724067747883e-06 1250
5.5 9.245389394042767e-08 2.942718482088851e-06 1458
6 9.340491921855256e-08 3.372635889989671e-06 1814
6.5 8.313092994005514e-08 3.571038875476299e-06 2178
7 7.474690910216067e-08 3.400749438164919e-06 2498
7.5 6.235475599177422e-08 3.347508095878569e-06 2622
8 6.058216417626936e-08 3.794801660935716e-06 3338
8.5 5.070858921857218e-08 3.486933191549529e-06 3722
9 4.539042815564016e-08 3.388659360946804e-06 4170
9.5 3.522834370108999e-08 3.070489217594467e-06 4358
10 2.919611395237657e-08 2.870227702112852e-06 5034
10.5 2.651537782334516e-08 2.725071236624891e-06 5714
11 1.920280339906457e-08 2.21548364638897e-06 5982
11.5 1.488765629026333e-08 1.94438953263806e-06 6602
12 1.212380707584736e-08 1.589849456447965e-06 7130
12.5 9.588698092098429e-09 1.373996451620284e-06 8034
13 7.076025721862705e-09 1.136065208750502e-06 8606
13.5 5.26690596279047e-09 8.710133633645791e-07 9066
14 4.019585599972441e-09 6.95826455022757e-07 9962
14.5 2.924124456133898e-09 5.405079908950713e-07 10550
15 2.089488617993419e-09 4.233810234951787e-07 11226
15.5 1.493709906692791e-09 3.234995411392157e-07 12146
16 1.086309903499467e-09 2.457962338448552e-07 12606
16.5 7.948012069269082e-10 1.899808529451523e-07 13802
17 5.570644513769644e-10 1.440142694799114e-07 14754
17.5 3.957784586022295e-10 1.049241811891422e-07 15194
18 2.968361994479902e-10 8.084883083197306e-08 16454
18.5 2.015437308147677e-10 5.85973010494231e-08 17154
19 1.427362787964492e-10 4.3602292573754e-08 18266
19.5 9.978905242966064e-11 3.180394638790199e-08 18750
20 7.285465463795087e-11 2.420800729182144e-08 20234
20.5 5.156898915953953e-11 1.807383474713368e-08 21450
21 3.614322682513053e-11 1.290479786683814e-08 21962
21.5 2.608768570356138e-11 9.968448362384735e-09 23462
22 1.866463738766811e-11 7.203964430868719e-09 24042
22.5 1.370908493369921e-11 5.361962015857342e-09 25946
23 9.404878214988532e-12 4.007428465385355e-09 26118
23.5 6.778797451104262e-12 2.935187923883081e-09 27506
24 4.99248235964422e-12 2.220790696426774e-09 29066
24.5 3.544116640788441e-12 1.649558447154029e-09 30450
25 2.566688801438803e-12 1.199943341133757e-09 31742
25.5 1.810260605982286e-12 8.477753184821679e-10 32250
26 1.294062155785142e-12 6.561534976491294e-10 34250
26.5 9.350605390424093e-13 4.756815199408904e-10 35454
27 6.715145689328134e-13 3.437911888639267e-10 36434
27.5 4.82068096651462e-13 2.573982536825818e-10 37682
28 3.473651699688043e-13 1.914686455308488e-10 39294
28.5 2.535741579007836e-13 1.410938787566282e-10 41426
29 1.804270684007134e-13 1.006612283993099e-10 42066
29.5 1.302714541262119e-13 7.366540068586524e-11 43490
30 9.770898807832578e-14 5.636425323753495e-11 45702
30.5 7.080999539583638e-14 4.098897654961926e-11 46634
31 5.321858894813464e-14 3.090463390083817e-11 48554
31.5 3.866509723161075e-14 2.318497581617175e-11 48870
32 3.020304136894776e-14 1.788760548383316e-11 50963
32.5 2.201026087774272e-14 1.329934936877466e-11 51576
33 1.44639432993417e-14 8.983716084619682e-12 49316
33.5 1.008680728319353e-14 6.586948235891818e-12 49344
34 6.822946823811311e-15 4.554212630456475e-12 47192
34.5 4.870801521366803e-15 3.387828929645761e-12 47576
35 3.352734879222468e-15 2.41798414046674e-12 45348
35.5 2.405369384095606e-15 1.753941299622675e-12 44060
36 1.778440864091004e-15 1.318881619145132e-12 43872
36.5 1.242233022114348e-15 9.390560726147469e-13 41756
37 9.073960235241261e-16 7.148606542820271e-13 41528
37.5 6.490985052374262e-16 5.105366186314255e-13 39300
38 4.712322587220251e-16 3.763970256084695e-13 38276
38.5 3.350032010473797e-16 2.778885991572039e-13 36900
39 2.368599452988984e-16 1.939926503260506e-13 34724
39.5 1.705588498148584e-16 1.444041357237902e-13 33960
40 1.16475606229868e-16 1.023090508294657e-13 32144
40.5 8.298522502851089e-17 7.29744027033921e-14 30704
41 5.848968538202355e-17 5.128834767865446e-14 28896
41.5 3.978475318018479e-17 3.595090599052159e-14 26924
42 2.807635639098622e-17 2.56618602042109e-14 25656
42.5 1.856512689581991e-17 1.737459349398924e-14 23228
43 1.311832547727273e-17 1.203159837021802e-14 21816
43.5 8.422494602498126e-18 8.084072818139464e-15 19472
44 5.972417523822296e-18 5.496081722460387e-15 17696
44.5 3.786098215512532e-18 3.682854304035778e-15 15588
45 2.289758272142576e-18 2.301218174019452e-15 13760
45.5 1.354674667757586e-18 1.387608502966435e-15 11565
46 8.167354351315776e-19 8.553462900174159e-16 10016
46.5 5.110265113495989e-19 5.403348279538737e-16 8652
47 3.237449503609896e-19 3.510228482132556e-16 7652
47.5 2.09134532032253e-19 2.286339470608213e-16 6542
48 1.371956693037027e-19 1.582071266006151e-16 5478
48.5 9.687824216527965e-20 1.083024240630348e-16 4886
49 6.504011203664935e-20 6.873561599953798e-17 4068
49.5 4.068337962351461e-20 4.702681690505392e-17 3326
50 2.848413608331753e-20 3.079497373315896e-17 2696
50.5 1.794956360781088e-20 2.134723694531479e-17 2304
51 1.171364254324929e-20 1.332852124984599e-17 1934
51.5 6.114210014395351e-21 6.884270556110229e-18 1344
52 3.32049824671177e-21 3.802637173229966e-18 848
52.5 3.14917534498913e-21 4.188253722506626e-18 888
53 2.448377819286099e-21 2.541753129461994e-18 584
53.5 1.577059650614191e-21 1.500289455491419e-18 344
54 4.912178317167093e-22 5.388360196994811e-19 102
54.5 4.587289974922999e-22 8.514238251150875e-19 104
55 2.168981800485081e-22 4.887595727524012e-20 24
55.5 7.111704147778009e-24 2.677701614958427e-21 1

0.5 1.194667940583301e-07 1.117967059204115e-06 18
1 6.371022594525488e-08 1.66404552694633e-07 62
1.5 5.545871104595377e-08 1.849679136744643e-07 98
2 1.605294249727788e-07 8.141981381304696e-07 210
2.5 2.739092095603649e-07 1.964413198865749e-06 350
3 1.503901749282628e-07 1.363032355181551e-06 450
3.5 1.249619005584452e-07 1.78068689879936e-06 602
4 1.085294254475494e-07 1.977459725615145e-06 762
4.5 1.350956987385055e-07 2.898301878713304e-06 1142
5 1.029634641235119e-07 2.908968586846978e-06 1250
5.5 9.282170841307962e-08 2.8076435116391e-06 1458
6 9.357788156434778e-08 3.368666917114121e-06 1814
6.5 8.331722805007512e-08 3.492584372556365e-06 2178
7 7.472997531911875e-08 3.50883422573399e-06 2498
7.5 5.853929490649532e-08 3.400095375859551e-06 2622
8 5.991147266445401e-08 3.75187519386235e-06 3338
8.5 4.999903954540594e-08 3.44635491224032e-06 3722
9 4.372239800991737e-08 3.429866699943208e-06 4170
9.5 3.563403001987721e-08 2.961424391396581e-06 4358
10 2.90148555529737e-08 2.850812511032082e-06 5034
10.5 2.614507962989795e-08 2.739634103447831e-06 5714
11 1.940008932837575e-08 2.217766729811634e-06 5982
11.5 1.539912561544539e-08 1.892920477432014e-06 6602
12 1.186027120786485e-08 1.648003034874538e-06 7130
12.5 9.61320077771439e-09 1.38518478494647e-06 8034
13 7.255540679710862e-09 1.138894635170732e-06 8606
13.5 5.361751422341677e-09 8.902262611782551e-07 9066
14 4.035569517372651e-09 7.327392770549622e-07 9962
14.5 2.998248054223442e-09 5.619234216148299e-07 10550
15 2.1813714469894e-09 4.321582185270681e-07 11226
15.5 1.531839964044342e-09 3.442817274984512e-07 12146
16 1.150411389959863e-09 2.553121340471008e-07 12606
16.5 8.226921557392463e-10 2.013410869922756e-07 13802
17 5.953171735063148e-10 1.51723462854946e-07 14754
17.5 4.309964843583845e-10 1.119381551676201e-07 15194
18 3.160848817657681e-10 8.750486424086665e-08 16454
18.5 2.178467485663966e-10 6.206308106906875e-08 17154
19 1.575850667686913e-10 4.742168148701838e-08 18266
19.5 1.071023296115909e-10 3.468737885361165e-08 18750
20 7.985022460957888e-11 2.664349169089359e-08 20234
20.5 5.790397701065614e-11 1.969117677707883e-08 21450
21 4.03468984497247e-11 1.419801273317553e-08 21962
21.5 2.900861543293657e-11 1.106398414828076e-08 23462
22 2.062629257399329e-11 8.037174382783151e-09 24042
22.5 1.530505058115933e-11 6.020223692358484e-09 25946
23 1.067440772910345e-11 4.422085112916756e-09 26118
23.5 7.695734509740533e-12 3.267828479867234e-09 27506
24 5.638917654625324e-12 2.44024595628592e-09 29066
24.5 4.01471887266086e-12 1.814143075919311e-09 30450
25 2.847005954605516e-12 1.338445729943986e-09 31742
25.5 2.0024883602027e-12 9.610696795355233e-10 32250
26 1.463600161102421e-12 7.269433000744865e-10 34250
26.5 1.061504011063768e-12 5.236166649318394e-10 35454
27 7.494350070419186e-13 3.872868957108506e-10 36434
27.5 5.441395663651261e-13 2.862320315163562e-10 37682
28 3.953840563097372e-13 2.108949470567899e-10 39294
28.5 2.87088492588001e-13 1.562291077116617e-10 41426
29 2.024019421966558e-13 1.11867167967625e-10 42066
29.5 1.476247773623122e-13 8.287426158888771e-11 43490
30 1.111630491660021e-13 6.316082024019415e-11 45702
30.5 8.045799886762047e-14 4.597718287869781e-11 46634
31 5.987480668277228e-14 3.522838417797634e-11 48554
31.5 4.411697873602989e-14 2.593943560952391e-11 48870
32 3.390517214283958e-14 2.029212102442627e-11 50963
32.5 2.485216566166501e-14 1.513189309480829e-11 51576
33 1.626289096029649e-14 1.023923798644999e-11 49316
33.5 1.143484394706227e-14 7.396702373781746e-12 49344
34 7.791396366729498e-15 5.152907956772056e-12 47192
34.5 5.557596307578333e-15 3.778704117172097e-12 47576
35 3.871140409140261e-15 2.659531433753916e-12 45348
35.5 2.738559971395945e-15 1.940412521387823e-12 44060
36 1.982208058859425e-15 1.483005943229638e-12 43872
36.5 1.379459311024103e-15 1.042091348855603e-12 41756
37 1.006885289657466e-15 7.820897765404274e-13 41528
37.5 7.135314675879315e-16 5.599887210023311e-13 39300
38 5.063632024571222e-16 4.142100821059173e-13 38276
38.5 3.68911042446047e-16 2.995382458302193e-13 36900
39 2.549949780169109e-16 2.090554371581343e-13 34724
39.5 1.834173472639923e-16 1.55511746225619e-13 33960
40 1.263753428460929e-16 1.067886762010041e-13 32144
40.5 8.936362595511189e-17 7.690484612523839e-14 30704
41 6.193726527662708e-17 5.423504375625574e-14 28896
41.5 4.18972598557054e-17 3.797558811358527e-14 26924
42 2.996666882671362e-17 2.668634057153418e-14 25656
42.5 1.989771702792191e-17 1.796046199904893e-14 23228
43 1.404768312497498e-17 1.268368695649457e-14 21816
43.5 9.005492632891049e-18 8.474629144738279e-15 19472
44 6.150668348859655e-18 5.901548968639483e-15 17696
44.5 4.038417654239478e-18 3.773831523656528e-15 15588
45 2.415456137471635e-18 2.37930453696672e-15 13760
45.5 1.421553703234717e-18 1.468525716135853e-15 11565
46 8.631467726789097e-19 9.128740478903917e-16 10016
46.5 5.343286555710315e-19 5.708573695821257e-16 8652
47 3.353940554231707e-19 3.742080894773815e-16 7652
47.5 2.17278609281844e-19 2.369770596096372e-16 6542
48 1.45839743673767e-19 1.587508630964499e-16 5478
48.5 9.980002180782088e-20 1.128427196226999e-16 4886
49 6.530409580164606e-20 7.16144562000723e-17 4068
49.5 4.211425250047718e-20 4.808160266192621e-17 3326
50 2.689924997022063e-20 3.347293422244417e-17 2696
50.5 1.747946344067526e-20 2.250440766959198e-17 2304
51 1.222235408625707e-20 1.294562891764264e-17 1934
51.5 5.907735574270878e-21 7.331939565367512e-18 1344
52 3.155141459402139e-21 4.086377400034498e-18 848
52.5 3.367101518204916e-21 3.894695077968823e-18 888
53 2.318646514692667e-21 2.586699511135592e-18 584
53.5 1.278418006691598e-21 1.648151270553299e-18 344
54 3.847781330967699e-22 5.809387405841334e-19 102
54.5 6.488301249600355e-22 4.960280486433654e-19 104
55 4.224719554589099e-23 2.522358204365284e-19 24
55.5 3.381398038371806e-24 7.663201498195695e-21 1

0.5 1.433581477364194e-06 5.578464442534134e-07 18
1 2.079662264440957e-07 1.818166066065543e-07 62
1.5 8.756338331696894e-08 1.888373774278578e-07 98
2 1.796813655072243e-07 6.590951598297862e-07 210
2.5 2.178153420531948e-07 1.86643657300909e-06 350
3 1.269107772865494e-07 1.358238939207585e-06 450
3.5 1.153179407978998e-07 1.539850801156102e-06 602
4 1.064715144428789e-07 1.795682770397553e-06 762
4.5 1.303825646831198e-07 2.72938193728227e-06 1142
5 1.061062113800201e-07 2.820989164333694e-06 1250
5.5 9.164126015642603e-08 2.753274539652657e-06 1458
6 8.976221693838881e-08 3.293227338824844e-06 1814
6.5 8.069622366419683e-08 3.627528418258219e-06 2178
7 7.361922192541837e-08 3.620481062863503e-06 2498
7.5 6.031116252194375e-08 3.350208508363559e-06 2622
8 6.00770914066222e-08 3.704363862255999e-06 3338
8.5 4.899126335407829e-08 3.604530000573063e-06 3722
9 4.490568682950097e-08 3.392658074795584e-06 4170
9.5 3.399118683991719e-08 3.188629356863786e-06 4358
10 2.966264046878745e-08 2.926357283435349e-06 5034
10.5 2.643294583765186e-08 2.781142795975814e-06 5714
11 1.983175294980969e-08 2.259395362751843e-06 5982
11.5 1.601478397800645e-08 1.962640574724397e-06 6602
12 1.267468315013251e-08 1.65325949665717e-06 7130
12.5 9.972664241532714e-09 1.44525096902545e-06 8034
13 7.621313580839797e-09 1.201796322953112e-06 8606
13.5 5.605968884896901e-09 9.621089190359863e-07 9066
14 4.314951349552522e-09 7.948197166089281e-07 9962
14.5 3.265684347777072e-09 6.269898467666562e-07 10550
15 2.377658900260896e-09 4.827146969566574e-07 11226
15.5 1.744985476070949e-09 3.85450719871663e-07 12146
16 1.284528649047651e-09 2.898520643659718e-07 12606
16.5 9.622017123179708e-10 2.261094482692211e-07 13802
17 6.935839271123883e-10 1.78885041363612e-07 14754
17.5 5.01649975747099e-10 1.357474952599226e-07 15194
18 3.716284172122558e-10 1.030642982785391e-07 16454
18.5 2.645708406409608e-10 7.65895316781079e-08 17154
19 1.899858626157739e-10 5.846742682060433e-08 18266
19.5 1.322228957203435e-10 4.298751916176088e-08 18750
20 9.856984179441099e-11 3.308452959470501e-08 20234
20.5 7.07635745244625e-11 2.528059608904926e-08 21450
21 4.935484810014536e-11 1.830903484338765e-08 21962
21.5 3.713741920718107e-11 1.389899548432178e-08 23462
22 2.621796277964717e-11 1.004198518220581e-08 24042
22.5 1.906862591569382e-11 7.769084980175501e-09 25946
23 1.335046599822207e-11 5.548261763300957e-09 26118
23.5 9.563796396157067e-12 4.124325963123773e-09 27506
24 7.023078594765615e-12 3.04178109705602e-09 29066
24.5 4.983167742094795e-12 2.261843878690588e-09 30450
25 3.593976991646047e-12 1.671076112283871e-09 31742
25.5 2.490943945160225e-12 1.206590143667872e-09 32250
26 1.815770670578049e-12 9.067103459677792e-10 34250
26.5 1.295307503261384e-12 6.494710402070815e-10 35454
27 9.374043173788202e-13 4.711567994037711e-10 36434
27.5 6.608250862477016e-13 3.513835819159043e-10 37682
28 4.848133787788523e-13 2.591904240349846e-10 39294
28.5 3.562821502624744e-13 1.903704279596259e-10 41426
29 2.497138367272517e-13 1.387210185915492e-10 42066
29.5 1.825556327463455e-13 1.02108625560225e-10 43490
30 1.368411630313759e-13 7.751970294125578e-11 45702
30.5 9.848503193190871e-14 5.708728870976237e-11 46634
31 7.374420721053788e-14 4.31018622067061e-11 48554
31.5 5.418275248569539e-14 3.201021582185643e-11 48870
32 4.199390266216358e-14 2.472969256311341e-11 50963
32.5 3.053329203797967e-14 1.856227436075933e-11 51576
33 2.003847374551216e-14 1.264432294426098e-11 49316
33.5 1.401559132474846e-14 9.132261039074569e-12 49344
34 9.433648898744895e-15 6.434801267006899e-12 47192
34.5 6.771142786157005e-15 4.658040514132862e-12 47576
35 4.624296029396976e-15 3.269115797309868e-12 45348
35.5 3.267844430495606e-15 2.395151066257854e-12 44060
36 2.38211422419746e-15 1.769969976846233e-12 43872
36.5 1.627433176581379e-15 1.256834598899337e-12 41756
37 1.190371377154282e-15 9.273579857156731e-13 41528
37.5 8.3347234531478e-16 6.572083784486032e-13 39300
38 5.99873674282533e-16 4.727110824798451e-13 38276
38.5 4.219066792497426e-16 3.425491342942795e-13 36900
39 2.866651855086274e-16 2.415095571582655e-13 34724
39.5 2.104813682295117e-16 1.782388681854721e-13 33960
40 1.41982235554546e-16 1.227490628691484e-13 32144
40.5 9.95600692979704e-17 8.751292488941841e-14 30704
41 6.887857424407566e-17 6.048308960270593e-14 28896
41.5 4.694136460548908e-17 4.225672508095251e-14 26924
42 3.349222657287133e-17 2.976879918224743e-14 25656
42.5 2.183057226443994e-17 2.003912701435099e-14 23228
43 1.567507318062457e-17 1.397147303768225e-14 21816
43.5 1.012806791231042e-17 9.383640327776429e-15 19472
44 6.748834769179773e-18 6.416220562291989e-15 17696
44.5 4.394210827198093e-18 4.214337672181522e-15 15588
45 2.70154285141459e-18 2.66601520676793e-15 13760
45.5 1.571419297048834e-18 1.588968700310149e-15 11565
46 9.650590054563041e-19 1.005678113792202e-15 10016
46.5 5.766176972852875e-19 6.396712399839987e-16 8652
47 3.793792571590145e-19 4.062734334171843e-16 7652
47.5 2.410409861210035e-19 2.569094738258791e-16 6542
48 1.593057827764965e-19 1.777129296825611e-16 5478
48.5 1.068469218115654e-19 1.239151670524289e-16 4886
49 7.016882563749279e-20 7.653383041205472e-17 4068
49.5 4.519873252145589e-20 5.141098286238172e-17 3326
50 2.980235459262914e-20 3.400514321871684e-17 2696
50.5 1.93098625755943e-20 2.204333002129187e-17 2304
51 1.171557884227246e-20 1.462278512925378e-17 1934
51.5 6.801300640158992e-21 7.120845285211586e-18 1344
52 3.672541051626646e-21 4.028352931061343e-18 848
52.5 3.49952175500517e-21 3.999443294525084e-18 888
53 2.273217609749377e-21 2.675345214216e-18 584
53.5 1.224857414834543e-21 1.702398328379016e-18 344
54 4.837167114028831e-22 4.482154510469183e-19 102
54.5 3.905862707935539e-22 7.389845839548244e-19 104
55 1.941910810509971e-22 5.717558775759067e-20 24
55.5 3.866695262885874e-24 2.755017671055424e-21 1

0.5 1.050639770689144e-06 8.279788366665955e-07 18
1 9.753187793340722e-08 1.760072347267582e-07 62
1.5 4.622340332370863e-08 1.814198132892658e-07 98
2 1.218977417893986e-07 5.57468031851101e-07 210
2.5 1.765916757349542e-07 1.480688781060618e-06 350
3 1.101362437345163e-07 1.062618646404108e-06 450
3.5 1.102047775892725e-07 1.340696296239315e-06 602
4 9.854735769407218e-08 1.675364722759965e-06 762
4.5 1.198311446777436e-07 2.609412597356827e-06 1142
5 1.001201379414019e-07 2.688473337980455e-06 1250
5.5 8.764496329439441e-08 2.745009273468188e-06 1458
6 8.76142477845081e-08 3.248511519367117e-06 1814
6.5 8.219938384914744e-08 3.348806220021231e-06 2178
7 7.124460782088576e-08 3.640278275555182e-06 2498
7.5 5.778576552297506e-08 3.38456366332314e-06 2622
8 6.085001657350315e-08 3.636702079443922e-06 3338
8.5 4.979985914293443e-08 3.486490121096872e-06 3722
9 4.265449746245266e-08 3.495052076825935e-06 4170
9.5 3.46296751257727e-08 3.091259054986378e-06 4358
10 3.067390759494357e-08 2.807605901246297e-06 5034
10.5 2.609221717354718e-08 2.811165280316874e-06 5714
11 1.948667850051401e-08 2.292531555812766e-06 5982
11.5 1.591234347457127e-08 1.99564834294997e-06 6602
12 1.272292104343563e-08 1.682547895229383e-06 7130
12.5 1.009869735957978e-08 1.450187768675026e-06 8034
13 7.693533580925067e-09 1.222304257318163e-06 8606
13.5 5.838303975935777e-09 9.563206691781634e-07 9066
14 4.392656640154993e-09 7.956495245012317e-07 9962
14.5 3.354269771615176e-09 6.327780165598895e-07 10550
15 2.432349674399391e-09 5.032002312952156e-07 11226
15.5 1.798932599737781e-09 3.974790146898246e-07 12146
16 1.329597498248021e-09 2.965593841535258e-07 12606
16.5 9.958883408200665e-10 2.412596033965548e-07 13802
17 7.229428910323562e-10 1.87211969962203e-07 14754
17.5 5.20722377451286e-10 1.410361244568271e-07 15194
18 3.893302336619025e-10 1.089998329119139e-07 16454
18.5 2.774392907604935e-10 8.062943240997213e-08 17154
19 2.0213228301716e-10 6.171171563150031e-08 18266
19.5 1.401126679236412e-10 4.612859615166261e-08 18750
20 1.053400160963333e-10 3.478056676382465e-08 20234
20.5 7.680608558781414e-11 2.666805754209845e-08 21450
21 5.303032627542356e-11 1.909282109146371e-08 21962
21.5 3.974393753530851e-11 1.498933938405864e-08 23462
22 2.787186115787429e-11 1.093496559260926e-08 24042
22.5 2.103123533806452e-11 8.358675690159097e-09 25946
23 1.459513952609235e-11 6.027762455189422e-09 26118
23.5 1.045028856791684e-11 4.530308465885201e-09 27506
24 7.627168094298309e-12 3.412284922869866e-09 29066
24.5 5.454941226010101e-12 2.521631464428028e-09 30450
25 3.963759147879212e-12 1.862763881115923e-09 31742
25.5 2.819773828880671e-12 1.346019076661965e-09 32250
26 2.046277101450624e-12 1.010121854382882e-09 34250
26.5 1.461258285516992e-12 7.454277728613399e-10 35454
27 1.047955165283488e-12 5.471395250648931e-10 36434
27.5 7.550709343402272e-13 4.029746963612086e-10 37682
28 5.508221131328496e-13 2.978657313735364e-10 39294
28.5 4.032818714785379e-13 2.234442481346196e-10 41426
29 2.86542009087506e-13 1.615736903030512e-10 42066
29.5 2.099721229841174e-13 1.195673803201038e-10 43490
30 1.595532009986601e-13 9.030088861499279e-11 45702
30.5 1.15045817080804e-13 6.741191660052039e-11 46634
31 8.58841494517073e-14 5.038568410428004e-11 48554
31.5 6.342834546050749e-14 3.770975226322557e-11 48870
32 4.884124219791855e-14 2.932663663666321e-11 50963
32.5 3.566470509948082e-14 2.172640089640722e-11 51576
33 2.366623199380961e-14 1.482271575472948e-11 49316
33.5 1.647167916423726e-14 1.078788863903373e-11 49344
34 1.121753673852348e-14 7.594270728402209e-12 47192
34.5 7.986967892441956e-15 5.527006448362625e-12 47576
35 5.457345124694956e-15 3.828982036656355e-12 45348
35.5 3.857467943619315e-15 2.78519176233449e-12 44060
36 2.795466791064396e-15 2.098342941641523e-12 43872
36.5 1.917094324378327e-15 1.448674898326643e-12 41756
37 1.36644515957882e-15 1.077039940144782e-12 41528
37.5 9.508577287416772e-16 7.563277240918952e-13 39300
38 6.874918422456638e-16 5.445357987434925e-13 38276
38.5 4.799984933463161e-16 3.868568939807984e-13 36900
39 3.262606609344396e-16 2.721455486094132e-13 34724
39.5 2.398795143620816e-16 1.997158275877106e-13 33960
40 1.640758861333428e-16 1.387132909966731e-13 32144
40.5 1.14239037040908e-16 9.70600164970498e-14 30704
41 7.788895068014546e-17 6.812479613627039e-14 28896
41.5 5.239491395568302e-17 4.730334279568089e-14 26924
42 3.733145404380788e-17 3.385916754669048e-14 25656
42.5 2.425477264531508e-17 2.242242033864869e-14 23228
43 1.703210899985434e-17 1.586102035385647e-14 21816
43.5 1.137603075810778e-17 1.04121904136391e-14 19472
44 7.473418328410315e-18 7.138737161581892e-15 17696
44.5 4.83374865481051e-18 4.735599762642398e-15 15588
45 3.054722428056524e-18 2.951853238242868e-15 13760
45.5 1.789852949000703e-18 1.788197096433601e-15 11565
46 1.10233380462325e-18 1.099735227471957e-15 10016
46.5 6.44387345681294e-19 7.192884852810696e-16 8652
47 4.304779411422848e-19 4.443202051159084e-16 7652
47.5 2.66947117996855e-19 2.973662616003114e-16 6542
48 1.767039584102677e-19 1.924794532447794e-16 5478
48.5 1.242430705805055e-19 1.28910958682071e-16 4886
49 7.420938376520884e-20 8.473692038507123e-17 4068
49.5 4.680522577624423e-20 5.695063740093449e-17 3326
50 3.105288307382592e-20 3.673476876420837e-17 2696
50.5 1.969617272911227e-20 2.43382069080208e-17 2304
51 1.258491213878573e-20 1.549008859428101e-17 1934
51.5 6.852660170437128e-21 7.872899824977761e-18 1344
52 4.18104142275807e-21 4.145120716713399e-18 848
52.5 3.571562770178296e-21 4.230003287130427e-18 888
53 2.222771265625957e-21 2.802732959542167e-18 584
53.5 1.493616412826493e-21 1.391516252309545e-18 344
54 3.365185407802212e-22 6.11129834936897e-19 102
54.5 5.945366159573079e-22 4.699303109682949e-19 104
55 6.24149822845835e-23 1.90702264047694e-19 24
55.5 1.328847181336684e-24 7.645773524008345e-21 1

0.5 2.940519627236607e-07 1.040239856625078e-06 18
1 5.533129507988214e-08 1.135330413462464e-07 62
1.5 4.400394058601433e-08 1.610415235582876e-07 98
2 1.021788225013713e-07 5.911282588473552e-07 210
2.5 1.675164839783599e-07 1.243351668766409e-06 350
3 1.166721729279604e-07 9.277579649089578e-07 450
3.5 1.005799842353469e-07 1.215553705731021e-06 602
4 9.341254136196254e-08 1.65649206886517e-06 762
4.5 1.145434651983177e-07 2.533890218266601e-06 1142
5 9.980170425962288e-08 2.357281714426954e-06 1250
5.5 8.459734183677508e-08 2.687995534212995e-06 1458
6 8.220360603360239e-08 3.140126156064394e-06 1814
6.5 7.783645244697129e-08 3.311724632238598e-06 2178
7 7.135522987933259e-08 3.467315893788947e-06 2498
7.5 5.80316131591828e-08 3.258821861806198e-06 2622
8 5.699521271892996e-08 3.71237612260511e-06 3338
8.5 4.770041128938552e-08 3.476768643960733e-06 3722
9 4.223781225905967e-08 3.443854159465494e-06 4170
9.5 3.448813676603393e-08 3.050830769446454e-06 4358
10 2.965979062366938e-08 2.87236160440851e-06 5034
10.5 2.516274473553351e-08 2.850195747107373e-06 5714
11 1.982550196672376e-08 2.232761276244303e-06 5982
11.5 1.573533826099708e-08 1.988765183888141e-06 6602
12 1.260291459739237e-08 1.705845967276179e-06 7130
12.5 1.032005610867986e-08 1.425452955660592e-06 8034
13 7.860773041525713e-09 1.249564236411157e-06 8606
13.5 5.831128964725774e-09 9.909700904836391e-07 9066
14 4.543986409458875e-09 8.123782848485169e-07 9962
14.5 3.412769763401696e-09 6.474031877481416e-07 10550
15 2.524241920087455e-09 5.186034936285228e-07 11226
15.5 1.923872796448945e-09 4.092438032413975e-07 12146
16 1.373023579619006e-09 3.181697038195094e-07 12606
16.5 1.058760751329379e-09 2.516841486408437e-07 13802
17 7.875029530412355e-10 1.948287915888178e-07 14754
17.5 5.722033597764786e-10 1.479465963365916e-07 15194
18 4.176392143487096e-10 1.190798554002778e-07 16454
18.5 3.014070816137238e-10 8.606495572883704e-08 17154
19 2.200480539412408e-10 6.859124804503597e-08 18266
19.5 1.573488708372121e-10 4.919509415067361e-08 18750
20 1.173834513696479e-10 3.886687543561694e-08 20234
20.5 8.422893892649331e-11 2.96249165372354e-08 21450
21 5.941860883394903e-11 2.163205782570462e-08 21962
21.5 4.532141371685856e-11 1.663897484192406e-08 23462
22 3.167403288750638e-11 1.215324127435171e-08 24042
22.5 2.399482566040408e-11 9.414358773656821e-09 25946
23 1.664866498598525e-11 6.796841961018983e-09 26118
23.5 1.209632494923533e-11 5.085027429042335e-09 27506
24 8.793849655407581e-12 3.830788227276224e-09 29066
24.5 6.325688181248535e-12 2.872154149157162e-09 30450
25 4.544663888482329e-12 2.142199361109319e-09 31742
25.5 3.212781258368938e-12 1.56187503127557e-09 32250
26 2.385985452255639e-12 1.163041272560924e-09 34250
26.5 1.704031905230728e-12 8.595265580949569e-10 35454
27 1.235052104399377e-12 6.206727871390062e-10 36434
27.5 8.775279020721987e-13 4.620703731744855e-10 37682
28 6.469927305102703e-13 3.407946567372782e-10 39294
28.5 4.787885095912397e-13 2.550958794369545e-10 41426
29 3.415207041111018e-13 1.856161039909051e-10 42066
29.5 2.488459556711701e-13 1.383733617833159e-10 43490
30 1.868579468011311e-13 1.066472218793118e-10 45702
30.5 1.364217789857883e-13 7.816847004886859e-11 46634
31 1.018120568367835e-13 5.869199092362145e-11 48554
31.5 7.472166242786128e-14 4.482888108557925e-11 48870
32 5.82815008767958e-14 3.426315665497029e-11 50963
32.5 4.297855756250818e-14 2.539995511924824e-11 51576
33 2.823591765083611e-14 1.770012668616731e-11 49316
33.5 1.976221726313235e-14 1.267622182479289e-11 49344
34 1.342984789749631e-14 8.991095780422065e-12 47192
34.5 9.617553386825257e-15 6.5397759469894e-12 47576
35 6.472154249629887e-15 4.610680906607694e-12 45348
35.5 4.519137989400923e-15 3.290168614891381e-12 44060
36 3.276435898640355e-15 2.47824750911555e-12 43872
36.5 2.264460185228065e-15 1.7027976982477e-12 41756
37 1.633657134121121e-15 1.239883273254524e-12 41528
37.5 1.119714044387129e-15 8.788279882527052e-13 39300
38 8.006314957156989e-16 6.371771711405346e-13 38276
38.5 5.547593992104309e-16 4.516486703260648e-13 36900
39 3.766542787923888e-16 3.15900228798258e-13 34724
39.5 2.729000317824539e-16 2.314148839046706e-13 33960
40 1.876661465177055e-16 1.589287949374764e-13 32144
40.5 1.302649359695089e-16 1.13487007439952e-13 30704
41 8.937338271210641e-17 7.80594983650137e-14 28896
41.5 6.015848767370662e-17 5.399827672379355e-14 26924
42 4.224174250814356e-17 3.863100664907422e-14 25656
42.5 2.795356782462835e-17 2.523250110078563e-14 23228
43 1.971063798183859e-17 1.796854612011747e-14 21816
43.5 1.251953787529019e-17 1.197047946477105e-14 19472
44 8.629697819162032e-18 8.040990336571937e-15 17696
44.5 5.601974540470083e-18 5.38207006066993e-15 15588
45 3.430006413078784e-18 3.43606055436409e-15 13760
45.5 1.960973775281039e-18 2.103352665189683e-15 11565
46 1.20115242034236e-18 1.284664676716647e-15 10016
46.5 7.579557558808477e-19 8.150545425162016e-16 8652
47 4.739446714494965e-19 5.286880763524088e-16 7652
47.5 3.153435798739238e-19 3.244888447144647e-16 6542
48 2.016370162958884e-19 2.152393702166018e-16 5478
48.5 1.30816470011196e-19 1.51186351302539e-16 4886
49 7.966810895268734e-20 9.487834112703774e-17 4068
49.5 5.431614490116261e-20 5.99803418300187e-17 3326
50 3.270977812624237e-20 4.107678851060639e-17 2696
50.5 2.234300071411428e-20 2.570976231387672e-17 2304
51 1.429218312776228e-20 1.635044619953752e-17 1934
51.5 7.101007793154608e-21 8.371837282361713e-18 1344
52 4.21068890357622e-21 4.860185701057104e-18 848
52.5 3.825386350401034e-21 4.685411768597923e-18 888
53 2.312632472975175e-21 2.972962727311734e-18 584
53.5 1.240801825032623e-21 1.740492743250039e-18 344
54 5.522764879577898e-22 4.137572095826468e-19 102
54.5 4.142746217794896e-22 6.848266221361219e-19 104
55 1.588908288955804e-22 8.370216783803095e-20 24
55.5 8.146238899921452e-24 2.803654394166773e-22 1

0.5 1.687362507887989e-06 7.886730938908657e-08 18
1 1.387105602140498e-07 1.040628300716923e-07 62
1.5 8.500663607143183e-08 1.541987505598343e-07 98
2 8.490030878878153e-08 5.360144136222218e-07 210
2.5 1.412696566494565e-07 9.983132739729148e-07 350
3 9.403264292249571e-08 9.552818997267912e-07 450
3.5 9.313261163046167e-08 1.087650506742124e-06 602
4 8.974783798061509e-08 1.531498853776075e-06 762
4.5 1.087671300100124e-07 2.312196495566905e-06 1142
5 9.158276083026741e-08 2.430559572518006e-06 1250
5.5 8.426532296687875e-08 2.641838408355711e-06 1458
6 8.195119821876424e-08 2.934094856356672e-06 1814
6.5 7.585232781580806e-08 3.24639529122886e-06 2178
7 6.833519190089745e-08 3.524969783991258e-06 2498
7.5 5.634589186324529e-08 3.201651992832877e-06 2622
8 5.870154220476459e-08 3.608595002147602e-06 3338
8.5 4.866381466232197e-08 3.358299610583625e-06 3722
9 4.232845011683973e-08 3.403441370598887e-06 4170
9.5 3.425018516772284e-08 3.007948851235266e-06 4358
10 2.985199023129e-08 2.832253628471348e-06 5034
10.5 2.573484865260235e-08 2.74575360420011e-06 5714
11 1.983661239431052e-08 2.267945252691155e-06 5982
11.5 1.597199103287523e-08 2.038649467804045e-06 6602
12 1.290595437657727e-08 1.71727972968341e-06 7130
12.5 1.034211283401357e-08 1.501821009083463e-06 8034
13 8.202394122955373e-09 1.281047929214007e-06 8606
13.5 6.153323543192275e-09 1.020944037446595e-06 9066
14 4.855042185830224e-09 8.380142269795459e-07 9962
14.5 3.499686597958366e-09 6.930461193207773e-07 10550
15 2.706124345809517e-09 5.443557345485526e-07 11226
15.5 2.065294709794712e-09 4.390267239311561e-07 12146
16 1.512857363660611e-09 3.385080512644048e-07 12606
16.5 1.137005817653725e-09 2.721426929264243e-07 13802
17 8.571140482679899e-10 2.134337180338841e-07 14754
17.5 6.152956665305561e-10 1.653321229599753e-07 15194
18 4.659254924884712e-10 1.305966565890017e-07 16454
18.5 3.25357658572853e-10 9.723752259190918e-08 17154
19 2.497035562328597e-10 7.465324479126735e-08 18266
19.5 1.761114277287299e-10 5.505469356654538e-08 18750
20 1.313641924955246e-10 4.305284059579453e-08 20234
20.5 9.668174935885869e-11 3.269027914012315e-08 21450
21 6.807368308549176e-11 2.403614053294601e-08 21962
21.5 5.035213090574345e-11 1.87442113590508e-08 23462
22 3.55936953858683e-11 1.387230824382503e-08 24042
22.5 2.698272266940503e-11 1.080598482132526e-08 25946
23 1.871387323778993e-11 7.687879082718277e-09 26118
23.5 1.362594118703564e-11 5.76299916472664e-09 27506
24 9.974357231758209e-12 4.366400066133664e-09 29066
24.5 7.19491828339595e-12 3.312937262283996e-09 30450
25 5.151241894371837e-12 2.420961187852792e-09 31742
25.5 3.685930566201777e-12 1.766596869881507e-09 32250
26 2.731506868360186e-12 1.310036135658275e-09 34250
26.5 1.951986201449059e-12 9.773823613819282e-10 35454
27 1.41665513204877e-12 7.182697692707698e-10 36434
27.5 1.000868220872306e-12 5.330919559115431e-10 37682
28 7.44305901419966e-13 3.91274848793892e-10 39294
28.5 5.513996390190619e-13 2.98841532349386e-10 41426
29 3.938840124660852e-13 2.195607749373788e-10 42066
29.5 2.895786864022778e-13 1.647255522807807e-10 43490
30 2.174690610465955e-13 1.258462973396636e-10 45702
30.5 1.609003428256514e-13 9.31843696042972e-11 46634
31 1.194403585362186e-13 7.017637560597205e-11 48554
31.5 8.870781770330638e-14 5.243842890344117e-11 48870
32 6.889619979657254e-14 4.112982086709355e-11 50963
32.5 4.985465853826137e-14 3.070239266530632e-11 51576
33 3.342301103841907e-14 2.103361987538686e-11 49316
33.5 2.359340118255778e-14 1.534441363489246e-11 49344
34 1.609086959561812e-14 1.080714753222347e-11 47192
34.5 1.147175565044002e-14 7.812589667948489e-12 47576
35 7.761217904167326e-15 5.552804367591429e-12 45348
35.5 5.443972921202513e-15 3.958503348315461e-12 44060
36 3.923433133935384e-15 2.943760442763769e-12 43872
36.5 2.664384700834745e-15 2.045685960744771e-12 41756
37 1.924364504169011e-15 1.495622479386274e-12 41528
37.5 1.321420655590194e-15 1.045135544379271e-12 39300
38 9.334299209978926e-16 7.625812697994354e-13 38276
38.5 6.503038749488529e-16 5.32326756699804e-13 36900
39 4.466976693072002e-16 3.720556960037843e-13 34724
39.5 3.212651441413511e-16 2.729885374167471e-13 33960
40 2.201777533630172e-16 1.851341496762949e-13 32144
40.5 1.520202820250959e-16 1.322488350545968e-13 30704
41 1.048287729639042e-16 9.25014467045409e-14 28896
41.5 6.990316622726768e-17 6.365148182136371e-14 26924
42 4.927605227328425e-17 4.502352293773708e-14 25656
42.5 3.19979968234177e-17 2.95303310723543e-14 23228
43 2.269912565239165e-17 2.118932059206408e-14 21816
43.5 1.463281803919755e-17 1.373961439520385e-14 19472
44 9.808417536224845e-18 9.430188629209037e-15 17696
44.5 6.52740034733093e-18 6.176487237202716e-15 15588
45 3.993371633729517e-18 3.97304880631213e-15 13760
45.5 2.359839279883327e-18 2.413101407745083e-15 11565
46 1.41272147671518e-18 1.518725018478564e-15 10016
46.5 8.966483713585123e-19 9.509564170592713e-16 8652
47 5.614509581491811e-19 6.114179752063242e-16 7652
47.5 3.655332106740596e-19 3.812070012674115e-16 6542
48 2.331889382570889e-19 2.562845968677111e-16 5478
48.5 1.493649656255117e-19 1.675615450448403e-16 4886
49 9.540971461959237e-20 1.029891264314539e-16 4068
49.5 6.182890504119129e-20 6.763530195853892e-17 3326
50 3.847948766365316e-20 4.406181481916975e-17 2696
50.5 2.454669007947747e-20 2.859442738205183e-17 2304
51 1.591721315983092e-20 1.830146958029741e-17 1934
51.5 7.874082041026498e-21 9.599947562003526e-18 1344
52 4.577113849290384e-21 5.527973639062164e-18 848
52.5 4.221935118874252e-21 4.899380032297839e-18 888
53 2.761385843733682e-21 2.951251321221808e-18 584
53.5 1.442460624847455e-21 1.770905159894056e-18 344
54 3.424024447663091e-22 5.911968698562278e-19 102
54.5 5.22387137150069e-22 5.916870347820169e-19 104
55 6.206551075012775e-23 1.561902947159218e-19 24
55.5 5.286756745709359e-26 6.498553041788085e-21 1

0.5 1.435879783863179e-07 9.058247808952305e-07 18
1 6.906232783990863e-08 1.557153443791334e-07 62
1.5 4.430213360142092e-08 9.462834781046608e-08 98
2 7.811813982769972e-08 3.699156353076506e-07 210
2.5 1.200926373230813e-07 8.755865336730343e-07 350
3 8.033476021171198e-08 9.39573820329595e-07 450
3.5 7.766047936792746e-08 1.099355932960356e-06 602
4 8.727590327470892e-08 1.439030696635526e-06 762
4.5 1.048618618228784e-07 2.213668650968598e-06 1142
5 8.714818545449878e-08 2.348407187201264e-06 1250
5.5 8.024694563008439e-08 2.600052212166455e-06 1458
6 7.746913455329305e-08 2.994552108511131e-06 1814
6.5 7.550435357014601e-08 3.112615056766879e-06 2178
7 6.846924865791567e-08 3.301109257854377e-06 2498
7.5 5.638264936305118e-08 3.044643556077532e-06 2622
8 5.683548982907908e-08 3.542546994552021e-06 3338
8.5 4.687671549901136e-08 3.389758099232939e-06 3722
9 4.176605932114611e-08 3.297096439796465e-06 4170
9.5 3.420393729611807e-08 2.883850854587729e-06 4358
10 2.930391787567738e-08 2.825971625727793e-06 5034
10.5 2.485400917119977e-08 2.733128524729997e-06 5714
11 1.978482322876766e-08 2.229497843647946e-06 5982
11.5 1.620100274950262e-08 1.970744248456532e-06 6602
12 1.281636985543944e-08 1.719654292258874e-06 7130
12.5 1.016194575612253e-08 1.52356239688063e-06 8034
13 8.135823415242254e-09 1.271775464334174e-06 8606
13.5 6.252567338953378e-09 1.026765800443568e-06 9066
14 4.774137400147391e-09 8.810662845341741e-07 9962
14.5 3.617802298239007e-09 6.914683737740012e-07 10550
15 2.729158493006394e-09 5.542545722290777e-07 11226
15.5 2.104774599652318e-09 4.476476592103941e-07 12146
16 1.542247035187288e-09 3.462842398721305e-07 12606
16.5 1.15617964765031e-09 2.865200258206827e-07 13802
17 8.635923767979524e-10 2.239197843563372e-07 14754
17.5 6.463401106563047e-10 1.674893281672707e-07 15194
18 4.853403872651558e-10 1.368886139054883e-07 16454
18.5 3.451342959906839e-10 9.96598967399275e-08 17154
19 2.58893612400197e-10 7.898676063584776e-08 18266
19.5 1.863727015512439e-10 5.827193633300247e-08 18750
20 1.354030675712832e-10 4.629827652709094e-08 20234
20.5 1.011613242285035e-10 3.507912636868391e-08 21450
21 7.166699264156951e-11 2.564576153600944e-08 21962
21.5 5.403787262972057e-11 1.981104717388382e-08 23462
22 3.818915367563479e-11 1.472748583622144e-08 24042
22.5 2.867116933426513e-11 1.160428469754668e-08 25946
23 2.038068542676884e-11 8.205018699220222e-09 26118
23.5 1.470023744805932e-11 6.187484342191777e-09 27506
24 1.078974167444327e-11 4.744922956667753e-09 29066
24.5 7.808023274715206e-12 3.61962212574046e-09 30450
25 5.661112569845077e-12 2.598911326828129e-09 31742
25.5 4.006269959648987e-12 1.932021671218608e-09 32250
26 2.960323761833545e-12 1.444583630419753e-09 34250
26.5 2.126035626451367e-12 1.064834351273525e-09 35454
27 1.525840328296336e-12 7.943061881497318e-10 36434
27.5 1.109383103753382e-12 5.79567392581694e-10 37682
28 8.16874766108632e-13 4.362823733066041e-10 39294
28.5 6.051870320321222e-13 3.323291027705867e-10 41426
29 4.409217097137865e-13 2.406810683048486e-10 42066
29.5 3.240382909697138e-13 1.813271640028686e-10 43490
30 2.446503622425556e-13 1.396528447521283e-10 45702
30.5 1.811324461295337e-13 1.044103887019424e-10 46634
31 1.375035712793268e-13 7.754001036949581e-11 48554
31.5 1.009205723164635e-13 5.856060669883156e-11 48870
32 7.807635844664549e-14 4.679567043380178e-11 50963
32.5 5.745652849451889e-14 3.485348059598897e-11 51576
33 3.86160613005286e-14 2.403344943384722e-11 49316
33.5 2.708780775963056e-14 1.74860495829364e-11 49344
34 1.836414013127454e-14 1.233419556627632e-11 47192
34.5 1.301720090397541e-14 9.079489675065187e-12 47576
35 9.047039643570455e-15 6.360302366351411e-12 45348
35.5 6.327711734674492e-15 4.522184613331301e-12 44060
36 4.586883383171032e-15 3.351659335846051e-12 43872
36.5 3.094117718079908e-15 2.362293943303029e-12 41756
37 2.244270295155248e-15 1.717479774190489e-12 41528
37.5 1.527706742596608e-15 1.21022061027565e-12 39300
38 1.082747480080345e-15 8.651166263442678e-13 38276
38.5 7.470020426950916e-16 6.177190015844038e-13 36900
39 5.262838084010408e-16 4.261981583969306e-13 34724
39.5 3.760163978592786e-16 3.119262070589094e-13 33960
40 2.562057577850089e-16 2.153984821630506e-13 32144
40.5 1.78792678006197e-16 1.517733682299109e-13 30704
41 1.217641231791433e-16 1.072458403061969e-13 28896
41.5 8.110392990977423e-17 7.301076767726925e-14 26924
42 5.69800479282285e-17 5.216602957858998e-14 25656
42.5 3.674854426450122e-17 3.491189258660264e-14 23228
43 2.624686715013067e-17 2.4589535838235e-14 21816
43.5 1.701343657397832e-17 1.645119929974427e-14 19472
44 1.150434858223543e-17 1.084466355817611e-14 17696
44.5 7.437943664190363e-18 7.353818775748094e-15 15588
45 4.735205247150285e-18 4.624074662951708e-15 13760
45.5 2.764096074489195e-18 2.786935956408779e-15 11565
46 1.703075087181093e-18 1.730447345125733e-15 10016
46.5 1.034710700824793e-18 1.125685334643625e-15 8652
47 6.550704410568437e-19 7.177763522603994e-16 7652
47.5 4.244913911798429e-19 4.462010140840624e-16 6542
48 2.602894273591861e-19 3.033058124886041e-16 5478
48.5 1.70967784789213e-19 1.967671318019964e-16 4886
49 1.06841820057244e-19 1.210867569882349e-16 4068
49.5 6.904920503106751e-20 8.12741877866073e-17 3326
50 4.443321381671883e-20 5.059350629278073e-17 2696
50.5 2.715528996591782e-20 3.383078106516417e-17 2304
51 1.892998520117208e-20 1.988912881810391e-17 1934
51.5 8.653124381254862e-21 1.115282752669989e-17 1344
52 5.359975952987218e-21 6.242688221045306e-18 848
52.5 4.587599595201543e-21 5.630655750245099e-18 888
53 3.061661455631005e-21 3.249634191801859e-18 584
53.5 1.598270448915342e-21 1.663044632485067e-18 344
54 4.83023584593809e-22 4.412424108336617e-19 102
54.5 4.986238001137069e-22 6.041841018170957e-19 104
55 1.112238482148437e-22 1.055784217007413e-19 24
55.5 8.228692321464256e-24 1.357884277123719e-22 1

0.5 1.017433346769653e-06 5.144909776718311e-07 18
1 1.078936253245179e-07 1.078542085996909e-07 62
1.5 6.19886447413085e-08 9.631024791857495e-08 98
2 7.468263927292361e-08 3.406253851257932e-07 210
2.5 1.169917880664727e-07 6.987004230935308e-07 350
3 7.713927886791393e-08 8.589436164983084e-07 450
3.5 7.866828914662064e-08 9.867924458136125e-07 602
4 8.073897317704196e-08 1.373414284516327e-06 762
4.5 9.54000821455313e-08 2.15020200377343e-06 1142
5 7.965389786201939e-08 2.418350208540913e-06 1250
5.5 7.924611055711878e-08 2.514377724742434e-06 1458
6 7.789912461609108e-08 2.7489081075229e-06 1814
6.5 7.469050940722899e-08 3.148342913153854e-06 2178
7 6.844016359667169e-08 3.140698413700003e-06 2498
7.5 5.564036934092488e-08 2.998656146303717e-06 2622
8 5.47744244595338e-08 3.474754518027255e-06 3338
8.5 4.626882418982655e-08 3.311489233456982e-06 3722
9 4.095912778897357e-08 3.358685747771748e-06 4170
9.5 3.274444025145249e-08 2.92284443951526e-06 4358
10 2.949223593594866e-08 2.781483670694957e-06 5034
10.5 2.573364635235208e-08 2.541839079965265e-06 5714
11 2.00895434446972e-08 2.226325966049769e-06 5982
11.5 1.599125942057071e-08 1.983308780780105e-06 6602
12 1.315034278007882e-08 1.723714514220599e-06 7130
12.5 1.050364952454089e-08 1.517786354086248e-06 8034
13 8.310622086964837e-09 1.326938711028169e-06 8606
13.5 6.368680803214002e-09 1.073184751763267e-06 9066
14 5.008506688508968e-09 9.169655618230784e-07 9962
14.5 3.790478320397761e-09 7.229259374882901e-07 10550
15 2.831611204960873e-09 6.069438504778621e-07 11226
15.5 2.215204713827889e-09 4.830779382586831e-07 12146
16 1.668758341460295e-09 3.712469141059414e-07 12606
16.5 1.273303646237119e-09 3.066688484463399e-07 13802
17 9.479064638106931e-10 2.435852236130115e-07 14754
17.5 6.960401351723174e-10 1.889530900466529e-07 15194
18 5.481633277315987e-10 1.476287072374349e-07 16454
18.5 3.872712212722664e-10 1.130488528716451e-07 17154
19 2.891542574410548e-10 9.008526396071881e-08 18266
19.5 2.112089387747147e-10 6.716229078074635e-08 18750
20 1.598727019528294e-10 5.105152786886609e-08 20234
20.5 1.150287488228438e-10 4.088268201244793e-08 21450
21 8.280320763048193e-11 2.993991799890644e-08 21962
21.5 6.187693161483851e-11 2.355946899479267e-08 23462
22 4.397923068603555e-11 1.724645563522528e-08 24042
22.5 3.396612959158376e-11 1.356653188170917e-08 25946
23 2.335900582140833e-11 9.865096722782263e-09 26118
23.5 1.732579798950144e-11 7.362392683782433e-09 27506
24 1.266207248921022e-11 5.626939514865036e-09 29066
24.5 9.243081196688573e-12 4.194941347857861e-09 30450
25 6.645894368558433e-12 3.086434580739622e-09 31742
25.5 4.729144405206926e-12 2.27737195829905e-09 32250
26 3.425701866745804e-12 1.70857908807454e-09 34250
26.5 2.481661848653683e-12 1.259978886333228e-09 35454
27 1.806040644158476e-12 9.371304499773948e-10 36434
27.5 1.324980549243762e-12 6.807325216776114e-10 37682
28 9.540407106938558e-13 5.267924378485e-10 39294
28.5 7.159749154040418e-13 3.939171828426484e-10 41426
29 5.152487956200143e-13 2.862749572491895e-10 42066
29.5 3.820974128850441e-13 2.166143981102131e-10 43490
30 2.867775900808767e-13 1.638389627684641e-10 45702
30.5 2.136799338702332e-13 1.232672710823712e-10 46634
31 1.595546878658193e-13 9.35030138732694e-11 48554
31.5 1.191054951873572e-13 7.062133461020475e-11 48870
32 9.21795383803447e-14 5.538703488122723e-11 50963
32.5 6.844311990635795e-14 4.15551205074561e-11 51576
33 4.571796228985946e-14 2.879109839777134e-11 49316
33.5 3.252475636996332e-14 2.094159452831529e-11 49344
34 2.189780488119644e-14 1.489881613889507e-11 47192
34.5 1.578870064776124e-14 1.081444290454872e-11 47576
35 1.077355962266406e-14 7.634351990635899e-12 45348
35.5 7.583732698960432e-15 5.447483665701418e-12 44060
36 5.48067140856575e-15 4.062205580891528e-12 43872
36.5 3.748171507314338e-15 2.830411406288217e-12 41756
37 2.719921611213084e-15 2.064024171651411e-12 41528
37.5 1.82693949772653e-15 1.458087868676497e-12 39300
38 1.298886892645189e-15 1.040753464410749e-12 38276
38.5 8.937597840745342e-16 7.409959430447059e-13 36900
39 6.133474022369309e-16 5.183970013182027e-13 34724
39.5 4.43490839332029e-16 3.763347611695569e-13 33960
40 2.996729986724271e-16 2.612370669841532e-13 32144
40.5 2.095592579438126e-16 1.840273598549299e-13 30704
41 1.448821061582671e-16 1.28722728910563e-13 28896
41.5 9.654339189622294e-17 8.69941870401001e-14 26924
42 6.838635842781534e-17 6.148987481526705e-14 25656
42.5 4.492284945335564e-17 4.123451028162225e-14 23228
43 3.107669617713321e-17 2.915128549978687e-14 21816
43.5 2.056436105919777e-17 1.932176514116422e-14 19472
44 1.371482220280783e-17 1.29845373876501e-14 17696
44.5 9.022854328954823e-18 8.660165935586989e-15 15588
45 5.618055543396258e-18 5.540261316965382e-15 13760
45.5 3.354201925050922e-18 3.335717824338906e-15 11565
46 2.069827678035831e-18 2.113422231312612e-15 10016
46.5 1.264461685593115e-18 1.364891346734734e-15 8652
47 7.999241699432736e-19 8.436006522101136e-16 7652
47.5 4.874080659861539e-19 5.504096545542464e-16 6542
48 3.146156448550772e-19 3.482932841458485e-16 5478
48.5 2.08247132553913e-19 2.318543923434917e-16 4886
49 1.325577744033275e-19 1.354830064357845e-16 4068
49.5 8.11111458574705e-20 9.731152766507312e-17 3326
50 5.109409625938455e-20 5.962159745430436e-17 2696
50.5 3.198591397509542e-20 3.837965740202767e-17 2304
51 2.097454142721208e-20 2.378918679096217e-17 1934
51.5 9.838216187424604e-21 1.336289265610997e-17 1344
52 5.713243424402844e-21 7.154474469503869e-18 848
52.5 4.980056099212224e-21 6.360830180295846e-18 888
53 3.003806267624681e-21 3.696772972980861e-18 584
53.5 1.621188091597732e-21 2.06876845950897e-18 344
54 4.537670842945954e-22 5.949998560255065e-19 102
54.5 4.572818159732019e-22 5.887013256109869e-19 104
55 1.191911700934801e-22 1.081360895818424e-19 24
55.5 2.672513162635537e-26 2.097206630903893e-20 1

0.5 9.701346758275647e-07 4.693768464188154e-07 18
1 8.888451175590765e-08 1.005356969519931e-07 62
1.5 3.066099744885206e-08 1.242924526186593e-07 98
2 5.752510103795192e-08 3.292062332931326e-07 210
2.5 8.551625725695655e-08 6.894879427555289e-07 350
3 6.481053095340954e-08 7.603778170741153e-07 450
3.5 6.920123765742379e-08 9.555720173553655e-07 602
4 7.672439318409079e-08 1.21062592623774e-06 762
4.5 9.047992839856903e-08 1.998008017237376e-06 1142
5 8.092840106795323e-08 2.055828598091223e-06 1250
5.5 7.530118979926458e-08 2.383942645183877e-06 1458
6 7.096460709542122e-08 2.866317342077568e-06 1814
6.5 6.821095486314442e-08 3.09707882513201e-06 2178
7 6.359855064253174e-08 3.26113226391102e-06 2498
7.5 5.504287988447345e-08 2.863936184771361e-06 2622
8 5.577164611961198e-08 3.326359423456235e-06 3338
8.5 4.615061959158062e-08 3.180237809766479e-06 3722
9 4.07776424938089e-08 3.288641912596906e-06 4170
9.5 3.180023170233572e-08 2.859911613607516e-06 4358
10 2.89261405675912e-08 2.792298614740033e-06 5034
10.5 2.425390430682288e-08 2.609008127227662e-06 5714
11 1.917296465880424e-08 2.303613732830476e-06 5982
11.5 1.591741548967306e-08 1.963689239778931e-06 6602
12 1.302877617577997e-08 1.727649882585814e-06 7130
12.5 1.06254767258648e-08 1.482987401952547e-06 8034
13 8.153933241752674e-09 1.345806386183967e-06 8606
13.5 6.417379487972517e-09 1.074714378117995e-06 9066
14 5.050491175417528e-09 9.175883188930486e-07 9962
14.5 3.76605900439422e-09 7.410839076157383e-07 10550
15 2.90299498029183e-09 5.993367953187328e-07 11226
15.5 2.252072168737004e-09 4.86670272937319e-07 12146
16 1.702501500686317e-09 3.8325000563403e-07 12606
16.5 1.320199524907971e-09 3.142403931607528e-07 13802
17 9.67702749877127e-10 2.485546101011859e-07 14754
17.5 7.294574396840227e-10 1.91258734607625e-07 15194
18 5.46506898242413e-10 1.522793571569556e-07 16454
18.5 3.952526057980801e-10 1.162995927716469e-07 17154
19 3.013008081640838e-10 9.030417387879637e-08 18266
19.5 2.16234951855564e-10 6.912448431588197e-08 18750
20 1.60595098753978e-10 5.32123987592522e-08 20234
20.5 1.201790389496238e-10 4.105770347598651e-08 21450
21 8.554111856910092e-11 3.08052921252137e-08 21962
21.5 6.431943976038266e-11 2.373709735669828e-08 23462
22 4.574685851035033e-11 1.764631771604259e-08 24042
22.5 3.480612680824384e-11 1.391274071389668e-08 25946
23 2.407107422554266e-11 1.009351286246665e-08 26118
23.5 1.783141368261247e-11 7.608611057484993e-09 27506
24 1.334293574279712e-11 5.756718129778109e-09 29066
24.5 9.523760694196298e-12 4.429548654941614e-09 30450
25 6.93624013907169e-12 3.251007275639366e-09 31742
25.5 5.054944021199833e-12 2.376650405128747e-09 32250
26 3.657239182227891e-12 1.819635514929913e-09 34250
26.5 2.700046817641245e-12 1.330699724449969e-09 35454
27 1.928491050860304e-12 1.008063006831792e-09 36434
27.5 1.409899837540639e-12 7.479025430888998e-10 37682
28 1.052308508194478e-12 5.687540415330848e-10 39294
28.5 7.961896280433475e-13 4.300138259728095e-10 41426
29 5.67110558029308e-13 3.139981236285661e-10 42066
29.5 4.207615905409683e-13 2.436765812210832e-10 43490
30 3.18411059929174e-13 1.831069783476468e-10 45702
30.5 2.399157446688665e-13 1.392900750363344e-10 46634
31 1.815877885067276e-13 1.057435026670297e-10 48554
31.5 1.347892353944254e-13 8.008833242493111e-11 48870
32 1.045854443828403e-13 6.326781600551914e-11 50963
32.5 7.666646255029019e-14 4.725750860157603e-11 51576
33 5.253375821965243e-14 3.272984986696035e-11 49316
33.5 3.69726019140639e-14 2.403762171833739e-11 49344
34 2.542880442121364e-14 1.703034948548891e-11 47192
34.5 1.815362100089125e-14 1.246704198805645e-11 47576
35 1.236390497965031e-14 8.757764977544616e-12 45348
35.5 8.750239925092266e-15 6.283749660505979e-12 44060
36 6.374787146687346e-15 4.682040363746206e-12 43872
36.5 4.319687447081893e-15 3.261102949016897e-12 41756
37 3.080787575010582e-15 2.408844161858405e-12 41528
37.5 2.123807589521195e-15 1.674988166995906e-12 39300
38 1.50224884936821e-15 1.196649787117755e-12 38276
38.5 1.045120804592911e-15 8.466559461764452e-13 36900
39 7.104438912074262e-16 6.000594721004145e-13 34724
39.5 5.112674642249955e-16 4.33167599567488e-13 33960
40 3.493891433481875e-16 2.998237837215356e-13 32144
40.5 2.413128098715129e-16 2.131794636270222e-13 30704
41 1.695434458238308e-16 1.492742595565245e-13 28896
41.5 1.131312813218612e-16 1.000452693375216e-13 26924
42 7.893147752686023e-17 7.216893952381272e-14 25656
42.5 5.203136405538739e-17 4.823301465497979e-14 23228
43 3.674240726912187e-17 3.352544531471264e-14 21816
43.5 2.364551459118116e-17 2.258272633080352e-14 19472
44 1.581493168969025e-17 1.53578426462909e-14 17696
44.5 1.044572342533461e-17 1.014725041865771e-14 15588
45 6.619868633430348e-18 6.444421526879443e-15 13760
45.5 3.881976336397761e-18 3.886535692590455e-15 11565
46 2.380637778391628e-18 2.484381264888429e-15 10016
46.5 1.489001595300887e-18 1.595655924685126e-15 8652
47 9.452931744059546e-19 1.023475950312346e-15 7652
47.5 5.978243825411563e-19 6.530750642527983e-16 6542
48 3.580977449932915e-19 4.118255973890837e-16 5478
48.5 2.463676538643519e-19 2.66280199974256e-16 4886
49 1.508863872577201e-19 1.678076687084368e-16 4068
49.5 9.484859683114942e-20 1.086664204225028e-16 3326
50 5.924105039459593e-20 6.81077907940181e-17 2696
50.5 3.604349880842539e-20 4.540364714659473e-17 2304
51 2.411867465514009e-20 2.886036072408805e-17 1934
51.5 1.172919675365395e-20 1.587703736750529e-17 1344
52 6.93476878807113e-21 7.948652925028132e-18 848
52.5 5.888318981397099e-21 6.928049333298389e-18 888
53 3.382016507976283e-21 4.450954873210608e-18 584
53.5 1.834929540672306e-21 2.368667585515832e-18 344
54 5.349589204526959e-22 6.185873816649743e-19 102
54.5 5.702153989960642e-22 5.752924096826983e-19 104
55 8.971129787961396e-23 1.509587211992233e-19 24
55.5 1.585454888310799e-23 3.188531849524294e-22 1

0.5 3.795559746125278e-08 7.829776436095808e-07 18
1 2.545331569490249e-08 6.567098808904789e-08 62
1.5 3.192020766803497e-08 8.033162388317472e-08 98
2 6.191258152242283e-08 2.595553406922824e-07 210
2.5 8.980223651206861e-08 5.374945426432387e-07 350
3 6.386528089421213e-08 6.865761780173003e-07 450
3.5 6.31171984319465e-08 8.600003552891864e-07 602
4 6.847435265555161e-08 1.278692770730277e-06 762
4.5 8.285115503582785e-08 1.813677821109501e-06 1142
5 7.348510548476299e-08 2.038767967087179e-06 1250
5.5 7.08250767180741e-08 2.266862830050171e-06 1458
6 7.010873253653985e-08 2.702790240359784e-06 1814
6.5 6.648801612865229e-08 2.913558111674018e-06 2178
7 6.173822816917506e-08 3.141435068609503e-06 2498
7.5 5.317309794387308e-08 2.785896998166403e-06 2622
8 5.346068173301497e-08 3.25407390589929e-06 3338
8.5 4.437382067230099e-08 3.226317124576805e-06 3722
9 3.990536992385646e-08 3.161695196540039e-06 4170
9.5 3.262162548559087e-08 2.708235990114655e-06 4358
10 2.897046581852199e-08 2.739961997650046e-06 5034
10.5 2.395066887617571e-08 2.540066769460794e-06 5714
11 1.921002267563755e-08 2.206999688633149e-06 5982
11.5 1.544221736885999e-08 1.984564767598357e-06 6602
12 1.293820969777101e-08 1.707927057335746e-06 7130
12.5 1.014195084633558e-08 1.531131791353649e-06 8034
13 8.379125987157355e-09 1.290525545697031e-06 8606
13.5 6.439924556123621e-09 1.077252043161573e-06 9066
14 5.13807253143426e-09 9.052159325117025e-07 9962
14.5 3.821158782777796e-09 7.43296135741524e-07 10550
15 2.922932677341659e-09 5.952835504598742e-07 11226
15.5 2.310486371043905e-09 4.85366705966312e-07 12146
16 1.734096190347556e-09 3.92871262527586e-07 12606
16.5 1.358320834736796e-09 3.141694924181576e-07 13802
17 1.015126834731103e-09 2.485832630714884e-07 14754
17.5 7.323377858728796e-10 1.98856277866126e-07 15194
18 5.701965892961563e-10 1.568141656545739e-07 16454
18.5 4.189678696667148e-10 1.186133642622282e-07 17154
19 3.083274783525398e-10 9.41772169206695e-08 18266
19.5 2.248731642395795e-10 7.23436528025159e-08 18750
20 1.665532310233793e-10 5.611144248943037e-08 20234
20.5 1.249677656076539e-10 4.405307881862274e-08 21450
21 9.036109621535314e-11 3.189193845404979e-08 21962
21.5 6.777795273290008e-11 2.532137791802238e-08 23462
22 4.930169769536115e-11 1.880434297703606e-08 24042
22.5 3.712513759069348e-11 1.485448421292428e-08 25946
23 2.590913606665694e-11 1.067169841704985e-08 26118
23.5 1.887363430677978e-11 8.10285345730139e-09 27506
24 1.417805997241193e-11 6.122326864908052e-09 29066
24.5 1.043223319348796e-11 4.693873993802394e-09 30450
25 7.417843677577978e-12 3.48796801282088e-09 31742
25.5 5.367029662146696e-12 2.542345898988578e-09 32250
26 4.01932695196223e-12 1.921752521866995e-09 34250
26.5 2.877475884356509e-12 1.445645712874093e-09 35454
27 2.098113504195628e-12 1.076970853484191e-09 36434
27.5 1.550287738361031e-12 7.922964647921825e-10 37682
28 1.151746397315838e-12 6.078506577364303e-10 39294
28.5 8.622238982217172e-13 4.704571034334489e-10 41426
29 6.183486975690415e-13 3.407301929002993e-10 42066
29.5 4.703429283687146e-13 2.61704880004458e-10 43490
30 3.504186994213762e-13 2.018725213985708e-10 45702
30.5 2.666580073104618e-13 1.525024534047443e-10 46634
31 2.023590790083689e-13 1.160397776699991e-10 48554
31.5 1.506228125369942e-13 8.79928774492935e-11 48870
32 1.168967205485294e-13 6.994568764732526e-11 50963
32.5 8.699089609918922e-14 5.252283783428693e-11 51576
33 5.901638577290456e-14 3.66346732746196e-11 49316
33.5 4.134015781227276e-14 2.687210460283668e-11 49344
34 2.860983975099575e-14 1.915944735088166e-11 47192
34.5 2.066232250912809e-14 1.414405687936853e-11 47576
35 1.422619661269032e-14 9.899262952814158e-12 45348
35.5 9.996216907081512e-15 7.154724199900957e-12 44060
36 7.2964907050776e-15 5.354616300280163e-12 43872
36.5 4.943194887747209e-15 3.731789504452133e-12 41756
37 3.543161835609046e-15 2.774188555994004e-12 41528
37.5 2.421826313253386e-15 1.939600924951509e-12 39300
38 1.712797928537254e-15 1.402256292700517e-12 38276
38.5 1.186760431657472e-15 9.868895657993482e-13 36900
39 8.296165885152137e-16 6.777916920015352e-13 34724
39.5 5.905010260502174e-16 4.982449695902391e-13 33960
40 4.125474814810962e-16 3.470638493773808e-13 32144
40.5 2.806199243613991e-16 2.458081914738554e-13 30704
41 1.976450073945169e-16 1.719064546290507e-13 28896
41.5 1.308223934586671e-16 1.188226480863604e-13 26924
42 9.234944444666074e-17 8.391864984612291e-14 25656
42.5 6.102086302572584e-17 5.657477891133805e-14 23228
43 4.31405496295435e-17 3.906504528107093e-14 21816
43.5 2.81632599915725e-17 2.601153448377901e-14 19472
44 1.882364347637946e-17 1.800647511044854e-14 17696
44.5 1.224482544926779e-17 1.202472714368797e-14 15588
45 7.672254144458699e-18 7.731434192315507e-15 13760
45.5 4.526171021914949e-18 4.708284377478031e-15 11565
46 2.841518747944446e-18 2.952011314818628e-15 10016
46.5 1.768453299922253e-18 1.875531486425121e-15 8652
47 1.113663811940151e-18 1.216303657333285e-15 7652
47.5 7.131260357099956e-19 7.63831827050139e-16 6542
48 4.299260393345504e-19 4.839461021812996e-16 5478
48.5 2.920020003298278e-19 3.183584700249102e-16 4886
49 1.786268850669502e-19 1.971984336962574e-16 4068
49.5 1.109219481418306e-19 1.270273408415658e-16 3326
50 7.033280365336765e-20 8.296381610396714e-17 2696
50.5 4.19180567092127e-20 5.119229208367437e-17 2304
51 3.03177078896092e-20 3.315184487624555e-17 1934
51.5 1.454334614404231e-20 1.711539562509864e-17 1344
52 8.662989515247446e-21 9.207525585621684e-18 848
52.5 6.836272829757535e-21 8.109204086401446e-18 888
53 4.316128890494721e-21 4.43159885993328e-18 584
53.5 2.171676856849236e-21 2.540354234659518e-18 344
54 6.153071145133905e-22 7.346643946538177e-19 102
54.5 5.691994781758419e-22 7.785271329484185e-19 104
55 1.464332023741277e-22 9.118944036236521e-20 24
55.5 8.030569257447727e-26 2.664855469933689e-20 1

0.5 1.098030390838822e-06 1.715383772064433e-07 18
1 8.59073380408842e-08 7.008867932496166e-08 62
1.5 5.619352289335848e-08 9.276457377173441e-08 98
2 7.225647096189688e-08 2.971436956750322e-07 210
2.5 8.29063885035168e-08 6.195622212310667e-07 350
3 6.31162838592723e-08 6.592807940205583e-07 450
3.5 6.096101217736448e-08 8.589205281230277e-07 602
4 6.801691358230983e-08 1.196080012733718e-06 762
4.5 7.569648477998328e-08 1.798176315774175e-06 1142
5 7.242557350758087e-08 1.953565994367299e-06 1250
5.5 7.253224897298462e-08 2.061300721554352e-06 1458
6 7.147595911683206e-08 2.541162761597776e-06 1814
6.5 6.578792874809097e-08 2.763808220260966e-06 2178
7 6.262896120317586e-08 2.934006114830018e-06 2498
7.5 5.039876412573208e-08 2.762760001895419e-06 2622
8 5.103302099806241e-08 3.274520516583171e-06 3338
8.5 4.423652076566998e-08 3.132628325768647e-06 3722
9 3.867467150453173e-08 3.12812348719845e-06 4170
9.5 3.195587149753297e-08 2.664720132431124e-06 4358
10 2.829190083761689e-08 2.734651552773897e-06 5034
10.5 2.404245715048206e-08 2.50476989903808e-06 5714
11 1.89817160629278e-08 2.187281558415992e-06 5982
11.5 1.585578908500045e-08 1.978579040968581e-06 6602
12 1.27816755409987e-08 1.778347018985991e-06 7130
12.5 1.025929035953863e-08 1.565059475057683e-06 8034
13 8.494855328700402e-09 1.334784751230476e-06 8606
13.5 6.649981623736321e-09 1.113733254840627e-06 9066
14 5.175667982414377e-09 9.624215868613959e-07 9962
14.5 4.037687963669481e-09 7.654954677892378e-07 10550
15 3.085181640555674e-09 6.184965536612474e-07 11226
15.5 2.399359851997859e-09 5.216125402363632e-07 12146
16 1.84909427588731e-09 4.124170177338554e-07 12606
16.5 1.416792738951425e-09 3.389969914351238e-07 13802
17 1.074772932191788e-09 2.732927656901353e-07 14754
17.5 8.036180154863687e-10 2.141962572166011e-07 15194
18 6.175482413159531e-10 1.728093948018486e-07 16454
18.5 4.438604358769544e-10 1.341185157247245e-07 17154
19 3.375128670007011e-10 1.028058983819122e-07 18266
19.5 2.512079731882405e-10 7.856966010532884e-08 18750
20 1.850694221164772e-10 6.090867281893592e-08 20234
20.5 1.393132626468822e-10 4.764409431654276e-08 21450
21 9.923676869553641e-11 3.589800687267024e-08 21962
21.5 7.451402253941066e-11 2.842256383796527e-08 23462
22 5.50451141836013e-11 2.09095351057774e-08 24042
22.5 4.160746515524378e-11 1.659655226302113e-08 25946
23 2.856612060524209e-11 1.20126479554117e-08 26118
23.5 2.151145244444675e-11 8.962720832401508e-09 27506
24 1.564957877973849e-11 6.905669780147338e-09 29066
24.5 1.147241803427026e-11 5.295957022079476e-09 30450
25 8.314272507286313e-12 3.894558442347742e-09 31742
25.5 5.995079321112871e-12 2.87085796255545e-09 32250
26 4.431049425911615e-12 2.201539298992335e-09 34250
26.5 3.224679074370046e-12 1.6250043940507e-09 35454
27 2.386175133203649e-12 1.218851087526581e-09 36434
27.5 1.713083652440239e-12 9.044748192607774e-10 37682
28 1.302563709153973e-12 6.827897384157949e-10 39294
28.5 9.803578021741316e-13 5.303100147421005e-10 41426
29 7.029624716946478e-13 3.905629349854592e-10 42066
29.5 5.298275632877646e-13 3.019462472206407e-10 43490
30 4.028391422474975e-13 2.300576186017184e-10 45702
30.5 3.050488644669469e-13 1.76758242049495e-10 46634
31 2.290086758020981e-13 1.355202735460348e-10 48554
31.5 1.736791007540019e-13 1.013272878828283e-10 48870
32 1.357741515683778e-13 7.979055016574496e-11 50963
32.5 1.007671462763182e-13 6.089086218620907e-11 51576
33 6.820117375672053e-14 4.27294097604482e-11 49316
33.5 4.796560310664438e-14 3.157107181478091e-11 49344
34 3.333675964556992e-14 2.228433014738028e-11 47192
34.5 2.414908468318164e-14 1.668335977240596e-11 47576
35 1.655106605241977e-14 1.161034989506571e-11 45348
35.5 1.158829601328149e-14 8.41778016000142e-12 44060
36 8.438947418234332e-15 6.323465949398892e-12 43872
36.5 5.738581062826261e-15 4.399772822414888e-12 41756
37 4.158310609829334e-15 3.213362991441639e-12 41528
37.5 2.848356861246886e-15 2.281053138062866e-12 39300
38 2.026388119885069e-15 1.626632073525706e-12 38276
38.5 1.401194488994694e-15 1.149742099275789e-12 36900
39 9.578486671889019e-16 8.059895221577838e-13 34724
39.5 6.895603553261949e-16 5.815230480279381e-13 33960
40 4.775950297090047e-16 4.104531715199336e-13 32144
40.5 3.313839808900085e-16 2.876708918016272e-13 30704
41 2.291128980733306e-16 2.035681363741127e-13 28896
41.5 1.554818523577393e-16 1.39512370984381e-13 26924
42 1.08282419217638e-16 9.940193887241582e-14 25656
42.5 7.117096065779675e-17 6.605769025540211e-14 23228
43 5.003187869294113e-17 4.684713975006164e-14 21816
43.5 3.288054042327373e-17 3.129124655256284e-14 19472
44 2.229205945930965e-17 2.072614590993847e-14 17696
44.5 1.435859293545271e-17 1.403965222748519e-14 15588
45 9.117485242260454e-18 9.035789689278039e-15 13760
45.5 5.293951337970013e-18 5.525766193368237e-15 11565
46 3.393950687107954e-18 3.515903753619705e-15 10016
46.5 2.080779160439785e-18 2.2676134625005e-15 8652
47 1.311215099642197e-18 1.463289142467776e-15 7652
47.5 8.368867425276614e-19 8.83074214230004e-16 6542
48 5.013172859023849e-19 5.922269615567717e-16 5478
48.5 3.340654477734986e-19 3.921318293019677e-16 4886
49 2.070490845823784e-19 2.455025656537458e-16 4068
49.5 1.320424490637271e-19 1.549351929657629e-16 3326
50 8.921971102193556e-20 8.990635298797171e-17 2696
50.5 5.088680826249404e-20 6.062355223013088e-17 2304
51 3.383530862183695e-20 4.096856550171066e-17 1934
51.5 1.740660768339644e-20 2.076538525300442e-17 1344
52 9.747698765038711e-21 1.143954034961472e-17 848
52.5 7.850618755231299e-21 9.885450688057535e-18 888
53 5.168507920022522e-21 4.952107867284785e-18 584
53.5 2.445972995834222e-21 2.685532393026958e-18 344
54 6.459232496060698e-22 8.81873205807319e-19 102
54.5 7.40097772589255e-22 7.636474564040362e-19 104
55 9.519088179382567e-23 2.725476191466503e-19 24
55.5 1.726808227792963e-23 6.460938455142858e-21 1

0.5 5.019741045146248e-07 5.682215676355163e-07 18
1 5.200071699212401e-08 8.923172803277981e-08 62
1.5 2.896421848821722e-08 8.920400972013194e-08 98
2 5.380501916799555e-08 2.397507917870938e-07 210
2.5 7.220145794437309e-08 4.738532076650756e-07 350
3 6.112045937368877e-08 5.350233670300037e-07 450
3.5 5.69433800141848e-08 8.591093646108409e-07 602
4 6.003064680671926e-08 1.090968787163098e-06 762
4.5 7.604502021679208e-08 1.561265872711726e-06 1142
5 7.16276453373099e-08 1.74352392047882e-06 1250
5.5 6.553145294176898e-08 2.063667577053447e-06 1458
6 6.580268654560486e-08 2.574943971089447e-06 1814
6.5 6.276379891682783e-08 2.634209072288017e-06 2178
7 6.00869851569427e-08 2.828114981116328e-06 2498
7.5 4.764412510446029e-08 2.663729060738281e-06 2622
8 4.914591845814111e-08 3.163912762684872e-06 3338
8.5 4.301744313667006e-08 3.081407484330292e-06 3722
9 3.745772292749122e-08 3.075764421499359e-06 4170
9.5 3.0406022454006e-08 2.698915417295576e-06 4358
10 2.821905261114715e-08 2.654458256048028e-06 5034
10.5 2.409535690021373e-08 2.431782136310802e-06 5714
11 1.865300467762775e-08 2.150005392390149e-06 5982
11.5 1.572061177297869e-08 1.959939312265591e-06 6602
12 1.299980940083048e-08 1.697858365682736e-06 7130
12.5 1.051669183524746e-08 1.493942600197071e-06 8034
13 8.475265580620632e-09 1.316898289292449e-06 8606
13.5 6.676920024153648e-09 1.073365376723968e-06 9066
14 5.385630148156285e-09 9.206836886615985e-07 9962
14.5 4.057694017063805e-09 7.698014092825925e-07 10550
15 3.130739762283669e-09 6.178674936768144e-07 11226
15.5 2.430132316348635e-09 5.232407370863966e-07 12146
16 1.854663861364473e-09 4.212300559833463e-07 12606
16.5 1.419579521120131e-09 3.436949638663189e-07 13802
17 1.087604429533304e-09 2.756171767977918e-07 14754
17.5 8.116830214100563e-10 2.218755053072865e-07 15194
18 6.181775897830637e-10 1.763543434076999e-07 16454
18.5 4.640578717962926e-10 1.34554351271903e-07 17154
19 3.464832068183801e-10 1.042260115768666e-07 18266
19.5 2.517848788171235e-10 8.305424863092481e-08 18750
20 1.911015412869651e-10 6.286737665770685e-08 20234
20.5 1.438570759633725e-10 4.921843587378163e-08 21450
21 1.031404907332691e-10 3.69042567913431e-08 21962
21.5 7.85105216538591e-11 2.917039505765642e-08 23462
22 5.586394534756577e-11 2.210853279518184e-08 24042
22.5 4.331747054390973e-11 1.751905037149147e-08 25946
23 2.972449371914724e-11 1.258953970829986e-08 26118
23.5 2.241591289490883e-11 9.492047275124603e-09 27506
24 1.662059266095464e-11 7.281326563754568e-09 29066
24.5 1.22477123944605e-11 5.582972156588711e-09 30450
25 8.833993869224951e-12 4.100454212626701e-09 31742
25.5 6.412789894913666e-12 3.080731743587426e-09 32250
26 4.818839317455264e-12 2.345965571100789e-09 34250
26.5 3.451283567259427e-12 1.766066151978557e-09 35454
27 2.560655054304923e-12 1.319816142388413e-09 36434
27.5 1.87558230458282e-12 9.821991501793885e-10 37682
28 1.400076112316586e-12 7.508480355978287e-10 39294
28.5 1.065213354229433e-12 5.797236949953343e-10 41426
29 7.757812777653252e-13 4.193242084939962e-10 42066
29.5 5.897174817335039e-13 3.250907762111018e-10 43490
30 4.398591107144529e-13 2.546477765472569e-10 45702
30.5 3.346269626164001e-13 1.932794781329083e-10 46634
31 2.519906377707227e-13 1.475691757559705e-10 48554
31.5 1.911062254385632e-13 1.116202765100996e-10 48870
32 1.494873815401322e-13 8.862954141875314e-11 50963
32.5 1.106887219505436e-13 6.767130654918071e-11 51576
33 7.466687366259938e-14 4.725450756792712e-11 49316
33.5 5.358591982804212e-14 3.495701514837993e-11 49344
34 3.717385973959999e-14 2.504384130445437e-11 47192
34.5 2.691604750427254e-14 1.859078789583255e-11 47576
35 1.842826468719446e-14 1.322134361434244e-11 45348
35.5 1.293414560302921e-14 9.452897097886583e-12 44060
36 9.574356821197696e-15 7.042836840722287e-12 43872
36.5 6.521402344948438e-15 4.901520451354861e-12 41756
37 4.701889892186101e-15 3.58865458287719e-12 41528
37.5 3.212101773275794e-15 2.542544524523111e-12 39300
38 2.281362272538628e-15 1.83217915518664e-12 38276
38.5 1.581987381902006e-15 1.310084499216988e-12 36900
39 1.104793894921569e-15 9.000676492173612e-13 34724
39.5 7.734116043665989e-16 6.714842188942817e-13 33960
40 5.434323659258334e-16 4.665275369922958e-13 32144
40.5 3.764270058756942e-16 3.288392625612253e-13 30704
41 2.637886399749359e-16 2.339939975098053e-13 28896
41.5 1.775082094006833e-16 1.590342794077543e-13 26924
42 1.246046222859283e-16 1.146734253139947e-13 25656
42.5 8.261775261004503e-17 7.709914982222088e-14 23228
43 5.747366676470068e-17 5.402212167596581e-14 21816
43.5 3.775697205688365e-17 3.599288695642789e-14 19472
44 2.542046158489188e-17 2.427930977420907e-14 17696
44.5 1.706759138604172e-17 1.589691878595142e-14 15588
45 1.057924816126564e-17 1.071607635841529e-14 13760
45.5 6.337648766386774e-18 6.318812098038894e-15 11565
46 3.994943172820822e-18 4.032872769402838e-15 10016
46.5 2.440974851436109e-18 2.624559636953055e-15 8652
47 1.556226923375643e-18 1.6701032044539e-15 7652
47.5 9.448769880697454e-19 1.040500133145836e-15 6542
48 6.052236421897162e-19 6.96538969339944e-16 5478
48.5 4.089829561784046e-19 4.595803628855532e-16 4886
49 2.418254491760158e-19 2.846707786142091e-16 4068
49.5 1.642752712388091e-19 1.827540552517775e-16 3326
50 9.543355692208456e-20 1.17244501414436e-16 2696
50.5 5.793474442726913e-20 7.015403558462174e-17 2304
51 3.998271250449141e-20 4.755648607804904e-17 1934
51.5 1.999942679423574e-20 2.379839581073899e-17 1344
52 1.149190115356823e-20 1.332071105115619e-17 848
52.5 9.562982184167103e-21 1.125151079677311e-17 888
53 5.091970087011541e-21 6.965621863057279e-18 584
53.5 2.771493948323134e-21 3.070739670504268e-18 344
54 8.165102177834928e-22 8.001954664983137e-19 102
54.5 7.675215255812323e-22 9.669212822029134e-19 104
55 2.229575958783907e-22 1.183286152335192e-19 24
55.5 3.182025629368614e-25 2.264988350755729e-20 1

0.5 1.909279228783605e-07 6.885365514946872e-07 18
1 4.189490481895295e-08 1.021949803045128e-07 62
1.5 2.822297047110909e-08 8.302156492935042e-08 98
2 5.955269619675868e-08 2.297328733117316e-07 210
2.5 6.012529739162142e-08 4.979380806844715e-07 350
3 5.199029138586098e-08 5.473308657475232e-07 450
3.5 5.711570016270393e-08 7.989114152714966e-07 602
4 6.412357664940467e-08 8.898037089622176e-07 762
4.5 7.370601765659348e-08 1.496267740331303e-06 1142
5 6.7115491883663e-08 1.68674466028151e-06 1250
5.5 6.138411392603445e-08 2.041061507614467e-06 1458
6 6.615090051998609e-08 2.445972280322981e-06 1814
6.5 6.012837159836316e-08 2.563548361518495e-06 2178
7 5.704809961054403e-08 2.751885449505017e-06 2498
7.5 4.661780347468843e-08 2.586314072956886e-06 2622
8 4.86458842700391e-08 3.03248158934882e-06 3338
8.5 4.157459081961526e-08 2.970709767410538e-06 3722
9 3.714366406020047e-08 2.928119705607666e-06 4170
9.5 2.938937196531481e-08 2.633589718647649e-06 4358
10 2.747227189439219e-08 2.625945017818638e-06 5034
10.5 2.33933648529187e-08 2.432124307700146e-06 5714
11 1.807402726033553e-08 2.167651962764968e-06 5982
11.5 1.573637562680233e-08 1.895477376612233e-06 6602
12 1.252356847193916e-08 1.741987992428989e-06 7130
12.5 1.03693062180564e-08 1.505974881950486e-06 8034
13 8.371613320137884e-09 1.306955747396371e-06 8606
13.5 6.726973664123348e-09 1.089232674193897e-06 9066
14 5.213072871525621e-09 9.541055929702863e-07 9962
14.5 4.137318057983039e-09 7.618484818553912e-07 10550
15 3.130784967154411e-09 6.331651635320936e-07 11226
15.5 2.47842472074292e-09 5.270554678461523e-07 12146
16 1.900568546688507e-09 4.235932639287297e-07 12606
16.5 1.474789975054457e-09 3.46615839749597e-07 13802
17 1.106615994283999e-09 2.85876809802515e-07 14754
17.5 8.365490890752984e-10 2.263964470062222e-07 15194
18 6.442757621027664e-10 1.803402104026106e-07 16454
18.5 4.699102257878547e-10 1.430293939014277e-07 17154
19 3.558178529992009e-10 1.086970779364101e-07 18266
19.5 2.665689401413246e-10 8.513357981212612e-08 18750
20 1.990391509606611e-10 6.630202125497418e-08 20234
20.5 1.500500375864544e-10 5.25143435981713e-08 21450
21 1.074114317392427e-10 3.93937721505114e-08 21962
21.5 8.330605055053412e-11 3.074372115381927e-08 23462
22 5.941857393939748e-11 2.336633681233694e-08 24042
22.5 4.626086751103894e-11 1.85241520981676e-08 25946
23 3.250548349017313e-11 1.328890354758168e-08 26118
23.5 2.396278433914045e-11 1.030273135110784e-08 27506
24 1.766195873578022e-11 7.833937260153341e-09 29066
24.5 1.329668979321329e-11 5.976274477637061e-09 30450
25 9.595564449643672e-12 4.411263736896542e-09 31742
25.5 6.984279045823081e-12 3.33599101058649e-09 32250
26 5.208109154393968e-12 2.560978774487474e-09 34250
26.5 3.802377630805095e-12 1.881854082004971e-09 35454
27 2.755214804303003e-12 1.448226645215325e-09 36434
27.5 2.065969450971867e-12 1.068793840312704e-09 37682
28 1.550587667839664e-12 8.19442646703864e-10 39294
28.5 1.168417323891639e-12 6.352408080271662e-10 41426
29 8.438122822016944e-13 4.695847669541461e-10 42066
29.5 6.463014294654466e-13 3.61908991137909e-10 43490
30 4.938536859447467e-13 2.773314002294171e-10 45702
30.5 3.680527306491007e-13 2.141003780867262e-10 46634
31 2.820741801787101e-13 1.651369604639026e-10 48554
31.5 2.101709200705216e-13 1.257724095929299e-10 48870
32 1.664789968658967e-13 9.854657550189678e-11 50963
32.5 1.245285174088927e-13 7.548961175541189e-11 51576
33 8.407066139693237e-14 5.282272851379273e-11 49316
33.5 6.058045472822765e-14 3.906927100853407e-11 49344
34 4.219533360955386e-14 2.786322213071863e-11 47192
34.5 3.079857395350664e-14 2.082546428633896e-11 47576
35 2.086583922165495e-14 1.493670889436006e-11 45348
35.5 1.472623552119567e-14 1.064555087118925e-11 44060
36 1.084322731233404e-14 7.987339376981081e-12 43872
36.5 7.405871022075181e-15 5.589407953158649e-12 41756
37 5.316895822050537e-15 4.118707731315612e-12 41528
37.5 3.678144981210103e-15 2.906265917515585e-12 39300
38 2.626398641606515e-15 2.096190534599614e-12 38276
38.5 1.82830480013819e-15 1.48397950499628e-12 36900
39 1.255419006607112e-15 1.048331790599237e-12 34724
39.5 9.067709045823865e-16 7.504853172756957e-13 33960
40 6.181539248548294e-16 5.389193935496255e-13 32144
40.5 4.322718322066199e-16 3.761423510174866e-13 30704
41 2.998034628235483e-16 2.683132420217652e-13 28896
41.5 2.036795523280424e-16 1.830555484592118e-13 26924
42 1.458144356811544e-16 1.299688251115863e-13 25656
42.5 9.651259588935346e-17 8.911674708924876e-14 23228
43 6.713318635553915e-17 6.213446741841356e-14 21816
43.5 4.440754696103606e-17 4.173922263540448e-14 19472
44 2.998853085942122e-17 2.800151685656116e-14 17696
44.5 1.967697831803366e-17 1.901641944864462e-14 15588
45 1.267070728131564e-17 1.236837199521402e-14 13760
45.5 7.300670731925446e-18 7.458567152845295e-15 11565
46 4.642876797299698e-18 4.771428698966889e-15 10016
46.5 2.907888399946396e-18 3.052454947766938e-15 8652
47 1.845439855818251e-18 1.930136015729442e-15 7652
47.5 1.108910051283371e-18 1.258828835061323e-15 6542
48 6.970410005594663e-19 8.173156546297108e-16 5478
48.5 4.823396412103018e-19 5.362552828292893e-16 4886
49 2.892301426861409e-19 3.382971738799056e-16 4068
49.5 1.928563815727745e-19 2.201096550630128e-16 3326
50 1.165438920009104e-19 1.361335601729028e-16 2696
50.5 7.157368725331639e-20 8.095575196100649e-17 2304
51 4.849607526851299e-20 5.556114727999239e-17 1934
51.5 2.43340954235198e-20 2.803423246190161e-17 1344
52 1.304439466882872e-20 1.574774244978234e-17 848
52.5 1.121742217883786e-20 1.346819876978157e-17 888
53 6.393943789965266e-21 7.340430617253254e-18 584
53.5 2.888465073767331e-21 3.458220977235072e-18 344
54 8.475292430245098e-22 1.146942663338061e-18 102
54.5 8.351788599094224e-22 9.505849137251963e-19 104
55 1.250812272403822e-22 3.284909026169657e-19 24
55.5 2.241141250507599e-23 4.286538325698365e-21 1

0.5 1.160894851189391e-06 2.354287064436325e-08 18
1 6.812095704670096e-08 5.594117564016415e-08 62
1.5 4.098752409416661e-08 7.427084104672609e-08 98
2 4.915642271729299e-08 2.836597450162393e-07 210
2.5 5.691204714363505e-08 4.406374254340641e-07 350
3 4.664643790424688e-08 5.248877347130903e-07 450
3.5 5.181968343469559e-08 7.393497929169919e-07 602
4 5.224810620506807e-08 9.700910473214988e-07 762
4.5 6.559286437024388e-08 1.467887205364069e-06 1142
5 6.538633229209398e-08 1.553800379170573e-06 1250
5.5 5.774951287201211e-08 1.955941059994786e-06 1458
6 6.318496676704231e-08 2.361184668636094e-06 1814
6.5 6.017809092257598e-08 2.4698197562708e-06 2178
7 5.446880718433807e-08 2.72296663838592e-06 2498
7.5 4.509707074087409e-08 2.529746341451082e-06 2622
8 4.777190053767769e-08 2.976962589858233e-06 3338
8.5 4.11252825224748e-08 2.841384473385864e-06 3722
9 3.694070044603444e-08 2.833451093694653e-06 4170
9.5 2.931116932117093e-08 2.579691762423048e-06 4358
10 2.705460816284242e-08 2.621111893094768e-06 5034
10.5 2.31191273362387e-08 2.476204250261633e-06 5714
11 1.829055574425386e-08 2.123498132913484e-06 5982
11.5 1.574922880535305e-08 1.878504778660228e-06 6602
12 1.259394281686359e-08 1.724562251574446e-06 7130
12.5 1.041345583737641e-08 1.548850219843429e-06 8034
13 8.464499358341256e-09 1.332152636537808e-06 8606
13.5 6.613545909121484e-09 1.14921592161375e-06 9066
14 5.399836125736684e-09 9.509483776766821e-07 9962
14.5 4.127800926423532e-09 8.049288412073643e-07 10550
15 3.238409275369931e-09 6.468155918785433e-07 11226
15.5 2.567067508267927e-09 5.510047447937228e-07 12146
16 1.95633686060724e-09 4.398782309032778e-07 12606
16.5 1.504426524515389e-09 3.653697348705029e-07 13802
17 1.175600662348546e-09 2.960116543484976e-07 14754
17.5 8.869630377992451e-10 2.38413732377295e-07 15194
18 6.855066132320846e-10 1.879329727754633e-07 16454
18.5 5.083642610767477e-10 1.485809316207973e-07 17154
19 3.741609576671561e-10 1.160495952719147e-07 18266
19.5 2.812398726336636e-10 9.052629241758272e-08 18750
20 2.129636204754462e-10 7.130568446770144e-08 20234
20.5 1.620455289513333e-10 5.506161484002934e-08 21450
21 1.172568653188269e-10 4.187227168672427e-08 21962
21.5 8.79992992324377e-11 3.318329118190067e-08 23462
22 6.422774486446933e-11 2.470586179481896e-08 24042
22.5 4.906841044861353e-11 2.019566802417326e-08 25946
23 3.444505783142635e-11 1.436898468564109e-08 26118
23.5 2.570503070215235e-11 1.108930913021194e-08 27506
24 1.928094176934218e-11 8.39594726382708e-09 29066
24.5 1.433676305788646e-11 6.443809995483727e-09 30450
25 1.043698436019542e-11 4.70360952419964e-09 31742
25.5 7.52348464636913e-12 3.647194888220745e-09 32250
26 5.696760024201598e-12 2.75635947556783e-09 34250
26.5 4.085033555054074e-12 2.067192161687141e-09 35454
27 3.018337777374162e-12 1.572214735485823e-09 36434
27.5 2.241201025054736e-12 1.179569233343271e-09 37682
28 1.686153228220412e-12 9.11874682421038e-10 39294
28.5 1.269256803458819e-12 7.103837010222221e-10 41426
29 9.324446513149448e-13 5.153422618095728e-10 42066
29.5 7.116402682089024e-13 4.01380143751566e-10 43490
30 5.426905744600705e-13 3.11862171632343e-10 45702
30.5 4.097809127609803e-13 2.386469074317029e-10 46634
31 3.152178606715259e-13 1.844573384855574e-10 48554
31.5 2.376116671367865e-13 1.396262532534021e-10 48870
32 1.869591691371098e-13 1.114082832669107e-10 50963
32.5 1.390085081578149e-13 8.542091353366758e-11 51576
33 9.567936592380575e-14 5.974611841372394e-11 49316
33.5 6.84290223558786e-14 4.484812755761844e-11 49344
34 4.753119195255753e-14 3.186900885144071e-11 47192
34.5 3.456536350986674e-14 2.370047900879483e-11 47576
35 2.376720500418723e-14 1.705304051450013e-11 45348
35.5 1.685799383287797e-14 1.20646092445692e-11 44060
36 1.225562028109024e-14 9.077466986281205e-12 43872
36.5 8.457202813593973e-15 6.435520275123195e-12 41756
37 6.120104884244403e-15 4.702496221255934e-12 41528
37.5 4.222357941366624e-15 3.304389454978082e-12 39300
38 2.97345962210479e-15 2.407157220432811e-12 38276
38.5 2.088743089706152e-15 1.715493127898575e-12 36900
39 1.447646185780527e-15 1.20348458006293e-12 34724
39.5 1.017250136300959e-15 8.81911831471909e-13 33960
40 7.176495978862888e-16 6.168755802369568e-13 32144
40.5 4.972530472919345e-16 4.351868349817056e-13 30704
41 3.455195151619265e-16 3.049815424960679e-13 28896
41.5 2.338730751977614e-16 2.140250098291369e-13 26924
42 1.65437735270683e-16 1.52138266091114e-13 25656
42.5 1.111369714742966e-16 1.028656856195447e-13 23228
43 7.692576185195719e-17 7.288025799201558e-14 21816
43.5 5.103125480725001e-17 4.865700210047544e-14 19472
44 3.457677550901604e-17 3.272799534351264e-14 17696
44.5 2.313005360113551e-17 2.223633312169936e-14 15588
45 1.46581216931581e-17 1.467890773882757e-14 13760
45.5 8.777578572579843e-18 8.868202729466947e-15 11565
46 5.264842585399066e-18 5.771497770220724e-15 10016
46.5 3.382990438134335e-18 3.612771425605296e-15 8652
47 2.143883400451893e-18 2.268684710250543e-15 7652
47.5 1.316457170696415e-18 1.458701650995456e-15 6542
48 8.338551680414193e-19 9.42504571732121e-16 5478
48.5 5.687316098611991e-19 6.351880926321602e-16 4886
49 3.459602683430639e-19 4.010147976189374e-16 4068
49.5 2.140420514787835e-19 2.584652058230245e-16 3326
50 1.336673319486721e-19 1.636302905301902e-16 2696
50.5 8.832785182646128e-20 9.428448172308299e-17 2304
51 5.45900637424598e-20 6.631147742988359e-17 1934
51.5 2.879931178839091e-20 3.358582415091304e-17 1344
52 1.72701283676592e-20 1.707793647195307e-17 848
52.5 1.294997170618998e-20 1.675394654088109e-17 888
53 7.69345089753291e-21 8.570119906464842e-18 584
53.5 3.447106325594433e-21 4.108140087367759e-18 344
54 1.023069878898167e-21 1.277251392473013e-18 102
54.5 1.002530561745753e-21 1.139684717289365e-18 104
55 2.7876156433685e-22 1.566052773812566e-19 24
55.5 1.337441820631942e-27 3.040819191407864e-20 1

0.5 2.442033013675398e-07 4.746654288731292e-07 18
1 2.920426940041801e-08 5.520037078589387e-08 62
1.5 2.472718530216456e-08 6.520366603994894e-08 98
2 4.132663756949949e-08 2.372931752021863e-07 210
2.5 5.338222524027701e-08 3.51141644500642e-07 350
3 4.697768127987636e-08 4.772787649675201e-07 450
3.5 5.203575460313835e-08 6.958216373329846e-07 602
4 5.186871610140366e-08 9.068846675830509e-07 762
4.5 6.129432318422617e-08 1.45058631736592e-06 1142
5 6.158022311295762e-08 1.544645040187669e-06 1250
5.5 5.97214982711936e-08 1.749169701602329e-06 1458
6 6.080585140205497e-08 2.26372871020268e-06 1814
6.5 5.677288221352472e-08 2.432222983534739e-06 2178
7 5.222376452468049e-08 2.635852847743385e-06 2498
7.5 4.387500035459531e-08 2.474321972633519e-06 2622
8 4.686205920051667e-08 2.8463810356141e-06 3338
8.5 4.03654635462655e-08 2.751832988825514e-06 3722
9 3.494041202441895e-08 2.778367682332875e-06 4170
9.5 2.856283494239332e-08 2.471007853011988e-06 4358
10 2.694226241649506e-08 2.535767427701145e-06 5034
10.5 2.284066790054479e-08 2.384408000189584e-06 5714
11 1.775273019104345e-08 2.116471345519577e-06 5982
11.5 1.565422104130865e-08 1.850136429104325e-06 6602
12 1.258915539887099e-08 1.683626833296879e-06 7130
12.5 1.044102906846842e-08 1.504155057723221e-06 8034
13 8.349109671159176e-09 1.323426145495379e-06 8606
13.5 6.710221319061758e-09 1.123102311523421e-06 9066
14 5.34654235178355e-09 9.53886461415725e-07 9962
14.5 4.114723801413654e-09 8.067726065881434e-07 10550
15 3.196869884626892e-09 6.570297408045911e-07 11226
15.5 2.565796061952981e-09 5.55588442761831e-07 12146
16 1.948599829797959e-09 4.440392772601692e-07 12606
16.5 1.512588760210889e-09 3.657180037804575e-07 13802
17 1.188088117468228e-09 3.008888920549017e-07 14754
17.5 8.923396434742064e-10 2.418127503710509e-07 15194
18 6.831013526546764e-10 1.959430664272359e-07 16454
18.5 5.178723933461207e-10 1.503922008978087e-07 17154
19 3.875611876634853e-10 1.165384356700975e-07 18266
19.5 2.885441175345098e-10 9.128953748327023e-08 18750
20 2.165570887872023e-10 7.266238938136673e-08 20234
20.5 1.637405246178552e-10 5.728163128563015e-08 21450
21 1.164592972607837e-10 4.384885857998995e-08 21962
21.5 9.116403933157005e-11 3.394475179936188e-08 23462
22 6.665410277159261e-11 2.541003211878744e-08 24042
22.5 5.12971841077415e-11 2.077641596052295e-08 25946
23 3.565035008549263e-11 1.491242857586164e-08 26118
23.5 2.689004517916886e-11 1.140600270293057e-08 27506
24 1.987916986144699e-11 8.934434970805857e-09 29066
24.5 1.49543309675034e-11 6.788756887037307e-09 30450
25 1.064445308416856e-11 5.089934327169565e-09 31742
25.5 7.943428862327433e-12 3.806222917440745e-09 32250
26 5.916684344848631e-12 2.946693742776208e-09 34250
26.5 4.365570180696162e-12 2.181250624159946e-09 35454
27 3.223812702724957e-12 1.665183259953506e-09 36434
27.5 2.378682296644955e-12 1.249160294109212e-09 37682
28 1.794583029700025e-12 9.62715819210704e-10 39294
28.5 1.366615136841604e-12 7.527791908019196e-10 41426
29 9.961808192020124e-13 5.52850266833877e-10 42066
29.5 7.659556665916618e-13 4.24944999900129e-10 43490
30 5.824589125845906e-13 3.341709980861954e-10 45702
30.5 4.415925339581506e-13 2.552528774810555e-10 46634
31 3.451438596701871e-13 1.989980358667196e-10 48554
31.5 2.576957166746475e-13 1.520146318580652e-10 48870
32 2.028962769473733e-13 1.19401101617951e-10 50963
32.5 1.514735828643742e-13 9.250711627041776e-11 51576
33 1.037463475642594e-13 6.52871448032131e-11 49316
33.5 7.530114001180214e-14 4.901112186439406e-11 49344
34 5.208208986394403e-14 3.4793457528173e-11 47192
34.5 3.793854295343342e-14 2.607460427764581e-11 47576
35 2.626099532876125e-14 1.848202088385621e-11 45348
35.5 1.842050352344829e-14 1.337709662162213e-11 44060
36 1.369364316851754e-14 9.953513163751693e-12 43872
36.5 9.324553891393313e-15 7.157193394432363e-12 41756
37 6.74265111113321e-15 5.219747278704059e-12 41528
37.5 4.687710843970466e-15 3.676695549380169e-12 39300
38 3.343757990878308e-15 2.672850145171594e-12 38276
38.5 2.34066610408349e-15 1.91583839564237e-12 36900
39 1.621706465418497e-15 1.36704782809022e-12 34724
39.5 1.157761347528937e-15 9.810845925443595e-13 33960
40 8.097385337207915e-16 6.809948024420932e-13 32144
40.5 5.628787906585016e-16 4.92971201684565e-13 30704
41 3.886779046860106e-16 3.43261237258989e-13 28896
41.5 2.648857904458683e-16 2.424572119865182e-13 26924
42 1.888839832763299e-16 1.71530502209222e-13 25656
42.5 1.263572198937031e-16 1.164865276618967e-13 23228
43 8.86840117734898e-17 8.241057053739945e-14 21816
43.5 5.999812393813157e-17 5.459455897250997e-14 19472
44 3.945573425374208e-17 3.793578979304506e-14 17696
44.5 2.612978348183578e-17 2.567401182492073e-14 15588
45 1.687465496921024e-17 1.671604344345661e-14 13760
45.5 1.018954625855954e-17 1.026642749028501e-14 11565
46 6.225729642987151e-18 6.523488590821188e-15 10016
46.5 3.864071369605066e-18 4.237876968102932e-15 8652
47 2.424575191716252e-18 2.662094249880362e-15 7652
47.5 1.544785152274133e-18 1.713435384666693e-15 6542
48 9.770709913942394e-19 1.068061655695158e-15 5478
48.5 6.437298758542659e-19 7.408434254396553e-16 4886
49 3.959120007667721e-19 4.589512605332796e-16 4068
49.5 2.460197104539717e-19 2.95940954480425e-16 3326
50 1.597939139875693e-19 1.836003109285525e-16 2696
50.5 9.923100259487062e-20 1.192712988410333e-16 2304
51 6.586525885851159e-20 7.485872643595538e-17 1934
51.5 3.45395085210936e-20 3.887169205530655e-17 1344
52 1.960368952183909e-20 1.956086078710686e-17 848
52.5 1.521271584845633e-20 1.840754137378652e-17 888
53 7.579834168201675e-21 1.083733559530362e-17 584
53.5 4.632702369957868e-21 4.343711599134883e-18 344
54 1.291308500017144e-21 1.340866032515729e-18 102
54.5 1.139819421516451e-21 1.42543822400731e-18 104
55 2.156348163689981e-22 3.617214521814607e-19 24
55.5 5.980541104790365e-23 1.054038184805858e-21 1

0.5 1.610963821747528e-07 4.800837187393974e-07 18
1 2.888345319960687e-08 4.529664561133396e-08 62
1.5 1.72226199733557e-08 9.325028862020438e-08 98
2 5.32041168686646e-08 1.775813128089893e-07 210
2.5 5.157746635054917e-08 3.855164247424226e-07 350
3 4.524968228916722e-08 4.653020604728848e-07 450
3.5 4.885555652933436e-08 6.55809473340464e-07 602
4 5.261544431613957e-08 8.78095382342638e-07 762
4.5 6.323421984104086e-08 1.269011553479397e-06 1142
5 5.647973251383588e-08 1.548460727077459e-06 1250
5.5 5.791517508728563e-08 1.710707312422925e-06 1458
6 5.935363294579943e-08 2.087261607476881e-06 1814
6.5 5.411856115949687e-08 2.415118627181698e-06 2178
7 4.988612069868311e-08 2.560327844289671e-06 2498
7.5 4.142609472529552e-08 2.448526338976027e-06 2622
8 4.622084785251477e-08 2.73131598215889e-06 3338
8.5 3.863244650367937e-08 2.76136360411395e-06 3722
9 3.505895895693022e-08 2.65840278257693e-06 4170
9.5 2.814424506089948e-08 2.390491854531296e-06 4358
10 2.586513811745448e-08 2.510689692942473e-06 5034
10.5 2.217112953454566e-08 2.365736892157365e-06 5714
11 1.77229273499832e-08 2.050854739415485e-06 5982
11.5 1.483584642492294e-08 1.893687473838182e-06 6602
12 1.243938489424497e-08 1.686308090071451e-06 7130
12.5 1.023951191767221e-08 1.502047491076423e-06 8034
13 8.268250009990382e-09 1.314527644080722e-06 8606
13.5 6.698001868234335e-09 1.123806554207719e-06 9066
14 5.337604671629398e-09 9.610025268038449e-07 9962
14.5 4.173297213829437e-09 8.142612705343281e-07 10550
15 3.298466726679562e-09 6.528155518699534e-07 11226
15.5 2.56741129000435e-09 5.722774449493551e-07 12146
16 1.98572351871307e-09 4.475896199596926e-07 12606
16.5 1.572191328717791e-09 3.677655240336345e-07 13802
17 1.207183714562555e-09 3.069317877606386e-07 14754
17.5 9.231689854193942e-10 2.450665386317638e-07 15194
18 7.092771655235815e-10 2.002470866349554e-07 16454
18.5 5.417586534198921e-10 1.5313879733927e-07 17154
19 4.000438596856072e-10 1.212672054367789e-07 18266
19.5 2.96094572837467e-10 9.597704870952902e-08 18750
20 2.269080493600472e-10 7.614381039065512e-08 20234
20.5 1.702401168872748e-10 6.033982219357364e-08 21450
21 1.255712675319509e-10 4.466374717920242e-08 21962
21.5 9.631933878881307e-11 3.554020323876811e-08 23462
22 6.891242595209757e-11 2.736391532107638e-08 24042
22.5 5.475419731301449e-11 2.157879075061026e-08 25946
23 3.819003735982279e-11 1.550416627775531e-08 26118
23.5 2.858811732909683e-11 1.212739848797566e-08 27506
24 2.146567566762503e-11 9.436388972085949e-09 29066
24.5 1.600025290913924e-11 7.214173945204696e-09 30450
25 1.159843670251114e-11 5.418446733188972e-09 31742
25.5 8.417473195170668e-12 4.137120972685664e-09 32250
26 6.4807228547783e-12 3.139168019317982e-09 34250
26.5 4.722595572834349e-12 2.358229996954769e-09 35454
27 3.482265548405124e-12 1.797869616605545e-09 36434
27.5 2.613114356939028e-12 1.348972547153644e-09 37682
28 1.962755223686569e-12 1.043598874991961e-09 39294
28.5 1.484179320311642e-12 8.212908927574447e-10 41426
29 1.089279982020351e-12 6.000551952999122e-10 42066
29.5 8.340356818573524e-13 4.656658475660377e-10 43490
30 6.326300863915912e-13 3.676951382981609e-10 45702
30.5 4.875731291781654e-13 2.806449041819344e-10 46634
31 3.753208682879603e-13 2.205404972867565e-10 48554
31.5 2.856121526069965e-13 1.677415746854006e-10 48870
32 2.208514230645374e-13 1.348101986186961e-10 50963
32.5 1.673852081867203e-13 1.019774090975149e-10 51576
33 1.143992099883508e-13 7.25423068095528e-11 49316
33.5 8.361706177039606e-14 5.437300514779313e-11 49344
34 5.747991386839206e-14 3.906001551728286e-11 47192
34.5 4.213034867108995e-14 2.899893823158528e-11 47576
35 2.946257140319628e-14 2.074914573698834e-11 45348
35.5 2.05499554456613e-14 1.50705239040061e-11 44060
36 1.528860992500609e-14 1.121209297401499e-11 43872
36.5 1.058313597360996e-14 7.933361351853061e-12 41756
37 7.591674368398425e-15 5.885432979744902e-12 41528
37.5 5.22958441263585e-15 4.184286114728361e-12 39300
38 3.711899528511938e-15 3.03724912214647e-12 38276
38.5 2.628906520969399e-15 2.164236441385764e-12 36900
39 1.830849725583008e-15 1.525874972009783e-12 34724
39.5 1.320156612838668e-15 1.102570856336241e-12 33960
40 9.045710335398063e-16 7.901610163595396e-13 32144
40.5 6.356403871466385e-16 5.615621896796438e-13 30704
41 4.42855061787072e-16 3.887431578750954e-13 28896
41.5 3.056828620773949e-16 2.7545451064155e-13 26924
42 2.181627034863894e-16 1.95024026434138e-13 25656
42.5 1.438078894329814e-16 1.336275378720424e-13 23228
43 1.003210664137828e-16 9.466422738713657e-14 21816
43.5 6.801931485431582e-17 6.336907482762246e-14 19472
44 4.585069785865795e-17 4.374049915238126e-14 17696
44.5 3.006874610690779e-17 2.944482870675404e-14 15588
45 1.92746029686084e-17 1.904119801860544e-14 13760
45.5 1.207778194032349e-17 1.169129223841422e-14 11565
46 7.163684220666255e-18 7.648904114521747e-15 10016
46.5 4.609464290402885e-18 4.791417289688916e-15 8652
47 2.783496615695218e-18 3.168809073068799e-15 7652
47.5 1.824271458835783e-18 1.981279585016945e-15 6542
48 1.10374389343824e-18 1.277067528256266e-15 5478
48.5 7.767302032627275e-19 8.421387781046711e-16 4886
49 4.650885800772488e-19 5.245120522069656e-16 4068
49.5 2.9401635069465e-19 3.301486865351037e-16 3326
50 1.807828905476994e-19 2.145262305564332e-16 2696
50.5 1.151727727670956e-19 1.372944692629737e-16 2304
51 7.460994180865651e-20 9.344597832556154e-17 1934
51.5 3.883927179383931e-20 4.739366847946412e-17 1344
52 2.098119731228956e-20 2.406671040631902e-17 848
52.5 1.851512401633222e-20 2.072030880164545e-17 888
53 1.033546492687781e-20 1.209412442881255e-17 584
53.5 4.57752670094603e-21 6.620275715819581e-18 344
54 1.339456732318508e-21 1.732347924749747e-18 102
54.5 1.131345187135115e-21 1.610815506952175e-18 104
55 3.112220923668122e-22 2.226193328662943e-19 24
55.5 5.52155930285795e-26 5.31161782630959e-20 1

0.5 8.166490004837646e-07 2.562916935210059e-08 18
1 4.982311787733002e-08 3.236663226094203e-08 62
1.5 2.773603372280921e-08 5.682085481119666e-08 98
2 3.562524406843801e-08 2.233962125989576e-07 210
2.5 4.160100739872121e-08 3.550004983040158e-07 350
3 4.183867927120155e-08 4.636386223652149e-07 450
3.5 4.122175931080986e-08 6.518346452796163e-07 602
4 4.687090828887912e-08 8.419590178010735e-07 762
4.5 5.693517326798706e-08 1.27890890638688e-06 1142
5 5.560336663006084e-08 1.383930099680328e-06 1250
5.5 5.42484157552528e-08 1.687562568419666e-06 1458
6 5.607850855957761e-08 2.097714617080267e-06 1814
6.5 5.45856671188036e-08 2.227490851805125e-06 2178
7 5.112511434219575e-08 2.334095378531971e-06 2498
7.5 4.16749425028767e-08 2.338495488687979e-06 2622
8 4.187603094342469e-08 2.847885944568389e-06 3338
8.5 3.800158653647147e-08 2.682630082849569e-06 3722
9 3.4246225996987e-08 2.574354468299914e-06 4170
9.5 2.748726314662548e-08 2.352046607936268e-06 4358
10 2.50817870018024e-08 2.478845750155763e-06 5034
10.5 2.204455559751781e-08 2.304479513504486e-06 5714
11 1.726728391432188e-08 2.054337237875818e-06 5982
11.5 1.48492203792338e-08 1.864710982067129e-06 6602
12 1.252365320916038e-08 1.643723185107093e-06 7130
12.5 1.023660098110741e-08 1.509996138834697e-06 8034
13 8.271966577883347e-09 1.30932522586825e-06 8606
13.5 6.903119578842589e-09 1.095576649134658e-06 9066
14 5.414319070270085e-09 9.690920386957926e-07 9962
14.5 4.375573009483242e-09 8.085461767877565e-07 10550
15 3.269483623338867e-09 6.782963756866626e-07 11226
15.5 2.68005046318842e-09 5.742983572172853e-07 12146
16 1.999619215211243e-09 4.628200711510626e-07 12606
16.5 1.618977263555077e-09 3.749435720547449e-07 13802
17 1.245327803275824e-09 3.14761606192222e-07 14754
17.5 9.420947436154623e-10 2.560608483608539e-07 15194
18 7.396517556422813e-10 2.044100745671102e-07 16454
18.5 5.590757139991416e-10 1.601231235118819e-07 17154
19 4.17482907478636e-10 1.267583420313804e-07 18266
19.5 3.138809244306886e-10 9.922022070583846e-08 18750
20 2.372629508351853e-10 7.890540325437333e-08 20234
20.5 1.779608896510382e-10 6.278497080021901e-08 21450
21 1.304630947462594e-10 4.701794918533846e-08 21962
21.5 1.006263634346031e-10 3.758998256749807e-08 23462
22 7.32740120117185e-11 2.82775945394097e-08 24042
22.5 5.668555048558188e-11 2.27468248165533e-08 25946
23 3.995837274840434e-11 1.635495837236437e-08 26118
23.5 3.014098777687832e-11 1.278299573415422e-08 27506
24 2.230438229237739e-11 9.876543119757329e-09 29066
24.5 1.666643773206062e-11 7.687949325923461e-09 30450
25 1.226784710374972e-11 5.690017553853821e-09 31742
25.5 8.991154134763252e-12 4.273332050098557e-09 32250
26 6.791964671404261e-12 3.320154648892199e-09 34250
26.5 4.988692059353254e-12 2.496750194089543e-09 35454
27 3.68880261742379e-12 1.906591248282407e-09 36434
27.5 2.776482538946975e-12 1.443353162134945e-09 37682
28 2.101108880722637e-12 1.118428060654907e-09 39294
28.5 1.616277896224681e-12 8.699700670160647e-10 41426
29 1.162635837187211e-12 6.571724154758653e-10 42066
29.5 9.089268203964256e-13 4.995764172175714e-10 43490
30 6.923263879004328e-13 3.973041776282472e-10 45702
30.5 5.252635909942378e-13 3.075354932554727e-10 46634
31 4.13559266817714e-13 2.370879858851163e-10 48554
31.5 3.081785962850093e-13 1.861406003615465e-10 48870
32 2.469568401335905e-13 1.455045044794814e-10 50963
32.5 1.840009046333067e-13 1.115949739777013e-10 51576
33 1.270139483704362e-13 8.004168182633394e-11 49316
33.5 9.173860675579162e-14 5.979072259465386e-11 49344
34 6.401355582272925e-14 4.294230124858623e-11 47192
34.5 4.705140479287485e-14 3.217099574657786e-11 47576
35 3.227884617318054e-14 2.31660253829764e-11 45348
35.5 2.302487874661275e-14 1.675577074269306e-11 44060
36 1.710094401855128e-14 1.250097983936035e-11 43872
36.5 1.178724974848589e-14 8.936416423270581e-12 41756
37 8.422139940848778e-15 6.609999640731716e-12 41528
37.5 5.905047701643038e-15 4.673866246272908e-12 39300
38 4.126467161725718e-15 3.384502681614396e-12 38276
38.5 2.971226255692528e-15 2.402265901198133e-12 36900
39 2.071715118186648e-15 1.713319719556208e-12 34724
39.5 1.471778326279497e-15 1.247627162726423e-12 33960
40 1.023053051017294e-15 8.746972131552926e-13 32144
40.5 7.286710934386656e-16 6.247020722172993e-13 30704
41 4.95242697563194e-16 4.393458272448874e-13 28896
41.5 3.428859270684276e-16 3.111188483106421e-13 26924
42 2.438176793204945e-16 2.222906462053295e-13 25656
42.5 1.621322176114871e-16 1.504508257674786e-13 23228
43 1.154225733658283e-16 1.065604429955724e-13 21816
43.5 7.752539759160083e-17 7.184105736433531e-14 19472
44 5.224489512158516e-17 5.006369821191268e-14 17696
44.5 3.460583476197804e-17 3.362462990301389e-14 15588
45 2.194804195753067e-17 2.166908406123883e-14 13760
45.5 1.318610916503054e-17 1.369385200778356e-14 11565
46 8.495310294298697e-18 8.554526527659247e-15 10016
46.5 5.333169390024963e-18 5.41400428937555e-15 8652
47 3.286590800546147e-18 3.547646660019466e-15 7652
47.5 2.118158033426547e-18 2.258640857397117e-15 6542
48 1.308362712851447e-18 1.44659790057003e-15 5478
48.5 8.723287136951967e-19 9.947804064272404e-16 4886
49 5.487574479335286e-19 5.995782471635189e-16 4068
49.5 3.161284081299251e-19 3.951858925815151e-16 3326
50 2.212271586319973e-19 2.335127450757084e-16 2696
50.5 1.319537802378901e-19 1.628326643045245e-16 2304
51 9.258933587667276e-20 9.996538471555635e-17 1934
51.5 4.545791677073506e-20 5.342410139146105e-17 1344
52 2.426001037281059e-20 2.954914802286933e-17 848
52.5 2.163709942010375e-20 2.47463252839944e-17 888
53 1.315319662817484e-20 1.304334408743213e-17 584
53.5 5.578248656502289e-21 7.11090969662557e-18 344
54 1.724900337896786e-21 1.711687292601988e-18 102
54.5 1.489223418485114e-21 1.796727278790681e-18 104
55 1.857340473766777e-22 3.557726904661335e-19 24
55.5 4.814478604871261e-23 3.290423203314954e-21 1

0.5 2.659283459478366e-07 3.548165511878427e-07 18
1 2.180100729911674e-08 5.187392319840489e-08 62
1.5 1.937896824574762e-08 4.897253702824511e-08 98
2 3.495550371930839e-08 1.925626467187588e-07 210
2.5 4.531462728796335e-08 2.788822693521994e-07 350
3 4.165453964494562e-08 4.028622624247917e-07 450
3.5 4.067252632346775e-08 5.677732471662512e-07 602
4 4.930459715622149e-08 7.582838192454983e-07 762
4.5 5.479984370174156e-08 1.1917889191576e-06 1142
5 5.244827215307149e-08 1.389933103183158e-06 1250
5.5 5.112273474109699e-08 1.665955494498537e-06 1458
6 5.364726508517194e-08 1.999472230295543e-06 1814
6.5 5.102095315483011e-08 2.181319961149603e-06 2178
7 4.814546918954499e-08 2.349476577236128e-06 2498
7.5 3.952051918067653e-08 2.300883054230091e-06 2622
8 4.373926261139051e-08 2.584075126566489e-06 3338
8.5 3.574024026537357e-08 2.631376675874599e-06 3722
9 3.296626893268056e-08 2.535904873838447e-06 4170
9.5 2.620764189059345e-08 2.335789962962533e-06 4358
10 2.552967387100141e-08 2.332180817944761e-06 5034
10.5 2.174700855904819e-08 2.245524729434564e-06 5714
11 1.72540908694476e-08 1.96057735339578e-06 5982
11.5 1.456299906596976e-08 1.819904926675632e-06 6602
12 1.217692604279687e-08 1.643817926056345e-06 7130
12.5 1.005304702546843e-08 1.483770650044729e-06 8034
13 8.296947218039419e-09 1.285851119500669e-06 8606
13.5 6.517631941257537e-09 1.124773488875447e-06 9066
14 5.340253023185139e-09 9.694143195259064e-07 9962
14.5 4.317026877154962e-09 8.091521696786094e-07 10550
15 3.29171323781164e-09 6.727295372966672e-07 11226
15.5 2.67213580090341e-09 5.717425925394885e-07 12146
16 2.037229089170523e-09 4.584479021253948e-07 12606
16.5 1.615781441635987e-09 3.77225939693445e-07 13802
17 1.268202628780263e-09 3.098775596529354e-07 14754
17.5 9.551268474033254e-10 2.561645552743777e-07 15194
18 7.451591438187449e-10 2.042977076997586e-07 16454
18.5 5.706416599941305e-10 1.618125391125917e-07 17154
19 4.225874101215657e-10 1.277662073550037e-07 18266
19.5 3.193404627014575e-10 1.006244796513751e-07 18750
20 2.428293251834908e-10 8.010984379368568e-08 20234
20.5 1.862501999321964e-10 6.195235314827454e-08 21450
21 1.33400378251893e-10 4.795023912315045e-08 21962
21.5 1.026516212337842e-10 3.837822599826888e-08 23462
22 7.469244343103668e-11 2.890641042454927e-08 24042
22.5 5.823238868064047e-11 2.333641952935445e-08 25946
23 4.110010884184083e-11 1.692736762095206e-08 26118
23.5 3.078395175616041e-11 1.322156255697519e-08 27506
24 2.320412923751156e-11 1.021814016580202e-08 29066
24.5 1.732189483839806e-11 7.914921998276975e-09 30450
25 1.286729120844746e-11 5.855282563083725e-09 31742
25.5 9.34121911361099e-12 4.44789109982204e-09 32250
26 7.005412924094734e-12 3.489967490510084e-09 34250
26.5 5.187472233442726e-12 2.608566698332225e-09 35454
27 3.848329042551035e-12 1.996323117342068e-09 36434
27.5 2.866867073160557e-12 1.518391539136229e-09 37682
28 2.182665879881304e-12 1.178946390511446e-09 39294
28.5 1.688982131920188e-12 9.224588898075392e-10 41426
29 1.231684067084512e-12 6.818535466797568e-10 42066
29.5 9.448568026257288e-13 5.302046722499537e-10 43490
30 7.289068211263937e-13 4.158538860181562e-10 45702
30.5 5.603273006241873e-13 3.196277233123501e-10 46634
31 4.323535088581443e-13 2.522821894432998e-10 48554
31.5 3.30447484853173e-13 1.943980800577349e-10 48870
32 2.63117729042195e-13 1.548904487302776e-10 50963
32.5 1.972959607480317e-13 1.186059721567654e-10 51576
33 1.356299327133488e-13 8.63936266042719e-11 49316
33.5 9.809836476814752e-14 6.440229456574908e-11 49344
34 6.903171943209979e-14 4.591097068434515e-11 47192
34.5 5.067433882437262e-14 3.467404637092258e-11 47576
35 3.491751759796588e-14 2.498833732497876e-11 45348
35.5 2.474505701458713e-14 1.813822511459348e-11 44060
36 1.844488001003542e-14 1.349734986582755e-11 43872
36.5 1.281555670572011e-14 9.612291021073117e-12 41756
37 9.247983768118845e-15 7.18880918422488e-12 41528
37.5 6.421001593389277e-15 5.087191984719803e-12 39300
38 4.599979537459303e-15 3.646272676726836e-12 38276
38.5 3.211516307965107e-15 2.66310455543862e-12 36900
39 2.279594854099519e-15 1.874293630388584e-12 34724
39.5 1.610335067360933e-15 1.37336574497664e-12 33960
40 1.127666800188112e-15 9.718679826832027e-13 32144
40.5 7.949161984687483e-16 7.00419330079715e-13 30704
41 5.512989665485065e-16 4.884471753833694e-13 28896
41.5 3.802342626400026e-16 3.465314703591876e-13 26924
42 2.735171735433938e-16 2.473043873483699e-13 25656
42.5 1.821646681875349e-16 1.654119484084394e-13 23228
43 1.288836579717351e-16 1.189970108658239e-13 21816
43.5 8.636752493836468e-17 8.043693365116443e-14 19472
44 5.949509884932051e-17 5.49984417451275e-14 17696
44.5 3.930919536649307e-17 3.757951597511634e-14 15588
45 2.466516480926022e-17 2.417436768645426e-14 13760
45.5 1.502251518670561e-17 1.547259042959098e-14 11565
46 9.352404673430737e-18 9.869438721220581e-15 10016
46.5 5.719903305120841e-18 6.264892889288373e-15 8652
47 3.68608450698058e-18 4.030421636353496e-15 7652
47.5 2.297562636031099e-18 2.704248057578003e-15 6542
48 1.449895259822672e-18 1.64545877052982e-15 5478
48.5 1.023876145630293e-18 1.121100616488405e-15 4886
49 6.133957688190623e-19 6.803013275958285e-16 4068
49.5 3.82302393524552e-19 4.382759647374786e-16 3326
50 2.462603399817856e-19 2.766455243278407e-16 2696
50.5 1.56623120368937e-19 1.81120352142062e-16 2304
51 1.049292851419497e-19 1.184730378559958e-16 1934
51.5 5.241513000665463e-20 6.511539315563208e-17 1344
52 2.882082478607298e-20 3.51317080169791e-17 848
52.5 2.539809672788637e-20 2.905572767314887e-17 888
53 1.406371368029413e-20 1.693617225610745e-17 584
53.5 7.174455245134391e-21 7.311946465630335e-18 344
54 1.577542006663159e-21 2.090842685970325e-18 102
54.5 1.99815821939218e-21 2.185878446491929e-18 104
55 3.319616835922819e-22 2.978196197756552e-19 24
55.5 1.095961919843966e-23 5.304726980422408e-20 1

0.5 8.24056885772028e-08 3.914984894387878e-07 18
1 1.659830914024502e-08 4.808267759340748e-08 62
1.5 1.602721082577181e-08 5.704221503532482e-08 98
2 3.811583410570407e-08 1.45271695940445e-07 210
2.5 4.095825521144106e-08 3.262906208973833e-07 350
3 3.774655212932288e-08 3.882316805838036e-07 450
3.5 3.846032984563406e-08 5.205393099760604e-07 602
4 4.443264348287075e-08 7.485322714053056e-07 762
4.5 5.53852405944153e-08 1.118259331799929e-06 1142
5 5.288906726016042e-08 1.256169535740434e-06 1250
5.5 4.94715074893049e-08 1.588060402126616e-06 1458
6 5.422636161542894e-08 1.85612854225525e-06 1814
6.5 5.002153912410419e-08 2.12257353374608e-06 2178
7 4.563669947024222e-08 2.290095741179201e-06 2498
7.5 3.933033989153484e-08 2.184897474809541e-06 2622
8 4.085889705962907e-08 2.566913817863271e-06 3338
8.5 3.496171766062005e-08 2.552586652821395e-06 3722
9 3.123509861724454e-08 2.481028625272556e-06 4170
9.5 2.610071084129494e-08 2.246162798365946e-06 4358
10 2.404479026728714e-08 2.355125748411724e-06 5034
10.5 2.126286747127276e-08 2.215005619112756e-06 5714
11 1.655796544356143e-08 1.980286318522142e-06 5982
11.5 1.393078300127599e-08 1.82310464374673e-06 6602
12 1.208759050546122e-08 1.618803881118384e-06 7130
12.5 1.011994786206494e-08 1.458524601216878e-06 8034
13 8.250016246405747e-09 1.269887810887093e-06 8606
13.5 6.647410563485234e-09 1.092842537795748e-06 9066
14 5.421635147316995e-09 9.511304904693156e-07 9962
14.5 4.276726767595057e-09 8.252219119310213e-07 10550
15 3.399258111336706e-09 6.603852155631109e-07 11226
15.5 2.726437152905082e-09 5.709743152498927e-07 12146
16 2.048829367736458e-09 4.646555587817033e-07 12606
16.5 1.608995597668712e-09 3.879434201828617e-07 13802
17 1.285968747637096e-09 3.164604573612156e-07 14754
17.5 9.885015988393113e-10 2.570289359097857e-07 15194
18 7.701833734738866e-10 2.073630031203065e-07 16454
18.5 5.75377917804626e-10 1.675101759680578e-07 17154
19 4.317717470233407e-10 1.302735791605778e-07 18266
19.5 3.293719827638063e-10 1.021578766645094e-07 18750
20 2.492113201423316e-10 8.319813139055292e-08 20234
20.5 1.881787046627536e-10 6.539398838965201e-08 21450
21 1.405956634379572e-10 4.895919630188165e-08 21962
21.5 1.05627493639415e-10 3.988341280249364e-08 23462
22 7.704013737973638e-11 3.00021994986045e-08 24042
22.5 5.980709751804888e-11 2.446551970959909e-08 25946
23 4.241895759819858e-11 1.77890232622693e-08 26118
23.5 3.215633844628877e-11 1.384446431708425e-08 27506
24 2.418226507752623e-11 1.076784433997433e-08 29066
24.5 1.839828688160077e-11 8.219903026894663e-09 30450
25 1.333836558983521e-11 6.311171176743731e-09 31742
25.5 9.734361642157721e-12 4.692941426302232e-09 32250
26 7.463934717089924e-12 3.657970680231522e-09 34250
26.5 5.516557012230048e-12 2.758184893736722e-09 35454
27 4.067000601218187e-12 2.112828333877502e-09 36434
27.5 3.047205038095084e-12 1.60851741550131e-09 37682
28 2.327690537034893e-12 1.248253397299189e-09 39294
28.5 1.809434193418741e-12 9.737982130986543e-10 41426
29 1.316851034214651e-12 7.254508330512894e-10 42066
29.5 1.014106089088868e-12 5.686852676624647e-10 43490
30 7.71414247455261e-13 4.471594148721867e-10 45702
30.5 6.014038123377027e-13 3.445454016898822e-10 46634
31 4.63513609646266e-13 2.731882143586861e-10 48554
31.5 3.624764867918152e-13 2.067830726246322e-10 48870
32 2.813661547343803e-13 1.684498109935958e-10 50963
32.5 2.112805511090191e-13 1.290941106575911e-10 51576
33 1.487231283132329e-13 9.29808288438129e-11 49316
33.5 1.067889806298862e-13 6.944419480273773e-11 49344
34 7.447912774222042e-14 5.058753986947253e-11 47192
34.5 5.524098434772542e-14 3.808242457212099e-11 47576
35 3.86474955097023e-14 2.697652990565602e-11 45348
35.5 2.758428122492403e-14 1.966655783704146e-11 44060
36 2.02878946038988e-14 1.489635287997702e-11 43872
36.5 1.417235800626021e-14 1.053362218130144e-11 41756
37 1.02483921389422e-14 7.840536632917468e-12 41528
37.5 7.078269271307785e-15 5.613016832394178e-12 39300
38 5.060166052809419e-15 4.039689310290043e-12 38276
38.5 3.568920576648096e-15 2.894261561697519e-12 36900
39 2.486506066818411e-15 2.096098852910431e-12 34724
39.5 1.808274134522937e-15 1.530462484273302e-12 33960
40 1.253169489351751e-15 1.089795153876106e-12 32144
40.5 8.831317201810724e-16 7.818772948096637e-13 30704
41 6.221025129227514e-16 5.431948385883367e-13 28896
41.5 4.321116778270325e-16 3.866202072923181e-13 26924
42 3.072959561812697e-16 2.783686438924161e-13 25656
42.5 2.020919817393376e-16 1.880833548440735e-13 23228
43 1.442515755222926e-16 1.35650430534177e-13 21816
43.5 9.712952091958364e-17 9.197001380930488e-14 19472
44 6.713144296078215e-17 6.339030785028282e-14 17696
44.5 4.496784667346334e-17 4.284658086819127e-14 15588
45 2.791029028591104e-17 2.761041636886244e-14 13760
45.5 1.711494076425256e-17 1.769981625582181e-14 11565
46 1.082275571867059e-17 1.121889540039456e-14 10016
46.5 6.76993544320808e-18 7.026122084646385e-15 8652
47 4.178168386901879e-18 4.772535717270533e-15 7652
47.5 2.770303439876385e-18 2.940095910529975e-15 6542
48 1.710869687204155e-18 1.921613553601033e-15 5478
48.5 1.183791346995107e-18 1.305765859417336e-15 4886
49 6.927649121809538e-19 7.976082506523262e-16 4068
49.5 4.36528688543766e-19 5.196814763222294e-16 3326
50 2.820372230317633e-19 3.288776891077471e-16 2696
50.5 1.858464693076645e-19 2.029607442589676e-16 2304
51 1.14634120327868e-19 1.445202067618132e-16 1934
51.5 6.474904210736389e-20 7.493968926298322e-17 1344
52 3.094591474773451e-20 4.015242236193072e-17 848
52.5 2.942995825983151e-20 3.388722915956874e-17 888
53 1.672762284738377e-20 1.913313329442904e-17 584
53.5 7.11526476067528e-21 9.554645167703634e-18 344
54 1.555525759498973e-21 2.128702819127099e-18 102
54.5 1.948401032732073e-21 2.750237249121904e-18 104
55 3.325153447485062e-22 4.380742321441887e-19 24
55.5 3.879904145018902e-23 5.156940884684172e-21 1

0.5 6.406833011886883e-07 2.270236398511202e-08 18
1 3.572804248569561e-08 3.043018479999941e-08 62
1.5 2.5845297245332e-08 6.617938154079117e-08 98
2 3.183268480051556e-08 1.775999286528679e-07 210
2.5 3.624626723045179e-08 2.889404336165413e-07 350
3 3.431825643105923e-08 3.55809496130073e-07 450
3.5 3.994497928750247e-08 4.586545098988211e-07 602
4 4.173348855305973e-08 6.845100134012888e-07 762
4.5 5.183534120608488e-08 1.05566415750621e-06 1142
5 4.77882645032269e-08 1.25062448540041e-06 1250
5.5 4.737473455526769e-08 1.491343901048029e-06 1458
6 4.88335258010391e-08 1.862780047056435e-06 1814
6.5 4.884098308391212e-08 1.97751634831268e-06 2178
7 4.320903398152904e-08 2.25352758969479e-06 2498
7.5 3.759521538376941e-08 2.117122708757479e-06 2622
8 3.915552663186592e-08 2.504257120902849e-06 3338
8.5 3.417450815257355e-08 2.481692824473517e-06 3722
9 3.025250971616752e-08 2.456772173679785e-06 4170
9.5 2.522082771759853e-08 2.223555231207037e-06 4358
10 2.34492306454798e-08 2.302026591518328e-06 5034
10.5 2.09226790905062e-08 2.188801342249519e-06 5714
11 1.698830737784575e-08 1.900292927106987e-06 5982
11.5 1.423486494430347e-08 1.756133726363232e-06 6602
12 1.181569085045944e-08 1.627633447541253e-06 7130
12.5 1.0186832836202e-08 1.430362162881995e-06 8034
13 8.120486133112679e-09 1.291365722492794e-06 8606
13.5 6.508914083230803e-09 1.120936117075977e-06 9066
14 5.41288592426163e-09 9.684694614243012e-07 9962
14.5 4.375939670287464e-09 8.275539052612048e-07 10550
15 3.354796498614958e-09 6.911249239057855e-07 11226
15.5 2.772042393059013e-09 5.793090813317623e-07 12146
16 2.085975738385208e-09 4.766380660370495e-07 12606
16.5 1.673857481861457e-09 3.910855442105825e-07 13802
17 1.304216601522172e-09 3.330391049027214e-07 14754
17.5 1.005947632003227e-09 2.677501321856968e-07 15194
18 7.837622204148123e-10 2.152232096790125e-07 16454
18.5 5.917319497474243e-10 1.72600122521704e-07 17154
19 4.41988848386927e-10 1.369723901837985e-07 18266
19.5 3.376640587282825e-10 1.076808633455998e-07 18750
20 2.60351035510688e-10 8.53513056006393e-08 20234
20.5 1.975516792255475e-10 6.773291698353289e-08 21450
21 1.440184088333795e-10 5.24041360074073e-08 21962
21.5 1.117095907482576e-10 4.098729934661407e-08 23462
22 8.148865225251139e-11 3.116628122850974e-08 24042
22.5 6.278150197480451e-11 2.513405752020137e-08 25946
23 4.441595750582449e-11 1.856190609949711e-08 26118
23.5 3.383344960447239e-11 1.436604773189965e-08 27506
24 2.530699337576142e-11 1.126573571740338e-08 29066
24.5 1.906406112458586e-11 8.69346401241207e-09 30450
25 1.403268584809545e-11 6.588987361305479e-09 31742
25.5 1.023939847598116e-11 4.908510430656557e-09 32250
26 7.836191713098278e-12 3.848257543614811e-09 34250
26.5 5.774759862537446e-12 2.910313591568768e-09 35454
27 4.357480225488936e-12 2.194374127179173e-09 36434
27.5 3.243555814155887e-12 1.698844364804403e-09 37682
28 2.469871634287944e-12 1.335337911578972e-09 39294
28.5 1.892452460160252e-12 1.059188699559648e-09 41426
29 1.413326801674421e-12 7.770444888571566e-10 42066
29.5 1.082212810591733e-12 6.110930532242494e-10 43490
30 8.286224590975153e-13 4.865840314528615e-10 45702
30.5 6.485037886030656e-13 3.723078737381851e-10 46634
31 5.065466369438723e-13 2.937331674054461e-10 48554
31.5 3.877912265519791e-13 2.282778808550542e-10 48870
32 3.038878451627396e-13 1.821075997627415e-10 50963
32.5 2.317633953072912e-13 1.398997822448044e-10 51576
33 1.596321150483231e-13 1.028771348553653e-10 49316
33.5 1.162417378829013e-13 7.649304371754245e-11 49344
34 8.269010346200154e-14 5.476946025021768e-11 47192
34.5 6.02073773399479e-14 4.217774797327641e-11 47576
35 4.200625212475878e-14 2.99997852845724e-11 45348
35.5 3.031183490190904e-14 2.184320734505063e-11 44060
36 2.220321867764402e-14 1.640057917970922e-11 43872
36.5 1.55077640102024e-14 1.184685089627687e-11 41756
37 1.125515572970435e-14 8.73408310088201e-12 41528
37.5 7.893894843229888e-15 6.157448520972774e-12 39300
38 5.578066062701178e-15 4.518461045449959e-12 38276
38.5 3.968332425827476e-15 3.258731528140579e-12 36900
39 2.761551366201786e-15 2.322855486873662e-12 34724
39.5 2.020755124512208e-15 1.708466987042444e-12 33960
40 1.3990609825655e-15 1.203182502395373e-12 32144
40.5 9.91751954802656e-16 8.711275338914222e-13 30704
41 6.87923241336363e-16 6.190571580329767e-13 28896
41.5 4.814294792935233e-16 4.326998069803962e-13 26924
42 3.429422747641601e-16 3.113418326019714e-13 25656
42.5 2.289193287729178e-16 2.084624064173984e-13 23228
43 1.624568535157e-16 1.507730628157711e-13 21816
43.5 1.100525058575426e-16 1.025137460389292e-13 19472
44 7.583193841478903e-17 7.168510596746392e-14 17696
44.5 5.121064694330117e-17 4.805293412653968e-14 15588
45 3.129353884197191e-17 3.12516647457858e-14 13760
45.5 1.972798469400778e-17 1.940124233565824e-14 11565
46 1.20592176294485e-17 1.299515135683968e-14 10016
46.5 7.423373127324148e-18 8.181219315009763e-15 8652
47 4.793914897290302e-18 5.440230049059606e-15 7652
47.5 3.063722150230203e-18 3.432395133979091e-15 6542
48 1.96134200106953e-18 2.138086474977074e-15 5478
48.5 1.343572920465765e-18 1.564363525068479e-15 4886
49 8.273028804503575e-19 8.818970527274297e-16 4068
49.5 4.948728799437318e-19 5.71585764555147e-16 3326
50 3.150839613175334e-19 3.931133175457005e-16 2696
50.5 2.187213411635688e-19 2.404036627614022e-16 2304
51 1.350970686974289e-19 1.598242116406078e-16 1934
51.5 7.500427523114172e-20 9.160986460316337e-17 1344
52 3.669944786579027e-20 4.675292768190771e-17 848
52.5 3.171802084470174e-20 4.035837962113694e-17 888
53 1.920354416972977e-20 2.142459304311565e-17 584
53.5 8.245107479636381e-21 1.165870811888329e-17 344
54 2.035307331049157e-21 2.442315674752002e-18 102
54.5 2.819864723145393e-21 2.650271235566155e-18 104
55 3.839019304827704e-22 5.26299410820899e-19 24
55.5 7.596284669478993e-24 6.268059933514462e-20 1

0.5 2.362112262742227e-07 2.687631461615616e-07 18
1 2.271942746017831e-08 5.66304254046908e-08 62
1.5 2.227036631916937e-08 6.057354440757395e-08 98
2 3.05670143578596e-08 1.484882963770071e-07 210
2.5 3.628821364811258e-08 2.372358169429904e-07 350
3 3.48436796135809e-08 3.228913737050669e-07 450
3.5 3.450508368237727e-08 4.634974209813113e-07 602
4 3.954891033934813e-08 6.580640489331984e-07 762
4.5 4.587195421671437e-08 1.047796693666571e-06 1142
5 4.74489077777496e-08 1.185154176469907e-06 1250
5.5 4.570606646501309e-08 1.463413040920037e-06 1458
6 4.803516496954043e-08 1.807816060902253e-06 1814
6.5 4.69444525019812e-08 1.922840422485447e-06 2178
7 4.296697739384162e-08 2.139963469323272e-06 2498
7.5 3.662103877839816e-08 2.070447135201234e-06 2622
8 3.888078644758272e-08 2.380907328861886e-06 3338
8.5 3.407913593808639e-08 2.353534086791291e-06 3722
9 3.062399779304567e-08 2.316548623551709e-06 4170
9.5 2.387185013309612e-08 2.209962253889428e-06 4358
10 2.408625629055826e-08 2.159706414848054e-06 5034
10.5 2.062682116982117e-08 2.132224859299445e-06 5714
11 1.659422079970288e-08 1.874769291859125e-06 5982
11.5 1.376781166936996e-08 1.731770951107834e-06 6602
12 1.178579947989764e-08 1.55279737153163e-06 7130
12.5 1.014243752883247e-08 1.409579220449493e-06 8034
13 8.101113274922813e-09 1.262602451089234e-06 8606
13.5 6.654700875441004e-09 1.090469335105486e-06 9066
14 5.27014365330894e-09 9.826081826417898e-07 9962
14.5 4.34858102877973e-09 8.218622677911237e-07 10550
15 3.420162160282934e-09 6.711327965849804e-07 11226
15.5 2.667511237744859e-09 6.044685897736513e-07 12146
16 2.084811035555346e-09 4.774731901120119e-07 12606
16.5 1.636156052452653e-09 3.980908426611506e-07 13802
17 1.314654702770292e-09 3.325083840754512e-07 14754
17.5 1.00962096785637e-09 2.682925220393956e-07 15194
18 7.873698247472272e-10 2.165562422083259e-07 16454
18.5 5.937391981578015e-10 1.731893035363481e-07 17154
19 4.512434789794672e-10 1.344628683418049e-07 18266
19.5 3.344970894706524e-10 1.10330556019525e-07 18750
20 2.618103939010708e-10 8.621089246734375e-08 20234
20.5 1.990307766823226e-10 6.891959522415222e-08 21450
21 1.481861071296234e-10 5.214988891410025e-08 21962
21.5 1.123432537707342e-10 4.190680436363875e-08 23462
22 8.254789148503846e-11 3.146028966602966e-08 24042
22.5 6.4051016828348e-11 2.562017558083498e-08 25946
23 4.525906037349156e-11 1.90425440658386e-08 26118
23.5 3.460253441268619e-11 1.472390936408565e-08 27506
24 2.596302393360807e-11 1.150971731632811e-08 29066
24.5 1.963195168463627e-11 8.985850557184475e-09 30450
25 1.4502543103501e-11 6.757434965585096e-09 31742
25.5 1.055193921936423e-11 5.070922204171643e-09 32250
26 8.152422929568032e-12 3.940169037535933e-09 34250
26.5 6.017437277472604e-12 3.01210118873453e-09 35454
27 4.5159637015236e-12 2.290776270697457e-09 36434
27.5 3.345987974448661e-12 1.778512918667535e-09 37682
28 2.604915514339045e-12 1.388228368122192e-09 39294
28.5 1.999714798239828e-12 1.095012970194752e-09 41426
29 1.486120655035464e-12 8.164799637558348e-10 42066
29.5 1.134519114676369e-12 6.451554523258106e-10 43490
30 8.810214980585034e-13 5.099274382051694e-10 45702
30.5 6.801192722400868e-13 3.92242280357896e-10 46634
31 5.259268170457074e-13 3.093731690194608e-10 48554
31.5 4.0724368395436e-13 2.405804492103465e-10 48870
32 3.231387765029613e-13 1.917357500799199e-10 50963
32.5 2.454722986840677e-13 1.491473153162995e-10 51576
33 1.707278081562911e-13 1.085571938871717e-10 49316
33.5 1.243974539403444e-13 8.114330374111415e-11 49344
34 8.675432130589536e-14 5.894272805007507e-11 47192
34.5 6.480017521019841e-14 4.477298976892475e-11 47576
35 4.565596012551329e-14 3.165148701094273e-11 45348
35.5 3.245677770576313e-14 2.347450424427433e-11 44060
36 2.397859129715031e-14 1.769667213244332e-11 43872
36.5 1.665627384893306e-14 1.28032046061274e-11 41756
37 1.217517103019634e-14 9.440834971565548e-12 41528
37.5 8.458708694823749e-15 6.734428867886054e-12 39300
38 6.023503762343625e-15 4.911102592714762e-12 38276
38.5 4.289583658628613e-15 3.534624912430228e-12 36900
39 3.02997795201647e-15 2.492333983067436e-12 34724
39.5 2.169208602443822e-15 1.883676318729541e-12 33960
40 1.514988972188511e-15 1.318621582931326e-12 32144
40.5 1.082972039335626e-15 9.494082276918744e-13 30704
41 7.625776611929566e-16 6.728895665930497e-13 28896
41.5 5.226096825247065e-16 4.755670508767753e-13 26924
42 3.766191530367594e-16 3.391152810623753e-13 25656
42.5 2.464004396025137e-16 2.334266001205507e-13 23228
43 1.779212507290871e-16 1.654990354009162e-13 21816
43.5 1.21503211989169e-16 1.141714829096654e-13 19472
44 8.325986119988344e-17 7.960498021455921e-14 17696
44.5 5.627487938393671e-17 5.367367150045422e-14 15588
45 3.482568774583393e-17 3.501901040642409e-14 13760
45.5 2.133806927387127e-17 2.236124757463459e-14 11565
46 1.371823937366439e-17 1.40799628309816e-14 10016
46.5 8.662667536872774e-18 8.869797914872809e-15 8652
47 5.50215525026268e-18 5.867583581562268e-15 7652
47.5 3.424989080168644e-18 3.871525917127005e-15 6542
48 2.111765382935593e-18 2.429031913196845e-15 5478
48.5 1.484190760298086e-18 1.725701680729414e-15 4886
49 9.196562995252047e-19 1.019799943329925e-15 4068
49.5 5.69410108117076e-19 6.530581134973103e-16 3326
50 3.757090863009595e-19 4.206933653283584e-16 2696
50.5 2.270709687512929e-19 2.912479122884871e-16 2304
51 1.510846384745561e-19 1.786852513969424e-16 1934
51.5 8.659371495532505e-20 1.004732015815376e-16 1344
52 4.369209567400504e-20 5.388219517556885e-17 848
52.5 3.797673373179169e-20 4.545441985321322e-17 888
53 2.184357137541679e-20 2.497253236916631e-17 584
53.5 1.186063809712529e-20 1.088312592892375e-17 344
54 2.084939749539661e-21 2.830215337260606e-18 102
54.5 2.411780060394248e-21 3.66256742583296e-18 104
55 5.734104792102334e-22 7.417834961594733e-19 24
55.5 5.536451034627307e-23 1.198196472933043e-20 1

0.5 3.629878975265048e-08 2.789353601152102e-07 18
1 1.587477798593572e-08 3.502686828730725e-08 62
1.5 1.852541356218189e-08 5.714206119474037e-08 98
2 2.627239994746825e-08 1.198343262137261e-07 210
2.5 3.355589288173341e-08 2.337086452889916e-07 350
3 3.054154955969295e-08 3.135809308960034e-07 450
3.5 3.395942613445588e-08 4.336752989401552e-07 602
4 3.448831827952387e-08 6.742331463964118e-07 762
4.5 4.573619508381057e-08 9.227238422121649e-07 1142
5 4.437341099244276e-08 1.149830226275435e-06 1250
5.5 4.371422268438457e-08 1.405493909582398e-06 1458
6 4.824658686106521e-08 1.664536124945476e-06 1814
6.5 4.348495609818609e-08 1.918957797938663e-06 2178
7 4.237859408333379e-08 1.989545744171121e-06 2498
7.5 3.447139162754564e-08 2.070547762218491e-06 2622
8 3.633894951511536e-08 2.357899427255349e-06 3338
8.5 3.196386364933472e-08 2.342241987792316e-06 3722
9 2.930815390175659e-08 2.305125966114028e-06 4170
9.5 2.423620433443328e-08 2.078396410116774e-06 4358
10 2.25068068213925e-08 2.210510892735099e-06 5034
10.5 2.012121004141854e-08 2.090978631478909e-06 5714
11 1.635000287938401e-08 1.815929123932991e-06 5982
11.5 1.35004574151671e-08 1.697443794722412e-06 6602
12 1.154973862816982e-08 1.537850003875995e-06 7130
12.5 9.733521604566925e-09 1.427042845895854e-06 8034
13 7.969549248100974e-09 1.255793658857602e-06 8606
13.5 6.518574311814247e-09 1.085372355754437e-06 9066
14 5.290821823890746e-09 9.641943742710098e-07 9962
14.5 4.256581811963825e-09 8.309456492285153e-07 10550
15 3.330883216611237e-09 6.882476685397716e-07 11226
15.5 2.731676243629883e-09 5.858286044140876e-07 12146
16 2.108347046556383e-09 4.721429819823046e-07 12606
16.5 1.667551225169789e-09 3.961046962425065e-07 13802
17 1.305056005770274e-09 3.352379096479202e-07 14754
17.5 1.028835235425e-09 2.680424212768162e-07 15194
18 7.881710442929221e-10 2.182741311828516e-07 16454
18.5 6.105670217698892e-10 1.738946205502441e-07 17154
19 4.582807517933995e-10 1.382068582561269e-07 18266
19.5 3.460015283677021e-10 1.095517576882788e-07 18750
20 2.661191642226877e-10 8.755611773315301e-08 20234
20.5 2.051628974560137e-10 6.92572939053081e-08 21450
21 1.490101269061843e-10 5.408151898076979e-08 21962
21.5 1.14620708530776e-10 4.274299894564066e-08 23462
22 8.323666239498895e-11 3.24569871560807e-08 24042
22.5 6.551394022921625e-11 2.657112495750101e-08 25946
23 4.659961295385552e-11 1.934351043161296e-08 26118
23.5 3.533866437251413e-11 1.515247433552879e-08 27506
24 2.667639578374623e-11 1.18121699049361e-08 29066
24.5 2.023243746852578e-11 9.26332933559836e-09 30450
25 1.491898671085331e-11 6.978972989363241e-09 31742
25.5 1.093894598324351e-11 5.25314409970357e-09 32250
26 8.400002840476852e-12 4.099157321147702e-09 34250
26.5 6.229045642658753e-12 3.123308908497714e-09 35454
27 4.700441636000136e-12 2.380717162265839e-09 36434
27.5 3.501599187598512e-12 1.842891881562567e-09 37682
28 2.723804501866501e-12 1.451528599552074e-09 39294
28.5 2.100035762861107e-12 1.133396639954353e-09 41426
29 1.537990961457406e-12 8.657989701161537e-10 42066
29.5 1.189479006149159e-12 6.749244404400325e-10 43490
30 9.353094946643544e-13 5.34094422936801e-10 45702
30.5 7.152626631918424e-13 4.134824143754627e-10 46634
31 5.585022915089873e-13 3.27659550576163e-10 48554
31.5 4.318821603401898e-13 2.558499106044282e-10 48870
32 3.423304593005214e-13 2.031067287042006e-10 50963
32.5 2.597663832120251e-13 1.588098607659068e-10 51576
33 1.844589886058341e-13 1.136621570764208e-10 49316
33.5 1.342687120980799e-13 8.634757978193585e-11 49344
34 9.348254530751655e-14 6.317997369259053e-11 47192
34.5 6.969138367348693e-14 4.81042679849877e-11 47576
35 4.895433676146865e-14 3.421898912135007e-11 45348
35.5 3.491810204530643e-14 2.54168555198948e-11 44060
36 2.590065005057337e-14 1.896529651297391e-11 43872
36.5 1.799964552008845e-14 1.384608273096168e-11 41756
37 1.327960036692866e-14 1.011051801339559e-11 41528
37.5 9.278589062046991e-15 7.247478515469693e-12 39300
38 6.57482000818109e-15 5.37438856716674e-12 38276
38.5 4.704327727406118e-15 3.823364061961939e-12 36900
39 3.282080678100134e-15 2.729841484348136e-12 34724
39.5 2.403728852928765e-15 2.031630209877886e-12 33960
40 1.655502542092411e-15 1.439873232133548e-12 32144
40.5 1.177908403417519e-15 1.042747563806764e-12 30704
41 8.397888309191847e-16 7.385584144760805e-13 28896
41.5 5.804233361456823e-16 5.18225833634597e-13 26924
42 4.091347866265715e-16 3.757045528361638e-13 25656
42.5 2.785165697660284e-16 2.54314369649253e-13 23228
43 2.002826175649353e-16 1.801017168933512e-13 21816
43.5 1.35565471014046e-16 1.261579448478567e-13 19472
44 9.088161159200156e-17 8.973254713429881e-14 17696
44.5 6.118181565857453e-17 6.078961600423365e-14 15588
45 3.882428831162187e-17 3.883284407444481e-14 13760
45.5 2.430485300907529e-17 2.423364409051069e-14 11565
46 1.523150791618587e-17 1.552446523809715e-14 10016
46.5 9.66036903110576e-18 1.000116534030138e-14 8652
47 6.317599800720764e-18 6.569598313630949e-15 7652
47.5 3.894574033051049e-18 4.288312143884303e-15 6542
48 2.464912968894227e-18 2.703818902108635e-15 5478
48.5 1.670718055737682e-18 1.897069571983822e-15 4886
49 9.919453697201562e-19 1.202658549515062e-15 4068
49.5 6.365018399505511e-19 7.396911598657842e-16 3326
50 3.977924534664881e-19 4.831078005277105e-16 2696
50.5 2.735718145325337e-19 3.107887702525305e-16 2304
51 1.740402313230604e-19 2.054869355678096e-16 1934
51.5 9.50573607811129e-20 1.205934464674444e-16 1344
52 5.118274494544888e-20 6.087242951743152e-17 848
52.5 4.389858856497286e-20 4.938445015698338e-17 888
53 2.48249070153913e-20 2.852853317925185e-17 584
53.5 1.164304025102831e-20 1.576066724039858e-17 344
54 3.010209250392604e-21 2.979061938109552e-18 102
54.5 3.40550700609412e-21 3.436586087777921e-18 104
55 5.995521214516208e-22 6.509387516414763e-19 24
55.5 1.7528009224214e-23 3.041716804087072e-20 1

0.5 4.335138724045482e-07 9.990891644227182e-08 18
1 3.118713278332304e-08 3.305822424686083e-08 62
1.5 3.229907791485321e-08 5.399565039474472e-08 98
2 2.933733216702196e-08 1.236636587848119e-07 210
2.5 3.693806959697579e-08 2.335148571398815e-07 350
3 3.239984249396992e-08 3.078331019677115e-07 450
3.5 3.283923975474741e-08 3.975032311188416e-07 602
4 3.794455055088604e-08 5.522194928939067e-07 762
4.5 4.295252502594311e-08 8.876985172757685e-07 1142
5 4.327181177913637e-08 1.091236908781809e-06 1250
5.5 4.322252286183888e-08 1.315324156090152e-06 1458
6 4.459515735008978e-08 1.645786273317037e-06 1814
6.5 4.252943003676257e-08 1.828839184281362e-06 2178
7 4.069755089330572e-08 1.940146448240943e-06 2498
7.5 3.474965448244824e-08 1.977139376630097e-06 2622
8 3.572097949179057e-08 2.255849616766751e-06 3338
8.5 3.152928237961836e-08 2.271869814908812e-06 3722
9 2.862272792871915e-08 2.237105359003415e-06 4170
9.5 2.362696169483745e-08 2.074754331718734e-06 4358
10 2.316946145260671e-08 2.092416312290712e-06 5034
10.5 2.020334552090076e-08 2.01453940255501e-06 5714
11 1.605680920692737e-08 1.80109141989912e-06 5982
11.5 1.318772123770566e-08 1.718764325283523e-06 6602
12 1.147007390397622e-08 1.525217458979462e-06 7130
12.5 9.722222344061804e-09 1.445887823079248e-06 8034
13 8.031703855909978e-09 1.265070141699794e-06 8606
13.5 6.586668999695023e-09 1.086428318952495e-06 9066
14 5.44515037525395e-09 9.598988998353257e-07 9962
14.5 4.338483707399323e-09 8.302534318801901e-07 10550
15 3.411714781551229e-09 6.962476702236287e-07 11226
15.5 2.779903973419677e-09 6.021707539839017e-07 12146
16 2.12445304077756e-09 4.919791199054191e-07 12606
16.5 1.705357193677593e-09 4.154091285301249e-07 13802
17 1.350069268087598e-09 3.445512715432833e-07 14754
17.5 1.048644983538734e-09 2.809900534667435e-07 15194
18 8.139081301920778e-10 2.290299897500424e-07 16454
18.5 6.255269576477595e-10 1.824529611498713e-07 17154
19 4.760965953549598e-10 1.461583322395738e-07 18266
19.5 3.644558157021235e-10 1.136533273398723e-07 18750
20 2.765842981898869e-10 9.308672910715175e-08 20234
20.5 2.132617374454578e-10 7.369511841385411e-08 21450
21 1.571787732329201e-10 5.707869151610626e-08 21962
21.5 1.202576446524368e-10 4.524583364020123e-08 23462
22 8.787272911139473e-11 3.412515848237344e-08 24042
22.5 6.889167489781412e-11 2.780999431307533e-08 25946
23 4.958650512058436e-11 2.051292147808001e-08 26118
23.5 3.733786350091832e-11 1.590898652037192e-08 27506
24 2.835789976142053e-11 1.228999809586082e-08 29066
24.5 2.115475928492806e-11 9.812298310421987e-09 30450
25 1.579698864526158e-11 7.351945693312884e-09 31742
25.5 1.161631774025878e-11 5.51285353039644e-09 32250
26 8.924448230354807e-12 4.326478271352831e-09 34250
26.5 6.606333963593693e-12 3.337436858512522e-09 35454
27 4.929999717079188e-12 2.554694593862602e-09 36434
27.5 3.743407608907072e-12 1.940746393121291e-09 37682
28 2.885522875873727e-12 1.543226888106267e-09 39294
28.5 2.242173628865244e-12 1.208601813337384e-09 41426
29 1.641116646668397e-12 9.237364671390813e-10 42066
29.5 1.28126970168301e-12 7.178572983110746e-10 43490
30 1.000967811566277e-12 5.68358377301739e-10 45702
30.5 7.679192871820233e-13 4.411896716119337e-10 46634
31 6.040228683241295e-13 3.480636374807197e-10 48554
31.5 4.670596800376456e-13 2.745442098439217e-10 48870
32 3.673386794171524e-13 2.175415135521952e-10 50963
32.5 2.805849203737775e-13 1.700441541278429e-10 51576
33 1.963292151623491e-13 1.239585813530783e-10 49316
33.5 1.433129805421273e-13 9.378351037824624e-11 49344
34 1.013204529150188e-13 6.827069962004312e-11 47192
34.5 7.564938668681132e-14 5.242251932773543e-11 47576
35 5.257107111300108e-14 3.734799657607629e-11 45348
35.5 3.842573486463561e-14 2.726587883901375e-11 44060
36 2.806004547124064e-14 2.070083144199512e-11 43872
36.5 1.969536028448019e-14 1.497278690892456e-11 41756
37 1.447549232475193e-14 1.107582862316891e-11 41528
37.5 1.007441010530203e-14 7.878060250732017e-12 39300
38 7.214193290282145e-15 5.819025493450858e-12 38276
38.5 5.167147370299985e-15 4.207950534018418e-12 36900
39 3.576134984709892e-15 2.995321046554531e-12 34724
39.5 2.669987303345374e-15 2.212822455549113e-12 33960
40 1.841741379255293e-15 1.567460373199888e-12 32144
40.5 1.294872562471586e-15 1.147123393114035e-12 30704
41 9.239060708529203e-16 8.155399794767068e-13 28896
41.5 6.354387097784912e-16 5.712727682371819e-13 26924
42 4.50857035467724e-16 4.127912699080115e-13 25656
42.5 3.079946055253614e-16 2.789692088349542e-13 23228
43 2.201445719356873e-16 1.994289414836245e-13 21816
43.5 1.489308952800848e-16 1.404755287949942e-13 19472
44 1.026176428546947e-16 9.875650751670754e-14 17696
44.5 6.885635806537193e-17 6.602002728577897e-14 15588
45 4.386480377535341e-17 4.280387539520242e-14 13760
45.5 2.640218287286845e-17 2.716519709225352e-14 11565
46 1.663343786208748e-17 1.732674553206595e-14 10016
46.5 1.073051179836115e-17 1.117087582646855e-14 8652
47 6.981857098296801e-18 7.35300262077254e-15 7652
47.5 4.378504444625318e-18 4.818193751809365e-15 6542
48 2.720774225322677e-18 3.03703817793642e-15 5478
48.5 1.856315915236658e-18 2.130528847839773e-15 4886
49 1.171297215657053e-18 1.300347041369351e-15 4068
49.5 7.033700201429901e-19 8.148388576909577e-16 3326
50 4.602763866297416e-19 5.203845500127737e-16 2696
50.5 2.992912074350894e-19 3.557948894349009e-16 2304
51 1.993288779698187e-19 2.340931728765286e-16 1934
51.5 1.109403270427653e-19 1.293307178044e-16 1344
52 6.003593925626425e-20 7.121477392162049e-17 848
52.5 5.134262492320731e-20 5.446528383392307e-17 888
53 2.989361537596265e-20 3.15975684426665e-17 584
53.5 1.412001018608715e-20 1.836936190534912e-17 344
54 2.560236427898312e-21 3.932972603330352e-18 102
54.5 3.054502718359253e-21 4.031958429605678e-18 104
55 5.860123831488184e-22 9.74956476422852e-19 24
55.5 9.308023635898391e-23 8.880730223714932e-21 1

0.5 3.578275990575971e-07 1.650822943588073e-07 18
1 2.067706015323991e-08 2.771971597372481e-08 62
1.5 1.949632013678584e-08 5.726743528826488e-08 98
2 2.322976880478789e-08 9.308941278050017e-08 210
2.5 3.061679261681039e-08 2.071761391629859e-07 350
3 2.999433998913729e-08 2.569399694753538e-07 450
3.5 3.111963956832428e-08 3.664760906227752e-07 602
4 3.24622180636674e-08 5.512369230230865e-07 762
4.5 3.909650081086698e-08 8.68092005034435e-07 1142
5 4.024871567002312e-08 1.062455093700036e-06 1250
5.5 4.262026178816983e-08 1.211901306833285e-06 1458
6 4.419364002169628e-08 1.498161399464934e-06 1814
6.5 4.363921420837472e-08 1.664947443190185e-06 2178
7 3.733890615250158e-08 1.91766200658094e-06 2498
7.5 3.437072924276741e-08 1.881716584495922e-06 2622
8 3.525474472584408e-08 2.156870720383641e-06 3338
8.5 3.121217163978899e-08 2.173105127121557e-06 3722
9 2.764666251332822e-08 2.200673335015712e-06 4170
9.5 2.31065500269256e-08 2.008351623253035e-06 4358
10 2.156009375224674e-08 2.112519707241315e-06 5034
10.5 1.94559757783434e-08 2.010653040910487e-06 5714
11 1.550767714667364e-08 1.784732546789791e-06 5982
11.5 1.322613914025882e-08 1.662065491821083e-06 6602
12 1.112862931124707e-08 1.515370169573976e-06 7130
12.5 9.475195278141861e-09 1.42750576813901e-06 8034
13 7.79948506844596e-09 1.26255170194272e-06 8606
13.5 6.541591855753663e-09 1.071867780289992e-06 9066
14 5.36520421311407e-09 9.550637753569507e-07 9962
14.5 4.325191912380158e-09 8.156155025897493e-07 10550
15 3.378635251916358e-09 6.86078656589239e-07 11226
15.5 2.765158721436982e-09 5.931317030550568e-07 12146
16 2.114700121570804e-09 4.846402981252166e-07 12606
16.5 1.695792792419878e-09 4.099798907432967e-07 13802
17 1.36165082421834e-09 3.345357007236673e-07 14754
17.5 1.054830076437834e-09 2.76304533217575e-07 15194
18 8.166012247147011e-10 2.27251593785641e-07 16454
18.5 6.27960547933538e-10 1.808785405267529e-07 17154
19 4.768700076792018e-10 1.444582358224704e-07 18266
19.5 3.628701514553985e-10 1.137207487384718e-07 18750
20 2.785602186355725e-10 9.25966066058524e-08 20234
20.5 2.164044711762091e-10 7.281490451671513e-08 21450
21 1.591742262041467e-10 5.68302559872911e-08 21962
21.5 1.205033128587512e-10 4.548011808743542e-08 23462
22 8.948967971517804e-11 3.411213632390282e-08 24042
22.5 7.039878009801011e-11 2.776252693262943e-08 25946
23 4.969181734493247e-11 2.079955685536135e-08 26118
23.5 3.773971239416428e-11 1.631285418580574e-08 27506
24 2.874418044644861e-11 1.245672756794556e-08 29066
24.5 2.165209638317519e-11 9.982849219000558e-09 30450
25 1.599082604203755e-11 7.575602869144981e-09 31742
25.5 1.190185972631413e-11 5.681975312590037e-09 32250
26 9.220207824420823e-12 4.428641934220127e-09 34250
26.5 6.859361643139186e-12 3.433664240913341e-09 35454
27 5.157179773052432e-12 2.632993575342812e-09 36434
27.5 3.854462508784579e-12 2.018722876147512e-09 37682
28 3.02511827944267e-12 1.607850205314757e-09 39294
28.5 2.340118554741282e-12 1.266425311787212e-09 41426
29 1.733709537727377e-12 9.597682722299555e-10 42066
29.5 1.339561197435715e-12 7.493706511633737e-10 43490
30 1.05162754423033e-12 5.9767126684455e-10 45702
30.5 8.016730425201067e-13 4.671598342028152e-10 46634
31 6.361275764773121e-13 3.668879398856699e-10 48554
31.5 4.892409807656511e-13 2.921425566857353e-10 48870
32 3.856609450313523e-13 2.309340698639912e-10 50963
32.5 2.941561378822888e-13 1.815394064396187e-10 51576
33 2.103045829091025e-13 1.310504748357938e-10 49316
33.5 1.520425569371557e-13 9.921799882307582e-11 49344
34 1.072314093311764e-13 7.277679540028653e-11 47192
34.5 8.017640459750058e-14 5.562836967670195e-11 47576
35 5.629881788819502e-14 3.957352832803519e-11 45348
35.5 4.096656158111554e-14 2.894002775288209e-11 44060
36 3.000082290926543e-14 2.203362376235576e-11 43872
36.5 2.122300260406408e-14 1.578181233149971e-11 41756
37 1.527713751357543e-14 1.198699434329249e-11 41528
37.5 1.080809050045504e-14 8.563674237052937e-12 39300
38 7.775648353716988e-15 6.267347044119383e-12 38276
38.5 5.573044293814737e-15 4.52593268680717e-12 36900
39 3.891446553430291e-15 3.188348001334272e-12 34724
39.5 2.88036558001455e-15 2.398762888957246e-12 33960
40 1.984600591376324e-15 1.692488028611311e-12 32144
40.5 1.415938091111986e-15 1.223631374215814e-12 30704
41 1.002054753188599e-15 8.760256625010321e-13 28896
41.5 6.914341229532282e-16 6.112389195280808e-13 26924
42 4.890288909010335e-16 4.506061759201893e-13 25656
42.5 3.328592455905923e-16 3.060343629172757e-13 23228
43 2.393093554453563e-16 2.21414822802556e-13 21816
43.5 1.61401542163306e-16 1.550110157456781e-13 19472
44 1.118484442268518e-16 1.086742086197089e-13 17696
44.5 7.496161752594129e-17 7.294944232073475e-14 15588
45 4.756705097416434e-17 4.741549573261208e-14 13760
45.5 2.983334092087832e-17 2.992905932222627e-14 11565
46 1.862907562687947e-17 1.873289843801714e-14 10016
46.5 1.1947516511371e-17 1.218319112578387e-14 8652
47 7.628021948501542e-18 8.108934542741461e-15 7652
47.5 4.86577537587346e-18 5.242771834659729e-15 6542
48 3.040147512398457e-18 3.307799888437103e-15 5478
48.5 2.066625782422538e-18 2.30633976654014e-15 4886
49 1.270900651480305e-18 1.414079509769359e-15 4068
49.5 8.198787898954723e-19 8.868166699720057e-16 3326
50 5.236226475058584e-19 5.549609983534112e-16 2696
50.5 3.415603533909421e-19 3.894304893319292e-16 2304
51 2.127221270772382e-19 2.679387419950835e-16 1934
51.5 1.251569178675598e-19 1.481736679744009e-16 1344
52 6.805004767996209e-20 8.114019854807886e-17 848
52.5 5.52625595997889e-20 6.689701522901518e-17 888
53 2.944393136719084e-20 3.724409293265137e-17 584
53.5 1.773626025178264e-20 1.888614279162466e-17 344
54 4.026420720530048e-21 4.099325508455167e-18 102
54.5 3.564441682696653e-21 4.589860290369017e-18 104
55 8.202254437116756e-22 8.10977048409434e-19 24
55.5 2.11101705970136e-23 4.530331374483677e-20 1

0.5 1.988429656563859e-08 2.871817699481801e-07 18
1 1.429828071435787e-08 3.672077908409043e-08 62
1.5 1.460453562813549e-08 5.991058847480813e-08 98
2 2.174862944398927e-08 1.058143299913527e-07 210
2.5 2.840518069185072e-08 2.088327823511612e-07 350
3 2.758519196922746e-08 2.370087033845948e-07 450
3.5 2.880491027017665e-08 3.585488346877643e-07 602
4 2.903792480146287e-08 5.759207439868759e-07 762
4.5 3.918168225943955e-08 8.030799772888013e-07 1142
5 3.849551372747453e-08 1.025666778986532e-06 1250
5.5 3.852918116424105e-08 1.231389414601235e-06 1458
6 4.042797727610488e-08 1.550272242517342e-06 1814
6.5 3.909481939179048e-08 1.725988854599031e-06 2178
7 3.776971821858545e-08 1.783827858771839e-06 2498
7.5 3.36960911671941e-08 1.811935392639583e-06 2622
8 3.35550105076206e-08 2.130979889380461e-06 3338
8.5 3.101981298441561e-08 2.106611824284704e-06 3722
9 2.695888824124347e-08 2.139542631767157e-06 4170
9.5 2.260945478786243e-08 1.952917397512545e-06 4358
10 2.174465152864667e-08 2.042460798495746e-06 5034
10.5 1.880241114189543e-08 1.973951928691174e-06 5714
11 1.520951740354245e-08 1.74613105903925e-06 5982
11.5 1.331142694114319e-08 1.590645598643201e-06 6602
12 1.100585338788943e-08 1.487561570467045e-06 7130
12.5 9.326479641516181e-09 1.403288772441793e-06 8034
13 7.864313194049028e-09 1.217554851520138e-06 8606
13.5 6.304865828819218e-09 1.075611228188725e-06 9066
14 5.38086491717378e-09 9.298666647322719e-07 9962
14.5 4.269580100187775e-09 8.013496863675405e-07 10550
15 3.335386720177155e-09 6.852859265017498e-07 11226
15.5 2.732234312179868e-09 6.017031528412344e-07 12146
16 2.119816551426541e-09 4.853287733031311e-07 12606
16.5 1.679006071337171e-09 4.148275548742905e-07 13802
17 1.309096285779139e-09 3.461993498927756e-07 14754
17.5 1.045665842047205e-09 2.780905507509712e-07 15194
18 8.077209757730155e-10 2.318954881068426e-07 16454
18.5 6.210754413594884e-10 1.828407773740148e-07 17154
19 4.764703196704384e-10 1.473676131540822e-07 18266
19.5 3.613059200828187e-10 1.166333578073561e-07 18750
20 2.826403399528153e-10 9.243359657706017e-08 20234
20.5 2.185202272770749e-10 7.386918647477519e-08 21450
21 1.608101153612425e-10 5.704954956634375e-08 21962
21.5 1.229997106853981e-10 4.57522254330598e-08 23462
22 8.8590850881029e-11 3.534562141201719e-08 24042
22.5 7.015333882012629e-11 2.868565561698931e-08 25946
23 5.055395965285495e-11 2.103928172799292e-08 26118
23.5 3.870286520172824e-11 1.634028653456161e-08 27506
24 2.912966306834631e-11 1.28120633649474e-08 29066
24.5 2.21522193255332e-11 1.013625278340005e-08 30450
25 1.64977848828209e-11 7.717732236468256e-09 31742
25.5 1.215617183025746e-11 5.765758754386468e-09 32250
26 9.346453743142843e-12 4.569763593241699e-09 34250
26.5 7.053073476622392e-12 3.528961123946997e-09 35454
27 5.283601499817175e-12 2.713758292851468e-09 36434
27.5 3.993417470023303e-12 2.077612599803986e-09 37682
28 3.086806478524032e-12 1.663187806366401e-09 39294
28.5 2.417983004113663e-12 1.296806790120987e-09 41426
29 1.791584552649609e-12 9.876424296301078e-10 42066
29.5 1.383843632630955e-12 7.822930633764947e-10 43490
30 1.08209108731147e-12 6.256541373721781e-10 45702
30.5 8.402970138260538e-13 4.82094216899169e-10 46634
31 6.595902218184119e-13 3.868863506118446e-10 48554
31.5 5.150335528764686e-13 3.011387361607903e-10 48870
32 4.049988302784793e-13 2.42830943765655e-10 50963
32.5 3.098274485211552e-13 1.900787833925414e-10 51576
33 2.19162207252351e-13 1.393439284018642e-10 49316
33.5 1.608874880410253e-13 1.048023899065587e-10 49344
34 1.139527488408909e-13 7.625792729146666e-11 47192
34.5 8.431976266365166e-14 5.891168001140817e-11 47576
35 5.985225986181509e-14 4.18970795465985e-11 45348
35.5 4.31978776121879e-14 3.099647753083366e-11 44060
36 3.210748115928926e-14 2.349004024900649e-11 43872
36.5 2.25811304985211e-14 1.688431208466738e-11 41756
37 1.651203841955609e-14 1.274488095686761e-11 41528
37.5 1.154642649372095e-14 9.130238645625805e-12 39300
38 8.379364002698613e-15 6.745094525411923e-12 38276
38.5 6.043546403776981e-15 4.811638346331267e-12 36900
39 4.197114046288546e-15 3.464465042092612e-12 34724
39.5 3.056083886079274e-15 2.608147801381377e-12 33960
40 2.126309968327179e-15 1.851174880557018e-12 32144
40.5 1.53261015022575e-15 1.32954288496609e-12 30704
41 1.088998828683308e-15 9.435308849745209e-13 28896
41.5 7.400285605730315e-16 6.648481415354241e-13 26924
42 5.325128194446991e-16 4.855975988674281e-13 25656
42.5 3.631893423380478e-16 3.340948831006497e-13 23228
43 2.639704462965349e-16 2.4148541866585e-13 21816
43.5 1.772867191553482e-16 1.695461547195264e-13 19472
44 1.253548388654408e-16 1.170256103131508e-13 17696
44.5 8.198955016317394e-17 8.016648669582597e-14 15588
45 5.244751768383205e-17 5.162341297906412e-14 13760
45.5 3.204235173253008e-17 3.354487312488675e-14 11565
46 2.034450470530117e-17 2.089472617442853e-14 10016
46.5 1.28764566532165e-17 1.402846802371695e-14 8652
47 8.572254422133065e-18 8.811962346529679e-15 7652
47.5 5.424658150936298e-18 5.741568623892634e-15 6542
48 3.426080981727404e-18 3.715925326272193e-15 5478
48.5 2.24219037700228e-18 2.648638553834396e-15 4886
49 1.351203868033254e-18 1.59212368212505e-15 4068
49.5 8.617096566545501e-19 1.035912200140701e-15 3326
50 5.527235671183502e-19 6.670178074250803e-16 2696
50.5 3.711681227754505e-19 4.481330695361699e-16 2304
51 2.427190068542626e-19 2.966084558062053e-16 1934
51.5 1.396466973840337e-19 1.712911579804479e-16 1344
52 7.387391036858396e-20 9.312945800733317e-17 848
52.5 5.946570844832939e-20 7.45978705095497e-17 888
53 3.330617922158756e-20 4.324186925576303e-17 584
53.5 1.915735495222938e-20 2.388360625560441e-17 344
54 4.39921961830182e-21 6.044026488961273e-18 102
54.5 4.11711367679143e-21 4.839685977867686e-18 104
55 1.008813046555377e-21 1.137977864376897e-18 24
55.5 5.89029936193172e-23 2.42018282137436e-20 1

0.5 2.962928455544878e-07 1.531409181591706e-07 18
1 3.234737617958264e-08 3.678605290050348e-08 62
1.5 1.82556983578581e-08 5.682589967278298e-08 98
2 2.376821695935098e-08 9.74516496109495e-08 210
2.5 2.617157595270535e-08 1.917173108136376e-07 350
3 2.415068471252809e-08 2.758142817078634e-07 450
3.5 2.702418017456998e-08 3.757678638872921e-07 602
4 3.097650473040124e-08 5.103960798243686e-07 762
4.5 3.746046400397582e-08 7.64287984794288e-07 1142
5 3.735074633137174e-08 9.778455108417465e-07 1250
5.5 3.752532842067947e-08 1.175255256066907e-06 1458
6 4.039285701388055e-08 1.438816270300845e-06 1814
6.5 3.791183900623183e-08 1.646873572106044e-06 2178
7 3.527291689643839e-08 1.735579793264517e-06 2498
7.5 3.285161944453038e-08 1.747661312279683e-06 2622
8 3.268100942817899e-08 2.079084965504024e-06 3338
8.5 2.91642720074076e-08 2.119607468415898e-06 3722
9 2.659668410999592e-08 2.057618924578012e-06 4170
9.5 2.24421923877647e-08 1.903708690789992e-06 4358
10 2.083771266902669e-08 2.03288267127767e-06 5034
10.5 1.850102063759572e-08 1.936527538052996e-06 5714
11 1.500054461256306e-08 1.739107934100539e-06 5982
11.5 1.287397070617785e-08 1.626494488747162e-06 6602
12 1.065190976066252e-08 1.509793432400993e-06 7130
12.5 9.399210489221249e-09 1.392329012528853e-06 8034
13 7.78757371663176e-09 1.210330451686847e-06 8606
13.5 6.260461032455016e-09 1.080517889550535e-06 9066
14 5.185919399111644e-09 9.750007466384919e-07 9962
14.5 4.221126000472223e-09 8.142753542458916e-07 10550
15 3.356167392046439e-09 6.888267204265109e-07 11226
15.5 2.808048628835275e-09 6.018685144197342e-07 12146
16 2.159210458632943e-09 4.909422688616976e-07 12606
16.5 1.718454810633011e-09 4.206939200244862e-07 13802
17 1.367841309580357e-09 3.469474417107896e-07 14754
17.5 1.057080368079912e-09 2.865847652054688e-07 15194
18 8.507188923835929e-10 2.346633825668115e-07 16454
18.5 6.352998544306551e-10 1.88437362843724e-07 17154
19 4.909873511274404e-10 1.527663085247761e-07 18266
19.5 3.698942121620699e-10 1.22431122216873e-07 18750
20 2.920449270281086e-10 9.652890777142677e-08 20234
20.5 2.252754488375234e-10 7.837157177345793e-08 21450
21 1.664593895990237e-10 6.0374599619169e-08 21962
21.5 1.289459662527247e-10 4.814452152661692e-08 23462
22 9.49297500572213e-11 3.652121780514209e-08 24042
22.5 7.494296098101324e-11 3.018167129854262e-08 25946
23 5.38112350825567e-11 2.190549004663124e-08 26118
23.5 4.027601365375087e-11 1.746827516133413e-08 27506
24 3.108473304856601e-11 1.347317955573034e-08 29066
24.5 2.370945177576993e-11 1.072884357262148e-08 30450
25 1.737170221704013e-11 8.269573240463657e-09 31742
25.5 1.296064296402779e-11 6.084141869142896e-09 32250
26 9.984901065182631e-12 4.835272654590323e-09 34250
26.5 7.503679558279371e-12 3.79283169249508e-09 35454
27 5.630855177546497e-12 2.921522191148169e-09 36434
27.5 4.212606398836616e-12 2.237767750653636e-09 37682
28 3.300287594069855e-12 1.765901334051759e-09 39294
28.5 2.55575718783231e-12 1.390629086454775e-09 41426
29 1.932586715735975e-12 1.053800851301333e-09 42066
29.5 1.492886707551958e-12 8.310845167315532e-10 43490
30 1.171999818469889e-12 6.608086521634204e-10 45702
30.5 8.874075507117218e-13 5.195212201491081e-10 46634
31 7.111587127453206e-13 4.104140301483762e-10 48554
31.5 5.494035221778503e-13 3.228607591223811e-10 48870
32 4.329011291167993e-13 2.604300870970907e-10 50963
32.5 3.319994672025707e-13 2.02839704734123e-10 51576
33 2.376074536920733e-13 1.484160328851799e-10 49316
33.5 1.725743938177978e-13 1.136972580813623e-10 49344
34 1.218238262671505e-13 8.266518709635186e-11 47192
34.5 9.244396889809465e-14 6.248791854626891e-11 47576
35 6.380758573923126e-14 4.552406682078449e-11 45348
35.5 4.69762225255135e-14 3.334209430022963e-11 44060
36 3.437841049480596e-14 2.554299154463787e-11 43872
36.5 2.411112712490967e-14 1.822788878377492e-11 41756
37 1.771289136090439e-14 1.385677970401601e-11 41528
37.5 1.254558255704392e-14 9.856412863486232e-12 39300
38 9.174215310573373e-15 7.251764196332599e-12 38276
38.5 6.502430859412779e-15 5.266216467379447e-12 36900
39 4.572722131320964e-15 3.769739296729628e-12 34724
39.5 3.335687573870882e-15 2.813733006769707e-12 33960
40 2.331511857461734e-15 2.026384516807652e-12 32144
40.5 1.68439281966209e-15 1.450936767481254e-12 30704
41 1.168066854371734e-15 1.041377452730061e-12 28896
41.5 8.057400721871462e-16 7.353483410567355e-13 26924
42 5.860888373835328e-16 5.295733358392726e-13 25656
42.5 3.978791832113573e-16 3.667887440762614e-13 23228
43 2.871324955450433e-16 2.664524746970304e-13 21816
43.5 1.958382091669833e-16 1.84744714917843e-13 19472
44 1.360956526045904e-16 1.29942290304383e-13 17696
44.5 9.125303984201944e-17 8.761672325737126e-14 15588
45 5.813802450262111e-17 5.730874583449472e-14 13760
45.5 3.594689013684646e-17 3.651687377518351e-14 11565
46 2.238457030358721e-17 2.310034910183063e-14 10016
46.5 1.442986633380587e-17 1.540378300365138e-14 8652
47 9.440996456005166e-18 9.952822432658535e-15 7652
47.5 6.120299104820978e-18 6.285715203591207e-15 6542
48 3.711135275899279e-18 4.153574320162408e-15 5478
48.5 2.497929845080496e-18 2.970683506744141e-15 4886
49 1.54868844082429e-18 1.715876566192274e-15 4068
49.5 9.605123207255194e-19 1.181829287079798e-15 3326
50 6.115649833622522e-19 7.42920674416551e-16 2696
50.5 4.481572858280489e-19 4.753300057607216e-16 2304
51 2.634057868643181e-19 3.486502825152241e-16 1934
51.5 1.513744977354228e-19 1.918399045612978e-16 1344
52 8.332845631122499e-20 9.302895339411231e-17 848
52.5 7.276353772800282e-20 8.293376218093244e-17 888
53 3.894491239889239e-20 4.53913936320844e-17 584
53.5 2.053680329260517e-20 2.626581978515378e-17 344
54 5.159169415722049e-21 6.519800752254074e-18 102
54.5 4.562469295130945e-21 5.801011952232722e-18 104
55 1.242634665832434e-21 1.331387341110087e-18 24
55.5 3.302894061647574e-23 3.853419710987396e-20 1

0.5 4.429002541897469e-07 4.434839736762972e-08 18
1 2.127257132211804e-08 3.470623078937496e-08 62
1.5 1.308834292507281e-08 6.256756192113235e-08 98
2 1.916715177379515e-08 1.073661884288191e-07 210
2.5 2.578871471078995e-08 1.657636575602587e-07 350
3 2.298606887002241e-08 2.632296808472082e-07 450
3.5 2.547274356349184e-08 3.4588151370584e-07 602
4 2.919994715644624e-08 4.852696115852873e-07 762
4.5 3.722038549669651e-08 7.585525722921319e-07 1142
5 3.606851719324327e-08 8.888382332404319e-07 1250
5.5 3.515725164977346e-08 1.121273072602936e-06 1458
6 3.963108404685097e-08 1.369557900723181e-06 1814
6.5 3.699317561285633e-08 1.54682367671091e-06 2178
7 3.465808815204091e-08 1.640472627046267e-06 2498
7.5 3.127002800673585e-08 1.700770748530385e-06 2622
8 3.278269974628694e-08 1.905528363916628e-06 3338
8.5 2.839990464616267e-08 2.071889982483626e-06 3722
9 2.572533783796791e-08 2.032087505888795e-06 4170
9.5 2.149712107027584e-08 1.892961027044168e-06 4358
10 2.024194976615573e-08 1.988759733278577e-06 5034
10.5 1.822417991189231e-08 1.884652155798882e-06 5714
11 1.494616574986502e-08 1.683718608654273e-06 5982
11.5 1.244892521722591e-08 1.600906721728589e-06 6602
12 1.078693588933987e-08 1.440061637107027e-06 7130
12.5 9.233838424069419e-09 1.385741938257862e-06 8034
13 7.83217734076136e-09 1.17445828114676e-06 8606
13.5 6.268239303440256e-09 1.058070044310434e-06 9066
14 5.255733608410117e-09 9.360831947809566e-07 9962
14.5 4.168395220974264e-09 8.105432995392174e-07 10550
15 3.334171476049981e-09 6.85403377726703e-07 11226
15.5 2.779747681516481e-09 5.967111393436449e-07 12146
16 2.187195630409361e-09 4.845903153119446e-07 12606
16.5 1.76345674222774e-09 4.099481035794737e-07 13802
17 1.373148863861339e-09 3.452907286317424e-07 14754
17.5 1.065354272320883e-09 2.843335575329403e-07 15194
18 8.579538802533084e-10 2.343244187562421e-07 16454
18.5 6.389418319014842e-10 1.880088106112511e-07 17154
19 4.962443200419098e-10 1.509170786174893e-07 18266
19.5 3.754520097302836e-10 1.20865891309388e-07 18750
20 2.931896332189787e-10 9.622259441290437e-08 20234
20.5 2.253764260301169e-10 7.881382412796713e-08 21450
21 1.659465500675837e-10 6.027313250617486e-08 21962
21.5 1.298082740005274e-10 4.771151363770159e-08 23462
22 9.480408839523464e-11 3.673969570509977e-08 24042
22.5 7.585735303960479e-11 2.968592922486618e-08 25946
23 5.321215186854471e-11 2.229061115320117e-08 26118
23.5 4.102220837961462e-11 1.746693560393548e-08 27506
24 3.118931542837565e-11 1.373672144327506e-08 29066
24.5 2.38794428762823e-11 1.08563903195115e-08 30450
25 1.770204146781409e-11 8.366294408579562e-09 31742
25.5 1.307618187538597e-11 6.215746314693523e-09 32250
26 1.012525024832304e-11 4.965959706664966e-09 34250
26.5 7.709225287461506e-12 3.891461401079475e-09 35454
27 5.813792923423983e-12 2.966683708115656e-09 36434
27.5 4.332353959903962e-12 2.28941320757823e-09 37682
28 3.408234368192424e-12 1.826344428848771e-09 39294
28.5 2.654174330993764e-12 1.439673037983759e-09 41426
29 1.982863083486277e-12 1.098891497179244e-09 42066
29.5 1.55948812522362e-12 8.69190111317037e-10 43490
30 1.212979598247632e-12 6.984184270154314e-10 45702
30.5 9.340087427801356e-13 5.406796469240393e-10 46634
31 7.378177540337617e-13 4.342323441734756e-10 48554
31.5 5.779269034613162e-13 3.392962991404538e-10 48870
32 4.590869337094511e-13 2.747466372929298e-10 50963
32.5 3.500230581397056e-13 2.130092491324156e-10 51576
33 2.483817617027547e-13 1.574357744373481e-10 49316
33.5 1.833813666430537e-13 1.202915488157479e-10 49344
34 1.296918072321669e-13 8.714481253719214e-11 47192
34.5 9.677015968665537e-14 6.748269015479365e-11 47576
35 6.798484122026324e-14 4.786367560579345e-11 45348
35.5 4.942628893150815e-14 3.580778732243684e-11 44060
36 3.67049180053927e-14 2.707051210864712e-11 43872
36.5 2.579023211441981e-14 1.943980261247133e-11 41756
37 1.898970910953823e-14 1.474178148305304e-11 41528
37.5 1.331078088286252e-14 1.066222437130498e-11 39300
38 9.761661935869147e-15 7.811515564662462e-12 38276
38.5 6.925213180049754e-15 5.711803862735443e-12 36900
39 4.859816369843611e-15 4.111027996346616e-12 34724
39.5 3.608171913030419e-15 2.99127475041275e-12 33960
40 2.51574765473255e-15 2.152740571757789e-12 32144
40.5 1.814888204293014e-15 1.569169590664297e-12 30704
41 1.269984668397099e-15 1.109415177499542e-12 28896
41.5 8.788661321233364e-16 7.820144766045358e-13 26924
42 6.36575688024016e-16 5.749600221422091e-13 25656
42.5 4.346640425855046e-16 3.951649823736418e-13 23228
43 3.137775863265036e-16 2.881629005534491e-13 21816
43.5 2.138428094761432e-16 1.978513217916156e-13 19472
44 1.480304019196865e-16 1.417499927942789e-13 17696
44.5 9.925677798890467e-17 9.582160914025031e-14 15588
45 6.398999510319529e-17 6.224050203431702e-14 13760
45.5 3.926075315615664e-17 3.999830328794542e-14 11565
46 2.507085379514289e-17 2.507627937027416e-14 10016
46.5 1.583043684512099e-17 1.664655858560665e-14 8652
47 9.995277171285889e-18 1.114635606984385e-14 7652
47.5 6.498765168340322e-18 7.107151460444432e-15 6542
48 4.166513579033549e-18 4.512111329186577e-15 5478
48.5 2.789083379665474e-18 3.227541674441714e-15 4886
49 1.674015280582943e-18 1.963247800284787e-15 4068
49.5 1.128459209786478e-18 1.252469664541165e-15 3326
50 6.934999405008215e-19 8.047497505661427e-16 2696
50.5 4.846512371721623e-19 5.362612052332072e-16 2304
51 3.064207641306199e-19 3.856083055484691e-16 1934
51.5 1.716237451325481e-19 2.047950924982955e-16 1344
52 9.487243278213106e-20 9.997184878500972e-17 848
52.5 8.066736091707578e-20 9.368901510846948e-17 888
53 4.472147382447342e-20 4.763711841069895e-17 584
53.5 2.515232327348271e-20 2.719087074088595e-17 344
54 5.876712287675264e-21 5.805241251867386e-18 102
54.5 4.994797316001691e-21 5.715466967104962e-18 104
55 1.165072677043111e-21 1.595351829736177e-18 24
55.5 3.626131031217492e-23 9.307199165821454e-21 1

0.5 6.04411488562758e-08 2.371099967309736e-07 18
1 1.241334711600925e-08 2.98218116199516e-08 62
1.5 1.428255779460744e-08 4.51308397152827e-08 98
2 1.88599218757574e-08 9.595478822323531e-08 210
2.5 2.020687704101427e-08 1.509928060921131e-07 350
3 2.299372950845531e-08 2.379692220601055e-07 450
3.5 2.609163155432404e-08 3.155147964470878e-07 602
4 2.670336848053901e-08 4.727334019719132e-07 762
4.5 3.658539259672262e-08 7.219983893802026e-07 1142
5 3.30160362796456e-08 9.115630889443637e-07 1250
5.5 3.516088017960779e-08 1.043467760482414e-06 1458
6 3.646703087843266e-08 1.353817001526277e-06 1814
6.5 3.602541477249508e-08 1.476357100460295e-06 2178
7 3.330317842547372e-08 1.638221377832017e-06 2498
7.5 3.005144723208658e-08 1.660273979709607e-06 2622
8 3.07379541380348e-08 1.933008887788167e-06 3338
8.5 2.890108422774951e-08 1.915432771226747e-06 3722
9 2.530364597806613e-08 1.962677728402078e-06 4170
9.5 2.161717371765437e-08 1.807413413708899e-06 4358
10 2.009028936127818e-08 1.916819347133397e-06 5034
10.5 1.768516418240623e-08 1.874768235843285e-06 5714
11 1.431950136596029e-08 1.688202507056185e-06 5982
11.5 1.228761071312086e-08 1.56295687905601e-06 6602
12 1.066646272508086e-08 1.426368016690008e-06 7130
12.5 9.142207350285772e-09 1.36235384773043e-06 8034
13 7.620418890548675e-09 1.178614401281045e-06 8606
13.5 6.25182366474e-09 1.030530719017555e-06 9066
14 5.218131575669726e-09 9.269556990596851e-07 9962
14.5 4.199639146460719e-09 7.980780892669333e-07 10550
15 3.334508624947843e-09 6.799129108799594e-07 11226
15.5 2.762618870732888e-09 5.955710609354831e-07 12146
16 2.158961297922395e-09 4.875263612204308e-07 12606
16.5 1.709482691240806e-09 4.166361933617359e-07 13802
17 1.368719123575842e-09 3.438114018314575e-07 14754
17.5 1.073675535427698e-09 2.797847276167519e-07 15194
18 8.447476829907715e-10 2.380743355293917e-07 16454
18.5 6.511785307604262e-10 1.866277261922275e-07 17154
19 5.033848907696185e-10 1.484960844050694e-07 18266
19.5 3.846136236445469e-10 1.19338010575498e-07 18750
20 2.951510112858381e-10 9.664427307993955e-08 20234
20.5 2.257210459858065e-10 7.924044797168489e-08 21450
21 1.673990740178759e-10 6.106119936455569e-08 21962
21.5 1.286925575417631e-10 4.896816590908087e-08 23462
22 9.530389764872026e-11 3.713280549863962e-08 24042
22.5 7.581882930045058e-11 3.046368496884655e-08 25946
23 5.428620611863764e-11 2.256394894288026e-08 26118
23.5 4.195297356786389e-11 1.756702968196903e-08 27506
24 3.19371109726085e-11 1.380859162462962e-08 29066
24.5 2.437428207429244e-11 1.09651265529506e-08 30450
25 1.802830591735973e-11 8.447097673761438e-09 31742
25.5 1.340155806183073e-11 6.26365752381624e-09 32250
26 1.022220387719654e-11 5.093881891209981e-09 34250
26.5 7.863757801639422e-12 3.955304400045382e-09 35454
27 5.987630300619825e-12 3.008203770348883e-09 36434
27.5 4.471164022028393e-12 2.324360579805311e-09 37682
28 3.525442569270344e-12 1.85237184688686e-09 39294
28.5 2.737581665333636e-12 1.469579159736878e-09 41426
29 2.0428808620536e-12 1.126289218564376e-09 42066
29.5 1.59878570504237e-12 8.933850952341314e-10 43490
30 1.253158391277702e-12 7.152158511843899e-10 45702
30.5 9.702364563905945e-13 5.540851799690015e-10 46634
31 7.598474284464805e-13 4.484442183926788e-10 48554
31.5 5.936663842801868e-13 3.526297510193124e-10 48870
32 4.755982909137667e-13 2.847915180338965e-10 50963
32.5 3.641711078224303e-13 2.238946215844297e-10 51576
33 2.604319171396811e-13 1.636584338895923e-10 49316
33.5 1.920706480763455e-13 1.244469886469422e-10 49344
34 1.356046792738969e-13 9.09168774460261e-11 47192
34.5 1.023653984786089e-13 6.96263601876339e-11 47576
35 7.160870345436724e-14 5.010583880957828e-11 45348
35.5 5.184918489750931e-14 3.764458344708143e-11 44060
36 3.8511930056319e-14 2.845448590361446e-11 43872
36.5 2.705787004584881e-14 2.066525955794292e-11 41756
37 2.021267923856879e-14 1.550643456153505e-11 41528
37.5 1.420864464816548e-14 1.108200741589482e-11 39300
38 1.030967093633218e-14 8.283561846856952e-12 38276
38.5 7.345562376202468e-15 6.042258542767278e-12 36900
39 5.265986650491262e-15 4.3084080604611e-12 34724
39.5 3.829162994651014e-15 3.176930696099291e-12 33960
40 2.704915151605833e-15 2.274172673448029e-12 32144
40.5 1.932817958088384e-15 1.69070078304275e-12 30704
41 1.344895384584498e-15 1.204947275254571e-12 28896
41.5 9.510534862541306e-16 8.305068960324338e-13 26924
42 6.794278818830394e-16 6.227876433630324e-13 25656
42.5 4.718690938570565e-16 4.269683691557104e-13 23228
43 3.372417026644648e-16 3.108889786746193e-13 21816
43.5 2.280766181378875e-16 2.158405903133755e-13 19472
44 1.634000604407303e-16 1.502544666121998e-13 17696
44.5 1.067106927667586e-16 1.038741374093114e-13 15588
45 6.896331458698668e-17 6.753439884572632e-14 13760
45.5 4.336189805964397e-17 4.271015399385939e-14 11565
46 2.634336531364811e-17 2.774200127795847e-14 10016
46.5 1.747224110103979e-17 1.781410494093048e-14 8652
47 1.094939832728469e-17 1.221781333204455e-14 7652
47.5 7.172436810838155e-18 7.882358856101326e-15 6542
48 4.644852354041298e-18 4.935689247846012e-15 5478
48.5 3.15096010260995e-18 3.524630970533385e-15 4886
49 1.856863281049968e-18 2.12479544524301e-15 4068
49.5 1.221450566307159e-18 1.393958004341164e-15 3326
50 7.607913548121196e-19 8.80888830336956e-16 2696
50.5 5.037513352145113e-19 6.290635257000068e-16 2304
51 3.415408055265002e-19 4.154201119255604e-16 1934
51.5 1.936134184780855e-19 2.259738342461065e-16 1344
52 1.027121388056228e-19 1.155081013244919e-16 848
52.5 8.600167884785899e-20 1.035506073632008e-16 888
53 4.76700466615022e-20 5.516397475272463e-17 584
53.5 2.495340403684362e-20 3.192078516745707e-17 344
54 5.487284619479954e-21 6.944387992641178e-18 102
54.5 4.753086017812549e-21 7.552106221004937e-18 104
55 1.407595930813556e-21 1.153198267496655e-18 24
55.5 7.188469056251159e-26 1.382182852672139e-20 1

